Date,Open,High,Low,Close
2016-01-04,24.719999313354492,25.790000915527344,21.34000015258789,21.93000030517578
2016-01-05,21.729999542236328,22.09000015258789,19.079999923706055,19.3700008392334
2016-01-06,22.3700008392334,22.770000457763672,20.110000610351562,20.600000381469727
2016-01-07,24.15999984741211,27.579999923706055,23.6299991607666,26.190000534057617
2016-01-08,23.0,28.299999237060547,22.579999923706055,27.979999542236328
2016-01-11,26.68000030517578,28.34000015258789,23.469999313354492,24.209999084472656
2016-01-12,23.059999465942383,23.75,21.420000076293945,22.299999237060547
2016-01-13,21.479999542236328,26.8700008392334,21.079999923706055,25.56999969482422
2016-01-14,25.209999084472656,27.530000686645508,23.68000030517578,24.6299991607666
2016-01-15,32.099998474121094,35.470001220703125,28.959999084472656,29.600000381469727
2016-01-19,28.829999923706055,32.52000045776367,28.43000030517578,30.43000030517578
2016-01-20,34.119998931884766,38.54999923706055,31.270000457763672,32.849998474121094
2016-01-21,32.400001525878906,33.66999816894531,28.200000762939453,29.989999771118164
2016-01-22,26.170000076293945,26.290000915527344,22.549999237060547,22.59000015258789
2016-01-25,25.030000686645508,26.31999969482422,23.479999542236328,26.040000915527344
2016-01-26,25.75,26.0,24.059999465942383,24.25
2016-01-27,25.219999313354492,26.850000381469727,23.510000228881836,24.510000228881836
2016-01-28,23.399999618530273,25.260000228881836,22.790000915527344,23.399999618530273
2016-01-29,22.469999313354492,22.479999542236328,18.850000381469727,19.3700008392334
2016-02-01,21.6200008392334,22.299999237060547,19.25,19.68000030517578
2016-02-02,21.59000015258789,23.059999465942383,21.350000381469727,22.190000534057617
2016-02-03,21.709999084472656,25.200000762939453,21.670000076293945,22.350000381469727
2016-02-04,23.209999084472656,23.969999313354492,21.559999465942383,21.75
2016-02-05,21.700000762939453,23.8700008392334,21.559999465942383,22.959999084472656
2016-02-08,26.56999969482422,28.8799991607666,25.989999771118164,26.399999618530273
2016-02-09,29.780000686645508,30.280000686645508,26.010000228881836,26.84000015258789
2016-02-10,25.639999389648438,26.25,23.959999084472656,25.530000686645508
2016-02-11,29.56999969482422,30.040000915527344,27.15999984741211,27.360000610351562
2016-02-12,26.0,26.489999771118164,22.149999618530273,22.709999084472656
2016-02-16,23.959999084472656,24.610000610351562,21.559999465942383,21.809999465942383
2016-02-17,20.979999542236328,21.540000915527344,20.06999969482422,20.270000457763672
2016-02-18,20.25,20.700000762939453,18.709999084472656,19.530000686645508
2016-02-19,20.56999969482422,21.149999618530273,18.18000030517578,18.219999313354492
2016-02-22,19.540000915527344,19.700000762939453,17.799999237060547,18.389999389648438
2016-02-23,19.040000915527344,21.15999984741211,18.65999984741211,20.690000534057617
2016-02-24,22.59000015258789,23.34000015258789,20.469999313354492,20.719999313354492
2016-02-25,20.469999313354492,21.3700008392334,17.790000915527344,17.790000915527344
2016-02-26,17.690000534057617,19.219999313354492,17.690000534057617,18.559999465942383
2016-02-29,20.56999969482422,20.780000686645508,18.770000457763672,20.360000610351562
2016-03-01,19.600000381469727,20.0,16.920000076293945,17.040000915527344
2016-03-02,17.549999237060547,18.18000030517578,15.029999732971191,15.779999732971191
2016-03-03,16.239999771118164,16.739999771118164,15.529999732971191,15.90999984741211
2016-03-04,15.829999923706055,16.719999313354492,14.859999656677246,15.859999656677246
2016-03-07,18.600000381469727,18.739999771118164,17.139999389648438,17.65999984741211
2016-03-08,19.329999923706055,19.729999542236328,18.450000762939453,19.170000076293945
2016-03-09,19.200000762939453,19.950000762939453,18.719999313354492,18.790000915527344
2016-03-10,18.329999923706055,19.860000610351562,16.979999542236328,17.65999984741211
2016-03-11,16.3700008392334,16.719999313354492,15.180000305175781,15.199999809265137
2016-03-14,16.540000915527344,17.190000534057617,15.65999984741211,15.989999771118164
2016-03-15,16.969999313354492,17.25,16.209999084472656,16.459999084472656
2016-03-16,17.200000762939453,17.200000762939453,14.020000457763672,14.069999694824219
2016-03-17,14.399999618530273,14.399999618530273,12.4399995803833,13.050000190734863
2016-03-18,12.760000228881836,13.0,12.319999694824219,12.470000267028809
2016-03-21,14.010000228881836,14.270000457763672,12.470000267028809,12.770000457763672
2016-03-22,13.890000343322754,14.119999885559082,12.640000343322754,13.140000343322754
2016-03-23,13.470000267028809,13.899999618530273,13.170000076293945,13.359999656677246
2016-03-24,15.270000457763672,15.420000076293945,12.329999923706055,12.350000381469727
2016-03-28,14.59000015258789,15.079999923706055,13.5,14.069999694824219
2016-03-29,14.699999809265137,14.9399995803833,12.0600004196167,12.170000076293945
2016-03-30,12.149999618530273,12.34000015258789,11.390000343322754,11.869999885559082
2016-03-31,12.09000015258789,12.789999961853027,11.670000076293945,12.25
2016-04-01,13.819999694824219,13.84000015258789,10.720000267028809,10.920000076293945
2016-04-04,12.399999618530273,12.890000343322754,11.819999694824219,12.5
2016-04-05,14.229999542236328,14.529999732971191,13.479999542236328,13.960000038146973
2016-04-06,14.430000305175781,14.6899995803833,12.149999618530273,12.5600004196167
2016-04-07,14.09000015258789,16.149999618530273,13.399999618530273,15.199999809265137
2016-04-08,14.09000015258789,14.529999732971191,12.970000267028809,13.59000015258789
2016-04-11,14.279999732971191,15.600000381469727,13.640000343322754,15.59000015258789
2016-04-12,15.199999809265137,16.020000457763672,13.710000038146973,13.710000038146973
2016-04-13,13.59000015258789,13.59000015258789,12.300000190734863,12.449999809265137
2016-04-14,12.760000228881836,12.90999984741211,11.84000015258789,12.319999694824219
2016-04-15,12.520000457763672,12.979999542236328,12.180000305175781,12.199999809265137
2016-04-18,14.5,14.5,12.699999809265137,12.859999656677246
2016-04-19,12.960000038146973,13.760000228881836,12.6899995803833,12.859999656677246
2016-04-20,12.40999984741211,13.039999961853027,12.1899995803833,12.800000190734863
2016-04-21,12.899999618530273,13.630000114440918,12.779999732971191,13.180000305175781
2016-04-22,13.289999961853027,13.430000305175781,11.729999542236328,11.930000305175781
2016-04-25,14.069999694824219,14.489999771118164,13.529999732971191,13.619999885559082
2016-04-26,13.539999961853027,14.0600004196167,13.140000343322754,13.5
2016-04-27,14.119999885559082,14.640000343322754,12.420000076293945,12.8100004196167
2016-04-28,13.760000228881836,15.050000190734863,12.180000305175781,14.550000190734863
2016-04-29,15.329999923706055,17.06999969482422,14.770000457763672,14.789999961853027
2016-05-02,15.850000381469727,15.899999618530273,13.59000015258789,13.770000457763672
2016-05-03,15.479999542236328,16.3700008392334,14.600000381469727,15.170000076293945
2016-05-04,16.280000686645508,16.719999313354492,15.319999694824219,15.470000267028809
2016-05-05,15.399999618530273,16.15999984741211,15.020000457763672,15.369999885559082
2016-05-06,15.670000076293945,15.739999771118164,13.199999809265137,13.380000114440918
2016-05-09,14.850000381469727,14.979999542236328,13.510000228881836,13.859999656677246
2016-05-10,13.1899995803833,13.319999694824219,12.75,12.800000190734863
2016-05-11,12.710000038146973,13.75,12.550000190734863,13.75
2016-05-12,13.010000228881836,15.15999984741211,12.90999984741211,13.460000038146973
2016-05-13,13.75,14.680000305175781,12.65999984741211,14.149999618530273
2016-05-16,15.90999984741211,15.90999984741211,13.239999771118164,13.59000015258789
2016-05-17,14.0,15.930000305175781,13.5,15.109999656677246
2016-05-18,15.449999809265137,16.5,14.149999618530273,15.34000015258789
2016-05-19,16.31999969482422,17.479999542236328,15.279999732971191,15.279999732971191
2016-05-20,14.65999984741211,14.65999984741211,12.619999885559082,12.729999542236328
2016-05-23,14.489999771118164,14.489999771118164,13.149999618530273,13.600000381469727
2016-05-24,13.170000076293945,13.220000267028809,11.75,11.90999984741211
2016-05-25,11.729999542236328,11.75,11.239999771118164,11.40999984741211
2016-05-26,11.40999984741211,11.829999923706055,10.460000038146973,10.460000038146973
2016-05-27,10.6899995803833,11.15999984741211,9.729999542236328,9.770000457763672
2016-05-31,11.65999984741211,13.050000190734863,11.449999809265137,11.850000381469727
2016-06-01,12.859999656677246,13.260000228881836,11.600000381469727,11.609999656677246
2016-06-02,12.510000228881836,12.729999542236328,10.989999771118164,11.010000228881836
2016-06-03,11.470000267028809,12.270000457763672,9.970000267028809,10.109999656677246
2016-06-06,11.680000305175781,12.010000228881836,11.029999732971191,11.260000228881836
2016-06-07,11.270000457763672,11.649999618530273,10.979999542236328,11.5600004196167
2016-06-08,11.539999961853027,11.680000305175781,10.609999656677246,10.890000343322754
2016-06-09,12.050000190734863,12.420000076293945,11.899999618530273,12.229999542236328
2016-06-10,14.220000267028809,16.3700008392334,14.109999656677246,15.829999923706055
2016-06-13,19.940000534057617,23.1299991607666,19.170000076293945,22.940000534057617
2016-06-14,24.90999984741211,25.459999084472656,21.969999313354492,23.350000381469727
2016-06-15,23.450000762939453,23.719999313354492,18.709999084472656,22.600000381469727
2016-06-16,24.860000610351562,26.940000534057617,21.479999542236328,21.889999389648438
2016-06-17,22.15999984741211,22.809999465942383,21.209999084472656,22.0
2016-06-20,20.510000228881836,22.59000015258789,19.610000610351562,22.209999084472656
2016-06-21,21.899999618530273,23.1299991607666,21.450000762939453,22.469999313354492
2016-06-22,22.969999313354492,27.93000030517578,22.190000534057617,27.860000610351562
2016-06-23,22.959999084472656,23.559999465942383,20.889999389648438,21.1299991607666
2016-06-24,29.889999389648438,31.34000015258789,23.34000015258789,30.709999084472656
2016-06-27,30.040000915527344,30.860000610351562,24.079999923706055,25.059999465942383
2016-06-28,22.1200008392334,22.1200008392334,18.739999771118164,19.079999923706055
2016-06-29,17.639999389648438,17.729999542236328,14.970000267028809,15.859999656677246
2016-06-30,15.220000267028809,15.5,12.859999656677246,14.050000190734863
2016-07-01,13.109999656677246,13.170000076293945,11.819999694824219,11.850000381469727
2016-07-05,14.729999542236328,15.329999923706055,14.020000457763672,14.1899995803833
2016-07-06,15.4399995803833,16.190000534057617,13.149999618530273,13.180000305175781
2016-07-07,13.210000038146973,14.369999885559082,12.489999771118164,13.109999656677246
2016-07-08,11.739999771118164,12.069999694824219,11.149999618530273,11.430000305175781
2016-07-11,12.210000038146973,12.760000228881836,11.979999542236328,12.229999542236328
2016-07-12,11.600000381469727,12.869999885559082,11.600000381469727,12.25
2016-07-13,12.319999694824219,12.609999656677246,10.90999984741211,11.109999656677246
2016-07-14,11.760000228881836,11.770000457763672,10.609999656677246,10.930000305175781
2016-07-15,10.65999984741211,10.90999984741211,9.710000038146973,10.260000228881836
2016-07-18,11.680000305175781,11.729999542236328,10.930000305175781,10.989999771118164
2016-07-19,11.260000228881836,11.800000190734863,10.960000038146973,11.020000457763672
2016-07-20,10.800000190734863,11.09000015258789,10.239999771118164,10.430000305175781
2016-07-21,10.800000190734863,12.239999771118164,10.40999984741211,11.5
2016-07-22,11.329999923706055,11.579999923706055,10.020000457763672,10.220000267028809
2016-07-25,12.039999961853027,13.09000015258789,11.869999885559082,11.930000305175781
2016-07-26,12.239999771118164,12.90999984741211,11.829999923706055,11.979999542236328
2016-07-27,11.699999809265137,13.09000015258789,11.180000305175781,11.609999656677246
2016-07-28,11.84000015258789,12.539999961853027,11.319999694824219,11.789999961853027
2016-07-29,11.140000343322754,11.5,9.899999618530273,10.010000228881836
2016-08-01,11.329999923706055,11.970000267028809,10.720000267028809,11.100000381469727
2016-08-02,11.550000190734863,13.529999732971191,11.470000267028809,12.350000381469727
2016-08-03,12.649999618530273,13.020000457763672,11.100000381469727,11.289999961853027
2016-08-04,11.029999732971191,11.460000038146973,10.430000305175781,10.800000190734863
2016-08-05,9.920000076293945,9.960000038146973,9.0,9.180000305175781
2016-08-08,10.649999618530273,10.649999618530273,10.050000190734863,10.100000381469727
2016-08-09,9.869999885559082,10.779999732971191,9.359999656677246,10.489999771118164
2016-08-10,10.40999984741211,11.270000457763672,10.279999732971191,10.680000305175781
2016-08-11,10.319999694824219,10.539999961853027,9.670000076293945,9.739999771118164
2016-08-12,10.420000076293945,10.420000076293945,9.260000228881836,9.539999961853027
2016-08-15,10.4399995803833,10.449999809265137,9.619999885559082,9.720000267028809
2016-08-16,10.34000015258789,11.210000038146973,10.220000267028809,10.869999885559082
2016-08-17,10.979999542236328,13.210000038146973,10.569999694824219,10.760000228881836
2016-08-18,10.850000381469727,11.15999984741211,9.710000038146973,9.899999618530273
2016-08-19,10.369999885559082,10.989999771118164,9.25,9.399999618530273
2016-08-22,11.979999542236328,12.140000343322754,10.710000038146973,10.949999809265137
2016-08-23,10.390000343322754,11.380000114440918,10.180000305175781,11.369999885559082
2016-08-24,11.579999923706055,13.8100004196167,11.430000305175781,12.670000076293945
2016-08-25,13.34000015258789,13.529999732971191,12.210000038146973,12.770000457763672
2016-08-26,12.65999984741211,14.09000015258789,10.380000114440918,12.100000381469727
2016-08-29,13.319999694824219,13.34000015258789,11.100000381469727,11.140000343322754
2016-08-30,10.850000381469727,11.899999618530273,10.850000381469727,11.210000038146973
2016-08-31,11.300000190734863,13.09000015258789,11.199999809265137,11.640000343322754
2016-09-01,11.779999732971191,13.789999961853027,11.569999694824219,11.890000343322754
2016-09-02,9.710000038146973,10.140000343322754,9.020000457763672,9.100000381469727
2016-09-06,10.470000267028809,11.180000305175781,9.899999618530273,9.979999542236328
2016-09-07,10.229999542236328,10.529999732971191,9.800000190734863,9.800000190734863
2016-09-08,10.640000343322754,11.149999618530273,10.479999542236328,10.989999771118164
2016-09-09,12.9399995803833,18.799999237060547,12.920000076293945,18.780000686645508
2016-09-12,23.360000610351562,23.510000228881836,15.579999923706055,16.030000686645508
2016-09-13,17.709999084472656,21.399999618530273,17.530000686645508,19.549999237060547
2016-09-14,19.579999923706055,19.8799991607666,17.559999465942383,19.3799991607666
2016-09-15,18.93000030517578,19.1299991607666,16.389999389648438,17.0
2016-09-16,17.31999969482422,17.860000610351562,15.270000457763672,15.270000457763672
2016-09-19,15.779999732971191,16.950000762939453,15.239999771118164,16.309999465942383
2016-09-20,15.899999618530273,17.3799991607666,15.770000457763672,17.219999313354492
2016-09-21,16.1299991607666,17.8799991607666,12.630000114440918,12.829999923706055
2016-09-22,11.449999809265137,11.65999984741211,10.4399995803833,10.789999961853027
2016-09-23,11.350000381469727,11.960000038146973,10.760000228881836,11.390000343322754
2016-09-26,14.449999809265137,15.819999694824219,13.960000038146973,15.670000076293945
2016-09-27,15.920000076293945,15.920000076293945,12.699999809265137,12.800000190734863
2016-09-28,12.5,13.470000267028809,11.529999732971191,11.720000267028809
2016-09-29,12.029999732971191,16.940000534057617,11.210000038146973,14.710000038146973
2016-09-30,13.369999885559082,14.3100004196167,11.649999618530273,12.369999885559082
2016-10-03,13.930000305175781,14.270000457763672,12.800000190734863,13.0
2016-10-04,12.550000190734863,14.449999809265137,11.949999809265137,12.949999809265137
2016-10-05,12.380000114440918,12.529999732971191,11.59000015258789,12.029999732971191
2016-10-06,12.430000305175781,13.039999961853027,11.40999984741211,11.470000267028809
2016-10-07,11.319999694824219,13.15999984741211,11.229999542236328,11.470000267028809
2016-10-10,11.279999732971191,11.430000305175781,10.569999694824219,10.8100004196167
2016-10-11,11.529999732971191,15.34000015258789,11.529999732971191,13.34000015258789
2016-10-12,13.619999885559082,14.270000457763672,12.609999656677246,13.15999984741211
2016-10-13,15.199999809265137,16.059999465942383,13.680000305175781,14.069999694824219
2016-10-14,12.520000457763672,13.380000114440918,11.890000343322754,12.9399995803833
2016-10-17,14.380000114440918,14.989999771118164,13.6899995803833,13.8100004196167
2016-10-18,12.859999656677246,13.300000190734863,12.130000114440918,12.449999809265137
2016-10-19,11.770000457763672,12.260000228881836,11.359999656677246,11.970000267028809
2016-10-20,12.09000015258789,12.300000190734863,11.029999732971191,11.069999694824219
2016-10-21,11.9399995803833,12.100000381469727,10.5600004196167,10.680000305175781
2016-10-24,11.079999923706055,11.569999694824219,11.0,11.350000381469727
2016-10-25,11.729999542236328,12.520000457763672,11.569999694824219,11.899999618530273
2016-10-26,13.109999656677246,13.609999656677246,12.229999542236328,12.579999923706055
2016-10-27,12.5600004196167,14.619999885559082,12.5600004196167,14.59000015258789
2016-10-28,14.869999885559082,18.639999389648438,13.800000190734863,16.690000534057617
2016-10-31,19.229999542236328,20.90999984741211,18.920000076293945,20.190000534057617
2016-11-01,20.739999771118164,25.760000228881836,20.729999542236328,22.860000610351562
2016-11-02,24.149999618530273,24.8799991607666,23.25,24.15999984741211
2016-11-03,24.1200008392334,28.770000457763672,24.0,27.899999618530273
2016-11-04,27.950000762939453,29.790000915527344,27.209999084472656,28.81999969482422
2016-11-07,25.989999771118164,25.989999771118164,23.420000076293945,24.670000076293945
2016-11-08,26.360000610351562,26.719999313354492,22.540000915527344,25.309999465942383
2016-11-09,20.18000030517578,20.280000686645508,15.359999656677246,15.359999656677246
2016-11-10,14.119999885559082,17.31999969482422,13.100000381469727,14.119999885559082
2016-11-11,14.539999961853027,15.699999809265137,12.680000305175781,12.84000015258789
2016-11-14,13.930000305175781,14.380000114440918,12.300000190734863,12.510000228881836
2016-11-15,12.180000305175781,12.1899995803833,10.15999984741211,10.640000343322754
2016-11-16,11.4399995803833,11.510000228881836,9.300000190734863,9.520000457763672
2016-11-17,9.470000267028809,9.75,8.979999542236328,9.380000114440918
2016-11-18,9.600000381469727,9.619999885559082,8.609999656677246,8.630000114440918
2016-11-21,10.1899995803833,10.390000343322754,9.470000267028809,10.0
2016-11-22,10.039999961853027,10.729999542236328,9.970000267028809,10.199999809265137
2016-11-23,10.4399995803833,10.869999885559082,9.880000114440918,10.0600004196167
2016-11-25,10.920000076293945,11.09000015258789,10.329999923706055,10.430000305175781
2016-11-28,12.760000228881836,12.890000343322754,12.1899995803833,12.859999656677246
2016-11-29,13.050000190734863,13.670000076293945,12.210000038146973,12.640000343322754
2016-11-30,12.260000228881836,13.510000228881836,12.050000190734863,13.229999542236328
2016-12-01,13.25,15.130000114440918,13.210000038146973,13.960000038146973
2016-12-02,14.140000343322754,14.210000038146973,12.800000190734863,13.640000343322754
2016-12-05,12.970000267028809,13.029999732971191,11.40999984741211,11.40999984741211
2016-12-06,10.90999984741211,11.430000305175781,10.420000076293945,10.84000015258789
2016-12-07,10.609999656677246,11.890000343322754,9.949999809265137,11.789999961853027
2016-12-08,11.140000343322754,13.050000190734863,10.890000343322754,12.920000076293945
2016-12-09,12.460000038146973,12.770000457763672,10.960000038146973,11.100000381469727
2016-12-12,12.1899995803833,12.609999656677246,12.140000343322754,12.25
2016-12-13,12.020000457763672,13.449999809265137,12.020000457763672,12.25
2016-12-14,12.649999618530273,13.09000015258789,11.59000015258789,12.84000015258789
2016-12-15,12.5,12.90999984741211,11.529999732971191,11.850000381469727
2016-12-16,11.779999732971191,11.989999771118164,10.619999885559082,10.670000076293945
2016-12-19,11.380000114440918,11.40999984741211,9.90999984741211,9.949999809265137
2016-12-20,9.979999542236328,9.989999771118164,9.640000343322754,9.850000381469727
2016-12-21,9.420000076293945,9.800000190734863,9.3100004196167,9.329999923706055
2016-12-22,9.369999885559082,9.869999885559082,9.119999885559082,9.34000015258789
2016-12-23,9.600000381469727,9.640000343322754,8.890000343322754,8.979999542236328
2016-12-27,10.069999694824219,10.3100004196167,9.9399995803833,10.220000267028809
2016-12-28,10.15999984741211,11.529999732971191,10.079999923706055,11.220000267028809
2016-12-29,11.649999618530273,12.210000038146973,11.220000267028809,11.640000343322754
2016-12-30,11.729999542236328,14.119999885559082,11.5600004196167,12.680000305175781
2017-01-03,13.630000114440918,13.6899995803833,11.970000267028809,11.989999771118164
2017-01-04,11.489999771118164,11.670000076293945,10.380000114440918,10.680000305175781
2017-01-05,10.890000343322754,10.9399995803833,9.65999984741211,9.949999809265137
2017-01-06,9.699999809265137,9.9399995803833,9.0600004196167,9.1899995803833
2017-01-09,10.34000015258789,10.510000228881836,9.4399995803833,9.4399995803833
2017-01-10,9.430000305175781,9.5600004196167,8.880000114440918,8.880000114440918
2017-01-11,9.5,10.069999694824219,8.859999656677246,8.880000114440918
2017-01-12,9.569999694824219,11.270000457763672,9.170000076293945,9.319999694824219
2017-01-13,9.260000228881836,9.270000457763672,8.4399995803833,8.989999771118164
2017-01-17,10.970000267028809,11.550000190734863,10.550000190734863,10.850000381469727
2017-01-18,11.199999809265137,11.6899995803833,10.630000114440918,11.289999961853027
2017-01-19,10.90999984741211,12.680000305175781,10.850000381469727,11.5
2017-01-20,11.020000457763672,11.710000038146973,9.6899995803833,9.720000267028809
2017-01-23,11.3100004196167,12.489999771118164,10.75,10.920000076293945
2017-01-24,10.800000190734863,10.890000343322754,10.010000228881836,10.079999923706055
2017-01-25,10.079999923706055,10.4399995803833,9.739999771118164,10.0600004196167
2017-01-26,10.229999542236328,10.479999542236328,9.579999923706055,9.710000038146973
2017-01-27,9.880000114440918,9.9399995803833,9.109999656677246,9.359999656677246
2017-01-30,10.989999771118164,13.149999618530273,10.989999771118164,11.65999984741211
2017-01-31,12.270000457763672,13.220000267028809,11.699999809265137,11.770000457763672
2017-02-01,11.130000114440918,12.09000015258789,10.829999923706055,12.039999961853027
2017-02-02,12.399999618530273,12.84000015258789,10.850000381469727,11.15999984741211
2017-02-03,9.880000114440918,10.15999984741211,9.09000015258789,9.1899995803833
2017-02-06,10.890000343322754,10.890000343322754,9.819999694824219,10.170000076293945
2017-02-07,9.979999542236328,10.020000457763672,9.25,9.470000267028809
2017-02-08,9.859999656677246,10.09000015258789,9.329999923706055,9.600000381469727
2017-02-09,9.350000381469727,9.350000381469727,8.84000015258789,8.850000381469727
2017-02-10,8.829999923706055,9.25,8.670000076293945,9.020000457763672
2017-02-13,9.630000114440918,9.800000190734863,9.270000457763672,9.319999694824219
2017-02-14,9.4399995803833,9.539999961853027,8.850000381469727,8.9399995803833
2017-02-15,9.59000015258789,10.390000343322754,8.65999984741211,10.260000228881836
2017-02-16,10.479999542236328,11.699999809265137,9.899999618530273,10.020000457763672
2017-02-17,10.479999542236328,10.609999656677246,8.670000076293945,9.029999732971191
2017-02-21,10.8100004196167,11.050000190734863,10.140000343322754,10.220000267028809
2017-02-22,10.640000343322754,10.789999961853027,10.039999961853027,10.390000343322754
2017-02-23,10.470000267028809,11.40999984741211,10.119999885559082,10.149999618530273
2017-02-24,11.279999732971191,11.300000190734863,9.34000015258789,9.40999984741211
2017-02-27,10.529999732971191,10.960000038146973,10.079999923706055,10.829999923706055
2017-02-28,11.079999923706055,12.010000228881836,10.729999542236328,11.890000343322754
2017-03-01,10.520000457763672,11.430000305175781,10.319999694824219,10.569999694824219
2017-03-02,10.979999542236328,10.989999771118164,9.119999885559082,9.600000381469727
2017-03-03,9.800000190734863,9.819999694824219,8.550000190734863,8.5600004196167
2017-03-06,10.220000267028809,10.380000114440918,9.579999923706055,9.670000076293945
2017-03-07,9.739999771118164,10.25,9.289999961853027,10.229999542236328
2017-03-08,10.15999984741211,10.90999984741211,10.109999656677246,10.90999984741211
2017-03-09,11.239999771118164,11.800000190734863,10.760000228881836,11.779999732971191
2017-03-10,11.130000114440918,11.40999984741211,10.460000038146973,10.670000076293945
2017-03-13,11.680000305175781,11.680000305175781,10.619999885559082,10.779999732971191
2017-03-14,11.460000038146973,12.489999771118164,11.270000457763672,11.779999732971191
2017-03-15,11.829999923706055,11.869999885559082,9.960000038146973,10.760000228881836
2017-03-16,10.300000190734863,10.3100004196167,9.34000015258789,9.739999771118164
2017-03-17,9.619999885559082,9.890000343322754,9.010000228881836,9.869999885559082
2017-03-20,10.729999542236328,10.800000190734863,9.8100004196167,10.229999542236328
2017-03-21,9.699999809265137,14.449999809265137,9.619999885559082,14.229999542236328
2017-03-22,14.1899995803833,14.800000190734863,12.960000038146973,14.510000228881836
2017-03-23,14.609999656677246,15.520000457763672,13.199999809265137,15.140000343322754
2017-03-24,14.239999771118164,16.700000762939453,12.970000267028809,13.430000305175781
2017-03-27,16.360000610351562,16.360000610351562,12.039999961853027,12.119999885559082
2017-03-28,12.210000038146973,12.210000038146973,10.180000305175781,10.510000228881836
2017-03-29,10.579999923706055,10.59000015258789,9.239999771118164,10.079999923706055
2017-03-30,10.0,10.020000457763672,9.170000076293945,9.579999923706055
2017-03-31,9.869999885559082,10.140000343322754,9.270000457763672,9.65999984741211
2017-04-03,10.760000228881836,12.210000038146973,10.039999961853027,10.15999984741211
2017-04-04,10.850000381469727,10.850000381469727,9.399999618530273,9.510000228881836
2017-04-05,9.010000228881836,11.890000343322754,8.6899995803833,11.890000343322754
2017-04-06,11.020000457763672,11.100000381469727,9.600000381469727,10.270000457763672
2017-04-07,10.880000114440918,11.6899995803833,9.9399995803833,10.0600004196167
2017-04-10,10.619999885559082,10.6899995803833,9.729999542236328,10.359999656677246
2017-04-11,10.770000457763672,12.170000076293945,10.529999732971191,10.539999961853027
2017-04-12,10.710000038146973,11.619999885559082,10.329999923706055,10.90999984741211
2017-04-13,11.760000228881836,12.880000114440918,10.699999809265137,12.75
2017-04-17,14.90999984741211,14.949999809265137,12.960000038146973,13.4399995803833
2017-04-18,14.829999923706055,15.84000015258789,14.039999961853027,14.199999809265137
2017-04-19,13.729999542236328,16.59000015258789,13.520000457763672,16.200000762939453
2017-04-20,15.6899995803833,16.790000915527344,14.65999984741211,15.829999923706055
2017-04-21,16.030000686645508,18.549999237060547,15.890000343322754,17.09000015258789
2017-04-24,11.279999732971191,11.729999542236328,9.90999984741211,9.960000038146973
2017-04-25,9.829999923706055,10.59000015258789,9.619999885559082,9.800000190734863
2017-04-26,9.90999984741211,10.239999771118164,9.329999923706055,9.789999961853027
2017-04-27,9.8100004196167,10.579999923706055,9.079999923706055,9.239999771118164
2017-04-28,9.34000015258789,9.920000076293945,9.199999809265137,9.420000076293945
2017-05-01,10.850000381469727,10.859999656677246,9.380000114440918,9.489999771118164
2017-05-02,9.850000381469727,10.569999694824219,9.779999732971191,10.489999771118164
2017-05-03,11.09000015258789,11.5600004196167,10.399999618530273,10.779999732971191
2017-05-04,10.869999885559082,12.09000015258789,10.670000076293945,11.039999961853027
2017-05-05,10.479999542236328,11.970000267028809,10.289999961853027,11.4399995803833
2017-05-08,9.850000381469727,9.850000381469727,8.90999984741211,9.09000015258789
2017-05-09,9.260000228881836,9.640000343322754,8.90999984741211,9.3100004196167
2017-05-10,9.449999809265137,9.449999809265137,8.850000381469727,9.430000305175781
2017-05-11,9.819999694824219,11.180000305175781,9.630000114440918,10.350000381469727
2017-05-12,10.119999885559082,10.3100004196167,9.15999984741211,9.399999618530273
2017-05-15,9.960000038146973,9.960000038146973,8.899999618530273,9.15999984741211
2017-05-16,8.890000343322754,9.140000343322754,8.5600004196167,8.960000038146973
2017-05-17,11.960000038146973,20.219999313354492,11.510000228881836,20.170000076293945
2017-05-18,19.43000030517578,19.579999923706055,15.6899995803833,16.670000076293945
2017-05-19,13.170000076293945,13.180000305175781,10.289999961853027,10.979999542236328
2017-05-22,10.850000381469727,10.850000381469727,9.25,9.390000343322754
2017-05-23,9.079999923706055,9.859999656677246,9.079999923706055,9.319999694824219
2017-05-24,9.210000038146973,9.550000190734863,8.520000457763672,8.5600004196167
2017-05-25,8.569999694824219,8.989999771118164,7.809999942779541,8.119999885559082
2017-05-26,8.6899995803833,8.850000381469727,7.510000228881836,7.599999904632568
2017-05-30,9.470000267028809,9.539999961853027,8.5600004196167,9.039999961853027
2017-05-31,8.899999618530273,9.90999984741211,8.449999809265137,8.710000038146973
2017-06-01,8.640000343322754,9.140000343322754,8.220000267028809,8.5
2017-06-02,8.649999618530273,9.010000228881836,8.180000305175781,8.470000267028809
2017-06-05,9.899999618530273,9.960000038146973,9.130000114440918,9.6899995803833
2017-06-06,10.350000381469727,10.59000015258789,9.920000076293945,10.390000343322754
2017-06-07,10.4399995803833,10.989999771118164,10.130000114440918,10.130000114440918
2017-06-08,10.029999732971191,10.350000381469727,9.329999923706055,9.619999885559082
2017-06-09,8.979999542236328,12.470000267028809,8.350000381469727,10.369999885559082
2017-06-12,11.800000190734863,13.220000267028809,11.300000190734863,11.350000381469727
2017-06-13,10.399999618530273,10.4399995803833,9.279999732971191,9.350000381469727
2017-06-14,9.460000038146973,10.3100004196167,8.739999771118164,9.90999984741211
2017-06-15,11.579999923706055,11.859999656677246,9.609999656677246,10.140000343322754
2017-06-16,9.649999618530273,10.329999923706055,8.170000076293945,8.329999923706055
2017-06-19,8.869999885559082,8.9399995803833,8.130000114440918,8.520000457763672
2017-06-20,8.770000457763672,10.079999923706055,8.609999656677246,9.420000076293945
2017-06-21,9.390000343322754,10.199999809265137,9.069999694824219,9.5600004196167
2017-06-22,9.65999984741211,10.239999771118164,8.789999961853027,9.229999542236328
2017-06-23,9.109999656677246,9.59000015258789,8.0600004196167,8.380000114440918
2017-06-26,8.619999885559082,9.319999694824219,8.199999809265137,8.699999809265137
2017-06-27,9.050000190734863,10.930000305175781,8.520000457763672,10.5
2017-06-28,9.350000381469727,9.920000076293945,8.319999694824219,8.489999771118164
2017-06-29,8.880000114440918,17.68000030517578,8.760000228881836,11.369999885559082
2017-06-30,10.3100004196167,11.0,9.40999984741211,9.930000305175781
2017-07-03,9.75,10.460000038146973,9.140000343322754,10.210000038146973
2017-07-05,10.180000305175781,11.350000381469727,9.180000305175781,9.649999618530273
2017-07-06,11.069999694824219,12.300000190734863,10.319999694824219,11.529999732971191
2017-07-07,10.970000267028809,11.029999732971191,9.069999694824219,9.260000228881836
2017-07-10,10.850000381469727,10.850000381469727,9.4399995803833,9.899999618530273
2017-07-11,10.100000381469727,11.270000457763672,9.329999923706055,9.369999885559082
2017-07-12,8.6899995803833,8.829999923706055,8.020000457763672,8.0600004196167
2017-07-13,8.579999923706055,8.59000015258789,8.010000228881836,8.010000228881836
2017-07-14,8.09000015258789,8.180000305175781,7.550000190734863,7.550000190734863
2017-07-17,8.529999732971191,8.670000076293945,8.279999732971191,8.390000343322754
2017-07-18,9.180000305175781,9.239999771118164,8.210000038146973,8.4399995803833
2017-07-19,8.399999618530273,8.399999618530273,7.739999771118164,7.849999904632568
2017-07-20,8.020000457763672,9.020000457763672,7.590000152587891,7.690000057220459
2017-07-21,7.849999904632568,8.119999885559082,6.989999771118164,7.099999904632568
2017-07-24,8.25,8.3100004196167,7.449999809265137,7.639999866485596
2017-07-25,7.570000171661377,8.020000457763672,7.449999809265137,7.869999885559082
2017-07-26,7.960000038146973,8.1899995803833,7.789999961853027,8.069999694824219
2017-07-27,7.840000152587891,11.649999618530273,7.590000152587891,9.029999732971191
2017-07-28,9.989999771118164,10.380000114440918,8.34000015258789,8.550000190734863
2017-07-31,9.539999961853027,9.979999542236328,8.989999771118164,9.430000305175781
2017-08-01,9.40999984741211,9.710000038146973,8.75,8.930000305175781
2017-08-02,8.680000305175781,9.5600004196167,8.399999618530273,8.680000305175781
2017-08-03,8.90999984741211,9.329999923706055,8.380000114440918,9.3100004196167
2017-08-04,8.489999771118164,8.819999694824219,8.0600004196167,8.579999923706055
2017-08-07,9.289999961853027,9.319999694824219,8.279999732971191,8.430000305175781
2017-08-08,8.760000228881836,11.470000267028809,8.0,10.5
2017-08-09,12.800000190734863,13.40999984741211,10.600000381469727,10.720000267028809
2017-08-10,13.979999542236328,18.270000457763672,13.539999961853027,17.829999923706055
2017-08-11,16.100000381469727,17.200000762939453,14.34000015258789,15.529999732971191
2017-08-14,12.390000343322754,12.390000343322754,11.260000228881836,11.630000114440918
2017-08-15,10.9399995803833,11.550000190734863,10.010000228881836,10.40999984741211
2017-08-16,10.260000228881836,10.520000457763672,9.020000457763672,9.729999542236328
2017-08-17,11.010000228881836,15.979999542236328,10.34000015258789,15.770000457763672
2017-08-18,15.210000038146973,16.100000381469727,12.390000343322754,13.170000076293945
2017-08-21,14.369999885559082,14.5,12.479999542236328,12.479999542236328
2017-08-22,11.899999618530273,11.930000305175781,9.920000076293945,9.920000076293945
2017-08-23,11.40999984741211,11.40999984741211,10.100000381469727,11.140000343322754
2017-08-24,10.5,11.789999961853027,10.319999694824219,10.329999923706055
2017-08-25,10.180000305175781,10.229999542236328,8.880000114440918,8.970000267028809
2017-08-28,9.460000038146973,10.270000457763672,9.34000015258789,9.449999809265137
2017-08-29,12.649999618530273,12.649999618530273,9.569999694824219,9.8100004196167
2017-08-30,10.0,10.260000228881836,8.9399995803833,9.149999618530273
2017-08-31,8.890000343322754,9.069999694824219,8.529999732971191,8.65999984741211
2017-09-01,8.369999885559082,8.65999984741211,7.869999885559082,7.940000057220459
2017-09-05,10.390000343322754,13.680000305175781,10.260000228881836,11.34000015258789
2017-09-06,10.6899995803833,11.579999923706055,9.75,10.220000267028809
2017-09-07,10.319999694824219,10.960000038146973,9.75,9.75
2017-09-08,10.9399995803833,11.960000038146973,9.800000190734863,11.289999961853027
2017-09-11,9.760000228881836,9.760000228881836,9.0,9.010000228881836
2017-09-12,9.140000343322754,9.5,8.880000114440918,9.25
2017-09-13,9.399999618530273,9.40999984741211,9.020000457763672,9.380000114440918
2017-09-14,9.569999694824219,9.8100004196167,8.899999618530273,9.289999961853027
2017-09-15,9.239999771118164,9.239999771118164,7.880000114440918,8.300000190734863
2017-09-18,9.40999984741211,9.449999809265137,8.710000038146973,8.720000267028809
2017-09-19,8.710000038146973,9.130000114440918,8.619999885559082,9.09000015258789
2017-09-20,8.920000076293945,10.239999771118164,8.850000381469727,8.949999809265137
2017-09-21,9.050000190734863,9.430000305175781,8.260000228881836,8.4399995803833
2017-09-22,8.920000076293945,8.920000076293945,7.869999885559082,7.980000019073486
2017-09-25,9.229999542236328,10.430000305175781,8.609999656677246,9.210000038146973
2017-09-26,9.119999885559082,9.989999771118164,8.789999961853027,9.34000015258789
2017-09-27,8.880000114440918,9.550000190734863,8.729999542236328,9.029999732971191
2017-09-28,9.270000457763672,9.380000114440918,8.390000343322754,8.390000343322754
2017-09-29,8.40999984741211,8.649999618530273,7.739999771118164,7.949999809265137
2017-10-02,9.010000228881836,9.130000114440918,8.119999885559082,8.180000305175781
2017-10-03,8.239999771118164,8.449999809265137,7.840000152587891,8.039999961853027
2017-10-04,8.40999984741211,8.59000015258789,7.989999771118164,8.020000457763672
2017-10-05,8.140000343322754,8.1899995803833,7.610000133514404,7.809999942779541
2017-10-06,7.96999979019165,8.720000267028809,7.590000152587891,7.880000114440918
2017-10-09,8.989999771118164,9.380000114440918,8.489999771118164,9.34000015258789
2017-10-10,9.170000076293945,9.539999961853027,8.720000267028809,8.720000267028809
2017-10-11,8.65999984741211,8.75,8.09000015258789,8.319999694824219
2017-10-12,8.729999542236328,8.920000076293945,8.180000305175781,8.34000015258789
2017-10-13,8.239999771118164,8.279999732971191,7.760000228881836,8.029999732971191
2017-10-16,8.609999656677246,8.720000267028809,8.369999885559082,8.460000038146973
2017-10-17,8.520000457763672,8.800000190734863,8.359999656677246,8.6899995803833
2017-10-18,8.579999923706055,8.609999656677246,8.0,8.369999885559082
2017-10-19,10.0,10.40999984741211,8.579999923706055,8.880000114440918
2017-10-20,8.8100004196167,8.84000015258789,8.029999732971191,8.40999984741211
2017-10-23,9.319999694824219,10.770000457763672,8.84000015258789,10.770000457763672
2017-10-24,10.010000228881836,10.619999885559082,9.770000457763672,10.479999542236328
2017-10-25,10.720000267028809,13.640000343322754,10.430000305175781,11.09000015258789
2017-10-26,10.5600004196167,11.350000381469727,10.229999542236328,10.6899995803833
2017-10-27,10.079999923706055,10.25,8.579999923706055,8.609999656677246
2017-10-30,9.90999984741211,10.229999542236328,9.100000381469727,9.8100004196167
2017-10-31,9.279999732971191,9.569999694824219,9.079999923706055,9.319999694824219
2017-11-01,8.920000076293945,9.65999984741211,6.690000057220459,9.289999961853027
2017-11-02,9.350000381469727,10.4399995803833,8.300000190734863,8.539999961853027
2017-11-03,8.260000228881836,8.510000228881836,7.630000114440918,7.840000152587891
2017-11-06,8.829999923706055,8.829999923706055,8.010000228881836,8.09000015258789
2017-11-07,8.130000114440918,9.380000114440918,8.050000190734863,8.829999923706055
2017-11-08,9.010000228881836,9.270000457763672,7.909999847412109,8.279999732971191
2017-11-09,9.84000015258789,12.970000267028809,9.0,9.649999618530273
2017-11-10,10.3100004196167,11.119999885559082,9.59000015258789,10.3100004196167
2017-11-13,11.199999809265137,11.289999961853027,9.25,9.84000015258789
2017-11-14,10.640000343322754,11.920000076293945,9.699999809265137,9.729999542236328
2017-11-15,12.4399995803833,13.65999984741211,10.40999984741211,11.729999542236328
2017-11-16,10.180000305175781,10.180000305175781,8.210000038146973,8.739999771118164
2017-11-17,8.579999923706055,8.729999542236328,7.940000057220459,8.489999771118164
2017-11-20,9.380000114440918,9.430000305175781,8.3100004196167,8.600000381469727
2017-11-21,8.369999885559082,8.369999885559082,7.610000133514404,7.96999979019165
2017-11-22,7.909999847412109,7.989999771118164,7.619999885559082,7.869999885559082
2017-11-24,8.369999885559082,8.40999984741211,7.670000076293945,7.869999885559082
2017-11-27,9.199999809265137,9.25,8.6899995803833,9.0
2017-11-28,8.949999809265137,9.680000305175781,8.670000076293945,9.180000305175781
2017-11-29,9.239999771118164,10.640000343322754,9.239999771118164,10.15999984741211
2017-11-30,10.420000076293945,13.069999694824219,10.15999984741211,11.380000114440918
2017-12-01,11.850000381469727,17.68000030517578,11.210000038146973,11.979999542236328
2017-12-04,11.90999984741211,12.670000076293945,10.210000038146973,12.210000038146973
2017-12-05,12.010000228881836,12.010000228881836,10.279999732971191,11.109999656677246
2017-12-06,11.5,11.640000343322754,10.739999771118164,10.899999618530273
2017-12-07,11.15999984741211,11.319999694824219,9.420000076293945,9.510000228881836
2017-12-08,9.600000381469727,9.600000381469727,8.40999984741211,8.4399995803833
2017-12-11,9.350000381469727,9.369999885559082,8.670000076293945,8.789999961853027
2017-12-12,9.069999694824219,9.359999656677246,8.869999885559082,9.239999771118164
2017-12-13,9.430000305175781,9.430000305175781,7.650000095367432,9.350000381469727
2017-12-14,9.25,9.890000343322754,8.510000228881836,9.869999885559082
2017-12-15,8.869999885559082,8.890000343322754,8.140000343322754,8.25
2017-12-18,8.8100004196167,9.0,7.519999980926514,8.050000190734863
2017-12-19,8.100000381469727,9.029999732971191,8.069999694824219,9.029999732971191
2017-12-20,7.980000019073486,8.739999771118164,7.849999904632568,8.34000015258789
2017-12-21,8.050000190734863,8.210000038146973,7.579999923706055,7.630000114440918
2017-12-22,7.610000133514404,7.940000057220459,7.150000095367432,7.510000228881836
2017-12-26,8.920000076293945,8.930000305175781,8.300000190734863,8.479999542236328
2017-12-27,8.460000038146973,10.270000457763672,7.639999866485596,9.710000038146973
2017-12-28,9.319999694824219,9.430000305175781,8.90999984741211,9.270000457763672
2017-12-29,9.130000114440918,10.420000076293945,8.9399995803833,10.420000076293945
2018-01-02,10.380000114440918,10.520000457763672,8.210000038146973,8.539999961853027
2018-01-03,8.319999694824219,8.319999694824219,7.329999923706055,7.849999904632568
2018-01-04,7.889999866485596,8.329999923706055,7.489999771118164,7.730000019073486
2018-01-05,7.940000057220459,8.079999923706055,7.449999809265137,7.699999809265137
2018-01-08,8.619999885559082,8.710000038146973,7.650000095367432,7.900000095367432
2018-01-09,7.96999979019165,8.369999885559082,7.670000076293945,8.350000381469727
2018-01-10,8.770000457763672,9.149999618530273,7.809999942779541,7.849999904632568
2018-01-11,8.130000114440918,8.170000076293945,7.630000114440918,7.840000152587891
2018-01-12,8.380000114440918,8.859999656677246,8.020000457763672,8.680000305175781
2018-01-16,10.100000381469727,12.579999923706055,10.0600004196167,11.25
2018-01-17,11.460000038146973,12.210000038146973,10.390000343322754,11.65999984741211
2018-01-18,11.699999809265137,12.380000114440918,11.300000190734863,12.369999885559082
2018-01-19,11.800000190734863,11.90999984741211,10.119999885559082,10.40999984741211
2018-01-22,11.529999732971191,11.529999732971191,10.40999984741211,10.859999656677246
2018-01-23,11.010000228881836,11.25,10.529999732971191,11.020000457763672
2018-01-24,11.199999809265137,12.569999694824219,9.869999885559082,11.449999809265137
2018-01-25,11.579999923706055,12.369999885559082,10.40999984741211,11.640000343322754
2018-01-26,11.539999961853027,11.600000381469727,9.420000076293945,10.460000038146973
2018-01-29,12.34000015258789,14.90999984741211,12.260000228881836,14.90999984741211
2018-01-30,16.260000228881836,17.209999084472656,15.260000228881836,16.200000762939453
2018-01-31,15.300000190734863,15.300000190734863,12.350000381469727,13.859999656677246
2018-02-01,14.430000305175781,14.430000305175781,12.130000114440918,13.859999656677246
2018-02-02,14.65999984741211,20.780000686645508,13.529999732971191,18.860000610351562
2018-02-05,22.06999969482422,61.380001068115234,18.149999618530273,59.34000015258789
2018-02-06,63.22999954223633,68.94999694824219,28.739999771118164,39.459999084472656
2018-02-07,36.099998474121094,36.099998474121094,22.5,32.86000061035156
2018-02-08,28.59000015258789,45.529998779296875,26.940000534057617,41.439998626708984
2018-02-09,36.63999938964844,52.4900016784668,29.8799991607666,31.639999389648438
2018-02-12,31.5,33.88999938964844,25.079999923706055,26.829999923706055
2018-02-13,29.389999389648438,29.389999389648438,24.649999618530273,25.290000915527344
2018-02-14,23.030000686645508,23.469999313354492,18.639999389648438,18.729999542236328
2018-02-15,18.209999084472656,20.809999465942383,17.209999084472656,18.579999923706055
2018-02-16,19.09000015258789,21.979999542236328,16.15999984741211,18.68000030517578
2018-02-20,23.31999969482422,23.31999969482422,19.760000228881836,20.639999389648438
2018-02-21,20.3799991607666,20.420000076293945,15.550000190734863,20.010000228881836
2018-02-22,19.940000534057617,20.790000915527344,17.309999465942383,18.1299991607666
2018-02-23,18.1299991607666,18.65999984741211,14.0600004196167,14.979999542236328
2018-02-26,16.829999923706055,17.010000228881836,15.149999618530273,15.15999984741211
2018-02-27,15.970000267028809,18.790000915527344,15.0,18.1200008392334
2018-02-28,16.940000534057617,19.860000610351562,16.350000381469727,19.190000534057617
2018-03-01,20.030000686645508,28.479999542236328,19.43000030517578,23.889999389648438
2018-03-02,28.1299991607666,29.350000381469727,18.760000228881836,18.8700008392334
2018-03-05,21.479999542236328,21.579999923706055,17.469999313354492,18.260000228881836
2018-03-06,17.399999618530273,19.110000610351562,16.860000610351562,17.229999542236328
2018-03-07,19.440000534057617,19.90999984741211,16.1299991607666,16.709999084472656
2018-03-08,16.18000030517578,17.559999465942383,15.520000457763672,15.859999656677246
2018-03-09,15.0,15.319999694824219,13.1899995803833,13.529999732971191
2018-03-12,16.0,16.110000610351562,14.630000114440918,15.239999771118164
2018-03-13,15.119999885559082,16.18000030517578,14.819999694824219,15.359999656677246
2018-03-14,15.460000038146973,17.81999969482422,15.09000015258789,17.280000686645508
2018-03-15,16.559999465942383,17.6200008392334,15.329999923706055,15.960000038146973
2018-03-16,14.930000305175781,15.069999694824219,14.039999961853027,14.930000305175781
2018-03-19,17.020000457763672,29.09000015258789,16.93000030517578,21.950000762939453
2018-03-20,21.65999984741211,22.09000015258789,19.360000610351562,19.700000762939453
2018-03-21,19.8799991607666,20.8799991607666,15.050000190734863,18.520000457763672
2018-03-22,22.56999969482422,27.110000610351562,20.389999389648438,26.309999465942383
2018-03-23,25.149999618530273,30.670000076293945,22.81999969482422,28.219999313354492
2018-03-26,25.399999618530273,28.0,22.059999465942383,22.280000686645508
2018-03-27,21.770000457763672,25.719999313354492,19.829999923706055,22.950000762939453
2018-03-28,23.209999084472656,28.190000534057617,22.739999771118164,24.940000534057617
2018-03-29,23.079999923706055,23.639999389648438,20.200000762939453,20.56999969482422
2018-04-02,24.09000015258789,31.139999389648438,23.020000457763672,27.309999465942383
2018-04-03,26.040000915527344,26.989999771118164,23.399999618530273,23.479999542236328
2018-04-04,28.3799991607666,28.3799991607666,21.559999465942383,21.950000762939453
2018-04-05,21.739999771118164,22.209999084472656,19.360000610351562,19.93000030517578
2018-04-06,22.049999237060547,26.8700008392334,20.190000534057617,23.059999465942383
2018-04-09,23.030000686645508,24.1200008392334,21.600000381469727,23.829999923706055
2018-04-10,22.389999389648438,23.56999969482422,20.68000030517578,20.920000076293945
2018-04-11,20.3700008392334,20.93000030517578,19.09000015258789,20.3700008392334
2018-04-12,18.75,19.709999084472656,17.510000228881836,17.81999969482422
2018-04-13,17.059999465942383,18.389999389648438,16.239999771118164,16.360000610351562
2018-04-16,17.309999465942383,17.549999237060547,16.280000686645508,16.56999969482422
2018-04-17,16.139999389648438,16.170000076293945,14.460000038146973,15.350000381469727
2018-04-18,16.399999618530273,16.809999465942383,14.449999809265137,14.640000343322754
2018-04-19,15.300000190734863,17.280000686645508,14.8100004196167,15.5
2018-04-20,14.84000015258789,18.020000457763672,14.630000114440918,16.229999542236328
2018-04-23,17.239999771118164,17.799999237060547,15.6899995803833,16.440000534057617
2018-04-24,15.779999732971191,21.5,15.470000267028809,19.170000076293945
2018-04-25,19.90999984741211,22.059999465942383,18.6299991607666,18.709999084472656
2018-04-26,18.489999771118164,18.579999923706055,15.979999542236328,16.010000228881836
2018-04-27,15.880000114440918,16.84000015258789,14.359999656677246,14.4399995803833
2018-04-30,15.319999694824219,17.1299991607666,14.930000305175781,16.450000762939453
2018-05-01,16.579999923706055,17.799999237060547,15.569999694824219,15.699999809265137
2018-05-02,15.930000305175781,16.530000686645508,14.699999809265137,16.530000686645508
2018-05-03,16.690000534057617,21.190000534057617,15.729999542236328,15.75
2018-05-04,17.270000457763672,17.540000915527344,13.779999732971191,13.859999656677246
2018-05-07,14.930000305175781,15.25,14.09000015258789,14.220000267028809
2018-05-08,14.720000267028809,15.350000381469727,13.9399995803833,13.979999542236328
2018-05-09,13.949999809265137,14.149999618530273,12.0,12.130000114440918
2018-05-10,12.359999656677246,12.5600004196167,11.930000305175781,12.430000305175781
2018-05-11,12.640000343322754,12.649999618530273,11.239999771118164,11.239999771118164
2018-05-14,12.399999618530273,12.859999656677246,11.920000076293945,11.920000076293945
2018-05-15,13.279999732971191,14.920000076293945,13.279999732971191,14.289999961853027
2018-05-16,13.6899995803833,13.779999732971191,12.34000015258789,12.359999656677246
2018-05-17,12.5,12.819999694824219,11.510000228881836,12.020000457763672
2018-05-18,12.489999771118164,12.539999961853027,11.3100004196167,11.479999542236328
2018-05-21,11.720000267028809,12.300000190734863,11.369999885559082,11.369999885559082
2018-05-22,11.260000228881836,11.3100004196167,10.619999885559082,10.920000076293945
2018-05-23,12.479999542236328,12.600000381469727,9.979999542236328,10.0600004196167
2018-05-24,10.850000381469727,12.739999771118164,10.289999961853027,10.329999923706055
2018-05-25,11.4399995803833,11.829999923706055,10.8100004196167,11.460000038146973
2018-05-29,15.829999923706055,19.760000228881836,14.1899995803833,17.239999771118164
2018-05-30,16.010000228881836,16.040000915527344,13.100000381469727,13.260000228881836
2018-05-31,14.09000015258789,15.260000228881836,13.149999618530273,14.119999885559082
2018-06-01,12.59000015258789,12.609999656677246,11.319999694824219,11.4399995803833
2018-06-04,13.029999732971191,13.0600004196167,11.920000076293945,12.020000457763672
2018-06-05,12.020000457763672,12.729999542236328,11.5,11.680000305175781
2018-06-06,11.6899995803833,11.949999809265137,11.010000228881836,11.029999732971191
2018-06-07,11.420000076293945,13.350000381469727,11.369999885559082,11.899999618530273
2018-06-08,12.949999809265137,13.170000076293945,11.430000305175781,11.5600004196167
2018-06-11,12.800000190734863,12.819999694824219,12.170000076293945,12.529999732971191
2018-06-12,12.359999656677246,12.539999961853027,11.520000457763672,12.029999732971191
2018-06-13,11.970000267028809,12.6899995803833,11.579999923706055,12.65999984741211
2018-06-14,11.880000114440918,12.270000457763672,10.930000305175781,11.039999961853027
2018-06-15,11.819999694824219,12.489999771118164,10.819999694824219,10.84000015258789
2018-06-18,13.720000267028809,14.069999694824219,11.640000343322754,11.6899995803833
2018-06-19,15.020000457763672,15.050000190734863,12.850000381469727,12.970000267028809
2018-06-20,11.819999694824219,12.479999542236328,11.59000015258789,12.15999984741211
2018-06-21,12.710000038146973,15.479999542236328,12.670000076293945,14.5600004196167
2018-06-22,12.359999656677246,13.050000190734863,11.960000038146973,12.15999984741211
2018-06-25,14.489999771118164,20.719999313354492,14.34000015258789,17.68000030517578
2018-06-26,16.610000610351562,17.170000076293945,14.0,15.15999984741211
2018-06-27,14.630000114440918,18.5,13.300000190734863,17.90999984741211
2018-06-28,18.290000915527344,19.020000457763672,15.289999961853027,15.829999923706055
2018-06-29,14.739999771118164,15.170000076293945,12.979999542236328,14.930000305175781
2018-07-02,17.989999771118164,18.25,14.359999656677246,14.420000076293945
2018-07-03,14.15999984741211,15.479999542236328,13.529999732971191,15.170000076293945
2018-07-05,14.270000457763672,15.630000114440918,14.079999923706055,14.140000343322754
2018-07-06,14.0,14.15999984741211,11.420000076293945,11.489999771118164
2018-07-09,11.789999961853027,11.930000305175781,10.789999961853027,10.789999961853027
2018-07-10,10.5600004196167,11.5,10.359999656677246,10.65999984741211
2018-07-11,12.539999961853027,12.600000381469727,11.420000076293945,11.800000190734863
2018-07-12,11.3100004196167,11.720000267028809,10.329999923706055,10.600000381469727
2018-07-13,10.800000190734863,11.010000228881836,9.9399995803833,10.069999694824219
2018-07-16,11.630000114440918,11.800000190734863,11.180000305175781,11.5
2018-07-17,12.180000305175781,12.180000305175781,10.319999694824219,10.5600004196167
2018-07-18,10.800000190734863,10.890000343322754,9.760000228881836,10.029999732971191
2018-07-19,10.880000114440918,11.380000114440918,10.4399995803833,11.149999618530273
2018-07-20,11.84000015258789,11.960000038146973,10.779999732971191,11.010000228881836
2018-07-23,12.199999809265137,12.619999885559082,11.300000190734863,11.34000015258789
2018-07-24,10.789999961853027,12.25,10.579999923706055,11.149999618530273
2018-07-25,11.5,11.520000457763672,10.359999656677246,11.270000457763672
2018-07-26,11.289999961853027,11.5600004196167,11.010000228881836,11.069999694824219
2018-07-27,11.329999923706055,13.920000076293945,11.140000343322754,11.59000015258789
2018-07-30,12.630000114440918,14.100000381469727,12.470000267028809,13.569999694824219
2018-07-31,12.670000076293945,12.960000038146973,11.630000114440918,11.640000343322754
2018-08-01,11.670000076293945,13.260000228881836,11.109999656677246,12.289999961853027
2018-08-02,13.9399995803833,13.9399995803833,10.380000114440918,10.510000228881836
2018-08-03,10.760000228881836,10.760000228881836,9.520000457763672,9.579999923706055
2018-08-06,10.8100004196167,10.930000305175781,9.5,9.739999771118164
2018-08-07,9.529999732971191,9.739999771118164,9.109999656677246,9.130000114440918
2018-08-08,9.350000381469727,9.670000076293945,8.5600004196167,8.859999656677246
2018-08-09,9.1899995803833,9.520000457763672,8.630000114440918,9.460000038146973
2018-08-10,11.489999771118164,13.970000267028809,11.420000076293945,13.09000015258789
2018-08-13,14.050000190734863,15.970000267028809,12.800000190734863,15.34000015258789
2018-08-14,13.699999809265137,14.15999984741211,12.270000457763672,12.619999885559082
2018-08-15,14.84000015258789,18.170000076293945,14.390000343322754,15.010000228881836
2018-08-16,12.970000267028809,13.369999885559082,11.850000381469727,12.920000076293945
2018-08-17,13.210000038146973,13.789999961853027,11.5,11.569999694824219
2018-08-20,12.109999656677246,12.319999694824219,11.329999923706055,11.420000076293945
2018-08-21,11.140000343322754,11.579999923706055,10.75,11.550000190734863
2018-08-22,12.029999732971191,12.109999656677246,10.329999923706055,10.770000457763672
2018-08-23,10.960000038146973,11.640000343322754,10.050000190734863,10.800000190734863
2018-08-24,10.319999694824219,10.579999923706055,9.869999885559082,10.170000076293945
2018-08-27,11.270000457763672,11.279999732971191,10.149999618530273,10.229999542236328
2018-08-28,10.210000038146973,10.510000228881836,9.869999885559082,10.199999809265137
2018-08-29,9.930000305175781,10.109999656677246,9.729999542236328,9.770000457763672
2018-08-30,10.319999694824219,11.90999984741211,10.130000114440918,11.489999771118164
2018-08-31,11.609999656677246,12.510000228881836,10.680000305175781,11.010000228881836
2018-09-04,13.130000114440918,14.0,11.949999809265137,11.970000267028809
2018-09-05,12.289999961853027,13.520000457763672,11.850000381469727,12.649999618530273
2018-09-06,12.640000343322754,15.229999542236328,12.279999732971191,13.460000038146973
2018-09-07,14.59000015258789,14.899999618530273,12.449999809265137,13.489999771118164
2018-09-10,13.6899995803833,13.829999923706055,12.260000228881836,12.569999694824219
2018-09-11,13.489999771118164,13.760000228881836,11.0,11.0
2018-09-12,11.050000190734863,11.729999542236328,10.460000038146973,10.670000076293945
2018-09-13,10.529999732971191,10.600000381469727,9.979999542236328,10.029999732971191
2018-09-14,10.210000038146973,10.65999984741211,8.8100004196167,9.930000305175781
2018-09-17,11.260000228881836,13.6899995803833,11.0600004196167,13.5
2018-09-18,12.380000114440918,12.470000267028809,11.5600004196167,11.739999771118164
2018-09-19,11.4399995803833,11.9399995803833,10.970000267028809,11.449999809265137
2018-09-20,10.779999732971191,11.239999771118164,10.630000114440918,11.039999961853027
2018-09-21,11.270000457763672,11.270000457763672,10.050000190734863,10.630000114440918
2018-09-24,11.989999771118164,12.899999618530273,11.600000381469727,11.630000114440918
2018-09-25,11.460000038146973,12.180000305175781,11.329999923706055,11.760000228881836
2018-09-26,11.5600004196167,12.970000267028809,10.720000267028809,12.699999809265137
2018-09-27,11.829999923706055,12.470000267028809,11.069999694824219,12.09000015258789
2018-09-28,12.729999542236328,12.84000015258789,11.069999694824219,11.170000076293945
2018-10-01,11.380000114440918,11.729999542236328,10.670000076293945,11.1899995803833
2018-10-02,11.489999771118164,11.680000305175781,10.5,11.130000114440918
2018-10-03,10.600000381469727,11.670000076293945,10.130000114440918,10.8100004196167
2018-10-04,11.850000381469727,18.8799991607666,11.8100004196167,15.420000076293945
2018-10-05,14.430000305175781,19.610000610351562,13.15999984741211,14.859999656677246
2018-10-08,17.170000076293945,18.899999618530273,14.920000076293945,14.920000076293945
2018-10-09,15.970000267028809,16.959999084472656,13.65999984741211,14.399999618530273
2018-10-10,15.640000343322754,26.100000381469727,15.630000114440918,25.979999542236328
2018-10-11,23.850000381469727,35.599998474121094,23.06999969482422,29.579999923706055
2018-10-12,25.020000457763672,32.88999938964844,21.84000015258789,22.84000015258789
2018-10-15,24.760000228881836,25.889999389648438,20.860000610351562,23.90999984741211
2018-10-16,20.719999313354492,20.979999542236328,17.780000686645508,17.850000381469727
2018-10-17,17.950000762939453,20.709999084472656,17.559999465942383,17.75
2018-10-18,19.399999618530273,24.549999237060547,18.290000915527344,22.309999465942383
2018-10-19,21.239999771118164,23.440000534057617,18.969999313354492,21.1299991607666
2018-10-22,20.719999313354492,23.6200008392334,19.56999969482422,20.670000076293945
2018-10-23,29.709999084472656,29.709999084472656,22.489999771118164,23.43000030517578
2018-10-24,23.969999313354492,34.34000015258789,23.209999084472656,31.90999984741211
2018-10-25,29.799999237060547,31.030000686645508,26.360000610351562,29.6200008392334
2018-10-26,32.209999084472656,35.40999984741211,28.809999465942383,29.889999389648438
2018-10-29,29.040000915527344,36.369998931884766,27.170000076293945,31.030000686645508
2018-10-30,32.41999816894531,32.540000915527344,28.600000381469727,28.8700008392334
2018-10-31,26.959999084472656,27.350000381469727,23.6200008392334,25.15999984741211
2018-11-01,23.68000030517578,24.329999923706055,20.829999923706055,21.540000915527344
2018-11-02,20.969999313354492,25.200000762939453,20.100000381469727,21.170000076293945
2018-11-05,22.31999969482422,23.889999389648438,21.420000076293945,21.6299991607666
2018-11-06,22.059999465942383,22.93000030517578,21.149999618530273,21.6200008392334
2018-11-07,17.389999389648438,18.010000228881836,15.489999771118164,15.539999961853027
2018-11-08,15.529999732971191,16.6200008392334,15.3100004196167,15.5600004196167
2018-11-09,16.280000686645508,17.6200008392334,15.170000076293945,15.630000114440918
2018-11-12,16.940000534057617,21.389999389648438,16.8799991607666,20.690000534057617
2018-11-13,20.190000534057617,21.610000610351562,18.229999542236328,19.3799991607666
2018-11-14,18.6299991607666,23.389999389648438,18.290000915527344,21.389999389648438
2018-11-15,22.31999969482422,24.059999465942383,19.3799991607666,19.5
2018-11-16,20.93000030517578,21.200000762939453,16.290000915527344,16.350000381469727
2018-11-19,19.170000076293945,21.790000915527344,18.5,20.43000030517578
2018-11-20,24.770000457763672,26.65999984741211,22.799999237060547,23.6299991607666
2018-11-21,22.530000686645508,22.979999542236328,19.190000534057617,19.860000610351562
2018-11-23,22.959999084472656,22.969999313354492,20.700000762939453,21.420000076293945
2018-11-26,21.690000534057617,21.709999084472656,19.549999237060547,20.040000915527344
2018-11-27,21.489999771118164,21.719999313354492,20.530000686645508,21.329999923706055
2018-11-28,21.270000457763672,22.850000381469727,21.110000610351562,22.059999465942383
2018-11-29,22.59000015258789,24.90999984741211,21.860000610351562,22.1299991607666
2018-11-30,23.149999618530273,23.149999618530273,21.399999618530273,21.459999084472656
2018-12-03,18.09000015258789,19.479999542236328,17.010000228881836,17.209999084472656
2018-12-04,17.739999771118164,26.989999771118164,17.06999969482422,25.100000381469727
2018-12-06,31.360000610351562,33.47999954223633,24.75,25.110000610351562
2018-12-07,24.770000457763672,30.520000457763672,22.600000381469727,27.420000076293945
2018-12-10,28.1299991607666,31.829999923706055,25.139999389648438,25.530000686645508
2018-12-11,23.950000762939453,26.309999465942383,22.719999313354492,23.489999771118164
2018-12-12,22.06999969482422,23.059999465942383,21.479999542236328,22.860000610351562
2018-12-13,21.530000686645508,21.809999465942383,19.979999542236328,20.56999969482422
2018-12-14,21.3799991607666,23.459999084472656,20.530000686645508,21.469999313354492
2018-12-17,23.850000381469727,29.18000030517578,23.110000610351562,27.06999969482422
2018-12-18,26.450000762939453,29.610000610351562,25.739999771118164,28.360000610351562
2018-12-19,28.790000915527344,28.899999618530273,23.610000610351562,26.649999618530273
2018-12-20,26.959999084472656,33.86000061035156,25.920000076293945,30.420000076293945
2018-12-21,30.639999389648438,35.43000030517578,27.0,33.7400016784668
2018-12-24,37.349998474121094,42.5,35.97999954223633,42.400001525878906
2018-12-26,41.09000015258789,42.900001525878906,32.150001525878906,34.709999084472656
2018-12-27,37.869998931884766,39.63999938964844,33.38999938964844,33.880001068115234
2018-12-28,33.70000076293945,35.470001220703125,30.84000015258789,31.020000457763672
2018-12-31,31.719999313354492,31.739999771118164,27.270000457763672,27.350000381469727
2019-01-02,31.459999084472656,31.459999084472656,22.68000030517578,23.020000457763672
2019-01-03,25.81999969482422,28.950000762939453,24.469999313354492,26.959999084472656
2019-01-04,24.040000915527344,24.3799991607666,20.579999923706055,21.270000457763672
2019-01-07,23.420000076293945,23.420000076293945,21.110000610351562,21.68000030517578
2019-01-08,20.8799991607666,22.920000076293945,19.850000381469727,20.56999969482422
2019-01-09,20.260000228881836,21.040000915527344,18.700000762939453,19.18000030517578
2019-01-10,20.459999084472656,21.040000915527344,17.65999984741211,17.8799991607666
2019-01-11,18.639999389648438,18.760000228881836,15.880000114440918,16.100000381469727
2019-01-14,19.43000030517578,19.459999084472656,16.139999389648438,17.56999969482422
2019-01-15,17.6200008392334,17.68000030517578,16.15999984741211,16.84000015258789
2019-01-16,16.600000381469727,16.950000762939453,15.979999542236328,16.729999542236328
2019-01-17,17.31999969482422,17.31999969482422,15.3100004196167,15.75
2019-01-18,15.699999809265137,16.209999084472656,14.970000267028809,15.220000267028809
2019-01-22,18.959999084472656,21.959999084472656,18.889999389648438,21.56999969482422
2019-01-23,20.75,22.889999389648438,19.25,19.360000610351562
2019-01-24,20.399999618530273,20.6299991607666,17.600000381469727,18.09000015258789
2019-01-25,17.530000686645508,17.799999237060547,16.239999771118164,16.350000381469727
2019-01-28,20.260000228881836,22.06999969482422,19.280000686645508,19.3799991607666
2019-01-29,19.450000762939453,21.1200008392334,19.3799991607666,19.850000381469727
2019-01-30,19.520000457763672,19.969999313354492,17.280000686645508,17.31999969482422
2019-01-31,17.229999542236328,17.270000457763672,15.420000076293945,15.510000228881836
2019-02-01,15.180000305175781,15.350000381469727,13.989999771118164,14.130000114440918
2019-02-04,15.9399995803833,15.970000267028809,13.579999923706055,13.579999923706055
2019-02-05,13.859999656677246,14.399999618530273,13.1899995803833,13.579999923706055
2019-02-06,13.510000228881836,14.029999732971191,12.6899995803833,12.729999542236328
2019-02-07,14.1899995803833,17.450000762939453,13.779999732971191,14.890000343322754
2019-02-08,16.100000381469727,17.170000076293945,13.4399995803833,13.609999656677246
2019-02-11,14.720000267028809,15.470000267028809,14.5600004196167,14.670000076293945
2019-02-12,13.949999809265137,14.100000381469727,13.380000114440918,13.470000267028809
2019-02-13,13.729999542236328,14.140000343322754,12.819999694824219,13.489999771118164
2019-02-14,15.109999656677246,15.770000457763672,13.65999984741211,14.109999656677246
2019-02-15,13.449999809265137,13.609999656677246,12.020000457763672,12.180000305175781
2019-02-19,15.199999809265137,15.210000038146973,13.1899995803833,13.380000114440918
2019-02-20,13.65999984741211,13.890000343322754,12.479999542236328,12.600000381469727
2019-02-21,13.529999732971191,14.460000038146973,12.680000305175781,13.180000305175781
2019-02-22,13.130000114440918,13.180000305175781,11.470000267028809,11.489999771118164
2019-02-25,12.850000381469727,14.09000015258789,12.569999694824219,14.0600004196167
2019-02-26,14.479999542236328,14.609999656677246,13.289999961853027,14.199999809265137
2019-02-27,14.569999694824219,15.65999984741211,13.140000343322754,13.140000343322754
2019-02-28,13.170000076293945,13.739999771118164,12.460000038146973,13.180000305175781
2019-03-01,12.390000343322754,13.1899995803833,11.079999923706055,11.329999923706055
2019-03-04,12.420000076293945,17.649999618530273,11.899999618530273,13.399999618530273
2019-03-05,13.539999961853027,14.699999809265137,12.739999771118164,13.359999656677246
2019-03-06,13.600000381469727,15.649999618530273,13.489999771118164,14.989999771118164
2019-03-07,16.09000015258789,18.469999313354492,15.170000076293945,16.149999618530273
2019-03-08,18.56999969482422,18.790000915527344,14.5600004196167,14.630000114440918
2019-03-11,16.06999969482422,16.06999969482422,13.359999656677246,13.399999618530273
2019-03-12,13.569999694824219,13.609999656677246,12.6899995803833,12.729999542236328
2019-03-13,12.40999984741211,13.300000190734863,12.170000076293945,12.529999732971191
2019-03-14,12.960000038146973,13.199999809265137,12.050000190734863,12.520000457763672
2019-03-15,12.390000343322754,12.430000305175781,11.180000305175781,11.220000267028809
2019-03-18,12.739999771118164,13.609999656677246,12.479999542236328,12.529999732971191
2019-03-19,12.239999771118164,13.930000305175781,12.220000267028809,13.529999732971191
2019-03-20,14.220000267028809,14.729999542236328,12.359999656677246,13.489999771118164
2019-03-21,13.979999542236328,13.989999771118164,12.619999885559082,13.109999656677246
2019-03-22,13.9399995803833,18.469999313354492,13.600000381469727,16.850000381469727
2019-03-25,18.889999389648438,19.56999969482422,16.3799991607666,16.40999984741211
2019-03-26,15.460000038146973,15.630000114440918,13.890000343322754,13.949999809265137
2019-03-27,14.40999984741211,17.1299991607666,14.180000305175781,14.699999809265137
2019-03-28,14.619999885559082,15.569999694824219,13.640000343322754,13.699999809265137
2019-03-29,13.15999984741211,13.640000343322754,12.0600004196167,12.34000015258789
2019-04-01,13.210000038146973,13.34000015258789,11.949999809265137,12.109999656677246
2019-04-02,12.260000228881836,12.470000267028809,11.510000228881836,11.859999656677246
2019-04-03,11.75,13.119999885559082,11.630000114440918,12.289999961853027
2019-04-04,12.4399995803833,12.449999809265137,11.3100004196167,11.579999923706055
2019-04-05,11.260000228881836,11.260000228881836,9.920000076293945,10.119999885559082
2019-04-08,11.630000114440918,11.920000076293945,10.649999618530273,10.739999771118164
2019-04-09,11.710000038146973,12.210000038146973,11.029999732971191,11.779999732971191
2019-04-10,11.449999809265137,11.619999885559082,8.770000457763672,10.140000343322754
2019-04-11,10.8100004196167,11.050000190734863,10.289999961853027,10.520000457763672
2019-04-12,10.4399995803833,10.609999656677246,9.649999618530273,9.739999771118164
2019-04-15,10.989999771118164,11.770000457763672,10.529999732971191,10.609999656677246
2019-04-16,10.390000343322754,11.09000015258789,10.229999542236328,10.760000228881836
2019-04-17,10.279999732971191,11.829999923706055,10.25,11.0
2019-04-18,10.65999984741211,11.130000114440918,9.859999656677246,9.930000305175781
2019-04-22,13.15999984741211,13.170000076293945,11.569999694824219,11.630000114440918
2019-04-23,11.710000038146973,12.15999984741211,11.479999542236328,11.640000343322754
2019-04-24,11.90999984741211,12.729999542236328,11.649999618530273,12.539999961853027
2019-04-25,13.180000305175781,14.119999885559082,11.819999694824219,12.359999656677246
2019-04-26,12.479999542236328,12.770000457763672,11.319999694824219,11.8100004196167
2019-04-29,13.0,13.0,12.289999961853027,12.520000457763672
2019-04-30,13.020000457763672,13.819999694824219,12.34000015258789,12.4399995803833
2019-05-01,12.510000228881836,15.09000015258789,12.0600004196167,14.949999809265137
2019-05-02,14.75,16.610000610351562,13.470000267028809,13.920000076293945
2019-05-03,12.5,12.5,10.960000038146973,10.960000038146973
2019-05-06,20.360000610351562,20.360000610351562,14.920000076293945,15.449999809265137
2019-05-07,18.540000915527344,24.8799991607666,18.360000610351562,20.739999771118164
2019-05-08,21.959999084472656,23.209999084472656,19.350000381469727,21.329999923706055
2019-05-09,26.440000534057617,27.260000228881836,20.8799991607666,21.860000610351562
2019-05-10,20.690000534057617,23.079999923706055,15.84000015258789,16.56999969482422
2019-05-13,22.850000381469727,24.360000610351562,21.479999542236328,22.760000228881836
2019-05-14,22.760000228881836,22.760000228881836,18.420000076293945,18.760000228881836
2019-05-15,20.350000381469727,20.399999618530273,16.1200008392334,16.309999465942383
2019-05-16,16.139999389648438,16.139999389648438,14.710000038146973,15.0600004196167
2019-05-17,17.110000610351562,17.110000610351562,14.479999542236328,16.260000228881836
2019-05-20,18.770000457763672,19.40999984741211,16.610000610351562,16.81999969482422
2019-05-21,15.8100004196167,15.8100004196167,13.979999542236328,14.5
2019-05-22,14.5,14.9399995803833,13.479999542236328,13.920000076293945
2019-05-23,16.440000534057617,18.989999771118164,16.420000076293945,17.399999618530273
2019-05-24,15.779999732971191,16.489999771118164,15.229999542236328,15.359999656677246
2019-05-28,16.84000015258789,18.530000686645508,15.920000076293945,17.979999542236328
2019-05-29,19.040000915527344,19.90999984741211,18.040000915527344,18.34000015258789
2019-05-30,17.18000030517578,18.3700008392334,16.350000381469727,17.1200008392334
2019-05-31,19.719999313354492,19.93000030517578,18.040000915527344,19.0
2019-06-03,19.299999237060547,20.459999084472656,18.59000015258789,19.260000228881836
2019-06-04,18.520000457763672,18.889999389648438,16.649999618530273,16.649999618530273
2019-06-05,16.450000762939453,17.520000457763672,14.789999961853027,14.899999618530273
2019-06-06,15.239999771118164,15.399999618530273,14.220000267028809,14.880000114440918
2019-06-07,14.4399995803833,15.40999984741211,14.3100004196167,15.020000457763672
2019-06-10,15.5,16.049999237060547,15.25,15.25
2019-06-11,14.850000381469727,16.190000534057617,14.850000381469727,15.149999618530273
2019-06-12,15.289999961853027,15.489999771118164,14.640000343322754,14.65999984741211
2019-06-13,14.850000381469727,15.010000228881836,14.369999885559082,14.59000015258789
2019-06-14,15.15999984741211,15.520000457763672,13.5,13.5600004196167
2019-06-17,15.359999656677246,15.5,14.600000381469727,14.989999771118164
2019-06-18,15.069999694824219,15.640000343322754,14.149999618530273,15.289999961853027
2019-06-19,15.319999694824219,17.010000228881836,13.699999809265137,13.869999885559082
2019-06-20,13.539999961853027,16.549999237060547,13.119999885559082,14.770000457763672
2019-06-21,14.680000305175781,14.829999923706055,13.9399995803833,14.829999923706055
2019-06-24,16.219999313354492,16.389999389648438,15.800000190734863,15.800000190734863
2019-06-25,15.800000190734863,17.739999771118164,15.779999732971191,17.010000228881836
2019-06-26,17.030000686645508,17.329999923706055,16.280000686645508,16.799999237060547
2019-06-27,16.850000381469727,17.100000381469727,16.239999771118164,16.34000015258789
2019-06-28,16.639999389648438,17.059999465942383,15.670000076293945,15.670000076293945
2019-07-01,13.199999809265137,13.40999984741211,12.319999694824219,12.510000228881836
2019-07-02,12.3100004196167,12.489999771118164,10.380000114440918,10.420000076293945
2019-07-03,10.529999732971191,10.529999732971191,9.869999885559082,9.90999984741211
2019-07-05,11.399999618530273,12.380000114440918,10.34000015258789,10.569999694824219
2019-07-08,12.3100004196167,12.529999732971191,11.020000457763672,11.119999885559082
2019-07-09,12.050000190734863,12.050000190734863,10.869999885559082,11.079999923706055
2019-07-10,10.649999618530273,10.649999618530273,9.880000114440918,9.9399995803833
2019-07-11,10.09000015258789,10.569999694824219,9.739999771118164,10.079999923706055
2019-07-12,9.899999618530273,9.930000305175781,9.479999542236328,9.880000114440918
2019-07-15,10.949999809265137,11.25,10.789999961853027,11.010000228881836
2019-07-16,10.979999542236328,12.100000381469727,10.34000015258789,11.710000038146973
2019-07-17,11.59000015258789,13.420000076293945,11.460000038146973,13.420000076293945
2019-07-18,13.399999618530273,14.289999961853027,12.100000381469727,12.680000305175781
2019-07-19,12.680000305175781,13.5600004196167,12.220000267028809,13.5600004196167
2019-07-22,15.050000190734863,15.239999771118164,13.460000038146973,13.640000343322754
2019-07-23,13.59000015258789,13.850000381469727,12.300000190734863,12.819999694824219
2019-07-24,13.390000343322754,13.390000343322754,12.130000114440918,12.1899995803833
2019-07-25,12.779999732971191,13.920000076293945,12.449999809265137,12.529999732971191
2019-07-26,12.229999542236328,12.289999961853027,11.5,11.539999961853027
2019-07-29,12.6899995803833,13.399999618530273,12.5600004196167,12.670000076293945
2019-07-30,14.329999923706055,14.609999656677246,13.609999656677246,14.460000038146973
2019-07-31,14.4399995803833,18.40999984741211,12.359999656677246,18.40999984741211
2019-08-01,15.569999694824219,22.440000534057617,13.100000381469727,19.31999969482422
2019-08-02,19.5,22.309999465942383,17.690000534057617,17.690000534057617
2019-08-05,24.1200008392334,30.15999984741211,23.729999542236328,29.139999389648438
2019-08-06,24.31999969482422,25.459999084472656,21.239999771118164,21.84000015258789
2019-08-07,25.559999465942383,27.649999618530273,19.979999542236328,20.950000762939453
2019-08-08,19.65999984741211,19.760000228881836,16.459999084472656,16.770000457763672
2019-08-09,16.760000228881836,20.200000762939453,16.760000228881836,17.75
2019-08-12,21.469999313354492,23.1299991607666,19.8700008392334,22.450000762939453
2019-08-13,22.079999923706055,22.290000915527344,17.489999771118164,17.489999771118164
2019-08-14,17.6200008392334,25.270000457763672,17.6200008392334,24.420000076293945
2019-08-15,24.190000534057617,25.860000610351562,22.040000915527344,22.450000762939453
2019-08-16,22.5,22.5,18.139999389648438,18.360000610351562
2019-08-19,17.479999542236328,17.760000228881836,16.489999771118164,17.200000762939453
2019-08-20,17.639999389648438,18.940000534057617,16.770000457763672,18.43000030517578
2019-08-21,16.25,16.860000610351562,15.859999656677246,16.09000015258789
2019-08-22,15.8100004196167,18.40999984741211,15.630000114440918,16.709999084472656
2019-08-23,19.010000228881836,24.15999984741211,16.110000610351562,21.549999237060547
2019-08-26,22.280000686645508,23.510000228881836,19.469999313354492,19.81999969482422
2019-08-27,19.1200008392334,21.989999771118164,18.399999618530273,20.809999465942383
2019-08-28,22.0,22.670000076293945,18.899999618530273,19.15999984741211
2019-08-29,17.440000534057617,18.56999969482422,16.760000228881836,16.850000381469727
2019-08-30,16.809999465942383,18.860000610351562,16.209999084472656,18.600000381469727
2019-09-03,20.760000228881836,21.59000015258789,18.940000534057617,19.06999969482422
2019-09-04,16.8700008392334,17.649999618530273,15.460000038146973,15.600000381469727
2019-09-05,14.90999984741211,14.930000305175781,13.010000228881836,14.59000015258789
2019-09-06,14.15999984741211,14.289999961853027,12.34000015258789,12.390000343322754
2019-09-09,13.729999542236328,14.979999542236328,13.520000457763672,13.65999984741211
2019-09-10,14.59000015258789,15.649999618530273,13.34000015258789,13.760000228881836
2019-09-11,14.100000381469727,14.130000114440918,13.09000015258789,13.130000114440918
2019-09-12,13.239999771118164,13.789999961853027,11.199999809265137,13.100000381469727
2019-09-13,13.0600004196167,13.430000305175781,12.260000228881836,12.619999885559082
2019-09-16,15.039999961853027,15.180000305175781,14.140000343322754,14.600000381469727
2019-09-17,14.949999809265137,15.25,14.430000305175781,14.539999961853027
2019-09-18,15.149999618530273,17.309999465942383,13.710000038146973,14.130000114440918
2019-09-19,14.100000381469727,14.100000381469727,12.180000305175781,13.180000305175781
2019-09-20,12.199999809265137,15.670000076293945,11.779999732971191,14.680000305175781
2019-09-23,12.430000305175781,15.430000305175781,8.880000114440918,9.829999923706055
2019-09-24,13.489999771118164,18.690000534057617,13.119999885559082,17.729999542236328
2019-09-25,17.770000457763672,19.65999984741211,14.930000305175781,15.300000190734863
2019-09-26,15.510000228881836,17.399999618530273,14.569999694824219,15.199999809265137
2019-09-27,15.140000343322754,19.40999984741211,13.4399995803833,16.770000457763672
2019-09-30,16.969999313354492,17.030000686645508,15.199999809265137,15.279999732971191
2019-10-01,15.260000228881836,19.290000915527344,14.649999618530273,18.940000534057617
2019-10-02,20.309999465942383,23.43000030517578,20.239999771118164,21.709999084472656
2019-10-03,21.010000228881836,23.040000915527344,19.229999542236328,19.479999542236328
2019-10-04,18.700000762939453,18.700000762939453,16.020000457763672,16.270000457763672
2019-10-07,18.43000030517578,18.649999618530273,16.31999969482422,17.700000762939453
2019-10-08,19.889999389648438,20.739999771118164,18.31999969482422,20.290000915527344
2019-10-09,19.389999389648438,19.93000030517578,16.860000610351562,18.260000228881836
2019-10-10,19.899999618530273,19.940000534057617,17.600000381469727,17.780000686645508
2019-10-11,16.93000030517578,17.75,14.59000015258789,15.279999732971191
2019-10-14,16.09000015258789,16.09000015258789,13.880000114440918,14.010000228881836
2019-10-15,13.4399995803833,13.4399995803833,12.25,12.300000190734863
2019-10-16,13.050000190734863,13.4399995803833,11.800000190734863,11.920000076293945
2019-10-17,12.119999885559082,12.729999542236328,11.619999885559082,11.899999618530273
2019-10-18,12.890000343322754,13.859999656677246,12.260000228881836,12.350000381469727
2019-10-21,13.460000038146973,13.720000267028809,12.609999656677246,12.609999656677246
2019-10-22,12.529999732971191,13.520000457763672,12.050000190734863,13.300000190734863
2019-10-23,13.460000038146973,13.65999984741211,12.270000457763672,12.270000457763672
2019-10-24,12.170000076293945,12.920000076293945,11.399999618530273,11.890000343322754
2019-10-25,12.069999694824219,12.069999694824219,10.329999923706055,10.329999923706055
2019-10-28,11.539999961853027,11.760000228881836,11.289999961853027,11.699999809265137
2019-10-29,12.1899995803833,12.300000190734863,11.600000381469727,11.75
2019-10-30,12.210000038146973,13.029999732971191,10.600000381469727,10.670000076293945
2019-10-31,11.670000076293945,12.970000267028809,11.40999984741211,11.579999923706055
2019-11-01,10.8100004196167,11.5600004196167,9.789999961853027,9.84000015258789
2019-11-04,11.170000076293945,11.710000038146973,10.760000228881836,11.079999923706055
2019-11-05,11.579999923706055,11.579999923706055,10.640000343322754,10.989999771118164
2019-11-06,11.140000343322754,11.859999656677246,9.470000267028809,9.470000267028809
2019-11-07,10.039999961853027,10.300000190734863,9.680000305175781,10.15999984741211
2019-11-08,10.149999618530273,10.760000228881836,9.300000190734863,9.319999694824219
2019-11-11,9.300000190734863,11.800000190734863,9.300000190734863,10.6899995803833
2019-11-12,10.869999885559082,11.34000015258789,10.4399995803833,10.800000190734863
2019-11-13,11.930000305175781,11.970000267028809,10.920000076293945,10.970000267028809
2019-11-14,11.460000038146973,12.029999732971191,10.90999984741211,11.229999542236328
2019-11-15,10.859999656677246,11.069999694824219,9.569999694824219,9.670000076293945
2019-11-18,11.430000305175781,11.619999885559082,10.170000076293945,10.180000305175781
2019-11-19,10.119999885559082,10.699999809265137,9.6899995803833,10.25
2019-11-20,10.65999984741211,12.90999984741211,9.84000015258789,10.199999809265137
2019-11-21,10.75,11.760000228881836,10.319999694824219,10.5600004196167
2019-11-22,10.529999732971191,10.880000114440918,9.220000267028809,9.220000267028809
2019-11-25,10.359999656677246,10.380000114440918,9.640000343322754,9.760000228881836
2019-11-26,9.920000076293945,10.039999961853027,9.449999809265137,9.5
2019-11-27,9.6899995803833,9.930000305175781,9.0600004196167,9.899999618530273
2019-11-29,11.359999656677246,11.680000305175781,10.970000267028809,11.359999656677246
2019-12-02,13.289999961853027,16.200000762939453,13.289999961853027,15.300000190734863
2019-12-03,19.350000381469727,20.59000015258789,16.469999313354492,16.860000610351562
2019-12-04,15.880000114440918,16.010000228881836,14.029999732971191,14.920000076293945
2019-12-05,14.539999961853027,15.630000114440918,13.6899995803833,13.9399995803833
2019-12-06,12.470000267028809,12.850000381469727,12.199999809265137,12.8100004196167
2019-12-09,14.699999809265137,17.40999984741211,14.270000457763672,17.059999465942383
2019-12-10,16.579999923706055,17.889999389648438,15.970000267028809,16.239999771118164
2019-12-11,16.729999542236328,17.030000686645508,14.359999656677246,15.270000457763672
2019-12-12,16.25,16.700000762939453,13.8100004196167,14.670000076293945
2019-12-13,14.9399995803833,15.350000381469727,11.84000015258789,12.40999984741211
2019-12-16,11.010000228881836,12.079999923706055,10.579999923706055,11.630000114440918
2019-12-17,11.350000381469727,11.600000381469727,10.869999885559082,11.15999984741211
2019-12-18,10.710000038146973,10.880000114440918,9.899999618530273,10.300000190734863
2019-12-19,10.260000228881836,10.289999961853027,9.329999923706055,9.390000343322754
2019-12-20,8.819999694824219,9.359999656677246,8.550000190734863,9.270000457763672
2019-12-23,10.369999885559082,10.479999542236328,9.59000015258789,9.829999923706055
2019-12-24,9.84000015258789,10.079999923706055,9.489999771118164,9.5600004196167
2019-12-26,10.109999656677246,10.15999984741211,9.710000038146973,9.9399995803833
2019-12-27,10.319999694824219,11.579999923706055,10.300000190734863,11.0
2019-12-30,10.989999771118164,14.460000038146973,10.989999771118164,13.770000457763672
2019-12-31,14.470000267028809,14.6899995803833,13.15999984741211,13.260000228881836
2020-01-02,12.4399995803833,12.75,10.430000305175781,10.600000381469727
2020-01-03,14.880000114440918,14.880000114440918,11.90999984741211,12.779999732971191
2020-01-06,15.890000343322754,15.890000343322754,12.109999656677246,12.420000076293945
2020-01-07,13.199999809265137,13.5600004196167,11.729999542236328,12.34000015258789
2020-01-08,13.430000305175781,13.449999809265137,10.8100004196167,12.220000267028809
2020-01-09,11.649999618530273,11.770000457763672,10.829999923706055,10.859999656677246
2020-01-10,10.510000228881836,11.079999923706055,9.800000190734863,10.569999694824219
2020-01-13,11.390000343322754,11.670000076293945,10.050000190734863,10.050000190734863
2020-01-14,10.289999961853027,11.109999656677246,9.489999771118164,10.180000305175781
2020-01-15,10.350000381469727,10.430000305175781,9.680000305175781,9.6899995803833
2020-01-16,9.489999771118164,9.829999923706055,9.239999771118164,9.710000038146973
2020-01-17,9.729999542236328,9.84000015258789,8.979999542236328,9.039999961853027
2020-01-21,11.819999694824219,12.170000076293945,11.010000228881836,11.380000114440918
2020-01-22,11.25,11.279999732971191,10.40999984741211,11.029999732971191
2020-01-23,11.0,13.010000228881836,11.0,11.399999618530273
2020-01-24,11.390000343322754,17.799999237060547,11.270000457763672,14.649999618530273
2020-01-27,14.579999923706055,22.149999618530273,14.579999923706055,21.299999237060547
2020-01-28,19.1200008392334,19.8799991607666,17.350000381469727,18.34000015258789
2020-01-29,16.8799991607666,19.200000762939453,16.239999771118164,18.1200008392334
2020-01-30,20.190000534057617,21.229999542236328,16.110000610351562,16.40999984741211
2020-01-31,18.229999542236328,23.329999923706055,18.06999969482422,21.65999984741211
2020-02-03,20.09000015258789,20.309999465942383,18.290000915527344,19.229999542236328
2020-02-04,16.290000915527344,16.610000610351562,15.680000305175781,15.8100004196167
2020-02-05,14.739999771118164,15.75,13.520000457763672,13.6899995803833
2020-02-06,13.949999809265137,14.569999694824219,12.800000190734863,12.979999542236328
2020-02-07,14.380000114440918,15.210000038146973,12.899999618530273,13.729999542236328
2020-02-10,15.539999961853027,15.539999961853027,12.850000381469727,12.890000343322754
2020-02-11,12.300000190734863,13.229999542236328,11.9399995803833,13.039999961853027
2020-02-12,11.970000267028809,11.970000267028809,10.760000228881836,10.84000015258789
2020-02-13,12.899999618530273,13.0600004196167,11.550000190734863,11.829999923706055
2020-02-14,11.850000381469727,12.3100004196167,10.949999809265137,10.979999542236328
2020-02-18,13.9399995803833,14.699999809265137,12.90999984741211,13.020000457763672
2020-02-19,12.270000457763672,12.479999542236328,11.8100004196167,11.880000114440918
2020-02-20,12.90999984741211,16.809999465942383,12.3100004196167,13.859999656677246
2020-02-21,15.930000305175781,18.15999984741211,15.479999542236328,15.770000457763672
2020-02-24,27.459999084472656,33.45000076293945,24.770000457763672,31.899999618530273
2020-02-25,26.809999465942383,39.45000076293945,26.809999465942383,36.349998474121094
2020-02-26,33.119998931884766,36.849998474121094,29.899999618530273,34.84000015258789
2020-02-27,40.939998626708984,54.900001525878906,37.5,54.7400016784668
2020-02-28,60.189998626708984,70.4800033569336,52.119998931884766,52.900001525878906
2020-03-02,49.31999969482422,53.54999923706055,36.40999984741211,42.16999816894531
2020-03-03,42.369998931884766,53.720001220703125,31.43000030517578,47.34000015258789
2020-03-04,38.689998626708984,42.810001373291016,34.56999969482422,37.060001373291016
2020-03-05,45.0,55.09000015258789,40.849998474121094,48.630001068115234
2020-03-06,59.810001373291016,68.91000366210938,46.099998474121094,48.54999923706055
2020-03-09,48.619998931884766,76.7699966430664,48.619998931884766,70.30000305175781
2020-03-10,60.22999954223633,69.68000030517578,55.310001373291016,57.38999938964844
2020-03-11,64.48999786376953,70.94000244140625,60.22999954223633,68.20999908447266
2020-03-12,68.0,103.58000183105469,68.0,103.55999755859375
2020-03-13,80.56999969482422,102.30999755859375,65.05000305175781,69.87000274658203
2020-03-16,69.87000274658203,109.45999908447266,69.87000274658203,106.66000366210938
2020-03-17,103.08999633789062,110.91999816894531,85.08000183105469,92.93000030517578
2020-03-18,92.45999908447266,111.68000030517578,86.80000305175781,97.22000122070312
2020-03-19,98.7699966430664,107.41999816894531,87.37999725341797,91.0199966430664
2020-03-20,85.5199966430664,87.37999725341797,72.08999633789062,83.47000122070312
2020-03-23,90.12999725341797,92.37999725341797,77.83000183105469,78.76000213623047
2020-03-24,68.81999969482422,78.88999938964844,68.11000061035156,78.04000091552734
2020-03-25,81.98999786376953,84.66000366210938,76.58000183105469,81.30000305175781
2020-03-26,74.4000015258789,76.68000030517578,67.61000061035156,73.61000061035156
2020-03-27,82.62999725341797,82.62999725341797,69.06999969482422,72.33000183105469
2020-03-30,72.13999938964844,73.94000244140625,62.15999984741211,62.79999923706055
2020-03-31,61.02000045776367,65.7300033569336,56.2400016784668,60.15999984741211
2020-04-01,68.87000274658203,68.87000274658203,57.08000183105469,61.33000183105469
2020-04-02,58.779998779296875,61.099998474121094,52.290000915527344,52.810001373291016
2020-04-03,51.15999984741211,52.04999923706055,46.369998931884766,46.65999984741211
2020-04-06,45.560001373291016,47.86000061035156,44.2599983215332,47.02000045776367
2020-04-07,45.599998474121094,50.15999984741211,44.849998474121094,48.34000015258789
2020-04-08,44.869998931884766,47.119998931884766,41.880001068115234,42.459999084472656
2020-04-09,42.959999084472656,43.810001373291016,40.09000015258789,40.41999816894531
2020-04-13,46.43000030517578,48.81999969482422,41.650001525878906,41.7400016784668
2020-04-14,39.630001068115234,40.31999969482422,38.7400016784668,38.810001373291016
2020-04-15,44.25,44.97999954223633,41.130001068115234,41.63999938964844
2020-04-16,41.619998931884766,44.189998626708984,40.040000915527344,40.4900016784668
2020-04-17,40.220001220703125,40.959999084472656,20.06999969482422,36.18000030517578
2020-04-20,43.25,44.040000915527344,39.95000076293945,44.0
2020-04-21,46.369998931884766,48.380001068115234,44.68000030517578,45.459999084472656
2020-04-22,42.79999923706055,43.209999084472656,32.18000030517578,40.209999084472656
2020-04-23,38.650001525878906,40.470001220703125,36.13999938964844,39.349998474121094
2020-04-24,37.27000045776367,38.18000030517578,31.149999618530273,31.719999313354492
2020-04-27,33.88999938964844,33.90999984741211,30.940000534057617,31.40999984741211
2020-04-28,29.770000457763672,35.59000015258789,29.770000457763672,32.439998626708984
2020-04-29,30.389999389648438,31.31999969482422,29.56999969482422,29.65999984741211
2020-04-30,32.45000076293945,35.22999954223633,31.540000915527344,32.880001068115234
2020-05-01,37.63999938964844,39.36000061035156,34.88999938964844,35.56999969482422
2020-05-04,40.130001068115234,40.72999954223633,34.91999816894531,35.45000076293945
2020-05-05,33.5,33.5099983215332,30.530000686645508,33.189998626708984
2020-05-06,30.979999542236328,34.060001373291016,30.59000015258789,33.97999954223633
2020-05-07,30.079999923706055,30.940000534057617,28.770000457763672,29.75
2020-05-08,27.360000610351562,27.959999084472656,24.709999084472656,24.889999389648438
2020-05-11,30.040000915527344,30.1200008392334,25.719999313354492,26.170000076293945
2020-05-12,24.549999237060547,33.36000061035156,24.420000076293945,33.36000061035156
2020-05-13,32.31999969482422,39.33000183105469,31.149999618530273,34.630001068115234
2020-05-14,37.7400016784668,39.52000045776367,31.049999237060547,31.65999984741211
2020-05-15,33.40999984741211,34.47999954223633,28.700000762939453,29.709999084472656
2020-05-18,27.520000457763672,27.719999313354492,26.610000610351562,27.6200008392334
2020-05-19,27.809999465942383,28.399999618530273,25.600000381469727,28.030000686645508
2020-05-20,25.139999389648438,26.270000457763672,24.75,24.93000030517578
2020-05-21,24.84000015258789,28.239999771118164,24.219999313354492,26.149999618530273
2020-05-22,26.079999923706055,26.90999984741211,23.18000030517578,23.469999313354492
2020-05-26,25.15999984741211,26.350000381469727,24.829999923706055,25.5
2020-05-27,24.93000030517578,29.1299991607666,24.59000015258789,25.170000076293945
2020-05-28,26.190000534057617,28.030000686645508,24.739999771118164,26.020000457763672
2020-05-29,28.709999084472656,28.8799991607666,24.389999389648438,24.59000015258789
2020-06-01,30.40999984741211,30.420000076293945,27.020000457763672,27.079999923706055
2020-06-02,27.270000457763672,27.56999969482422,24.809999465942383,25.059999465942383
2020-06-03,25.100000381469727,25.3799991607666,23.219999313354492,23.969999313354492
2020-06-04,24.270000457763672,24.479999542236328,21.829999923706055,23.559999465942383
2020-06-05,21.969999313354492,23.399999618530273,21.540000915527344,22.6299991607666
2020-06-08,24.950000762939453,25.440000534057617,24.270000457763672,25.18000030517578
2020-06-09,25.8700008392334,27.09000015258789,25.329999923706055,26.920000076293945
2020-06-10,26.93000030517578,29.3700008392334,19.540000915527344,27.100000381469727
2020-06-11,32.38999938964844,47.209999084472656,29.389999389648438,42.060001373291016
2020-06-12,37.470001220703125,47.470001220703125,34.47999954223633,36.52000045776367
2020-06-15,44.5,45.380001068115234,35.93000030517578,35.97999954223633
2020-06-16,34.75,40.43000030517578,33.06999969482422,35.380001068115234
2020-06-17,35.470001220703125,37.150001525878906,32.630001068115234,33.97999954223633
2020-06-18,36.040000915527344,36.040000915527344,31.110000610351562,32.04999923706055
2020-06-19,29.68000030517578,34.779998779296875,28.93000030517578,33.91999816894531
2020-06-22,34.84000015258789,35.68000030517578,31.100000381469727,31.229999542236328
2020-06-23,30.030000686645508,30.8700008392334,28.8799991607666,30.290000915527344
2020-06-24,31.770000457763672,38.27000045776367,30.790000915527344,33.25
2020-06-25,33.290000915527344,36.7599983215332,30.360000610351562,30.920000076293945
2020-06-26,30.940000534057617,36.310001373291016,30.93000030517578,33.310001373291016
2020-06-29,34.86000061035156,36.93000030517578,30.420000076293945,30.420000076293945
2020-06-30,31.15999984741211,31.280000686645508,27.15999984741211,29.139999389648438
2020-07-01,28.06999969482422,28.389999389648438,24.920000076293945,25.200000762939453
2020-07-02,23.3799991607666,25.219999313354492,22.0,22.639999389648438
2020-07-06,25.799999237060547,26.450000762939453,24.8799991607666,25.229999542236328
2020-07-07,25.920000076293945,27.200000762939453,24.540000915527344,26.84000015258789
2020-07-08,25.889999389648438,27.59000015258789,23.59000015258789,23.670000076293945
2020-07-09,23.350000381469727,29.489999771118164,23.34000015258789,25.549999237060547
2020-07-10,26.110000610351562,27.559999465942383,22.389999389648438,22.59000015258789
2020-07-13,24.850000381469727,31.0,24.790000915527344,30.309999465942383
2020-07-14,31.440000534057617,33.400001525878906,27.489999771118164,27.780000686645508
2020-07-15,26.670000076293945,29.479999542236328,25.219999313354492,25.219999313354492
2020-07-16,26.639999389648438,27.360000610351562,24.549999237060547,25.850000381469727
2020-07-17,24.110000610351562,25.1200008392334,21.899999618530273,22.15999984741211
2020-07-20,24.65999984741211,24.979999542236328,22.489999771118164,22.520000457763672
2020-07-21,22.459999084472656,24.1299991607666,22.15999984741211,23.329999923706055
2020-07-22,23.93000030517578,24.329999923706055,21.530000686645508,21.649999618530273
2020-07-23,22.280000686645508,26.06999969482422,21.65999984741211,24.100000381469727
2020-07-24,26.93000030517578,28.040000915527344,22.260000228881836,22.700000762939453
2020-07-27,25.25,25.450000762939453,22.299999237060547,22.3799991607666
2020-07-28,23.149999618530273,24.100000381469727,22.0,23.540000915527344
2020-07-29,23.0,23.030000686645508,21.670000076293945,21.93000030517578
2020-07-30,25.260000228881836,27.780000686645508,22.649999618530273,22.790000915527344
2020-07-31,22.829999923706055,25.209999084472656,19.729999542236328,20.610000610351562
2020-08-03,22.479999542236328,22.649999618530273,20.8799991607666,20.950000762939453
2020-08-04,21.280000686645508,21.770000457763672,20.389999389648438,20.440000534057617
2020-08-05,20.030000686645508,20.079999923706055,18.649999618530273,19.020000457763672
2020-08-06,19.959999084472656,20.360000610351562,18.920000076293945,19.399999618530273
2020-08-07,20.790000915527344,20.790000915527344,17.959999084472656,18.079999923706055
2020-08-10,20.09000015258789,21.6200008392334,18.780000686645508,18.8799991607666
2020-08-11,18.450000762939453,23.579999923706055,18.260000228881836,21.889999389648438
2020-08-12,19.219999313354492,19.709999084472656,18.260000228881836,18.899999618530273
2020-08-13,19.399999618530273,19.889999389648438,17.90999984741211,18.540000915527344
2020-08-14,19.489999771118164,19.729999542236328,17.459999084472656,17.8700008392334
2020-08-17,19.540000915527344,19.559999465942383,17.559999465942383,17.600000381469727
2020-08-18,17.8799991607666,19.489999771118164,17.56999969482422,17.81999969482422
2020-08-19,17.969999313354492,19.639999389648438,17.280000686645508,19.229999542236328
2020-08-20,21.90999984741211,21.90999984741211,18.350000381469727,18.850000381469727
2020-08-21,19.719999313354492,20.209999084472656,17.579999923706055,18.010000228881836
2020-08-24,19.68000030517578,20.350000381469727,18.6299991607666,18.809999465942383
2020-08-25,19.489999771118164,20.25,18.010000228881836,18.09000015258789
2020-08-26,18.15999984741211,19.969999313354492,17.65999984741211,19.959999084472656
2020-08-27,19.280000686645508,24.600000381469727,19.149999618530273,20.190000534057617
2020-08-28,20.860000610351562,22.360000610351562,16.649999618530273,17.1299991607666
2020-08-31,20.639999389648438,21.65999984741211,19.600000381469727,21.100000381469727
2020-09-01,20.969999313354492,21.56999969482422,19.239999771118164,19.649999618530273
2020-09-02,19.940000534057617,21.100000381469727,19.18000030517578,20.709999084472656
2020-09-03,21.520000457763672,34.790000915527344,20.8799991607666,30.450000762939453
2020-09-04,30.209999084472656,40.20000076293945,28.139999389648438,29.40999984741211
2020-09-08,38.279998779296875,38.279998779296875,31.90999984741211,32.90999984741211
2020-09-09,30.43000030517578,30.81999969482422,27.40999984741211,29.09000015258789
2020-09-10,27.489999771118164,31.559999465942383,26.809999465942383,30.43000030517578
2020-09-11,28.530000686645508,30.8799991607666,25.399999618530273,26.329999923706055
2020-09-14,26.6200008392334,26.8799991607666,24.5,25.059999465942383
2020-09-15,24.360000610351562,24.81999969482422,23.600000381469727,24.219999313354492
2020-09-16,24.360000610351562,24.950000762939453,22.5,23.770000457763672
2020-09-17,28.3700008392334,28.3700008392334,24.790000915527344,24.950000762939453
2020-09-18,24.56999969482422,28.049999237060547,23.920000076293945,24.020000457763672
2020-09-21,31.09000015258789,32.900001525878906,27.559999465942383,28.110000610351562
2020-09-22,27.770000457763672,28.56999969482422,25.43000030517578,25.950000762939453
2020-09-23,25.440000534057617,29.799999237060547,25.1200008392334,27.969999313354492
2020-09-24,28.059999465942383,30.8799991607666,27.139999389648438,27.649999618530273
2020-09-25,27.600000381469727,29.139999389648438,24.190000534057617,24.56999969482422
2020-09-28,26.3700008392334,26.610000610351562,25.110000610351562,25.209999084472656
2020-09-29,26.260000228881836,27.530000686645508,25.450000762939453,25.989999771118164
2020-09-30,25.639999389648438,26.40999984741211,24.479999542236328,25.770000457763672
2020-10-01,25.139999389648438,26.420000076293945,24.65999984741211,24.799999237060547
2020-10-02,27.440000534057617,27.440000534057617,23.579999923706055,24.639999389648438
2020-10-05,25.360000610351562,25.389999389648438,23.440000534057617,23.510000228881836
2020-10-06,23.06999969482422,26.030000686645508,21.780000686645508,25.079999923706055
2020-10-07,23.360000610351562,23.549999237060547,21.739999771118164,21.739999771118164
2020-10-08,21.6200008392334,21.959999084472656,19.8799991607666,19.940000534057617
2020-10-09,19.549999237060547,19.56999969482422,18.200000762939453,18.850000381469727
2020-10-12,20.040000915527344,21.170000076293945,19.479999542236328,20.299999237060547
2020-10-13,20.329999923706055,22.610000610351562,20.329999923706055,21.389999389648438
2020-10-14,21.520000457763672,22.690000534057617,20.700000762939453,21.299999237060547
2020-10-15,24.40999984741211,24.40999984741211,20.8799991607666,21.3799991607666
2020-10-16,21.510000228881836,21.639999389648438,20.239999771118164,21.639999389648438
2020-10-19,23.40999984741211,25.920000076293945,23.219999313354492,24.649999618530273
2020-10-20,24.510000228881836,25.229999542236328,23.760000228881836,24.56999969482422
2020-10-21,24.899999618530273,25.030000686645508,23.100000381469727,23.200000762939453
2020-10-22,24.950000762939453,25.579999923706055,23.84000015258789,24.059999465942383
2020-10-23,24.850000381469727,25.84000015258789,23.84000015258789,24.290000915527344
2020-10-26,30.90999984741211,37.459999084472656,30.469999313354492,35.90999984741211
2020-10-27,36.59000015258789,38.08000183105469,36.099998474121094,37.290000915527344
2020-10-28,44.130001068115234,50.15999984741211,41.0,47.900001525878906
2020-10-29,47.7400016784668,49.77000045776367,42.25,44.34000015258789
2020-10-30,44.09000015258789,48.540000915527344,42.86000061035156,44.33000183105469
2020-11-02,45.459999084472656,46.5099983215332,43.369998931884766,43.86000061035156
2020-11-03,42.41999816894531,43.4900016784668,40.66999816894531,43.20000076293945
2020-11-04,43.20000076293945,43.20000076293945,30.290000915527344,32.459999084472656
2020-11-05,32.5,32.5,27.15999984741211,28.09000015258789
2020-11-06,27.700000762939453,28.610000610351562,23.399999618530273,23.959999084472656
2020-11-09,23.959999084472656,26.780000686645508,22.75,26.709999084472656
2020-11-10,26.75,28.079999923706055,24.010000228881836,24.43000030517578
2020-11-11,24.43000030517578,24.43000030517578,21.489999771118164,21.59000015258789
2020-11-12,22.260000228881836,26.940000534057617,21.600000381469727,23.8799991607666
2020-11-13,22.0,22.190000534057617,20.3799991607666,21.010000228881836
2020-11-16,21.010000228881836,22.079999923706055,19.239999771118164,19.329999923706055
2020-11-17,19.309999465942383,21.280000686645508,18.469999313354492,18.809999465942383
2020-11-18,18.790000915527344,19.68000030517578,16.940000534057617,19.59000015258789
2020-11-19,19.649999618530273,20.850000381469727,18.6299991607666,19.260000228881836
2020-11-20,19.31999969482422,20.100000381469727,18.3700008392334,19.860000610351562
2020-11-23,19.899999618530273,22.309999465942383,19.559999465942383,19.579999923706055
2020-11-24,19.579999923706055,19.690000534057617,18.309999465942383,18.399999618530273
2020-11-25,18.399999618530273,19.420000076293945,17.059999465942383,17.139999389648438
2020-11-27,17.149999618530273,19.239999771118164,17.149999618530273,18.25
2020-11-30,18.329999923706055,23.420000076293945,18.329999923706055,19.8700008392334
2020-12-01,19.829999923706055,20.299999237060547,19.31999969482422,19.8700008392334
2020-12-02,19.8700008392334,20.299999237060547,18.81999969482422,19.290000915527344
2020-12-03,19.31999969482422,20.31999969482422,18.420000076293945,19.350000381469727
2020-12-04,19.3700008392334,19.3700008392334,17.780000686645508,17.959999084472656
2020-12-07,17.969999313354492,20.56999969482422,15.539999961853027,18.739999771118164
2020-12-08,18.700000762939453,19.649999618530273,17.969999313354492,18.170000076293945
2020-12-09,18.030000686645508,22.1299991607666,17.700000762939453,19.989999771118164
2020-12-10,21.31999969482422,22.09000015258789,18.950000762939453,19.670000076293945
2020-12-11,19.670000076293945,23.739999771118164,19.670000076293945,20.450000762939453
2020-12-14,20.399999618530273,23.709999084472656,18.799999237060547,23.670000076293945
2020-12-15,23.670000076293945,23.670000076293945,19.81999969482422,20.190000534057617
2020-12-16,20.190000534057617,21.889999389648438,18.799999237060547,18.799999237060547
2020-12-17,18.829999923706055,18.829999923706055,17.940000534057617,18.6200008392334
2020-12-18,18.59000015258789,22.15999984741211,16.420000076293945,16.700000762939453
2020-12-21,16.729999542236328,28.90999984741211,16.729999542236328,21.559999465942383
2020-12-22,21.649999618530273,22.110000610351562,19.690000534057617,19.90999984741211
2020-12-23,19.90999984741211,19.90999984741211,17.6299991607666,19.200000762939453
2020-12-24,19.18000030517578,19.18000030517578,16.850000381469727,17.1200008392334
2020-12-28,17.15999984741211,20.420000076293945,17.15999984741211,20.049999237060547
2020-12-29,20.040000915527344,22.68000030517578,19.760000228881836,21.469999313354492
2020-12-30,21.5,21.81999969482422,20.559999465942383,21.309999465942383
2020-12-31,21.290000915527344,22.489999771118164,20.56999969482422,21.200000762939453
2021-01-04,22.75,30.989999771118164,22.709999084472656,27.389999389648438
2021-01-05,27.260000228881836,28.110000610351562,23.8700008392334,24.290000915527344
2021-01-06,24.260000228881836,26.690000534057617,19.049999237060547,23.770000457763672
2021-01-07,23.729999542236328,23.729999542236328,18.31999969482422,19.420000076293945
2021-01-08,19.209999084472656,21.260000228881836,17.770000457763672,18.34000015258789
2021-01-11,18.3700008392334,23.59000015258789,18.3700008392334,21.690000534057617
2021-01-12,21.700000762939453,23.809999465942383,20.139999389648438,20.649999618530273
2021-01-13,20.6299991607666,21.15999984741211,18.6299991607666,18.90999984741211
2021-01-14,18.780000686645508,21.3700008392334,18.670000076293945,21.170000076293945
2021-01-15,21.040000915527344,25.489999771118164,20.389999389648438,21.690000534057617
2021-01-19,21.84000015258789,22.719999313354492,20.850000381469727,21.8799991607666
2021-01-20,20.440000534057617,20.59000015258789,18.690000534057617,18.850000381469727
2021-01-21,18.84000015258789,19.989999771118164,17.799999237060547,18.229999542236328
2021-01-22,18.229999542236328,20.420000076293945,17.479999542236328,18.420000076293945
2021-01-25,20.690000534057617,27.190000534057617,19.889999389648438,20.65999984741211
2021-01-26,20.68000030517578,21.520000457763672,20.1299991607666,20.459999084472656
2021-01-27,20.459999084472656,41.7599983215332,20.459999084472656,41.63999938964844
2021-01-28,42.04999923706055,42.04999923706055,25.56999969482422,30.0
2021-01-29,29.93000030517578,40.959999084472656,28.389999389648438,32.630001068115234
2021-02-01,30.3799991607666,34.369998931884766,27.0,28.989999771118164
2021-02-02,28.940000534057617,28.940000534057617,22.420000076293945,22.440000534057617
2021-02-03,22.309999465942383,22.520000457763672,18.969999313354492,18.969999313354492
2021-02-04,19.030000686645508,19.030000686645508,17.239999771118164,17.479999542236328
2021-02-05,17.459999084472656,17.739999771118164,15.470000267028809,15.520000457763672
2021-02-08,15.479999542236328,17.719999313354492,15.479999542236328,16.56999969482422
2021-02-09,16.56999969482422,17.84000015258789,16.260000228881836,17.09000015258789
2021-02-10,17.09000015258789,21.100000381469727,16.610000610351562,17.68000030517578
2021-02-11,17.68000030517578,19.979999542236328,16.809999465942383,17.09000015258789
2021-02-12,17.18000030517578,17.420000076293945,14.970000267028809,15.050000190734863
2021-02-16,15.029999732971191,20.6299991607666,15.029999732971191,19.31999969482422
2021-02-17,19.329999923706055,22.010000228881836,18.149999618530273,18.40999984741211
2021-02-18,18.420000076293945,22.3799991607666,18.420000076293945,19.459999084472656
2021-02-19,19.40999984741211,20.0,17.3700008392334,18.329999923706055
2021-02-22,18.299999237060547,23.0,18.299999237060547,21.219999313354492
2021-02-23,21.209999084472656,27.1299991607666,20.290000915527344,21.299999237060547
2021-02-24,23.229999542236328,24.31999969482422,18.31999969482422,18.350000381469727
2021-02-25,18.350000381469727,34.59000015258789,18.350000381469727,31.809999465942383
2021-02-26,31.600000381469727,34.66999816894531,25.0,29.420000076293945
2021-03-01,29.360000610351562,29.360000610351562,22.389999389648438,22.700000762939453
2021-03-02,22.6299991607666,24.020000457763672,21.280000686645508,23.170000076293945
2021-03-03,23.170000076293945,27.280000686645508,23.1200008392334,26.8799991607666
2021-03-04,26.8799991607666,35.02000045776367,24.459999084472656,29.299999237060547
2021-03-05,29.299999237060547,31.530000686645508,22.969999313354492,23.829999923706055
2021-03-08,23.760000228881836,27.729999542236328,23.760000228881836,25.700000762939453
2021-03-09,25.700000762939453,25.700000762939453,22.1299991607666,24.110000610351562
2021-03-10,24.1200008392334,24.1200008392334,20.8799991607666,20.979999542236328
2021-03-11,20.979999542236328,20.979999542236328,19.760000228881836,20.010000228881836
2021-03-12,20.93000030517578,21.020000457763672,17.350000381469727,17.40999984741211
2021-03-15,17.40999984741211,19.68000030517578,17.260000228881836,17.739999771118164
2021-03-16,17.700000762939453,18.440000534057617,17.15999984741211,17.93000030517578
2021-03-17,17.93000030517578,20.059999465942383,16.579999923706055,16.690000534057617
2021-03-18,16.690000534057617,22.299999237060547,16.690000534057617,20.329999923706055
2021-03-19,20.309999465942383,22.75,17.219999313354492,18.280000686645508
2021-03-22,18.969999313354492,19.079999923706055,16.329999923706055,16.399999618530273
2021-03-23,16.399999618530273,20.329999923706055,16.280000686645508,18.3700008392334
2021-03-24,18.40999984741211,19.459999084472656,16.739999771118164,19.06999969482422
2021-03-25,20.639999389648438,23.1200008392334,17.15999984741211,17.15999984741211
2021-03-26,17.190000534057617,20.329999923706055,15.979999542236328,16.31999969482422
2021-03-29,16.260000228881836,20.8799991607666,16.260000228881836,18.850000381469727
2021-03-30,18.850000381469727,20.479999542236328,17.040000915527344,17.280000686645508
2021-03-31,17.270000457763672,17.270000457763672,15.09000015258789,15.619999885559082
2021-04-01,15.569999694824219,15.569999694824219,12.800000190734863,12.970000267028809
2021-04-05,12.949999809265137,16.690000534057617,12.949999809265137,15.649999618530273
2021-04-06,15.6899995803833,16.239999771118164,15.59000015258789,15.710000038146973
2021-04-07,15.710000038146973,15.710000038146973,14.09000015258789,14.130000114440918
2021-04-08,14.130000114440918,14.680000305175781,13.899999618530273,13.9399995803833
2021-04-09,13.960000038146973,14.489999771118164,13.170000076293945,13.1899995803833
2021-04-12,13.1899995803833,15.829999923706055,13.1899995803833,14.239999771118164
2021-04-13,14.239999771118164,14.859999656677246,13.720000267028809,13.779999732971191
2021-04-14,13.779999732971191,15.630000114440918,13.720000267028809,14.100000381469727
2021-04-15,14.109999656677246,14.640000343322754,13.899999618530273,14.220000267028809
2021-04-16,14.199999809265137,14.84000015258789,12.449999809265137,12.970000267028809
2021-04-19,12.9399995803833,17.540000915527344,12.9399995803833,15.420000076293945
2021-04-20,15.420000076293945,19.020000457763672,15.420000076293945,17.329999923706055
2021-04-21,17.31999969482422,18.040000915527344,14.210000038146973,14.789999961853027
2021-04-22,14.789999961853027,19.459999084472656,14.029999732971191,16.770000457763672
2021-04-23,16.780000686645508,16.780000686645508,13.350000381469727,14.069999694824219
2021-04-26,14.09000015258789,15.699999809265137,14.09000015258789,14.8100004196167
2021-04-27,14.8100004196167,15.65999984741211,13.989999771118164,14.550000190734863
2021-04-28,14.5600004196167,14.680000305175781,13.380000114440918,13.619999885559082
2021-04-29,13.59000015258789,16.040000915527344,13.529999732971191,13.960000038146973
2021-04-30,13.949999809265137,16.75,13.949999809265137,15.529999732971191
2021-05-03,15.529999732971191,16.889999389648438,15.09000015258789,16.170000076293945
2021-05-04,16.170000076293945,22.0,16.170000076293945,17.75
2021-05-05,17.75,18.260000228881836,15.569999694824219,17.56999969482422
2021-05-06,17.489999771118164,19.950000762939453,15.8100004196167,16.040000915527344
2021-05-07,16.06999969482422,16.81999969482422,13.579999923706055,14.09000015258789
2021-05-10,14.09000015258789,19.799999237060547,14.09000015258789,19.68000030517578
2021-05-11,19.68000030517578,26.59000015258789,19.68000030517578,22.030000686645508
2021-05-12,22.030000686645508,30.15999984741211,22.030000686645508,29.549999237060547
2021-05-13,29.790000915527344,29.790000915527344,21.940000534057617,23.209999084472656
2021-05-14,23.170000076293945,23.170000076293945,17.239999771118164,17.40999984741211
2021-05-17,20.489999771118164,22.149999618530273,18.649999618530273,18.829999923706055
2021-05-18,19.030000686645508,21.209999084472656,17.940000534057617,20.989999771118164
2021-05-19,20.920000076293945,26.8700008392334,20.729999542236328,21.209999084472656
2021-05-20,19.610000610351562,19.969999313354492,18.040000915527344,18.559999465942383
2021-05-21,18.530000686645508,19.3700008392334,16.649999618530273,17.1200008392334
2021-05-24,17.5,17.5,14.59000015258789,14.670000076293945
2021-05-25,14.859999656677246,16.18000030517578,14.619999885559082,15.789999961853027
2021-05-26,15.800000190734863,16.239999771118164,13.829999923706055,13.84000015258789
2021-05-27,13.760000228881836,14.0600004196167,12.989999771118164,13.029999732971191
2021-05-28,13.079999923706055,13.119999885559082,11.649999618530273,12.729999542236328
2021-06-01,14.550000190734863,16.43000030517578,14.460000038146973,15.0
2021-06-02,14.890000343322754,15.119999885559082,13.329999923706055,13.699999809265137
2021-06-03,13.6899995803833,16.56999969482422,13.6899995803833,15.180000305175781
2021-06-04,14.050000190734863,14.050000190734863,12.470000267028809,12.699999809265137
2021-06-07,14.84000015258789,14.960000038146973,13.8100004196167,13.90999984741211
2021-06-08,14.210000038146973,16.25,14.210000038146973,15.430000305175781
2021-06-09,15.270000457763672,17.1299991607666,15.270000457763672,17.09000015258789
2021-06-10,15.25,15.819999694824219,13.8100004196167,13.829999923706055
2021-06-11,13.529999732971191,13.800000190734863,12.989999771118164,13.0600004196167
2021-06-14,14.5,15.890000343322754,14.5,14.920000076293945
2021-06-15,15.359999656677246,16.510000228881836,15.300000190734863,15.920000076293945
2021-06-16,15.8100004196167,19.81999969482422,15.479999542236328,17.940000534057617
2021-06-17,17.049999237060547,19.209999084472656,15.229999542236328,16.670000076293945
2021-06-18,20.959999084472656,20.969999313354492,18.15999984741211,20.139999389648438
2021-06-21,20.139999389648438,21.040000915527344,16.829999923706055,16.829999923706055
2021-06-22,16.43000030517578,16.690000534057617,14.520000457763672,14.579999923706055
2021-06-23,14.329999923706055,14.579999923706055,13.510000228881836,13.630000114440918
2021-06-24,12.779999732971191,12.84000015258789,12.420000076293945,12.770000457763672
2021-06-25,12.680000305175781,12.699999809265137,11.460000038146973,11.859999656677246
2021-06-28,11.859999656677246,13.119999885559082,11.859999656677246,11.920000076293945
2021-06-29,11.569999694824219,12.470000267028809,11.5600004196167,11.859999656677246
2021-06-30,12.770000457763672,12.920000076293945,10.75,11.109999656677246
2021-07-01,11.4399995803833,11.899999618530273,11.109999656677246,11.430000305175781
2021-07-02,10.6899995803833,11.010000228881836,10.119999885559082,10.399999618530273
2021-07-06,12.75,16.3799991607666,11.34000015258789,13.760000228881836
2021-07-07,13.619999885559082,15.619999885559082,12.319999694824219,13.069999694824219
2021-07-08,18.649999618530273,19.68000030517578,15.970000267028809,17.239999771118164
2021-07-09,15.210000038146973,15.210000038146973,12.609999656677246,13.020000457763672
2021-07-12,13.020000457763672,14.619999885559082,13.020000457763672,13.520000457763672
2021-07-13,14.170000076293945,15.170000076293945,13.229999542236328,14.979999542236328
2021-07-14,13.470000267028809,15.289999961853027,13.15999984741211,13.449999809265137
2021-07-15,15.020000457763672,16.1299991607666,13.850000381469727,14.550000190734863
2021-07-16,13.300000190734863,16.969999313354492,13.149999618530273,16.299999237060547
2021-07-19,16.270000457763672,27.760000228881836,16.270000457763672,22.149999618530273
2021-07-20,22.149999618530273,22.81999969482422,17.40999984741211,17.860000610351562
2021-07-21,16.75,17.040000915527344,14.5,14.649999618530273
2021-07-22,14.789999961853027,15.600000381469727,13.9399995803833,14.069999694824219
2021-07-23,13.010000228881836,13.989999771118164,12.270000457763672,12.869999885559082
2021-07-26,12.829999923706055,16.040000915527344,12.829999923706055,14.010000228881836
2021-07-27,15.390000343322754,18.959999084472656,14.720000267028809,17.15999984741211
2021-07-28,15.90999984741211,17.079999923706055,13.8100004196167,14.819999694824219
2021-07-29,13.859999656677246,13.920000076293945,13.0600004196167,13.649999618530273
2021-07-30,15.369999885559082,15.640000343322754,13.8100004196167,14.359999656677246
2021-08-02,15.430000305175781,17.059999465942383,14.729999542236328,16.209999084472656
2021-08-03,15.65999984741211,17.920000076293945,13.260000228881836,13.680000305175781
2021-08-04,14.90999984741211,15.020000457763672,13.289999961853027,13.619999885559082
2021-08-05,13.770000457763672,13.850000381469727,13.100000381469727,13.25
2021-08-06,12.65999984741211,13.079999923706055,10.90999984741211,10.960000038146973
2021-08-09,13.180000305175781,13.819999694824219,12.510000228881836,12.75
2021-08-10,12.75,13.619999885559082,12.539999961853027,13.229999542236328
2021-08-11,12.520000457763672,12.649999618530273,11.550000190734863,11.6899995803833
2021-08-12,12.399999618530273,12.90999984741211,11.529999732971191,11.539999961853027
2021-08-13,11.649999618530273,11.779999732971191,10.90999984741211,11.210000038146973
2021-08-16,14.600000381469727,15.720000267028809,12.789999961853027,13.069999694824219
2021-08-17,15.430000305175781,19.579999923706055,14.600000381469727,16.290000915527344
2021-08-18,17.030000686645508,23.18000030517578,15.050000190734863,23.1200008392334
2021-08-19,23.329999923706055,24.030000686645508,19.81999969482422,21.239999771118164
2021-08-20,21.100000381469727,21.100000381469727,14.699999809265137,15.100000381469727
2021-08-23,15.489999771118164,15.489999771118164,13.90999984741211,14.020000457763672
2021-08-24,14.149999618530273,14.529999732971191,13.579999923706055,13.9399995803833
2021-08-25,14.020000457763672,14.029999732971191,12.579999923706055,12.989999771118164
2021-08-26,14.210000038146973,17.8700008392334,13.880000114440918,17.110000610351562
2021-08-27,17.110000610351562,17.579999923706055,12.069999694824219,12.319999694824219
2021-08-30,12.390000343322754,12.970000267028809,11.789999961853027,12.0
2021-08-31,12.550000190734863,13.350000381469727,12.010000228881836,12.75
2021-09-01,12.460000038146973,12.760000228881836,11.460000038146973,11.75
2021-09-02,11.8100004196167,13.6899995803833,11.640000343322754,12.729999542236328
2021-09-03,13.289999961853027,13.649999618530273,11.149999618530273,11.65999984741211
2021-09-07,11.65999984741211,15.890000343322754,11.65999984741211,15.329999923706055
2021-09-08,16.34000015258789,17.719999313354492,14.239999771118164,14.75
2021-09-09,15.390000343322754,17.700000762939453,13.739999771118164,16.549999237060547
2021-09-10,13.720000267028809,22.68000030517578,13.569999694824219,22.579999923706055
2021-09-13,22.530000686645508,23.100000381469727,17.979999542236328,20.200000762939453
2021-09-14,18.1299991607666,21.40999984741211,17.959999084472656,19.43000030517578
2021-09-15,19.0,20.200000762939453,15.930000305175781,16.200000762939453
2021-09-16,17.450000762939453,19.229999542236328,15.470000267028809,16.639999389648438
2021-09-17,16.93000030517578,20.989999771118164,16.579999923706055,19.65999984741211
2021-09-20,19.670000076293945,32.959999084472656,19.670000076293945,27.700000762939453
2021-09-21,24.8700008392334,26.899999618530273,22.770000457763672,25.1299991607666
2021-09-22,23.040000915527344,23.59000015258789,19.280000686645508,19.459999084472656
2021-09-23,17.93000030517578,18.030000686645508,16.559999465942383,17.079999923706055
2021-09-24,18.950000762939453,18.950000762939453,15.1899995803833,15.239999771118164
2021-09-27,15.350000381469727,18.100000381469727,15.350000381469727,16.959999084472656
2021-09-28,19.719999313354492,27.520000457763672,19.690000534057617,24.559999465942383
2021-09-29,23.600000381469727,24.81999969482422,21.260000228881836,21.790000915527344
2021-09-30,21.770000457763672,25.469999313354492,20.290000915527344,23.030000686645508
2021-10-01,23.030000686645508,23.549999237060547,19.3700008392334,19.770000457763672
2021-10-04,19.40999984741211,25.899999618530273,19.40999984741211,23.040000915527344
2021-10-05,22.299999237060547,22.6200008392334,19.530000686645508,20.31999969482422
2021-10-06,22.280000686645508,24.350000381469727,19.239999771118164,19.540000915527344
2021-10-07,18.690000534057617,18.729999542236328,17.270000457763672,18.1299991607666
2021-10-08,18.110000610351562,18.110000610351562,16.18000030517578,16.739999771118164
2021-10-11,16.729999542236328,19.959999084472656,16.239999771118164,19.75
2021-10-12,19.149999618530273,20.31999969482422,18.09000015258789,19.40999984741211
2021-10-13,18.43000030517578,20.0,17.15999984741211,17.450000762939453
2021-10-14,15.770000457763672,16.06999969482422,14.800000190734863,14.800000190734863
2021-10-15,14.829999923706055,14.829999923706055,13.180000305175781,13.239999771118164
2021-10-18,13.430000305175781,16.399999618530273,13.430000305175781,13.90999984741211
2021-10-19,13.880000114440918,14.109999656677246,12.989999771118164,13.34000015258789
2021-10-20,12.880000114440918,13.619999885559082,12.649999618530273,12.6899995803833
2021-10-21,13.390000343322754,13.479999542236328,11.760000228881836,11.8100004196167
2021-10-22,12.489999771118164,13.970000267028809,11.600000381469727,11.979999542236328
2021-10-25,11.989999771118164,14.420000076293945,11.989999771118164,13.09000015258789
2021-10-26,13.109999656677246,15.479999542236328,12.770000457763672,14.329999923706055
2021-10-27,14.479999542236328,15.600000381469727,13.600000381469727,15.15999984741211
2021-10-28,15.130000114440918,15.239999771118164,13.989999771118164,14.3100004196167
2021-10-29,16.049999237060547,16.049999237060547,13.350000381469727,13.670000076293945
2021-11-01,13.670000076293945,16.790000915527344,13.670000076293945,15.020000457763672
2021-11-02,15.119999885559082,15.140000343322754,14.479999542236328,14.739999771118164
2021-11-03,14.739999771118164,15.430000305175781,12.9399995803833,13.100000381469727
2021-11-04,12.84000015258789,14.199999809265137,12.420000076293945,13.039999961853027
2021-11-05,13.039999961853027,14.75,12.260000228881836,13.149999618530273
2021-11-08,14.489999771118164,16.100000381469727,14.239999771118164,14.430000305175781
2021-11-09,14.850000381469727,16.479999542236328,14.770000457763672,15.1899995803833
2021-11-10,15.739999771118164,18.31999969482422,14.180000305175781,15.949999809265137
2021-11-11,15.149999618530273,15.319999694824219,14.0,14.300000190734863
2021-11-12,13.579999923706055,13.899999618530273,11.970000267028809,11.989999771118164
2021-11-15,13.260000228881836,14.010000228881836,12.199999809265137,12.199999809265137
2021-11-16,13.029999732971191,13.029999732971191,11.539999961853027,11.9399995803833
2021-11-17,11.989999771118164,12.779999732971191,11.300000190734863,11.510000228881836
2021-11-18,12.170000076293945,13.109999656677246,11.6899995803833,12.430000305175781
2021-11-19,14.010000228881836,14.170000076293945,12.199999809265137,12.449999809265137
2021-11-22,13.779999732971191,16.670000076293945,13.220000267028809,16.059999465942383
2021-11-23,16.8799991607666,19.479999542236328,15.899999618530273,16.350000381469727
2021-11-24,17.989999771118164,19.09000015258789,14.6899995803833,14.819999694824219
2021-11-26,27.530000686645508,32.38999938964844,25.520000457763672,30.600000381469727
2021-11-29,24.100000381469727,26.280000686645508,20.3700008392334,21.43000030517578
2021-11-30,24.969999313354492,30.729999542236328,22.290000915527344,28.3799991607666
2021-12-01,23.600000381469727,35.56999969482422,20.860000610351562,33.93000030517578
2021-12-02,32.040000915527344,33.279998779296875,27.229999542236328,28.040000915527344
2021-12-03,25.3700008392334,39.209999084472656,24.860000610351562,31.700000762939453
2021-12-06,29.530000686645508,32.290000915527344,26.479999542236328,27.290000915527344
2021-12-07,22.540000915527344,22.540000915527344,20.420000076293945,20.829999923706055
2021-12-08,20.969999313354492,21.579999923706055,15.800000190734863,17.5
2021-12-09,18.8799991607666,21.1200008392334,17.940000534057617,20.489999771118164
2021-12-10,17.709999084472656,19.270000457763672,15.699999809265137,15.699999809265137
2021-12-13,17.899999618530273,20.350000381469727,17.729999542236328,18.540000915527344
2021-12-14,21.31999969482422,23.079999923706055,20.06999969482422,21.020000457763672
2021-12-15,21.139999389648438,24.06999969482422,16.190000534057617,16.780000686645508
2021-12-16,16.3700008392334,21.59000015258789,15.930000305175781,18.760000228881836
2021-12-17,21.139999389648438,23.06999969482422,18.59000015258789,19.350000381469727
2021-12-20,25.68000030517578,25.920000076293945,22.09000015258789,22.209999084472656
2021-12-21,21.020000457763672,21.979999542236328,18.739999771118164,18.829999923706055
2021-12-22,17.950000762939453,18.15999984741211,14.520000457763672,14.760000228881836
2021-12-23,15.220000267028809,15.220000267028809,13.119999885559082,13.710000038146973
2021-12-27,16.139999389648438,16.43000030517578,14.199999809265137,14.479999542236328
2021-12-28,15.010000228881836,15.880000114440918,14.390000343322754,14.399999618530273
2021-12-29,14.359999656677246,14.600000381469727,12.5600004196167,12.850000381469727
2021-12-30,13.6899995803833,14.40999984741211,12.979999542236328,13.859999656677246
2021-12-31,14.239999771118164,14.619999885559082,13.149999618530273,13.260000228881836
2022-01-03,15.930000305175781,16.639999389648438,13.460000038146973,13.520000457763672
2022-01-04,13.899999618530273,15.260000228881836,13.470000267028809,13.880000114440918
2022-01-05,14.270000457763672,18.729999542236328,13.369999885559082,18.06999969482422
2022-01-06,19.15999984741211,20.579999923706055,16.170000076293945,17.059999465942383
2022-01-07,17.520000457763672,19.299999237060547,15.300000190734863,15.399999618530273
2022-01-10,19.93000030517578,23.690000534057617,17.610000610351562,17.90999984741211
2022-01-11,18.850000381469727,20.56999969482422,16.31999969482422,16.59000015258789
2022-01-12,15.579999923706055,16.790000915527344,14.59000015258789,14.680000305175781
2022-01-13,15.319999694824219,19.510000228881836,14.949999809265137,18.790000915527344
2022-01-14,20.649999618530273,20.90999984741211,16.850000381469727,17.309999465942383
2022-01-18,23.020000457763672,24.84000015258789,22.8700008392334,24.170000076293945
2022-01-19,23.600000381469727,24.719999313354492,22.360000610351562,23.959999084472656
2022-01-20,23.100000381469727,26.729999542236328,20.850000381469727,26.729999542236328
2022-01-21,28.34000015258789,32.86000061035156,27.06999969482422,30.860000610351562
2022-01-24,39.459999084472656,49.70000076293945,35.189998626708984,35.81999969482422
2022-01-25,40.209999084472656,44.65999984741211,35.0,37.18000030517578
2022-01-26,33.939998626708984,39.72999954223633,31.979999542236328,37.400001525878906
2022-01-27,32.720001220703125,37.68000030517578,32.38999938964844,33.029998779296875
2022-01-28,32.369998931884766,34.72999954223633,27.350000381469727,28.1299991607666
2022-01-31,30.309999465942383,30.809999465942383,24.889999389648438,25.329999923706055
2022-02-01,24.489999771118164,26.0,21.100000381469727,21.100000381469727
2022-02-02,21.329999923706055,22.739999771118164,19.190000534057617,21.600000381469727
2022-02-03,24.25,26.59000015258789,21.459999084472656,24.110000610351562
2022-02-04,25.530000686645508,26.31999969482422,20.549999237060547,21.860000610351562
2022-02-07,23.520000457763672,23.829999923706055,20.719999313354492,21.610000610351562
2022-02-08,21.760000228881836,22.719999313354492,19.920000076293945,20.06999969482422
2022-02-09,19.110000610351562,19.540000915527344,18.520000457763672,18.670000076293945
2022-02-10,21.1299991607666,24.920000076293945,19.020000457763672,23.709999084472656
2022-02-11,23.610000610351562,34.65999984741211,22.610000610351562,26.84000015258789
2022-02-14,30.280000686645508,33.97999954223633,27.6200008392334,27.6200008392334
2022-02-15,26.149999618530273,26.290000915527344,23.940000534057617,24.489999771118164
2022-02-16,25.09000015258789,26.389999389648438,20.829999923706055,21.31999969482422
2022-02-17,24.6299991607666,28.489999771118164,24.59000015258789,27.690000534057617
2022-02-18,27.25,29.389999389648438,25.440000534057617,26.030000686645508
2022-02-22,30.399999618530273,32.83000183105469,28.540000915527344,28.6200008392334
2022-02-23,27.860000610351562,30.950000762939453,27.489999771118164,30.709999084472656
2022-02-24,39.90999984741211,39.90999984741211,28.690000534057617,30.040000915527344
2022-02-25,29.06999969482422,29.729999542236328,25.299999237060547,26.149999618530273
2022-02-28,34.08000183105469,35.150001525878906,29.010000228881836,31.5
2022-03-01,32.439998626708984,37.97999954223633,32.400001525878906,34.79999923706055
2022-03-02,34.279998779296875,34.86000061035156,29.68000030517578,30.790000915527344
2022-03-03,29.040000915527344,32.849998474121094,29.040000915527344,30.020000457763672
2022-03-04,34.40999984741211,36.279998779296875,30.030000686645508,31.110000610351562
2022-03-07,34.33000183105469,38.630001068115234,34.279998779296875,38.56999969482422
2022-03-08,37.31999969482422,39.599998474121094,33.81999969482422,36.65999984741211
2022-03-09,34.04999923706055,35.2599983215332,32.0,33.439998626708984
2022-03-10,33.77000045776367,33.84000015258789,29.940000534057617,30.010000228881836
2022-03-11,29.270000457763672,31.0,28.420000076293945,30.6299991607666
2022-03-14,33.130001068115234,36.08000183105469,31.8799991607666,34.22999954223633
2022-03-15,33.970001220703125,34.52000045776367,30.59000015258789,30.709999084472656
2022-03-16,29.43000030517578,30.84000015258789,25.920000076293945,26.510000228881836
2022-03-17,26.850000381469727,26.940000534057617,24.43000030517578,24.940000534057617
2022-03-18,25.989999771118164,26.06999969482422,22.040000915527344,22.190000534057617
2022-03-21,24.399999618530273,25.459999084472656,22.68000030517578,22.729999542236328
2022-03-22,22.25,23.229999542236328,22.139999389648438,22.56999969482422
2022-03-23,23.940000534057617,24.110000610351562,22.18000030517578,23.209999084472656
2022-03-24,23.329999923706055,23.940000534057617,20.329999923706055,20.420000076293945
2022-03-25,20.940000534057617,22.31999969482422,18.450000762939453,18.450000762939453
2022-03-28,21.270000457763672,21.649999618530273,17.65999984741211,17.81999969482422
2022-03-29,17.229999542236328,18.860000610351562,17.200000762939453,17.540000915527344
2022-03-30,17.940000534057617,19.200000762939453,17.260000228881836,17.43000030517578
2022-03-31,18.31999969482422,19.719999313354492,17.510000228881836,18.399999618530273
2022-04-01,17.889999389648438,18.020000457763672,15.579999923706055,16.0
2022-04-04,18.010000228881836,18.110000610351562,15.359999656677246,15.760000228881836
2022-04-05,16.760000228881836,19.59000015258789,16.280000686645508,18.6200008392334
2022-04-06,20.729999542236328,23.649999618530273,19.280000686645508,19.639999389648438
2022-04-07,20.200000762939453,22.40999984741211,18.610000610351562,19.049999237060547
2022-04-08,19.31999969482422,19.860000610351562,17.139999389648438,17.299999237060547
2022-04-11,20.709999084472656,22.850000381469727,20.579999923706055,22.850000381469727
2022-04-12,21.40999984741211,23.969999313354492,19.889999389648438,22.489999771118164
2022-04-13,22.600000381469727,22.6299991607666,18.530000686645508,19.149999618530273
2022-04-14,18.670000076293945,19.389999389648438,18.040000915527344,19.34000015258789
2022-04-18,23.100000381469727,23.190000534057617,19.739999771118164,20.8799991607666
2022-04-19,21.719999313354492,21.8799991607666,19.3700008392334,20.700000762939453
2022-04-20,19.520000457763672,20.719999313354492,18.520000457763672,19.299999237060547
2022-04-21,18.959999084472656,23.280000686645508,18.579999923706055,22.209999084472656
2022-04-22,23.25,29.829999923706055,22.739999771118164,29.06999969482422
2022-04-25,32.91999816894531,36.470001220703125,28.700000762939453,28.950000762939453
2022-04-26,30.6299991607666,38.15999984741211,30.049999237060547,37.7400016784668
2022-04-27,35.43000030517578,37.18000030517578,33.189998626708984,34.81999969482422
2022-04-28,32.599998474121094,36.2400016784668,30.040000915527344,32.25
2022-04-29,31.6200008392334,37.720001220703125,30.459999084472656,36.11000061035156
2022-05-02,39.04999923706055,41.66999816894531,34.90999984741211,35.400001525878906
2022-05-03,35.13999938964844,35.47999954223633,31.270000457763672,31.610000610351562
2022-05-04,32.09000015258789,33.22999954223633,25.649999618530273,26.15999984741211
2022-05-05,27.510000228881836,36.349998474121094,27.190000534057617,33.25
2022-05-06,35.529998779296875,38.93000030517578,29.549999237060547,29.790000915527344
2022-05-09,35.15999984741211,37.88999938964844,34.4900016784668,36.650001525878906
2022-05-10,34.0,36.77000045776367,33.90999984741211,34.70000076293945
2022-05-11,35.31999969482422,35.56999969482422,32.189998626708984,33.91999816894531
2022-05-12,36.72999954223633,38.779998779296875,33.220001220703125,33.31999969482422
2022-05-13,31.59000015258789,31.899999618530273,29.06999969482422,29.3799991607666
2022-05-16,31.790000915527344,32.29999923706055,28.3700008392334,28.520000457763672
2022-05-17,27.920000076293945,28.6299991607666,26.290000915527344,26.920000076293945
2022-05-18,28.8700008392334,33.11000061035156,28.700000762939453,32.29999923706055
2022-05-19,33.63999938964844,35.47999954223633,30.200000762939453,30.690000534057617
2022-05-20,30.200000762939453,35.849998474121094,29.170000076293945,29.190000534057617
2022-05-23,30.850000381469727,32.20000076293945,28.739999771118164,28.979999542236328
2022-05-24,30.25,32.560001373291016,29.290000915527344,29.479999542236328
2022-05-25,30.579999923706055,30.700000762939453,27.170000076293945,27.3700008392334
2022-05-26,27.59000015258789,27.700000762939453,25.229999542236328,25.670000076293945
2022-05-27,24.75,24.790000915527344,22.59000015258789,23.1299991607666
2022-05-31,28.43000030517578,29.469999313354492,24.43000030517578,25.90999984741211
2022-06-01,25.389999389648438,28.100000381469727,24.809999465942383,25.1200008392334
2022-06-02,26.34000015258789,26.829999923706055,23.270000457763672,23.56999969482422
2022-06-03,25.489999771118164,26.139999389648438,23.049999237060547,23.049999237060547
2022-06-06,25.790000915527344,27.010000228881836,25.31999969482422,25.56999969482422
2022-06-07,27.1200008392334,27.360000610351562,24.0,24.229999542236328
2022-06-08,25.530000686645508,25.729999542236328,23.799999237060547,23.90999984741211
2022-06-09,25.469999313354492,27.760000228881836,24.25,27.540000915527344
2022-06-10,29.149999618530273,32.22999954223633,27.59000015258789,28.780000686645508
2022-06-13,37.5099983215332,41.52000045776367,36.40999984741211,38.86000061035156
2022-06-14,38.08000183105469,39.0099983215332,33.97999954223633,36.95000076293945
2022-06-15,36.9900016784668,36.9900016784668,30.31999969482422,32.529998779296875
2022-06-16,34.189998626708984,38.470001220703125,33.33000183105469,36.58000183105469
2022-06-17,35.209999084472656,36.29999923706055,29.959999084472656,30.399999618530273
2022-06-21,32.43000030517578,32.439998626708984,29.899999618530273,30.3799991607666
2022-06-22,31.260000228881836,31.420000076293945,28.239999771118164,28.299999237060547
2022-06-23,29.020000457763672,29.3700008392334,28.020000457763672,28.290000915527344
2022-06-24,28.18000030517578,28.18000030517578,25.100000381469727,26.040000915527344
2022-06-27,28.350000381469727,29.020000457763672,25.790000915527344,25.809999465942383
2022-06-28,26.0,27.8700008392334,25.190000534057617,27.18000030517578
2022-06-29,27.889999389648438,28.75,26.25,26.559999465942383
2022-06-30,28.239999771118164,29.100000381469727,26.530000686645508,26.860000610351562
2022-07-01,26.389999389648438,26.989999771118164,23.280000686645508,23.559999465942383
2022-07-05,30.3799991607666,30.709999084472656,27.25,27.34000015258789
2022-07-06,28.09000015258789,28.299999237060547,25.719999313354492,25.950000762939453
2022-07-07,25.709999084472656,25.860000610351562,23.979999542236328,24.790000915527344
2022-07-08,25.010000228881836,25.049999237060547,21.780000686645508,21.90999984741211
2022-07-11,25.950000762939453,26.530000686645508,24.43000030517578,24.459999084472656
2022-07-12,25.65999984741211,27.670000076293945,24.899999618530273,27.1299991607666
2022-07-13,28.8700008392334,29.170000076293945,25.540000915527344,25.940000534057617
2022-07-14,27.59000015258789,28.31999969482422,25.020000457763672,25.219999313354492
2022-07-15,24.25,24.770000457763672,22.020000457763672,22.139999389648438
2022-07-18,25.690000534057617,26.549999237060547,24.6299991607666,25.600000381469727
2022-07-19,25.309999465942383,26.600000381469727,24.989999771118164,26.200000762939453
2022-07-20,26.940000534057617,26.979999542236328,24.649999618530273,25.18000030517578
2022-07-21,25.6200008392334,26.290000915527344,23.09000015258789,23.440000534057617
2022-07-22,23.030000686645508,23.809999465942383,22.0,22.09000015258789
2022-07-25,24.6200008392334,25.1200008392334,22.790000915527344,23.09000015258789
2022-07-26,24.31999969482422,25.709999084472656,24.190000534057617,24.950000762939453
2022-07-27,24.459999084472656,24.739999771118164,21.860000610351562,22.139999389648438
2022-07-28,21.34000015258789,22.559999465942383,20.530000686645508,20.809999465942383
2022-07-29,20.239999771118164,20.3799991607666,18.56999969482422,18.56999969482422
2022-08-01,22.299999237060547,22.719999313354492,21.649999618530273,21.940000534057617
2022-08-02,23.84000015258789,24.75,22.06999969482422,23.25
2022-08-03,22.209999084472656,22.3700008392334,20.170000076293945,20.559999465942383
2022-08-04,21.40999984741211,21.729999542236328,19.690000534057617,19.690000534057617
2022-08-05,21.059999465942383,21.059999465942383,18.56999969482422,19.31999969482422
2022-08-08,21.059999465942383,21.850000381469727,19.799999237060547,19.93000030517578
2022-08-09,21.15999984741211,21.540000915527344,20.5,20.809999465942383
2022-08-10,18.889999389648438,19.399999618530273,17.489999771118164,17.59000015258789
2022-08-11,18.149999618530273,19.0,17.940000534057617,18.030000686645508
2022-08-12,17.889999389648438,19.270000457763672,16.579999923706055,16.780000686645508
2022-08-15,19.989999771118164,19.989999771118164,18.479999542236328,18.540000915527344
2022-08-16,18.889999389648438,19.3799991607666,18.079999923706055,18.600000381469727
2022-08-17,19.549999237060547,19.709999084472656,18.3799991607666,18.639999389648438
2022-08-18,19.06999969482422,19.389999389648438,17.579999923706055,17.670000076293945
2022-08-19,18.65999984741211,19.510000228881836,18.049999237060547,18.239999771118164
2022-08-22,22.6200008392334,24.290000915527344,22.360000610351562,22.850000381469727
2022-08-23,23.100000381469727,23.489999771118164,22.270000457763672,23.350000381469727
2022-08-24,23.110000610351562,23.3700008392334,21.110000610351562,21.200000762939453
2022-08-25,21.600000381469727,21.8700008392334,20.149999618530273,20.34000015258789
2022-08-26,20.540000915527344,24.6299991607666,19.93000030517578,23.899999618530273
2022-08-29,26.8799991607666,26.8799991607666,24.139999389648438,24.760000228881836
2022-08-30,24.3799991607666,27.15999984741211,24.360000610351562,24.40999984741211
2022-08-31,24.43000030517578,24.780000686645508,23.09000015258789,23.690000534057617
2022-09-01,24.950000762939453,25.8700008392334,23.170000076293945,23.760000228881836
2022-09-02,21.6299991607666,24.3799991607666,20.309999465942383,22.969999313354492
2022-09-06,26.510000228881836,29.40999984741211,26.309999465942383,26.989999771118164
2022-09-07,27.010000228881836,27.110000610351562,23.969999313354492,24.049999237060547
2022-09-08,26.31999969482422,27.8799991607666,22.719999313354492,22.84000015258789
2022-09-09,22.459999084472656,23.1299991607666,21.559999465942383,21.709999084472656
2022-09-12,24.200000762939453,25.600000381469727,24.170000076293945,25.260000228881836
2022-09-13,24.979999542236328,31.260000228881836,24.579999923706055,29.139999389648438
2022-09-14,28.639999389648438,29.309999465942383,27.209999084472656,27.280000686645508
2022-09-15,27.920000076293945,28.31999969482422,26.3700008392334,27.110000610351562
2022-09-16,29.290000915527344,30.540000915527344,26.860000610351562,27.059999465942383
2022-09-19,30.760000228881836,30.760000228881836,27.489999771118164,27.780000686645508
2022-09-20,29.56999969482422,31.540000915527344,29.020000457763672,30.389999389648438
2022-09-21,30.389999389648438,32.220001220703125,27.229999542236328,30.34000015258789
2022-09-22,29.59000015258789,30.280000686645508,26.93000030517578,27.670000076293945
2022-09-23,29.709999084472656,33.83000183105469,29.040000915527344,30.25
2022-09-26,34.540000915527344,35.130001068115234,31.799999237060547,34.13999938964844
2022-09-27,33.08000183105469,36.47999954223633,31.860000610351562,33.4900016784668
2022-09-28,34.709999084472656,35.84000015258789,31.0,31.15999984741211
2022-09-29,33.099998474121094,35.290000915527344,32.41999816894531,32.66999816894531
2022-09-30,32.400001525878906,33.0099983215332,28.90999984741211,31.190000534057617
2022-10-03,32.83000183105469,33.529998779296875,30.149999618530273,30.649999618530273
2022-10-04,29.670000076293945,30.329999923706055,29.1200008392334,29.81999969482422
2022-10-05,30.6299991607666,30.979999542236328,28.770000457763672,28.809999465942383
2022-10-06,29.6299991607666,31.84000015258789,29.40999984741211,31.299999237060547
2022-10-07,30.520000457763672,31.959999084472656,30.440000534057617,30.549999237060547
2022-10-10,33.34000015258789,34.54999923706055,31.8700008392334,32.220001220703125
2022-10-11,33.869998931884766,35.77000045776367,32.869998931884766,34.65999984741211
2022-10-12,35.560001373291016,36.16999816894531,34.220001220703125,34.61000061035156
2022-10-13,32.75,33.86000061035156,30.600000381469727,31.510000228881836
2022-10-14,31.209999084472656,32.83000183105469,29.489999771118164,29.670000076293945
2022-10-17,31.1299991607666,31.549999237060547,30.030000686645508,30.600000381469727
2022-10-18,30.420000076293945,31.520000457763672,28.950000762939453,28.989999771118164
2022-10-19,30.299999237060547,30.770000457763672,28.6299991607666,28.670000076293945
2022-10-20,29.31999969482422,29.479999542236328,27.8700008392334,27.8700008392334
2022-10-21,28.979999542236328,29.18000030517578,27.829999923706055,28.459999084472656
2022-10-24,32.689998626708984,33.279998779296875,31.469999313354492,31.65999984741211
2022-10-25,32.189998626708984,32.279998779296875,30.43000030517578,30.670000076293945
2022-10-26,31.170000076293945,31.229999542236328,29.25,29.31999969482422
2022-10-27,30.389999389648438,30.8799991607666,29.43000030517578,29.770000457763672
2022-10-28,29.610000610351562,29.739999771118164,27.799999237060547,27.809999465942383
2022-10-31,31.829999923706055,32.0099983215332,29.75,29.799999237060547
2022-11-01,30.559999465942383,31.579999923706055,30.1299991607666,30.510000228881836
2022-11-02,31.850000381469727,32.4900016784668,29.059999465942383,29.3700008392334
2022-11-03,30.6200008392334,30.75,28.1200008392334,28.399999618530273
2022-11-04,27.739999771118164,28.260000228881836,26.559999465942383,27.040000915527344
2022-11-07,29.600000381469727,30.0,27.1299991607666,27.15999984741211
2022-11-08,27.40999984741211,29.889999389648438,26.850000381469727,28.700000762939453
2022-11-09,28.81999969482422,29.389999389648438,27.690000534057617,28.899999618530273
2022-11-10,23.600000381469727,25.040000915527344,23.09000015258789,24.459999084472656
2022-11-11,23.700000762939453,23.81999969482422,20.989999771118164,21.309999465942383
2022-11-14,22.549999237060547,22.559999465942383,20.399999618530273,21.190000534057617
2022-11-15,20.760000228881836,25.719999313354492,20.469999313354492,21.799999237060547
2022-11-16,21.350000381469727,21.389999389648438,19.600000381469727,19.670000076293945
2022-11-17,21.020000457763672,21.139999389648438,19.56999969482422,19.739999771118164
2022-11-18,19.229999542236328,19.90999984741211,18.290000915527344,18.34000015258789
2022-11-21,21.31999969482422,21.329999923706055,19.290000915527344,19.510000228881836
2022-11-22,19.709999084472656,19.799999237060547,19.030000686645508,19.030000686645508
2022-11-23,19.729999542236328,19.850000381469727,16.90999984741211,16.90999984741211
2022-11-25,18.5,18.65999984741211,17.010000228881836,17.059999465942383
2022-11-28,20.450000762939453,20.700000762939453,19.600000381469727,20.06999969482422
2022-11-29,20.469999313354492,21.260000228881836,20.15999984741211,20.389999389648438
2022-11-30,21.229999542236328,22.399999618530273,18.520000457763672,18.8700008392334
2022-12-01,19.850000381469727,20.350000381469727,18.3799991607666,18.3799991607666
2022-12-02,19.780000686645508,19.780000686645508,17.799999237060547,17.950000762939453
2022-12-05,23.030000686645508,24.6299991607666,22.450000762939453,23.809999465942383
2022-12-06,24.200000762939453,27.739999771118164,24.09000015258789,27.079999923706055
2022-12-07,28.530000686645508,29.31999969482422,27.75,28.06999969482422
2022-12-08,27.860000610351562,28.510000228881836,26.280000686645508,26.739999771118164
2022-12-09,27.110000610351562,27.3700008392334,25.6299991607666,26.479999542236328
2022-12-12,27.690000534057617,29.65999984741211,27.68000030517578,29.540000915527344
2022-12-13,22.209999084472656,25.850000381469727,21.969999313354492,23.700000762939453
2022-12-14,23.6299991607666,24.290000915527344,19.989999771118164,20.200000762939453
2022-12-15,20.5,23.309999465942383,20.239999771118164,21.729999542236328
2022-12-16,22.360000610351562,22.399999618530273,19.770000457763672,20.510000228881836
2022-12-19,21.790000915527344,21.850000381469727,19.700000762939453,20.829999923706055
2022-12-20,21.469999313354492,21.68000030517578,19.6200008392334,19.780000686645508
2022-12-21,18.829999923706055,18.940000534057617,17.329999923706055,17.579999923706055
2022-12-22,18.309999465942383,24.520000457763672,18.18000030517578,19.84000015258789
2022-12-23,19.809999465942383,21.399999618530273,17.420000076293945,17.489999771118164
2022-12-27,21.520000457763672,22.209999084472656,19.719999313354492,19.770000457763672
2022-12-28,20.3799991607666,21.149999618530273,19.1299991607666,20.8799991607666
2022-12-29,21.280000686645508,21.520000457763672,20.290000915527344,20.489999771118164
2022-12-30,21.75,22.1200008392334,20.860000610351562,21.139999389648438
2023-01-03,25.81999969482422,26.079999923706055,24.84000015258789,25.079999923706055
2023-01-04,25.450000762939453,25.850000381469727,23.850000381469727,23.920000076293945
2023-01-05,24.889999389648438,25.549999237060547,24.299999237060547,24.540000915527344
2023-01-06,23.889999389648438,23.989999771118164,21.450000762939453,21.56999969482422
2023-01-09,23.09000015258789,23.149999618530273,22.209999084472656,23.040000915527344
2023-01-10,23.549999237060547,23.610000610351562,21.489999771118164,21.5
2023-01-11,22.149999618530273,23.0,21.829999923706055,22.40999984741211
2023-01-12,18.950000762939453,18.969999313354492,16.459999084472656,16.459999084472656
2023-01-13,16.860000610351562,16.93000030517578,14.6899995803833,14.819999694824219
2023-01-17,18.049999237060547,18.15999984741211,16.420000076293945,16.610000610351562
2023-01-18,16.31999969482422,17.75,15.550000190734863,17.239999771118164
2023-01-19,19.200000762939453,20.0,17.979999542236328,18.280000686645508
2023-01-20,19.020000457763672,19.309999465942383,17.489999771118164,18.260000228881836
2023-01-23,21.670000076293945,22.040000915527344,21.06999969482422,21.25
2023-01-24,22.34000015258789,22.93000030517578,21.219999313354492,21.84000015258789
2023-01-25,23.350000381469727,24.329999923706055,21.950000762939453,22.010000228881836
2023-01-26,21.950000762939453,22.260000228881836,21.049999237060547,21.049999237060547
2023-01-27,20.989999771118164,21.0,19.600000381469727,20.030000686645508
2023-01-30,22.1299991607666,23.030000686645508,21.950000762939453,22.420000076293945
2023-01-31,22.950000762939453,23.170000076293945,21.3799991607666,21.739999771118164
2023-02-01,22.3799991607666,22.65999984741211,18.549999237060547,18.559999465942383
2023-02-02,18.309999465942383,20.170000076293945,18.010000228881836,19.1299991607666
2023-02-03,18.200000762939453,19.209999084472656,17.760000228881836,17.760000228881836
2023-02-06,20.8700008392334,21.31999969482422,20.530000686645508,20.670000076293945
2023-02-07,21.719999313354492,21.84000015258789,19.3799991607666,19.6200008392334
2023-02-08,20.399999618530273,21.850000381469727,20.010000228881836,21.0
2023-02-09,20.600000381469727,23.299999237060547,20.299999237060547,22.739999771118164
2023-02-10,23.209999084472656,23.649999618530273,21.329999923706055,21.5
2023-02-13,23.030000686645508,23.040000915527344,21.40999984741211,21.40999984741211
2023-02-14,19.760000228881836,20.229999542236328,17.049999237060547,17.719999313354492
2023-02-15,18.030000686645508,18.040000915527344,15.970000267028809,16.020000457763672
2023-02-16,18.059999465942383,19.510000228881836,16.25,19.329999923706055
2023-02-17,19.40999984741211,19.93000030517578,16.559999465942383,16.940000534057617
2023-02-21,20.969999313354492,21.989999771118164,20.6200008392334,21.139999389648438
2023-02-22,21.56999969482422,21.56999969482422,19.15999984741211,19.200000762939453
2023-02-23,18.719999313354492,19.670000076293945,17.780000686645508,18.110000610351562
2023-02-24,19.899999618530273,20.59000015258789,18.209999084472656,18.3799991607666
2023-02-27,20.280000686645508,20.290000915527344,19.309999465942383,19.3700008392334
2023-02-28,19.920000076293945,20.1200008392334,18.709999084472656,19.59000015258789
2023-03-01,20.040000915527344,20.6200008392334,19.440000534057617,19.59000015258789
2023-03-02,20.3700008392334,20.510000228881836,18.65999984741211,18.709999084472656
2023-03-03,19.1299991607666,19.1299991607666,17.3700008392334,17.760000228881836
2023-03-06,20.030000686645508,20.079999923706055,19.459999084472656,19.600000381469727
2023-03-07,20.440000534057617,21.469999313354492,19.719999313354492,20.959999084472656
2023-03-08,21.719999313354492,22.06999969482422,20.399999618530273,20.56999969482422
2023-03-09,21.139999389648438,26.809999465942383,20.65999984741211,25.459999084472656
2023-03-10,25.3700008392334,32.849998474121094,24.280000686645508,26.860000610351562
2023-03-13,36.060001373291016,36.93000030517578,29.239999771118164,30.93000030517578
2023-03-14,27.1200008392334,28.15999984741211,24.43000030517578,25.969999313354492
2023-03-15,30.1200008392334,34.29999923706055,28.649999618530273,29.309999465942383
2023-03-16,30.760000228881836,30.889999389648438,24.610000610351562,24.610000610351562
2023-03-17,25.389999389648438,28.8799991607666,24.719999313354492,27.010000228881836
2023-03-20,28.920000076293945,29.489999771118164,25.639999389648438,25.899999618530273
2023-03-21,24.190000534057617,24.549999237060547,22.829999923706055,22.84000015258789
2023-03-22,23.1200008392334,24.31999969482422,20.43000030517578,23.75
2023-03-23,20.889999389648438,27.479999542236328,19.979999542236328,23.110000610351562
2023-03-24,24.309999465942383,26.649999618530273,20.59000015258789,20.6200008392334
2023-03-27,20.809999465942383,21.530000686645508,19.25,19.309999465942383
2023-03-28,20.049999237060547,20.420000076293945,18.239999771118164,18.329999923706055
2023-03-29,17.690000534057617,18.059999465942383,17.1200008392334,17.170000076293945
2023-03-30,17.440000534057617,18.690000534057617,17.15999984741211,17.299999237060547
2023-03-31,17.309999465942383,17.329999923706055,16.440000534057617,16.510000228881836
2023-04-03,18.889999389648438,18.950000762939453,16.940000534057617,17.030000686645508
2023-04-04,17.520000457763672,18.790000915527344,17.239999771118164,17.420000076293945
2023-04-05,18.31999969482422,18.520000457763672,16.8799991607666,16.989999771118164
2023-04-06,17.989999771118164,18.239999771118164,15.65999984741211,15.680000305175781
2023-04-10,18.350000381469727,18.559999465942383,16.690000534057617,16.799999237060547
2023-04-11,17.020000457763672,17.1200008392334,15.9399995803833,16.860000610351562
2023-04-12,15.989999771118164,17.110000610351562,14.979999542236328,15.899999618530273
2023-04-13,15.350000381469727,15.539999961853027,14.600000381469727,14.649999618530273
2023-04-14,14.8100004196167,14.970000267028809,13.329999923706055,13.350000381469727
2023-04-17,15.449999809265137,15.5,14.220000267028809,14.510000228881836
2023-04-18,14.720000267028809,15.329999923706055,14.420000076293945,14.710000038146973
2023-04-19,15.199999809265137,15.329999923706055,14.109999656677246,14.300000190734863
2023-04-20,15.699999809265137,16.059999465942383,14.380000114440918,15.130000114440918
2023-04-21,15.800000190734863,16.25,14.609999656677246,14.880000114440918
2023-04-24,17.34000015258789,17.799999237060547,16.440000534057617,16.649999618530273
2023-04-25,17.989999771118164,21.020000457763672,17.649999618530273,19.079999923706055
2023-04-26,19.3700008392334,20.270000457763672,18.110000610351562,19.280000686645508
2023-04-27,18.31999969482422,18.399999618530273,16.809999465942383,17.219999313354492
2023-04-28,16.709999084472656,17.170000076293945,15.40999984741211,15.529999732971191
2023-05-01,17.0,17.0,15.930000305175781,16.06999969482422
2023-05-02,16.8799991607666,20.959999084472656,16.8700008392334,18.610000610351562
2023-05-03,19.110000610351562,20.360000610351562,17.399999618530273,18.489999771118164
2023-05-04,19.540000915527344,22.3799991607666,19.270000457763672,19.8799991607666
2023-05-05,17.34000015258789,17.34000015258789,14.869999885559082,15.34000015258789
2023-05-08,16.739999771118164,16.989999771118164,15.140000343322754,15.239999771118164
2023-05-09,16.389999389648438,16.489999771118164,15.550000190734863,16.399999618530273
2023-05-10,14.8100004196167,16.81999969482422,13.930000305175781,14.59000015258789
2023-05-11,15.970000267028809,16.75,14.170000076293945,14.489999771118164
2023-05-12,14.180000305175781,15.819999694824219,13.789999961853027,14.09000015258789
2023-05-15,15.760000228881836,16.219999313354492,14.479999542236328,14.640000343322754
2023-05-16,15.270000457763672,16.40999984741211,14.729999542236328,15.989999771118164
2023-05-17,15.069999694824219,15.84000015258789,14.300000190734863,14.670000076293945
2023-05-18,15.079999923706055,15.170000076293945,13.90999984741211,14.0600004196167
2023-05-19,14.359999656677246,15.949999809265137,14.100000381469727,14.25
2023-05-22,15.890000343322754,17.200000762939453,15.289999961853027,15.520000457763672
2023-05-23,16.90999984741211,18.469999313354492,16.239999771118164,17.3700008392334
2023-05-24,19.399999618530273,20.549999237060547,18.780000686645508,19.770000457763672
2023-05-25,19.0,19.649999618530273,18.200000762939453,18.459999084472656
2023-05-26,18.329999923706055,18.34000015258789,16.489999771118164,17.239999771118164
2023-05-30,16.950000762939453,17.81999969482422,16.510000228881836,16.510000228881836
2023-05-31,17.219999313354492,17.389999389648438,15.609999656677246,16.850000381469727
2023-06-01,16.219999313354492,16.5,13.9399995803833,13.979999542236328
2023-06-02,13.90999984741211,14.260000228881836,12.539999961853027,12.739999771118164
2023-06-05,15.010000228881836,15.119999885559082,14.109999656677246,14.140000343322754
2023-06-06,14.649999618530273,14.649999618530273,13.819999694824219,13.829999923706055
2023-06-07,14.069999694824219,14.520000457763672,13.4399995803833,13.859999656677246
2023-06-08,14.079999923706055,14.100000381469727,13.369999885559082,13.59000015258789
2023-06-09,13.460000038146973,13.760000228881836,13.029999732971191,13.289999961853027
2023-06-12,14.779999732971191,15.359999656677246,14.15999984741211,15.350000381469727
2023-06-13,14.569999694824219,14.720000267028809,14.220000267028809,14.399999618530273
2023-06-14,14.640000343322754,14.699999809265137,12.699999809265137,12.710000038146973
2023-06-15,13.020000457763672,13.960000038146973,12.739999771118164,13.579999923706055
2023-06-16,13.779999732971191,13.779999732971191,11.239999771118164,11.329999923706055
2023-06-20,14.039999961853027,14.100000381469727,12.880000114440918,12.920000076293945
2023-06-21,13.0600004196167,13.199999809265137,11.880000114440918,12.029999732971191
2023-06-22,12.710000038146973,12.710000038146973,10.930000305175781,11.149999618530273
2023-06-23,12.130000114440918,12.210000038146973,10.949999809265137,11.609999656677246
2023-06-26,13.220000267028809,13.220000267028809,12.369999885559082,12.680000305175781
2023-06-27,12.710000038146973,12.739999771118164,11.859999656677246,12.050000190734863
2023-06-28,12.09000015258789,12.170000076293945,11.520000457763672,11.739999771118164
2023-06-29,12.15999984741211,12.380000114440918,11.59000015258789,11.75
2023-06-30,11.710000038146973,11.710000038146973,10.670000076293945,11.529999732971191
2023-07-03,12.800000190734863,12.8100004196167,11.899999618530273,12.0
2023-07-05,13.420000076293945,13.430000305175781,12.510000228881836,12.569999694824219
2023-07-06,14.479999542236328,16.059999465942383,13.720000267028809,13.960000038146973
2023-07-07,13.920000076293945,13.920000076293945,11.989999771118164,12.600000381469727
2023-07-10,14.300000190734863,14.420000076293945,13.449999809265137,13.5
2023-07-11,13.359999656677246,13.920000076293945,13.289999961853027,13.699999809265137
2023-07-12,12.59000015258789,12.630000114440918,11.300000190734863,11.380000114440918
2023-07-13,11.829999923706055,12.170000076293945,11.470000267028809,12.130000114440918
2023-07-14,12.420000076293945,12.420000076293945,11.569999694824219,11.899999618530273
2023-07-17,13.920000076293945,13.920000076293945,13.020000457763672,13.09000015258789
2023-07-18,13.5600004196167,13.59000015258789,13.130000114440918,13.149999618530273
2023-07-19,13.329999923706055,13.75,13.220000267028809,13.359999656677246
2023-07-20,13.829999923706055,14.010000228881836,13.149999618530273,13.569999694824219
2023-07-21,13.420000076293945,13.420000076293945,12.4399995803833,12.5
2023-07-24,14.0,14.130000114440918,13.369999885559082,13.40999984741211
2023-07-25,13.829999923706055,14.069999694824219,13.489999771118164,13.489999771118164
2023-07-26,13.720000267028809,13.729999542236328,11.720000267028809,11.739999771118164
2023-07-27,11.619999885559082,14.369999885559082,11.300000190734863,13.470000267028809
2023-07-28,12.140000343322754,12.319999694824219,11.210000038146973,11.229999542236328
2023-07-31,13.039999961853027,13.279999732971191,12.5,12.619999885559082
2023-08-01,13.300000190734863,13.350000381469727,12.75,13.010000228881836
2023-08-02,14.859999656677246,15.829999923706055,14.729999542236328,15.399999618530273
2023-08-03,16.479999542236328,16.760000228881836,14.579999923706055,15.0600004196167
2023-08-04,14.130000114440918,16.8799991607666,12.739999771118164,16.09000015258789
2023-08-07,16.0,16.780000686645508,14.609999656677246,14.680000305175781
2023-08-08,16.030000686645508,17.65999984741211,14.8100004196167,14.8100004196167
2023-08-09,14.880000114440918,16.59000015258789,14.5,15.329999923706055
2023-08-10,14.430000305175781,17.200000762939453,13.680000305175781,15.380000114440918
2023-08-11,15.90999984741211,16.1299991607666,13.630000114440918,13.630000114440918
2023-08-14,16.25,16.3700008392334,14.5,14.569999694824219
2023-08-15,15.380000114440918,16.850000381469727,15.300000190734863,16.559999465942383
2023-08-16,16.479999542236328,16.770000457763672,15.649999618530273,16.360000610351562
2023-08-17,16.290000915527344,17.8700008392334,16.280000686645508,17.469999313354492
2023-08-18,18.260000228881836,18.459999084472656,16.43000030517578,16.540000915527344
2023-08-21,17.950000762939453,18.1299991607666,16.510000228881836,16.81999969482422
2023-08-22,16.6299991607666,17.350000381469727,16.18000030517578,16.389999389648438
2023-08-23,16.25,16.350000381469727,15.1899995803833,15.34000015258789
2023-08-24,14.880000114440918,16.139999389648438,14.789999961853027,16.100000381469727
2023-08-25,15.979999542236328,16.229999542236328,13.779999732971191,13.779999732971191
2023-08-28,14.789999961853027,14.789999961853027,13.520000457763672,13.529999732971191
2023-08-29,13.619999885559082,13.649999618530273,13.039999961853027,13.300000190734863
2023-08-30,13.329999923706055,13.569999694824219,12.279999732971191,12.420000076293945
2023-08-31,12.4399995803833,12.470000267028809,11.670000076293945,11.789999961853027
2023-09-01,11.65999984741211,11.710000038146973,10.4399995803833,10.449999809265137
2023-09-05,13.4399995803833,13.59000015258789,12.619999885559082,12.890000343322754
2023-09-06,13.239999771118164,14.760000228881836,12.899999618530273,13.100000381469727
2023-09-07,14.84000015258789,15.109999656677246,13.100000381469727,13.100000381469727
2023-09-08,13.350000381469727,13.350000381469727,12.149999618530273,12.380000114440918
2023-09-11,13.829999923706055,14.050000190734863,13.149999618530273,13.270000457763672
2023-09-12,13.90999984741211,14.260000228881836,13.279999732971191,14.050000190734863
2023-09-13,13.619999885559082,13.649999618530273,12.369999885559082,12.470000267028809
2023-09-14,12.609999656677246,12.710000038146973,11.739999771118164,11.800000190734863
2023-09-15,12.220000267028809,13.510000228881836,11.9399995803833,12.510000228881836
2023-09-18,14.720000267028809,14.890000343322754,13.529999732971191,13.619999885559082
2023-09-19,14.34000015258789,15.319999694824219,14.140000343322754,14.229999542236328
2023-09-20,14.40999984741211,15.289999961853027,13.5600004196167,15.270000457763672
2023-09-21,16.299999237060547,18.8799991607666,12.65999984741211,18.8799991607666
2023-09-22,17.739999771118164,17.93000030517578,15.680000305175781,17.510000228881836
2023-09-25,19.520000457763672,19.760000228881836,17.290000915527344,17.559999465942383
2023-09-26,18.790000915527344,20.579999923706055,18.299999237060547,19.850000381469727
2023-09-27,19.040000915527344,20.56999969482422,18.670000076293945,18.920000076293945
2023-09-28,20.100000381469727,20.1299991607666,17.389999389648438,17.6299991607666
2023-09-29,16.18000030517578,17.700000762939453,15.329999923706055,17.200000762939453
2023-10-02,19.06999969482422,19.1299991607666,16.399999618530273,17.610000610351562
2023-10-03,19.059999465942383,21.239999771118164,18.450000762939453,19.899999618530273
2023-10-04,19.889999389648438,20.0,17.899999618530273,18.299999237060547
2023-10-05,18.3799991607666,19.709999084472656,18.170000076293945,18.360000610351562
2023-10-06,19.18000030517578,19.56999969482422,16.110000610351562,16.290000915527344
2023-10-09,18.809999465942383,19.06999969482422,17.270000457763672,17.8799991607666
2023-10-10,17.59000015258789,17.600000381469727,16.34000015258789,17.110000610351562
2023-10-11,16.219999313354492,17.739999771118164,15.15999984741211,15.170000076293945
2023-10-12,15.0,18.209999084472656,14.449999809265137,15.869999885559082
2023-10-13,16.219999313354492,21.389999389648438,16.030000686645508,18.760000228881836
2023-10-16,18.709999084472656,18.709999084472656,17.079999923706055,17.190000534057617
2023-10-17,18.3700008392334,18.860000610351562,16.889999389648438,17.709999084472656
2023-10-18,18.5,20.329999923706055,18.260000228881836,18.899999618530273
2023-10-19,19.190000534057617,21.579999923706055,18.3700008392334,21.459999084472656
2023-10-20,21.110000610351562,22.030000686645508,19.829999923706055,20.760000228881836
2023-10-23,22.690000534057617,23.420000076293945,20.110000610351562,20.690000534057617
2023-10-24,20.15999984741211,20.75,18.799999237060547,19.309999465942383
2023-10-25,19.59000015258789,21.959999084472656,19.59000015258789,20.489999771118164
2023-10-26,21.719999313354492,22.649999618530273,20.610000610351562,20.799999237060547
2023-10-27,20.450000762939453,22.729999542236328,19.889999389648438,21.360000610351562
2023-10-30,21.639999389648438,22.170000076293945,20.389999389648438,20.649999618530273
2023-10-31,20.5,20.860000610351562,18.56999969482422,19.020000457763672
2023-11-01,18.809999465942383,18.920000076293945,16.790000915527344,16.8700008392334
2023-11-02,16.290000915527344,16.309999465942383,15.0,15.15999984741211
2023-11-03,14.869999885559082,15.420000076293945,13.710000038146973,13.710000038146973
2023-11-06,15.3100004196167,15.640000343322754,14.449999809265137,14.529999732971191
2023-11-07,14.680000305175781,14.920000076293945,14.289999961853027,14.430000305175781
2023-11-08,14.420000076293945,15.109999656677246,13.760000228881836,13.829999923706055
2023-11-09,13.729999542236328,15.0600004196167,13.670000076293945,14.699999809265137
2023-11-10,14.069999694824219,14.420000076293945,12.779999732971191,12.779999732971191
2023-11-13,14.369999885559082,14.369999885559082,13.59000015258789,13.800000190734863
2023-11-14,12.720000267028809,13.329999923706055,12.569999694824219,12.869999885559082
2023-11-15,12.760000228881836,12.869999885559082,11.789999961853027,11.890000343322754
2023-11-16,11.899999618530273,12.3100004196167,11.5600004196167,11.8100004196167
2023-11-17,11.859999656677246,11.859999656677246,10.670000076293945,10.670000076293945
2023-11-20,12.390000343322754,12.390000343322754,11.140000343322754,11.140000343322754
2023-11-21,11.630000114440918,11.680000305175781,11.239999771118164,11.470000267028809
2023-11-22,10.819999694824219,11.029999732971191,9.960000038146973,9.960000038146973
2023-11-24,11.199999809265137,11.199999809265137,9.800000190734863,9.829999923706055
2023-11-27,11.90999984741211,11.979999542236328,11.25,11.270000457763672
2023-11-28,11.699999809265137,13.670000076293945,11.34000015258789,11.520000457763672
2023-11-29,11.770000457763672,12.539999961853027,11.710000038146973,12.050000190734863
2023-11-30,12.75,12.960000038146973,12.15999984741211,12.300000190734863
2023-12-01,12.529999732971191,12.59000015258789,11.859999656677246,11.979999542236328
2023-12-04,14.25,14.550000190734863,13.390000343322754,13.460000038146973
2023-12-05,14.020000457763672,14.180000305175781,13.4399995803833,13.529999732971191
2023-12-06,13.680000305175781,13.920000076293945,13.510000228881836,13.670000076293945
2023-12-07,13.800000190734863,13.930000305175781,13.640000343322754,13.729999542236328
2023-12-08,13.0600004196167,13.260000228881836,12.210000038146973,12.210000038146973
2023-12-11,13.369999885559082,13.390000343322754,12.630000114440918,12.680000305175781
2023-12-12,12.369999885559082,12.449999809265137,11.260000228881836,11.640000343322754
2023-12-13,12.0600004196167,12.630000114440918,11.479999542236328,12.430000305175781
2023-12-14,11.890000343322754,12.720000267028809,11.550000190734863,12.289999961853027
2023-12-15,11.4399995803833,11.779999732971191,10.470000267028809,10.869999885559082
2023-12-18,11.829999923706055,12.0600004196167,11.430000305175781,11.4399995803833
2023-12-19,11.380000114440918,11.430000305175781,11.020000457763672,11.25
2023-12-20,11.199999809265137,13.789999961853027,10.850000381469727,13.670000076293945
2023-12-21,12.970000267028809,14.539999961853027,12.869999885559082,13.109999656677246
2023-12-22,12.989999771118164,13.15999984741211,11.489999771118164,11.5600004196167
2023-12-26,13.619999885559082,13.630000114440918,12.359999656677246,12.449999809265137
2023-12-27,12.5600004196167,12.5600004196167,11.220000267028809,11.229999542236328
2023-12-28,11.510000228881836,11.609999656677246,11.170000076293945,11.229999542236328
2023-12-29,11.569999694824219,12.210000038146973,10.670000076293945,10.670000076293945
2024-01-02,13.710000038146973,13.930000305175781,12.550000190734863,12.59000015258789
2024-01-03,13.260000228881836,13.600000381469727,12.710000038146973,13.239999771118164
2024-01-04,13.569999694824219,13.59000015258789,12.75,13.0600004196167
2024-01-05,12.520000457763672,12.539999961853027,11.710000038146973,11.710000038146973
2024-01-08,12.90999984741211,12.989999771118164,11.680000305175781,11.699999809265137
2024-01-09,12.029999732971191,12.199999809265137,11.329999923706055,11.350000381469727
2024-01-10,11.40999984741211,11.529999732971191,11.0,11.09000015258789
2024-01-11,10.880000114440918,12.369999885559082,10.550000190734863,10.75
2024-01-12,10.989999771118164,11.619999885559082,10.34000015258789,10.520000457763672
2024-01-16,13.100000381469727,13.619999885559082,12.460000038146973,12.640000343322754
2024-01-17,14.109999656677246,14.539999961853027,13.170000076293945,13.319999694824219
2024-01-18,13.300000190734863,13.8100004196167,12.65999984741211,12.65999984741211
2024-01-19,12.59000015258789,13.050000190734863,11.8100004196167,11.819999694824219
2024-01-22,13.720000267028809,13.890000343322754,13.149999618530273,13.180000305175781
2024-01-23,13.579999923706055,13.680000305175781,12.470000267028809,12.489999771118164
2024-01-24,12.8100004196167,13.59000015258789,12.550000190734863,13.579999923706055
2024-01-25,13.449999809265137,14.069999694824219,13.430000305175781,13.739999771118164
2024-01-26,13.880000114440918,13.920000076293945,12.949999809265137,13.069999694824219
2024-01-29,14.640000343322754,14.649999618530273,13.880000114440918,13.949999809265137
2024-01-30,14.069999694824219,14.210000038146973,13.619999885559082,13.720000267028809
2024-01-31,13.539999961853027,15.050000190734863,13.510000228881836,14.550000190734863
2024-02-01,14.319999694824219,14.760000228881836,13.220000267028809,13.279999732971191
2024-02-02,13.5600004196167,13.720000267028809,12.630000114440918,13.039999961853027
2024-02-05,14.100000381469727,14.630000114440918,13.25,13.350000381469727
2024-02-06,13.180000305175781,13.579999923706055,12.260000228881836,12.460000038146973
2024-02-07,12.380000114440918,13.170000076293945,11.949999809265137,11.960000038146973
2024-02-08,12.34000015258789,12.34000015258789,11.5600004196167,11.600000381469727
2024-02-09,11.960000038146973,11.960000038146973,11.25,11.609999656677246
2024-02-12,12.609999656677246,13.229999542236328,12.489999771118164,13.029999732971191
2024-02-13,14.050000190734863,18.200000762939453,13.59000015258789,15.0
2024-02-14,13.680000305175781,14.359999656677246,12.789999961853027,12.920000076293945
2024-02-15,13.0,13.40999984741211,12.420000076293945,12.470000267028809
2024-02-16,13.069999694824219,13.449999809265137,11.90999984741211,12.569999694824219
2024-02-20,14.649999618530273,15.720000267028809,14.539999961853027,14.850000381469727
2024-02-21,15.4399995803833,15.729999542236328,14.460000038146973,14.649999618530273
2024-02-22,13.180000305175781,13.789999961853027,12.859999656677246,13.170000076293945
2024-02-23,12.760000228881836,13.029999732971191,11.789999961853027,11.920000076293945
2024-02-26,13.470000267028809,13.600000381469727,13.020000457763672,13.130000114440918
2024-02-27,13.34000015258789,13.40999984741211,12.84000015258789,12.84000015258789
2024-02-28,13.359999656677246,13.520000457763672,12.819999694824219,13.520000457763672
2024-02-29,13.029999732971191,13.40999984741211,12.180000305175781,12.479999542236328
2024-03-01,12.550000190734863,12.9399995803833,11.779999732971191,11.819999694824219
2024-03-04,13.460000038146973,13.479999542236328,13.010000228881836,13.229999542236328
2024-03-05,13.899999618530273,15.819999694824219,13.8100004196167,14.880000114440918
2024-03-06,14.329999923706055,15.84000015258789,14.270000457763672,14.880000114440918
2024-03-07,14.829999923706055,15.119999885559082,14.470000267028809,14.550000190734863
2024-03-08,14.210000038146973,15.720000267028809,14.100000381469727,14.630000114440918
2024-03-11,16.889999389648438,17.5,16.200000762939453,16.459999084472656
2024-03-12,14.960000038146973,15.869999885559082,14.0,14.069999694824219
2024-03-13,14.210000038146973,14.460000038146973,13.899999618530273,14.100000381469727
2024-03-14,13.819999694824219,16.3700008392334,13.800000190734863,14.869999885559082
2024-03-15,15.300000190734863,15.989999771118164,14.119999885559082,14.15999984741211
2024-03-18,15.109999656677246,15.180000305175781,14.40999984741211,14.5
2024-03-19,14.729999542236328,14.850000381469727,13.59000015258789,13.640000343322754
2024-03-20,14.239999771118164,14.34000015258789,11.579999923706055,11.579999923706055
2024-03-21,11.079999923706055,11.710000038146973,11.079999923706055,11.170000076293945
2024-03-22,11.449999809265137,11.460000038146973,10.489999771118164,10.859999656677246
2024-03-25,12.140000343322754,12.140000343322754,11.350000381469727,11.470000267028809
2024-03-26,11.640000343322754,11.989999771118164,11.079999923706055,11.59000015258789
2024-03-27,11.039999961853027,11.539999961853027,10.329999923706055,10.529999732971191
2024-03-28,11.0600004196167,11.069999694824219,10.470000267028809,10.5600004196167
2024-04-01,13.100000381469727,13.479999542236328,12.609999656677246,12.619999885559082
2024-04-02,14.430000305175781,15.510000228881836,14.010000228881836,14.029999732971191
2024-04-03,14.779999732971191,14.779999732971191,13.239999771118164,13.270000457763672
2024-04-04,13.0,18.139999389648438,12.479999542236328,17.139999389648438
2024-04-05,16.75,17.0,15.020000457763672,15.460000038146973
2024-04-08,16.170000076293945,16.540000915527344,14.550000190734863,14.5600004196167
2024-04-09,14.65999984741211,17.43000030517578,14.569999694824219,14.699999809265137
2024-04-10,16.170000076293945,17.06999969482422,14.579999923706055,15.8100004196167
2024-04-11,15.899999618530273,17.18000030517578,14.170000076293945,14.180000305175781
2024-04-12,17.6200008392334,20.780000686645508,17.059999465942383,17.329999923706055
2024-04-15,16.850000381469727,21.239999771118164,16.299999237060547,20.760000228881836
2024-04-16,20.56999969482422,21.31999969482422,18.489999771118164,19.239999771118164
2024-04-17,18.899999618530273,19.59000015258789,17.540000915527344,18.100000381469727
2024-04-18,17.850000381469727,18.639999389648438,17.1299991607666,17.8799991607666
2024-04-19,19.489999771118164,19.559999465942383,18.110000610351562,18.1299991607666
2024-04-22,19.020000457763672,19.200000762939453,17.149999618530273,17.450000762939453
2024-04-23,17.31999969482422,17.389999389648438,16.25,16.25
2024-04-24,16.600000381469727,17.139999389648438,15.850000381469727,16.290000915527344
2024-04-25,17.549999237060547,18.540000915527344,15.640000343322754,15.8100004196167
2024-04-26,16.06999969482422,16.219999313354492,14.579999923706055,14.670000076293945
2024-04-29,15.760000228881836,16.1200008392334,15.0600004196167,15.109999656677246
2024-04-30,15.859999656677246,17.209999084472656,15.40999984741211,16.65999984741211
2024-05-01,17.209999084472656,17.670000076293945,14.739999771118164,15.90999984741211
2024-05-02,15.600000381469727,17.049999237060547,14.75,14.859999656677246
2024-05-03,13.289999961853027,13.65999984741211,11.920000076293945,12.0
2024-05-06,13.619999885559082,13.920000076293945,13.069999694824219,13.130000114440918
2024-05-07,13.34000015258789,13.550000190734863,12.739999771118164,12.760000228881836
2024-05-08,13.579999923706055,13.600000381469727,12.350000381469727,12.479999542236328
2024-05-09,12.880000114440918,13.100000381469727,11.920000076293945,11.920000076293945
2024-05-10,12.279999732971191,12.5600004196167,11.710000038146973,11.819999694824219
2024-05-13,13.550000190734863,14.020000457763672,13.5,13.710000038146973
2024-05-14,13.84000015258789,13.960000038146973,13.130000114440918,13.3100004196167
2024-05-15,12.449999809265137,12.510000228881836,11.350000381469727,11.420000076293945
2024-05-16,11.350000381469727,11.529999732971191,10.899999618530273,10.960000038146973
2024-05-17,10.869999885559082,10.899999618530273,9.5,9.670000076293945
2024-05-20,10.84000015258789,11.539999961853027,10.479999542236328,10.529999732971191
2024-05-21,11.069999694824219,11.119999885559082,10.029999732971191,10.079999923706055
2024-05-22,10.609999656677246,11.699999809265137,10.489999771118164,11.140000343322754
2024-05-23,9.8100004196167,11.920000076293945,9.8100004196167,10.789999961853027
2024-05-24,10.569999694824219,10.800000190734863,8.949999809265137,9.1899995803833
2024-05-28,11.529999732971191,12.550000190734863,11.25,11.510000228881836
2024-05-29,13.260000228881836,13.449999809265137,12.65999984741211,13.40999984741211
2024-05-30,13.729999542236328,14.319999694824219,13.029999732971191,13.670000076293945
2024-05-31,13.220000267028809,14.329999923706055,11.5600004196167,11.680000305175781
2024-06-03,13.829999923706055,15.640000343322754,13.569999694824219,13.90999984741211
2024-06-04,14.920000076293945,15.520000457763672,14.270000457763672,14.279999732971191
2024-06-05,14.350000381469727,14.779999732971191,13.90999984741211,13.989999771118164
2024-06-06,13.930000305175781,14.319999694824219,13.329999923706055,13.470000267028809
2024-06-07,13.84000015258789,13.850000381469727,12.319999694824219,12.329999923706055
2024-06-10,13.6899995803833,13.729999542236328,12.670000076293945,12.850000381469727
2024-06-11,13.34000015258789,13.670000076293945,12.779999732971191,12.869999885559082
2024-06-12,11.65999984741211,12.020000457763672,10.130000114440918,10.399999618530273
2024-06-13,10.640000343322754,11.5,10.020000457763672,10.279999732971191
2024-06-14,11.40999984741211,12.010000228881836,10.609999656677246,11.0
2024-06-17,12.880000114440918,13.020000457763672,11.65999984741211,11.9399995803833
2024-06-18,11.720000267028809,12.079999923706055,10.930000305175781,11.119999885559082
2024-06-20,11.869999885559082,13.149999618530273,11.869999885559082,12.359999656677246
2024-06-21,12.59000015258789,12.59000015258789,10.6899995803833,10.960000038146973
2024-06-24,12.649999618530273,12.649999618530273,11.5600004196167,11.829999923706055
2024-06-25,11.899999618530273,11.960000038146973,11.0,11.100000381469727
2024-06-26,11.760000228881836,11.84000015258789,10.220000267028809,10.510000228881836
2024-06-27,10.90999984741211,11.050000190734863,10.359999656677246,10.489999771118164
2024-06-28,10.890000343322754,10.960000038146973,10.15999984741211,10.539999961853027
2024-07-01,12.0,12.670000076293945,10.760000228881836,10.930000305175781
2024-07-02,11.550000190734863,11.569999694824219,10.430000305175781,10.600000381469727
2024-07-03,10.739999771118164,11.020000457763672,10.539999961853027,10.720000267028809
2024-07-05,11.239999771118164,11.319999694824219,10.479999542236328,10.8100004196167
2024-07-08,11.770000457763672,11.949999809265137,11.010000228881836,11.050000190734863
2024-07-09,11.3100004196167,11.420000076293945,11.010000228881836,11.109999656677246
2024-07-10,11.260000228881836,12.220000267028809,10.9399995803833,12.0
2024-07-11,11.390000343322754,12.59000015258789,11.279999732971191,11.420000076293945
2024-07-12,11.0600004196167,11.0600004196167,10.069999694824219,10.550000190734863
2024-07-15,12.079999923706055,12.40999984741211,11.789999961853027,12.180000305175781
2024-07-16,12.260000228881836,12.350000381469727,11.739999771118164,11.800000190734863
2024-07-17,12.829999923706055,14.0,12.699999809265137,13.15999984741211
2024-07-18,13.569999694824219,15.760000228881836,12.930000305175781,14.899999618530273
2024-07-19,15.710000038146973,16.43000030517578,14.789999961853027,15.039999961853027
2024-07-22,16.5,16.5,14.649999618530273,14.789999961853027
2024-07-23,15.15999984741211,15.260000228881836,13.550000190734863,14.609999656677246
2024-07-24,15.59000015258789,20.1299991607666,15.550000190734863,19.790000915527344
2024-07-25,19.780000686645508,21.280000686645508,17.93000030517578,19.81999969482422
2024-07-26,18.6299991607666,18.68000030517578,16.780000686645508,16.809999465942383
2024-07-29,18.270000457763672,18.489999771118164,17.020000457763672,17.389999389648438
2024-07-30,17.56999969482422,19.940000534057617,17.190000534057617,18.899999618530273
2024-07-31,17.34000015258789,17.479999542236328,15.989999771118164,16.510000228881836
2024-08-01,16.469999313354492,21.149999618530273,15.739999771118164,19.540000915527344
2024-08-02,22.780000686645508,33.58000183105469,22.25,23.309999465942383
2024-08-05,76.04000091552734,76.04000091552734,32.220001220703125,42.790000915527344
2024-08-06,34.900001525878906,34.970001220703125,25.0,28.93000030517578
2024-08-07,23.1200008392334,32.689998626708984,22.229999542236328,29.260000228881836
2024-08-08,27.579999923706055,28.8799991607666,23.079999923706055,23.899999618530273
2024-08-09,24.329999923706055,25.110000610351562,19.829999923706055,20.059999465942383
2024-08-12,21.600000381469727,22.790000915527344,20.010000228881836,21.920000076293945
2024-08-13,20.739999771118164,20.84000015258789,18.450000762939453,18.56999969482422
2024-08-14,17.8700008392334,18.239999771118164,15.579999923706055,15.789999961853027
2024-08-15,14.859999656677246,15.720000267028809,14.210000038146973,14.369999885559082
2024-08-16,14.779999732971191,14.779999732971191,12.920000076293945,12.970000267028809
2024-08-19,15.449999809265137,15.460000038146973,13.970000267028809,14.119999885559082
2024-08-20,14.789999961853027,16.010000228881836,14.579999923706055,15.850000381469727
2024-08-21,16.260000228881836,17.239999771118164,15.5600004196167,15.649999618530273
2024-08-22,15.380000114440918,17.549999237060547,15.34000015258789,16.549999237060547
2024-08-23,16.100000381469727,16.329999923706055,13.359999656677246,13.6899995803833
2024-08-26,15.319999694824219,16.1299991607666,14.680000305175781,14.869999885559082
2024-08-27,15.6899995803833,15.84000015258789,14.109999656677246,14.170000076293945
2024-08-28,14.779999732971191,17.700000762939453,14.609999656677246,16.639999389648438
2024-08-29,14.8100004196167,14.8100004196167,13.600000381469727,13.729999542236328
2024-08-30,13.699999809265137,13.960000038146973,12.609999656677246,12.899999618530273
2024-09-03,16.18000030517578,21.610000610351562,16.1299991607666,20.06999969482422
2024-09-04,22.489999771118164,22.489999771118164,19.010000228881836,20.43000030517578
2024-09-05,20.420000076293945,21.309999465942383,18.6200008392334,19.540000915527344
2024-09-06,18.5,24.040000915527344,18.06999969482422,22.260000228881836
2024-09-09,22.06999969482422,22.139999389648438,19.6299991607666,19.670000076293945
2024-09-10,19.5,21.719999313354492,19.229999542236328,19.690000534057617
2024-09-11,19.350000381469727,22.610000610351562,17.649999618530273,17.8799991607666
2024-09-12,18.1200008392334,18.860000610351562,16.43000030517578,16.75
2024-09-13,17.1200008392334,17.139999389648438,15.359999656677246,15.800000190734863
2024-09-16,17.56999969482422,18.100000381469727,16.969999313354492,17.190000534057617
2024-09-17,17.3799991607666,19.280000686645508,17.020000457763672,18.09000015258789
2024-09-18,19.420000076293945,20.31999969482422,16.84000015258789,17.950000762939453
2024-09-19,15.420000076293945,16.270000457763672,14.4399995803833,14.65999984741211
2024-09-20,14.359999656677246,14.489999771118164,13.010000228881836,13.199999809265137
2024-09-23,15.350000381469727,15.40999984741211,14.15999984741211,14.350000381469727
2024-09-24,14.819999694824219,15.789999961853027,13.920000076293945,14.119999885559082
2024-09-25,14.3100004196167,14.850000381469727,14.109999656677246,14.239999771118164
2024-09-26,14.399999618530273,15.130000114440918,14.1899995803833,14.5600004196167
2024-09-27,14.649999618530273,15.789999961853027,13.920000076293945,15.739999771118164
2024-09-30,17.190000534057617,17.81999969482422,16.329999923706055,16.649999618530273
2024-10-01,17.040000915527344,22.40999984741211,17.040000915527344,19.549999237060547
2024-10-02,20.510000228881836,21.25,18.649999618530273,18.760000228881836
2024-10-03,19.790000915527344,20.969999313354492,18.899999618530273,20.40999984741211
2024-10-04,18.260000228881836,18.940000534057617,15.84000015258789,16.479999542236328
2024-10-07,18.479999542236328,21.770000457763672,17.799999237060547,20.0
2024-10-08,19.09000015258789,19.31999969482422,17.920000076293945,18.0
2024-10-09,17.639999389648438,17.639999389648438,16.260000228881836,16.40999984741211
2024-10-10,16.329999923706055,16.530000686645508,15.220000267028809,15.489999771118164
2024-10-11,15.180000305175781,15.180000305175781,13.829999923706055,14.329999923706055
2024-10-14,15.399999618530273,15.40999984741211,14.630000114440918,14.640000343322754
2024-10-15,14.510000228881836,15.829999923706055,14.119999885559082,14.880000114440918
2024-10-16,15.300000190734863,15.4399995803833,14.130000114440918,14.25
2024-10-17,14.390000343322754,14.9399995803833,13.779999732971191,13.850000381469727
2024-10-18,14.220000267028809,14.350000381469727,12.380000114440918,12.380000114440918
2024-10-21,15.100000381469727,16.0,14.390000343322754,14.390000343322754
2024-10-22,15.649999618530273,15.75,14.329999923706055,14.550000190734863
2024-10-23,15.260000228881836,18.59000015258789,15.1899995803833,16.489999771118164
2024-10-24,16.90999984741211,18.25,16.59000015258789,16.670000076293945
2024-10-25,16.6200008392334,18.969999313354492,16.420000076293945,18.489999771118164
2024-10-28,20.219999313354492,21.25,19.850000381469727,21.170000076293945
2024-10-29,22.329999923706055,22.860000610351562,21.280000686645508,21.770000457763672
2024-10-30,22.959999084472656,23.670000076293945,22.510000228881836,23.59000015258789
2024-10-31,25.049999237060547,27.059999465942383,24.3799991607666,26.049999237060547
2024-11-01,24.90999984741211,24.959999084472656,23.3799991607666,23.469999313354492
2024-11-04,26.440000534057617,27.239999771118164,25.360000610351562,25.770000457763672
2024-11-05,25.90999984741211,25.969999313354492,23.979999542236328,24.700000762939453
2024-11-06,16.3700008392334,17.40999984741211,15.670000076293945,15.850000381469727
2024-11-07,14.869999885559082,14.920000076293945,13.800000190734863,13.84000015258789
2024-11-08,13.350000381469727,13.380000114440918,12.84000015258789,13.09000015258789
2024-11-11,14.949999809265137,15.239999771118164,13.949999809265137,14.0
2024-11-12,14.489999771118164,14.65999984741211,13.90999984741211,13.920000076293945
2024-11-13,14.09000015258789,14.220000267028809,12.529999732971191,12.8100004196167
2024-11-14,12.869999885559082,13.15999984741211,12.3100004196167,13.130000114440918
2024-11-15,13.489999771118164,17.209999084472656,13.239999771118164,14.8100004196167
2024-11-18,16.139999389648438,16.190000534057617,13.829999923706055,13.979999542236328
2024-11-19,15.859999656677246,16.139999389648438,13.90999984741211,14.239999771118164
2024-11-20,14.210000038146973,16.760000228881836,14.140000343322754,15.079999923706055
2024-11-21,13.40999984741211,16.25,13.149999618530273,14.149999618530273
2024-11-22,13.829999923706055,13.970000267028809,11.4399995803833,11.460000038146973
2024-11-25,13.210000038146973,14.1899995803833,12.289999961853027,12.3100004196167
2024-11-26,12.550000190734863,12.550000190734863,11.720000267028809,11.729999542236328
2024-11-27,12.039999961853027,12.420000076293945,10.739999771118164,10.75
2024-11-29,12.119999885559082,12.119999885559082,10.890000343322754,10.890000343322754
2024-12-02,12.739999771118164,12.800000190734863,11.779999732971191,11.859999656677246
2024-12-03,12.25,12.59000015258789,11.8100004196167,11.869999885559082
2024-12-04,11.829999923706055,12.520000457763672,11.550000190734863,11.600000381469727
2024-12-05,11.859999656677246,11.960000038146973,11.3100004196167,11.680000305175781
2024-12-06,11.020000457763672,11.020000457763672,10.15999984741211,10.380000114440918
2024-12-09,12.149999618530273,13.199999809265137,12.069999694824219,12.970000267028809
2024-12-10,13.170000076293945,13.6899995803833,12.770000457763672,13.289999961853027
2024-12-11,12.670000076293945,12.670000076293945,12.029999732971191,12.039999961853027
2024-12-12,11.890000343322754,12.319999694824219,11.510000228881836,11.930000305175781
2024-12-13,11.050000190734863,12.069999694824219,10.710000038146973,10.899999618530273
2024-12-16,11.460000038146973,12.0600004196167,11.050000190734863,12.0600004196167
2024-12-17,12.800000190734863,13.899999618530273,12.510000228881836,13.390000343322754
2024-12-18,12.899999618530273,35.86000061035156,12.399999618530273,35.41999816894531
2024-12-19,20.549999237060547,25.31999969482422,18.75,23.719999313354492
2024-12-20,22.40999984741211,22.40999984741211,14.949999809265137,15.949999809265137
2024-12-23,17.34000015258789,19.700000762939453,14.510000228881836,14.760000228881836
2024-12-24,14.979999542236328,15.029999732971191,10.84000015258789,10.890000343322754
2024-12-26,12.630000114440918,13.539999961853027,11.380000114440918,11.630000114440918
2024-12-27,13.399999618530273,16.729999542236328,13.1899995803833,13.3100004196167
2024-12-30,16.979999542236328,18.0,15.0,15.8100004196167
2024-12-31,15.630000114440918,16.100000381469727,14.949999809265137,15.149999618530273
2025-01-02,15.579999923706055,17.959999084472656,15.34000015258789,16.260000228881836
2025-01-03,15.949999809265137,16.239999771118164,13.329999923706055,13.4399995803833
2025-01-06,14.9399995803833,15.0,13.970000267028809,14.199999809265137
2025-01-07,14.15999984741211,17.579999923706055,14.15999984741211,16.100000381469727
2025-01-08,17.8700008392334,18.399999618530273,15.460000038146973,16.149999618530273
2025-01-10,18.020000457763672,19.639999389648438,16.959999084472656,17.829999923706055
2025-01-13,21.149999618530273,21.209999084472656,18.309999465942383,18.700000762939453
2025-01-14,18.3700008392334,19.459999084472656,17.649999618530273,18.149999618530273
2025-01-15,15.779999732971191,15.779999732971191,13.640000343322754,13.9399995803833
2025-01-16,14.260000228881836,14.880000114440918,13.649999618530273,14.880000114440918
2025-01-17,14.59000015258789,14.869999885559082,13.819999694824219,14.130000114440918
2025-01-21,16.31999969482422,16.399999618530273,14.140000343322754,14.3100004196167
2025-01-22,14.270000457763672,14.270000457763672,13.489999771118164,13.569999694824219
2025-01-23,13.84000015258789,13.84000015258789,13.15999984741211,13.420000076293945
2025-01-24,13.510000228881836,13.569999694824219,12.65999984741211,12.880000114440918
2025-01-27,21.790000915527344,21.790000915527344,18.299999237060547,18.450000762939453
2025-01-28,18.290000915527344,19.329999923706055,16.479999542236328,16.639999389648438
2025-01-29,17.020000457763672,18.56999969482422,16.18000030517578,16.40999984741211
2025-01-30,15.449999809265137,15.890000343322754,14.460000038146973,14.979999542236328
2025-01-31,14.329999923706055,16.579999923706055,13.59000015258789,15.850000381469727
2025-02-03,20.420000076293945,21.989999771118164,18.739999771118164,19.3799991607666
2025-02-04,18.469999313354492,18.469999313354492,16.579999923706055,17.0
2025-02-05,16.65999984741211,17.40999984741211,14.859999656677246,14.880000114440918
2025-02-06,14.739999771118164,15.140000343322754,13.520000457763672,14.149999618530273
2025-02-07,13.140000343322754,15.819999694824219,12.40999984741211,14.670000076293945
2025-02-10,14.6899995803833,15.029999732971191,13.699999809265137,13.760000228881836
2025-02-11,14.270000457763672,14.539999961853027,13.470000267028809,13.829999923706055
2025-02-12,15.170000076293945,15.25,13.140000343322754,13.510000228881836
2025-02-13,13.550000190734863,13.960000038146973,12.239999771118164,12.3100004196167
2025-02-14,12.270000457763672,12.470000267028809,11.380000114440918,11.5600004196167
2025-02-18,14.369999885559082,14.710000038146973,13.109999656677246,13.199999809265137
2025-02-19,13.920000076293945,13.9399995803833,12.819999694824219,13.0600004196167
2025-02-20,13.369999885559082,15.569999694824219,13.069999694824219,13.460000038146973
2025-02-21,13.600000381469727,18.739999771118164,13.449999809265137,17.0
2025-02-24,17.389999389648438,20.920000076293945,16.6200008392334,18.299999237060547
2025-02-25,18.979999542236328,21.93000030517578,18.739999771118164,19.290000915527344
2025-02-26,19.709999084472656,20.389999389648438,17.950000762939453,18.8799991607666
2025-02-27,17.899999618530273,21.299999237060547,17.790000915527344,20.950000762939453
2025-02-28,21.700000762939453,22.670000076293945,18.020000457763672,18.8799991607666
2025-03-03,20.350000381469727,25.920000076293945,19.829999923706055,23.959999084472656
2025-03-04,26.139999389648438,28.399999618530273,22.780000686645508,24.790000915527344
2025-03-05,25.729999542236328,27.049999237060547,22.299999237060547,22.899999618530273
2025-03-06,25.18000030517578,28.309999465942383,24.770000457763672,26.790000915527344
2025-03-07,26.34000015258789,28.350000381469727,23.170000076293945,23.790000915527344
2025-03-10,29.350000381469727,33.84000015258789,29.09000015258789,31.190000534057617
2025-03-11,31.360000610351562,32.56999969482422,28.100000381469727,28.93000030517578
2025-03-12,27.3799991607666,28.549999237060547,24.459999084472656,25.260000228881836
2025-03-13,25.690000534057617,27.610000610351562,24.649999618530273,25.360000610351562
2025-03-14,24.65999984741211,24.709999084472656,21.280000686645508,21.770000457763672
2025-03-17,23.829999923706055,23.829999923706055,20.920000076293945,21.299999237060547
2025-03-18,22.889999389648438,24.3700008392334,22.40999984741211,22.59000015258789
2025-03-19,22.520000457763672,22.81999969482422,19.329999923706055,19.790000915527344
2025-03-20,21.639999389648438,21.700000762939453,19.299999237060547,19.459999084472656
2025-03-21,21.270000457763672,21.799999237060547,18.25,18.579999923706055
2025-03-24,20.649999618530273,20.649999618530273,18.510000228881836,18.559999465942383
2025-03-25,18.549999237060547,19.09000015258789,17.850000381469727,18.010000228881836
2025-03-26,18.43000030517578,21.5,18.020000457763672,19.959999084472656
2025-03-27,20.68000030517578,21.639999389648438,19.459999084472656,20.030000686645508
2025-03-28,20.940000534057617,24.239999771118164,20.649999618530273,22.690000534057617
2025-03-31,26.75,27.59000015258789,24.350000381469727,25.139999389648438
2025-04-01,25.780000686645508,26.969999313354492,24.280000686645508,24.459999084472656
2025-04-02,26.899999618530273,26.899999618530273,23.6200008392334,24.290000915527344
2025-04-03,29.610000610351562,34.099998474121094,29.299999237060547,34.099998474121094
2025-04-04,44.95000076293945,59.02000045776367,43.36000061035156,57.16999816894531
2025-04-07,68.58000183105469,73.30999755859375,51.279998779296875,62.58000183105469
2025-04-08,49.400001525878906,74.72000122070312,45.790000915527344,67.62999725341797
2025-04-09,67.55000305175781,68.48999786376953,39.5,40.060001373291016
2025-04-10,43.58000183105469,75.75,42.84000015258789,50.43000030517578
2025-04-11,54.540000915527344,58.11000061035156,41.34000015258789,43.31999969482422
2025-04-14,37.029998779296875,40.4900016784668,32.95000076293945,34.20000076293945
2025-04-15,32.349998474121094,33.310001373291016,28.920000076293945,29.940000534057617
2025-04-16,33.349998474121094,37.130001068115234,29.549999237060547,33.220001220703125
2025-04-17,31.260000228881836,32.27000045776367,27.6200008392334,27.649999618530273
2025-04-21,34.2400016784668,39.70000076293945,34.2400016784668,36.560001373291016
2025-04-22,33.959999084472656,35.900001525878906,31.93000030517578,33.13999938964844
2025-04-23,30.469999313354492,33.970001220703125,29.959999084472656,30.739999771118164
2025-04-24,29.739999771118164,30.459999084472656,28.1200008392334,28.280000686645508
2025-04-25,28.829999923706055,29.079999923706055,24.639999389648438,24.639999389648438
2025-04-28,27.149999618530273,28.969999313354492,25.940000534057617,26.469999313354492
2025-04-29,27.6299991607666,27.6299991607666,24.81999969482422,24.950000762939453
2025-04-30,28.56999969482422,30.559999465942383,24.420000076293945,25.06999969482422
2025-05-01,24.530000686645508,25.940000534057617,23.09000015258789,24.81999969482422
2025-05-02,22.34000015258789,22.889999389648438,20.700000762939453,21.219999313354492
2025-05-05,24.399999618530273,24.469999313354492,21.8700008392334,22.729999542236328
2025-05-06,24.25,24.65999984741211,23.260000228881836,24.139999389648438
2025-05-07,25.309999465942383,26.809999465942383,22.549999237060547,22.690000534057617
2025-05-08,22.68000030517578,23.43000030517578,21.09000015258789,21.6299991607666
2025-05-09,21.5,22.229999542236328,20.809999465942383,20.8700008392334
2025-05-12,19.020000457763672,19.90999984741211,17.690000534057617,17.969999313354492
2025-05-13,17.040000915527344,17.639999389648438,16.829999923706055,17.40999984741211
2025-05-14,17.280000686645508,18.239999771118164,17.040000915527344,17.530000686645508
2025-05-15,17.729999542236328,17.889999389648438,15.789999961853027,15.880000114440918
2025-05-16,15.59000015258789,15.9399995803833,14.270000457763672,14.350000381469727
2025-05-19,18.520000457763672,18.530000686645508,16.649999618530273,16.809999465942383
2025-05-20,16.889999389648438,17.399999618530273,16.239999771118164,16.56999969482422
2025-05-21,17.670000076293945,19.989999771118164,16.639999389648438,19.559999465942383
2025-05-22,20.049999237060547,20.68000030517578,17.959999084472656,18.420000076293945
2025-05-23,24.90999984741211,24.90999984741211,19.93000030517578,20.6299991607666
2025-05-27,20.450000762939453,21.0,17.739999771118164,17.899999618530273
2025-05-28,18.18000030517578,18.889999389648438,17.610000610351562,18.190000534057617
2025-05-29,18.459999084472656,20.059999465942383,17.450000762939453,17.84000015258789
2025-05-30,18.450000762939453,19.649999618530273,16.600000381469727,16.739999771118164
2025-06-02,18.899999618530273,19.690000534057617,17.639999389648438,17.639999389648438
2025-06-03,17.729999542236328,18.040000915527344,16.510000228881836,16.6200008392334
2025-06-04,16.649999618530273,17.18000030517578,15.859999656677246,16.040000915527344
2025-06-05,16.059999465942383,17.68000030517578,15.460000038146973,17.34000015258789
2025-06-06,15.010000228881836,15.34000015258789,14.109999656677246,14.199999809265137
2025-06-09,15.979999542236328,16.170000076293945,14.970000267028809,15.380000114440918
2025-06-10,15.529999732971191,15.989999771118164,14.880000114440918,15.15999984741211
2025-06-11,14.470000267028809,16.899999618530273,14.020000457763672,15.420000076293945
2025-06-12,16.440000534057617,17.020000457763672,15.680000305175781,16.1200008392334
2025-06-13,18.90999984741211,21.190000534057617,17.34000015258789,19.260000228881836
2025-06-16,18.290000915527344,18.610000610351562,17.540000915527344,17.8700008392334
2025-06-17,19.31999969482422,22.809999465942383,18.649999618530273,21.860000610351562
2025-06-18,21.200000762939453,21.639999389648438,18.690000534057617,19.1299991607666
2025-06-20,17.639999389648438,20.280000686645508,17.559999465942383,18.31999969482422
2025-06-23,20.09000015258789,22.06999969482422,17.90999984741211,17.920000076293945
2025-06-24,16.139999389648438,16.309999465942383,15.199999809265137,15.399999618530273
2025-06-25,15.029999732971191,15.100000381469727,13.649999618530273,13.8100004196167
2025-06-26,14.130000114440918,14.229999542236328,13.260000228881836,13.489999771118164
2025-06-27,13.220000267028809,14.470000267028809,12.760000228881836,12.8100004196167
2025-06-30,14.460000038146973,14.880000114440918,13.65999984741211,13.770000457763672
2025-07-01,14.539999961853027,14.6899995803833,13.40999984741211,13.789999961853027
2025-07-02,14.539999961853027,14.670000076293945,12.890000343322754,13.069999694824219
2025-07-03,12.720000267028809,13.510000228881836,12.640000343322754,12.850000381469727
2025-07-07,15.779999732971191,16.979999542236328,15.529999732971191,15.710000038146973
2025-07-08,14.539999961853027,14.729999542236328,13.739999771118164,13.899999618530273
2025-07-09,12.90999984741211,13.729999542236328,12.25,12.529999732971191
2025-07-10,12.789999961853027,13.15999984741211,12.369999885559082,12.460000038146973
2025-07-11,13.760000228881836,14.199999809265137,12.529999732971191,13.029999732971191
2025-07-14,14.899999618530273,15.039999961853027,13.84000015258789,14.270000457763672
2025-07-15,13.399999618530273,14.699999809265137,13.369999885559082,14.6899995803833
2025-07-16,13.8100004196167,17.700000762939453,13.65999984741211,13.770000457763672
2025-07-17,14.180000305175781,14.180000305175781,13.029999732971191,13.140000343322754
2025-07-18,13.430000305175781,13.550000190734863,12.699999809265137,12.699999809265137
2025-07-21,15.050000190734863,15.170000076293945,14.569999694824219,14.949999809265137
2025-07-22,15.710000038146973,16.670000076293945,14.970000267028809,15.029999732971191
2025-07-23,14.890000343322754,14.949999809265137,13.84000015258789,14.050000190734863
2025-07-24,13.630000114440918,14.279999732971191,13.630000114440918,14.079999923706055
2025-07-25,13.729999542236328,13.739999771118164,12.819999694824219,12.829999923706055
2025-07-28,13.779999732971191,14.149999618530273,13.3100004196167,13.369999885559082
2025-07-29,12.850000381469727,14.819999694824219,12.789999961853027,14.619999885559082
2025-07-30,14.460000038146973,16.200000762939453,13.399999618530273,13.460000038146973
2025-07-31,13.180000305175781,16.399999618530273,12.989999771118164,15.149999618530273
2025-08-01,18.049999237060547,22.889999389648438,17.979999542236328,19.530000686645508
2025-08-04,17.700000762939453,17.700000762939453,16.25,16.43000030517578
2025-08-05,16.549999237060547,18.639999389648438,16.260000228881836,16.809999465942383
2025-08-06,16.8799991607666,17.030000686645508,14.760000228881836,15.0
2025-08-07,14.65999984741211,16.540000915527344,14.479999542236328,14.760000228881836
2025-08-08,14.100000381469727,14.350000381469727,12.859999656677246,12.859999656677246
2025-08-11,14.979999542236328,15.850000381469727,14.479999542236328,15.75
2025-08-12,13.970000267028809,14.729999542236328,13.100000381469727,13.109999656677246
2025-08-13,12.75,13.300000190734863,12.109999656677246,12.380000114440918
2025-08-14,13.520000457763672,13.890000343322754,12.739999771118164,12.979999542236328
2025-08-15,12.800000190734863,13.479999542236328,12.65999984741211,13.270000457763672
2025-08-18,14.710000038146973,14.890000343322754,13.75,13.789999961853027
2025-08-19,13.800000190734863,15.529999732971191,13.489999771118164,14.699999809265137
2025-08-20,14.989999771118164,17.260000228881836,14.890000343322754,15.09000015258789
2025-08-21,16.049999237060547,17.5,15.710000038146973,16.3700008392334
2025-08-22,16.309999465942383,16.309999465942383,11.850000381469727,11.850000381469727
2025-08-25,13.619999885559082,13.739999771118164,12.34000015258789,13.010000228881836
2025-08-26,13.869999885559082,13.960000038146973,12.90999984741211,12.90999984741211
2025-08-27,13.380000114440918,13.75,13.149999618530273,13.270000457763672
2025-08-28,11.670000076293945,12.359999656677246,11.279999732971191,11.680000305175781
2025-08-29,11.75,14.079999923706055,11.59000015258789,12.720000267028809
2025-09-02,19.549999237060547,19.860000610351562,16.110000610351562,16.170000076293945
2025-09-03,16.110000610351562,16.110000610351562,14.4399995803833,14.449999809265137
2025-09-04,14.3100004196167,14.430000305175781,13.279999732971191,13.319999694824219
2025-09-05,12.760000228881836,15.760000228881836,12.5600004196167,12.65999984741211
2025-09-08,14.260000228881836,14.260000228881836,13.5,13.5
2025-09-09,14.109999656677246,14.670000076293945,13.529999732971191,13.609999656677246
2025-09-10,13.390000343322754,14.609999656677246,13.130000114440918,14.289999961853027
2025-09-11,13.279999732971191,13.90999984741211,12.819999694824219,12.989999771118164
2025-09-12,13.029999732971191,13.130000114440918,12.430000305175781,12.850000381469727
2025-09-15,13.359999656677246,15.15999984741211,13.359999656677246,14.710000038146973
2025-09-16,14.770000457763672,15.829999923706055,14.770000457763672,15.789999961853027
2025-09-17,15.720000267028809,16.75,13.75,14.529999732971191
2025-09-18,13.699999809265137,14.270000457763672,13.25,13.529999732971191
2025-09-19,13.260000228881836,13.739999771118164,12.390000343322754,12.40999984741211
2025-09-22,14.25,14.359999656677246,13.710000038146973,14.25
2025-09-23,14.149999618530273,15.710000038146973,14.100000381469727,14.670000076293945
2025-09-24,14.399999618530273,15.369999885559082,13.390000343322754,13.390000343322754
2025-09-25,15.029999732971191,15.859999656677246,13.989999771118164,14.170000076293945
2025-09-26,14.149999618530273,14.59000015258789,12.260000228881836,12.270000457763672
2025-09-29,13.630000114440918,13.829999923706055,13.15999984741211,13.510000228881836
2025-09-30,13.75,14.279999732971191,13.390000343322754,13.949999809265137
2025-10-01,14.5600004196167,14.800000190734863,13.220000267028809,13.529999732971191
2025-10-02,13.210000038146973,14.489999771118164,13.09000015258789,13.789999961853027
2025-10-03,13.34000015258789,14.390000343322754,12.75,13.470000267028809
2025-10-06,14.25,14.880000114440918,13.380000114440918,13.569999694824219
2025-10-07,13.430000305175781,16.059999465942383,13.420000076293945,14.989999771118164
2025-10-08,14.630000114440918,14.729999542236328,12.9399995803833,13.170000076293945
2025-10-09,13.300000190734863,15.3100004196167,13.239999771118164,13.920000076293945
2025-10-10,13.819999694824219,24.1299991607666,13.210000038146973,21.700000762939453
2025-10-13,20.3700008392334,21.06999969482422,17.479999542236328,18.020000457763672
2025-10-14,22.360000610351562,24.440000534057617,17.969999313354492,20.3799991607666
2025-10-15,18.290000915527344,23.079999923706055,17.18000030517578,19.280000686645508
2025-10-16,18.969999313354492,26.299999237060547,18.829999923706055,25.8700008392334
2025-10-17,25.709999084472656,26.170000076293945,19.799999237060547,19.799999237060547
2025-10-20,20.239999771118164,20.25,17.34000015258789,17.350000381469727
2025-10-21,18.15999984741211,18.530000686645508,16.0,16.8799991607666
2025-10-22,18.139999389648438,22.100000381469727,17.479999542236328,18.350000381469727
2025-10-23,18.68000030517578,18.780000686645508,16.420000076293945,16.6200008392334
2025-10-24,15.760000228881836,15.9399995803833,14.8100004196167,14.850000381469727
2025-10-27,14.600000381469727,15.199999809265137,14.539999961853027,14.640000343322754
2025-10-28,14.829999923706055,15.75,14.800000190734863,15.630000114440918
2025-10-29,16.229999542236328,17.200000762939453,15.399999618530273,15.609999656677246
2025-10-30,15.529999732971191,16.09000015258789,14.119999885559082,14.899999618530273
2025-10-31,14.09000015258789,17.049999237060547,14.069999694824219,14.710000038146973
2025-11-03,15.510000228881836,17.799999237060547,14.75,14.970000267028809
2025-11-04,17.950000762939453,18.739999771118164,16.290000915527344,17.75
2025-11-05,17.860000610351562,18.15999984741211,14.800000190734863,15.869999885559082
2025-11-06,16.81999969482422,19.6200008392334,16.540000915527344,18.1200008392334
2025-11-07,20.049999237060547,22.670000076293945,17.309999465942383,17.309999465942383
2025-11-10,17.420000076293945,17.8700008392334,16.040000915527344,16.040000915527344
2025-11-11,16.09000015258789,16.40999984741211,15.069999694824219,15.180000305175781
2025-11-12,15.199999809265137,16.530000686645508,15.109999656677246,15.369999885559082
2025-11-13,16.440000534057617,21.15999984741211,16.190000534057617,19.170000076293945
2025-11-14,23.719999313354492,24.770000457763672,18.049999237060547,18.610000610351562
2025-11-17,21.40999984741211,23.729999542236328,19.450000762939453,22.329999923706055
2025-11-18,24.15999984741211,26.700000762939453,22.790000915527344,25.18000030517578
2025-11-19,24.75,24.93000030517578,21.520000457763672,23.100000381469727
2025-11-20,17.059999465942383,31.299999237060547,16.700000762939453,26.350000381469727
2025-11-21,25.049999237060547,27.719999313354492,20.270000457763672,21.510000228881836
2025-11-24,22.299999237060547,22.610000610351562,18.3799991607666,18.549999237060547
2025-11-25,18.540000915527344,20.969999313354492,15.180000305175781,15.390000343322754
2025-11-26,15.039999961853027,15.479999542236328,13.119999885559082,13.329999923706055
2025-11-28,18.34000015258789,18.34000015258789,12.84000015258789,13.609999656677246
2025-12-01,17.739999771118164,17.739999771118164,15.569999694824219,16.549999237060547
2025-12-02,16.18000030517578,17.049999237060547,15.1899995803833,15.420000076293945
2025-12-03,16.729999542236328,16.809999465942383,14.229999542236328,14.460000038146973
2025-12-04,14.729999542236328,15.710000038146973,14.170000076293945,14.300000190734863
2025-12-05,14.65999984741211,15.029999732971191,13.529999732971191,13.899999618530273
2025-12-08,16.399999618530273,16.969999313354492,16.209999084472656,16.290000915527344
2025-12-09,17.040000915527344,17.229999542236328,16.030000686645508,16.299999237060547
2025-12-10,17.25,17.559999465942383,14.449999809265137,14.680000305175781
2025-12-11,14.869999885559082,15.539999961853027,12.460000038146973,12.460000038146973
2025-12-12,12.789999961853027,17.059999465942383,12.489999771118164,13.479999542236328
2025-12-15,14.029999732971191,15.869999885559082,13.800000190734863,14.199999809265137
2025-12-16,14.770000457763672,15.899999618530273,13.420000076293945,13.880000114440918
2025-12-17,13.6899995803833,16.219999313354492,13.5,15.75
2025-12-18,14.09000015258789,14.960000038146973,12.8100004196167,13.920000076293945
2025-12-19,12.90999984741211,12.90999984741211,10.4399995803833,10.489999771118164
2025-12-22,11.779999732971191,11.779999732971191,10.359999656677246,10.5
2025-12-23,10.640000343322754,10.770000457763672,9.680000305175781,10.0600004196167
2025-12-24,10.369999885559082,10.369999885559082,8.989999771118164,9.170000076293945
2025-12-26,10.9399995803833,10.949999809265137,9.529999732971191,9.649999618530273
2025-12-29,12.399999618530273,12.470000267028809,10.979999542236328,11.369999885559082
2025-12-30,11.710000038146973,11.710000038146973,11.010000228881836,11.460000038146973
2025-12-31,11.510000228881836,12.25,11.239999771118164,12.0
2026-01-02,12.149999618530273,13.329999923706055,11.600000381469727,11.720000267028809
2026-01-05,13.260000228881836,13.380000114440918,12.4399995803833,12.4399995803833
2026-01-06,12.59000015258789,13.0,11.989999771118164,12.130000114440918
2026-01-07,12.65999984741211,12.710000038146973,11.720000267028809,12.539999961853027
2026-01-08,13.119999885559082,13.470000267028809,12.539999961853027,12.829999923706055
2026-01-09,12.869999885559082,13.140000343322754,10.850000381469727,10.859999656677246
2026-01-12,13.270000457763672,13.270000457763672,11.800000190734863,11.9399995803833
2026-01-13,11.739999771118164,13.420000076293945,11.739999771118164,12.510000228881836
2026-01-14,14.109999656677246,15.449999809265137,12.880000114440918,13.180000305175781
2026-01-15,12.300000190734863,12.760000228881836,11.680000305175781,12.319999694824219
2026-01-16,12.130000114440918,13.039999961853027,11.5,12.09000015258789
2026-01-20,20.15999984741211,21.399999618530273,18.06999969482422,19.93000030517578
2026-01-21,18.610000610351562,19.489999771118164,15.380000114440918,15.880000114440918
2026-01-22,14.779999732971191,15.5600004196167,13.739999771118164,14.380000114440918
2026-01-23,14.979999542236328,15.279999732971191,13.869999885559082,15.0
2026-01-26,16.09000015258789,16.09000015258789,14.640000343322754,15.050000190734863
2026-01-27,14.979999542236328,15.149999618530273,14.380000114440918,14.850000381469727
2026-01-28,14.90999984741211,16.100000381469727,14.350000381469727,14.539999961853027
2026-01-29,15.229999542236328,19.479999542236328,14.960000038146973,15.220000267028809
2026-01-30,16.290000915527344,17.709999084472656,14.9399995803833,15.6899995803833
2026-02-02,17.43000030517578,17.6200008392334,14.0600004196167,14.449999809265137
2026-02-03,14.329999923706055,20.899999618530273,14.239999771118164,17.06999969482422
2026-02-04,17.34000015258789,22.899999618530273,17.049999237060547,18.670000076293945
2026-02-05,23.18000030517578,25.100000381469727,20.09000015258789,22.290000915527344
2026-02-06,20.030000686645508,20.030000686645508,14.65999984741211,15.430000305175781
2026-02-09,17.3799991607666,17.440000534057617,13.949999809265137,14.75
2026-02-10,14.850000381469727,15.460000038146973,14.050000190734863,14.9399995803833
2026-02-11,13.210000038146973,16.920000076293945,13.100000381469727,14.180000305175781
2026-02-12,14.149999618530273,20.530000686645508,13.819999694824219,19.799999237060547
2026-02-13,20.030000686645508,22.280000686645508,16.6299991607666,18.770000457763672
2026-02-17,22.510000228881836,24.459999084472656,19.559999465942383,20.309999465942383
2026-02-18,20.809999465942383,20.809999465942383,17.6299991607666,19.079999923706055
2026-02-19,20.6200008392334,21.649999618530273,19.290000915527344,19.8700008392334
2026-02-20,21.270000457763672,21.270000457763672,17.239999771118164,18.020000457763672
2026-02-23,19.520000457763672,23.18000030517578,19.350000381469727,21.110000610351562
2026-02-24,22.1200008392334,22.889999389648438,18.18000030517578,18.600000381469727
2026-02-25,17.239999771118164,17.440000534057617,16.200000762939453,16.280000686645508
2026-02-26,16.40999984741211,20.200000762939453,16.270000457763672,16.649999618530273
2026-02-27,21.059999465942383,21.75,18.5,18.59000015258789
2026-03-02,24.389999389648438,24.389999389648438,19.639999389648438,21.18000030517578
2026-03-03,27.1200008392334,30.90999984741211,22.6299991607666,24.549999237060547
2026-03-04,22.579999923706055,23.829999923706055,19.399999618530273,20.600000381469727
2026-03-05,22.290000915527344,26.610000610351562,20.3799991607666,23.549999237060547
2026-03-06,29.200000762939453,31.420000076293945,25.6299991607666,30.440000534057617
2026-03-09,33.02000045776367,35.06999969482422,26.920000076293945,27.850000381469727
2026-03-10,25.200000762939453,27.170000076293945,22.15999984741211,25.540000915527344
2026-03-11,24.549999237060547,26.690000534057617,23.540000915527344,24.440000534057617
2026-03-12,27.209999084472656,29.030000686645508,26.399999618530273,28.979999542236328
2026-03-13,26.350000381469727,29.239999771118164,25.170000076293945,28.0
2026-03-16,26.299999237060547,26.59000015258789,24.209999084472656,24.329999923706055
2026-03-17,23.0,23.690000534057617,22.030000686645508,22.360000610351562
2026-03-18,24.020000457763672,26.139999389648438,22.850000381469727,26.030000686645508
2026-03-19,28.59000015258789,28.780000686645508,23.6200008392334,24.09000015258789
2026-03-20,24.889999389648438,30.360000610351562,24.290000915527344,26.950000762939453
2026-03-23,26.799999237060547,29.110000610351562,24.68000030517578,27.760000228881836
2026-03-24,29.219999313354492,30.110000610351562,26.8799991607666,28.209999084472656
2026-03-25,26.600000381469727,28.18000030517578,25.239999771118164,25.260000228881836
2026-03-26,27.770000457763672,28.790000915527344,26.600000381469727,27.049999237060547
2026-03-27,29.290000915527344,31.6299991607666,27.860000610351562,30.639999389648438
2026-03-30,30.739999771118164,31.809999465942383,29.90999984741211,30.56999969482422
2026-03-31,27.770000457763672,28.040000915527344,23.780000686645508,24.18000030517578
2026-04-01,24.389999389648438,24.81999969482422,22.09000015258789,23.610000610351562
2026-04-02,26.540000915527344,26.56999969482422,21.709999084472656,21.709999084472656
2026-04-06,24.959999084472656,25.389999389648438,23.280000686645508,23.899999618530273
2026-04-07,26.459999084472656,30.200000762939453,26.40999984741211,27.270000457763672
2026-04-08,17.6200008392334,20.780000686645508,17.110000610351562,19.15999984741211
2026-04-09,18.979999542236328,19.139999389648438,16.56999969482422,16.809999465942383
2026-04-10,16.6200008392334,18.299999237060547,16.06999969482422,16.360000610351562
2026-04-13,19.15999984741211,19.729999542236328,17.280000686645508,17.329999923706055
2026-04-14,16.84000015258789,17.299999237060547,16.530000686645508,16.700000762939453
2026-04-15,16.239999771118164,16.84000015258789,15.34000015258789,16.010000228881836
2026-04-16,16.68000030517578,17.610000610351562,15.369999885559082,15.460000038146973
2026-04-17,15.300000190734863,15.829999923706055,14.430000305175781,14.8100004196167
2026-04-20,18.200000762939453,19.440000534057617,17.770000457763672,17.790000915527344
2026-04-21,18.639999389648438,21.200000762939453,18.139999389648438,18.68000030517578
2026-04-22,18.18000030517578,18.280000686645508,16.969999313354492,17.290000915527344
2026-04-23,18.350000381469727,22.15999984741211,17.270000457763672,18.040000915527344
2026-04-24,17.90999984741211,18.040000915527344,16.450000762939453,16.709999084472656
2026-04-27,18.420000076293945,18.56999969482422,16.690000534057617,16.690000534057617
2026-04-28,18.25,18.520000457763672,16.520000457763672,16.690000534057617
2026-04-29,17.889999389648438,18.65999984741211,16.549999237060547,17.610000610351562
2026-04-30,16.43000030517578,17.040000915527344,14.15999984741211,14.369999885559082
2026-05-01,14.260000228881836,14.399999618530273,13.600000381469727,14.149999618530273
2026-05-04,16.219999313354492,18.520000457763672,15.300000190734863,16.600000381469727
2026-05-05,15.270000457763672,15.399999618530273,14.470000267028809,14.640000343322754
2026-05-06,14.260000228881836,14.800000190734863,13.9399995803833,14.760000228881836
2026-05-07,15.010000228881836,15.430000305175781,14.380000114440918,14.5600004196167
2026-05-08,14.710000038146973,15.369999885559082,14.0,14.210000038146973
2026-05-11,16.65999984741211,16.950000762939453,16.229999542236328,16.889999389648438
2026-05-12,17.280000686645508,17.739999771118164,16.110000610351562,16.34000015258789
2026-05-13,16.729999542236328,17.1299991607666,15.789999961853027,15.869999885559082
2026-05-14,15.90999984741211,16.229999542236328,15.020000457763672,15.140000343322754
2026-05-15,17.209999084472656,17.530000686645508,15.460000038146973,16.3700008392334
2026-05-18,16.809999465942383,17.850000381469727,16.520000457763672,16.860000610351562
2026-05-19,17.200000762939453,17.729999542236328,16.290000915527344,16.639999389648438
2026-05-20,16.579999923706055,16.790000915527344,14.970000267028809,15.140000343322754
2026-05-21,15.609999656677246,15.6899995803833,13.739999771118164,14.079999923706055
2026-05-22,14.100000381469727,14.880000114440918,13.380000114440918,14.069999694824219
2026-05-26,15.050000190734863,15.5,14.670000076293945,14.84000015258789
2026-05-27,14.779999732971191,14.989999771118164,13.270000457763672,13.270000457763672
2026-05-28,13.800000190734863,13.819999694824219,12.539999961853027,12.979999542236328
2026-05-29,13.119999885559082,13.300000190734863,12.569999694824219,12.59000015258789
2026-06-01,14.8100004196167,15.010000228881836,13.4399995803833,13.760000228881836
2026-06-02,14.119999885559082,14.1899995803833,13.130000114440918,13.1899995803833
2026-06-03,13.880000114440918,14.609999656677246,13.270000457763672,13.40999984741211
2026-06-04,14.4399995803833,14.4399995803833,12.289999961853027,12.649999618530273
2026-06-05,14.119999885559082,24.020000457763672,13.949999809265137,23.920000076293945
2026-06-08,19.520000457763672,20.420000076293945,17.829999923706055,19.690000534057617
2026-06-09,17.850000381469727,27.739999771118164,17.5,22.139999389648438
2026-06-10,23.8700008392334,26.440000534057617,22.299999237060547,25.670000076293945
2026-06-11,23.65999984741211,25.290000915527344,20.40999984741211,20.65999984741211
2026-06-12,20.43000030517578,21.420000076293945,17.100000381469727,17.260000228881836
2026-06-15,15.149999618530273,15.649999618530273,14.869999885559082,15.579999923706055
2026-06-16,15.25,15.84000015258789,14.609999656677246,15.770000457763672
2026-06-17,15.819999694824219,19.299999237060547,15.5600004196167,18.6299991607666
2026-06-18,15.300000190734863,16.399999618530273,13.920000076293945,13.930000305175781
2026-06-22,15.550000190734863,17.549999237060547,15.0,16.290000915527344
2026-06-23,21.440000534057617,21.540000915527344,18.059999465942383,19.469999313354492
2026-06-24,19.170000076293945,20.670000076293945,17.0,18.06999969482422
2026-06-25,16.6299991607666,20.030000686645508,16.6299991607666,17.920000076293945
2026-06-26,20.139999389648438,20.639999389648438,16.25,16.799999237060547
2026-06-29,17.329999923706055,19.040000915527344,15.319999694824219,15.510000228881836
2026-06-30,15.5600004196167,15.680000305175781,13.460000038146973,13.729999542236328
2026-07-01,14.359999656677246,14.989999771118164,12.319999694824219,13.140000343322754
2026-07-02,12.90999984741211,14.34000015258789,11.960000038146973,12.369999885559082
2026-07-06,14.220000267028809,14.579999923706055,12.319999694824219,12.319999694824219
2026-07-07,12.920000076293945,14.199999809265137,12.4399995803833,13.420000076293945
2026-07-08,16.0,17.1200008392334,13.819999694824219,14.40999984741211
2026-07-09,14.630000114440918,14.960000038146973,12.130000114440918,12.5
2026-07-10,12.640000343322754,13.109999656677246,11.010000228881836,11.149999618530273
