Date,Open,Close,vix,vix9d,straddle_mark,straddle_pnl,fly_w5_o-5,fly_w5_o+0,fly_w5_o+5,fly_w10_o-5,fly_w10_o+0,fly_w10_o+5,fly_w15_o-5,fly_w15_o+0,fly_w15_o+5,fly_w20_o-5,fly_w20_o+0,fly_w20_o+5
2016-01-04,200.4900054931641,201.02000427246097,20.700000762939453,21.93000030517578,33.174077085392895,-2.6,-84.52226099824466,111.29704230903002,-26.050109691665057,-54.6520996243814,119.98043148991314,58.010318211784444,-48.15565532071739,120.01397845819585,60.1972751459021,-48.12507463028191,120.01399051509439,60.20024142415152
2016-01-05,201.3999938964844,201.36000061035156,19.34000015258789,19.3700008392334,31.151593166473873,-202.2483918919022,-78.41922108840446,156.01064945170137,-81.27529282045077,3.396865318866984,160.28550255630876,-4.4761765199803545,6.616688210255164,160.2900558123493,-3.4211460848253084,6.620911988861769,160.29005603428516,-3.4208166073909063
2016-01-06,198.33999633789065,198.82000732421875,20.59000015258789,20.600000381469727,32.407217368997365,125.56242025234923,-84.61393511935792,117.1954038929189,-35.04208649107945,-48.32469483564312,122.69350373716702,48.47335608831178,-44.399144386831345,122.70278270735416,50.04590645235039,-44.39082755106629,122.70278367595643,50.04686858677887
2016-01-07,195.3300018310547,194.0500030517578,24.989999771118164,26.190000534057617,38.27977373791151,587.2556368914147,-6.910288133341622,143.51628965040956,-127.39040021818991,129.04906492509454,160.69060851104874,-117.02708157932548,140.25795872463033,160.8969905579398,-111.06122168380682,140.42490287652274,160.89742539235505,-111.02178361172835
2016-01-08,195.19000244140625,191.9199981689453,27.010000228881836,27.979999542236328,41.04504025016848,276.52665122569715,197.04008982293252,-58.37955581074843,-124.33120733105883,332.07690496747887,-36.091511567858994,-314.748728220819,345.3553866709302,-35.69266150232424,-305.7376741406618,345.6476157406977,-35.69116996160526,-305.6310517743167
2016-01-11,193.0099945068359,192.11000061035156,24.299999237060547,24.209999084472656,36.81874344836004,-422.6296801808445,-19.34023389388655,132.42253713083858,-110.26048409148574,94.17784769453118,143.20307383807327,-88.70082613290863,100.09820794481871,143.2582762542295,-83.84061838388598,100.13681172727277,143.25830754630496,-83.8240197476326
2016-01-12,193.82000732421875,193.66000366210935,22.469999313354492,22.299999237060547,34.16559406949318,-265.3149378866857,-77.37185397328795,173.92273919815125,-97.39854200761926,20.671826311771536,181.03379997716098,-18.903402579410432,23.989798655352846,181.0498804922781,-15.110311733792,23.999354151064512,181.04988290246806,-15.103786714348574
2016-01-13,194.4499969482422,188.8300018310547,25.219999313354492,25.56999969482422,37.8811843789058,371.5590309412619,387.4605959385954,-265.7239004134063,-131.1943951289699,526.825898686576,-267.222882455418,-533.5233925690235,537.653530895943,-267.06267673408473,-545.8497387979558,537.791095300518,-267.06240871163817,-545.827097405139
2016-01-14,189.5500030517578,191.92999267578125,23.950000762939453,24.6299991607666,36.12964659028482,-175.1537788620979,-128.07052258807815,30.475205072941748,100.80526004434452,-227.4643025455796,41.643865163915514,233.326927875812,-223.40450243207803,41.69654796493976,240.4358074390866,-223.3828647912068,41.69656755074207,240.46685260024876
2016-01-15,186.77000427246097,187.80999755859375,27.020000457763672,29.600000381469727,40.406121934467194,427.6475344182373,-126.68914095744867,171.14605510924414,-29.10801120324795,-89.28916924047147,194.45367561955877,107.65555991967338,-78.50725911295592,194.87116335021304,120.18266897600202,-78.2795116396291,194.87256202374263,120.37241042816909
2016-01-19,189.9600067138672,188.05999755859375,26.049999237060547,30.43000030517578,38.7796677371302,-162.64541973369973,72.32813187200921,65.59541307480215,-118.21392084626422,202.526160370245,93.263754737114,-179.54154763171888,216.9369434249626,93.93874337509301,-166.28019179653145,217.3585767024563,93.94254060268612,-166.02683023091072
2016-01-20,185.02999877929688,185.6499938964844,27.59000015258789,32.849998474121094,40.93879781604191,215.91300789117156,-121.25578976102311,203.3981713808199,-56.72663496141814,-48.84473246715573,236.7726356009614,77.96502386874548,-30.8711999615624,237.87718034417264,93.37589208304732,-30.15856486731494,237.8871168439262,93.76783147291013
2016-01-21,186.2100067138672,186.69000244140625,26.690000534057617,29.989999771118164,39.58566457406047,-135.3133241981439,-111.56854594939892,184.61244709962318,-56.57575992737869,-42.89979071191639,209.03930588423682,62.477082469140804,-28.260804778711556,209.5484564186157,72.26737809959756,-27.88523565749028,209.55087919766353,72.40096260389554
2016-01-22,189.77999877929688,190.52000427246097,22.34000015258789,22.59000015258789,33.2600383271823,-632.5626246878173,-112.69635387524276,154.68666222783784,-43.13251585383304,-69.18466117685621,161.50317228836894,70.65646653906644,-66.13216100017755,161.5171851518172,74.420478206222,-66.12418383003595,161.5171869351203,74.4265138995522
2016-01-25,189.9199981689453,187.63999938964844,24.149999618530273,26.040000915527344,35.70188088057242,244.1842553390117,120.43603519827249,-4.294338223062352,-109.88760488617297,234.95740399753026,9.918471427742206,-225.98873936821005,242.22893224656409,10.033043968025204,-219.04733413746789,242.30189413230192,10.033167796996636,-219.00572345836952
2016-01-26,188.4199981689453,190.1999969482422,22.5,24.25,33.30094442303789,-240.09364575345273,-90.34891857302442,-0.7893843497527286,93.4974629833709,-179.16330016982604,9.528493272609298,184.17648219466693,-171.80713702623623,9.582515236856429,187.1382292092023,-171.7593925853959,9.582547772619623,187.14450673493204
2016-01-27,189.5800018310547,188.1300048828125,23.11000061035156,24.510000228881836,34.10019258954773,79.9248166509841,60.49915210289776,35.36388972659699,-92.9824191945822,154.88493718699425,46.203229923274655,-149.3554452579135,158.93977755075042,46.25209921744287,-142.5709280529886,158.9607572989232,46.252116589446395,-142.54303850613567
2016-01-28,189.9600067138672,189.11000061035156,22.420000076293945,23.399999618530273,33.06178760715201,-103.84049823957184,-18.113688987284224,123.52155445956984,-105.09125627570086,88.70128562649401,131.79688121791767,-85.75853914900834,93.09617638782191,131.8230184988186,-81.87809601724531,93.114126749525,131.82302563356168,-81.8699090978183
2016-01-29,190.02000427246097,193.72000122070312,20.200000762939453,19.3700008392334,30.017415969457147,-304.4371637694866,-90.48931970543929,-192.1682332918827,277.2824656338174,-368.9623380969738,-189.58460309362104,366.1881948683241,-367.4737293489725,-189.5836589587661,367.28321632887577,-367.4729824894968,-189.58365894847483,367.28341360425503
2016-02-01,192.52999877929688,193.6499938964844,19.979999542236328,19.68000030517578,29.557706122650927,-45.970984680621996,-116.8062697154123,122.84957797652098,-10.580417083905422,-107.87086220854488,126.27118671548834,105.93531879692434,-106.83753881733244,126.27275212666447,108.32360415796697,-106.83699922269963,126.27275213995225,108.3246299745104
2016-02-02,191.9600067138672,190.16000366210935,21.979999542236328,22.190000534057617,32.22389686653841,266.61907438874834,79.8903813912402,20.96852319906757,-102.2985429388129,182.98651002679864,27.487602412325018,-181.8128153655799,186.45942194801435,27.5009354220489,-178.76664618363415,186.46872227463038,27.500937311953003,-178.76261350050095
2016-02-03,191.41000366210935,191.3000030517578,21.649999618530273,22.350000381469727,31.74699941084448,-47.68974556939298,-85.51921999383929,177.7170536748338,-92.85534622810144,9.979040696699817,185.01825868949288,-8.015697632567262,15.29929680058755,185.03911430073234,-6.034743826374298,15.318135224453824,185.03911919615405,-6.032726638905325
2016-02-04,190.7100067138672,191.6000061035156,21.84000015258789,21.75,31.99587230882051,24.88728979760282,-113.78129180073532,141.35696371777297,-29.847775467054504,-84.2744722805927,147.0435777295216,84.61037730621487,-81.9399542656763,147.05158630516067,87.96247383437289,-81.93583059740172,147.05158683648636,87.96635874174042
2016-02-05,190.9900054931641,187.9499969482422,23.3799991607666,22.959999084472656,34.07578733084202,207.99150220215097,200.13907292174082,-94.91349280054592,-105.49486887929655,307.1529260878354,-87.224063996884,-304.8007089462224,311.3450016988239,-87.20255809716924,-301.30335080983764,311.3602398111064,-87.20255315345786,-301.29708302228175
2016-02-08,185.77000427246097,185.4199981689453,26.0,26.399999618530273,37.6895044575875,361.37171267454846,-63.24570290125722,172.69947533856893,-103.66281055664876,44.038558787728086,186.44915478099944,-35.54701053288493,50.29457326110831,186.54974115517965,-28.053257805383613,50.350347579462245,186.54982891363068,-28.008445735713416
2016-02-09,183.36000061035156,185.42999267578125,26.540000915527344,26.84000015258789,38.39658952676541,70.70850691779071,-98.22881915855952,-11.20492905908341,115.98672549310257,-207.1101348035315,3.3067657781418425,216.39721371103144,-197.34687710136305,3.440867410182127,221.1458459858627,-197.2342922225461,3.441062549956644,221.16736278736448
2016-02-10,186.41000366210935,185.27000427246097,26.290000915527344,25.530000686645508,37.998843832533,-39.774569423241246,-20.859353333916108,153.2460183758089,-127.79879172860458,113.03194708775449,165.7926092508669,-105.75258063249589,121.79161277553987,165.88410239283726,-101.96556342774345,121.87090220853793,165.88419441031712,-101.95335970539486
2016-02-11,182.33999633789065,182.86000061035156,28.13999938964844,27.36000061035156,40.61944612034047,262.0602287807472,-99.94723522287592,148.0805183750985,-40.710327101722505,-51.692995985430755,163.46219198736998,61.87199011250433,-41.49652911655137,163.6182300639434,67.05745871204546,-41.36730404610971,163.6184919200925,67.08427179764288
2016-02-12,184.9600067138672,186.6300048828125,25.399999618530273,22.709999084472656,36.616379202831524,-400.3066917508946,-103.17351405040124,39.50706287298027,61.718125893015134,-164.35677994934716,45.517455150339295,165.01908758258182,-161.14566554032123,45.52808806797979,167.81836669478858,-161.13813705979638,45.528089311853456,167.8214711319173
2016-02-16,188.77000427246097,189.77999877929688,24.11000061035156,21.809999465942383,34.611864140599536,-200.4515062231988,-110.46166774711105,121.66121468527481,-13.771407875461447,-97.00072595121371,127.04807130974024,97.0359137881929,-94.63488912085103,127.05512008401718,100.05693403206378,-94.63089627368595,127.0551205337853,100.05998995917807
2016-02-17,191.16000366210935,192.8800048828125,22.309999465942383,20.270000457763672,32.15730801684455,-245.45561237549833,-88.11989056776162,0.8909916307847232,83.02528334321869,-171.4029163345715,4.646093598791515,169.8023112527953,-168.98175244885368,4.649104110773596,171.1362494421732,-168.9791944099956,4.649104217862446,171.13670191529732
2016-02-18,193.1999969482422,192.08999633789065,21.63999938964844,19.530000686645508,31.09456561570923,-106.27424011353241,6.7384844788145575,93.63214952700834,-105.13720664223288,111.33918500050112,96.82429445236754,-113.50384992977052,113.4818027140647,96.82620215950811,-112.45432267564831,113.48347547401951,96.82620220183468,-112.45408772846261
2016-02-19,191.1699981689453,192.0,20.530000686645508,18.219999313354492,29.457099130246846,-163.7466485462383,-79.34783550227166,71.30567767505548,1.8826026363208093,-82.69480814095262,73.10484004592064,79.13560452468714,-81.47985627667815,73.10519162055054,79.71981503267259,-81.47954161630315,73.1051916219453,79.71985194692743
2016-02-22,193.8699951171875,194.77999877929688,19.3799991607666,18.38999938964844,27.900984201512827,-155.61149287340186,-95.24115934640403,96.77402221911308,-7.448709581147936,-89.48247392420969,98.816893072439,86.1670440595592,-88.49327419784993,98.81730991622747,87.22071518825805,-88.49299224970652,98.8173099179601,87.22085008390312
2016-02-23,194.0,192.32000732421875,20.979999542236328,20.690000534057617,29.93796249378869,203.69782922758617,70.05120170692079,26.562816637903342,-99.99757678455526,169.91507764150523,31.137975759933113,-170.69370980516806,172.45946388109522,31.142902036001473,-168.66293665344153,172.46311845432734,31.142902305288153,-168.66166495060438
2016-02-24,190.6300048828125,193.1999969482422,20.719999313354492,20.719999313354492,29.581948533420245,-35.601396036844335,-114.4485282206815,-26.356877948429755,137.1489851425795,-252.71631470272766,-22.05458141319656,251.66324206163404,-251.1576193912311,-22.051233027758485,254.4068433649878,-251.15613315205493,-22.051232948141376,254.4087055112498
2016-02-25,193.72999572753903,195.5399932861328,19.11000061035156,17.790000915527344,27.472943007270715,-210.90055261495309,-99.85059500715803,16.158024952198513,77.3579497902629,-179.25379634876091,17.782122249270493,175.51935703741356,-178.61977339274492,17.782303202619886,176.5094313787192,-178.61967671294715,17.78230320286942,176.50951565227072
2016-02-26,196.57000732421875,195.08999633789065,19.809999465942383,18.559999465942383,28.37418280272641,90.12397954556945,78.83110924610615,-9.904276845587631,-74.2745838408043,151.23784080833838,-7.2933107241049715,-153.98489538470878,152.0489057914994,-7.292613860189665,-152.1849942437461,152.04916113560606,-7.292613857548622,-152.1845527239375
2016-02-29,195.11000061035156,193.55999755859375,20.549999237060547,20.36000061035156,29.141742377093166,76.75595743667571,51.77459181127649,48.95126059177646,-104.33451120259767,156.1014671664038,53.30131935399174,-157.10564788821452,158.77234712342874,53.305797431725836,-155.42646885115792,158.7759822192571,53.305797663592,-155.42562586925152
2016-03-01,195.0099945068359,198.11000061035156,17.700000762939453,17.040000915527344,25.646145983051753,-349.55963940414136,-83.15107260336083,-147.7578418168472,224.14065548497345,-309.279328226672,-146.5673831903182,305.1111602592405,-308.58758593309756,-146.5672922225152,305.60987659228397,-308.587511314264,-146.56729222242612,305.6098929412535
2016-03-02,197.7400054931641,199.0,17.09000015258789,15.779999732971191,24.916805240641878,-72.93407424098746,-92.21013449792689,54.66925520823114,30.295803050239535,-124.91619627365759,55.382896530538254,120.27113336171078,-124.64710227108988,55.38290985804777,120.71568068145149,-124.64709499640298,55.38290985804897,120.715686734274
2016-03-03,198.7899932861328,199.77999877929688,16.700000762939453,15.90999984741211,24.497422760043733,-41.9382480598145,-90.51569643840145,78.28328777105345,5.063991774672319,-97.9294854152058,79.07358844014294,93.36108831011856,-97.59993156789265,79.07360822773146,93.821835131898,-97.59991951174146,79.07360822773447,93.82184286333526
2016-03-04,200.0099945068359,200.42999267578125,16.860000610351562,15.859999656677246,24.83256557264903,33.5142812605298,-79.65466359466672,113.05229509369362,-40.55141967719484,-41.31069350059866,113.85722447728969,36.75693247405068,-40.838788789048344,113.85725162890957,37.08995714610371,-40.83876612363036,113.85725162891694,37.089961632305695
2016-03-07,199.33999633789065,200.58999633789065,17.350000381469727,17.65999984741211,25.42773291958416,59.516734693512774,-72.72058337750852,15.544509402743481,51.32672421157183,-125.12063142792408,17.653877201314927,121.87186090877152,-123.51462921091337,17.654456445355617,122.37522649371638,-123.5140826919092,17.654456448739687,122.37525921875283
2016-03-08,199.32000732421875,198.3999938964844,18.670000076293945,19.170000076293945,26.761905336055747,133.41724164715885,-20.07108983128518,127.69839004038315,-111.96204915833611,91.8404642014443,131.32235865291213,-93.57239753321718,94.4690828281879,131.3251742703774,-92.57704745993217,94.47165341658223,131.325174357877,-92.5768024308611
2016-03-09,199.36000061035156,199.3800048828125,18.34000015258789,18.790000915527344,26.447868198848155,-31.403713720759185,-76.81517033850761,146.8319266617593,-74.72684128226784,-2.332076849726603,150.08055926450908,0.2240538308103246,0.10339089786810751,150.08262120460904,1.037218731333469,0.10530959798138673,150.082621249977,1.0373619713200966
2016-03-10,199.9600067138672,199.5399932861328,18.049999237060547,17.65999984741211,26.033724911680935,-41.41432871672208,-44.09323887861627,126.99095948131779,-88.95456773171927,43.21153983911639,128.89282991406472,-46.66802798710423,44.24102093458753,128.89318889509462,-45.79563864846936,44.24129124415506,128.89318889645372,-45.795549977007006
2016-03-11,201.2599945068359,202.7599945068359,16.5,15.199999809265137,24.678650838879037,-135.5074072801898,-65.48187013244134,-23.851694846064774,82.03584932386602,-149.68959487384555,-23.19069293894318,144.99189611862542,-149.18211219229758,-23.190676039523183,145.14541534420135,-149.1820959746714,-23.190676039520874,145.1454160259952
2016-03-14,202.16000366210935,202.5,16.920000076293945,15.989999771118164,25.045801182499062,36.71503436200254,-74.01358079846176,109.52316341509214,-42.47302918577997,-33.53552854831181,110.5184344077078,29.172139766651185,-32.851151805064326,110.51849219519674,29.48303401605228,-32.85109911958044,110.5184921952297,29.48303911805732
2016-03-15,201.36000061035156,202.1699981689453,16.84000015258789,16.459999084472656,24.800742718782132,-24.505846371692996,-67.19045317479822,48.38206120092339,12.221341007394384,-81.00478488447324,49.753727796206036,77.01789215958169,-79.91842281443172,49.753886037794935,77.30319668504498,-79.91827058140146,49.75388603801709,77.30320269360361
2016-03-16,201.6000061035156,203.33999633789065,14.989999771118164,14.06999969482422,22.63450976266074,-216.6232956121391,-93.44793202520655,8.788542570364768,77.01998949402984,-173.0688727297773,9.107860171318174,168.02947350154136,-172.9904656565439,9.10786090389413,168.27038402926132,-172.9904654210767,9.10786090389413,168.27038452637007
2016-03-17,203.2400054931641,204.6300048828125,14.4399995803833,13.050000190734863,22.331461720129226,-30.304804253151474,-56.49930911871348,-30.775323986733927,79.47685338608757,-138.52550489533792,-30.614386144326765,133.3277253641075,-138.39548850847825,-30.61438595619743,133.35864681965492,-138.39548832383335,-30.61438595619743,133.35864682313934
2016-03-18,204.1699981689453,204.3800048828125,14.020000457763672,12.470000267028809,21.65675160868706,-67.47101114421667,-56.97852028329893,88.2271119511929,-39.113697017069015,-20.471878412915355,88.32072416378446,15.206773096338535,-20.39957477949834,88.32072419638271,15.228081675513108,-20.399574747682102,88.32072419638271,15.22808167629506
2016-03-21,204.07000732421875,204.6699981689453,13.789999961853027,12.770000457763672,21.361310291741198,-29.544131694586184,-63.08861028075621,61.49043164177194,-6.24778930968157,-59.443911264944504,61.60318125487465,54.1979433730601,-59.367642781297135,61.60318131165601,54.23442450251537,-59.36764272788493,61.60318131165601,54.23442450588458
2016-03-22,203.7599945068359,204.55999755859375,14.170000076293944,13.140000343322754,21.767812570356746,40.65022786155481,-80.69283131302117,76.90473211486027,-4.017250803556591,-79.29997707990292,77.05809967490701,74.09462716274867,-79.24501490488566,77.05809975947025,74.19303254777815,-79.24501485574879,77.05809975947025,74.19303258320457
2016-03-23,204.11000061035156,203.2100067138672,14.9399995803833,13.359999656677246,22.252731881928966,48.49193115722201,14.81364763338007,55.6902569437423,-78.26979592316141,90.53894391668472,55.88308315947044,-95.70483493265992,90.67380303924278,55.883083489534236,-95.64686783948987,90.67380335083772,55.883083489534236,-95.646867821021
2016-03-24,202.0,203.1199951171875,14.739999771118164,12.350000381469728,21.922122467524787,-33.060941440417935,-63.72939235326378,10.741190721103157,45.09323252626387,-111.46280745640482,10.804939176971764,106.16783835860869,-111.42363125305741,10.804939185072351,106.19241061112986,-111.4236312456166,10.804939185072351,106.19241061178968
2016-03-28,203.61000061035156,203.2400054931641,15.239999771118164,14.06999969482422,22.45684365927133,53.47211917465415,-17.507492235207355,67.98334030964938,-58.08561690047791,37.98804733526848,68.33228904538048,-42.997815149956175,38.07732811449396,68.33229005672868,-42.73814719345055,38.07732845418783,68.33229005672868,-42.738146521796175
2016-03-29,202.7599945068359,205.1199951171875,13.81999969482422,12.170000076293944,21.2787106897591,-117.81329695122267,-75.58967922848014,-89.46216526947141,157.15085513456148,-235.40041908573875,-89.40443707109843,230.09942972533668,-235.38094502876598,-89.40443706811047,230.13768386673686,-235.380945026989,-89.40443706811047,230.13768386794789
2016-03-30,206.3000030517578,206.02000427246097,13.5600004196167,11.869999885559082,21.292515612323065,1.3804922563963373,-48.94421368272727,121.16422986436524,-80.10845016969635,28.546325293981734,121.23451343807085,-33.83475927073835,28.6077728818128,121.23451344937271,-33.825923284863734,28.607772893047457,121.23451344937271,-33.82592328479659
2016-03-31,205.91000366210935,205.52000427246097,13.949999809265137,12.25,21.52641258944103,23.389697711796487,-20.914631906100677,76.20906209633895,-63.181289783884885,39.62394379585452,76.28092006445365,-44.91080337973694,39.66058849315315,76.2809200742179,-44.87559010892081,39.66058850126178,76.2809200742179,-44.875590107265246
2016-04-01,204.3500061035156,206.9199981689453,13.100000381469728,10.920000076293944,21.067370379147775,-45.9042210293255,-41.64811140407772,-178.44086247051726,212.1539686876038,-256.45940473305956,-178.4171500957423,251.12439954630767,-256.4373705935524,-178.41715009550293,251.12607778157548,-256.43737059331323,-178.41715009550293,251.12607778157576
2016-04-04,206.8300018310547,206.25,14.119999885559082,12.5,21.8856058959964,81.8235516848624,0.35306002290178773,52.75038457071548,-60.9633805983248,58.678771626437666,52.84916612777379,-63.9387076082871,58.72046140580813,52.849166150631866,-63.88161583059928,58.72046142194332,52.849166150631866,-63.881615823876395
2016-04-05,204.6699981689453,204.19000244140625,15.420000076293944,13.960000038146973,22.68104072847514,79.54348324787404,-8.93239725277992,61.74375670016867,-60.446038122368705,48.93121254346082,62.06779558695283,-53.96589034205237,49.02814249465928,62.067796463341175,-53.73878140646673,49.02814286749082,62.067796463341175,-53.73878090290989
2016-04-06,204.19000244140625,206.4199981689453,14.09000015258789,12.5600004196167,21.84423144398835,-83.68092844867903,-56.541865089089626,-114.65140823506599,163.33879458066417,-222.4781677576001,-114.54716941679084,217.22368906033756,-222.39631706555915,-114.54716937056199,217.2460771865717,-222.3963170203252,-114.54716937056199,217.24607718756664
2016-04-07,205.13999938964844,203.9499969482422,16.15999984741211,15.199999809265137,23.46244343391072,161.8211989922372,32.775350060580585,48.936424327637205,-88.9459199143813,119.53736565206022,49.660996363237444,-124.17148967171353,120.03281826247364,49.66101786974764,-123.94237024652243,120.03283792142011,49.66101786975192,-123.94236839895873
2016-04-08,205.33999633789065,204.5,15.359999656677246,13.59000015258789,22.589145821694345,-87.32976122163763,-5.5950796161203105,90.36769473620149,-92.4264112061069,84.40993627979613,90.67261621193981,-89.46373096760205,84.66789973144706,90.67261761015962,-89.41677294351466,84.667901110625,90.67261761015962,-89.41677292447274
2016-04-11,205.25,204.02000427246097,16.260000228881836,15.59000015258789,23.440142312062918,85.09964903685727,28.787108420747277,60.73618386162405,-96.52002432667831,123.34529532508112,61.698169379085606,-127.74197409236045,124.06281374134876,61.69822265611315,-127.49750699114114,124.06286407610548,61.69822265613865,-127.49750404887018
2016-04-12,204.22000122070312,205.9199981689453,14.850000381469728,13.710000038146973,22.32477089707846,-111.53714149844589,-60.97392728227924,-52.79948432638388,106.09250001710924,-169.53074063405433,-52.52167835617247,164.44983013690296,-169.31569522178302,-52.521677261770016,164.51259069484303,-169.3156941613256,-52.521677261770016,164.51259072878813
2016-04-13,207.0,208.0,13.84000015258789,12.449999809265137,21.99261984518111,-33.21510518973483,-65.73627578753147,26.853431217708156,31.0193294622376,-99.37709811210402,26.948633671885027,94.11358303414391,-99.3192321964168,26.948633701510595,94.15091957263354,-99.31923216964985,26.948633701510595,94.15091957549222
2016-04-14,208.07000732421875,208.0099945068359,13.720000267028809,12.31999969482422,21.82080901299208,-17.181083218903126,-62.005382006198516,125.38049174152968,-71.24106684527966,6.619436825159378,125.47325219334925,-11.885393905318173,6.682547590442736,125.47325222313893,-11.855744218781991,6.682547618550563,125.47325222313893,-11.855744217100048
2016-04-15,208.0099945068359,207.77999877929688,13.619999885559082,12.199999809265137,21.55777410724601,-26.30349057460677,-42.26062307074579,102.90427250122264,-68.52311530180125,23.632360745261117,102.98352419166145,-28.911826600085554,23.681588038947844,102.98352420816136,-28.88180220333354,23.68158805404501,102.98352420816136,-28.88180220193075
2016-04-18,207.77999877929688,209.2400054931641,13.350000381469728,12.859999656677246,21.869631957233032,31.185784998702104,-79.43891631772405,8.441293293212107,63.18720992963021,-145.24963773195606,8.589597760097536,140.03922471604164,-145.1937904665039,8.589597839064902,140.13168191747496,-145.1937904183667,8.589597839064902,140.13168194830507
2016-04-19,209.7400054931641,209.8999938964844,13.239999771118164,12.859999656677246,22.064468995760933,19.483703852790057,-72.21265072165562,124.07697458471561,-59.65438605307922,-15.180172430178393,124.24562995646363,9.990110351120032,-15.122721462726416,124.24563006742451,10.101314755416071,-15.122721403596115,124.24563006742451,10.101314807246611
2016-04-20,209.9499969482422,210.1000061035156,13.279999732971191,12.800000190734863,22.178645279723916,11.41762839629834,-70.91700367059588,122.32993515584978,-59.218551063023405,-14.293610928884634,122.48303313984403,9.087991477620852,-14.209410489231475,122.48303326634974,9.156889021961925,-14.209410382642426,122.48303326634974,9.156889041878616
2016-04-21,210.1199951171875,208.97000122070312,13.949999809265137,13.18000030517578,22.279430849326346,10.078556960242935,38.282611429045744,33.85222725775377,-79.86473724253999,115.62867674584777,34.08104626377702,-120.75857473644788,115.78936356769906,34.08104682891737,-120.69044255227591,115.78936409954748,34.08104682891737,-120.69044251898397
2016-04-22,208.5500030517578,208.97000122070312,13.220000267028809,11.93000030517578,21.436336742888557,-84.3094106437789,-85.16706246359203,123.88678078288412,-46.59623489423519,-41.23703392248539,123.96898176970757,35.96051735313741,-41.223881499272984,123.96898177530281,36.02956591674855,-41.22388149821952,123.96898177530281,36.02956592129025
2016-04-25,208.2599945068359,208.61000061035156,14.079999923706056,13.619999885559082,22.088745215636777,65.24084727482204,-60.08487313906026,80.45318894350436,-27.99890934602376,-34.50459126707399,80.78131296368832,29.473999557744946,-34.243860009074666,80.78131479593895,29.541392319929628,-34.24385822567093,80.78131479593898,29.541392368776506
2016-04-26,209.0399932861328,208.9199981689453,13.960000038146973,13.5,22.068427675598677,-2.0317540038099935,-61.791127915839915,131.06931483599715,-76.97014062180935,12.66745978875086,131.33607869610918,-17.759412629230663,12.835265562092316,131.33607955728158,-17.660454542460013,12.835266332942455,131.33607955728158,-17.660454452137774
2016-04-27,208.47000122070312,209.3500061035156,13.770000457763672,12.8100004196167,22.038812078927286,-2.961559667139113,-47.501443785718784,2.188967002526623,37.58971136958331,-87.55453994489645,2.4249191506839707,82.43177503224544,-87.33856595544609,2.4249196516418237,82.45175319095245,-87.33856545632631,2.4249196516418237,82.45175319279053
2016-04-28,208.4600067138672,207.4499969482422,15.220000267028809,14.550000190734863,22.73464280906557,69.58307301382831,-1.4936112365229826,98.9825803842728,-104.70897646431663,101.17709072356743,99.72129062947342,-105.79707638671422,101.81817472518738,99.72131228289352,-105.69945014313069,101.81819610356804,99.72131228289632,-105.6994498680913
2016-04-29,206.72000122070312,206.3300018310547,15.699999809265137,14.789999961853027,22.794244008694704,5.960119962913524,-24.77681887146874,84.82497870078095,-67.40718600099723,40.16461400999061,85.42467009085915,-44.92363283885255,40.37821603063472,85.42467743368223,-44.53754346941816,40.378219732759455,85.42467743368255,-44.53753982871975
2016-05-02,206.9199981689453,207.97000122070312,14.68000030517578,13.770000457763672,22.176509634463848,-61.77343742308565,-76.39806684548562,43.38877276803566,25.33789056234752,-104.26638266581591,43.67608681469726,99.1949800774189,-104.11744933698392,43.676087741402704,99.33336079524854,-104.11744860434214,43.676087741402704,99.33336098931224
2016-05-03,206.52000427246097,206.16000366210935,15.600000381469728,15.170000076293944,22.43297231709566,25.646268263181327,-20.565374586828987,74.21080441149287,-60.75845348520439,37.70969123910984,75.05649831271633,-42.22269735618813,37.90564926703038,75.05651585617863,-41.572961482884295,37.90565371680186,75.05651585617946,-41.57294838919354
2016-05-04,204.9900054931641,205.0099945068359,16.049999237060547,15.470000267028809,22.497986024710983,6.501370761532144,-80.56084727427752,154.99213635082344,-81.59023113833081,-1.1937302597529986,155.7919118508009,-3.3651859088253944,-0.7374903921123477,155.79193774400747,-3.021650276482044,-0.7374692883413503,155.79193774401395,-3.0216454870465292
2016-05-05,205.55999755859375,204.97000122070312,15.90999984741211,15.369999885559082,22.270540280875224,-22.744574383575866,0.1277066749026079,55.78761722028523,-62.99368299764867,60.66918336877858,56.66797567958986,-65.14752144209874,60.89632115753883,56.6679967087306,-64.49430077155276,60.896327498328766,56.66799670873208,-64.49428608320204
2016-05-06,204.05999755859375,205.72000122070312,14.720000267028809,13.380000114440918,21.095961071308594,-117.45792095666303,-66.62875686327078,-37.391761329557504,96.25139047427885,-165.43530638970685,-37.20217148634299,160.26617897063448,-165.31110668453755,-37.20217118686586,160.33156910867976,-165.31110640861462,-37.20217118686586,160.331569132234
2016-05-09,205.57000732421875,205.88999938964844,14.56999969482422,13.859999656677246,20.862870631463146,-23.309043984544786,-84.43071632139915,132.89189342073036,-56.0765757834613,-30.955710190614493,133.23521229836481,25.94031240025465,-30.877921709741084,133.23521319213503,26.205842797015656,-30.87792146330399,133.23521319213503,26.205843444348776
2016-05-10,206.72000122070312,208.4499969482422,13.630000114440918,12.800000190734863,20.91932192786433,5.64512964011854,-82.11392089806539,-13.20613494717062,87.49933645138233,-172.24883248875545,-13.068136779265124,167.02811314837447,-172.20504887382805,-13.068136725792476,167.12232770135253,-172.20504884700125,-13.068136725792476,167.1223277279984
2016-05-11,207.91000366210935,206.5,14.6899995803833,13.75,21.16601562341448,24.669369555014953,72.87434415528773,-9.119000360782545,-71.41677319135421,141.7630462713327,-8.821712195865715,-146.82447465232838,141.9143337503545,-8.821711180012334,-146.6784739664333,141.91433453965655,-8.821711180012334,-146.678473739882
2016-05-12,207.2899932861328,206.55999755859375,14.40999984741211,13.460000038146973,20.830500812250747,-33.55148111637334,-13.676763788028198,95.60062056308965,-89.59487814230542,73.4743313894313,95.88831675760706,-78.54535156511481,73.70990718238131,95.88831794916749,-78.49323116354745,73.70990835085934,95.88831794916749,-78.4932311404651
2016-05-13,206.2100067138672,204.7599945068359,15.039999961853027,14.149999618530272,20.80921152096903,-2.1289291281718192,59.73636813533607,20.8353836212289,-88.11777123244397,145.48529469720657,21.248081707111854,-150.431310356604,145.7958086444754,21.248085523593343,-150.32912621798982,145.79581229791623,21.248085523593453,-150.32912605494914
2016-05-16,204.9600067138672,206.77999877929688,14.68000030517578,13.59000015258789,21.059047978326028,24.983645735699866,-72.8528702701274,-40.823659477292004,105.94508702157819,-181.35056346960258,-40.59638464136466,176.21912121065904,-181.22381094029507,-40.59638417446687,176.319643517279,-181.2238105470755,-40.59638417446687,176.31964359095713
2016-05-17,206.4600067138672,204.8500061035156,15.56999969482422,15.109999656677246,21.28581357918803,22.676560086200226,56.460494037051646,42.98943910322739,-106.4791421066226,161.05752311166304,43.91894769864819,-165.48668699179282,161.8547681560314,43.91899278486202,-165.3544234407269,161.85481253773943,43.91899278487548,-165.3544227362211
2016-05-18,204.44000244140625,204.91000366210935,15.949999809265137,15.34000015258789,21.706112887554823,42.02993083667934,-59.73806740721328,67.38268392592965,-14.652131540746558,-46.95879136944685,68.33388646566442,42.55132567395001,-46.15228897529919,68.33393579219776,42.69602581955405,-46.15224053252034,68.3339357922147,42.69602670330854
2016-05-19,204.05999755859375,204.1999969482422,16.329999923706055,15.279999732971191,21.866986968604394,16.087408104957035,-75.96450503508001,133.5554161904317,-64.84874081243214,-13.356264257844261,134.2563040951133,8.698452995972852,-12.917407853955895,134.25632249032228,8.960484496769253,-12.917391800543163,134.25632249032552,8.96048683856552
2016-05-20,204.9199981689453,205.4900054931641,15.199999809265137,12.729999542236328,20.957178988451588,-90.98079801528058,-70.54112797155716,79.47576907901879,-16.7851170113676,-56.37900177327,79.58401073687445,51.128525908146806,-56.32263381210063,79.58401077565716,51.18039960483303,-56.32263377994724,79.58401077565716,51.18039961146239
2016-05-23,205.5099945068359,205.2100067138672,15.81999969482422,13.600000381469728,21.43076442237583,47.358543392424224,-18.720560501274818,63.43935623686219,-52.37422994895058,31.02962574600683,63.74263958525946,-36.08505943676141,31.084940405034246,63.74264010786808,-35.837090747391564,31.084940507458533,63.74264010786808,-35.83709032720723
2016-05-24,206.1699981689453,207.8699951171875,14.420000076293944,11.90999984741211,20.913234075141176,-51.75303472346542,-54.726439593901,-65.24455994766342,112.07257828815081,-169.4310023028999,-65.18426363931736,164.13258105711054,-169.38362794301344,-65.1842636316932,164.14550300557005,-169.3836279355333,-65.1842636316932,164.14550300571412
2016-05-25,208.6699981689453,209.27999877929688,13.899999618530272,11.40999984741211,21.012764114508812,9.953003936763594,-78.50432061370266,91.4494001595582,-20.8638803013635,-60.3104466101682,91.48931696581734,54.991645855260685,-60.30109412748479,91.48931696641787,55.02221017883648,-60.3010941272559,91.48931696641787,55.022210179208095
2016-05-26,209.44000244140625,209.33999633789065,13.43000030517578,10.460000038146973,20.5263727471007,-48.63913674081104,-37.22047673578308,79.78086577585724,-50.49633744821842,10.618373178328769,79.80363492948062,-15.954321586324324,10.640244425106518,79.80363492962928,-15.953423679478737,10.64024442525511,79.80363492962928,-15.953423679478648
2016-05-27,209.52999877929688,210.2400054931641,13.119999885559082,9.770000457763672,20.672445912428223,14.60731653275218,-78.91997706972705,82.22960207774464,-11.262419033113089,-70.33646618742112,82.23552561441286,64.98367216232593,-70.33601555734796,82.23552561441315,64.98914506892096,-70.33601555734796,82.23552561441315,64.98914506892123
2016-05-31,210.55999755859375,209.83999633789065,14.1899995803833,11.850000381469728,21.345372313445928,67.29264010177047,28.285647241884494,11.014287551558423,-47.17487850653674,72.79518811652598,11.098061400227936,-78.07013182344058,72.80920926056929,11.098061406407192,-78.00037911881434,72.8092092618059,11.098061406407192,-78.00037911387172
2016-06-01,209.1199951171875,210.27000427246097,14.199999809265137,11.609999656677246,21.540208562602032,19.48362491561042,-56.29440557006327,-7.052759701481667,55.43773977726081,-114.37475138005573,-7.003467634000414,109.06532588964257,-114.33799863201364,-7.003467630129398,109.07786520908179,-114.33799862824979,-7.003467630129398,109.0778652091889
2016-06-02,209.8000030517578,210.91000366210935,13.630000114440918,11.010000228881836,21.29864836725205,-24.156019534998308,-69.43677806891417,23.283134534207917,38.21784977906891,-110.32561582329629,23.306058340337234,104.98982206779777,-110.3172450177703,23.306058340476078,105.00437506840113,-110.31724501767599,23.306058340476078,105.00437506844563
2016-06-03,210.25,210.27999877929688,13.470000267028809,10.109999656677246,20.75134647425648,-54.730189299557,-43.08616886643393,78.54123043616258,-43.404343527140576,-2.352712266335397,78.55066604051206,-2.996569691064297,-2.3442404124961436,78.5506660405243,-2.995605940554056,-2.3442404124838867,78.5506660405243,-2.995605940554056
2016-06-06,210.6999969482422,211.3500061035156,13.649999618530272,11.260000228881836,21.4060856251482,65.47391508917215,-76.55620597211012,83.57341146865335,-14.939254801393817,-64.2867317736994,83.61007972556791,58.96468246934183,-64.27715359607406,83.61007972606095,58.99177254863106,-64.2771535958554,83.61007972606095,58.99177254890542
2016-06-07,211.52999877929688,211.67999267578125,14.050000190734863,11.5600004196167,21.926513473845496,52.04278486972953,-56.3400856380712,93.25522711825006,-44.80478626840718,-14.204941253222822,93.32429989178442,8.915296467829561,-14.195224358302225,93.32429989461949,8.974652346443326,-14.195224357869504,93.32429989461949,8.974652348845671
2016-06-08,211.83999633789065,212.3699951171875,14.079999923706056,10.890000343322754,22.316297641208344,38.97841673628477,-67.18325234270941,76.80207462263523,-17.555584411131985,-52.29789841933982,76.8240300531891,46.96113628827347,-52.28877012625175,76.82403005332893,46.97396342573928,-52.28877012614614,76.82403005332893,46.97396342577347
2016-06-09,211.5099945068359,212.0800018310547,14.640000343322754,12.229999542236328,22.620020729866056,30.372308865771203,-92.87461741013773,124.48016232384356,-39.428317397284765,-56.10509124801786,124.61610740202524,50.882318795450644,-56.08452372848671,124.616107433037,50.99769635410121,-56.084523723663104,124.616107433037,50.99769638028933
2016-06-10,210.4600067138672,210.07000732421875,17.030000686645508,15.829999923706056,23.89925527057882,127.92345407127641,-63.43183427434342,160.7256260065397,-103.7134956995737,38.88460045339482,162.2646396009278,-42.704089364691654,40.16689280124417,162.26485465700844,-42.44736811778884,40.167102396129174,162.26485465737247,-42.447362656593164
2016-06-13,209.36000061035156,208.4499969482422,20.969999313354492,22.940000534057617,27.296154032087955,339.6898761509135,-41.23350758334914,172.55769704151385,-126.33521951334973,91.19947055934537,185.50538454809507,-83.513408318637,99.96085334970707,185.60247684398846,-79.32700532250757,100.0422077536603,185.60257512389828,-79.31126741625302
2016-06-14,208.0,208.0399932861328,20.5,23.350000381469727,26.563434153329112,-73.27198787588429,-111.07951581917682,224.36454129612926,-108.1947233942601,1.529193990647817,237.41356094058486,6.2532761493460125,8.592417844240588,237.50572899788634,12.239153177151499,8.65445535269316,237.50581023482906,12.269283737502137
2016-06-15,208.0399932861328,207.75,20.13999938964844,22.600000381469727,25.999348689267777,-56.40854640613355,-82.36950313742672,197.54466847030815,-111.99368125384171,33.19574955387956,208.6848701111138,-27.353776155810227,39.42878948491593,208.74535943014342,-22.44657795595215,39.471385279342535,208.74539592023223,-22.428684428265843
2016-06-16,207.75,208.3699951171875,19.3700008392334,21.88999938964844,25.333410882220043,-66.59378070477331,-117.57710827243613,180.26835376786437,-61.206427760349165,-54.89412198502415,189.7118890647063,59.01395718436555,-50.754723896332465,189.74690652896868,64.31810453382958,-50.73622775762427,189.74691667028247,64.33462585974529
2016-06-17,207.1699981689453,206.52000427246097,19.40999984741211,22.0,24.63777270153743,-69.56381806826144,-51.908339558445185,169.26418918242882,-115.68144046376291,67.04146987943369,178.89731590441417,-62.7250153515216,72.9800355908253,178.9393612721056,-59.030435495513636,73.01291800781006,178.93938011751982,-59.02127254380584
2016-06-20,208.82000732421875,207.8500061035156,18.3700008392334,22.209999084472656,23.82547069570306,-81.23020058343684,-0.7090240062788777,105.44499848496008,-102.3019736534435,103.80931817734832,115.83771687195863,-98.72846803807553,108.6850547251778,115.88456618599373,-93.21146702637606,108.71190991169576,115.88458535852418,-93.19147289780841
2016-06-21,208.3000030517578,208.44000244140625,18.479999542236328,22.469999313354492,24.121188167492093,29.57174717890325,-96.65823043123416,178.61084381877336,-78.6274682457065,-13.234493510013154,189.89470652236918,19.226088822193677,-5.770386028519534,189.96115669271705,23.04589092170557,-5.715457472519178,189.96120357012668,23.057412540349965
2016-06-22,208.6499938964844,208.1000061035156,21.170000076293945,27.86000061035156,26.81696078121594,269.57726137238467,-42.191909055548145,171.53975666199253,-108.67111523000396,76.45383651825098,200.17520660019716,-52.47261866239052,88.74009453724695,200.87969207961729,-36.1198770443447,89.07560706825092,200.88324177845442,-35.75089953856196
2016-06-23,209.80999755859375,210.80999755859375,17.25,21.1299991607666,23.801687701338935,-301.5273079877005,-113.31838919785514,131.4419894818081,-17.890208773872573,-94.31175449521342,139.6340985536573,97.16903713466908,-90.52622995841847,139.65798968303264,101.57562665872442,-90.51259982130262,139.65799467203357,101.5858876510986
2016-06-24,203.6300048828125,203.2400054931641,25.760000228881836,30.709999084472656,30.361454020767823,655.9766319428888,-58.211234433725664,198.37211374793745,-110.78401943638332,66.73098713730593,235.70769118753455,-33.354109596336485,82.83722061057269,237.10770885067546,-12.11137972428846,83.50097045603366,237.12109475639318,-11.375073023882562
2016-06-27,201.58999633789065,199.6000061035156,23.850000381469727,25.059999465942383,27.277029908959932,-308.4424111807891,110.14803440770214,-2.929958925837204,-99.05710556109099,212.92391268387323,13.189728556702176,-202.0141522459948,219.2384303398496,13.338519073806612,-192.2088217790414,219.30355190071003,13.338679714197069,-192.12515279302764
2016-06-28,201.47999572753903,203.1999969482422,18.75,19.079999923706055,22.248932011864397,-502.80978970955346,-74.01296680135499,-29.394510386191072,99.51832947815706,-172.99620525370526,-25.324940533817973,171.71100335379063,-169.7819568277666,-25.320994724343482,172.566324937472,-169.77821239948616,-25.320994567096644,172.5665263186663
2016-06-29,204.83999633789065,206.66000366210935,16.639999389648438,15.859999656677246,21.048151939082075,-120.07800727823223,-89.81081093209247,-5.928995953602632,88.76562400228758,-180.80616209133896,-4.944461275246502,176.43202124154377,-180.3565449080683,-4.944419241634199,176.96693873664415,-180.3565173151081,-4.944419241619277,176.9669531772963
2016-06-30,207.2100067138672,209.47999572753903,15.630000114440918,14.050000190734863,21.212369626925565,16.421768784348956,-64.09856879165129,-103.47999294892107,160.02373595682104,-226.49750407572358,-103.07610117090839,221.54268184967438,-226.1933447731562,-103.07609761320623,221.64241432511983,-226.19334136651662,-103.07609761320614,221.64241447618238
2016-07-01,209.47999572753903,209.9199981689453,14.770000457763672,11.850000381469728,20.568540335889104,-64.38292910364609,-42.64793672644773,36.56874234592092,-1.7671544674946227,-43.45452290263794,36.681111059668936,38.208174092865725,-43.34890476549431,36.68111109791814,38.2149246694701,-43.348904727301665,36.68111109791814,38.214924669526674
2016-07-05,208.9499969482422,208.41000366210935,15.579999923706056,14.1899995803833,20.410211305666742,-15.832903022236167,-18.649058771887205,87.01026651988569,-75.89141551698575,54.79579524470741,87.43877631266527,-59.72599954679831,55.02859184282769,87.43877977956154,-59.530286352138994,55.02859462735194,87.43877977956166,-59.53028566976697
2016-07-06,207.8300018310547,209.66000366210935,14.960000038146973,13.18000030517578,20.375309710292413,-3.490159537432902,-78.38840089324935,-30.635659873739904,101.25673523383048,-182.2422292712906,-30.444267845128593,177.07490394540153,-182.15996369968704,-30.44426763785888,177.1840304024093,-182.15996355748604,-30.44426763785888,177.18403046747795
2016-07-07,209.8699951171875,209.52999877929688,14.760000228881836,13.109999656677246,20.076004849302088,-29.93048609903255,-29.57022925790833,88.73796857668233,-66.92742623751951,34.77122995786697,88.9369992197029,-39.930916621215154,34.86462165044066,88.93699947510035,-39.82527767076818,34.86462183927139,88.93699947510035,-39.82527760420151
2016-07-08,211.0500030517578,212.6499938964844,13.199999809265137,11.43000030517578,20.496238921128345,42.02340718262576,-59.18016194338194,-46.235992499620494,97.49990321776785,-159.33071046372416,-46.193526163085515,154.01445924071888,-159.30199698552664,-46.1935261608563,154.02821209905628,-159.30199698340834,-46.1935261608563,154.0282120991672
2016-07-11,213.19000244140625,213.3999938964844,13.539999961853027,12.229999542236328,21.11841421801266,62.21752968843148,-57.53057580063496,89.46989628908737,-39.772211636149926,-20.339834075347362,89.5957227031508,15.106943010906074,-20.241945207485944,89.59572278640698,15.134880557108035,-20.24194512638593,89.59572278640698,15.134880559264177
2016-07-12,214.52999877929688,214.9499969482422,13.550000190734863,12.25,22.12747794722835,100.90637292156899,-87.59661945211948,129.01219113807127,-49.21722454954172,-41.03221988440693,129.16925583624774,35.830567075462284,-41.005686130104486,129.16925589089308,35.961098019336355,-41.005686120211955,129.16925589089308,35.96109806408918
2016-07-13,215.44000244140625,214.9199981689453,13.039999961853027,11.109999656677246,21.712962411367776,-41.451553586057344,-34.00288352486902,115.40794811373586,-89.29484386092464,52.67729432014272,115.47688640344352,-57.96707358462483,52.74198708510489,115.4768864110192,-57.96282805987938,52.741987092669866,115.4768864110192,-57.962828059868635
2016-07-14,216.3999938964844,216.1199951171875,12.81999969482422,10.93000030517578,22.40329694601025,69.03345346424743,-42.84866080419276,109.12716472204346,-74.18191894654963,28.705280407409962,109.18246725510613,-34.00869543221454,28.756661453334843,109.18246725900039,-34.004773945076856,28.756661457222133,109.18246725900039,-34.00477394506984
2016-07-15,216.77999877929688,215.8300018310547,12.670000076293944,10.260000228881836,22.056192033835103,-34.71049121751477,48.6518755035738,-6.796085826666262,-49.80114618137927,95.77805449011406,-6.782724769369384,-101.12341099456687,95.78244607615288,-6.782724769350443,-101.11444152330878,95.78244607616477,-6.782724769350443,-101.11444152330176
2016-07-18,215.97000122070312,216.41000366210935,12.4399995803833,10.989999771118164,22.24423605505524,18.80440212201364,-62.086309441884715,75.66349624277254,-21.503318743694177,-43.243295196755874,75.6960818617317,37.917163254742086,-43.22424091451291,75.69608186252415,37.93069459145817,-43.22424091379615,75.69608186252415,37.93069459153393
2016-07-19,215.9199981689453,216.19000244140625,11.970000267028809,11.020000457763672,21.772372877227017,-47.18631778282223,-64.76501968827392,98.0297457152424,-41.19004663403711,-26.236922072227408,98.06314266994002,20.91160146591482,-26.219512309446568,98.06314267069601,20.92758865783153,-26.219512308800418,98.06314267069601,20.9275886579414
2016-07-20,216.19000244140625,217.08999633789065,11.770000457763672,10.43000030517578,22.34550127432245,57.31283970954344,-48.80122012722501,3.0659497750671583,37.79647818903491,-89.26044239737642,3.0858751737115075,83.9216502344306,-89.24382769761243,3.0858751738886325,83.92496093331097,-89.24382769743683,3.0858751738886325,83.92496093331249
2016-07-21,216.9600067138672,216.27000427246097,12.739999771118164,11.5,22.20007244033319,-14.542883398926065,7.393299704000336,49.74530036012843,-65.0343666030998,69.78397026813273,49.80825138292655,-75.07973680022239,69.81963300919352,49.80825138980796,-75.05244851848502,69.81963301522043,49.80825138980796,-75.0524485176305
2016-07-22,216.41000366210935,217.2400054931641,12.020000457763672,10.220000267028809,22.523057963043204,32.29855227100131,-38.793146543968255,-9.963605413628438,40.8220839612375,-82.27172781996892,-9.93955584822632,76.93705982380753,-82.24886635385397,-9.939555848028567,76.93824792309465,-82.24886635365635,-9.939555848028567,76.93824792309483
2016-07-25,217.0,216.6499938964844,12.869999885559082,11.93000030517578,22.411179622374476,-11.187834066872782,-30.945994334624526,92.43610671341278,-69.34838033806213,35.7838508802401,92.53655631590432,-41.04211880513085,35.84467453430562,92.53655635028755,-41.00249285670474,35.84467456506919,92.53655635028755,-41.00249285308515
2016-07-26,216.52999877929688,216.75,13.050000190734863,11.979999542236328,22.552026843090882,14.084722071640599,-66.78514125044563,107.37537033653587,-48.41262352716253,-21.029573225176556,107.51169345723002,15.807178817252757,-21.007269973595054,107.51169349037858,15.921198686365459,-21.00726996785467,107.51169349037858,15.92119871377358
2016-07-27,217.19000244140625,216.52000427246097,12.829999923706056,11.609999656677246,22.212328493868863,-33.96983492220187,-7.39048472828234,77.25254311680955,-77.73547835272919,67.73303222741569,77.33784071437536,-73.0064521685753,67.80042961077689,77.33784073741779,-72.98855195437064,67.80042963333067,77.33784073741779,-72.98855195388195
2016-07-28,216.2899932861328,216.77000427246097,12.720000267028809,11.789999961853027,22.304716577231,9.238808336213822,-51.77251744857589,50.96806691331679,-7.043471268253418,-47.31394537367566,51.078862671570356,42.06602362130665,-47.2194857866665,51.078862722713914,42.08235979255111,-47.219485736043886,51.078862722713914,42.08235979307202
2016-07-29,216.4600067138672,217.1199951171875,11.869999885559082,10.010000228881836,22.106553869915075,-19.816270731592667,-35.890152791015886,1.2331815641193145,26.718853190351744,-65.26844875380056,1.2537810893424006,59.930330717348724,-65.24853274534641,1.253781089435415,59.93101423411769,-65.24853274525341,1.253781089435415,59.93101423411769
2016-08-01,217.19000244140625,216.94000244140625,12.4399995803833,11.100000381469728,22.138693461052988,3.213959113791276,-46.65393550686503,113.78206193557975,-75.03783696521192,25.74411359725104,113.8310689608461,-31.053824130079487,25.783684516984074,113.83106896451486,-31.044388024546187,25.783684520597184,113.83106896451486,-31.044388024490498
2016-08-02,216.6499938964844,215.5500030517578,13.369999885559082,12.350000381469728,21.567742151334443,-57.0951309718545,58.32387717132021,-10.837403132491039,-55.27905701888136,110.96672310501104,-10.67126855077669,-116.1593059985883,111.00987074519341,-10.671268464301795,-116.03631905705633,111.00987077615886,-10.671268464301795,-116.03631900154687
2016-08-03,215.47999572753903,216.17999267578125,12.859999656677246,11.289999961853027,21.69863873103345,13.08965796990087,-41.44081572670519,8.26559131235012,25.30629772718507,-69.34161524982595,8.355382186945695,64.07268857979822,-69.256758264899,8.355382204087983,64.07762246946687,-69.2567582477775,8.355382204087983,64.07762246948757
2016-08-04,216.30999755859375,216.41000366210935,12.420000076293944,10.800000190734863,21.600061381997005,-9.857734903644655,-45.72048825488901,76.88669853711914,-39.085072630113004,-9.27907064726112,76.92655375100438,3.960208300931869,-9.243366888870261,76.92655375255802,3.9643597564262634,-9.243366887322344,76.92655375255802,3.9643597564319477
2016-08-05,216.41000366210935,218.17999267578125,11.390000343322754,9.18000030517578,22.542258741498067,94.2197359501062,-33.45647908543621,-114.62086211802446,140.12366741725035,-176.2545972783877,-114.61581834246705,170.90092349217807,-176.2496892732041,-114.61581834246638,170.90105926255185,-176.24968927320347,-114.61581834246638,170.90105926255185
2016-08-08,218.3999938964844,218.0500030517578,11.5,10.100000381469728,22.376041401867823,-16.621733963024354,-39.019038681809825,108.5205047880112,-77.43752118167066,35.760616166902246,108.54316727430547,-41.0966712422071,35.782108614827536,108.54316727447005,-41.095501203837976,35.782108614991934,108.54316727447005,-41.09550120383789
2016-08-09,218.1300048828125,218.17999267578125,11.65999984741211,10.489999771118164,22.516274745518558,14.023334365073481,-52.29628625397853,95.09281977947361,-50.73287496417136,-4.225413299353084,95.11519590256152,-1.1109281390528225,-4.208056528022139,95.11519590283191,-1.1059087872958373,-4.208056527756662,95.11519590283191,-1.1059087872909523
2016-08-10,218.30999755859375,217.63999938964844,12.050000190734863,10.68000030517578,22.192945919886203,-32.33288256323554,-9.59581875689752,81.67002865927833,-79.99407791852998,67.75372529805449,81.70887820489246,-73.07359331278988,67.78855021535557,81.70887820630631,-73.06956868447678,67.78855021676424,81.70887820630631,-73.06956868447162
2016-08-11,218.2599945068359,218.6499938964844,11.68000030517578,9.739999771118164,22.857760412207593,66.48144923213906,-42.62476396101456,41.745013397500855,-7.069315502491344,-38.2260934064923,41.754664893255615,32.87702734049976,-38.21737957357991,41.754664893268135,32.87796500334215,-38.21737957356739,41.754664893268135,32.87796500334215
2016-08-12,218.2899932861328,218.4600067138672,11.550000190734863,9.539999961853027,22.613115544126934,-24.4644868080659,-40.339619023195645,59.17393206867243,-26.785465682884734,-16.226516305679194,59.18149699303306,10.875363668276064,-16.21952049016244,59.181496993037875,10.875932777119937,-16.219520490157645,59.181496993037875,10.875932777119937
2016-08-15,218.88999938964844,219.08999633789065,11.8100004196167,9.720000267028809,23.151196047104527,53.80805029775928,-59.99731738209262,95.51884719459656,-43.474094337294055,-19.199644601383813,95.52500023156692,13.847080076595722,-19.19670737709247,95.52500023156901,13.850295889274802,-19.196707377090693,95.52500023156901,13.850295889275069
2016-08-16,218.6000061035156,217.9600067138672,12.640000343322754,10.869999885559082,22.498523908787597,-65.26721383169303,21.596437447646434,16.423546618332963,-45.93555958300677,64.86017340693174,16.466688663066556,-70.1757489233181,64.8677085635965,16.466688663707508,-70.14014203524931,64.86770856374199,16.466688663707508,-70.1401420347538
2016-08-17,218.0,218.3699951171875,12.1899995803833,10.760000228881836,22.61308484791097,11.456093912337195,-59.88889940305307,78.2937774236621,-26.33556579097107,-36.215211312385364,78.32180721506495,30.88452354253144,-36.19773023184003,78.32180721557299,30.895072253388882,-36.19773023136823,78.32180721557299,30.89507225342512
2016-08-18,218.33999633789065,218.86000061035156,11.43000030517578,9.899999618530272,22.72199202582523,10.890717791426141,-40.26765305762823,24.025263871518312,8.298526074763116,-51.231662004882516,24.04011832193356,45.8877988935807,-51.217786096491416,24.040118321978433,45.88877743560473,-51.21778609644656,24.040118321978433,45.88877743560482
2016-08-19,218.30999755859375,218.5399932861328,11.34000015258789,9.399999618530272,22.38018236316685,-34.18096626583811,-38.80254190281589,50.10208129824454,-19.25192148917605,-22.224038833961867,50.10841676625697,16.871656740216846,-22.218098473403924,50.108416766259346,16.872051847671333,-22.218098473401525,50.108416766259346,16.872051847671333
2016-08-22,218.2599945068359,218.52999877929688,12.270000457763672,10.949999809265137,22.60325697675349,22.30746135866397,-49.103978498606814,66.68750023158925,-25.493482630649588,-26.24794845050975,66.73625689568735,20.93798755619758,-26.20604225220131,66.73625689904233,20.944838021987234,-26.20604224887162,66.73625689904233,20.94483802201246
2016-08-23,219.25,218.97000122070312,12.380000114440918,11.369999885559082,22.982973812392057,37.97168356385683,-49.05066340361011,121.59046764654849,-80.41805735047564,28.755367035242042,121.67093210077381,-34.03362012456956,28.8226989042794,121.67093211898353,-34.02048753938163,28.822698922270874,121.67093211898353,-34.0204875391634
2016-08-24,218.8000030517578,217.8500061035156,13.449999809265137,12.670000076293944,22.46816635692505,-51.480745546700746,34.31607538222712,22.19179594270986,-64.24636765570312,95.97148656872923,22.412017173706733,-101.10998259245144,96.05988876327032,22.412017480750613,-100.9781635559957,96.05988895317735,22.412017480750613,-100.97816343885883
2016-08-25,217.3999938964844,217.6999969482422,13.630000114440918,12.770000457763672,22.39267617934331,-7.549017758173804,-52.7221770210953,70.77348264775542,-25.698150361689475,-29.430476208721966,71.08535547449367,24.383632852572102,-29.15756699011107,71.08535685337321,24.42259646069951,-29.157565624190184,71.08535685337321,24.42259647365812
2016-08-26,217.9199981689453,217.2899932861328,13.649999618530272,12.100000381469728,22.03841419487591,-35.42619844674029,-0.12820416268663815,58.871965972300465,-66.57967262419959,63.83577872277886,58.99477271947373,-69.07168948023987,63.89944775406773,58.99477277659846,-69.01255176435549,63.899447800333924,58.99477277659846,-69.01255175349698
2016-08-29,217.44000244140625,218.36000061035156,12.9399995803833,11.140000343322754,22.46772312512693,42.93089302510218,-42.67688866871719,-11.219157271456213,46.016489399984174,-91.29872327570283,-11.139996249881753,86.0191667477383,-91.22470970184466,-11.139996237657021,86.02431419545462,-91.22470968964038,-11.139996237657021,86.02431419547506
2016-08-30,218.2599945068359,218.0,13.119999885559082,11.210000038146973,22.206524178602763,-26.119894652416775,-50.496888801943676,122.4683484957681,-79.86496083904778,26.744176835621204,122.5335649123073,-32.03767797189825,26.799640414936544,122.53356492125354,-32.02792513467447,26.799640423799588,122.53356492125354,-32.02792513459125
2016-08-31,217.61000061035156,217.3800048828125,13.420000076293944,11.640000343322754,21.796103633464146,-41.042054513861714,-23.581242966866455,65.86589767426688,-50.1499981346907,23.908798571159974,65.95927180874094,-29.17414198796433,23.928200747738583,65.95927181922681,-29.100170030068927,23.928200750580842,65.95927181922681,-29.100170022425264
2016-09-01,217.3699951171875,217.38999938964844,13.479999542236328,11.890000343322754,21.790157388319255,-0.5946245144890838,-49.31193194220331,92.029214081622,-50.531497457297746,-1.331497588382844,92.17371632551075,-3.8827176181536616,-1.203201911656413,92.17371643685331,-3.866511050991337,-1.2032018009938228,92.17371643685331,-3.8665110503114364
2016-09-02,218.38999938964844,218.3699951171875,11.979999542236328,9.100000381469728,21.97921349413666,18.905610581740362,-34.19254537270222,65.88265956597327,-39.6440550933771,2.7767793635952187,65.88743622762979,-8.130720263700672,2.781407787397041,65.88743622763039,-8.13057202584597,2.781407787397663,65.88743622763039,-8.13057202584597
2016-09-06,218.6999969482422,219.02999877929688,12.020000457763672,9.979999542236328,22.43049459045035,45.128109631369284,-71.82605349099298,106.19232157236613,-42.31386542521165,-32.18900684695305,106.20344179029074,26.841409503121284,-32.186466847250124,106.20344179029749,26.849989721342983,-32.186466847247374,106.20344179029749,26.84998972134698
2016-09-07,218.83999633789065,219.0099945068359,11.9399995803833,9.800000190734863,22.355431575164154,-7.50630152861973,-63.07647234671621,104.68029803882229,-49.555376363723376,-16.197572896019995,104.6874649289702,10.846022224405408,-16.19469102816675,104.68746492897301,10.850307246700178,-16.19469102816462,104.68746492897301,10.8503072467008
2016-09-08,218.6199951171875,218.5099945068359,12.510000228881836,10.989999771118164,22.06548160737098,-28.99499677931736,-32.854430903538585,72.33330894045822,-47.389371413053574,11.86495260439118,72.38153312609056,-17.175445979506264,11.874323479400564,72.3815331271094,-17.13659266888332,11.874323479671192,72.3815331271094,-17.13659266813503
2016-09-09,216.97000122070312,213.27999877929688,17.5,18.780000686645508,20.839839330056314,-122.5642277314666,271.7813584095264,-174.81764483887298,-99.91169382266315,371.708159823375,-169.80690752911912,-372.04991831297065,374.40075122825533,-169.80068576670485,-369.73177202086646,374.40509799641296,-169.8006853794743,-369.7298970266083
2016-09-12,212.38999938964844,216.33999633789065,15.15999984741211,16.030000686645508,21.299825440155868,45.998611009955326,-67.93745752541166,-264.02874279256747,325.71845790634427,-394.9745855509119,-262.3177676424393,391.3271452978692,-393.61390915403143,-262.3174654838472,391.6774440519186,-393.6136192602881,-262.3174654830454,391.6774563167675
2016-09-13,214.83999633789065,213.22999572753903,17.850000381469727,19.549999237060547,20.791144364265463,-50.868107589040434,68.6811029155664,25.773668924215954,-96.39174286575633,165.24283509571384,31.795415460007902,-164.56980250854426,168.088139851839,31.80541907315149,-161.39335983465782,168.09410000705955,31.805419967371115,-161.38931637672817
2016-09-14,213.2899932861328,213.1499938964844,18.13999938964844,19.3799991607666,20.874177882920968,8.303351865550468,-87.48409969954568,185.81360713839305,-100.50419070243191,14.322324024977442,191.59764143657196,-13.886563781098202,18.302547306673734,191.60808494403574,-12.082751572598058,18.311622272885742,191.6080861360533,-12.081383031337298
2016-09-15,212.9600067138672,215.27999877929688,16.299999237060547,17.0,21.006974440143466,13.279655722249828,-91.86441879210233,-50.91651222765587,137.10521658952536,-230.4196215574984,-48.63350909612456,227.34452142780145,-229.1904132118023,-48.63289479558861,228.39831621741817,-229.18996317072546,-48.63289479180717,228.39848047687718
2016-09-16,213.47999572753903,213.3699951171875,15.369999885559082,15.270000457763672,19.1278075621248,-187.91668780186654,-60.96492504710087,127.82535435812687,-73.48775331324343,10.973615714728949,129.1567479176738,-15.000804312025393,12.10375921599203,129.1568833225949,-14.799554253609346,12.103891892709465,129.156883322727,-14.799551525405727
2016-09-19,214.1300048828125,213.41000366210935,15.529999732971191,16.309999465942383,19.08162866335055,-4.617889877425085,-22.187683984289052,112.5492244056699,-96.51189369673816,72.8171353573959,114.35758869207973,-76.36714991383259,73.98937317141429,114.35792741100025,-75.73102344024713,73.98966527850844,114.35792741219436,-75.73097682842072
2016-09-20,214.41000366210935,213.4199981689453,15.920000076293944,17.219999313354492,19.259382172972174,17.775350962162406,-15.493769185960302,125.12047935887317,-114.55228937541905,98.7301051588675,128.15361771813613,-101.05402911331788,101.08095414115414,128.155272966192,-100.37173970959367,101.08251462111662,128.15527299293979,-100.37164494150039
2016-09-21,214.2400054931641,215.82000732421875,13.300000190734863,12.829999923706056,19.62361652486697,36.42343518947975,-58.78043925729364,-45.04194529917249,96.098171496401,-157.3719715468796,-44.807440797470676,152.24775910509345,-157.1859735751266,-44.80744017919174,152.29626563504226,-157.18597297279217,-44.80744017919174,152.29626565098673
2016-09-22,217.0,217.17999267578125,12.020000457763672,10.789999961853027,20.259641997894377,63.602547302740575,-59.79047362636527,97.08088612531941,-45.221802885870964,-17.23097237085398,97.10821330017184,11.899581984405463,-17.21391522036122,97.10821330064013,11.909852008765112,-17.213915219925745,97.10821330064013,11.909852008797975
2016-09-23,216.72000122070312,215.9900054931641,12.289999961853027,11.390000343322754,19.297109563575624,-96.25324343187529,23.28626282444144,22.022153887231788,-53.207012706606456,73.83159461346958,22.082275454065915,-79.13019060539295,73.84927247520714,22.082275457075774,-79.08774690029638,73.84927247664893,22.082275457075774,-79.0877468987283
2016-09-26,215.02000427246097,214.2400054931641,14.5,15.670000076293944,18.7299663034791,-56.71432600965254,-7.555810864262755,89.45157911334049,-88.52161449851278,79.06451114246192,90.78445042567049,-83.09023140172515,79.84255299011583,90.78457641584232,-82.53540193689163,79.84265453884508,90.78457641599974,-82.53537749544907
2016-09-27,214.0500030517578,215.57000732421875,13.100000381469728,12.800000190734863,19.087191332449525,35.722502897042574,-67.26413812434099,-21.951087548816737,81.45230205298873,-151.26975983553027,-21.7552936072233,146.1068365359445,-151.14372074203564,-21.755293286640075,146.17659138404332,-151.14372045063692,-21.755293286640075,146.17659141322778
2016-09-28,215.8300018310547,216.63999938964844,12.390000343322754,11.720000267028809,19.687142516697875,59.99511842483507,-73.19664925226832,60.963867841753476,4.349776973483868,-80.19418601727405,61.039580966485474,74.91118158944097,-80.16258703069285,61.03958097568343,74.95529572759185,-80.16258702427362,61.03958097568343,74.95529573037051
2016-09-29,216.3999938964844,214.67999267578125,14.020000457763672,14.710000038146973,18.68295753588641,-100.41849808114662,69.61002592498849,27.942953144482985,-104.47916057250872,172.26089107184083,28.975489203210138,-176.5870089408132,173.11195275529766,28.975552837274975,-176.4055345655133,173.11201471759733,28.975552837304598,-176.40553289374807
2016-09-30,215.6499938964844,216.3000030517578,13.289999961853027,12.369999885559082,19.6237590085962,94.080147270979,-86.49425429006216,103.77302233729057,-25.076751613105518,-64.05527278410298,103.93375633317729,58.857289295303495,-64.01368415978574,103.93375641025492,58.97643466687297,-64.01368413212573,103.93375641025492,58.97643471629059
2016-10-03,215.82000732421875,215.77999877929688,13.56999969482422,13.0,19.17314716408127,-45.061184451492764,-58.449956437764094,116.69569222115793,-65.95616035089746,4.931729237155283,116.94398521541996,-10.042153328671175,5.036613176408247,116.94398569140779,-9.898744273662016,5.036613486745692,116.94398569140779,-9.898744108011678
2016-10-04,215.91000366210935,214.67999267578125,13.630000114440918,12.949999809265137,18.27986218863335,-89.32849754479228,56.45664500215053,5.785783973630279,-69.9653374015032,123.86238212198116,6.021593109677317,-128.98529007364357,123.98214051527042,6.0215935837373085,-128.8692393308858,123.98214088340812,6.0215935837373085,-128.86923922496348
2016-10-05,215.41000366210935,215.6300048828125,12.989999771118164,12.029999732971191,23.04525897373742,473.93967851040696,-47.8971418778823,69.15073774736638,-29.054191482108326,-21.37943426072708,69.30885969650822,16.178838789887152,-21.236559345430916,69.30885983829248,16.194085823732763,-21.236559204284355,69.30885983829248,16.194085824370475
2016-10-06,215.3699951171875,215.77999877929688,12.84000015258789,11.470000267028809,22.82065524013153,-22.460373360588903,-46.5627749967074,47.52512590874258,-8.833654608750871,-40.3294768025517,47.61253977378976,35.05817312621591,-40.250474436342664,47.612539794169685,35.06658462505408,-40.250474416040504,47.612539794169685,35.06658462513179
2016-10-07,216.1000061035156,215.0399932861328,13.479999542236328,11.470000267028809,23.585992292017693,76.53370518861635,37.568937889543164,26.340883295794516,-71.8056841732894,106.74043031965404,26.4037378696101,-112.03629329925145,106.78559735703165,26.403737877964396,-112.01860576281348,106.7855973650558,26.403737877964396,-112.01860576248333
2016-10-10,216.16000366210935,216.16000366210935,13.380000114440918,10.8100004196167,23.6599173083749,7.392501635720805,-52.160105168939474,99.784165453066,-55.551595782504144,0.7369250443296749,99.8153475164552,-6.064460541884406,0.761718255964785,99.81534751727813,-6.058071690130282,0.7617182567748926,99.81534751727813,-6.058071690117492
2016-10-11,215.66000366210935,213.42999267578125,15.359999656677246,13.34000015258789,26.067793861689523,240.78765533146225,166.15446676955958,-113.1982584911111,-60.56530911900071,224.1426317247816,-112.84864176989544,-229.15173144799274,224.2448456643947,-112.84864065255428,-228.90432866639011,224.2448461042424,-112.84864065255428,-228.90432798889677
2016-10-12,213.58999633789065,213.7100067138672,15.90999984741211,13.15999984741211,26.98464122816722,91.68473664776968,-64.31721686999003,112.67973428684844,-56.02645340249721,-10.901160583395539,112.9745158629751,5.837225151326811,-10.83219931335446,112.97451641654524,6.063045457412455,-10.832199154720998,112.97451641654524,6.063045852349072
2016-10-13,212.16000366210935,213.0099945068359,16.690000534057617,14.06999969482422,28.058217965415807,107.35767372485867,-68.09160634810905,46.66982224240737,13.956738148152928,-84.3773503693231,47.16349384662089,79.51231092422323,-84.0269978952133,47.16350035906984,79.65563005432735,-84.02699181647961,47.16350035907018,79.65563048804255
2016-10-14,214.1499938964844,213.1199951171875,16.1200008392334,12.9399995803833,27.117833423599805,-94.03845418160017,24.65130769196342,49.15807122063354,-81.5327800633786,103.67547357003966,49.39338763161374,-108.79887409950211,103.84621813469266,49.39338825293296,-108.73430225317487,103.84621872508636,49.39338825293296,-108.7343022222494
2016-10-17,213.08999633789065,212.3800048828125,16.209999084472656,13.8100004196167,26.9971135847523,-12.071983884750637,-8.306434045286812,83.18175285280404,-82.41925519492136,71.70760466626714,83.59653402716472,-76.65153744130004,71.98174662545992,83.59653763953597,-76.51089822613201,71.9817498995085,83.59653763953608,-76.51089788780939
2016-10-18,214.2400054931641,213.7100067138672,15.279999732971191,12.449999809265137,25.741800739292785,-125.5312845459514,-27.79295705388869,103.98634678941953,-83.98125421119104,53.646399019540134,104.15719987552177,-58.834263273390626,53.78385965800534,104.15720009733141,-58.80087082575367,53.783859875161504,104.15720009733141,-58.80087082110015
2016-10-19,214.02000427246097,214.27999877929688,14.40999984741211,11.970000267028809,24.450511431759068,-129.12893075337166,-64.32339009452612,98.12843029795611,-41.674419442732464,-25.272141326907093,98.21776862041754,20.00276211197505,-25.21595322323231,98.21776864478798,20.035912330761697,-25.215953200951112,98.21776864478798,20.03591233285096
2016-10-20,213.8699951171875,213.8800048828125,13.75,11.06999969482422,23.265204763621924,-118.53066681371445,-55.08301210411421,104.63955363556923,-57.48392405058669,-0.2641124848615761,104.67088867820121,-5.063270033745956,-0.24977813542259364,104.67088867872539,-5.04626934055292,-0.24977813500745905,104.67088867872539,-5.04626934044394
2016-10-21,213.8800048828125,213.97999572753903,13.34000015258789,10.68000030517578,22.604898316516667,-66.03064471052562,-62.47965839948801,110.41920634622025,-55.87953203208065,-9.270718980947843,110.43793982263497,3.9307348956936017,-9.26195281362496,110.43793982272908,3.9407022047853757,-9.2619528135476,110.43793982272908,3.9407022048021623
2016-10-24,215.0,214.88999938964844,13.020000457763672,11.350000381469728,22.241899993327408,-36.29983231892595,-51.27236066001786,109.02410104447078,-65.66253644926114,11.740355962419605,109.07202254142584,-17.051152024186965,11.769894916228177,109.07202254446665,-17.032769481040532,11.769894919017856,109.07202254446665,-17.032769480789355
2016-10-25,214.67999267578125,214.1699981689453,13.460000038146973,11.899999618530272,22.70681001920798,46.49100258805703,0.9117285354417937,44.81308565893853,-53.58829716398292,51.84624736376635,44.90832025110145,-57.1097303199567,51.87182780101318,44.90832026451377,-57.04007616504054,51.87182780644706,44.90832026451377,-57.040076157062124
2016-10-26,213.2100067138672,213.7400054931641,14.239999771118164,12.579999923706056,23.79881685563339,109.20068364254121,-58.480265615767046,59.36011284085006,-8.662888517923248,-52.35935198727495,59.53578910977322,47.176310939877354,-52.2219681024332,59.53578935521582,47.21460332395873,-52.22196786359856,59.53578935521582,47.21460333056668
2016-10-27,214.5800018310547,213.1699981689453,15.359999656677246,14.59000015258789,25.411949920886713,161.31330652533222,81.95843459637693,-25.90694553207011,-63.20643043646952,142.69938912318023,-25.10316934246857,-147.25431443154255,142.91326092549352,-25.103153278668145,-146.6644100442534,142.9132659203893,-25.1031532786673,-146.66439897534877
2016-10-28,213.13999938964844,212.5399932861328,16.190000534057617,16.690000534057617,26.567110439875464,115.5160518988751,-36.16518877571722,128.58246829088458,-98.29827498733003,60.804619191396434,130.66019038048373,-64.08509948172123,62.15543931167591,130.6607055623216,-63.35819750959228,62.15588285309834,130.66070556513088,-63.35812586917682
2016-10-31,212.92999267578125,212.5500030517578,17.059999465942383,20.190000534057617,27.832284755973234,126.51743160977702,-60.89547569784093,161.6319323319284,-101.82651744337898,41.802130218433376,168.50058908440133,-40.27706448436128,45.34741117280709,168.51571562776496,-36.95368646968158,45.35737119785279,168.51571784434543,-36.9485199513335
2016-11-01,212.92999267578125,211.0099945068359,18.559999465942383,22.86000061035156,29.913439233109088,208.1154477135854,85.01150370231761,29.822466850987595,-109.61858814630344,198.7536245153535,42.996566819753234,-190.8453976803874,205.52221799203156,43.08941124771748,-184.43981265117193,205.58075296283062,43.08948978484539,-184.4055031833855
2016-11-02,210.6499938964844,209.7400054931641,19.31999969482422,24.15999984741211,30.90073129317649,98.72920600674036,-1.63587775253202,111.94491387804425,-101.74096361697275,104.33868905642204,128.4717039483516,-93.00898501619913,111.16550091605795,128.63333548003502,-83.3088114256227,111.24091996237516,128.63353085994004,-83.22259889913354
2016-11-03,209.9900054931641,208.77999877929688,22.079999923706055,27.899999618530273,35.1148047587055,421.4073465529012,1.0655723113864446,139.94968672165732,-119.84334114653399,133.8922081073403,169.08032216993496,-109.34876145276624,149.26595032659014,169.85185093799927,-95.58705937312332,149.74764394331226,169.85665978861428,-95.29721568285768
2016-11-04,208.91000366210935,208.5500030517578,22.510000228881836,28.81999969482422,35.717983577272406,60.31788185669029,-79.49274408243082,221.8512676787199,-118.07964262143449,52.574178394073435,254.08886621533995,-24.703705083428073,68.83314398759167,255.0804585511307,-8.717509183466829,69.41529800660298,255.0880215079902,-8.308053544020153
2016-11-07,208.5500030517578,213.1499938964844,18.709999084472656,24.670000076293945,30.252133692984472,-546.5849884287934,-132.11038424614028,-174.40013201845946,316.1482485220261,-444.12745278700004,-156.80368219926766,456.5529764886641,-437.4268772795575,-156.61589075502988,467.44909746842075,-437.34914517259625,-156.61564408702264,467.5591568610417
2016-11-08,212.69000244140625,214.11000061035156,18.739999771118164,25.309999465942383,30.448162327272627,19.602863428815454,-128.3318402668156,136.72236181767303,4.654593531857623,-126.41159656766946,157.72619446215563,142.36843572587065,-117.31614152076332,158.03791853764187,154.27754465369821,-117.16338684777831,158.03864986789293,154.43651441404754
2016-11-09,212.3699951171875,216.3800048828125,14.380000114440918,15.359999656677246,24.204519899137438,-624.3642428135189,-65.48973168609581,-274.86776003757797,333.62026714178364,-400.8101739569836,-273.646267057706,396.67305807776853,-399.8309941010952,-273.646158355031,396.9153712018484,-399.8308891943106,-273.64615835493464,396.91537499773875
2016-11-10,217.3000030517578,216.9199981689453,14.739999771118164,14.119999885559082,24.877372606000705,67.28527068632673,-55.86198536908491,145.10360228147292,-96.50094237104067,38.510716053788286,145.80299438458613,-43.17002206166942,39.06183318553429,145.80301383535752,-43.02174709029958,39.061851935336534,145.8030138353603,-43.02174638933034
2016-11-11,216.0800018310547,216.4199981689453,14.170000076293944,12.84000015258789,23.821382777971635,-105.59898280290696,-66.66925888332928,94.8838151670149,-35.94578111620381,-33.251054424418065,95.11130789626459,28.119830123051837,-33.09927234329823,95.11130842741656,28.195540771181694,-33.099271854618735,95.11130842741656,28.19554081365412
2016-11-14,217.02999877929688,216.58999633789065,14.479999542236328,12.510000228881836,24.229476624696133,40.80938467244977,-26.595754309054985,92.76387119032677,-73.95120435277411,44.786147583488294,92.93950128059302,-49.969234835567214,44.89620388175843,92.9395015000164,-49.903661043571134,44.89620407879797,92.9395015000164,-49.90366102118726
2016-11-15,217.0399932861328,218.27999877929688,13.369999885559082,10.640000343322754,23.08560199723064,-114.38746274654932,-57.04370858176537,-14.420837814386253,63.528928954726176,-123.23638142966021,-14.397737694048748,117.90076398852037,-123.22076654195993,-14.39773769376311,117.90824922115765,-123.22076654168727,-14.39773769376311,117.9082492211706
2016-11-16,217.55999755859375,217.8699951171875,13.720000267028809,9.520000457763672,23.422884893600994,33.7282896370354,-64.52641550474826,93.57168286576372,-36.99738946877702,-30.20775883408524,93.57827831976434,24.85563672632425,-30.207132851315887,93.57827831976485,24.861606197555442,-30.207132851315798,93.57827831976485,24.861606197555886
2016-11-17,218.0500030517578,218.9900054931641,13.350000381469728,9.380000114440918,23.24401353609821,-17.88713575027856,-49.9487178935021,1.3988421797463313,40.59459532644289,-93.22017543215352,1.4022793541960588,87.86489504484106,-93.21767886348039,1.4022793541965028,87.8658356506177,-93.21767886347995,1.4022793541965028,87.8658356506177
2016-11-18,219.07000732421875,218.5,12.850000381469728,8.630000114440918,22.297351719260803,-94.66618168374055,4.874959949405769,42.767903526157916,-55.60075591050258,57.79700243359345,42.76872865298136,-63.154894868532296,57.79764778816048,42.76872865298136,-63.15471509627593,57.79764778816048,42.76872865298136,-63.15471509627593
2016-11-21,219.1699981689453,220.1499938964844,12.420000076293944,10.0,22.237012226174784,-6.033949308601905,-48.09582513124371,-6.294723474984362,46.44455489452566,-97.20919641299882,-6.281999624919708,91.86320270133528,-97.19865401934885,-6.281999624880916,91.8653841577499,-97.1986540193104,-6.281999624880916,91.86538415775026
2016-11-22,220.5099945068359,220.5800018310547,12.40999984741211,10.199999809265137,22.37369125701212,13.667903083733535,-42.85021511315315,74.31315784932032,-39.39693398983366,-6.13022504597078,74.33788415741803,0.7962337923654217,-6.127810187797708,74.33788415747918,0.818545242290083,-6.1278101877922015,74.33788415747918,0.8185452423456829
2016-11-23,219.97999572753903,220.6999969482422,12.43000030517578,10.0600004196167,22.41875123784095,4.505998082883167,-57.54054656978422,38.620706063478536,10.972885204859109,-71.1856354095791,38.632468323796324,65.83868010815877,-71.17848026363733,38.6324683238225,65.84328722253473,-71.1784802636129,38.6324683238225,65.8432872225365
2016-11-25,221.1000061035156,221.52000427246097,12.34000015258789,10.43000030517578,22.59570339384142,17.695215600046765,-54.099417373743215,61.74867316162334,-15.5839316592264,-41.17699191651456,61.77271485204164,35.842316045507495,-41.15913933763873,61.77271485238085,35.84850515704996,-41.15913933730841,61.77271485238085,35.848505157058845
2016-11-28,221.16000366210935,220.47999572753903,13.149999618530272,12.859999656677246,23.144069978133402,54.83665842919834,-12.6215482374983,88.82492731401113,-83.85291321618206,68.77586931319931,89.1341107361066,-73.82540198828204,68.99973234715623,89.1341122006931,-73.74008160014347,68.99973373030528,89.13411220069312,-73.74008151870603
2016-11-29,220.52000427246097,220.91000366210935,12.899999618530272,12.640000343322754,22.943129839933064,-20.09401382003375,-87.80430892056305,132.817174074176,-52.67932437338223,-37.750037770336256,133.10943241617278,32.68357902964983,-37.6957326007177,133.1094328952556,32.921532202028004,-37.69573250974256,133.1094328952556,32.921532590135776
2016-11-30,221.6300048828125,220.3800048828125,13.329999923706056,13.229999542236328,23.27977468055478,33.664484062171596,68.25481425380511,-15.130041248404977,-60.65363673712583,126.34779041105764,-14.700187418362185,-131.27665199985864,126.46648721096454,-14.700185275437546,-130.96549496972278,126.46648795278341,-14.700185275437525,-130.96549356861698
2016-12-01,220.72999572753903,219.57000732421875,14.06999969482422,13.960000038146973,23.970434532111412,69.06598515566316,51.3433323031373,9.850840559869846,-68.51190087472247,117.40919012196044,10.491830109919345,-122.12690889254577,117.64250121831246,10.491839351049363,-121.7192304388478,117.64250583081049,10.491839351049828,-121.71922581021583
2016-12-02,219.6699981689453,219.67999267578125,14.119999885559082,13.640000343322754,24.043975942162604,7.354141005119175,-60.99610197503751,117.42315750759217,-63.87356420912111,0.3579288362199917,117.93536639279681,-5.204433438311648,0.5177518200747655,117.93537046727165,-4.852047536961665,0.517753495383102,117.93537046727172,-4.8520451377952
2016-12-05,220.6499938964844,221.0,12.140000343322754,11.40999984741211,21.733549925550307,-231.0426016612297,-82.85728407764861,126.43268836647019,-51.45141139935412,-34.06564611743416,126.51539881770361,28.78963901449516,-34.04606078075043,126.51539882529724,28.852764129044917,-34.04606077821672,126.51539882529724,28.85276413410478
2016-12-06,221.22000122070312,221.6999969482422,11.789999961853027,10.84000015258789,21.563386124136905,-17.016380141340193,-50.9968756508574,49.52754514652733,-6.441602512811803,-47.19490002258857,49.57532969114962,41.883967008702584,-47.15516812628648,49.575329694405546,41.89201965702283,-47.1551681230679,49.575329694405546,41.89201965706013
2016-12-07,221.52000427246097,224.6000061035156,12.220000267028809,11.789999961853027,23.566814472079557,200.3428347942652,-92.74947171073322,-126.58490059286517,211.52461489434512,-306.9296069217378,-126.43594044035363,301.7198495573308,-306.9057684951693,-126.43594039550729,301.8449712832739,-306.9057684879747,-126.43594039550729,301.8449713209256
2016-12-08,224.57000732421875,225.1499938964844,12.640000343322754,12.920000076293944,24.348467230622695,78.16527585431388,-96.43315020673093,131.32854757274848,-42.44490010654645,-56.57281553706801,131.73776239398617,51.62331445899129,-56.47802342350953,131.7377640564384,51.937737166670566,-56.478022991497156,131.7377640564384,51.9377383971104
2016-12-09,225.41000366210935,226.5099945068359,11.75,11.100000381469728,24.03611824578895,-31.234898483374707,-45.691925835095425,-23.073990947522848,60.91524471248222,-109.18769878823788,-22.965945455895298,103.93702675585946,-109.08886824814142,-22.9659454181377,103.94624170739054,-109.08886821051047,-22.9659454181377,103.94624170751719
2016-12-12,226.3999938964844,226.25,12.640000343322754,12.25,24.814830379202135,77.87121334131868,-52.599920244208874,115.67327456361205,-70.72341405913926,15.714191819959458,115.9819323856385,-20.764250252601645,15.98424859298884,115.98193369273238,-20.7256492036046,15.984249887203175,115.98193369273238,-20.725649190725036
2016-12-13,227.02000427246097,227.7599945068359,12.720000267028809,12.25,25.75631984285156,94.14894636494253,-69.61764257212117,61.0060101497369,0.879739404613813,-73.03801671829959,61.23283469373029,67.90612418392524,-72.89929273921081,61.23283517712641,67.99422474882986,-72.89929231604353,61.23283517712641,67.99422480905875
2016-12-14,227.41000366210935,225.8800048828125,13.1899995803833,12.84000015258789,25.198315277987973,-55.80045648635874,56.30449963208031,35.8130576409055,-99.57291738829134,153.63107289823466,36.31641508736383,-158.48642665392836,154.0640874669309,36.316421446975646,-158.4160837761661,154.06409373649294,36.316421446975845,-158.41608368611625
2016-12-15,226.16000366210935,226.80999755859375,12.789999961853027,11.850000381469728,25.203140642718267,0.4825364730294268,-60.575279275186155,51.78374609018797,0.9986397500784583,-64.1299792114536,51.94957021703728,58.937085973503294,-64.00668062497986,51.94957041400661,58.97961151387879,-64.00668043623476,51.94957041400661,58.97961152210305
2016-12-16,226.0099945068359,225.0399932861328,12.199999809265137,10.670000076293944,23.46104578087487,-174.20948618433982,35.019655241451524,22.60905436794529,-65.54627581176372,97.91244993003819,22.650205727346176,-103.23001613059326,97.93832758760334,22.650205729157925,-103.2147424287576,97.93832758927293,22.650205729157925,-103.21474242861541
2016-12-19,225.25,225.52999877929688,11.710000038146973,9.949999809265137,23.057499070705617,-40.35467101692518,-45.82762669945792,59.25742880378024,-21.36814301417733,-27.120966416424096,59.27780545569279,21.782625506738086,-27.103090366682924,59.27780545586179,21.78512610890946,-27.103090366514703,59.27780545586179,21.78512610891026
2016-12-20,226.1499938964844,226.3999938964844,11.449999809265137,9.850000381469728,23.251633991676485,19.41349209708676,-49.828728137590005,70.28238499432369,-28.396736732183147,-24.098779267824465,70.29802268063888,18.755699392452808,-24.086208349362103,70.29802268071668,18.75876616030563,-24.086208349285275,70.29802268071668,18.758766160306607
2016-12-21,226.25,225.77000427246097,11.270000457763672,9.329999923706056,22.633136041950706,-61.849794972577854,-19.62226670128182,82.86735683517296,-71.19534749152498,48.90132932631051,82.87581703930327,-54.25158668393657,48.90893664326163,82.87581703931116,-54.25073379675729,48.90893664326945,82.87581703931116,-54.25073379675729
2016-12-22,225.6000061035156,225.3800048828125,11.43000030517578,9.34000015258789,22.54466288092057,-8.847316103013725,-13.847091942169973,45.34219836173514,-39.44597517258821,22.920512787854697,45.35004717047981,-28.271381540876583,22.921501126171574,45.35004717048101,-28.264521070448744,22.92150112617175,45.35004717048101,-28.264521070447767
2016-12-23,225.42999267578125,225.7100067138672,11.4399995803833,8.979999542236328,22.717647466931453,17.298458601088385,-33.57399628453861,34.752627264805945,-9.13019674298756,-27.116197204742075,34.75977906384635,21.764631442024008,-27.109236087055265,34.75977906384846,21.76482212337756,-27.109236087053134,34.75977906384846,21.76482212337756
2016-12-27,226.02000427246097,226.27000427246097,11.989999771118164,10.220000267028809,23.52727139832968,80.96239313982281,-57.95592336710869,86.54922397306247,-36.52919566419526,-24.09123908237458,86.57204647658544,18.755344024391785,-24.076391680970065,86.57204647684401,18.763319126510126,-24.076391680726704,86.57204647684401,18.763319126525403
2016-12-28,226.57000732421875,224.3999938964844,12.949999809265137,11.220000267028809,23.580280662871495,5.300926454181365,171.9283413733537,-130.9768773730168,-48.80740598897797,218.0748973966288,-130.87410179989124,-223.3308393717202,218.09340620100173,-130.87410178634153,-223.24657260296752,218.09340620374113,-130.87410178634153,-223.24657259215724
2016-12-29,224.47999572753903,224.3500061035156,13.369999885559082,11.640000343322754,24.0337606816937,45.3480018822205,-45.66182746151777,99.78483833242582,-61.88931690704786,13.72602295456529,99.97724985804815,-18.89232875448956,13.903915243766798,99.97725009426367,-18.877809518068766,13.903915479268106,99.97725009426367,-18.87780951735458
2016-12-30,224.72999572753903,223.52999877929688,14.039999961853027,12.68000030517578,24.438715825010632,40.49551433169327,60.745488115286044,-5.386448537573882,-63.01413908392342,121.18488103998268,-5.082830482019826,-126.23997976102768,121.28949326231105,-5.0828296968536275,-126.04097392780204,121.2894936481506,-5.0828296968536275,-126.04097352847533
2017-01-03,225.0399932861328,225.2400054931641,12.850000381469728,11.989999771118164,23.67495744918685,-76.37583758237838,-66.63932624267278,108.96461191227385,-50.11936438846407,-19.094529659228442,109.1292507551757,13.900451117604165,-18.989738700716273,109.12925093241446,13.960299001993873,-18.989738540824796,109.12925093241446,13.960299019341152
2017-01-04,225.6199951171875,226.5800018310547,11.850000381469728,10.68000030517578,23.27036339753169,-40.45940516551596,-81.95620551191257,63.651231881966886,10.396329166048071,-95.02213686210459,63.701304979836145,89.7134923993855,-95.01238026624412,63.70130498101465,89.75380890139427,-95.0123802659424,63.70130498101465,89.75380890227107
2017-01-05,226.27000427246097,226.3999938964844,11.670000076293944,9.949999809265137,22.92989901973661,-34.046437779507954,-45.23349451865626,73.08393331802925,-35.78659939165212,-12.106238018063673,73.10649028751482,6.770077426014323,-12.086222128239685,73.10649028774455,6.772618505675856,-12.08622212801089,73.10649028774455,6.772618505676833
2017-01-06,226.52999877929688,227.2100067138672,11.31999969482422,9.1899995803833,23.03278244160183,10.288342186522215,-79.56785412280506,86.79977174881846,-15.182910092655108,-67.06368045717588,86.80749684394463,61.712687990535095,-67.06305810331524,86.80749684394547,61.719790731800536,-67.06305810331516,86.80749684394547,61.71979073180133
2017-01-09,226.91000366210935,226.4600067138672,11.5600004196167,9.4399995803833,22.706151926519155,-32.66305150826767,-5.252371694205602,51.15527478203787,-53.85475755363675,45.926508030742205,51.16213787800128,-51.2783624965434,45.92998898293492,51.16213787800452,-51.27498035277276,45.929988982937765,51.16213787800452,-51.27498035277231
2017-01-10,226.47999572753903,226.4600067138672,11.489999771118164,8.880000114440918,22.596446008527096,-10.97059179920592,-31.507782305428766,60.63581806787328,-37.07926069194259,2.89947589090376,60.643310700139885,-8.250700820399912,2.906832176177223,60.64331070014182,-8.25056447340675,2.906832176179177,60.64331070014182,-8.25056447340675
2017-01-11,226.36000061035156,227.1000061035156,11.260000228881836,8.880000114440918,22.726658211447678,13.021220292058189,-35.8073193595015,-6.761991989436542,34.615830782787846,-73.09748599492104,-6.756754993818845,67.7440054287718,-73.09246306666843,-6.756754993817912,67.74421949613688,-73.09246306666745,-6.756754993817912,67.74421949613688
2017-01-12,226.5,226.52999877929688,11.539999961853027,9.31999969482422,22.62123094351825,-10.542726792942858,-33.12827508242402,58.870428532791166,-33.684904765566266,-2.107118653698168,58.88639477935842,-3.235632661471508,-2.091508209657198,58.886394779387864,-3.235276858945222,-2.0915082096277104,58.886394779387864,-3.235276858945222
2017-01-13,226.72999572753903,227.0500030517578,11.229999542236328,8.989999771118164,22.59432655340744,-2.6904390110807697,-66.47142222374562,96.5934583804729,-38.07727592731107,-31.072690550070025,96.59693617165553,25.717450779486374,-31.071876022823307,96.59693617165564,25.72011404342225,-31.07187602282322,96.59693617165564,25.72011404342234
2017-01-17,226.30999755859375,226.25,11.869999885559082,10.850000381469728,22.619542705393428,2.521615198598681,-48.566277353595154,98.72318300774506,-58.04201955114252,6.860942885531676,98.79678667251757,-12.146056770251265,6.925502354319926,98.79678668479065,-12.137012574266956,6.925502366511951,98.79678668479065,-12.137012574185954
2017-01-18,226.5399932861328,226.75,12.479999542236328,11.289999961853027,23.537253611228465,91.77109058350368,-65.23261124183365,105.3784145275036,-47.98960126714855,-19.90360213666673,105.49333410779286,14.659804173982918,-19.884835533395883,105.4933341265876,14.755957151001267,-19.88483553023379,105.4933341265876,14.755957166634007
2017-01-19,226.83999633789065,225.91000366210935,12.779999732971191,11.5,23.34431469913779,-19.293891209067482,34.48375130359247,19.815672744202907,-62.14858266676322,94.00021023283836,19.925231687001578,-99.24936881951521,94.0474452661533,19.925231719292547,-99.18704491003149,94.04744528839018,19.925231719292547,-99.1870448999774
2017-01-20,226.6999969482422,226.7400054931641,11.539999961853027,9.720000267028809,22.465026767715862,-87.92879314219277,-46.26552201574079,84.2010482083607,-45.881382835411365,-3.0605241666659766,84.21390912733621,-2.2853324761140414,-3.057550372126292,84.2139091273477,-2.2754453516781603,-3.0575503721217623,84.2139091273477,-2.2754453516712325
2017-01-23,226.7400054931641,226.1499938964844,11.770000457763672,10.920000076293944,22.232471537336693,-23.25552303791696,8.312116904706171,38.12814215466223,-54.337598779383555,59.989628984765076,38.189519996412045,-65.28696870135155,60.00890106462078,38.189519999840705,-65.24486293945745,60.008901066346155,38.189519999840705,-65.24486293775419
2017-01-24,226.3999938964844,227.6000061035156,11.06999969482422,10.079999923706056,22.41321158202758,18.074004469088578,-40.79675859986509,-42.80615003833763,75.67956488909616,-119.12246544327633,-42.77077622567904,113.79912169495412,-119.08924861670977,-42.77077622489467,113.80127868104617,-119.0892486159264,-42.77077622489467,113.80127868104715
2017-01-25,228.6999969482422,229.57000732421875,10.8100004196167,10.0600004196167,23.51023435329767,109.70227712700904,-74.63216850987068,57.9876461377149,8.709906485427846,-86.0154655480801,58.01174781275569,80.68084966146313,-86.00949732003677,58.011747812866666,80.69898310846061,-86.00949731999236,58.011747812866666,80.69898310852713
2017-01-26,229.3999938964844,229.3300018310547,10.630000114440918,9.710000038146973,23.151209759139785,-35.90245941578836,-39.47232704802037,81.59961391710762,-50.060219716729584,7.932912754495527,81.62539863123217,-13.265845601885593,7.957291621165366,81.62539863148444,-13.264439754430876,7.957291621417342,81.62539863148444,-13.26443975443061
2017-01-27,229.4199981689453,228.97000122070312,10.579999923706056,9.359999656677246,22.816170316230526,-33.50394429092596,-33.81778249729248,108.29738687459852,-82.42188383078572,45.94051802052615,108.31382498288241,-51.282797473959654,45.956293488443016,108.3138249829286,-51.28213483359263,45.9562934884892,108.3138249829286,-51.28213483359263
2017-01-30,228.1699981689453,227.5500030517578,11.880000114440918,11.65999984741211,22.95306123064819,13.689091441766266,-14.629654793618238,86.91650876647672,-80.0911863211252,62.898550473095646,87.07089397997275,-68.10288266549388,63.01492819368659,87.0708941358412,-68.06487517258884,63.014928343676566,87.0708941358412,-68.06487516671035
2017-01-31,226.97999572753903,227.52999877929688,11.989999771118164,11.770000457763672,23.01262949718935,5.956826654116298,-68.89622363296175,78.53485139394468,-17.45334706825805,-54.03887121207085,78.6788496484328,48.8241520101538,-53.95550709346468,78.6788497537909,48.88478614603577,-53.9555070030165,78.6788497537909,48.88478616094563
2017-02-01,227.52999877929688,227.6199951171875,11.8100004196167,12.039999961853027,22.85447136518475,-15.815813200460127,-57.04606369580383,101.30208913905636,-51.971835407856595,-7.7087942922579895,101.54499673621817,2.5929845865602785,-7.664001726310696,101.54499699512448,2.7910996177747527,-7.664001678027896,101.54499699512448,2.7910998283982713
2017-02-02,227.6199951171875,227.77000427246097,11.93000030517578,11.15999984741211,23.03095028786887,17.64789226841188,-62.07458188636263,105.01225256602159,-50.80097046659413,-13.932397228215107,105.10767034085451,8.669097453031485,-13.911824264305947,105.10767035260605,8.743942263955232,-13.911824261083636,105.10767035260605,8.743942272484498
2017-02-03,228.82000732421875,229.33999633789065,10.970000267028809,9.1899995803833,23.17471245961977,14.376217175090034,-63.02871642146697,69.74250294589382,-14.667248167368749,-51.038899312736525,69.74775886472052,45.68543766979551,-51.036971590492385,69.74775886472136,45.68876586637803,-51.03697159049177,69.74775886472136,45.68876586637829
2017-02-06,228.8699951171875,228.92999267578125,11.369999885559082,10.170000076293944,23.130538887927983,-4.417357169178615,-58.960851722950935,107.62710434872248,-56.60029854496804,-5.028718766805371,107.65177599129291,-0.3053271521666212,-5.017525574795664,107.65177599151733,-0.29184870160598786,-5.017525574621137,107.65177599151733,-0.29184870155607223
2017-02-07,229.3800048828125,228.94000244140625,11.289999961853027,9.470000267028809,23.03096754747478,-9.95713404532026,-32.91066557526154,105.48378043149883,-80.51434525930452,44.940863637741636,105.50126759019396,-50.28209404074142,44.957406372322396,105.50126759026134,-50.281149616627125,44.95740637238972,105.50126759026134,-50.28114961662704
2017-02-08,228.94000244140625,229.2400054931641,11.449999809265137,9.600000381469728,23.343739083199956,31.27715357251759,-59.0969226024858,83.87774310603251,-32.729133682643784,-29.041416532271057,83.88814748870206,23.693103353189017,-29.035685363821017,83.88814748871701,23.697776567408436,-29.035685363807605,83.88814748871701,23.697776567410035
2017-02-09,229.2400054931641,230.6000061035156,10.880000114440918,8.850000381469727,23.81413169437392,47.039261117396336,-41.00335066622842,-58.32020598566492,91.36922996240119,-135.04795603389994,-58.315815113392695,129.69362934440863,-135.043972658291,-58.3158151133919,129.6940368410719,-135.04397265829022,-58.3158151133919,129.6940368410719
2017-02-10,231.0,231.5099945068359,10.850000381469728,9.020000457763672,24.444633186948703,63.05014925747834,-53.222684705952105,51.15540014330442,-5.886958500532044,-50.01218493736055,51.15987464189124,44.657941874181866,-50.00928488841627,51.15987464189222,44.65951632382434,-50.009284888415294,51.15987464189222,44.65951632382434
2017-02-13,232.0800018310547,232.77000427246097,11.06999969482422,9.31999969482422,25.475591778274353,103.09585913256498,-51.377451202080174,29.478469335483773,13.949286703976396,-67.99940018777485,29.48749173462828,62.6497050251668,-67.99270368861123,29.487491734640138,62.65203092514759,-67.99270368859959,29.487491734640138,62.65203092514786
2017-02-14,232.55999755859375,233.6999969482422,10.739999771118164,8.9399995803833,25.963650454681733,48.80586764073804,-77.56480728613796,36.88745122428339,32.72565551089837,-112.96915231718582,36.89446823508897,107.6174517662303,-112.96848305645304,36.89446823508964,107.62379951630308,-112.96848305645294,36.89446823508964,107.6237995163037
2017-02-15,233.4499969482422,234.9199981689453,11.970000267028809,10.260000228881836,27.716574655045953,175.29242003642196,-41.56423466600503,-68.18615813513605,101.86241749137109,-146.03947749511772,-68.11541588313737,140.7515021930295,-145.97294405198556,-68.11541587545557,140.75571100189606,-145.97294404431534,-68.11541587545557,140.7557110019076
2017-02-16,234.9499969482422,234.72000122070312,11.760000228881836,10.020000457763672,27.380469036438697,-33.610561860725596,-34.456189255082336,87.70532132837315,-61.17894359409244,24.05951885767237,87.73422736933253,-29.389330377993627,24.07564215715652,87.73422736981294,-29.376547636518357,24.07564215757654,87.73422736981294,-29.37654763645796
2017-02-17,233.9499969482422,235.08999633789065,11.489999771118164,9.029999732971191,27.464172820809555,8.37037843708579,-56.412614839364146,-5.415464889535945,53.87484871911965,-112.96370017863799,-5.40997833754979,107.61046916885934,-112.96057801791203,-5.409978337548102,107.61283356011944,-112.96057801791044,-5.409978337548102,107.61283356011963
2017-02-21,235.52000427246097,236.4900054931641,11.56999969482422,10.220000267028809,28.52324698839139,105.90741675818336,-87.80801820154524,74.54777919500651,5.359671944337732,-95.83964804200093,74.60592969456665,90.5390809813535,-95.83224715861559,74.60592969612028,90.58983059752838,-95.83224715843787,74.60592969612028,90.58983059890426
2017-02-22,236.02000427246097,236.27999877929688,11.739999771118164,10.390000343322754,28.41800331903138,-10.524366936000717,-61.431157478102286,92.67348082693644,-39.14945996452091,-24.928270499987203,92.72506177301037,19.621133888093635,-24.89548470583218,92.72506177680347,19.63992904001246,-24.895484702353365,92.72506177680347,19.639929040326788
2017-02-23,236.8800048828125,236.44000244140625,11.710000038146973,10.149999618530272,28.49755281303214,7.954949400075861,-11.280488332285119,62.40764785002779,-59.04725808360214,45.10549061927207,62.446266845937366,-50.425589184081886,45.12357026786879,62.446266846987065,-50.40504983676899,45.12357026867784,62.446266846987065,-50.405049836528384
2017-02-24,235.4600067138672,236.7400054931641,11.470000267028809,9.40999984741211,28.574444081699454,7.6891268667313994,-36.93643938368736,-58.37928098340917,87.38464758530701,-126.97385542475949,-58.35163620343637,121.6427826432258,-126.94726509964022,-58.35163620318051,121.64383709807936,-126.94726509938451,-58.35163620318051,121.64383709807944
2017-02-27,236.63999938964844,237.11000061035156,12.09000015258789,10.829999923706056,29.137808458498437,56.33643767989831,-84.36903486765256,117.75413573332925,-41.24046671599182,-45.78373798981128,117.8574874447786,40.52837215597227,-45.75954905863562,117.85748746125469,40.60753493624592,-45.759549053712,117.85748746125469,40.607534947798364
2017-02-28,236.6699981689453,236.47000122070312,12.920000076293944,11.890000343322754,29.11521509991653,-2.2593358581907808,-35.62570055517258,87.5648771616526,-59.61959322735295,21.39553681732742,87.84317810254642,-26.475952907016985,21.476539412083785,87.84317863372982,-26.2786545608795,21.476539611991875,87.84317863372982,-26.278654229604225
2017-03-01,238.38999938964844,239.77999877929688,12.539999961853027,10.56999969482422,31.549229540457972,243.4014440541443,-46.82450459566925,-49.60177762929467,88.5804351665916,-137.98224361034653,-49.488907125907076,132.73639659623962,-137.88018867775983,-49.48890708164166,132.74721216704054,-137.88018863370104,-49.48890708164166,132.7472121672471
2017-03-02,239.55999755859375,238.27000427246097,11.8100004196167,9.600000381469728,29.84929882071445,-169.99307197435235,90.22487088432534,-55.52541593402855,-42.62799266008488,130.1775163274917,-55.495236082053424,-135.50605403711975,130.1815278913156,-55.49523608189342,-135.47988574896854,130.1815278913369,-55.49523608189342,-135.4798857488298
2017-03-03,238.1699981689453,238.4199981689453,10.960000038146973,8.5600004196167,29.536785615787032,-31.25132049274164,-44.171924995787855,59.16090504457829,-22.943665808544388,-23.904167777808393,59.164936846592674,18.549482018055198,-23.900717587488995,59.16493684659334,18.550063629750092,-23.900717587488284,59.16493684659334,18.550063629750092
2017-03-06,237.5,237.7100067138672,11.239999771118164,9.670000076293944,28.953507877788166,-58.32777379988663,-57.421891209673184,89.74872629609877,-40.25218053011657,-19.84575408547642,89.78209841417504,14.520408641974816,-19.84243871068705,89.78209841436458,14.550465385261882,-19.842438710672127,89.78209841436458,14.550465385436409
2017-03-07,237.36000061035156,237.0,11.449999809265137,10.229999542236328,28.419767231880208,-53.37406459079581,-45.808669155683134,123.37697980871161,-85.45688998514908,37.03229276603668,123.44711803835717,-42.320872088931274,37.09572348345185,123.44711804758325,-42.314164576700826,37.095723492640055,123.44711804758325,-42.314164576662996
2017-03-08,237.33999633789065,236.55999755859375,11.859999656677246,10.90999984741211,28.241486975709257,-17.828025617095022,-6.521609256532132,86.77720997970387,-88.0734997508646,78.99533936872663,86.91802851377619,-84.21323829470177,79.11814702308895,86.91802861549397,-84.19522741499172,79.11814712389081,86.91802861549397,-84.19522741407583
2017-03-09,236.6999969482422,236.86000061035156,12.300000190734863,11.779999732971191,28.708239198047504,46.6752222338247,-72.35021207205172,124.93650237093149,-60.297329557531505,-14.654871282742851,125.18418067404671,9.543832400852262,-14.577501487375352,125.1841810508079,9.714140908600013,-14.577501327907536,125.1841810508079,9.714141125893397
2017-03-10,237.97000122070312,237.69000244140625,11.65999984741211,10.670000076293944,29.0140493911498,30.581019310229607,-35.03448496644943,93.94311192927294,-66.78877089844663,29.11998145551882,94.0216855554158,-34.400125377208845,29.165035757996073,94.02168556934888,-34.366606053543265,29.16503577000078,94.02168556934888,-34.36660605161485
2017-03-13,237.6199951171875,237.80999755859375,11.350000381469728,10.779999732971191,28.867132825794478,-14.69165653553226,-66.48785791114672,110.01807265751358,-51.38371555593031,-17.760548699535782,110.12328940971955,12.507047906759164,-17.73759627530984,110.12328942650632,12.589312234739117,-17.73759627086273,110.12328942650632,12.589312247078846
2017-03-14,237.17999267578125,236.8999938964844,12.300000190734863,11.779999732971191,28.56397103445378,-30.3161791340699,-52.38329670882191,128.57607313174537,-83.88941444192801,29.021640176974707,128.83815267450615,-34.11827735328361,29.21652136076476,128.8381535172018,-34.051078994312896,29.216522162498283,128.8381535172018,-34.05107895335082
2017-03-15,237.55999755859375,238.9499969482422,11.630000114440918,10.760000228881836,29.919959993550897,135.5988959097118,-88.89242432229577,34.85907971478501,46.185674946531186,-137.73802451345063,34.97012761557363,132.49035487022195,-137.71859099172863,34.970127633324545,132.58196924928862,-137.71859098851405,34.970127633324545,132.5819692638249
2017-03-16,239.11000061035156,238.47999572753903,11.210000038146973,9.739999771118164,29.292112889543517,-62.784710400737964,-2.075713789396636,62.98682994232497,-68.8419531588668,64.10772052588126,63.01471049815482,-69.43855753129029,64.12856046316361,63.0147104986843,-69.43151691274274,64.12856046367759,63.0147104986843,-69.43151691272728
2017-03-17,237.75,237.02999877929688,11.279999732971191,9.869999885559082,28.032697352359182,-125.9415537184335,24.14611042248065,19.57973106090245,-51.654619696543435,73.13055849290897,19.60967040950743,-78.45933670578314,73.13974564753413,19.6096704097936,-78.4385845118033,73.13974564767881,19.6096704097936,-78.4385845116618
2017-03-20,237.02999877929688,236.77000427246097,11.34000015258789,10.229999542236328,27.7407692568811,-29.192809547808096,-37.2566179958451,96.33360223630493,-66.9909227490755,27.084023534631886,96.37838128945208,-32.39796204084364,27.11310109674121,96.37838129185602,-32.38226054980579,27.113101098969207,96.37838129185602,-32.38226054962985
2017-03-21,237.47000122070312,233.72999572753903,12.470000267028809,14.229999542236328,25.894759289966547,-184.6009966914554,263.0472826798639,-156.84464767677946,-112.44283078256353,374.2379667825356,-155.12612589449262,-377.8778737667784,375.66517028895646,-155.12583709925647,-377.5865554902897,375.6654504896185,-155.12583709863358,-377.5865468957155
2017-03-22,233.77000427246097,234.27999877929688,12.8100004196167,14.510000228881836,26.507629808260933,61.28705182943861,-96.27187029187178,139.23221435209254,-49.49903778338245,-48.87028143431575,140.6522381906966,44.931710190186955,-48.28842848790116,140.65236066972952,45.76988108247517,-48.28836291752349,140.65236066982825,45.76993799113047
2017-03-23,234.27999877929688,234.02999877929688,13.119999885559082,15.140000343322754,26.492719782050234,-1.4910026210699812,-75.62073426522016,172.1986646286729,-102.3838890147774,25.647813847979318,174.35142353911735,-28.853189080317353,27.211781573508876,174.3520069581039,-28.264397892171477,27.21231483870088,174.35200696133498,-28.26434773837685
2017-03-24,234.3800048828125,233.86000061035156,12.960000038146973,13.43000030517578,26.21310331994651,-27.961646210372493,-48.265692648901855,144.0342638539555,-102.80074747998447,52.61379838898079,144.9608051407894,-57.04593020560635,53.37189941451815,144.96084959909473,-56.877489944296244,53.37194255957962,144.96084959910823,-56.87748863105242
2017-03-27,231.92999267578125,233.6199951171875,12.5,12.119999885559082,25.60100526727235,-61.20980526741597,-74.76190376457261,-23.52842034047213,90.58114886413618,-167.89137622421057,-23.278878019616165,162.7822015585389,-167.76034116450074,-23.278877444379397,162.90070881968492,-167.76034071493228,-23.278877444379397,162.9007089453533
2017-03-28,233.27000427246097,235.32000732421875,11.529999732971191,10.510000228881836,26.345448793043666,74.44435257713167,-50.096587480105036,-109.09613829105149,151.30178791859936,-204.01979697424315,-109.0283585818424,198.72885913134456,-203.96185976899437,-109.02835857218386,198.73870163530486,-203.9618597594296,-109.02835857218386,198.73870163539857
2017-03-29,234.9900054931641,235.5399932861328,11.420000076293944,10.079999923706056,26.437934471195437,9.248567815177111,-60.82327452888949,62.4371324887095,-9.540652547025205,-53.94259292893333,62.469055463268084,48.61579834246077,-53.923205095185914,62.46905546400077,48.62833348327198,-53.92320509452049,62.46905546400077,48.62833348333921
2017-03-30,235.47000122070312,236.2899932861328,11.539999961853027,9.579999923706056,27.095931047925767,65.799657673033,-37.51933434819217,-11.219352536990954,40.815607970583365,-80.98008215690832,-11.183713889828992,75.65700324292725,-80.9458632141608,-11.183713889210287,75.65842294734172,-80.94586321354244,-11.183713889210287,75.65842294734207
2017-03-31,235.8999938964844,235.7400054931641,12.369999885559082,9.65999984741211,27.044615682749754,-5.131536517601276,-37.11925942967256,86.04297356773081,-56.86440588365908,17.074657665113047,86.06099938389463,-22.415349410630125,17.083527657105414,86.06099938397838,-22.406193586458677,17.083527657174514,86.06099938397838,-22.406193586444022
2017-04-03,235.8000030517578,235.3300018310547,12.380000114440918,10.15999984741211,26.608054712974127,-43.6560969775627,-4.334946520331171,51.51492647672329,-55.100596281278165,48.100393290509196,51.553027713599555,-53.42100961461143,48.11449560065435,51.55302771438348,-53.397010687880204,48.114495601141336,51.55302771438348,-53.39701068758329
2017-04-04,235.0,235.47999572753903,11.789999961853027,9.510000228881836,26.370789047722766,-23.72656652513605,-56.983429008143396,61.744982403626246,-12.70644488974668,-46.947611349043434,61.75880847112732,41.60271985482466,-46.93887979880993,61.75880847117232,41.60781437209218,-46.93887979876783,61.75880847117232,41.60781437209511
2017-04-05,236.2599945068359,234.77999877929688,12.890000343322754,11.890000343322754,26.400827566596234,3.003851887346798,62.76748947524282,18.196740751864795,-88.62522799315535,148.95036576105082,18.494460547577486,-154.01136226267795,149.18737279725602,18.494461811998143,-153.9506495031704,149.18737402434894,18.494461811998143,-153.95064946584267
2017-04-06,234.94000244140625,235.44000244140625,12.390000343322754,10.270000457763672,26.59126027733695,19.043271074071555,-64.42387920271442,74.65235232114145,-18.14675131053056,-48.93451933986406,74.69279169080276,43.616241149206196,-48.91255200687301,74.69279169224839,43.634713185876414,-48.912552005639334,74.69279169224839,43.634713186088426
2017-04-07,235.1499938964844,235.1999969482422,12.869999885559082,10.0600004196167,26.640672563247556,4.941228591060565,-53.19423992266412,97.15499739643938,-51.88324270312538,-3.9621011481828483,97.19122972885104,-1.360384079878616,-3.9338462959756826,97.19122973013972,-1.352406599674103,-3.933846294715091,97.19122973013972,-1.3524065996460366
2017-04-10,235.36000061035156,235.33999633789065,14.050000190734863,10.359999656677246,27.373235323188997,73.2562759941441,-46.066134935750135,89.85874162721599,-51.677638813672665,2.9986843315521283,89.93242706677232,-8.283716442773168,3.065223566018973,89.93242707775798,-8.276570237683798,3.0652235769582226,89.93242707775798,-8.276570237637346
2017-04-11,234.8999938964844,235.05999755859375,15.06999969482422,10.539999961853027,27.82863014475553,45.53948215665322,-68.0362804776289,115.90143021900076,-55.76714111870455,-14.9204760849692,115.95815640343284,9.618484711704392,-14.892454030979716,115.95815640750081,9.647188842147061,-14.892454027760069,115.95815640750081,9.64718884299536
2017-04-12,234.7400054931641,234.02999877929688,15.770000457763672,10.90999984741211,27.582588853483458,-24.60412912720713,18.30867371573264,30.31319388959031,-56.48758753668812,72.14696950310085,30.40619151998896,-77.41268942002765,72.1770365273123,30.406191534427386,-77.34975881384038,72.17703653439835,30.406191534427386,-77.34975880648804
2017-04-13,233.63999938964844,232.5099945068359,15.960000038146973,12.75,26.66897341037624,-91.36154431072185,54.86477413477322,-0.0576446232053196,-62.270641781888195,114.59842815535185,0.4375606682404576,-119.46193690872927,114.74079689118122,0.43756418518330564,-119.10910035311285,114.74079812438347,0.43756418518332785,-119.10909806937228
2017-04-17,233.11000061035156,234.57000732421875,14.65999984741211,13.4399995803833,26.90549068836679,23.651727799055067,-73.75085497479824,-2.487886588946051,69.02443760248616,-144.96426114397477,-1.7434729884418387,140.34997914168494,-144.47387346895556,-1.743451029473595,140.60400506717394,-144.47385404916108,-1.7434510294695316,140.6040076063478
2017-04-18,233.72000122070312,233.8699951171875,14.420000076293944,14.199999809265137,26.182558253374005,-72.2932434992785,-84.31010643059145,151.20784723748477,-73.64440163848577,-12.893920480233254,152.41990396765834,8.747330690278313,-12.442814698034985,152.41997500929588,9.508281638281948,-12.442780966957676,152.4199750093242,9.50831894884219
2017-04-19,234.52000427246097,233.44000244140625,14.93000030517578,16.200000762939453,26.195173417501607,1.261516412760244,38.928738047792486,32.28937091434274,-75.67716827383047,112.95877142842821,35.78902916440878,-114.81612522592421,113.98980447525567,35.790734678608025,-112.34750000881643,113.9903191425712,35.79073469247722,-112.34630916193265
2017-04-20,234.1499938964844,235.33999633789065,14.149999618530272,15.829999923706056,27.007685071718363,81.25116542167561,-84.75756809645125,47.43764026750139,32.14661271987456,-117.78636826929622,50.22304272019076,115.21425655796608,-115.98938964062341,50.22424611793579,116.20268039667819,-115.98837894240008,50.22424613263146,116.20287309619995
2017-04-21,235.25,234.58999633789065,14.630000114440918,17.09000015258789,26.716714354296702,-29.097071742166136,-45.799058889080534,154.79691223439616,-112.1103181528728,66.90956400162652,159.64316498860254,-67.41587051966286,70.1863379310569,159.64932327812335,-65.8463913010552,70.19160662310657,159.64932367195502,-65.84550170358271
2017-04-24,237.17999267578125,237.1699981689453,10.84000015258789,9.960000038146973,26.758710577145308,4.199622284860638,-51.75838136478481,100.31084248630192,-56.4741363151706,2.066242840011847,100.34788485441341,-7.387918032301519,2.0960895104975363,100.34788485577727,-7.38072233467568,2.0960895118388634,100.34788485577727,-7.38072233465312
2017-04-25,237.91000366210935,238.5500030517578,10.760000228881836,9.800000190734863,27.95522596296129,119.65153858159816,-63.90236255972017,59.648088404255176,-3.6793345116326237,-62.88969061832186,59.67319729892282,57.556081951490135,-62.87699440771954,59.67319729918861,57.56849463555536,-62.87699440749963,59.67319729918861,57.568494635601276
2017-04-26,238.5099945068359,238.3999938964844,10.850000381469728,9.789999961853027,27.813576923980666,-14.16490389806242,-26.694238030785765,60.32684716921193,-41.55080683880794,12.181680446606327,60.36736703059966,-17.49987814658518,12.186150865710646,60.36736703100265,-17.463828704301697,12.186150865747683,60.36736703100265,-17.463828703935768
2017-04-27,238.77000427246097,238.6000061035156,10.359999656677246,9.239999771118164,27.835268537970137,2.169161398947139,-28.26210347453355,69.37964346497444,-49.064309504433744,18.126561420610955,69.39159151274957,-23.47333093459183,18.130275592204526,69.3915915127615,-23.465097058410333,18.130275592211188,69.3915915127615,-23.465097058405004
2017-04-28,238.8999938964844,238.0800018310547,10.81999969482422,9.420000076293944,27.451487299690836,-38.37812382793011,29.614809593177306,18.619679601017005,-56.178258592033025,83.12105550727881,18.63462776494611,-88.46482490507361,83.12840161022183,18.634627764989965,-88.45722284408757,83.12840161025807,18.634627764989965,-88.45722284407992
2017-05-01,238.67999267578125,238.67999267578125,10.109999656677246,9.489999771118164,27.736211600437635,28.472430074679878,-42.8164850866602,81.50967672252493,-46.63202409808973,1.1405754590439598,81.52956182206748,-6.479407921216859,1.1449706875079868,81.52956182211958,-6.463918050138348,1.1449706875253063,81.52956182211958,-6.463918050103532
2017-05-02,238.83999633789065,238.77000427246097,10.59000015258789,10.489999771118164,27.90301105859453,16.67994581568948,-48.87442006979319,100.66982487819178,-59.68719088605161,8.16182414200595,100.73675636230533,-13.45361021361022,8.190236246728302,100.7367563683541,-13.41509083421901,8.190236250868812,100.7367563683541,-13.415090832310758
2017-05-03,238.77000427246097,238.47999572753903,10.68000030517578,10.779999732971191,27.627694921007915,-27.531613758661422,-25.32187207147125,75.63225861564968,-58.172423459556576,30.205446145647997,75.72893926203724,-35.46748304329361,30.239699676018873,75.72893927976983,-35.40505592727687,30.239699685677017,75.72893927976983,-35.40505591920245
2017-05-04,238.8300018310547,238.7599945068359,10.460000038146973,11.039999961853027,27.8034455993093,17.57506783013838,-51.62769629007429,106.25477725246157,-62.461196068415354,8.206587830786807,106.37937970819551,-13.440702888766795,8.259034647418575,106.3793797562436,-13.368547249664628,8.25903467877234,106.3793797562436,-13.368547232970338
2017-05-05,239.19000244140625,239.6999969482422,10.56999969482422,11.4399995803833,28.678157291027375,87.47116917180762,-60.51411006939109,65.85645382452905,-13.088171802307189,-49.9438930445373,66.06934333912498,44.79806542847491,-49.78248905876941,66.06934377023171,44.84955095730283,-49.78248864532049,66.06934377023171,44.84955097496071
2017-05-08,239.75,239.66000366210935,9.770000457763672,9.09000015258789,28.407204089231378,-27.095320179599724,-34.70426572767729,74.27761840181273,-47.52194647068555,10.141177476839294,74.28774216703074,-15.489771273383399,10.1440329915534,74.28774216703678,-15.482503022879454,10.14403299155642,74.28774216703678,-15.482503022876434
2017-05-09,239.9600067138672,239.44000244140625,9.960000038146973,9.3100004196167,28.20096753360489,-20.623655562648935,-2.9067893381191845,53.673866870947016,-58.71232153704364,53.133939329194284,53.68734042849852,-58.47918333337312,53.1417052403447,53.687340428535514,-58.47347568697201,53.141705240378,53.687340428535514,-58.473475686968364
2017-05-10,239.38999938964844,239.8699951171875,10.210000038146973,9.43000030517578,28.625860994994802,42.48934613899138,-40.51187832838921,28.83617209842229,3.7470289492572717,-46.91007485562901,28.86621237947713,41.58139757535613,-46.88188365272927,28.866212379913826,41.58324665351116,-46.881883652293176,28.866212379913826,41.583246653511786
2017-05-11,239.3500061035156,239.3800048828125,10.600000381469728,10.350000381469728,28.209966633493664,-41.58943615011381,-47.38486624443079,87.55469469568855,-48.04143114644621,-1.9450097267156274,87.6418095622672,-3.3265929488000645,-1.8672255746697375,87.64180958193995,-3.317262234267313,-1.8672255551063643,87.64180958193995,-3.3172622341578895
2017-05-12,239.08999633789065,238.97999572753903,10.399999618530272,9.399999618530272,27.76362006298043,-44.6346570513235,-50.96976555437103,108.77493151951145,-65.74751565050747,12.110490419737088,108.79129939591087,-17.45284010501653,12.122589524218144,108.79129939599855,-17.448571333098094,12.12258952430332,108.79129939599855,-17.448571333095607
2017-05-15,239.47000122070312,240.3000030517578,10.420000076293944,9.15999984741211,28.93124653201204,116.76264690316103,-36.035151772841736,-15.116675664467502,43.217923749902965,-81.90846683062409,-15.091861790105108,76.5745631433818,-81.88449935761818,-15.091861789941083,76.57540954473835,-81.88449935745422,-15.091861789941083,76.57540954473843
2017-05-16,240.63999938964844,240.0800018310547,10.649999618530272,8.960000038146973,28.73490761455542,-19.633891745661813,17.51592948003562,16.85835775562241,-42.322714593942415,57.16098165082115,16.868647959101523,-62.50940900910155,57.16267800854504,16.868647959105566,-62.50081516334627,57.16267800854593,16.868647959105566,-62.500815163343155
2017-05-17,240.0800018310547,235.82000732421875,15.59000015258789,20.170000076293945,27.007937764549368,-172.69698500060537,310.5959426097775,-190.10017936819372,-115.53377036059162,430.84841850206186,-177.17946892543517,-423.1959793545157,438.2194272622144,-177.0890226588812,-417.64620121081583,438.2828096525299,-177.08894619778738,-417.61913732520156
2017-05-18,235.72999572753903,236.77000427246097,14.65999984741211,16.670000076293945,27.180269548025528,17.23317834761602,-108.73554266789266,114.80890662854789,-9.966925301894156,-99.7854906668887,118.87406284907159,98.49492346401883,-98.12452622722071,118.87705698744067,100.89911530912994,-98.12305314269062,118.87705705169607,100.90063636296901
2017-05-19,237.3300018310547,238.30999755859375,12.039999961853027,10.979999542236328,27.35339763230515,17.312808427962167,-51.332421460998056,0.3999309421367303,43.12248119563484,-97.00567331810241,0.5486391806750501,91.79566411849213,-96.87708519996241,0.5486393042911231,91.81578423889033,-96.87708507761813,0.5486393042911231,91.8157842401622
2017-05-22,238.8999938964844,239.52000427246097,10.93000030517578,9.390000343322754,28.08608518217731,73.26875498721606,-62.20576045236774,58.259850795870726,-3.998564860640139,-60.87955592023315,58.27409384049756,55.53508140313317,-60.872557467862016,58.274093840534725,55.542325995388865,-60.8725574678312,58.274093840534725,55.54232599539526
2017-05-23,239.9499969482422,240.0500030517578,10.720000267028809,9.31999969482422,28.51793687893438,43.1851696757068,-59.46758784442043,104.79531711379343,-53.27280247322703,-8.866472847628001,104.80896147170614,3.5213996438114648,-8.858801543180325,104.80896147174369,3.527372697276545,-8.858801543146841,104.80896147174369,3.5273726972806307
2017-05-24,240.32000732421875,240.61000061035156,10.020000457763672,8.5600004196167,28.923651541075806,40.57146621414276,-38.39583200499208,43.63772030805699,-13.193868804331041,-27.87498943386073,43.64445736855753,22.52300893259729,-27.868656886176367,43.644457368560175,22.52341344541342,-27.868656886173703,43.644457368560175,22.52341344541342
2017-05-25,241.1999969482422,241.7599945068359,9.989999771118164,8.119999885559082,30.00934568790979,108.56941468339834,-40.877627542612615,21.620627607399868,11.300449480752553,-54.855498649967615,21.62279471470283,49.49894819550751,-54.85356149568113,21.6227947147029,49.49917814852396,-54.853561495681035,21.6227947147029,49.49917814852396
2017-05-26,241.5399932861328,241.7100067138672,9.8100004196167,7.599999904632568,29.917438602428003,-9.190708548178605,-43.96141209761996,66.80618055308575,-30.802613604422223,-15.83811588905901,66.80705296588874,10.480270740102585,-15.83807450403871,66.80705296588874,10.481101767885262,-15.83807450403871,66.80705296588874,10.481101767885262
2017-05-30,241.33999633789065,241.5,10.380000114440918,9.039999961853027,29.665433142077035,-25.20054603509685,-40.61534618121201,61.084504375479035,-28.410982193175393,-14.868003233600222,61.10139793832925,9.52617923475774,-14.852283698280575,61.10139793839513,9.52735326228831,-14.85228369821476,61.10139793839513,9.527353262288399
2017-05-31,241.83999633789065,241.44000244140625,10.40999984741211,8.710000038146973,29.583741132867733,-8.169200920930209,-5.92475767191811,47.7387032419289,-49.76733738545962,41.16532753822051,47.74402898824104,-46.5187193536684,41.16743414377895,47.74402898824197,-46.51550021291471,41.16743414377966,47.74402898824197,-46.51550021291444
2017-06-01,241.97000122070312,243.36000061035156,9.890000343322754,8.5,31.38693862193517,180.31974890674363,-53.94423288220269,-35.227175666211984,81.21618746918882,-137.837669295687,-35.22367918367384,132.4824482164615,-137.83555945910388,-35.22367918367346,132.48383486241656,-137.8355594591035,-35.22367918367346,132.48383486241656
2017-06-02,243.4199981689453,244.1699981689453,9.75,8.470000267028809,32.152215105806896,76.52764838717268,-34.71523750507341,-9.67936927782551,36.44503010423621,-73.83077985859227,-9.67022839472362,68.4812031799347,-73.82193332699273,-9.67022839471847,68.48149753143707,-73.82193332698758,-9.67022839471847,68.48149753143707
2017-06-05,243.97000122070312,243.9900054931641,10.06999969482422,9.6899995803833,31.916938608466904,-23.527649733999212,-60.62901845168789,115.19232088948296,-62.491207170382985,-0.7992405120778678,115.22313371866593,-4.528664219899101,-0.7813109620356173,115.223133719277,-4.51578094075826,-0.7813109614942726,115.223133719277,-4.515780940688627
2017-06-06,243.33999633789065,243.2100067138672,10.449999809265137,10.390000343322754,31.15152107629008,-76.54175321768228,-49.00238693750946,106.84533872337224,-65.69353975040225,14.10702040585077,106.95346832059614,-19.35760832910278,14.202246779383179,106.9534683618837,-19.34470510541122,14.202246820360001,106.9534683618837,-19.344705105100534
2017-06-07,243.6000061035156,243.66000366210935,10.390000343322754,10.130000114440918,31.56205725516086,41.05361788707782,-50.35729359909189,90.78473633451506,-48.31679203879215,-4.706812656554257,90.85410459291337,-0.5825366431280821,-4.693764974827117,90.85410459660002,-0.526216066456906,-4.693764974043388,90.85410459660002,-0.5262160635539836
2017-06-08,243.77000427246097,243.77999877929688,10.15999984741211,9.619999885559082,31.639515535625556,7.745828046469683,-49.65360605033935,94.2708046954269,-52.54679799462665,0.22340873943898165,94.29992290765438,-5.553008088700848,0.23298431534175768,94.29992290793157,-5.533465452376182,0.2329843154922151,94.29992290793157,-5.533465452249439
2017-06-09,244.08999633789065,243.41000366210935,10.699999809265137,10.369999885559082,31.288592311255247,-35.09232243703089,-0.9973580920705083,65.92422916802835,-72.80492630675016,69.1846425640401,66.00489149900457,-74.4626977772912,69.2410756932788,66.00489151654577,-74.43846857555371,69.24107570980968,66.00489151654577,-74.4384685745434
2017-06-12,243.1300048828125,243.36000061035156,11.460000038146973,11.350000381469728,31.230430167691647,-5.81621435635995,-63.77288896409985,100.4811130754894,-44.445339206557684,-21.849903939347136,100.7027155420862,16.712789323037192,-21.69289937150982,100.70271602094428,16.77738722179656,-21.6928989238941,100.70271602094428,16.777387253038945
2017-06-13,243.97999572753903,244.5500030517578,10.420000076293944,9.350000381469728,32.286037274285654,105.56071065940067,-59.060111647739184,57.04461946174217,-5.924646138545617,-55.80367427288035,57.063198698964634,50.463535948451785,-55.79252425569738,57.06319869907863,50.47096516849121,-55.792524255593825,57.06319869907863,50.47096516850169
2017-06-14,244.86000061035156,244.2400054931641,10.640000343322754,9.90999984741211,31.96797277557996,-31.80644987056951,7.185514238560822,43.61218482322842,-58.71249472892119,63.23813188779234,43.656106717865285,-68.55292755340781,63.25761358856797,43.65610671938176,-68.52848735954657,63.25761358966505,43.65610671938176,-68.52848735912717
2017-06-15,242.67999267578125,243.77000427246097,10.899999618530272,10.140000343322754,31.498395640650006,-46.95771349299527,-79.55435802967098,46.125885452375925,25.530160036671102,-107.74862554733745,46.1862904735191,102.45031300947643,-107.73337424924485,46.18629047628209,102.49546673252706,-107.73337424827594,46.18629047628209,102.4954667343211
2017-06-16,242.77000427246097,242.63999938964844,10.380000114440918,8.329999923706055,30.327807537073326,-117.05881035766801,-27.660815473734,64.22556269918854,-44.52062432025541,14.181249345525584,64.2284031661542,-19.537126440326457,14.182048625413904,64.22840316615427,-19.53508525324905,14.182048625413904,64.22840316615427,-19.53508525324905
2017-06-19,243.58999633789065,244.66000366210935,10.369999885559082,8.520000457763672,32.24106506054023,191.32575234669034,-75.51574636048139,39.9609266852611,27.60244363969562,-105.79683649659596,39.96726821150156,100.4444604610719,-105.79612421213157,39.967268211502095,100.4500897028479,-105.79612421213149,39.967268211502095,100.45008970284835
2017-06-20,244.25,243.0099945068359,10.859999656677246,9.420000076293944,30.619413964014743,-162.1651096525486,51.83314505942691,16.23469059228171,-75.99739937251303,125.17644091929057,16.26384443323996,-130.50600463954655,125.20169618751885,16.2638444337883,-130.50210606681668,125.2016961880633,16.2638444337883,-130.50210606681276
2017-06-21,243.4600067138672,242.9499969482422,10.75,9.5600004196167,30.526602836814597,-9.281112720014661,-34.530076881856985,115.9181064837602,-89.29542405257403,52.13476648047075,115.96942959485571,-57.44216092881447,52.18354457110646,115.96942959718282,-57.43961590835467,52.18354457343117,115.96942959718282,-57.43961590835227
2017-06-22,242.9600067138672,242.83999633789065,10.479999542236328,9.229999542236328,30.37556698679767,-15.10358500169282,-43.09503035339743,94.09917401195415,-58.948587819184105,13.18241460615919,94.11344741309098,-18.52685876674187,13.190630527407412,94.11344741313562,-18.520801286853338,13.19063052744747,94.11344741313562,-18.52080128684872
2017-06-23,242.91000366210935,243.1300048828125,10.020000457763672,8.380000114440918,30.61344783000943,23.78808432117623,-56.45072430745366,86.80224867090357,-38.30737990581003,-20.82125740227021,86.80511069030761,15.465401859910235,-20.819811622012473,86.80511069030777,15.466818099056548,-20.819811622012384,86.80511069030777,15.466818099056548
2017-06-26,243.8999938964844,243.2899932861328,9.899999618530272,8.699999809265137,30.69281666572276,7.936883571332842,11.874486697923173,33.171204092988326,-52.99853306071489,62.1965360696312,33.1770793849522,-67.54937833943276,62.19941116151009,33.177079384953934,-67.54637813934787,62.1994111615116,33.177079384953934,-67.5463781393476
2017-06-27,243.0399932861328,241.3300018310547,11.0600004196167,10.5,28.807048184676837,-188.5768481045922,104.11081289231674,-41.28906830314087,-70.69440788685847,172.1815794977406,-41.20301403905926,-177.45424277471892,172.2372969953877,-41.203014018355,-177.42390600828443,172.23729701429124,-41.203014018355,-177.42390600648375
2017-06-28,242.5,243.4900054931641,10.029999732971191,8.489999771118164,30.84592739596177,203.88792112849325,-31.841550471990065,-39.44554851013849,63.3395782204177,-97.84950298058571,-39.434351710085735,92.50198221888233,-97.83851848788416,-39.434351710078296,92.5021945262335,-97.8385184878767,-39.434351710078296,92.5021945262335
2017-06-29,243.66000366210935,241.3500061035156,11.4399995803833,11.369999885559082,28.80585044394673,-204.00769520150385,176.90139797120494,-126.43758332176917,-58.18361216482632,232.47197516320045,-126.19866327539354,-237.5917723661923,232.53829876767833,-126.19866296299486,-237.41917592429456,232.53829887650292,-126.19866296299486,-237.41917572072043
2017-06-30,242.27999877929688,241.8000030517578,11.18000030517578,9.93000030517578,29.193086031889578,38.723558794284685,-28.496479548719854,100.8491120954657,-80.2567244566376,49.12827216208313,100.90373774733825,-54.43236406748799,49.17565819708904,100.90373775182505,-54.42512445062146,49.17565820154007,100.90373775182505,-54.42512445058567
2017-07-03,242.8800048828125,242.2100067138672,11.220000267028809,10.210000038146973,29.515581875926006,32.24958440364283,9.895272763902232,43.17251136744793,-60.968444621053244,68.21162120572451,43.230568439506946,-73.51228169129912,68.23888380635175,43.2305684436354,-73.48148721986735,68.23888380945505,43.2305684436354,-73.48148721884222
2017-07-05,242.6300048828125,242.77000427246097,11.06999969482422,9.649999618530272,30.002617198928355,48.7035323002349,-56.555731446030165,95.0857049562093,-46.45473270473099,-12.773904206466222,95.11966332342244,7.449145012221761,-12.76745089098281,95.11966332372984,7.476650063951487,-12.767450890909446,95.11966332372984,7.476650064185522
2017-07-06,241.88999938964844,240.5500030517578,12.539999961853027,11.529999732971191,27.95626041693042,-204.6356781997936,68.818516165663,-7.512397153961523,-69.03504698892908,135.28585813986777,-7.282607569428931,-140.41478570924752,135.3975117936537,-7.282607161581131,-140.2966497785009,135.3975120891304,-7.282607161581131,-140.2966496661298
2017-07-07,241.2100067138672,242.11000061035156,11.1899995803833,9.260000228881836,23.059235558975942,-492.30248579544775,-47.23678434940306,0.33330306678294397,38.96274894007481,-88.86359024088499,0.3512882860033062,83.52285789845187,-88.84828841140681,0.35128828611552754,83.5255412881941,-88.84828841129553,0.35128828611552754,83.52554128819499
2017-07-10,242.11000061035156,242.3699951171875,11.109999656677246,9.899999618530272,22.920694229491914,-13.854132948402764,-55.745708415154674,81.37633822146142,-33.548215632607125,-24.846533922658875,81.41746995692537,19.52894809828336,-24.81621628195747,81.4174699588502,19.539762193045874,-24.816216280101354,81.4174699588502,19.53976219311462
2017-07-11,242.3699951171875,242.19000244140625,10.890000343322754,9.369999885559082,22.444914967920113,-47.57792615718017,-41.591147931160165,97.0414541903345,-63.37792482429425,19.136331530372686,97.07255318697646,-24.463950094971864,19.165244948489214,97.07255318749722,-24.461764516446415,19.165244949008976,97.07255318749722,-24.461764516445438
2017-07-12,243.3000030517578,244.0099945068359,10.300000190734863,8.0600004196167,22.19472601138085,-25.018895653926165,-36.83871983744684,-1.425875642260952,30.30880561577714,-69.82411621111223,-1.422947944424433,64.46832634718172,-69.82134818811893,-1.4229479444242998,64.46848602202493,-69.82134818811875,-1.4229479444242998,64.46848602202493
2017-07-13,244.02000427246097,244.4199981689453,9.899999618530272,8.010000228881836,21.712571473795307,-48.21545375855436,-48.91288478281999,53.740690167522565,-12.785077839968492,-38.80616172011424,53.7421352740235,33.448889264848326,-38.8051577164932,53.74213527402352,33.44933036772824,-38.8051577164932,53.74213527402352,33.44933036772824
2017-07-14,244.4199981689453,245.55999755859375,9.510000228881836,7.550000190734863,21.64459016470414,-6.798130909116651,-29.643414747776763,-58.80052935882699,80.4867293723224,-112.80802307165986,-58.79902653134547,107.45080833737858,-112.8065432423383,-58.799026531345454,107.45083133553848,-112.8065432423383,-58.799026531345454,107.45083133553848
2017-07-17,245.47000122070312,245.52999877929688,9.81999969482422,8.390000343322754,22.004214054162894,35.96238894587529,-32.87328506356648,55.66729681773743,-30.742391884665853,-4.8001538484592405,55.67763424900998,-0.5482262820293493,-4.790055737131757,55.67763424901633,-0.5479869620842437,-4.790055737125451,55.67763424901633,-0.5479869620842437
2017-07-18,245.05999755859375,245.66000366210935,9.890000343322754,8.4399995803833,22.144553744045034,14.033968988213985,-49.850649368723786,35.63084799169414,6.265298445128467,-58.79221984841927,35.63506262156173,53.437716916518845,-58.78913310210134,35.635062621562575,53.4388448000686,-58.78913310210054,35.635062621562575,53.4388448000686
2017-07-19,246.02000427246097,246.9900054931641,9.789999961853027,7.849999904632568,22.66286238172524,51.83086376802066,-48.31194004066275,-4.430270332762252,44.78464075306341,-95.77513791819953,-4.429122391359317,90.4175682978379,-95.77433626178956,-4.429122391359305,90.41791458283093,-95.77433626178956,-4.429122391359305,90.41791458283093
2017-07-20,247.27999877929688,247.1000061035156,9.579999923706056,7.690000057220459,22.385735636124302,-27.71267456009383,-36.164651867833996,86.28891592694603,-58.08137156928004,19.238883859429713,86.2905259785403,-24.59599136959769,19.240406798296462,86.29052597854033,-24.59590425687017,19.240406798296462,86.29052597854033,-24.59590425687017
2017-07-21,246.44000244140625,246.8800048828125,9.359999656677246,7.099999904632568,21.914437437722647,-47.12981984016551,-26.749276835322288,5.443461281485353,13.347700937357379,-42.775738668051154,5.4440642267717525,37.417624051571586,-42.77514078253983,5.4440642267717525,37.41762911134668,-42.77514078253983,5.4440642267717525,37.41762911134668
2017-07-24,246.7899932861328,246.82000732421875,9.43000030517578,7.639999866485596,21.885450551554975,-2.898688616767231,-41.10839549076773,75.1783549301495,-42.02794349398318,-1.7596010331385004,75.17908843730899,-3.5983830214629564,-1.7593912886123086,75.17908843730899,-3.5978592588296032,-1.7593912886123086,75.17908843730899,-3.5978592588296032
2017-07-25,247.67999267578125,247.4199981689453,9.43000030517578,7.869999885559082,22.19123328673831,30.578273518333532,-8.995808955918625,39.97267944113741,-38.93383933817589,27.258949914056064,39.97442814994334,-32.61591876701317,27.259228226735722,39.97442814994334,-32.61444837088689,27.259228226735722,39.97442814994334,-32.61444837088689
2017-07-26,247.75,247.42999267578125,9.600000381469728,8.069999694824219,22.404906365691026,21.367307895271637,-7.174482893639686,42.33196503342063,-43.11380610091666,33.26056241330277,42.334358634051775,-38.616886374438515,33.26116040021024,42.33435863405182,-38.615090760714764,33.26116040021024,42.33435863405182,-38.615090760714764
2017-07-27,247.9600067138672,247.1999969482422,10.109999656677246,9.029999732971191,22.98093242189303,57.602605620200364,21.03092743155821,29.926339583720882,-58.90204161133472,77.26163250770497,29.94028254943131,-82.6064071037199,77.26965475339787,29.94028254947201,-82.60048638370236,77.26965475343428,29.94028254947201,-82.6004863836981
2017-07-28,246.6499938964844,246.91000366210935,10.289999961853027,8.550000190734863,23.058928644208613,7.799622231558345,-63.68191375882095,97.341206990499,-41.6108654555017,-24.749235536126267,97.34835232843574,19.397663312303838,-24.74806398805198,97.34835232843685,19.403637102166172,-24.748063988051715,97.34835232843685,19.40363710216706
2017-07-31,247.3699951171875,246.77000427246097,10.260000228881836,9.43000030517578,22.839805492536726,-21.912315167188723,-20.04767649391239,96.02602059385286,-83.89325392066597,61.20658022134264,96.06982833488819,-66.5214900403524,61.24694179680723,96.06982833660388,-66.51804387478172,61.246941798518485,96.06982833660388,-66.51804387477728
2017-08-01,247.4600067138672,247.32000732421875,10.09000015258789,8.930000305175781,22.84865179952463,0.884630698790545,-36.732391894161175,83.40367727055978,-54.603318253473375,15.217244016001333,83.43036195524806,-20.549276892858458,15.242920453573186,83.43036195546566,-20.548268645742084,15.2429204537907,83.43036195546566,-20.548268645741995
2017-08-02,247.47000122070312,247.44000244140625,10.279999732971191,8.680000305175781,23.15522938084837,30.657758132373658,-34.926377436497646,68.79778363998089,-41.811404232596,4.223821508822814,68.81650317263367,-9.563819537878546,4.241975002431511,68.81650317269069,-9.563253498834465,4.241975002488532,68.81650317269069,-9.563253498834465
2017-08-03,247.30999755859375,246.9600067138672,10.4399995803833,9.3100004196167,23.10279364027887,-5.243574056949996,-40.705598777087836,112.3522032803654,-79.57240016381607,36.21705527165984,112.38512518158902,-41.542850931463725,36.24666793747043,112.3851251823236,-41.53954169605074,36.2466679382021,112.3851251823236,-41.53954169604781
2017-08-04,247.52000427246097,247.41000366210935,10.029999732971191,8.579999923706055,22.710058273093736,-39.27353671851321,-21.976922653793828,50.96007163523797,-36.931136453790025,12.275730755562789,50.9708017246576,-17.623718227905737,12.276606492006506,50.970801724660554,-17.6138638749298,12.276606492006684,50.970801724660554,-17.61386387492705
2017-08-07,247.4900054931641,247.8699951171875,9.93000030517578,8.430000305175781,22.721403305618225,1.1345032524488374,-32.79248387022149,23.53561836509546,1.3113099209346024,-36.770282792153196,23.54878034266339,31.424727207975934,-36.75741301227024,23.548780342677468,31.425019405660827,-36.75741301225612,23.548780342677468,31.425019405660827
2017-08-08,247.5099945068359,247.2599945068359,10.960000038146973,10.5,23.85394887214307,113.2545566524847,-18.795381236077645,58.91171151589791,-47.931694197873774,26.47860168760603,59.05506515960752,-31.693965565563985,26.50024915938525,59.05506519970307,-31.572259393633594,26.500249164570967,59.05506519970307,-31.57225935872374
2017-08-09,246.47000122070312,247.25,11.109999656677246,10.720000267028809,24.03701654534251,18.306767319943873,-46.60811913736735,11.020490875949365,27.84052956379799,-76.93389242984401,11.232109740096744,71.7867940506176,-76.73977737897665,11.232110058490344,71.80429786389765,-76.73977706191997,11.232110058490344,71.80429786523453
2017-08-10,246.2899932861328,243.7599945068359,16.040000915527344,17.829999923706055,30.575139209290654,653.8122663948144,132.04909632911387,-12.602986590079654,-119.29857937457868,254.11057078487536,-4.496738663859443,-251.33683971133465,259.54847945967435,-4.47053795477432,-248.6684935117227,259.57033474596324,-4.470531006583498,-248.66414808876638
2017-08-11,244.02000427246097,244.1199951171875,15.510000228881836,15.529999732971191,29.750847242590126,-82.42919667005282,-92.27042403018679,172.7510420082964,-85.28312973388046,-7.873098764897277,175.90724781429233,5.672217662658932,-6.079964115125167,175.90887846782488,7.0352888442465815,-6.0787531253932965,175.90887849318864,7.035708508047181
2017-08-14,245.58999633789065,246.5399932861328,12.329999923706056,11.630000114440918,25.379465114758247,-437.1382127831879,-94.05290133977957,89.7602226289113,-3.3204217205402764,-93.32971978170318,90.10583975926923,88.31662033515053,-93.24760189384833,90.10584074412512,88.5801195776536,-93.24760163955413,90.10584074412512,88.58012030821534
2017-08-15,246.97999572753903,246.5099945068359,12.039999961853027,10.40999984741211,24.87707171667705,-50.23933980811961,-17.257415143087517,77.53820125631712,-68.14771742118185,48.2643725151404,77.6299875101288,-53.53130379981004,48.31780152980991,77.62998753341142,-53.492946560667875,48.31780154983203,77.62998753341142,-53.49294655740737
2017-08-16,247.11000061035156,246.94000244140625,11.739999771118164,9.729999542236328,24.57887357170266,-29.819814497439268,-49.89593447002767,112.7557481134212,-70.7756799132101,18.23191111458431,112.79859940536501,-23.547777382221756,18.263435566790132,112.79859940754412,-23.536450542483788,18.263435568887477,112.79859940754412,-23.536450542401987
2017-08-17,246.2400054931641,243.08999633789065,15.550000190734863,15.770000457763672,29.211253328671972,463.2379756969314,206.59992605041725,-101.16267371353841,-109.50137901454247,316.07012173734347,-97.26808282943266,-317.53099556197776,318.71784543957114,-97.26482997640328,-316.2841282739294,318.72064653955897,-97.26482987023296,-316.28367652088775
2017-08-18,242.8999938964844,242.7100067138672,14.260000228881836,13.170000076293944,26.88148285471486,-232.97704739571117,-56.33090609742724,128.42513156449562,-79.19505652952702,20.611592092775656,129.2830180637991,-25.11239483575267,21.038383783232618,129.28304638328075,-24.681300026900143,21.03840335161571,129.28304638328675,-24.68129127580163
2017-08-21,242.63999938964844,242.8999938964844,13.1899995803833,12.479999542236328,25.045434294699646,-183.60485600152145,-85.16309043500316,141.27907212627207,-63.498976398329376,-24.175232102217258,141.85479498097868,19.392243228016405,-24.00699520035252,141.85480081383824,19.79972918085833,-24.006993180964397,141.85480081383835,19.799732994329823
2017-08-22,243.57000732421875,245.44000244140625,11.350000381469728,9.920000076293944,23.06839317532767,-197.70411193719752,-84.91262083794473,-21.12776118044335,98.13769756506784,-185.72078183024612,-21.07172807199682,180.41809737851062,-185.71188647792374,-21.071728070412043,180.4652351346348,-185.7118864776651,-21.071728070412043,180.46523513596097
2017-08-23,244.3300018310547,244.55999755859375,12.25,11.140000343322754,24.062892579453163,99.44994041254915,-54.09913843274065,81.02085588724103,-34.645943183678376,-21.933725488021704,81.25534771982637,16.809500308833304,-21.734896954480497,81.25534826981598,16.845163607877446,-21.734896412871784,81.25534826981598,16.845163616258386
2017-08-24,245.0,243.9900054931641,12.229999542236328,10.329999923706056,23.767608717022313,-29.52838624308498,36.70781225950053,23.557444960820263,-68.14776183435092,102.22243599905684,23.63365790855181,-107.50494059999929,102.26865668364516,23.633657921639518,-107.47494833685602,102.26865669523482,23.633657921639518,-107.47494833535802
2017-08-25,244.8999938964844,244.55999755859375,11.279999732971191,8.970000267028809,22.46602654244333,-130.15821745789822,-16.991877589295456,63.92395645421254,-54.88049487618884,35.21430847261271,63.93425800470603,-40.562724483872366,35.21935843921005,63.93425800471808,-40.55747289997627,35.21935843922008,63.93425800471808,-40.55747289997422
2017-08-28,245.1699981689453,244.57000732421875,11.31999969482422,9.449999809265137,22.421980758393318,-4.404578405001303,-8.020514759019479,71.96384343983092,-71.87394968949984,61.19668187737053,71.99193999291039,-66.52730288552996,61.219287605138,71.99193999343939,-66.52181206021794,61.2192876056582,71.99193999343939,-66.52181206020914
2017-08-29,243.05999755859375,244.8500061035156,11.699999809265137,9.8100004196167,23.090775988374546,66.87952299812281,-57.76772947240867,-67.55802033752381,117.40360534053015,-177.82557777993935,-67.52144724515868,172.5034333117917,-177.80046196612497,-67.52144724390413,172.5148905903423,-177.80046196493845,-67.52144724390413,172.51489059041043
2017-08-30,244.8300018310547,246.0099945068359,11.220000267028809,9.149999618530272,22.836030764643482,-25.474522373106367,-65.77366373840043,9.498375416551765,48.3308881945028,-116.77828584206573,9.512692850969275,111.43388571474863,-116.77266097035314,9.51269285099803,111.44257827745355,-116.77266097033325,9.51269285099803,111.44257827746243
2017-08-31,246.72000122070312,247.4900054931641,10.59000015258789,8.65999984741211,22.613306295936674,-22.272446870680795,-69.28488777249565,57.5467695268534,3.787139716326473,-75.7495357488999,57.55450855929827,70.39855721958615,-75.747685228097,57.55450855930027,70.4044457312281,-75.7476852280962,57.55450855930027,70.40444573122933
2017-09-01,247.9199981689453,247.83999633789065,10.130000114440918,7.940000057220459,22.125795468312354,-48.75108276243196,-38.21007393078697,80.39921214510365,-50.14631322106215,9.257686623644615,80.40075470012586,-14.61486163039016,9.258492737895432,80.40075470012587,-14.614125189618685,9.258492737895432,80.40075470012587,-14.614125189618685
2017-09-05,247.2599945068359,246.05999755859375,12.229999542236328,11.34000015258789,24.151785979507977,202.5990511195623,34.96797253523905,45.971333437617794,-88.60582898906318,121.12709404720128,46.263527983173795,-126.19361589649723,121.35974531508039,46.26352915008416,-126.13407261882037,121.35974644608883,46.26352915008416,-126.1340725829184
2017-09-06,246.83999633789065,246.8999938964844,11.630000114440918,10.220000267028809,23.597908947865065,-55.387703164291224,-62.23137867182775,114.51950719560425,-60.173889614999275,-4.705855357232666,114.59246366614806,-0.5799057259516993,-4.6748628793913145,114.59246367418635,-0.5379417332493674,-4.674862873988259,114.59246367418635,-0.5379417306140533
2017-09-07,247.25,246.8699951171875,11.550000190734863,9.75,23.427921459174527,-16.99874886905377,-36.845903149774024,107.6329540733621,-78.69240340738398,39.21240196452327,107.68631915132914,-44.51775444405144,39.25766245227258,107.68631915559686,-44.50964985383374,39.257662456493385,107.68631915559686,-44.50964985378685
2017-09-08,246.5399932861328,246.5800018310547,12.119999885559082,11.289999961853027,24.09840673262947,67.04852734549434,-53.27929118946033,99.14464339310949,-53.54206427621187,-2.3614084613294595,99.42664888230718,-2.715303157131397,-2.306231596903372,99.42664933640904,-2.4884745323597834,-2.3062315111770126,99.42664933640904,-2.48847416398432
2017-09-11,248.0399932861328,249.2100067138672,10.729999542236328,9.010000228881836,23.339186894026902,-75.92198386025686,-54.946456222889786,-11.12706622936068,58.1290650461846,-115.74515646526457,-11.11280607366247,110.40069905925013,-115.73543288057542,-11.112806073611045,110.4052356302592,-115.73543288052647,-11.112806073611045,110.40523563026169
2017-09-12,249.6300048828125,250.0500030517578,10.579999923706056,9.25,23.58793474164638,24.874784761947666,-78.70578393890277,111.48472911242453,-40.709498946175614,-40.670460093331435,111.51289290153645,35.339906320835524,-40.66527641317237,111.51289290169436,35.36288642978833,-40.66527641313693,111.51289290169436,35.36288642991081
2017-09-13,249.72000122070312,250.1699981689453,10.5,9.380000114440918,23.51975228396543,-6.818245768094755,-74.32451453865048,99.71613805916893,-33.32015829407055,-43.67547351506513,99.74632084737956,38.3469387417805,-43.667232004826694,99.74632084764713,38.36888001975279,-43.667232004715764,99.74632084764713,38.36888001990937
2017-09-14,249.8000030517578,250.08999633789065,10.4399995803833,9.289999961853027,23.35958521833799,-16.016706562744076,-69.35283713539341,105.75368671920808,-44.335041036201005,-27.68829019282093,105.7782128285874,22.354098740602325,-27.679425505631293,105.77821282875524,22.369760162792108,-27.679425505529775,105.77821282875524,22.369760162858366
2017-09-15,248.69000244140625,249.19000244140625,10.170000076293944,8.300000190734863,22.448899885368014,-91.0685332969976,-69.21507769913201,84.43386889121912,-23.172858767353887,-48.720681164476986,84.43851887771608,43.3666135892105,-48.71978461629782,84.43851887771635,43.37036702752825,-48.71978461629774,84.43851887771635,43.37036702752844
2017-09-18,249.61000061035156,249.72000122070312,10.149999618530272,8.720000267028809,22.628802808608484,17.99029232404692,-48.68685033279932,82.41338286800607,-41.67264606913863,-9.691740462463125,82.42598689583825,4.345626928539017,-9.689917880388174,82.42598689584602,4.356408374296253,-9.689917880386842,82.42598689584602,4.356408374302736
2017-09-19,250.0,249.97000122070312,10.18000030517578,9.09000015258789,22.780349412228958,15.154660362047423,-54.809788748780726,108.63743595700889,-61.768618079943785,4.290590805954489,108.65518264705703,-9.631561677569797,4.3017110616202086,108.65518264715737,-9.624935243187347,4.301711061712757,108.65518264715737,-9.62493524317953
2017-09-20,250.07000732421875,250.05999755859375,9.779999732971191,8.949999809265137,22.308752480349966,-47.159693187899165,-53.590644999971566,104.19345329304011,-58.546497120012766,2.2872735782041764,104.20848202786236,-7.6309624050854925,2.298053817245973,104.20848202792533,-7.62671390930498,2.2980538173066356,104.20848202792533,-7.626713909302671
2017-09-21,249.8800048828125,249.38999938964844,9.670000076293944,8.4399995803833,21.728140811513832,-58.061166883613424,1.2044797047278144,42.607053606450165,-51.76492454679844,50.29247966096964,42.61237993259775,-55.64587089658908,50.29491385129361,42.61237993259888,-55.64297876076536,50.2949138512945,42.61237993259888,-55.64297876076518
2017-09-22,249.0500030517578,249.44000244140625,9.59000015258789,7.980000019073486,21.626339279020947,-10.180153249288537,-48.266537284883725,53.52662686846581,-13.216753496639486,-37.72763771693699,53.528680517176056,32.3709738038797,-37.726132864743114,53.52868051717612,32.37152260039602,-37.72613286474302,53.52868051717612,32.37152260039602
2017-09-25,249.1499938964844,248.92999267578125,10.210000038146973,9.210000038146973,21.99102267563626,36.468339661531246,-44.333366341222664,106.6563244797556,-70.25779005346574,23.26394916621417,106.68021012658467,-28.598781080841572,23.282833401060167,106.68021012689016,-28.59377966885843,23.28283340135975,106.68021012689016,-28.59377966885257
2017-09-26,249.4199981689453,249.0800018310547,10.170000076293944,9.34000015258789,21.990524111151267,-0.049856448499241424,-41.037849390532635,112.03263471166608,-78.90580118629862,35.23338118299673,112.08033640826903,-40.54439704616002,35.27816935111161,112.08033641027092,-40.54148351767195,35.278169353110364,112.08033641027092,-40.54148351766875
2017-09-27,249.8800048828125,250.0500030517578,9.869999885559082,9.029999732971191,22.164744237683543,17.422012653227625,-63.4838846935881,105.99513035945705,-50.45434940954314,-15.701672797468833,106.01074417754862,10.358569053841185,-15.694451530020467,106.01074417759511,10.36696160448434,-15.694451529984141,106.01074417759511,10.366961604494554
2017-09-28,249.72999572753903,250.3500061035156,9.550000190734863,8.390000343322754,21.940652994781168,-22.409124290237514,-67.66610552172472,69.3516475752648,-9.638712402731395,-60.70540465222509,69.35719478783724,55.35223430303444,-60.704057404572005,69.35719478783787,55.35643426795376,-60.70405740457174,69.35719478783787,55.356434267954114
2017-09-29,250.33999633789065,251.22999572753903,9.510000228881836,7.949999809265137,22.433207604572353,49.25546097911848,-35.95088440998142,-21.092397315086675,49.088767669828194,-87.71499606765519,-21.08819380856284,82.36048201241573,-87.71098127461957,-21.088193808562416,82.36067072590394,-87.71098127461913,-21.088193808562416,82.36067072590394
2017-10-02,251.4900054931641,252.32000732421875,9.449999809265137,8.180000305175781,23.002788777344044,56.95811727716915,-32.097755973936266,-22.789465554434727,46.93926131050244,-81.70583614855593,-22.778708210534937,76.35787593069398,-81.69529623178946,-22.778708210528386,76.35809335782724,-81.69529623178288,-22.778708210528386,76.35809335782724
2017-10-03,252.32000732421875,252.86000061035156,9.510000228881836,8.039999961853027,23.40634296221129,40.35541848672466,-37.63529213183612,17.308036454518728,12.373943464081874,-52.68349431775603,17.31344180304424,47.33018210452167,-52.67839425871596,17.31344180304537,47.33048739400709,-52.67839425871481,17.31344180304537,47.33048739400709
2017-10-04,252.69000244140625,253.16000366210935,9.630000114440918,8.020000457763672,23.70502110699131,29.867814478001975,-68.25578023557475,85.57597609675075,-25.275505746039272,-45.65900274899975,85.5793837736523,40.30369286413656,-45.65837222757818,85.57938377365238,40.30647001961653,-45.65837222757818,85.57938377365238,40.306470019616626
2017-10-05,253.5399932861328,254.66000366210935,9.1899995803833,7.809999942779541,24.340381751842994,63.53606448516835,-76.25010691451843,36.58107327068219,31.71368597316293,-110.64292138330211,36.584443161771254,105.2875737126289,-110.64269109804422,36.5844431617713,105.29071331846004,-110.64269109804422,36.5844431617713,105.29071331846004
2017-10-06,254.1499938964844,254.3699951171875,9.649999618530272,7.880000114440918,24.520319997430867,17.993824558787352,-44.045842970572416,62.16319927444652,-26.07323382782589,-20.649569619405582,62.16603931226046,15.29369209545395,-20.647171315181122,62.16603931226066,15.29413382904348,-20.647171315180945,62.16603931226066,15.29413382904348
2017-10-09,254.6300048828125,253.9499969482422,10.329999923706056,9.34000015258789,24.800528142663516,28.020814523264903,24.666701387160806,14.848495311859415,-47.43218099414215,69.4276924595197,14.890228578500357,-74.74467675398452,69.43586131811166,14.890228579157474,-74.71111234593552,69.43586131826399,14.890228579157474,-74.71111234543068
2017-10-10,254.6000061035156,254.6199951171875,10.079999923706056,8.720000267028809,24.980091816822835,17.95636741593185,-40.290704182048586,74.71262107758288,-42.36346973366249,-0.604103140873955,74.72978580121759,-4.737449697230575,-0.6016130525021013,74.72978580124126,-4.7227750619677185,-0.6016130524984598,74.72978580124126,-4.722775061947734
2017-10-11,254.5099945068359,255.02000427246097,9.850000381469728,8.319999694824219,25.01160566771587,3.15138508930346,-81.38990291304121,107.89581907930273,-34.4540969525956,-49.61436454787009,107.90635585473304,44.26618376153877,-49.613564354418415,107.90635585473572,44.275920343517306,-49.61356435441824,107.90635585473572,44.27592034351988
2017-10-12,254.66000366210935,254.63999938964844,9.90999984741211,8.34000015258789,24.757331950897665,-25.427371681820432,-36.3799367210776,70.86689177956978,-42.43783699974595,3.3799155061508457,70.87472740007652,-8.730797447402969,3.38128951451109,70.87472740007817,-8.724335835256467,3.381289514511445,70.87472740007817,-8.724335835255223
2017-10-13,255.13999938964844,254.9499969482422,9.609999656677246,8.029999732971191,24.667064341786443,-9.026760911122267,-40.62623591595493,96.34004967769799,-63.66842330278282,20.366221261009954,96.344157698417,-25.720830802048965,20.369613916069685,96.34415769841772,-25.720115436389722,20.369613916070396,96.34415769841772,-25.720115436389722
2017-10-16,255.2100067138672,255.2899932861328,9.90999984741211,8.460000038146973,25.09035891470063,42.32945729141875,-45.30345995625764,78.69188804546113,-41.33622680597882,-6.637164071490284,78.70280689044223,1.2893653547341422,-6.6277362118239065,78.70280689046146,1.2908563400489093,-6.627736211804811,78.70280689046146,1.290856340048998
2017-10-17,255.22999572753903,255.47000122070312,10.3100004196167,8.6899995803833,25.563169967589637,47.281105288900704,-45.902784763342396,63.88570991329714,-25.92477243748752,-22.642745761027626,63.9025801875275,17.300898473578542,-22.628120415319962,63.902580187611214,17.303143402101263,-22.62812041523683,63.902580187611214,17.303143402101796
2017-10-18,255.8999938964844,255.72000122070312,10.06999969482422,8.369999885559082,25.484438856165987,-7.873111142365019,-31.527133410502127,77.16515833608662,-53.58988305798811,19.386742459241614,77.17201776544827,-24.738600591642278,19.390094051878194,77.17201776545116,-24.735092754917275,19.39009405188059,77.17201776545116,-24.735092754916742
2017-10-19,254.8300018310547,255.7899932861328,10.050000190734863,8.880000114440918,25.482316645388828,-0.2122210777159239,-66.2530528891324,32.61925518263069,25.691737112807523,-94.61758471899266,32.63591215069939,89.2755241253467,-94.61102065517892,32.63591215074759,89.28561702960164,-94.61102065514649,32.63591215074759,89.28561702961744
2017-10-20,256.70001220703125,257.1099853515625,9.970000267028809,8.40999984741211,26.37395178088599,89.1635135497161,-70.88782535140591,96.91857989608148,-33.980059318379325,-39.58504519056112,96.92799268414812,34.235740416861105,-39.58296556721195,96.92799268415192,34.24307358157861,-39.5829655672107,96.92799268415192,34.24307358158109
2017-10-23,257.4800109863281,256.1099853515625,11.06999969482422,10.770000457763672,26.537554145023527,16.36023641375388,39.73092040912778,53.44897492351159,-100.79577293469254,138.15748203405897,53.79181488322293,-143.17335806875573,138.46762949479714,53.79181645057931,-143.14066556978258,138.46763105176538,53.79181645057931,-143.14066555939445
2017-10-24,256.6000061035156,256.55999755859375,11.15999984741211,10.479999542236328,26.906593842069014,36.9039697045487,-45.49246391320312,91.49726516865181,-53.778554414708715,5.647665359590961,91.682229571158,-10.82141840062951,5.688598908386913,91.68222968937945,-10.67738754691929,5.688598936434699,91.68222968937945,-10.677387456745643
2017-10-25,256.17999267578125,255.2899932861328,11.229999542236328,11.09000015258789,26.05207410989164,-85.45197321773728,7.606483004013656,69.90765661015719,-85.16268369671513,90.31837989200245,70.21783008937493,-95.36692257620196,90.54695178361747,70.21783148771979,-95.28532098859915,90.54695310142485,70.21783148771979,-95.28532090806172
2017-10-26,255.9900054931641,255.6199951171875,11.300000190734863,10.6899995803833,26.311206438321072,25.913232842943046,-31.76823531625612,96.76764652558464,-72.76939917213474,38.431930703413265,96.95637612454405,-43.601918420339494,38.542056292050894,96.95637637042401,-43.523314410017754,38.54205649815483,96.95637637042401,-43.52331437024175
2017-10-27,256.4700012207031,257.7099914550781,9.800000190734863,8.609999656677246,26.460448003723812,14.92415654027397,-36.28609944975623,-55.34557890932703,83.70002880915591,-122.63938443327939,-55.31851089748834,117.30773488356724,-122.6132818267658,-55.318510897273065,117.30870028889242,-122.61328182655069,-55.318510897273065,117.30870028889251
2017-10-30,256.4700012207031,256.75,10.5,9.8100004196167,26.203030774430474,-25.741722929333832,-43.55294158094349,55.11781669304854,-19.396311387708586,-26.71736788318031,55.245097979204516,21.485931661743486,-26.598746792392113,55.2450980333713,21.494591857111335,-26.598746738366795,55.2450980333713,21.494591857252733
2017-10-31,257.17999267578125,257.1499938964844,10.18000030517578,9.31999969482422,26.19199597203029,-1.1034802400182286,-52.47629099276738,104.06400179166309,-59.50165799369575,4.381781469521398,104.10877215863124,-9.695728661867983,4.41755471894785,104.10877216108466,-9.68673154432633,4.417554721350017,104.10877216108466,-9.686731544274993
2017-11-01,258.0400085449219,257.489990234375,10.199999809265137,9.289999961853027,26.43385552822381,24.185955619351773,-7.9252112398962655,67.0020590925854,-66.99688381619896,56.417922487324354,67.04074069083866,-61.73795844940539,56.44353117912642,67.0407406922674,-61.724885542954254,56.443531180452204,67.0407406922674,-61.724885542851226
2017-11-02,257.4100036621094,257.5899963378906,9.93000030517578,8.539999961853027,26.259083293164593,-17.477223505921557,-38.238185567738746,54.579660966844834,-24.278108540445164,-16.618430901363034,54.60174538727771,11.281797760152992,-16.597425994546033,54.60174538740679,11.282877273768912,-16.59742599441707,54.60174538740679,11.282877273769001
2017-11-03,257.7699890136719,258.45001220703125,9.140000343322754,7.840000152587891,26.35311582139079,9.403252822619734,-63.493477100611464,55.1261093544825,0.41145836020193505,-66.58350784917292,55.1289175303249,61.22759846324583,-66.58272145664903,55.12891753032496,61.229620246564465,-66.58272145664903,55.12891753032496,61.229620246564465
2017-11-06,258.29998779296875,258.8500061035156,9.399999618530272,8.09000015258789,26.756627800564274,40.35119791734836,-39.86427239961447,20.85715267518795,11.056545541160892,-53.59263003750565,20.865296053696625,48.242055854245415,-53.585083353345304,20.865296053701933,48.24265254859366,-53.585083353339975,20.865296053701933,48.24265254859366
2017-11-07,258.9700012207031,258.6700134277344,9.890000343322754,8.829999923706055,26.91369839456531,15.707059400103418,-26.576952235832096,79.31736454160404,-60.679969094559034,31.434875286288992,79.33652531458316,-36.7744320749565,31.446092494721057,79.33652531470264,-36.76648851040955,31.446092494827376,79.33652531470264,-36.76648851039632
2017-11-08,258.4700012207031,259.1099853515625,9.779999732971191,8.279999732971191,27.159152112908274,24.545371834296503,-34.68206238971876,1.4862252610578186,25.25491404013749,-62.5990688647674,1.5040197343018336,57.25814577628989,-62.58180251879157,1.5040197343477302,57.258673903558034,-62.581802518745654,1.5040197343477302,57.258673903558034
2017-11-09,257.7300109863281,258.1700134277344,10.5,9.649999618530272,26.913682894084253,-24.546921882402017,-77.2372341336949,106.7276334723456,-37.38356262422935,-42.513168034144954,106.79318774853269,37.22000475277889,-42.49330578031929,106.7931877527453,37.265696775140334,-42.49330577848635,106.7931877527453,37.26569677752003
2017-11-10,257.7300109863281,258.0899963378906,11.289999961853027,10.3100004196167,27.48247000794678,56.87871138625269,-81.36803734857276,123.1194065460537,-49.56622001351916,-34.434693888033614,123.26327329178011,29.219843135256763,-34.38821169530996,123.26327335504138,29.31722768825942,-34.38821166722923,123.26327335504138,29.317227723439988
2017-11-13,257.30999755859375,258.3299865722656,11.5,9.84000015258789,27.72806910805106,24.5599100104279,-50.23174025179584,-5.463098290701282,47.84107290693365,-100.66145770315114,-5.358146364503689,95.4076921054442,-100.57074346709209,-5.3581463266471925,95.42192979558271,-100.5707434296344,-5.3581463266471925,95.4219297959815
2017-11-14,257.4100036621094,257.7300109863281,11.59000015258789,9.729999542236328,27.33048902706617,-39.75800809848877,-45.56269631519829,55.17365669956411,-17.4605639525905,-30.68182383605722,55.282770693110784,25.43222030417398,-30.582156528770387,55.2827707294522,25.4416669904338,-30.582156492579337,55.2827707294522,25.441666990584167
2017-11-15,256.6199951171875,256.44000244140625,13.130000114440918,11.729999542236328,27.93329177423471,60.28027471685391,-39.74384843170082,94.65597760206715,-62.317816489428715,20.047213585137925,95.20900784477516,-24.852895878837277,20.199814407539908,95.20901287013812,-24.45246645853125,20.199815947006062,95.2090128701382,-24.452462972634436
2017-11-16,257.5199890136719,258.6199951171875,11.760000228881836,8.739999771118164,28.05247273648952,11.918096225480923,-83.88795381957702,53.975008002811144,21.978711960360876,-108.54354057758704,53.99949170817748,103.20930672124948,-108.54105659441001,53.999491708244896,103.23130644343877,-108.54105659440486,53.999491708244896,103.23130644350104
2017-11-17,258.2200012207031,257.8599853515625,11.43000030517578,8.489999771118164,27.162467525042395,-89.00052114471251,-31.674199839761318,95.47978145775313,-71.75032403808937,37.408846940585484,95.4937565994239,-42.753589360638976,37.42092846372838,95.49375659946796,-42.75169574211113,37.420928463772164,95.49375659946796,-42.75169574211086
2017-11-20,258.1400146484375,258.29998779296875,10.649999618530272,8.600000381469727,26.727833893426222,-43.46336316161725,-49.86306019152995,79.8624399111755,-37.943483777395606,-14.587334679386307,79.877053415187,9.243230621692769,-14.575734163757234,79.87705341524352,9.246243610075203,-14.575734163701723,79.87705341524352,9.24624361007618
2017-11-21,259.17999267578125,259.989990234375,9.729999542236328,7.96999979019165,27.412815627947122,68.49817345208997,-44.26079148684796,3.671688959318977,32.63550088303455,-79.5712628520753,3.676804876587505,74.21766120758225,-79.56687455338499,3.676804876588926,74.21838882616052,-79.56687455338357,3.676804876588926,74.21838882616052
2017-11-22,260.0,259.760009765625,9.880000114440918,7.869999885559082,27.280169540513604,-13.264608743351758,-28.059994841422697,76.28825950883292,-56.18371796287047,25.446485704204736,76.29152377514504,-30.801938999664745,25.448607067845842,76.29152377514535,-30.800796096993665,25.44860706784611,76.29152377514535,-30.800796096993665
2017-11-24,260.32000732421875,260.3599853515625,9.670000076293944,7.869999885559082,27.587801216422076,30.763167590847118,-38.07108206021568,68.3074857717519,-38.18880863341551,-2.555694063162426,68.31379841164187,-2.796710858714866,-2.549755918637795,68.31379841164383,-2.7963363633495697,-2.549755918635841,68.31379841164383,-2.7963363633495697
2017-11-27,260.4100036621094,260.2300109863281,9.869999885559082,9.0,27.49447911485774,-9.332210156433618,-41.689853056107594,97.50990553686096,-63.72845129145414,19.406230316559704,97.56022428792207,-24.714629124833753,19.453221178654957,97.56022429034877,-24.711301235867932,19.453221181076753,97.56022429034877,-24.711301235863047
2017-11-28,260.760009765625,262.8699951171875,10.029999732971191,9.18000030517578,29.809344082332828,231.48649674750885,-73.2563522561999,-68.23552537803513,133.5720503884298,-209.49521730454566,-68.1966350620756,204.17539005947916,-209.48267318395202,-68.19663506133688,204.20173625484503,-209.4826731835873,-68.19663506133688,204.20173625521903
2017-11-29,263.0199890136719,262.7099914550781,10.699999809265137,10.15999984741211,30.0101874920491,20.084340971627057,-37.67397458183039,102.64144957506872,-72.77987770809659,32.51673291444737,102.78776442197294,-37.729135518680245,32.60692146925066,102.78776453259829,-37.67300922657937,32.606921565621924,102.78776453259829,-37.67300921232526
2017-11-30,263.760009765625,265.010009765625,11.279999732971191,11.380000114440918,32.2650027246178,225.48152325687028,-87.84071952318168,47.65091348083257,32.72822526565731,-123.05996095692741,48.148050265904544,118.19838436808661,-122.87162045237807,48.14805445375568,118.50718064860945,-122.87161837276567,48.14805445375574,118.5071827568481
2017-12-01,264.760009765625,264.4599914550781,11.43000030517578,11.979999542236328,31.85002126021276,-41.49814644050416,-37.70768255756362,102.8437087467719,-72.27657228402197,32.208366479316446,103.66188021372825,-36.7488915161726,32.527191422389535,103.66190127168576,-36.24954499228716,32.52720188967826,103.66190127168798,-36.249534401618284
2017-12-04,266.30999755859375,264.1400146484375,11.68000030517578,12.210000038146973,31.624250120389352,-22.57711398234079,118.58493248412091,-24.000088454511,-101.40457819219783,218.18729688791254,-22.86110505533796,-222.40694884298586,219.06443723090925,-22.861022847823385,-222.14510578675998,219.064514788948,-22.861022847773803,-222.14510113728414
2017-12-05,263.19000244140625,263.19000244140625,11.329999923706056,11.109999656677246,30.57822692026256,-104.60232001267933,-64.90462296405407,126.0510751002466,-68.69119276578976,1.4111244694345237,126.4650520324196,-6.35586162466579,1.7150376960748637,126.46505550678555,-6.245797919133109,1.7150409484944418,126.4650555067856,-6.245797697186736
2017-12-06,263.29998779296875,263.239990234375,11.020000457763672,10.899999618530272,30.395727418050548,-18.24995022120106,-58.81214589231389,119.74705760397202,-68.51226079530355,7.329918025506535,120.12842608209492,-12.307264470114918,7.639079851309274,120.12842872113184,-12.235057817794834,7.639082412748335,120.12842872113188,-12.235057740196906
2017-12-07,264.07000732421875,264.07000732421875,10.15999984741211,9.510000228881836,30.624821859506966,22.9094441456418,-60.294013492784536,116.83929078376461,-64.43193825701583,1.5076489961725748,116.91134737949537,-6.794309950754959,1.5567320081759894,116.91134739094869,-6.771336367027667,1.556732018808995,116.91134739094869,-6.771336366207345
2017-12-08,265.1600036621094,265.510009765625,9.579999923706056,8.4399995803833,31.653477832953023,102.86559734460567,-49.3670509718257,59.9768037944654,-18.551504072393875,-33.481184540667215,59.99377010647826,28.139433291004213,-33.467463401023,59.99377010656948,28.142678463372906,-33.467463400933205,59.99377010656948,28.142678463374327
2017-12-11,266.30999755859375,266.30999755859375,9.34000015258789,8.789999961853027,32.22344839234798,56.99705593949602,-45.52040244630941,87.28063078115683,-49.67817834774932,1.5148287050112308,87.32139833001783,-6.832778716440233,1.5512402894530175,87.32139833149083,-6.828422752020932,1.5512402909180678,87.32139833149083,-6.828422752013028
2017-12-12,267.2099914550781,266.7799987792969,9.920000076293944,9.239999771118164,32.81420375469097,59.07553623429891,-30.87010189161836,101.00215837544332,-78.0230981118205,44.528482968406614,101.06983430920508,-49.819524586978424,44.583328497292364,101.06983431862878,-49.80669418210246,44.58332850651876,101.06983431862878,-49.80669418190511
2017-12-13,267.05999755859375,266.75,10.18000030517578,9.350000381469728,32.847091690540864,3.288793584989236,-35.39010954522761,98.07969039665907,-70.58167699273598,32.55700620342521,98.14631181711295,-37.84910233601553,32.60180373955597,98.14631182582721,-37.82727845169236,32.601803747603306,98.14631182582721,-37.82727845102543
2017-12-14,267.0899963378906,265.6600036621094,10.489999771118164,9.869999885559082,31.952249378884105,-89.48423116567596,71.57696593895427,-3.842514748190282,-75.56289855390796,144.549931296594,-3.712244549578878,-149.7783785791282,144.6393568749646,-3.7122444689689815,-149.73753395888727,144.63935694933443,-3.7122444689689815,-149.73753395264728
2017-12-15,265.45001220703125,266.510009765625,9.420000076293944,8.25,32.31204421279438,35.979483391027856,-36.5264133087366,-36.71920868230709,65.31001643146011,-104.4935602031199,-36.69609668012485,99.15795464366431,-104.47133188516348,-36.69609667999689,99.15883832789011,-104.47133188503558,-36.69609667999689,99.1588383278902
2017-12-18,268.1000061035156,268.20001220703125,9.529999732971191,8.050000190734863,33.8392672283853,152.722301559092,-50.06929865951799,86.4324212862621,-44.31289465827739,-8.428933940766134,86.44136681648918,3.079161909243291,-8.422105099409835,86.4413668164996,3.081278598114048,-8.42210509939971,86.4413668164996,3.0812785981143143
2017-12-19,268.4800109863281,267.1700134277344,10.029999732971191,9.029999732971191,32.98978916551857,-84.947806286673,42.05320143988247,43.12112929518446,-93.04689803328446,132.5021375811988,43.20727955872798,-137.7747048663376,132.5835344700886,43.2072795718067,-137.76995149168388,132.5835344831458,43.2072795718067,-137.7699514916623
2017-12-20,268.2699890136719,267.0299987792969,9.720000267028809,8.34000015258789,32.73211297515678,-25.767619036179212,52.379585274447194,15.523365173167017,-75.84102675077028,125.55958439050039,15.544006431767146,-130.897660693506,125.57791553665874,15.544006431917603,-130.8953505810642,125.5779155368084,15.544006431917603,-130.8953505810634
2017-12-21,267.739990234375,267.5799865722656,9.619999885559082,7.630000114440918,33.187820072123756,45.57070969669752,-23.637180670437917,59.5768397743951,-43.89481757840221,17.579147660309747,59.58039886170874,-22.93430613475451,17.580017193535436,59.58039886170885,-22.931616580666713,17.580017193535525,59.58039886170885,-22.931616580666624
2017-12-22,267.6000061035156,267.510009765625,9.899999618530272,7.510000228881836,33.17085377849352,-1.6966293630233054,-24.084215417417475,53.47240121016266,-37.3432447984489,10.580058644015525,53.4760597662209,-15.93511764971913,10.580446687876657,53.47605976622096,-15.931847137522068,10.580446687876657,53.47605976622096,-15.931847137521979
2017-12-26,267.04998779296875,267.19000244140625,10.25,8.479999542236328,32.85718708451915,-31.36666939743762,-55.07081750132958,92.42347495002231,-45.29385663602394,-12.444246728819339,92.4409933244529,7.103047541587662,-12.432173811455291,92.44099332455241,7.108492998654173,-12.432173811360967,92.44099332455241,7.108492998659413
2017-12-27,267.3800048828125,267.32000732421875,10.470000267028809,9.710000038146973,33.01832894472172,16.114186020257648,-48.88663514740996,99.96671899676129,-58.8851203682869,7.45572431692583,100.12040003958367,-12.6607607145899,7.592322192903625,100.12040016085527,-12.643677547745222,7.592322313221247,100.12040016085527,-12.643677546791318
2017-12-28,267.8900146484375,267.8699951171875,10.18000030517578,9.270000457763672,33.401167921274904,38.2838976553181,-55.464530383736154,109.28967244804451,-61.724829076364536,3.609276459117774,109.34870299774747,-8.908963466830874,3.637613005359943,109.34870300209062,-8.878269463370023,3.6376130085822544,109.34870300209062,-8.87826946224923
2017-12-29,268.5299987792969,266.8599853515625,11.039999961853027,10.420000076293944,32.747183705744135,-65.39842155307696,118.01368795046398,-72.04367807172557,-53.62836949512444,169.02007514218909,-71.74332012634845,-174.0784341878751,169.07745114457845,-71.74331955564847,-173.8354522448874,169.07745124018828,-71.74331955564847,-173.8354517697972
2018-01-02,267.8399963378906,268.7699890136719,9.770000457763672,8.539999961853027,33.984566726802676,123.7383021058541,-66.21666367908709,35.75547683659326,22.521880180991328,-91.40997045649277,35.77488773685309,86.07066379507432,-91.40203827205734,35.77488773693707,86.08214251089866,-91.40203827200068,35.77488773693707,86.08214251092602
2018-01-03,268.9599914550781,270.4700012207031,9.149999618530272,7.849999904632568,35.47368939102696,148.91226642242827,-55.60025025532244,-43.48602290742509,91.13300635692133,-149.4094443998523,-43.48057215148682,144.0561775940277,-149.4062734065774,-43.48057215148524,144.05845735669106,-149.406273406576,-43.48057215148524,144.05845735669124
2018-01-04,271.20001220703125,271.6099853515625,9.220000267028809,7.730000019073486,36.56350397048836,108.98145794614038,-44.07668035033263,43.495398489355644,-7.37065972942654,-39.37950339320759,43.50217446071729,34.02756180280766,-39.373627384624065,43.502174460720845,34.02846176558574,-39.37362738462051,43.502174460720845,34.02846176558574
2018-01-05,272.510009765625,273.4200134277344,9.220000267028809,7.699999809265137,38.304953648805174,174.14496783168119,-80.7514859786359,66.90177912013797,5.900181936968066,-89.33035759115812,66.91097176036685,83.98083266962998,-89.32968848582938,66.91097176036854,83.98935620453008,-89.32968848582928,66.91097176036854,83.98935620453167
2018-01-08,273.30999755859375,273.9200134277344,9.520000457763672,7.900000095367432,38.742502960364604,43.754931155942955,-41.05905839867045,17.481535409308457,15.632383311962597,-59.35830049115298,17.49511329366871,54.01316081378409,-59.345800490790815,17.495113293699283,54.01423869778224,-59.34580049076035,17.495113293699283,54.014238697782325
2018-01-09,274.3999938964844,274.5400085449219,10.079999923706056,8.350000381469727,39.38619280636554,64.36898460009388,-40.73414348614801,63.82917813847542,-31.016590638937846,-12.36209354176385,63.86633971363151,7.040537555981244,-12.327275455437123,63.866339714459365,7.0428810448106365,-12.327275454610762,63.866339714459365,7.042881044812146
2018-01-10,273.67999267578125,274.1199951171875,9.81999969482422,7.849999904632568,38.915705352606025,-47.04874537595174,-71.63167992071263,95.67319652740079,-31.991200836010524,-42.31804716524812,95.68222985984472,36.96836293592882,-42.31625646491796,95.68222985984781,36.9756055680426,-42.31625646491717,95.68222985984781,36.97560556804491
2018-01-11,274.75,276.1199951171875,9.880000114440918,7.840000152587891,40.85167334243096,193.59679898249382,-67.76276431673926,-5.051986227499004,64.86446369059874,-135.30425912487064,-5.043555519380714,129.95397227123433,-135.3019314615315,-5.043555519377582,129.9600753160134,-135.30193146153007,-5.043555519377582,129.96007531601518
2018-01-12,276.4200134277344,277.9200134277344,10.15999984741211,8.680000305175781,42.61777683286146,176.61034904304955,-42.545068825532105,-68.53698985326696,103.19138402038907,-148.35252578909268,-68.4689469499087,143.06185113729137,-148.28923995139843,-68.46894694329998,143.06660820295542,-148.289239944807,-68.46894694329998,143.06660820297273
2018-01-16,279.3500061035156,276.9700012207031,11.65999984741211,11.25,41.775454305594295,-84.23225272671644,139.9009797461664,-45.52069541164976,-101.44756797832227,239.38493889246882,-44.6292614936993,-243.8521849483257,240.10068733841132,-44.62922390575057,-243.67649947630892,240.10072342344716,-44.62922390574173,-243.676497973396
2018-01-17,278.0299987792969,279.6099853515625,11.90999984741211,11.65999984741211,44.33332393431037,255.78696287160767,-79.6932676839199,-1.545504036531573,74.25307819181447,-156.04918070235874,-0.5724800034012856,151.66353286128026,-155.4726661767875,-0.5724343158426382,152.06004236885533,-155.4726299179117,-0.5724343158267176,152.06005179753805
2018-01-18,279.4800109863281,279.1400146484375,12.220000267028809,12.369999885559082,43.9001928812973,-43.313105301307075,-65.0602448800144,159.9786360407973,-100.84103167184512,34.78114331781217,162.0147130914951,-38.10332185336069,36.460841602578206,162.01517506700873,-37.74694308590718,36.46128655599011,162.01517506853057,-37.74692606380541
2018-01-19,279.79998779296875,280.4100036621094,11.270000457763672,10.40999984741211,44.97114484385272,107.09519625554194,-83.5054512573307,102.9985443181082,-27.085493089944656,-58.95054173696679,103.36486185070298,53.958143325364,-58.80176726147106,103.36486346826737,54.17568638246306,-58.80176637971257,103.36486346826737,54.17568711826897
2018-01-22,280.1700134277344,282.69000244140625,11.029999732971191,10.859999656677246,47.10751802958454,213.637318573182,-68.52398988935919,-118.36421709037573,179.520738529529,-250.30598415820614,-117.77296797882425,245.53852612679233,-249.88788204678028,-117.77295756003207,245.71167312691873,-249.88787255812383,-117.77295756003136,245.71167405705444
2018-01-23,282.739990234375,283.2900085449219,11.100000381469728,11.020000457763672,47.67697143114161,56.94534015570696,-91.34920604604392,125.29863241061916,-41.20324614242803,-52.56390358402572,126.00353019452442,47.91009659873857,-52.302495446846926,126.00354298709001,48.353586245465664,-52.30248961757582,126.0035429870907,48.35359320876022
2018-01-24,284.0199890136719,283.17999267578125,11.470000267028809,11.449999809265137,47.56767766488032,-10.929376626128828,1.6442154963063138,77.9190987798547,-86.52506248312932,86.07289133214911,78.91606813465434,-90.43459079481099,86.6558527981926,78.91611687896075,-90.02058290603705,86.6558908749348,78.91611687897856,-90.0205722384728
2018-01-25,284.1600036621094,283.29998779296875,11.579999923706056,11.640000343322754,47.666535530388686,9.885786550836428,-5.144830609108661,93.19169519114935,-94.80632004604745,87.79367520687707,94.39095728891185,-91.95303813545854,88.60520803903275,94.39104982433722,-91.5653088697841,88.6052888557902,94.39104982440475,-91.5652971511162
2018-01-26,284.25,286.5799865722656,11.079999923706056,10.460000038146973,50.852053485676166,318.551795528748,-63.29753435962353,-109.89008168814611,165.73593145747523,-231.323712384501,-109.38304871667583,226.4720342486755,-230.93460050781573,-109.38304226220684,226.58995534346084,-230.93459439014705,-109.3830422622066,226.58995568026103
2018-01-29,285.92999267578125,284.67999267578125,13.84000015258789,14.90999984741211,49.16735974929034,-168.46937363858245,27.3206697212147,73.13502219547664,-101.86791086875485,129.8742438873738,79.68152080518459,-128.67350027612528,133.23438069591907,79.69448336849666,-125.48713706612597,133.24245776812162,79.69448477733326,-125.4822515750055
2018-01-30,282.6000061035156,281.760009765625,14.789999961853027,16.200000762939453,46.54912063545733,-261.8239113833013,0.11567574848714512,95.3433787746034,-93.41018807409364,94.6182318612349,105.35096278536028,-89.92953258034017,98.36561398090387,105.39079561725806,-83.66932020134855,98.38109743634743,105.39080610516173,-83.6449708246633
2018-01-31,282.7300109863281,281.8999938964844,13.539999961853027,13.859999656677246,46.37656508977571,-17.255554568161813,1.8797148199013036,81.25866629553451,-87.10507462198943,87.93017070758296,85.25069035074436,-89.29401983043165,89.553389111854,85.25353473444935,-86.92521412669072,89.55471183848775,85.25353478725138,-86.92369246961952
2018-02-01,281.07000732421875,281.5799865722656,13.470000267028809,13.859999656677246,46.024549330640355,-35.20157591353552,-91.81802008616515,131.56034254085654,-43.88772348289136,-48.35456623439705,135.37365907442083,46.81201496583885,-46.10018342560125,135.3765088340627,48.3709487643879,-46.09804001134538,135.37650890784317,48.371655109773904
2018-02-02,280.0799865722656,275.45001220703125,17.309999465942383,18.86000061035156,41.73271159268026,-429.1837737960094,342.7066697063182,-211.46189696684098,-119.97703895640558,470.8733223538913,-192.235445622017,-456.7449808914821,481.6546976067789,-191.97483794267944,-448.2993323133012,481.8276124911099,-191.97426545643498,-448.21163928534776
2018-02-05,273.45001220703125,263.92999267578125,37.31999969482422,59.34000015258789,52.95318666908041,1122.0475076400148,4.933059883514426,-98.44608314460609,-87.9517535148562,263.9839536364771,-271.95214235878393,-330.0380911173719,405.4238104772709,-159.14150306373077,-599.8899009705165,472.52075261863024,-114.04739686190376,-539.2868752066707
2018-02-06,259.94000244140625,269.1300048828125,29.979999542236328,39.459999084472656,47.39943593941813,-555.3750729662277,-117.19529478804917,-149.71365288121385,-25.383328015482952,-429.2670318118797,-434.04721100419977,169.06827720234048,-776.2277745235317,-404.5536899289929,235.8263778852283,-760.4775925353844,-400.42277383477136,249.92740113310558
2018-02-07,268.5,267.6700134277344,27.729999542236328,32.86000061035156,44.18907322879524,-321.03627106228953,-80.26724335117443,296.4219466419354,-127.58464945942853,106.68013809841027,392.95071803502447,-0.28898156466532265,163.84156123810152,408.1718207374369,40.36065202780763,173.88421356266866,409.4541060765121,45.59900266259598
2018-02-08,268.010009765625,257.6300048828125,33.459999084472656,41.439998626708984,45.463736952033756,127.46637232385183,-112.45481143965003,-139.45178429105277,-109.20562285662997,50.10319439592255,-492.6052853166262,-405.56065989395233,127.42937130717146,-489.5505322273232,-828.8478099290629,149.12737711926727,-482.3580043256114,-846.6355002316996
2018-02-09,260.79998779296875,261.5,29.059999465942383,31.63999938964844,42.101010929088474,-336.27260229452816,-127.28515456924916,269.2198858598171,-67.47560118365509,-17.910440378819303,351.63773352850006,105.19009813348123,21.924099767018014,361.8582611762491,148.35868504659925,27.17006529552435,362.4435405665215,153.34918825738768
2018-02-12,263.8299865722656,265.3399963378906,25.61000061035156,26.829999923706055,40.25948505139584,-184.15258776926322,-128.59679934200796,160.66029531963684,14.861722568987526,-117.80295704994776,215.544231428019,171.10398952716332,-91.22269238665109,219.32004535861822,199.49862746949307,-89.2343169455412,219.41101185586243,201.2868812246407
2018-02-13,263.9700012207031,266.0,24.969999313354492,25.290000915527344,39.939350688427425,-32.013436296841746,-124.44107911114727,84.64001273657685,77.66423094125797,-180.1257879241728,130.46189486503405,223.0157591417063,-156.47853448394733,132.88870151587997,245.2308436441404,-155.0750587539338,132.9291573300824,246.2544057053158
2018-02-14,264.30999755859375,269.5899963378906,19.260000228881836,18.729999542236328,37.538618177251294,-240.07325111761304,-99.8322124453126,-267.26793124615205,314.9155305476069,-466.79704446601386,-311.4938268282463,417.3462240666746,-516.194967823082,-311.36003408372784,422.5184197333616,-516.0891667906211,-311.3598661920147,422.54641147679945
2018-02-15,271.57000732421875,273.0299987792969,19.1299991607666,18.579999923706055,40.05601654264085,251.73983653895533,-129.8818942820799,133.84034975625312,4.15798519077171,-130.49429646469096,149.9155079829642,141.3592736952906,-124.3593093507034,150.06404454861888,151.29959482080366,-124.30079715641727,150.0641945614085,151.3896192115572
2018-02-16,272.32000732421875,273.1099853515625,19.459999084472656,18.68000030517578,40.25998673380624,20.397019116538928,-101.24828995939572,126.63083488635553,-16.608071861100914,-76.44898046862282,143.3640255139761,88.0096799350352,-65.6188550231093,143.55025191452955,93.91306227732457,-65.4731232367488,143.55056907471194,93.95355698016628
2018-02-20,272.0299987792969,271.3999938964844,20.600000381469727,20.63999938964844,39.41732754724416,-84.26591865620736,-57.20576025164738,194.40386323938375,-120.43899664852324,74.0878705828292,219.1216871403584,-54.226611683753596,87.4357347261421,219.62383970022088,-42.854634347203046,87.7513394001771,219.62585727910965,-42.66808463277967
2018-02-21,271.8999938964844,270.04998779296875,20.020000457763672,20.010000228881836,37.94065935001799,-147.6668197226175,74.5892299586524,53.85662854396001,-114.68905899120571,197.6040217683609,75.57214561713356,-180.89576108187498,208.45906030478787,75.92360679221278,-170.03431504441613,208.66021796660846,75.92457429292499,-169.88401100171134
2018-02-22,271.1000061035156,270.3999938964844,18.719999313354492,18.1299991607666,37.3029423065897,-63.77170434282888,-47.31281419407917,170.62819129125035,-117.37581629239557,75.41527041193612,184.52646965779127,-66.76593156130633,83.41352005491068,184.63624770364532,-60.86579495052027,83.48990710516534,184.63635559086512,-60.83240393960916
2018-02-23,271.7900085449219,274.7099914550781,16.489999771118164,14.979999542236328,39.703716603025484,240.07742964357845,-107.98562170763529,-73.4946861709096,178.54344600233043,-286.98285595306214,-68.47283048536814,286.6517386850642,-284.76002221876723,-68.46708587715142,289.45076088046267,-284.757014468683,-68.46708563299966,289.4534977385956
2018-02-26,275.92999267578125,277.8999938964844,15.800000190734863,15.15999984741211,42.20635959218484,250.2642989159355,-103.42113282627909,11.800580067572211,89.52290468670022,-192.60886031071945,17.661649557334805,193.12066471146207,-189.59781385688262,17.671102030084086,195.97068850597185,-189.59185102108444,17.671102788668126,195.97417814292697
2018-02-27,278.1099853515625,274.42999267578125,18.59000015258789,18.1200008392334,40.201906396275135,-200.44531959097043,248.56278462558222,-121.8627528567142,-119.03258852292683,373.9651566191467,-106.23659204900596,-363.5471387697972,382.9678716905468,-106.08601744559759,-356.92349388635523,383.07199218315805,-106.08581829846375,-356.87703973412044
2018-02-28,275.67999267578125,271.6499938964844,19.850000381469727,19.190000534057617,38.58722595720428,-161.46804390708525,307.5971103707568,-190.43250825566568,-105.60343921076162,418.9702279227491,-170.912627789569,-404.5526670382274,427.2806243194305,-170.6562298093767,-393.34271012392566,427.3981964601593,-170.65575696449025,-393.203884142268
2018-03-01,271.4100036621094,267.70001220703125,22.469999313354492,23.88999938964844,37.44369462137067,-114.35313358336145,218.77109758076185,-49.612385791364865,-134.58176126102012,377.7510668739407,-7.076717701223576,-338.50140239919074,404.26856391374037,-5.004003754850503,-322.45115337785114,405.7767240980331,-4.971925783852413,-321.8864313308023
2018-03-02,265.79998779296875,269.0799865722656,19.59000015258789,18.8700008392334,36.315039435578164,-112.86551857925033,-120.38153823440162,-73.49067585351554,201.15566126996168,-317.09420963975197,-58.248511109700395,327.1113498250944,-310.0350895110563,-58.11481810640251,335.29453341483975,-309.9646646820725,-58.114679131776434,335.35780161050775
2018-03-05,267.7300109863281,272.19000244140625,18.729999542236328,18.260000228881836,38.073947513998434,175.89080784202693,-121.89092907277846,-188.79518447040394,316.31693663971805,-434.92645625391833,-175.20564381211227,443.2535859838393,-429.0153270468698,-175.10933717872692,450.9320667312534,-428.9686822605544,-175.10926788255588,450.98172858474635
2018-03-06,273.29998779296875,272.8800048828125,18.36000061035156,17.229999542236328,38.39915294460532,32.52054306068857,-84.58988881695771,211.81788636844095,-123.55775390298353,43.94692713332462,223.44684757870857,-37.60683521674901,51.59164473154021,223.5166958467845,-33.6225451930938,51.64778716593117,223.51674225838764,-33.60883935577752
2018-03-07,270.4200134277344,272.7799987792969,17.760000228881836,16.709999084472656,37.978014540840846,-42.11384037644734,-88.87035136785146,-60.47860113616397,151.1480601842108,-235.74464190170775,-50.720775894200294,240.1876184983802,-228.79742945897885,-50.676906977723156,242.9982498052018,-228.75947705242422,-50.676888470136404,243.00416631586197
2018-03-08,273.54998779296875,274.1000061035156,16.540000915527344,15.859999656677246,38.57500389459422,59.698935375337214,-123.29185127582957,200.39251489651616,-77.44136417768603,-45.90834459935274,208.01053190128965,48.18556965243513,-43.29857230914886,208.02845751137144,53.19381631057076,-43.29237662480614,208.02845945493758,53.20554623632308
2018-03-09,275.70001220703125,278.8699951171875,14.640000343322754,13.529999732971191,42.42937197930196,385.4368084707744,-106.24292716333909,-103.81618806545065,205.00352030364544,-312.81641431119573,-100.91306542883308,310.36189106075835,-311.7076278717596,-100.91199375412612,312.156227264697,-311.70716169621323,-100.91199374736883,312.1568327638577
2018-03-12,279.20001220703125,278.5199890136719,15.779999732971191,15.239999771118164,42.216723967244775,-21.264801205718697,-44.97406022064505,157.3715616229819,-113.68473009899827,70.29784765482654,164.04305048807453,-68.97036464227907,74.56138221130047,164.0577621972835,-66.56240826227241,74.573091814163,164.05776426867143,-66.55940615590572
2018-03-13,279.8399963378906,276.7200012207031,16.350000381469727,15.359999656677246,40.65173341458696,-156.4990552657818,218.68823893159538,-121.21116527471526,-98.55532023240131,317.81048277225386,-114.33069428847548,-316.27416739110737,321.0503144849419,-114.3161323318077,-312.6335264476348,321.0584254066894,-114.31613066188687,-312.62707541270026
2018-03-14,277.80999755859375,275.29998779296875,17.229999542236328,17.280000686645508,39.59779787306575,-105.39355415212057,152.49689489434076,-43.40921425339099,-104.68540700218921,260.2754388341657,-31.04822305286541,-253.197833735719,266.01255859059063,-30.972891593179085,-246.57391804910722,266.0525018980859,-30.972847350668097,-246.53852989375187
2018-03-15,275.8800048828125,275.0,16.59000015258789,15.960000038146973,39.071321895419466,-52.64759776462853,-9.178528190034394,110.93995297063726,-101.86266571094836,93.86576293108763,118.79742960206076,-91.34548193350602,97.71782247310135,118.8189515299879,-87.34006104237083,97.73041901801632,118.81895533171333,-87.33113565930105
2018-03-16,274.5,274.20001220703125,15.800000190734863,14.93000030517578,38.06444765025106,-100.68742451684045,-77.94589641568602,181.74888032781362,-105.78747281490843,29.77436787019598,187.72310898679424,-29.147751491802797,34.38565380299943,187.73421426796827,-27.784807643067055,34.39589475401508,187.73421539052688,-27.783943312902725
2018-03-19,273.3500061035156,270.489990234375,19.020000457763672,21.950000762939453,35.97869057933835,-208.5757070912713,141.27420576645446,15.841784686190488,-132.58619815616692,291.697773461107,48.33029454443432,-263.5210946838,311.93740901055776,49.37718102526316,-251.26345134782798,312.7060984389734,49.385950052442304,-250.98523374784182
2018-03-20,270.94000244140625,270.95001220703125,18.200000762939453,19.700000762939453,35.90667038634916,-7.202019298918572,-113.06430886199422,240.37572486508694,-115.2458363043512,9.895752156692497,260.40002212559455,5.054840709521693,20.174092049845328,260.6850352930673,14.801451636007348,20.343711268787846,260.685688852198,14.91684586879092
2018-03-21,270.8999938964844,270.42999267578125,17.860000610351562,18.520000457763672,35.26212505289198,-64.45453334571809,-59.38086260631683,177.29447452418688,-110.66885173383227,56.264546706587446,192.4979522699904,-46.28464038455704,63.86407067967841,192.633098407983,-38.680537667012096,63.94279044885322,192.63324735281546,-38.6241112732985
2018-03-22,267.9100036621094,263.6700134277344,23.34000015258789,26.309999465942383,33.572901217824054,-168.92238350679278,306.4829452331656,-139.16194930207448,-121.1406696137555,453.71280310447025,-85.02290542297877,-401.266148393386,480.86639620279965,-81.35657702923008,-374.1936086533827,482.888989126205,-81.26948806999314,-372.5490994451021
2018-03-23,264.1700134277344,258.04998779296875,24.8700008392334,28.219999313354492,31.49923285585217,-207.36683619718832,284.54572371959046,-197.00434531473158,-126.89891371512988,445.98333405163504,-228.40316306323675,-477.21320850835787,481.1606858961441,-222.87550220968853,-543.5946471849232,484.59771387724516,-222.68077129323967,-541.5010549752128
2018-03-26,262.1300048828125,265.1099853515625,21.030000686645508,22.280000686645508,32.54203053589201,104.27976800398397,-115.6547649209471,-49.52031615576973,186.13377370833513,-287.8290769317687,-20.60290596238736,312.1512935893562,-271.4457785367654,-19.839381936418143,324.69006693879555,-270.9386049323859,-19.834720385357784,324.94642475473506
2018-03-27,266.1700134277344,260.6000061035156,22.5,22.950000762939453,30.5449286009569,-199.71019349351096,343.841705899364,-230.57139824298469,-127.0684507440474,488.18022618785045,-236.41082376888625,-498.20506043602745,507.7409140735253,-235.2375149293951,-523.5945552707623,508.5235325760592,-235.22689635255364,-523.2038369566983
2018-03-28,260.75,259.8299865722656,22.8700008392334,24.940000534057617,30.275436449867442,-26.94921510894588,-13.381449969059986,163.55263125406904,-115.84900983148947,120.31588358121608,205.83352026935412,-81.44433746963814,139.88178109802928,207.78289492741243,-58.70385018727495,140.85978096348694,207.8083907113038,-57.73237286980726
2018-03-29,261.1199951171875,263.1499938964844,19.969999313354492,20.56999969482422,30.234115599812846,-4.132085005459629,-111.91242699384861,31.577812013837892,93.06974780838989,-195.71143066601968,52.27166240398071,211.365748528439,-183.8624800878769,52.59084743802094,220.2115208836381,-183.64457608534855,52.59171998122001,220.312802399469
2018-04-02,262.54998779296875,257.4700012207031,23.6200008392334,27.309999465942383,29.022183672519176,-121.19319272936693,311.4956838910631,-202.3908246369352,-112.43970064808907,448.10946640794015,-197.7669484691317,-444.6479545726437,472.6588087527412,-193.57059523987397,-464.4672645684603,474.50050920287026,-193.46443905869302,-462.1116549092179
2018-04-03,258.8699951171875,260.7699890136719,21.100000381469727,23.479999542236328,28.957176276423652,-6.500739609552397,-125.50822984527424,91.56524644278397,59.37241844205558,-170.6638521109505,124.95339904411294,199.77042016629534,-154.24795838651264,126.03053205989244,216.75110922743144,-153.65361970952043,126.03896224413742,217.23392161011688
2018-04-04,256.75,263.55999755859375,20.059999465942383,21.950000762939453,30.09316789433671,113.59916179130565,-127.29961920075914,-244.45215129321377,232.99679649901418,-507.2762891041029,-375.2484077264018,371.6323855137305,-651.8305551072988,-374.73733732181535,385.3923089421523,-651.5738896920914,-374.73542346340145,385.6467154738759
2018-04-05,265.54998779296875,265.6400146484375,18.940000534057617,19.93000030517578,30.94611942353706,85.29515292003502,-96.51062311628566,209.46275330973182,-101.04068153074188,9.631613808327424,229.3329195342021,5.1434910554621265,17.253108304092525,229.59657573528733,17.39263438220735,17.357120993249243,229.59704733332748,17.552278023420232
2018-04-06,263.4200134277344,259.7200012207031,21.489999771118164,23.059999465942383,28.28270611962145,-266.34133039156075,219.77122762378502,-58.73311864369024,-134.8082728460737,374.0329843711719,-24.544564947903403,-344.0033754148232,395.8725851053007,-23.34479212557572,-331.64289326706444,396.7778477443252,-23.333262939475063,-331.3483506336628
2018-04-09,261.3699951171875,261.0,21.770000457763672,23.829999923706055,45.166836129488104,1685.8130009866654,-110.88402162467787,273.3536715928615,-133.34181312625395,43.215823752452984,310.4402259965573,-10.01938061840548,66.25986144032481,311.90883228867517,4.039951085286278,67.33292087428592,311.9256472765429,4.435558005298359
2018-04-10,264.2699890136719,265.1499938964844,20.469999313354492,20.920000076293945,43.681606901026655,-148.52292284614492,-108.20740688608714,137.1484256527182,-13.284914351788776,-82.94926391072065,160.76324762932595,101.66403403199345,-68.41790992167002,161.22191333575645,110.74931013668142,-68.0806816758282,161.2237214528873,110.87074918695342
2018-04-11,263.4700012207031,263.760009765625,20.239999771118164,20.3700008392334,42.759745005774946,-92.1861895251709,-99.55208094754494,172.02842247821638,-58.86122354522956,-28.60803535689602,193.60225802542487,45.19251240171662,-13.913650149064624,193.9716170848037,52.07318152650327,-13.612159495856988,193.97283587021312,52.14105074019499
2018-04-12,265.260009765625,265.92999267578125,18.489999771118164,17.81999969482422,39.971904566351284,-278.7840439423661,-98.47559920814135,131.2433843978157,-28.970209944420343,-64.62338799915763,142.99967720483642,71.09269986722849,-57.077278281278176,143.0714138276532,75.30293214270668,-57.02079508358884,143.07146301399015,75.31818557195223
2018-04-13,267.4100036621094,265.1499938964844,17.40999984741211,16.360000610351562,37.58276241483702,-238.9142151514264,98.25660169182643,26.802942445218992,-124.79026331768682,226.27777042105205,35.03094082633351,-223.38108547020872,232.1846013461796,35.058344957818235,-221.05991074378733,232.20857204116888,35.05835222825271,-221.056477307138
2018-04-16,267.0,267.3299865722656,16.559999465942383,16.56999969482422,36.58797935102926,-99.4783063807759,-104.3811271634954,178.67658890785518,-74.17779926972338,-28.477980894378806,186.75296894424565,31.219710345715576,-24.08122520501721,186.77703592094605,34.89933990260095,-24.065108959619618,186.7770411308025,34.90729063400611
2018-04-17,269.3299865722656,270.19000244140625,15.25,15.350000381469728,35.30746174723055,-128.05176037987138,-85.44403128146875,82.29989581332731,1.0495793204851522,-85.05104774828355,88.16405722743171,85.56699354892883,-80.93051618616542,88.17455917573332,87.3106244706764,-80.92140433456072,88.17456024549462,87.31201456737956
2018-04-18,270.69000244140625,270.3900146484375,15.600000381469728,14.640000343322754,35.97588679733056,66.84250501000122,-49.94415085457946,132.49191995904698,-86.1821210907932,35.23842057276567,136.81628553448795,-36.269224913978725,36.91623004659197,136.81983317960058,-33.622668732149585,36.91777802333822,136.81983325981503,-33.62066906378313
2018-04-19,269.6499938964844,268.8900146484375,15.960000038146973,15.5,35.941047920804095,-3.4838876526464446,-5.360634775505632,91.99194011665543,-88.57012112691793,82.81440911450345,98.01184189264686,-82.14392713938132,85.09322287570818,98.02113965353716,-78.40283856660957,85.09705265067538,98.02114021152211,-78.39737058068457
2018-04-20,268.80999755859375,266.6099853515625,16.8799991607666,16.229999542236328,36.71993324041651,77.88853196124137,127.26406263456175,-29.462344415503082,-98.26171307036661,226.29019919167825,-21.963621705047508,-224.13171892313653,229.7254466112198,-21.945146585197882,-220.06824096537125,229.73538626571076,-21.945143918346567,-220.05970549998094
2018-04-23,267.260009765625,266.57000732421875,16.34000015258789,16.440000534057617,35.54335226194584,-117.65809784706676,-50.04739811012151,168.33298041478253,-118.17168873929297,70.76035900552488,176.4055915419081,-68.02096242974038,76.07107264748966,176.43109455232454,-65.25905858943119,76.09186186286817,176.43110090747294,-65.25434479425984
2018-04-24,267.7300109863281,262.9800109863281,18.020000457763672,19.170000076293945,37.50116400865254,195.7811746706696,373.7495283076264,-261.08248988852483,-105.61079331750626,484.254488246738,-246.06752722516472,-474.4201015441313,491.7365804778259,-245.88938562415336,-466.88699496385834,491.823208160909,-245.88914947615257,-466.79548099770415
2018-04-25,262.9100036621094,263.6300048828125,17.84000015258789,18.709999084472656,37.29463112806778,-20.653288058475994,-114.94447191592744,167.73037427413706,-46.88849572132183,-63.71192567480135,181.586498472789,72.31458504104731,-56.73125874549883,181.69175120214717,79.19013454327305,-56.66876758098598,181.69184343502351,79.23289611975574
2018-04-26,264.7900085449219,266.30999755859375,16.239999771118164,16.010000228881836,35.112409802731406,-218.22213253363714,-110.78566991967033,73.56733977897986,35.643741577213085,-146.2522404969601,79.95146877726484,147.2892124612178,-143.4011932611557,79.96302930499984,150.82229524462088,-143.39511551452387,79.96303032592239,150.82777802573054
2018-04-27,267.0,266.55999755859375,15.40999984741211,14.4399995803833,33.623332767213654,-148.90770355177523,-50.310094199937105,143.6619757318353,-97.77745349428183,46.74764564654017,147.195121331203,-48.57098814897925,48.70664493520012,147.19735079114753,-46.996841793806546,48.70822854747521,147.19735083561247,-46.996195946137064
2018-04-30,267.260009765625,264.510009765625,15.93000030517578,16.450000762939453,33.70929069368594,8.595792647228961,155.90606941553355,-37.560038382453634,-118.20565173985067,276.7641292909552,-29.46094152746148,-273.9980136652751,282.09113341920136,-29.43520519501057,-271.2259144672933,282.11210667761304,-29.43519872377467,-271.2211513931165
2018-05-01,263.8699951171875,264.9800109863281,15.489999771118164,15.699999809265137,33.003264541906745,-70.60261517791986,-105.55411160544159,102.2267595949051,0.9087912444351054,-106.45645841505475,107.76691639056726,106.64578180918481,-103.77387581736147,107.77480055079866,109.50335651765889,-103.76921235860533,107.77480106130389,109.50657721913632
2018-05-02,264.760009765625,263.20001220703125,15.970000267028809,16.530000686645508,33.263630094402046,26.036555249530124,65.77747866860614,30.33043613209381,-96.39679146837274,162.84734131484208,38.00027702619231,-160.51679923080738,166.19011252981284,38.01969577789979,-156.18972671813145,166.19987178021364,38.01969861144803,-156.18006721679063
2018-05-03,262.260009765625,262.6199951171875,15.899999618530272,15.75,32.906202030418626,-35.742806398342,-88.30547613544468,138.5678657783062,-52.512587301105036,-34.629909548142486,144.276385681828,34.989373602237414,-30.78910832781887,144.2860473941664,36.85709320708212,-30.780983489532442,144.28604831581293,36.8586300811393
2018-05-04,261.5199890136719,266.0199890136719,14.770000457763672,13.859999656677246,31.918428239453448,-98.77737909651785,-113.7502638993643,-221.47777333918103,329.8280248197956,-445.54356894499756,-218.91906819616693,442.74421130288937,-444.8299687013207,-218.91841341952534,444.58931620396663,-444.8297922369084,-218.9184134177854,444.58979451619587
2018-05-07,266.8900146484375,266.9200134277344,14.75,14.220000267028809,32.08895382182841,17.052558237496385,-90.26912755635942,177.08155401131893,-91.59996287282112,0.21431629923245543,180.2527351552171,-2.400313628221815,1.7765743622730112,180.25427424408943,-0.7913905283321676,1.777531748275487,180.2542742631214,-0.7908088254623835
2018-05-08,266.5,266.9200134277344,14.710000038146973,13.979999542236328,31.970200739667348,-11.875308216106362,-70.27508827070525,94.05731063196464,-28.35282263508232,-41.87224091690454,97.44542791991147,39.903789142322466,-39.14296374293136,97.44757641915241,40.56262929459977,-39.14092156946378,97.44757645745597,40.56273562037311
2018-05-09,267.67999267578125,269.5,13.420000076293944,12.130000114440918,30.79230797348697,-117.78927661803777,-97.58071502702565,11.150954884424394,79.50142979642737,-179.4125221863495,12.181342100009788,175.08423290532775,-179.0635656432035,12.181383165161867,175.76566357777412,-179.0635494528921,12.181383165168905,175.7656884526148
2018-05-10,270.3399963378906,272.0199890136719,13.229999542236328,12.43000030517578,31.685099198754074,89.27912252671035,-68.62496312588223,-34.56508998439826,96.73085037024362,-166.87496569180385,-33.0655751626703,163.01595261920994,-165.71477015316472,-33.06538549522737,163.355271902574,-165.71459153229517,-33.0653854949521,163.35528294914744
2018-05-11,272.1600036621094,272.8500061035156,12.649999618530272,11.239999771118164,31.168413171002584,-51.668602775149,-69.42474120027191,66.33415425852543,-4.251097521645006,-67.42185791068246,66.95118735689816,62.68018541729965,-66.99071448694465,66.95119932690694,62.86607509193566,-66.99070364203259,66.95119932690793,62.86607621703231
2018-05-14,273.3399963378906,272.9800109863281,12.93000030517578,11.920000076293944,31.547093185731924,37.868001472934054,-64.25444924973613,160.7173985457892,-103.23921376208604,37.233306375043874,161.8998516415244,-41.40947959220471,38.1612024266756,161.8999428903966,-41.15492254804229,38.1612890835984,161.8999428904555,-41.154917956092895
2018-05-15,271.5899963378906,271.1000061035156,14.630000114440918,14.289999961853027,33.310889768720855,176.3796582988931,-24.511863126414045,100.88608403912394,-80.43170802043564,54.54200075853766,104.78731449316044,-55.99699267890028,55.841882644330255,104.78980968052355,-53.395644077409905,55.84274505796054,104.78980971377001,-53.39401130367707
2018-05-16,271.1400146484375,272.239990234375,13.420000076293944,12.359999656677246,31.83875183079195,-147.2137937928906,-77.14147756248659,41.09848590298868,29.404784856883182,-108.35288348692852,42.41899666214737,104.31480117039999,-107.4801631188902,42.419121148233586,104.76259156164954,-107.48005597809734,42.41912114836273,104.76260890694292
2018-05-17,271.94000244140625,272.010009765625,13.43000030517578,12.020000457763672,31.69062332362303,-14.812850716892001,-84.69502058210054,159.67091619245275,-81.90402001855006,-4.928206664860577,160.70150934601983,0.6001335345135828,-4.386068963175058,160.7015606238708,1.0885889864143983,-4.386032663216463,160.70156062388995,1.0886039643067469
2018-05-18,271.6199951171875,271.3299865722656,13.420000076293944,11.479999542236328,31.28239988167293,-40.82234419500992,-31.001934610962344,88.76334657361265,-64.96391779023841,31.499738750299656,89.51955830779309,-36.10223032557338,31.716843235763896,89.51957256010746,-35.563123076856606,31.71684762163325,89.51957256010806,-35.56311321041152
2018-05-21,273.010009765625,273.3699951171875,13.079999923706056,11.369999885559082,31.686878794148228,40.44789124752981,-77.49060960982322,115.7987532711023,-45.6031884922272,-34.17947391438531,116.46242600191775,29.484442783686028,-33.79217072653546,116.46243970216659,29.760812326652953,-33.79215982253065,116.46243970216793,29.760815122896993
2018-05-22,273.9599914550781,272.6099853515625,13.220000267028809,10.920000076293944,31.44813221061895,-23.874658352927725,61.73743858789809,8.296234437161589,-77.52511367903622,136.83856223325657,8.763511344949839,-141.72999857910966,137.0939299463984,8.763515653073254,-141.51808938446317,137.09393322045977,8.763515653073364,-141.5180883504011
2018-05-23,271.1700134277344,273.3599853515625,12.579999923706056,10.0600004196167,30.831938563386686,-61.61936472322651,-60.97984658980497,-100.68920682921373,153.9127420636843,-217.421583841508,-100.48680062278072,212.2652728322997,-217.27122026700965,-100.48680027665463,212.31731546423435,-217.27121993925363,-100.48680027665463,212.31731548260439
2018-05-24,272.9100036621094,272.79998779296875,12.529999732971191,10.329999923706056,30.39885562464523,-43.308293874145676,-55.6349413284859,118.89904720748622,-70.96566884332873,12.780908340621247,119.15620180492205,-17.882470713084352,12.910447782574222,119.15620239678722,-17.754855557601633,12.910448209735373,119.15620239678722,-17.75485539289756
2018-05-25,272.1499938964844,272.1499938964844,13.220000267028809,11.460000038146973,31.070502713028432,67.16470883832031,-71.29403130926548,139.13227793048836,-75.06821783233147,1.594931888585085,139.8610242811411,-6.2248830623716085,2.095033907540935,139.86104431846329,-5.996238730671719,2.095051817414608,139.86104431846618,-5.996236603223279
2018-05-29,270.30999755859375,269.0199890136719,17.020000457763672,17.239999771118164,35.81091431495703,474.04116019285993,2.541270957296662,124.0335598889734,-123.464284004994,130.68288978043466,135.10282429201584,-124.91112265772487,138.02811445096452,135.1640445734495,-121.18704696657954,138.0778639834226,135.1640805320823,-121.17557621522927
2018-05-30,270.5,272.6099853515625,14.9399995803833,13.260000228881836,33.8194695436286,-199.14447713284318,-67.21973787258257,-80.96788640163274,142.8804278788644,-210.6072072206808,-78.31636523521615,207.9010408256069,-208.43493193556776,-78.31533523493904,208.38028671509167,-208.43394396184405,-78.31533522675792,208.380328741645
2018-05-31,272.1499938964844,270.94000244140625,15.43000030517578,14.119999885559082,33.790641735269915,-2.8827808358684592,18.71523104296251,81.54175582300559,-104.66925365453507,122.96137524098629,85.08820659620505,-124.77126349263125,125.21717525932522,85.09058513312709,-123.48061268440162,125.21910448835757,85.09058518649611,-123.48016337651197
2018-06-01,272.4100036621094,273.6000061035156,13.460000038146973,11.4399995803833,31.90091007819028,-188.97316570796363,-60.061674177812314,-2.8150361703548987,55.795166941018756,-117.80419150588506,-1.937862015742462,113.32268317403027,-117.07218405925099,-1.9378269404487924,113.46784988201576,-117.07214993115429,-1.937826940441687,113.46785082921275
2018-06-04,274.5299987792969,274.8999938964844,12.739999771118164,12.020000457763672,31.434677390239187,-46.62326879510914,-96.81430218973854,155.58004180983744,-65.44592104787334,-33.72500573478867,156.8585779438309,29.64489729649606,-33.40232739710276,156.8586509333128,30.6007550928191,-33.40231025789999,156.85865093332828,30.60081094309826
2018-06-05,275.04998779296875,275.1000061035156,12.399999618530272,11.68000030517578,31.0268054954365,-40.78718948026889,-78.0964081608545,148.1096970936813,-77.0664634080288,-3.158319306262334,149.0152401802494,-1.2948180343647508,-2.6073419495772776,149.01527731482435,-0.940252304471143,-2.607311685761735,149.0152773148349,-0.940245433711715
2018-06-06,275.7900085449219,277.3999938964844,11.640000343322754,11.029999732971191,31.435138304272876,40.83328088363771,-87.08356331030204,10.358986562405152,69.32285370983368,-158.8601540481543,10.915981086106767,154.0584372881966,-158.6345352408845,10.915987364212201,154.3898130046285,-158.63453190837112,10.915987364212379,154.38981595022065
2018-06-07,277.95001220703125,277.3699951171875,12.130000114440918,11.899999618530272,32.002263245616625,56.712494134374936,-22.03351303265999,99.51092381343292,-84.29873332790001,60.19178108631021,100.64831882807162,-64.41303362345982,60.79768043120539,100.64838883804919,-63.881537953680144,60.79773021412726,100.64838883808525,-63.88151772662447
2018-06-08,276.8500061035156,278.19000244140625,12.18000030517578,11.5600004196167,32.56466132051705,56.23980749004218,-87.59862481119082,38.64538634654855,41.85949844460735,-131.74124245263778,39.51036388827385,127.24752977254505,-131.345013646106,39.51039122821607,127.71627850774311,-131.34499708366533,39.51039122822058,127.71628928524467
2018-06-11,278.44000244140625,278.55999755859375,12.350000381469728,12.529999732971191,32.89979934810731,33.513802759026134,-67.37544166386878,118.73661578703872,-57.21197464448162,-11.144885550659753,120.8445328274951,7.894605484610809,-9.446969277230652,120.84505328275793,8.30460625368035,-9.446472798154668,120.84505328480012,8.304630229867163
2018-06-12,279.0299987792969,278.9200134277344,12.34000015258789,12.029999732971191,33.085184437458324,18.53850893510156,-74.29676186537303,156.90307763008508,-89.26962336687112,13.054690039791852,158.19848758968124,-17.117887354491778,13.815853022791094,158.19859787714051,-16.583640377797625,13.815938974076028,158.19859787723763,-16.583616041623394
2018-06-13,279.19000244140625,278.0299987792969,12.9399995803833,12.65999984741211,33.234462549277445,14.927811181912176,18.056411634377213,76.94352090751482,-100.94145020243462,117.68476288020187,78.96072080872418,-121.02582805644568,119.05096143227992,78.96117329302291,-120.37482670552741,119.05135264436105,78.96117329480992,-120.37476543330979
2018-06-14,279.010009765625,278.7300109863281,12.119999885559082,11.039999961853027,32.59849668786748,-63.596586140996436,-49.88443174095585,124.64799715915746,-82.10339842657667,29.901333596465626,125.26688171254443,-34.64115565555217,30.263057056171917,125.26689266183291,-34.38399456187071,30.263065773442378,125.26689266183374,-34.383992329852674
2018-06-15,276.6000061035156,277.1300048828125,11.979999542236328,10.84000015258789,31.31441933729314,-128.40773505743428,-96.41379818907716,137.32518590210532,-48.32861071919432,-50.62334852927501,137.8666804577074,45.806130164092785,-50.48215421022697,137.8666850986913,46.206430400646845,-50.48215297168659,137.86668509869136,46.20643380309042
2018-06-18,275.489990234375,276.55999755859375,12.3100004196167,11.6899995803833,31.246781436995263,-6.7637900297874864,-59.28414054074624,7.4591071548645775,45.091052655502644,-106.00740578429094,8.683843986251752,101.87352038198866,-104.96026171042018,8.683939314328407,102.05111313955814,-104.96016850130988,8.683939314381542,102.05111525852456
2018-06-19,274.0,275.5,13.350000381469728,12.970000267028809,31.98117925455383,73.43978175585661,-88.06991732785018,24.038624925444886,58.07267938745839,-147.69897852046807,26.03872947226136,144.34077312296515,-146.57610963138643,26.039137089705136,145.21800878209658,-146.57581010065653,26.039137091101928,145.21811686881054
2018-06-20,276.2699890136719,275.9700012207031,12.789999961853027,12.15999984741211,31.435872809957317,-54.530644459651256,-68.54144313603562,163.57689389526382,-101.56118864931224,31.396765072122328,165.00987356694517,-35.322338670057206,32.45313010858533,165.01003785909424,-34.94572403462552,32.45328109746788,165.0100378593077,-34.94571073135895
2018-06-21,275.9599914550781,274.239990234375,14.640000343322754,14.5600004196167,33.08030764338811,164.44348334307932,76.8541890075899,18.751184110519304,-98.971235419811,175.5825216441848,23.34403937058711,-176.34366872869506,178.01738991476003,23.348754587778522,-174.18568154738452,178.02051738368812,23.34875477959664,-174.18409379912063
2018-06-22,275.6600036621094,274.739990234375,13.770000457763672,12.15999984741211,32.010132035877454,-107.01756075106559,25.191452764951162,40.278042912401226,-72.08384925101578,95.04485212280309,41.62240690050134,-99.05911084200608,95.49370151603902,41.6225017549618,-98.16359624710353,95.49373687600571,41.62250175500011,-98.16353675260976
2018-06-25,273.44000244140625,271.0,17.329999923706055,17.68000030517578,35.614560393760726,360.4428357883272,106.7696269516081,29.505626109256312,-130.62015759711338,244.25125045419173,43.119439134774744,-235.88762207616736,253.77526981673722,43.22797204904811,-231.79771770389792,253.86699298705,43.2280827583446,-231.7809079452019
2018-06-26,271.6400146484375,271.6000061035156,15.920000076293944,15.15999984741211,33.525063066279245,-208.94973274814816,-75.8784532107365,160.5048370626501,-87.05382456435339,10.551993155009123,166.0361139119719,-10.372207922872187,12.603641553417136,166.04333985654864,-6.892579145078523,12.606535191607529,166.0433401834285,-6.888246838691378
2018-06-27,272.260009765625,269.3500061035156,17.90999984741211,17.90999984741211,35.80126607043189,227.62030041526486,164.38866169869726,-35.217701349510676,-123.47661190205105,293.8850461706323,-21.56463534060997,-285.48342492869125,302.5599276948285,-21.4573625458043,-280.50513316076837,302.6429426346628,-21.457255262586038,-280.4808752909268
2018-06-28,269.2900085449219,270.8900146484375,16.850000381469727,15.829999923706056,34.60741184517059,-119.38542252613047,-89.48295450955045,17.260467096801936,71.15540634999488,-158.64524400662933,24.15210359581026,160.19462497423004,-153.9754084722554,24.168565626164607,162.41642858747792,-153.9615866288446,24.16856827477816,162.4190687744514
2018-06-29,272.1199951171875,271.2799987792969,16.09000015258789,14.93000030517578,33.49016893438605,-111.72429107845403,-20.898377998208172,124.9435966727227,-106.99899953446598,86.47835483391198,129.94853337453165,-86.82574956409256,89.53398835830012,129.95491950430247,-84.8764459994259,89.5389159126914,129.95491989154834,-84.87498742404506
2018-07-02,269.510009765625,271.8599853515625,15.600000381469728,14.420000076293944,32.812153228545014,-67.80157058410339,-118.68806667780875,6.083451941882537,108.7037702488878,-228.8701103156596,10.14132501660894,227.5719773203641,-227.670967306495,10.144036508351787,230.43070742112164,-227.6701982160117,10.144036543547545,230.4326498223812
2018-07-03,272.8699951171875,270.8999938964844,16.139999389648438,15.170000076293944,33.181867246392926,36.97140178479117,104.57919429364793,-9.918253358350901,-97.10618670874763,201.67755455670928,-4.404781570036739,-201.5150345017382,204.3458834075169,-4.397015741615082,-198.6698910765888,204.35044566782332,-4.397015253972267,-198.66668750847174
2018-07-05,272.1700134277344,273.1099853515625,14.970000267028809,14.140000343322754,32.28342296595633,-89.84442804365926,-86.5241121352753,76.90297510530095,5.262217400795224,-92.1391824543414,80.5027730378888,90.38276214486059,-89.81312194437427,80.50527235758715,91.6564996266163,-89.81106797919189,80.50527241672215,91.65694498113231
2018-07-06,273.1400146484375,275.4200134277344,13.369999885559082,11.489999771118164,31.165991116605035,-111.74318493512985,-72.20137856822825,-87.0011836614613,152.00964307032325,-226.37144976079773,-86.23538525906595,221.77855385710882,-225.8525217588936,-86.2353620033887,222.02542425760387,-225.85250115994643,-86.23536200338472,222.0254269143341
2018-07-09,276.54998779296875,277.8999938964844,12.6899995803833,10.789999961853027,31.665687483214185,49.96963666091503,-98.93370450780809,60.43376852289195,31.081500086795153,-132.571650804033,60.97405018653714,127.75321925684793,-132.44874166683678,60.974054537473,128.1705917832969,-132.44874075015431,60.974054537473044,128.17059521755033
2018-07-10,278.4100036621094,278.8999938964844,12.640000343322754,10.65999984741211,32.218509129431,55.28216462168132,-56.517352819889254,60.25063880866524,-11.111145553991728,-47.59025609546301,60.831496805220574,42.81240586762561,-47.09494632816071,60.83150614259898,42.89795409687913,-47.09493717479322,60.8315061425994,42.897954280889984
2018-07-11,277.1499938964844,276.8599853515625,13.630000114440918,11.800000190734863,32.13357826055661,-8.49308688743875,-60.79122115191418,147.35495798490325,-93.43328107944907,30.696101329316924,148.44413130020885,-34.96557654577901,31.429492827890982,148.44420033020688,-34.60979472900984,31.429553173799874,148.4442003302444,-34.609786044920845
2018-07-12,278.2799987792969,279.3699951171875,12.579999923706056,10.600000381469728,32.37438249199576,24.080423143914942,-61.48156484001526,10.3426122440774,43.663817093324006,-107.44342664160166,10.826194303225337,102.56829670452444,-107.06211279838024,10.826199868761835,102.67056492045103,-107.06210746223742,10.826199868762012,102.67056514984478
2018-07-13,279.1700134277344,279.5899963378906,12.18000030517578,10.06999969482422,32.0203221376332,-35.406035436255934,-62.95541616310454,80.40143222760955,-25.127968218777518,-40.304079941481085,80.67819763509752,35.22212872533073,-40.10135321710637,80.6781985732197,35.29616740844401,-40.10135233833483,80.6781985732197,35.29616746779458
2018-07-16,279.6400146484375,279.3399963378906,12.829999923706056,11.5,32.46931699374624,44.8994856113039,-32.95680802170564,94.11113694963471,-68.14243085565917,32.80667136697291,95.08175258366515,-37.194740428812544,33.10705686366171,95.08178544955553,-36.52451029146724,33.107067912338884,95.0817854495593,-36.52448847425396
2018-07-17,278.4700012207031,280.4700012207031,12.0600004196167,10.5600004196167,32.33669910068531,-13.261789306093164,-53.49960495813193,-96.84649246272838,142.96104616794034,-198.63492887128845,-96.27282615388148,193.84988608450033,-198.1298479436198,-96.27281768774975,193.91847146567878,-198.12983958547986,-96.27281768774944,193.91847157367062
2018-07-18,280.55999755859375,281.05999755859375,12.100000381469728,10.029999732971191,32.76115403114516,42.445493045985216,-94.48409594833713,136.1318678077363,-49.29900166439707,-47.79944411554953,136.43935556450433,42.74821496557306,-47.73443569445013,136.4393562195257,42.990694301241625,-47.73443556760226,136.4393562195257,42.99069482941513
2018-07-19,280.30999755859375,280.0,12.869999885559082,11.149999618530272,32.82573573370469,6.458170255952922,-64.36761347119797,156.10786323920675,-98.87454159107938,32.47400679101877,156.9322889778945,-37.00826891206888,33.1204428157333,156.93231867991497,-36.830279198090054,33.120471090453556,156.9323186799206,-36.83027777078982
2018-07-20,279.7699890136719,279.67999267578125,12.859999656677246,11.010000228881836,32.55142306917549,-27.4312664529198,-56.98104069000449,120.34910471801506,-70.69794140164875,11.283672792474311,120.97794490613666,-16.013541060288738,11.529799092587092,120.9779540119605,-15.63082717227948,11.529803636813776,120.97795401196086,-15.630822610682424
2018-07-23,279.45001220703125,280.20001220703125,12.619999885559082,11.34000015258789,32.498096738151034,-5.332633102445783,-59.64189952265928,40.35659624261589,12.36812380796273,-73.80906467733698,41.39813433229629,69.49194365557999,-72.92874869379988,41.3981927826198,69.65316576174281,-72.92869169410788,41.39819278263948,69.65316721237443
2018-07-24,281.7900085449219,281.6099853515625,12.40999984741211,11.149999618530272,33.22542175728322,72.73250191321878,-50.31790187947475,116.16939969465024,-73.0641720531926,20.372911601537492,116.91544301839943,-24.985569720472277,20.678904159842016,116.91545913748175,-24.545518955026346,20.67891262852235,116.91545913748305,-24.545511304624345
2018-07-25,281.3299865722656,284.010009765625,12.289999961853027,11.270000457763672,34.845438790663984,162.0017033380762,-64.57786286529635,-142.49413980648842,200.05646355478922,-266.5691114205863,-141.55096136171753,262.15361728188867,-265.8245397469599,-141.55091638341946,262.35222405304637,-265.8244968754231,-141.5509163834063,262.3522261598076
2018-07-26,283.20001220703125,283.3399963378906,12.140000343322754,11.06999969482422,34.15072044237672,-69.47183482872603,-69.34804181649048,121.33146730827842,-59.15832044806273,-12.30641805465906,122.11528991377115,7.731548347941411,-11.743758149465064,122.11531516332829,7.952711048244579,-11.743735089366078,122.11531516333272,7.952713237702705
2018-07-27,283.7099914550781,281.4200134277344,13.029999732971191,11.59000015258789,33.62135831876327,-52.93621236134527,161.26531687405847,-95.23089160827845,-72.86494366806392,231.85881635315118,-94.10269244879838,-236.08927824809226,232.26669834345665,-94.10263594145555,-235.3689610789033,232.2667222491896,-94.1026359414412,-235.36892847729345
2018-07-30,281.510009765625,279.95001220703125,14.260000228881836,13.56999969482422,33.922689866675306,30.13315479120351,87.5107262969243,-15.808980177254936,-76.02118604606922,161.909756525875,-12.169702541891999,-163.6272414650243,162.96553736393864,-12.167747554641513,-161.04374465026643,162.96607021590324,-12.167747537182924,-161.04232251498055
2018-07-31,280.80999755859375,281.3299865722656,12.829999923706056,11.640000343322754,33.15824742156744,-76.44424451078677,-91.1324622869958,128.09876096948142,-43.88315269117104,-49.48012345927284,129.1406245225575,45.163317018558025,-49.03159994472255,129.14067209052814,45.75665705709671,-49.031573779641334,129.14067209054102,45.75667845998621
2018-08-01,281.55999755859375,280.8599853515625,13.149999618530272,12.289999961853027,33.133308201669536,-2.4939219897902376,5.688492206477694,58.49389342271978,-70.34058976589456,73.8621604948273,60.29440684778651,-77.4201403153346,74.3744356804405,60.29463116397631,-76.13190207569468,74.37449787881476,60.294631164162716,-76.13173995787915
2018-08-02,279.3900146484375,282.3900146484375,12.1899995803833,10.510000228881836,33.18484096612499,5.153276445545174,-56.57005282319736,-190.5927080472193,239.72151287656106,-298.53224470729197,-190.0752384793156,293.6910032386344,-298.09356506890884,-190.0752319541175,293.7697931681552,-298.09355867867293,-190.0752319541173,293.76979330311735
2018-08-03,282.5299987792969,283.6000061035156,11.640000343322754,9.579999923706056,33.56075470095787,37.59137348328849,-93.75356164980319,77.53085726494774,8.47870889783893,-104.87345682322734,77.74557933969534,99.72946151770435,-104.83528447284041,77.74557952118889,99.90601124206505,-104.83528444625999,77.74557952118889,99.9060113969782
2018-08-06,283.6400146484375,284.6400146484375,11.270000457763672,9.739999771118164,33.963228053259435,40.24733523015627,-88.67507234908294,74.3616975150833,6.590716015753253,-97.88377574733823,74.59775625860047,92.76111722791745,-97.82240456334785,74.5977565574261,92.93580478744425,-97.82240447891547,74.5977565574261,92.93580500183756
2018-08-07,285.3900146484375,285.5799865722656,10.93000030517578,9.130000114440918,34.44535309671272,48.21250434532871,-48.60389126724123,74.6834246345075,-33.87607800229999,-17.26256776739119,74.84559756123625,12.066023271252194,-17.117963490080278,74.84559770013098,12.083591920670036,-17.117963352308884,74.84559770013098,12.083591921793316
2018-08-08,285.3900146484375,285.4599914550781,10.850000381469728,8.859999656677246,34.250463895992624,-19.48892007200982,-46.75002588699473,82.99572635988214,-44.087120717843774,-5.2364465488761365,83.11302367669188,-0.004973650015591691,-5.1306291479987305,83.11302372275654,0.0065062659167636205,-5.13062910221562,83.11302372275654,0.00650626619831618
2018-08-09,285.5299987792969,285.07000732421875,11.270000457763672,9.460000038146973,34.195284831142544,-5.517906485007984,-0.5976373011736791,44.25686253115983,-51.4077364339663,48.167935866017665,44.467068888947445,-53.31644690083659,48.20513123537322,44.467069058108756,-53.14343591240445,48.20513125978143,44.467069058108756,-53.14343576765135
2018-08-10,283.45001220703125,283.1600036621094,13.15999984741211,13.09000015258789,34.35587463755566,16.058980641311393,-71.81818129697525,168.68981628480716,-101.62650150259847,29.651659252701698,171.89366733180273,-31.804712677079493,32.174246905704855,171.89548042219144,-31.12344925587289,32.175949820986794,171.8954804494057,-31.123339080766076
2018-08-13,283.4700012207031,282.1000061035156,14.779999732971191,15.34000015258789,35.222722868123874,86.68482305682161,6.171880294376722,121.44859022934139,-127.43860525069366,136.9692430654039,129.58917306413315,-134.16091707811407,143.00452059670343,129.6156337783985,-132.0556052360054,143.0281424164054,129.6156403170149,-132.05276634132207
2018-08-14,282.9200134277344,283.8999938964844,13.3100004196167,12.619999885559082,34.860807151277896,-36.19157168459779,-92.15916333169433,84.82994462501286,1.431199347640868,-95.21825356164452,86.89064282774005,91.92065946207444,-94.16693193746691,86.89106808721061,92.93003604200771,-94.16665295252608,86.89106808859427,92.93018231653737
2018-08-15,282.3800048828125,281.7799987792969,14.640000343322754,15.010000228881836,34.746073243094706,-11.473390818319018,-63.31658676720748,184.08463146252421,-121.86007644283158,60.779720376560924,190.9513172767673,-59.25538512431559,65.69324328350106,190.96768427652762,-57.30221967480305,65.70754364915733,190.9676868187371,-57.30015304067344
2018-08-16,283.3999938964844,284.05999755859375,13.449999809265137,12.920000076293944,35.02235220005192,27.62789569572135,-72.78014691684956,75.8503641094045,-8.173840084539583,-65.08389569422788,78.70545877918316,62.5815685903733,-62.882215528332644,78.70675456731325,63.23498310830444,-62.88100949336732,78.70675458136097,63.235072861469256
2018-08-17,283.8299865722656,285.05999755859375,12.640000343322754,11.56999969482422,34.97758907011815,-4.476312993377007,-90.4259832424841,55.71416424599012,27.831994463398125,-120.45675441213055,56.79305727465491,116.17698384685367,-119.97619540113391,56.793111242473884,116.7753178645391,-119.97616449695558,56.79311124249116,116.7753409281797
2018-08-20,285.57000732421875,285.6700134277344,12.489999771118164,11.420000076293944,35.19572534235537,21.81362722372171,-70.69980664188293,130.1540137782053,-66.27856832541889,-6.793387233464562,131.28837015087734,2.569077569220626,-6.486215370186896,131.28842167572986,3.396262078622916,-6.486201845944725,131.28842167573785,3.3963000792333076
2018-08-21,286.25,286.3399963378906,12.859999656677246,11.550000190734863,35.988867892636165,79.31425502807983,-71.1163184140511,129.9081590751347,-65.49949323048693,-7.381536216168369,131.15922406749627,3.273991055739758,-6.466897593969831,131.15933147647098,3.610417425990222,-6.466799311072277,131.15933147655844,3.6104265520673606
2018-08-22,285.8800048828125,286.1700134277344,12.25,10.770000457763672,35.31466960293186,-67.41982897043073,-83.2165715083635,134.6749315630182,-58.80594373076217,-26.79714312719119,135.2860654486742,22.04956873959645,-26.504302977649917,135.28607473718694,22.367862475711654,-26.504296970879548,135.28607473718742,22.367865757454
2018-08-23,285.9700012207031,285.7900085449219,12.40999984741211,10.800000190734863,35.095784995253084,-21.888460767877405,-57.9631788851404,131.00454688214336,-80.37041396742072,20.07555214246002,131.63421847348482,-24.80458699050747,20.423225226583487,131.63422959585515,-24.522588483288676,20.423233592021163,131.63422959585594,-24.522585726356038
2018-08-24,286.44000244140625,287.510009765625,11.989999771118164,10.170000076293944,36.13294539957604,103.71604043229539,-53.97430200534014,-2.7207928948225413,49.24654092268861,-105.45526306919905,-2.210629310535903,100.60671499158022,-105.01032451573826,-2.2106234106805656,100.6719400224063,-105.01031870212947,-2.2106234106804323,100.67194010865278
2018-08-27,288.8599853515625,289.7799987792969,12.15999984741211,10.229999542236328,38.03412799046428,190.118259088824,-81.30747617959734,67.7242967676918,6.040215494989079,-89.83585121039461,68.14005041253789,84.89288992072781,-89.64465294560242,68.14005303978763,85.11744530078181,-89.64465129863514,68.14005303978766,85.11744628106425
2018-08-28,290.29998779296875,289.9200134277344,12.5,10.199999809265137,38.33478738045387,30.06593899895904,-52.82170222556595,140.18601227827867,-94.81299581230812,39.71918752359842,140.6960440804423,-44.56786681957718,40.1264399909415,140.6960505440588,-44.465087484756545,40.1264462041661,140.69605054405903,-44.465087234364574
2018-08-29,290.1600036621094,291.4800109863281,12.25,9.770000457763672,39.4688389310221,113.40515505682305,-63.90291670460366,-7.517417992925289,63.76061690937831,-130.12699005461636,-7.218418219312859,125.06727344946958,-129.91108779994704,-7.218417036309097,125.1503709684126,-129.91108670252382,-7.218417036309097,125.15037105399321
2018-08-30,290.94000244140625,290.29998779296875,13.529999732971191,11.489999771118164,39.29452916369891,-17.430976732318726,-16.204916406702118,94.1871250321259,-84.70124995882867,66.46778526949645,95.42680126047476,-70.58673630004125,67.11856785104392,95.42689156333475,-69.99784265318186,67.11863023720167,95.42689156339284,-69.99781473647958
2018-08-31,289.8399963378906,290.30999755859375,12.859999656677246,11.010000228881836,38.78018488671188,-51.43442769870319,-87.78985060755399,126.23726784565824,-45.561278129951724,-44.52767866934695,127.08212451557515,40.013842863254446,-44.14743648088007,127.08214960133012,40.47845734470801,-44.14742179578861,127.08214960133367,40.47846774537154
2018-09-04,289.8399963378906,289.80999755859375,13.15999984741211,11.970000267028809,38.40250275377735,-37.7682132934531,-74.89012792908181,151.37964549730353,-82.77920822900919,5.972719040207577,153.04867239828263,-9.662197648223467,6.735626325619284,153.0488844510543,-8.756078032363598,6.735748142603162,153.0488844513467,-8.755987796575868
2018-09-05,289.4100036621094,289.0299987792969,13.90999984741211,12.649999618530272,38.29303339532324,-10.946935845410621,-72.3228014354506,178.98123739219815,-111.74788625636874,38.97075006306074,181.8505046543347,-41.458892254831106,41.195685970465036,181.85181276218552,-40.814560886011826,41.19690596261216,181.85181277627257,-40.81447277030812
2018-09-06,289.1499938964844,288.1600036621094,14.649999618530272,13.460000038146973,38.1890593403193,-10.397405500394541,-4.148233361540774,105.72072853911737,-105.67965449434747,101.29162219431781,109.57228678411029,-102.79578148832968,103.73058485045064,109.57528680686933,-101.38318581673228,103.73298768347387,109.57528688960662,-101.3825886269964
2018-09-07,286.9800109863281,287.6000061035156,14.880000114440918,13.489999771118164,37.92109132896842,-26.796801135087378,-95.37746772246837,128.3562503794636,-37.31296944911995,-58.77601943510309,131.98078114910766,57.044201247292285,-56.808927978662304,131.9831497534217,58.70164060809102,-56.80730554150515,131.983149801017,58.702386775247795
2018-09-10,288.739990234375,288.1000061035156,14.15999984741211,12.56999969482422,37.528178389570705,-39.291293939771776,-12.18275630693528,88.31676609428548,-81.71904432404286,67.80636272024302,90.69044911936307,-70.79080537061976,68.75548000986952,90.69104100567903,-69.3662396331079,68.75575570128011,90.69104100773976,-69.36592343820253
2018-09-11,287.3699951171875,289.04998779296875,13.220000267028809,11.0,37.51325164986649,-1.4926739704215208,-62.64955746271659,-46.33378674326658,101.97558567964833,-166.53376375645215,-45.38282770783499,162.1260505551018,-165.7630273120611,-45.38278238285063,162.3062731461548,-165.76298370947998,-45.38278238283804,162.30627486855818
2018-09-12,289.05999755859375,289.1199951171875,13.140000343322754,10.670000076293944,37.469632981352746,-4.36186685137443,-74.5188204178252,139.98843121621434,-72.79324892940943,-4.0092022778479315,140.6235106469566,-0.7144236191028974,-3.6134763154576732,140.62352288102605,-0.4750701507498989,-3.6134661104418186,140.62352288102707,-0.47506812169626267
2018-09-13,290.32000732421875,290.8299865722656,12.369999885559082,10.029999732971191,38.37636108026069,90.67280989079478,-58.79934838358667,63.12736090828471,-11.840749486163224,-49.27409738072772,63.57334150858134,44.36136459066622,-48.910237212684144,63.57334567998503,44.44348502291937,-48.910233170812155,63.57334567998512,44.443485152451046
2018-09-14,291.05999755859375,290.8800048828125,12.06999969482422,9.93000030517578,38.21197970791407,-16.43813723466252,-57.86593598594669,130.54675904165745,-80.29697516173046,19.96969041581147,130.88932449739409,-24.98584079109547,20.187700194521497,130.8893262281298,-24.861285114068842,20.187701683059323,130.88932622812982,-24.861284871870936
2018-09-17,290.82000732421875,289.3399963378906,13.68000030517578,13.5,37.810734034049744,-40.124567386432375,62.14423183150959,25.077292559482412,-91.19522440320625,152.4739662437783,29.06231010902003,-153.84473031970896,154.28649294844962,29.065246045303628,-151.67223941240533,154.2880867866734,29.065246107740972,-151.67089731434544
2018-09-18,289.5799865722656,290.9100036621094,12.789999961853027,11.739999771118164,38.485931712782254,67.51976787325091,-105.9539706336854,78.42086003204766,21.13430779801433,-129.31521634609507,79.98077479019307,125.51655822857242,-128.8628987957818,79.9809194762938,126.62415543648001,-128.86285742589075,79.98091947636928,126.62425875268974
2018-09-19,290.9700012207031,291.2200012207031,11.75,11.449999809265137,38.1528547425884,-33.307697019385074,-84.50014633330599,141.64444176797025,-63.894488141517165,-22.624655554442374,142.8529666228767,18.474548034793138,-21.964317788078457,142.85305181008047,19.0227351233889,-21.964256252741098,142.85305181013362,19.022758775255323
2018-09-20,292.6400146484375,293.5799865722656,11.800000190734863,11.039999961853027,40.25837036105441,210.55156184660078,-99.1594143304452,102.7849661189616,-10.576038895580917,-90.9494388966013,103.7931965736601,86.59898915789242,-90.63616859808309,103.7932339420157,87.29394931407748,-90.63615625035669,103.79323394202052,87.2939743347067
2018-09-21,293.0899963378906,291.989990234375,11.68000030517578,10.630000114440918,38.732515971963124,-152.5854389091286,27.18001153687888,52.63172528439608,-87.0676370261733,112.02054459529813,53.33454264126522,-116.67642773854718,112.4727968663957,53.33455970291443,-116.42586265277367,112.47281138600903,53.33455970291643,-116.42586011073776
2018-09-24,291.3399963378906,291.0199890136719,12.199999809265137,11.630000114440918,38.00673492933424,-72.57810426288813,-69.1227884159445,166.77505961984338,-104.0147264839603,33.44254445072064,168.3713219015413,-37.204774525761785,34.672495298451246,168.37154710656168,-36.83846309141592,34.67270618762128,168.37154710694014,-36.83844877556563
2018-09-25,291.5299987792969,290.75,12.420000076293944,11.760000228881836,37.84757804738673,-15.915688194750999,15.77736413011917,46.43554384939972,-68.46217406495835,82.01379426023809,48.14499532572552,-85.66287291426971,82.467267218888,48.14518275713329,-84.40689439647616,82.46731276283174,48.14518275725097,-84.40675250901216
2018-09-26,290.9100036621094,289.8800048828125,12.890000343322754,12.699999809265137,37.330370785464666,-51.72072619220671,16.873521016715888,68.50750839046407,-90.70543737399925,106.22691894126069,71.14181798540396,-108.95043970471151,107.55391414713154,71.14270518877238,-107.6431253096117,107.55447722424998,71.1427051948032,-107.64280118336168
2018-09-27,290.4100036621094,290.69000244140625,12.40999984741211,12.09000015258789,37.70845569711837,37.80849116537013,-69.00913434289643,106.31393416169,-43.10369001316483,-26.87788862849827,108.47376152908151,23.679556786864865,-25.171005122634348,108.47431988181947,24.1325006507761,-25.170477746152574,108.47431988420303,24.13253162703215
2018-09-28,289.989990234375,290.7200012207031,12.119999885559082,11.170000076293944,37.54295719984514,-16.549849727322652,-81.451970934235,87.26358543897655,-12.811076057984325,-70.77996914785133,88.2228414474996,66.38054980549198,-70.23969508796358,88.2228836583831,66.79953175414013,-70.2396633264705,88.22288365839589,66.79954220353056
2018-10-01,292.1099853515625,291.7300109863281,12.0,11.1899995803833,38.26254087587385,71.95836760287122,-49.47030139085717,134.05455024611743,-91.47544141506751,40.01625492175174,135.12207524807357,-44.30738442386153,40.706718856053634,135.12213830577116,-43.930323356176906,40.70677216962719,135.12213830580143,-43.930313612052906
2018-10-02,291.55999755859375,291.55999755859375,12.050000190734863,11.130000114440918,38.09490542761361,-16.7635448260242,-59.85868792630888,118.5288727098119,-65.53199853466565,3.282754662075751,119.62577652041392,-7.544522414353969,3.5715229098662227,119.62582251929841,-6.736386851536322,3.571534321931027,119.62582251930448,-6.7363522647166025
2018-10-03,292.739990234375,291.7200012207031,11.609999656677246,10.8100004196167,38.007423580456226,-8.74818471573846,35.644282294020506,28.616384832664778,-71.4118317091198,104.67884609263932,29.42393781199477,-109.22999080003103,104.98092605066212,29.423957687037536,-108.72451777872217,104.98093501334871,29.423957687039227,-108.72450686636591
2018-10-04,291.17999267578125,289.44000244140625,14.220000267028809,15.420000076293944,37.47734324262723,-53.008033782899844,58.26381362902928,58.754357460827734,-116.0548381676324,177.1785934787247,67.6764079448162,-173.58235847986558,182.7100682315356,67.70931002145065,-170.1917726813326,182.73514383815711,67.7093200888061,-170.18394621103667
2018-10-05,289.69000244140625,287.82000732421875,14.81999969482422,14.859999656677246,36.595637911564104,-88.17053310631238,101.8422058802351,-10.192414406910919,-92.54128556831269,194.55135924350537,-3.125190940134701,-192.8277955490665,197.39013836250192,-3.110133150707315,-188.59934966154725,197.39674814552055,-3.1101316109678234,-188.59090165512814
2018-10-08,287.04998779296875,287.82000732421875,15.6899995803833,14.920000076293944,37.14411023209993,54.84723205358293,-99.75707087418846,123.98192558300954,-25.421174916558375,-73.15892908200948,130.74432293704234,74.57731220219532,-69.30694921958437,130.75902626496537,77.48773164139136,-69.29659188245233,130.75902821255383,77.49207763220126
2018-10-09,287.3900146484375,287.3999938964844,15.949999809265137,14.399999618530272,36.9962434024769,-14.786682962303388,-82.97753844620053,162.10668963357253,-81.05983546709219,-0.21518337165364665,168.1347229156214,0.8958071366572695,4.165397709146193,168.14603096034526,2.543260531249716,4.1754084232038995,168.14603215368868,2.544557861922827
2018-10-10,286.8299865722656,278.29998779296875,22.959999084472656,25.979999542236328,39.290446401620386,229.42029991434865,1.856083494414642,-196.928437039767,-119.40083122169521,151.9259804632126,-503.4429042450481,-458.38511926047175,182.74641956163202,-498.02885827525967,-795.5415175682499,185.56422190757712,-497.85035027933736,-792.9429192493056
2018-10-11,277.0799865722656,272.1700134277344,24.979999542236328,29.579999923706055,39.36902085812629,7.857445650590478,361.1737013354576,-165.05567620747394,-123.11345904618048,528.568005064056,-84.09239256390563,-443.07949301077616,571.5588811798137,-74.20844659242897,-404.5437694125769,577.2952674905794,-73.64513052204035,-400.380652454788
2018-10-12,276.7699890136719,275.95001220703125,21.309999465942383,22.84000015258789,35.907722530147126,-346.1298327979165,-24.271273358520617,170.61009344103226,-115.8746358789383,107.58441702045694,209.03299520637313,-72.98988912619635,125.494225550909,210.56333889706042,-52.46077437942713,126.26799520376392,210.5793604089408,-51.70415277318663
2018-10-15,275.54998779296875,274.3999938964844,21.299999237060547,23.90999984741211,34.94809795291934,-95.96245772277854,23.9639319718038,123.5145124491037,-110.81679706098245,151.9061582921698,168.13487737079456,-110.44020710710775,170.46187751531238,170.3391811959315,-84.34474189288973,171.40215969405278,170.37000071160134,-83.08059472799708
2018-10-16,276.6000061035156,280.3999938964844,17.6200008392334,17.850000381469727,33.507016292329034,-144.10816605903065,-127.66915691022557,-107.25109173615357,241.44165487392291,-366.1010221504787,-92.77096794684356,375.3344717051261,-360.47848372681506,-92.6589246197398,384.1921433001985,-360.4330887328381,-92.65883839031376,384.2587916411977
2018-10-17,280.44000244140625,280.45001220703125,17.399999618530273,17.75,33.22931695831411,-27.769933401492608,-95.3127937171038,189.64726257292773,-86.7369641199865,-0.4721969040036833,205.2034848705217,10.824454769238548,10.284883724198115,205.35823799991917,15.623816970682183,10.413715361918355,205.35845853197054,15.649738508536329
2018-10-18,279.3999938964844,276.3999938964844,20.059999465942383,22.309999465942383,34.041489610812434,81.2172652498326,150.12859526819582,13.646017302817251,-134.4290272027503,305.71144943412054,50.95032023284085,-272.27702001563296,329.15434460806597,52.43916428306566,-258.3985034369861,330.2506745596505,52.45627310563446,-258.00592903565024
2018-10-19,277.1300048828125,276.25,19.88999938964844,21.1299991607666,33.67823327650494,-36.32563343074935,-40.63820358615262,186.95722198878073,-125.06704253102373,98.54948667150748,216.16791542215122,-73.91539621749496,115.08445300374265,216.95003000455932,-61.23483978631044,115.60062493371052,216.9548593346086,-60.96888949967447
2018-10-22,277.0,275.010009765625,19.63999938964844,20.670000076293945,32.53529001817509,-114.29432583298507,79.96378037205159,58.882418240519364,-120.1236558403653,211.7796592000977,85.56367857449015,-189.84659426897832,225.9139431969834,86.17420073340386,-177.29671301572677,226.2864945687801,86.17710564957027,-177.05873897855105
2018-10-23,270.95001220703125,273.6099853515625,20.709999084472656,23.43000030517578,33.15743942685742,62.21494086823327,-123.99544055821893,15.027956346397156,139.8508494418774,-245.9525850527735,53.87003913821784,281.0321014765783,-226.0512938849228,55.46619033196707,299.9910332477237,-225.132104571712,55.48433047914243,300.6680577588687
2018-10-24,273.3299865722656,265.32000732421875,25.229999542236328,31.90999984741211,36.29876585867726,314.13264318198344,115.66522920709613,-172.51805357693365,-125.38213196472407,296.5527294956108,-346.7942923497288,-462.05865555777115,349.7621948632514,-332.6652620773275,-688.4376026767148,358.61988502829985,-331.5585050558355,-683.1195717060417
2018-10-25,267.3800048828125,270.0799865722656,24.219999313354492,29.6200008392334,36.198865154183466,-9.990070449379118,-115.99841648157803,4.899723353735988,178.0843669262996,-250.12732943221468,79.84411471395222,328.01096552739693,-206.20922671203328,88.14207701067706,359.45760033351036,-200.72121677804722,88.56242317675556,362.27780006099863
2018-10-26,265.9200134277344,265.3299865722656,24.15999984741211,29.88999938964844,34.6385180926699,-156.03470615135677,-58.599700932365394,246.24633438066076,-120.51403709152943,100.62623600769446,321.3376482991932,-22.700267595466993,138.42746482056734,329.5310203546547,14.982522245246768,142.89220566449242,329.9237250897089,18.719763121730782
2018-10-29,268.79998779296875,263.8599853515625,24.700000762939453,31.030000686645508,34.71134931920972,7.283122653981877,359.07422063182,-179.1423620672827,-117.35808355886662,519.6940838712737,-108.60986949984978,-443.6539475268369,560.5916996149266,-97.74350816108354,-413.36394316093856,566.1531360951078,-97.08838061896526,-408.0400414804424
2018-10-30,263.6700134277344,267.7699890136719,23.350000381469727,28.8700008392334,33.814384178690375,-89.69651405193417,-131.7017008902199,-70.1318820745609,261.4126654950916,-361.8711363478958,-2.594081982486449,430.30729553101025,-331.1141263727798,3.662994670317301,467.31837438551094,-328.1220861541653,3.8932834078594403,470.58687954818805
2018-10-31,270.6499938964844,270.6300048828125,21.229999542236328,25.15999984741211,31.914240819102574,-190.01433595878012,-96.27259278261434,251.6692633581492,-114.18440319367608,38.47910202493849,300.8402483017712,8.169949743173513,60.231494408376456,303.67703268802444,35.63963641304644,61.55174949071991,303.7281267977133,37.15646579170746
2018-11-01,271.6000061035156,273.510009765625,19.34000015258789,21.540000915527344,30.655263289462695,-125.89775296398784,-133.3548629065827,111.8004609906574,43.04653221728143,-166.4702559351314,141.25130885378215,191.319383340657,-154.28791891298437,142.00830595795168,208.59178901313126,-153.96084157670754,142.01220078944823,209.02171312724371
2018-11-02,274.75,271.8900146484375,19.510000228881836,21.170000076293945,30.076804560809208,-57.845872865348724,182.90088321648867,-49.87910354926941,-112.49091473237317,306.0552075380088,-21.389521052657233,-282.2191724102143,319.04484502691326,-20.684350859708786,-266.7156698019711,319.3955869947224,-20.680793259173335,-266.3612374958601
2018-11-05,272.44000244140625,273.3900146484375,19.959999084472656,21.6299991607666,31.006804884196768,93.000032338756,-106.0103818574577,125.14434438421594,3.6679416993416836,-92.14297057312734,155.90496617208308,118.46196354295503,-72.13858978905404,156.82205491581084,129.22509716789605,-71.43250570219834,156.82894753695805,129.4361156643699
2018-11-06,273.32000732421875,275.1199951171875,19.90999984741211,21.6200008392334,31.649934829186336,64.31299449895675,-109.94601807894486,52.06715880168884,80.5686982629929,-174.0181145505222,82.71571534918766,200.20822072409484,-155.08514064053207,83.61598253702346,211.93036082175476,-154.42869965055436,83.62253999717474,212.1741998302049
2018-11-07,277.55999755859375,281.010009765625,16.360000610351562,15.539999961853027,31.115633118820078,-53.43017103662575,-122.45044685924815,-91.73182705408031,213.58142369228855,-336.15973878257785,-84.37395971334924,338.17515513852794,-333.6188301530905,-84.35769313635919,342.9921154512973,-333.6131462600576,-84.35769153483356,343.0026981352639
2018-11-08,280.1099853515625,280.5,16.719999313354492,15.5600004196167,31.057111539117315,-5.852157970276295,-98.53971812349941,159.21803035779865,-61.122441191213035,-35.621470826386776,166.73261896264208,37.79748201692639,-31.15159259826916,166.75275911009558,40.8421961693868,-31.136739420818337,166.75276288583015,40.84748313944669
2018-11-09,279.0299987792969,277.760009765625,17.360000610351562,15.630000114440918,29.962989392836747,-109.41221462805686,22.010412228656563,85.15921886639876,-107.65139567341758,131.16647837902855,92.63617184979321,-129.0287738299827,135.34444645086649,92.65564097720133,-125.72978550567433,135.3578540109791,92.65564438995318,-125.72372393832981
2018-11-12,277.19000244140625,272.57000732421875,20.450000762939453,20.690000534057617,30.61622755441512,65.3238161578372,330.2885712009213,-184.59837907230644,-126.56412238603913,470.2406911208368,-157.51359176796416,-447.8672236134111,486.1075348311913,-156.8661940031143,-436.645871888032,486.55388387005866,-156.86278587172302,-436.44481879596754
2018-11-13,273.0899963378906,272.05999755859375,20.020000457763672,19.3799991607666,29.802067010174,-81.4160544241119,-18.089355771887682,149.89163218108243,-120.36391917638164,110.62390206775825,169.28870697566668,-96.31812222458429,121.56433449724105,169.55612958602754,-87.86087245237086,121.74339505179644,169.5567369931395,-87.77251013600085
2018-11-14,274.1600036621094,270.20001220703125,21.25,21.38999938964844,30.465465085473525,66.33980752995257,265.2529020670801,-117.73545872454073,-126.05747782757223,405.7921664350823,-88.31677564780779,-380.9330978942813,422.6922011461259,-87.51767262197384,-368.409374613833,423.2293051898597,-87.51259770721488,-368.1473672815452
2018-11-15,268.7799987792969,273.0199890136719,19.979999542236328,19.5,29.984267324769647,-48.11977607038784,-123.24865658227378,-159.5271124176421,293.415019872544,-410.70100455766743,-140.92914398324848,424.1686852124424,-402.1699503115822,-140.70071420110156,434.2359952593789,-402.0526216452066,-140.70031834247348,434.3470964913803
2018-11-16,271.7900085449219,273.7300109863281,18.13999938964844,16.350000381469727,28.129134487521924,-185.5132837247723,-113.78259799070545,39.879650141104484,74.25538116706932,-186.9615270632031,48.19080102033795,189.93859024848953,-183.21750185311612,48.21543088815592,194.50572058015092,-183.20465884871197,48.215435550671,194.51750744364247
2018-11-19,273.04998779296875,269.1000061035156,20.100000381469727,20.43000030517578,28.206197715582803,7.70632280608794,273.7941894137351,-136.7404294730214,-120.91311154615784,405.3709444080581,-112.64106351670222,-386.1592652162507,418.54404401765674,-112.1700327194506,-375.231206264503,418.8448186952534,-112.16824011442355,-375.0609486319532
2018-11-20,265.3599853515625,264.1199951171875,22.479999542236328,23.6299991607666,29.58204219318401,137.58444776012055,-23.42548738868959,186.47635814734966,-133.0986830047934,130.83200312432018,224.38726346298603,-96.72983324829413,154.24562998024942,225.93724558514552,-82.2140164548695,155.36853022631982,225.95578391886295,-81.7868646607698
2018-11-21,265.8599853515625,265.0199890136719,20.799999237060547,19.86000061035156,27.613533332217315,-196.85088609666934,-22.574108192004225,145.55947608982257,-111.81060981569921,95.97360103750219,164.69295173370963,-81.94927762647862,105.27957981970226,164.9425170626141,-72.12129106103583,105.41853563727351,164.9430067663699,-72.01068137616869
2018-11-23,263.17999267578125,263.25,21.520000457763672,21.420000076293945,27.886202155899383,27.26688236820678,-112.32349068728325,230.31868187220678,-100.64524996181873,0.6230598555410771,255.6273406570771,19.87071394320903,15.437562364893223,256.17117323272225,30.36733314386442,15.814876105444656,256.17363615785956,30.53385461237645
2018-11-26,265.7799987792969,267.5,18.899999618530273,20.040000915527344,25.586373466636644,-229.9828689262739,-123.97877477573515,95.35744285856998,40.59970026624675,-157.95757926436087,115.29452876941522,172.8112507258057,-148.79082978884074,115.5698318817785,183.58216009957155,-148.64921324156182,115.5704048202192,183.7158468791492
2018-11-27,266.3399963378906,268.3999938964844,19.020000457763672,21.329999923706055,25.947332244049335,36.09587774126908,-107.33018705844849,17.24631545251787,108.61595587370124,-201.7620225359373,43.7371172820564,223.51548029429605,-185.0528640055038,44.35849077264449,233.30038586226837,-184.58615541073053,44.36175304151171,233.45505490225366
2018-11-28,269.6000061035156,274.5799865722656,18.489999771118164,22.059999465942383,27.924121962667996,197.67897186186616,-133.6907471768568,-192.31562246318109,349.35041305029324,-472.20619390786925,-161.0128614911617,499.03796472112236,-459.1913897613704,-160.1251340881638,517.3312470073046,-458.8055844392845,-160.11980862750207,517.8331763821883
2018-11-29,273.7099914550781,273.9800109863281,18.790000915527344,22.1299991607666,27.858553816772073,-6.5568145895923635,-128.40900873997933,266.3860512309444,-112.75561348624878,-2.9419003028331425,299.5661977974244,31.80728145370695,11.910530152305457,300.61014994358186,50.1425376482129,12.413089061534846,300.61769002674635,50.68394451521197
2018-11-30,273.80999755859375,275.6499938964844,18.06999969482422,21.459999084472656,27.877385703132518,1.8831886360445083,-126.38031458537246,97.73650958503238,50.21154948559976,-164.91192663964986,127.26297163205959,189.85856762287312,-150.92175416840564,128.04186813002326,205.39925752102073,-150.51344663513737,128.04626845238775,205.76985244605498
2018-12-03,280.2799987792969,279.29998779296875,16.440000534057617,17.209999084472656,28.277411026628485,40.00253234959672,-29.029269507695265,157.9742327101691,-123.88884410166769,100.59091701554024,170.98906937273293,-92.84049294003928,108.98130862307241,171.08337434742768,-88.21596504575854,109.05529825665894,171.0834571866768,-88.19564969516779
2018-12-04,278.3699951171875,270.25,20.739999771118164,25.100000381469727,27.92112535627591,-35.628567035257674,110.48908143872958,-207.23314341482322,-132.82771290504957,273.8620760076473,-428.846200734199,-497.2047129865565,305.9837202609081,-425.2170628319649,-750.84876532845,308.4933981363563,-425.12641360122194,-749.7284218253743
2018-12-06,265.9200134277344,269.8399963378906,21.190000534057617,25.11000061035156,28.070455055768377,14.93296994924691,-125.81406237851047,-99.27862543792615,262.99522253380655,-367.31166289870436,-53.41737315879007,410.2376825287884,-344.18744601602566,-50.99388824607585,433.0146547642371,-342.829136179723,-50.95395140708458,434.0800524637606
2018-12-07,269.4599914550781,263.57000732421875,23.229999542236328,27.420000076293945,28.520977885959496,45.05228301911188,343.493025381674,-197.88485065725078,-133.73205467360876,514.527586004137,-178.05001304466913,-494.6175325049144,552.9147170867404,-172.61607959626093,-512.9758274909335,556.719486988813,-172.42208111225838,-511.34364329686963
2018-12-10,263.3699951171875,264.07000732421875,22.63999938964844,25.530000686645508,27.599935409662123,-92.1042476297373,-113.62390352710659,179.35038450321662,-26.13895929515426,-60.463042492066975,226.89662374593746,105.38140862497903,-31.556813077555223,229.6274681978937,124.07517280805712,-29.6296460300961,229.68122255276268,124.87923946717058
2018-12-11,267.6600036621094,264.1300048828125,21.760000228881836,23.489999771118164,26.485201850214395,-111.47335594477283,254.37567663270258,-111.9417383241924,-112.45557681434236,381.5371069493331,-74.00465926826911,-347.4910543156585,398.1426637222103,-72.53696812876225,-326.14511332553263,398.82462824333,-72.52254942168246,-325.3593480939163
2018-12-12,267.4700012207031,265.4599914550781,21.459999084472656,22.86000061035156,26.36220219825077,-12.29996519636245,47.01229764173307,116.65084143419725,-136.43905459061224,203.93706587057466,151.83364348127964,-172.81991210086514,226.80167836654527,153.12671276567104,-160.48841733778048,227.79291917378302,153.1400179776439,-160.1865482423455
2018-12-13,266.5199890136719,265.3699951171875,20.649999618530273,20.56999969482422,25.313172486599726,-104.90297116510447,28.30215686083897,88.89862749035177,-102.0689796933903,136.71721255645363,111.98914970991319,-118.59198321221804,145.50180987601064,112.38257439634836,-104.2850225862182,145.6538823854851,112.38361012234373,-104.04366994668123
2018-12-14,262.9599914550781,260.4700012207031,21.6299991607666,21.469999313354492,25.321338677107903,0.8166190508177351,133.04603990798313,2.3993377774075753,-118.16799465678633,261.8276843490929,27.635438367776,-241.4241141890716,274.9098863801165,28.161625499192922,-229.26804081883355,275.2247550078272,28.163800310086163,-229.0567202539336
2018-12-17,259.3999938964844,255.36000061035156,24.520000457763672,27.06999969482422,27.87793219512767,255.6593518019767,249.96859517691323,-70.3574010836885,-133.31497432835954,414.6704321975205,-16.10246375705826,-361.98414076359825,447.62259425001935,-12.312392088001165,-340.5818759752647,450.2818419288205,-12.212902573798898,-339.45000256074525
2018-12-18,257.20001220703125,255.0800018310547,25.579999923706055,28.36000061035156,28.94712679970749,106.91946045798204,72.3475235152791,107.47755325577762,-127.8540835574452,232.8537839432135,167.40726403115917,-173.49423812970156,266.4781762675751,172.19581663105956,-147.03877006857937,269.5240733012001,172.34596624116188,-145.29413216698563
2018-12-19,255.1699981689453,251.2599945068359,25.579999923706055,26.649999618530273,28.918312524004534,-2.881427570295614,254.61289145311602,-86.18568159522157,-127.66410707301523,407.9607996113017,-37.46386124858054,-361.7290604370383,435.3133433433689,-34.59522485919633,-340.30218659467886,437.15874423341756,-34.53762763141068,-339.2785212091565
2018-12-20,249.86000061035156,247.1699981689453,28.3799991607666,30.420000076293945,32.24876551080958,333.04529868050423,155.36423965651414,23.233049249267502,-119.61630990243172,308.01843442737743,90.17274581437896,-240.26199930421566,340.94425429361786,96.34820193419078,-206.01708782019978,344.2462334121178,96.57923671933574,-203.1399034962396
2018-12-21,246.7400054931641,240.6999969482422,30.11000061035156,33.7400016784668,35.148502419404835,289.97369085952585,241.66450473603447,-179.3060705332227,-116.04889458402312,400.0638570183719,-225.03781335267396,-440.3951900185229,439.9833149474417,-214.27868597161358,-525.4051900375305,445.3716665155403,-213.63748524210007,-520.0160022731645
2018-12-24,239.0399932861328,234.33999633789065,36.06999969482422,42.400001525878906,42.233887281296134,708.5384861891299,349.2767554546507,-117.37930833125924,-113.95757668920103,537.7418306788883,8.51927966469981,-389.10987438361127,603.7326612915768,36.61136552578641,-325.3933510944828,619.2977651232851,40.42013143164443,-312.5455283549967
2018-12-26,235.97000122070312,246.17999267578125,30.40999984741211,34.709999084472656,33.69733493496719,-853.6552346328947,-124.43057973263728,-182.12458222884146,-120.59942278187609,-460.9923824589235,-601.320449410427,28.246266658225384,-919.6044935627665,-609.5119804677702,68.21713357747895,-932.1082549292485,-608.9573574707742,72.5448043233725
2018-12-27,242.57000732421875,248.07000732421875,29.959999084472656,33.880001068115234,32.83978117555061,-85.75537594165752,-131.98640738131715,-180.83982200109043,380.04769960273734,-480.01438225514056,-105.659634218992,559.8957956900429,-450.4986210372198,-95.59969100441947,606.1161357951398,-445.8758834929236,-95.04377746350016,611.5675210583418
2018-12-28,249.5800018310547,247.75,28.34000015258789,31.020000457763672,31.06290520189674,-177.68759736538726,91.55556332632767,84.84596202111553,-113.5026160216925,237.24025997890877,155.70358890862772,-164.73300342814466,268.42335935752885,162.71193613364122,-124.7762748631856,271.62440801103156,162.99413718970806,-120.96422320476663
2018-12-31,249.55999755859375,249.9199981689453,25.420000076293945,27.350000381469727,27.388786997758046,-367.41182041386935,-127.89803642106558,281.45257248078826,-111.71111153891042,3.789375240498918,331.2547145633684,43.56313824593172,24.840062886003512,334.1638035289868,72.36743660820844,26.119788637174835,334.21664745418786,73.9971134073526
2019-01-02,245.97999572753903,250.17999267578125,23.219999313354492,23.020000457763672,24.87016010894341,-251.86268888146373,-119.54333760351271,-162.08614575423823,299.20744219606144,-407.8175356099614,-136.5494693541588,428.5404276604289,-394.41572544514344,-136.00453614200165,440.677667667788,-394.08209421126827,-136.0021623699041,440.88897212756916
2019-01-03,248.22999572753903,244.2100067138672,25.450000762939453,26.959999084472656,28.144734727507952,327.4574618564543,261.5408920261724,-93.80517295351362,-129.2301378604001,415.74368939137617,-47.34087417949764,-372.07652956164054,442.5536634737552,-44.779295562020735,-352.37497624071943,444.26418900129846,-44.73206693273648,-351.5236041911789
2019-01-04,247.58999633789065,252.38999938964844,21.3799991607666,21.270000457763672,22.51378336465335,-563.0951362854603,-130.96735902838216,-194.65884916407126,337.0165496230666,-462.85618325409985,-175.30979017169528,477.09287630371057,-455.19172578988037,-175.06343855269773,488.77790079313957,-455.08818012995164,-175.06301559142526,488.92070687057384
2019-01-07,252.69000244140625,254.3800048828125,21.399999618530273,21.68000030517578,22.05627060898655,-45.751275566679794,-128.53975776965393,112.7739567980324,30.38968137865499,-151.6268449304428,135.3565547668275,169.22967464703146,-141.8440243994697,135.73550407638257,182.03049250092025,-141.6645902462811,135.7365444924495,182.2300082116034
2019-01-08,256.82000732421875,256.7699890136719,20.469999313354492,20.56999969482422,20.96377569806326,-109.24949109232927,-99.1913526791986,220.7663934340857,-110.3266417376478,17.656604270023003,239.97351001309192,-3.5575281858094976,26.741787142422858,240.22418708006603,6.564894076560071,26.876835786308973,240.2246756358293,6.680522672975522
2019-01-09,257.55999755859375,257.9700012207031,19.979999542236328,19.18000030517578,40.92744162659331,1993.766592853005,-126.53786790536505,230.1906547519179,-96.99371614533528,-26.679053730459867,244.80844301490248,36.05196601330343,-21.204124072301255,244.9222845965285,45.19491215490532,-21.159849427157006,244.92237213330432,45.26447909958164
2019-01-10,256.260009765625,258.8800048828125,19.5,17.8799991607666,40.112458140033525,-81.49834865597825,-96.2770353924146,-69.29614127497265,167.672538150327,-260.0943685243502,-59.238062230268774,264.84075463098384,-253.56912190758473,-59.1910376065748,268.3736087595379,-253.53141558299868,-59.1910159059591,268.3829270597167
2019-01-11,257.67999267578125,258.9800109863281,18.190000534057617,16.100000381469727,37.48732101600787,-262.5137124025656,-114.5682802621515,103.48253983226668,8.85362698114818,-123.8544406990724,109.20914394530257,124.2304291679276,-121.61214954835843,109.21724586289442,127.71474257228695,-121.60858194335226,109.21724630493189,127.71927688487412
2019-01-14,256.8599853515625,257.3999938964844,19.06999969482422,17.56999969482422,38.73412886417954,124.68078481716702,-111.83009392380013,175.39485400759528,-62.534405429519715,-47.62493956456766,184.38392622364333,51.28666071438264,-43.28812732264932,184.4152927191828,55.93892885211023,-43.27005791054852,184.4153008827808,55.952225935764126
2019-01-15,257.82000732421875,260.3500061035156,18.600000381469727,16.84000015258789,38.407525738747395,-32.66031254321433,-111.06742013039975,-26.348803657930574,136.7502414301172,-247.11522137539941,-19.056068454373843,249.0663607507798,-243.74111388773738,-19.038946720780302,252.9849908121527,-243.73168412518035,-19.038944375302137,252.99268278321597
2019-01-16,260.8299865722656,260.9800109863281,19.040000915527344,16.729999542236328,39.37254714078999,96.50214020425949,-108.92821356668955,207.50713168293478,-99.04175571198596,-9.053523498377666,215.00301164895276,11.209259643021754,-5.549470310559121,215.02158538933756,15.20108919542256,-5.539137097632382,215.021588163539,15.209329722915824
2019-01-17,260.010009765625,262.9599914550781,18.059999465942383,15.75,37.94619750803054,-142.63496327594538,-98.43057012430016,-97.93357391570245,193.58337737507182,-291.817373499008,-92.75562301886336,291.64343264600177,-288.9434774040671,-92.7487972069388,293.94748787800665,-288.9386883153982,-92.74879677683205,293.949524601264
2019-01-18,264.9800109863281,266.4599914550781,17.799999237060547,15.220000267028809,38.50874636934779,56.25488613172536,-98.60405040537208,49.39569978673759,45.95455690295409,-144.6927019772326,54.100623632817936,144.04401871536965,-142.14906177269384,54.10573408663544,146.20530259062113,-142.14557524862644,54.10573432034529,146.2069265203718
2019-01-22,264.82000732421875,262.8599853515625,20.799999237060547,21.56999969482422,42.94862061907608,443.9874249728291,88.77273884763878,43.711683116947576,-113.95766956062988,212.92816758982897,70.1971530826709,-191.21421249116824,225.5314379152872,70.7843557773752,-177.32945036034667,225.84399212138848,70.7869182679317,-177.05479934202393
2019-01-23,264.010009765625,263.4100036621094,19.520000457763672,19.36000061035156,40.565344231449615,-238.32763876264664,-54.20859886898406,178.56203263982238,-115.74057967846507,67.85316902715833,195.13360429396604,-56.466412814472754,76.79137060402333,195.30750641427827,-48.83278465037508,76.90288239848647,195.3077645010974,-48.770394259970224
2019-01-24,263.2099914550781,263.54998779296875,18.88999938964844,18.09000015258789,39.33648145231135,-122.8862779138268,-100.95744670562745,170.2905305521211,-65.20989195844564,-30.897298662353045,182.37244000193192,37.697187123455286,-23.385878139639548,182.4491365749862,42.26773177407066,-23.32738015632849,182.44919229850424,42.285930368972366
2019-01-25,265.6099853515625,265.7799987792969,17.420000076293945,16.350000381469727,37.185436475397594,-215.10449769137523,-98.61536768210188,188.01347756155343,-89.81178065277896,-8.692636216273295,195.5585243499953,10.896680264560102,-5.913113898449415,195.57623917160953,15.66220675992385,-5.906187176657982,195.5762411963552,15.672994859762815
2019-01-28,263.3900146484375,263.760009765625,18.8700008392334,19.3799991607666,39.13521689916334,194.97804237657448,-99.00886611267971,162.65683614879174,-54.40567288437423,-35.73028443061113,179.85785086229882,47.77497781935629,-24.216630760763923,180.06024709930608,53.46271770575315,-24.05287083762595,180.06062594204317,53.50135413846295
2019-01-29,263.9200134277344,263.4100036621094,19.1299991607666,19.850000381469727,39.47382646169794,33.86095625346002,-58.94810856112607,183.0470336356793,-113.58598812485364,61.416358539585026,201.5186881471461,-48.07415189859487,70.78024296955964,201.74795783843666,-38.96595535926999,70.9154621304651,201.74838429626936,-38.87190468603505
2019-01-30,265.1000061035156,267.5799865722656,17.65999984741211,17.31999969482422,37.999546298468104,-147.42801632298352,-102.80433728137075,-39.56739960681548,144.33301081693529,-244.0128857926344,-29.64740811630235,248.61789970615158,-238.2213528314683,-29.603668131534388,252.74637608373007,-238.1899027016476,-29.60365028330274,252.75866593946813
2019-01-31,267.510009765625,269.92999267578125,16.56999969482422,15.510000228881836,36.87128380990046,-112.82624885676427,-122.69020992752708,10.146766897191098,110.5905635376759,-234.06624263930587,16.15260496629174,234.72215583963603,-232.17844645761315,16.161397659282063,238.84019814922712,-232.17574740829596,16.161398081465062,238.84629179290104
2019-02-01,270.1499938964844,270.05999755859375,16.139999389648438,14.130000114440918,36.10523727427292,-76.60465356275381,-86.77987284052958,180.41245117995834,-98.19672423867428,10.901877045126332,183.80702284247982,-12.863927465584466,13.065872583464591,183.80911832126742,-11.633351299936143,13.067579171357194,183.8091183627323,-11.632962409041278
2019-02-04,270.1099853515625,271.9599914550781,15.729999542236328,13.579999923706056,36.07819010467931,-2.7047169593615195,-85.46425170375349,-16.44726886125911,96.51630323171386,-183.06179687145098,-13.883768632798096,180.26748334815446,-181.4638553576658,-13.8828648227959,181.23304207031072,-181.46312687901462,-13.882864815315463,181.23321740166173
2019-02-05,272.44000244140625,273.1000061035156,15.56999969482422,13.579999923706056,36.29445867001641,21.62685653371028,-72.06107305569509,74.04757820569893,-6.819063854539584,-65.46886845706352,77.17373706293145,63.238012282145895,-63.016472643470074,77.17543959254962,63.91177535028579,-63.01487382536728,77.17543961705039,63.91187906180115
2019-02-06,272.7900085449219,272.739990234375,15.380000114440918,12.729999542236328,35.74863123422483,-54.58274357915798,-70.61038831142234,144.80327230423774,-80.456396935137,7.886553905593255,146.49847692368127,-11.549851256168983,8.60635617891006,146.4986925154271,-10.574448909753473,8.60646998116559,146.49869251571593,-10.574347120263125
2019-02-07,270.94000244140625,270.1400146484375,16.3700008392334,14.890000343322754,36.24073852139705,49.21072871722174,-14.396828691316996,109.47072092437836,-98.32492595313892,83.69695602280015,114.17840476606716,-84.34295485064658,86.1434053265193,114.1834396582983,-82.0817200952635,86.1466719548641,114.18343987571177,-82.07995183137663
2019-02-08,268.75,270.4700012207031,15.720000267028809,13.609999656677246,35.18854889397977,-105.21896274172775,-102.40656406333787,32.55326876810572,64.39681686668973,-168.46306721237562,35.05550790132486,165.60728734228167,-167.44375288263467,35.05620645977334,167.09021214883666,-167.443412493639,35.05620646285015,167.09057031828942
2019-02-11,271.20001220703125,270.6199951171875,15.970000267028809,14.670000076293944,35.53868255189087,35.01336579111012,-49.83261282825977,155.7310846269968,-109.37642020653799,59.79468119673886,160.21185378095583,-60.66787808729092,62.724081090003274,160.21660529820474,-59.11650860923692,62.72799989396673,160.2166055155641,-59.115675895951036
2019-02-12,272.4200134277344,274.1000061035156,15.43000030517578,13.470000267028809,36.20621795794469,66.75354060538154,-72.21204843745338,-27.55878114000565,94.74122094701485,-167.35051199312647,-24.62967220867884,164.92231061154106,-165.0684849216945,-24.628264959820044,165.56939248818165,-165.06716677372637,-24.628264943074306,165.56948158907232
2019-02-13,275.0299987792969,274.989990234375,15.649999618530272,13.489999771118164,36.97044576462075,76.4227806676061,-88.94646516996849,180.21130741666573,-96.49004006822814,6.436621715429938,182.94482715690006,-9.060765141482127,8.008756518447393,182.9458815523788,-7.899380194466696,8.009540118350047,182.94588156217733,-7.8991093988906
2019-02-14,273.7799987792969,274.3800048828125,16.219999313354492,14.109999656677246,37.55705722486499,58.66114602442423,-104.77251804310825,150.52664183126916,-50.105868215978,-55.78777153243417,154.13361496521844,54.038172453959696,-54.23057557234687,154.135760314561,56.08794965994945,-54.22947134537248,154.1357603466888,56.08899078231769
2019-02-15,276.3599853515625,277.3699951171875,14.90999984741211,12.18000030517578,36.975692370551045,-58.13648543139465,-67.88164813615874,30.98238347921363,30.48017539016967,-99.83603957508872,32.522011774202596,96.01715420653906,-98.63090793771613,32.52221567242839,96.3516508644659,-98.63071513424046,32.52221567273883,96.35166195921599
2019-02-19,276.4800109863281,277.8500061035156,14.880000114440918,13.380000114440918,37.01024937298004,3.4557002428996952,-70.43053798116523,-0.36242002656645456,66.03391016679011,-136.58289564914077,2.837249694257762,134.42565407482172,-134.02207950871292,2.8390559608802346,135.06450768189492,-134.02036838147222,2.8390559875571397,135.06460282127682
2019-02-20,277.80999755859375,278.4100036621094,14.020000457763672,12.600000381469728,36.01458157329016,-99.56677996898833,-96.14224050870811,130.97328371616683,-40.99574962018393,-57.039175045673325,132.76729486520065,53.474728935654774,-56.2526183795182,132.76755516790732,54.48218341896991,-56.25247603444878,132.76755516834376,54.48230137660717
2019-02-21,277.70001220703125,277.4200134277344,14.460000038146973,13.18000030517578,36.03141341013879,1.6831836848631099,-46.89637571682923,122.03308383055455,-80.54932750435945,31.936893291682345,124.57918200168693,-34.74879525351595,32.89978559941689,124.57989943048749,-33.16558938719789,32.90009505009974,124.57989943340769,-33.1651814090802
2019-02-22,278.1099853515625,279.1400146484375,13.510000228881836,11.489999771118164,35.6507273919723,-38.068601816648595,-74.87833476680736,43.55286007550963,24.249536728717548,-101.23151933956251,44.43563967469157,96.75561683692705,-100.65581340003284,44.43567513463626,97.0626904965888,-100.6557829373991,44.43567513464577,97.06269549389972
2019-02-25,280.7300109863281,279.5199890136719,14.850000381469728,14.0600004196167,37.65687091242667,200.61435204543656,39.365094781057074,44.496062240956014,-87.63976822847825,126.0316771146037,48.67616859625703,-127.20702561658507,127.73610938235575,48.67943130074084,-124.73135145878241,127.73763144900644,48.67943137099458,-124.72961082094918
2019-02-26,279.1300048828125,279.32000732421875,15.170000076293944,14.199999809265137,37.959281397831894,30.24104854052254,-90.51105220839545,160.73319880719825,-73.87571636936727,-16.645991826399097,165.0383465983986,15.596559748839914,-13.978179318155545,165.04248429140395,17.233895192142402,-13.974931918131459,165.04248445174957,17.234785485123872
2019-02-27,278.5199890136719,279.20001220703125,14.699999809265137,13.140000343322754,37.149773376288536,-80.95080215433583,-114.22173225799199,162.0291950437826,-53.03443741079683,-63.096793393838375,164.7609379805381,60.47062862250534,-62.327528063562205,164.76174783421126,62.433106231691475,-62.32731311529236,164.7617478369181,62.43370113709481
2019-02-28,278.9599914550781,278.67999267578125,14.779999732971191,13.18000030517578,36.90864134665451,-24.113202963402358,-60.48847847364389,147.64630394342075,-92.56809420945001,30.7617834904393,150.1947527655059,-33.571226269419014,32.123051310375295,150.19557872619944,-32.38404526164864,32.12361855504058,150.19557873182058,-32.38378654562048
2019-03-01,280.44000244140625,280.4200134277344,13.56999969482422,11.329999923706056,36.240525872246124,-66.81154744083884,-60.23131007741862,118.56716951837066,-65.24079069163415,3.215380312547802,119.62095582944623,-7.520250613881638,4.100637164814794,119.6210167787945,-7.3517211550513135,4.100696487216807,119.62101677881626,-7.351719528105091
2019-03-04,281.6000061035156,279.3999938964844,14.630000114440918,13.399999618530272,36.928806111707054,68.828023946093,147.9493538472789,-73.94871156061622,-78.7203490477718,225.06274059885934,-70.70970075996598,-227.18101968766328,226.13419726104195,-70.70827308766087,-225.01346553886893,226.1346851064424,-70.70827307733404,-225.01252571196417
2019-03-05,279.5400085449219,279.0199890136719,14.739999771118164,13.359999656677246,36.80978630293286,-11.90198087741976,-16.485431155283756,87.06663481917161,-75.44021409663097,57.19908253601849,90.1663419481871,-59.45688220866885,58.121879566394405,90.1675527082799,-57.2799721034227,58.12222897796564,90.1675527148864,-57.27911075490122
2019-03-06,279.1499938964844,277.3299865722656,15.739999771118164,14.989999771118164,37.28326119980632,47.34748968734621,73.19434762228337,35.20474144219914,-110.35821119154772,184.5930285215263,41.2043368768934,-183.94137920145496,188.31044008668474,41.215108324029906,-181.65919423235144,188.31879454667344,41.21510942359763,-181.65677724519648
2019-03-07,276.8299865722656,275.010009765625,16.59000015258789,16.149999618530273,37.361319229381664,7.8058029575345245,86.6372148083731,14.799833610898341,-100.83496892253622,188.81531282003374,23.360630669396155,-185.5861612324401,192.82555885789836,23.387702760254506,-181.03560442156035,192.8403877594527,23.38770855050114,-181.0233612321441
2019-03-08,272.94000244140625,274.4599914550781,16.049999237060547,14.630000114440918,36.16572250410829,-119.55967252733757,-99.62743670317559,47.692975981514145,48.39109128324733,-148.40091322538066,52.108324104863414,147.4617181513877,-146.1053990569255,52.11249846928457,149.58155225477475,-146.10268408318305,52.11249861777751,149.58301164545372
2019-03-11,275.260009765625,278.44000244140625,14.329999923706056,13.399999618530272,35.585317727000614,-58.04047771076739,-79.26852250666522,-162.53139067930903,236.64069117436605,-316.620243700055,-159.7318951291525,314.0622422233276,-314.6520591786151,-159.73067459427162,314.8935532655796,-314.6509828843494,-159.73067458073623,314.8936975061948
2019-03-12,279.05999755859375,279.489990234375,13.770000457763672,12.729999542236328,35.41045106610375,-17.486666089686764,-85.20588280755393,125.09908001283264,-45.83799761765584,-40.8410422254936,127.11299716222041,37.49666988510556,-39.63493434194698,127.11342523420959,38.30447915252362,-39.634600131758035,127.11342523578642,38.304573014323815
2019-03-13,280.4800109863281,281.3399963378906,13.40999984741211,12.529999732971191,36.10229452178892,69.18434556851736,-66.33782281628397,42.53322600049512,18.12618787281648,-85.27594661936357,44.81353461928801,82.19818924895462,-83.40855018178736,44.81418619185143,82.6111014333059,-83.40792502227413,44.81418619498603,82.61112784635606
2019-03-14,281.3699951171875,281.1600036621094,13.5,12.520000457763672,36.050962653546684,-5.133186824223657,-70.97006311466664,159.25690605704366,-94.0903052182658,22.10314236732154,161.41216134291503,-25.30604285560758,23.765364660775813,161.41272313051778,-24.81300986065442,23.76588969721707,161.41272313305385,-24.81297310949293
2019-03-15,280.5400085449219,281.30999755859375,12.880000114440918,11.220000267028809,35.335974088403454,-71.498856514323,-103.02417160815615,127.31455798036203,-31.382527777821977,-74.1120189890217,128.1811341365133,69.61989835210599,-73.90305153289304,128.18115490521367,70.27750705212961,-73.90304693026978,128.1811549052147,70.27752321820671
2019-03-18,281.54998779296875,282.3299865722656,13.100000381469728,12.529999732971191,36.17750276629339,84.15286778899329,-110.15462459555143,142.6985918643797,-38.41983405410565,-73.81974147136444,144.78144264087024,70.54422782418744,-73.22558947606704,144.78179577897063,72.03292660586368,-73.22549219387675,144.78179577945374,72.03318246177373
2019-03-19,283.510009765625,282.3999938964844,13.5600004196167,13.529999732971191,36.73793396455032,56.043119825693566,42.269100203680644,29.86769319792353,-76.35936324834447,117.03913502717452,33.60384091294675,-118.6595846929997,118.12762473520405,33.60596109386185,-116.01192666527265,118.12820425667317,33.605961114595196,-116.01038600582669
2019-03-20,282.1600036621094,281.54998779296875,13.90999984741211,13.489999771118164,36.55804450887853,-17.988945567179115,-41.0265279690399,140.99809379161007,-104.58997727486923,63.03278372910108,144.3383999010795,-65.0492028521404,65.18111358263273,144.34039223033923,-63.8572265595805,65.18274256004045,144.34039226696132,-63.85686320772843
2019-03-21,280.6400146484375,284.7300109863281,13.630000114440918,13.109999656677246,38.36090661202964,180.28621031511065,-108.29375542607062,-191.55777247942254,294.5840689149537,-404.62644456764167,-188.86651390819722,401.95981028124373,-403.6962239691191,-188.86568920405577,403.7208482574348,-403.6959172220017,-188.8656892005674,403.7213662144589
2019-03-22,283.2200012207031,279.25,16.479999542236328,16.850000381469727,38.613964643406334,25.305803137669614,274.4299276987373,-149.23502073040052,-120.91665682606899,400.3305547959432,-136.99805302636682,-393.3732505983328,407.9750154604668,-136.91899897102402,-388.78068573655526,408.0351964015731,-136.91894114875672,-388.76181261706137
2019-03-25,278.8699951171875,279.0400085449219,16.329999923706055,16.40999984741211,38.111615845986556,-50.23487974197778,-112.09493798513594,213.83850647287994,-100.03237487009501,-10.019529321815243,223.50841765228674,14.369256559196211,-5.3136087978342434,223.54695127201882,19.33325927352827,-5.291549853337704,223.54696333092502,19.349733949147097
2019-03-26,280.989990234375,281.1199951171875,14.68000030517578,13.949999809265137,36.99436550044678,-111.72503455397731,-95.90151693059622,178.48905511668417,-86.61376117006877,-9.813415559180536,182.4215496944685,8.390219226074239,-7.660650323823701,182.424576345343,10.16994864804113,-7.65855742702872,182.42457642488245,10.170882402120787
2019-03-27,281.1099853515625,279.6499938964844,15.149999618530272,14.699999809265137,36.67397441240951,-32.0391088037276,40.44552642209201,64.86409834350633,-107.7346292142731,148.83836945834412,70.39781145659795,-148.65491334415034,152.17388010992596,70.40627201946641,-146.45671021473615,152.18027867759838,70.4062726873709,-146.45464821953695
2019-03-28,280.3500061035156,280.7099914550781,14.43000030517578,13.699999809265137,36.30611233996856,-36.78620724409498,-78.66944039344973,118.076862708214,-43.573920497947704,-34.99379944730763,121.8690820867879,33.430291094626675,-32.21301881723468,121.87207191729031,34.44172992445338,-32.21032758676962,121.87207199861616,34.44202852449087
2019-03-29,282.3900146484375,282.4800109863281,13.710000038146973,12.34000015258789,36.518494943366285,21.238260339772808,-69.28778743802636,125.81606523635062,-62.46549200703291,-7.916354084504393,127.83756858940541,4.579601577599471,-6.3310803943110034,127.83803029120912,5.0158312421138245,-6.330645129693588,127.8380302928621,5.015857679300131
2019-04-01,284.70001220703125,285.8299865722656,13.399999618530272,12.109999656677246,38.41509071766599,189.65957742997048,-100.6077978991507,87.31246815139569,6.981787095524153,-109.66734138959923,88.9576430609346,105.95398383179437,-109.06584664321343,88.95782815536052,106.99766399511671,-109.06576918840881,88.95782815552982,106.9977716347381
2019-04-02,286.0400085449219,285.9700012207031,13.359999656677246,11.859999656677246,38.4322276096839,1.7136892017909133,-79.56987857544135,163.60893135578758,-90.58587041703073,9.173610119509481,165.02083128086693,-13.120283944688202,10.010555619994468,165.02097509237282,-12.545329519928503,10.01066787317553,165.02097509253807,-12.54529796160366
2019-04-03,287.32000732421875,286.4200134277344,13.739999771118164,12.289999961853027,39.12499678157736,69.27691718934597,-15.204344690699775,117.03378397226987,-107.65838113889333,91.36463381279788,119.16355967671285,-94.59303533434033,92.95454557691761,119.16410001249348,-94.05317139161912,92.95504153131472,119.1641000148916,-94.05312701023549
2019-04-04,286.7799987792969,287.17999267578125,13.579999923706056,11.579999923706056,39.47730215595751,35.23053743801512,-93.76729420329025,145.75110380945583,-58.74703015141114,-37.20782226928796,146.94660082597775,33.044673440998885,-36.71605695776379,146.94667254293446,33.748405146024645,-36.71602049276317,146.94667254296226,33.74844039798057
2019-04-05,287.9200134277344,288.57000732421875,12.81999969482422,10.119999885559082,39.76781956820701,29.05174122494998,-77.2843541606978,86.52391653237015,-16.837992502658782,-62.941066958072355,86.88420396314619,57.94263860126365,-62.75641398515727,86.8842057373239,58.118273059124604,-62.75641271890875,86.88420573732392,58.11827356705377
2019-04-08,288.1000061035156,288.7900085449219,13.18000030517578,10.739999771118164,40.14654844182196,37.872887361495344,-72.88980865056588,73.65068559381513,-8.055890541356911,-67.0802405962439,74.31438955746941,62.38524140141643,-66.64720628638918,74.31440396074964,62.615911055217474,-66.64719386709825,74.3144039607511,62.615913039206795
2019-04-09,287.7200012207031,287.30999755859375,14.279999732971191,11.779999732971191,40.083818991967476,-6.272944985448703,-29.32664095084212,98.41587671271068,-75.61594255738751,44.146552913858336,99.84788747895774,-48.0731383805159,44.68309470774228,99.84800880781916,-47.17766940808021,44.683147742277974,99.84800880789172,-47.177601113754555
2019-04-10,287.7699890136719,288.2900085449219,13.300000190734863,10.140000343322754,39.78382123236494,-29.999775960253316,-85.15073057350585,115.46892752722125,-37.899738685668645,-49.78673574036893,115.84610335703965,44.805195722971256,-49.64312168312672,115.8461050715953,45.03875749554751,-49.643120839682034,115.8461050715953,45.03875836665843
2019-04-11,288.8299865722656,288.2099914550781,13.020000457763672,10.520000457763672,39.415489556903324,-36.83316754616186,-5.809224132270982,70.92827261499136,-72.53264668342247,64.28238245448154,71.47339197606279,-69.09597454915738,64.52069856900734,71.47339808208898,-68.7891713026116,64.52070210534336,71.47339808208918,-68.78916873292137
2019-04-12,290.0,290.1600036621094,12.010000228881836,9.739999771118164,40.107817623365136,69.23280664618119,-71.16214878032132,123.14030114022293,-59.671475589773884,-14.014055720067839,123.40569547211672,8.92073321328908,-13.858079601032733,123.40569619521025,9.030151426147784,-13.858079010265742,123.40569619521025,9.030151558474289
2019-04-15,290.239990234375,289.9700012207031,12.31999969482422,10.609999656677246,40.069804296201276,-3.8013327163859856,-63.22384387507578,150.09383218040628,-94.1396913378177,28.752459210804805,150.78284670968387,-33.42214538475645,29.268428619726073,150.78286356821945,-33.24910026439831,29.26844435824021,150.78286356822125,-33.2490991443769
2019-04-16,290.95001220703125,290.1600036621094,12.18000030517578,10.760000228881836,40.07987053903896,1.0066242837680761,3.113999026501071,70.04264716734775,-80.40529971657568,81.22003381486749,70.7527112063752,-85.86867140639926,81.6001232563117,70.75272713757042,-85.53869680881425,81.60013477628273,70.75272713757207,-85.53869239759015
2019-04-17,291.3999938964844,289.45001220703125,12.600000381469728,11.0,39.787857089439555,-29.2013449599402,92.56942124909563,6.217032446649309,-105.6546343598293,196.4381504136061,7.307569344329016,-200.70626259528723,197.33160155824282,7.307637826732297,-200.50917684221537,197.33166759971564,7.307637826761118,-200.5091744012849
2019-04-18,290.1000061035156,290.0199890136719,12.09000015258789,9.93000030517578,39.81639370688375,2.853661744419611,-67.76551470520015,140.28459686668566,-80.13987079788222,9.921502175959132,140.6225257920596,-14.94228910804136,10.148006852229388,140.62252749637412,-14.830864858937629,10.148008368655484,140.62252749637415,-14.830864671049257
2019-04-22,289.1700134277344,290.2699890136719,12.420000076293944,11.630000114440918,40.11583488326352,29.944117637976575,-75.92507393845509,38.873847325193566,30.466834526148,-108.13879057930713,40.24817279984243,104.15453868759988,-107.20633199731583,40.24831299524876,104.59640558041475,-107.20620988609167,40.24831299540599,104.5964236645969
2019-04-23,290.67999267578125,292.8800048828125,12.279999732971191,11.640000343322754,42.181869546890454,206.60346636269367,-100.27366113305095,-20.491793353013698,114.24067528065355,-216.6936978162581,-19.057854996666833,212.769037210632,-216.19377287832623,-19.057736396881772,213.7030506291096,-216.19372671895542,-19.0577363968192,213.70312306952383
2019-04-24,292.7900085449219,292.2300109863281,13.140000343322754,12.539999961853027,42.21339452646261,3.1524979572154166,-23.481247795005732,102.90421557078936,-84.8325144039789,59.77158169068601,105.45338650435426,-62.58037243480727,60.87088961081688,105.45414238842828,-61.1305094176868,60.87127955166236,105.45414239211473,-61.1301434744582
2019-04-25,292.1199951171875,292.04998779296875,13.25,12.359999656677246,42.10894719853047,-10.444732793213518,-83.62430366895383,172.01102110087456,-94.04663263560931,9.195631550364672,174.30982345895833,-12.254898616758167,10.648170811051363,174.31047159625348,-11.408635515723839,10.648696844321995,174.3104715998907,-11.408513411699348
2019-04-26,292.1000061035156,293.4100036621094,12.729999542236328,11.8100004196167,42.823356321418935,71.44091228884619,-81.01936972566081,28.50551296594015,46.18724217162098,-128.85956126260834,30.13761593961113,125.13317619691102,-127.83319391307853,30.13784546201348,125.73891182148529,-127.83300645672091,30.137845462446556,125.73895388753004
2019-04-29,293.510009765625,293.8699951171875,13.109999656677246,12.520000457763672,43.3590993621788,53.574304075986845,-101.87667215797009,169.79075752931936,-73.05161134525068,-30.71983847017503,172.61194911718687,28.183209062468407,-29.93592666340714,172.6128456833817,30.220488846856398,-29.935699415766436,172.61284568667,30.221158165410493
2019-04-30,293.489990234375,294.0199890136719,13.119999885559082,12.4399995803833,43.452540650123474,9.34412879446711,-68.87926695205665,80.75352277201125,-16.873099619673514,-52.29165977041614,83.71339653406028,49.894226717987316,-49.89786253540817,83.7148072813503,50.46030326040432,-49.89652089602663,83.71480729672632,50.46037236831287
2019-05-01,294.7200012207031,291.80999755859375,14.800000190734863,14.949999809265137,42.974844616731055,-47.76960333924194,202.816760626274,-107.2964091452283,-95.47948584461345,298.9753389783765,-99.29682594703013,-296.31277943052726,302.32211707489404,-99.27513203561308,-291.65997100593023,302.3321366659335,-99.27512871269661,-291.6482966855143
2019-05-02,291.67999267578125,291.17999267578125,14.420000076293944,13.920000076293944,42.090942490961396,-88.39021257696587,-30.856765700761567,115.69581575121236,-87.76527772637915,56.180338250649854,120.72830563705067,-56.50100454677062,58.12830984126236,120.73386701685818,-53.41648605582938,58.130657736043354,120.73386721257367,-53.413272570802505
2019-05-03,292.82000732421875,294.0299987792969,12.869999885559082,10.960000038146973,43.169108533065604,107.81660421042076,-89.19558222380647,55.203697607642745,26.92364235970206,-118.4107077336151,56.094172912945965,113.94249460777715,-118.02284500412192,56.09420204356965,114.44510718359176,-118.02282877478528,56.09420204357425,114.44512008487882
2019-05-06,289.25,292.82000732421875,15.4399995803833,15.449999809265137,44.109098945731375,93.99904126657717,-94.56964152701569,-167.71165425781086,263.141953896379,-354.6551376948616,-158.892278584487,358.1480694390337,-348.92582005217105,-158.8600049518672,361.23813730442095,-348.9000458390016,-158.85999511711339,361.24463672413805
2019-05-07,290.1499938964844,287.92999267578125,19.31999969482422,20.739999771118164,44.94620585394464,83.7106908213265,90.99649715310332,59.79387530596616,-126.40551862951688,233.46029041375695,92.13744669728457,-205.45926971559692,251.85223961643928,93.1536135658919,-191.4997157026731,252.52116289847083,93.16154539017973,-191.1524553200434
2019-05-08,287.5299987792969,287.5299987792969,19.399999618530273,21.329999923706055,44.73349355457796,-21.27122993666788,-89.21437139436935,224.36280060903078,-107.93673973322362,30.856389300846736,259.53320765223083,0.151007219630086,44.9645560932997,260.7289146912698,21.222577839058566,45.45033359028856,260.7382450599512,21.932524544141053
2019-05-09,285.2300109863281,286.6600036621094,19.100000381469727,21.86000061035156,43.7460477803829,-98.74457741950593,-114.92416271783196,107.1332924522064,36.66506794239746,-132.2467587219529,143.96620769074264,165.14489834917734,-110.67912975610065,145.39014964119525,180.42549919110886,-109.71215778516019,145.4054642104427,180.88251873705738
2019-05-10,285.6199951171875,288.1000061035156,16.040000915527344,16.56999969482422,41.00753779637932,-273.8509984003585,-124.71261319232198,15.06335536338044,113.47328692579825,-236.25226569700334,26.846102021998842,242.73973713081014,-231.67689418932414,26.9095443589489,249.94713975498584,-231.65108546953485,26.90957183218543,249.9847733733168
2019-05-13,282.4200134277344,280.8599853515625,20.549999237060547,22.760000228881836,42.14146445640479,113.39266600254732,3.4806733306916438,164.97348470645824,-135.01392539157504,162.30087230986985,206.3724349137996,-124.32561403241095,188.27103516162234,208.30746054568368,-108.86878362109088,189.68672675694486,208.3355036014148,-108.34931588119866
2019-05-14,281.989990234375,283.3999938964844,18.059999465942383,18.760000228881836,40.10850649966622,-203.29579567385707,-115.67220387505276,103.74746582265394,23.248438695271712,-131.27633743471156,123.0298840272983,145.4593848972113,-121.05145427673608,123.28923084692524,154.51746930746768,-120.89100313930078,123.2897802105127,154.6163652022325
2019-05-15,281.5899963378906,285.05999755859375,16.440000534057617,16.309999465942383,39.102928217426005,-100.5578282240215,-124.50785739932002,-86.00999761404131,212.7520330650003,-336.13064182851843,-75.81710200064029,341.0066774661708,-332.3478447492388,-75.77524441462683,347.41678752366096,-332.3318027367529,-75.77523289125804,347.44260309745596
2019-05-16,285.8399963378906,287.70001220703125,15.289999961853027,15.0600004196167,39.61900784123416,51.60796238081531,-109.36077080967343,37.04623584663798,71.29456773017137,-180.0608177964165,43.98498617553404,181.65576423536336,-176.79358091934276,43.999899847345006,185.32727942639767,-176.78531027911248,43.99990158655702,185.33392245799334
2019-05-17,285.1400146484375,285.8399963378906,15.960000038146973,16.260000228881836,38.96946282248801,-64.95450187461458,-101.70124659274953,136.29737389645732,-32.0772657066523,-66.01944141684594,146.7749530552822,71.18929696199537,-59.74923844227498,146.8259470033761,75.39669700264716,-59.71194206774329,146.8259708597741,75.4103945774271
2019-05-20,284.05999755859375,283.95001220703125,16.309999465942383,16.81999969482422,37.93983214720535,-102.9630675282661,-101.96257808423172,220.4879978439349,-114.39821979117593,16.58407043715131,232.57391537423206,-9.782528489358386,23.38799462346939,232.6482573534977,-4.5004863643186095,23.438466578565876,232.6483061345586,-4.4766163361437545
2019-05-21,285.8299865722656,286.510009765625,14.949999809265137,14.5,38.15603532288626,21.620317568090996,-107.23359638393909,149.41740121401634,-44.57425970183275,-62.75212893671205,154.9856639040263,62.96954914089657,-60.16910838589215,154.9935389799663,65.9547917536649,-60.16477938656018,154.99353945354466,65.95833783027467
2019-05-22,285.45001220703125,285.6300048828125,14.75,13.920000076293944,37.26824628208539,-88.77890408008682,-77.32622552599723,132.94766876915202,-58.69436196362712,-17.580100037989,137.8334676104456,17.11339392725717,-13.849487394360802,137.83968022018604,18.268580469847407,-13.843784449854743,137.83968056511097,18.269090135082667
2019-05-23,283.1600036621094,282.1400146484375,16.920000076293945,17.399999618530273,37.355731998830784,8.748571674539107,-19.052961836644023,145.23266776365452,-119.99664074924416,106.74132822896352,159.3744505031781,-97.84238271416632,115.18609779603295,159.4903308402089,-92.145248959229,115.26972620155024,159.4904514226921,-92.11299700978587
2019-05-24,283.739990234375,282.7799987792969,15.850000381469728,15.359999656677246,36.41768831176441,-93.80436870663758,7.304710465675226,87.67592384425757,-95.4266292980366,103.26184414491769,95.188646417919,-101.08963332335074,106.46223641455065,95.20685222758972,-96.77730062960086,106.47097060083047,95.20685461731121,-96.76782900618639
2019-05-28,283.0899963378906,280.1499938964844,17.5,17.979999542236328,36.60222314074679,18.453482898237894,175.23759834331906,-48.103557478161484,-118.76320636314787,300.6484378272555,-31.77400541438351,-289.5088140949695,309.92102008538,-31.605216184107142,-282.4515982384498,310.0353628585819,-31.604970133240883,-282.3971517233658
2019-05-29,278.9100036621094,278.2699890136719,17.899999618530273,18.34000015258789,36.0239685517363,-57.82545890104842,-43.964880100250014,164.76181819553446,-112.14454385200742,73.93288129355582,181.3729300005762,-62.50856908301039,82.29382987647121,181.54484796784456,-54.258167287797775,82.39406376152168,181.54508654093087,-54.18648315250672
2019-05-30,279.1099853515625,279.0299987792969,17.299999237060547,17.1200008392334,35.58464069474608,-43.9327856990225,-105.01431514478374,222.59935626406954,-113.40111924655922,12.803151171940977,234.74199569854883,-5.943159886600233,19.876599527302986,234.81806511116304,-0.873916533393635,19.9304054250401,234.8181173852524,-0.8516530139723621
2019-05-31,276.20001220703125,275.2699890136719,18.709999084472656,19.0,35.493215193002115,-9.142550174396291,-34.56487566296362,169.64010500714986,-124.16349208741082,98.34289916932926,188.51055982569517,-84.57903550982132,109.69629028168572,188.76268622842758,-77.06141522193742,109.87810007964177,188.76324281012268,-76.99109839131843
2019-06-03,275.30999755859375,274.57000732421875,18.86000061035156,19.260000228881836,35.169455285525814,-32.37599074763011,-61.26205910043565,201.94435474790103,-128.64952539401503,77.47926383448832,221.93584256312002,-62.54915030989398,90.17993487291605,222.233185834264,-55.257551470794944,90.40672116938023,222.2339678965718,-55.186994103467164
2019-06-04,277.1199951171875,280.5299987792969,16.969999313354492,16.649999618530273,35.71668298953929,54.722770401347276,-102.23559835015764,-133.63316730846117,238.1066888352011,-336.98102431046755,-123.43652657011091,341.8661783414111,-330.9534098306447,-123.38929571574961,346.035225177862,-330.9191881632989,-123.38927513782602,346.0482343658489
2019-06-05,282.3299865722656,282.9599914550781,16.09000015258789,14.899999618530272,36.12582240534761,40.91394158083261,-86.72749568201701,108.32024845402319,-23.075745341083852,-61.8119870271211,114.79597344671427,62.942802174109836,-57.29482330342732,114.80978116278074,64.90136526327345,-57.28297400863804,114.8097829829469,64.9033236845656
2019-06-06,283.2900085449219,284.79998779296875,15.93000030517578,14.880000114440918,37.11820131758681,99.23789122391966,-88.50706069236463,24.345494663816126,62.67507657850239,-149.45655638614738,30.817722775537405,150.58377307528818,-145.05379845863297,30.831428914724256,152.65324505627777,-145.04227411782367,30.831430711507025,152.65542685467048
2019-06-07,285.92999267578125,287.6499938964844,16.299999237060547,15.020000457763672,39.42854982696867,231.03485093818605,-105.19418126880697,41.43406885580967,62.62938113221377,-166.9935956946402,48.26205513679039,168.4774839332915,-163.48980117493772,48.27667465622516,171.80167748781903,-163.4807129102143,48.276676449474444,171.8072087425467
2019-06-10,289.3699951171875,288.9700012207031,15.9399995803833,15.25,39.86709087370864,43.854104673997085,-85.83639637428668,209.98166054300611,-123.59555510885613,41.03991246267638,218.49008716463086,-37.86053162863177,46.99567392750968,218.51975893881215,-35.30785814504534,47.02099438503307,218.51976726560713,-35.303506828197165
2019-06-11,290.989990234375,288.8999938964844,15.989999771118164,15.149999618530272,39.80827372279655,-5.8817150912091165,105.63342653663786,1.043939721792222,-106.71908749030969,213.95412145018432,8.960936051675208,-211.37325481891367,218.2273112164866,8.983523914825511,-207.7294438367454,218.24212201655146,8.983528333413007,-207.72166677358703
2019-06-12,288.6400146484375,288.3900146484375,15.90999984741211,14.65999984741211,39.30389599892517,-50.43777238713787,-56.433031586347425,144.18408132911011,-89.23294111465722,32.563224939992956,150.66090751897602,-31.43360173029601,34.9989776190889,150.67242210056756,-27.392527375339014,35.00357034611541,150.67242294475454,-27.385605520770472
2019-06-13,289.3999938964844,289.5799865722656,15.81999969482422,14.59000015258789,40.04840821280785,74.4512213882679,-84.1707689252453,147.65044800592315,-64.66690925788436,-17.275711263103876,154.42193539048654,18.70418527048272,-12.370075817918844,154.4376395750719,20.570039516580852,-12.3562434231377,154.4376418817916,20.57191130640621
2019-06-14,289.260009765625,289.260009765625,15.279999732971191,13.5600004196167,39.274109125793245,-77.42990870146045,-84.03415566412377,165.7677948384582,-85.51439617908036,1.666410608983584,169.94575539547978,-2.8432715889048255,4.531373900101768,169.94965142030446,-1.5302741821365573,4.5347043375766365,169.94965156116933,-1.5297085947865363
2019-06-17,289.5199890136719,289.3699951171875,15.350000381469728,14.989999771118164,39.26302164506577,-1.1087480727475452,-61.57409192799135,147.72266967802716,-86.41330851748032,24.711731704999163,155.41665647235152,-22.358098104158074,27.251122680901197,155.43502084063707,-17.203500310180186,27.257003070237285,155.43502281619277,-17.191016331218666
2019-06-18,291.3900146484375,292.3999938964844,15.149999618530272,15.289999961853027,41.42226341567345,215.92417706076787,-88.78529035044986,74.83495230217201,14.990232568585851,-100.10771486541847,83.8335643842407,103.78229633244283,-93.76552458981254,83.86825133095715,106.43872946456082,-93.735814568422,83.86826265661227,106.44370639020202
2019-06-19,292.54998779296875,293.05999755859375,14.329999923706056,13.869999885559082,41.32470104705669,-9.75623686167566,-119.14833560595734,192.8159584423435,-76.42720667475366,-43.70376103827429,198.0150921657476,43.550031841445396,-42.01102042888191,198.0209468072862,47.056425141864075,-42.00915194694972,198.02094699369314,47.060411301470744
2019-06-20,296.0400085449219,295.8599853515625,14.75,14.770000457763672,43.90577391802701,258.1072870970317,-87.60935668323323,195.63439645726638,-108.3922322401632,22.383044135699738,203.22592155290494,-20.129939411237284,26.6562593207057,203.24621874349756,-16.811625857111,26.67024390835653,203.24622238699112,-16.805313254116893
2019-06-21,294.1300048828125,294.0,15.399999618530272,14.829999923706056,42.75403489901635,-115.17390190106624,-97.6501602656173,209.4364457706316,-112.175292409004,16.41877333711992,217.0061564284091,-14.187211723326707,20.98652398064418,217.026724946192,-11.185247819358521,21.001842848562436,217.02672883590694,-11.179998169435843
2019-06-24,294.2300109863281,293.6400146484375,15.260000228881836,15.800000190734863,42.21214534886758,-54.18895501487668,-62.23605415932732,185.16938965228744,-120.12428450662479,62.04220492875219,195.93715820038395,-56.57747332305354,68.86290681017451,195.99283881974725,-52.63037795611132,68.90595381973392,195.99286752001527,-52.617744344708335
2019-06-25,293.70001220703125,290.760009765625,16.280000686645508,17.010000228881836,40.69326461525666,-151.88807336109207,200.03840990445545,-89.79630421195745,-103.11099880121112,306.9659294279586,-74.70647975890762,-297.1069084784256,313.39274117406916,-74.57856570066156,-288.4437774056371,313.45154207114285,-74.57844733481227,-288.3746642303896
2019-06-26,291.75,290.4700012207031,16.209999084472656,16.799999237060547,40.358094345333235,-33.51702699234238,32.01169916432958,77.54566338036122,-103.78670196171839,139.24416113128925,91.27504152509641,-130.7739861539795,145.31843368245896,91.37455591943369,-123.11880685801191,145.3670768499937,91.37462962183588,-123.06793562445773
2019-06-27,291.30999755859375,291.5,15.81999969482422,16.34000015258789,40.77392627639563,41.583193106239236,-96.85383453252908,175.8229088411463,-74.64440144789438,-16.78609053030302,188.10629926362793,23.791437635659985,-8.69953240207215,188.18697350826213,27.988330353581304,-8.635005106417212,188.18703393193255,28.004477308007903
2019-06-28,292.5799865722656,293.0,15.079999923706056,15.670000076293944,41.365861380136536,59.19351037409086,-124.76224114164316,219.74397293533679,-92.81851392043372,-30.88559469971168,229.8659083703602,35.68982806706298,-27.17381507478642,229.9069238644516,42.09999480085845,-27.158516468758197,229.9069347881489,42.12571168915387
2019-07-01,296.67999267578125,295.6600036621094,14.0600004196167,12.510000228881836,42.840123296380554,147.42619162440178,27.283542193332735,48.478906001586864,-80.9011660889656,106.5480017667677,51.298905669306464,-109.0857451270571,107.59007410188184,51.29988020306302,-107.30781778925441,107.59046870362566,51.29988020826024,-107.30723785724169
2019-07-02,295.6099853515625,296.42999267578125,12.93000030517578,10.420000076293944,42.938573178392765,9.844988201221128,-97.50180993581836,111.03794481530872,-20.811022476975015,-79.18119898212696,111.72177477958479,74.50632166424123,-78.99225914389856,111.7217850591836,75.00121179028908,-78.9922562836715,111.72178505918387,75.00121920966086
2019-07-03,297.17999267578125,298.79998779296875,12.56999969482422,9.90999984741211,44.94006611790325,200.14929395104843,-65.61795832026249,-33.963091300961,92.0625245125543,-160.0410252556503,-33.52289884786943,155.1225041954817,-159.72220921027454,-33.52289479936889,155.24388060319757,-159.7222054744422,-33.52289479936881,155.24388091586576
2019-07-05,297.44000244140625,298.4599914550781,13.279999732971191,10.56999969482422,44.8106700440998,-12.939607380344853,-59.345204034237064,13.082472020740113,39.2734968427068,-100.47990040056672,14.05195441171101,96.09071125383898,-99.66174233947643,14.052000435773374,96.24203558373114,-99.66169751157656,14.052000435784942,96.2420367798936
2019-07-08,297.010009765625,296.82000732421875,13.960000038146973,11.119999885559082,43.50974502269535,-130.09250214044528,-63.88658900960487,144.3182113241016,-87.25867871561245,21.344085744533793,145.44987248475044,-25.571070973695974,21.995423545725835,145.449943656704,-25.090747614201824,21.995477699467415,145.44994365674134,-25.090730595989918
2019-07-09,295.5400085449219,297.19000244140625,14.09000015258789,11.079999923706056,43.8580078921032,34.82628694078542,-105.54331618785092,45.19231641768333,53.58713272657159,-161.50505361264794,46.38716693585132,157.34124644871147,-161.20034554327242,46.387226815510864,158.23138889751414,-161.20033167689948,46.38722681552101,158.23143491080074
2019-07-10,298.3699951171875,298.6099853515625,13.029999732971191,9.9399995803833,44.6622850834457,80.42771913425,-57.96527267633016,88.51545826703112,-37.95493380070092,-22.227439982467278,89.06942761879796,17.422699833803513,-21.765182520968395,89.06943568013406,17.51441172407169,-21.765174672172204,89.06943568013438,17.51441193661172
2019-07-11,299.32000732421875,299.30999755859375,12.93000030517578,10.079999923706056,45.23842859330568,57.614350985997476,-61.25424010208011,120.16749575814563,-66.25759474288124,2.817002156549344,120.78187423309575,-7.561329750206644,3.310008001294731,120.78188572625413,-7.439957120001248,3.31001904256796,120.78188572625484,-7.439956668116052
2019-07-12,299.8500061035156,300.6499938964844,12.390000343322754,9.880000114440918,46.300843074633065,106.24144813273873,-81.90567123232918,81.12506477318306,-6.751329163699024,-77.64103650780518,81.55184671209705,72.70910370508207,-77.44837328017164,81.55184953221907,72.94322241636254,-77.44837157411554,81.55184953221911,72.94322353042853
2019-07-15,301.1300048828125,300.75,12.68000030517578,11.010000228881836,46.36628810969667,6.5445035063604,-51.55871047838804,138.38703255229711,-93.57944069012689,40.13445774449351,139.59463149784256,-44.285484033559385,40.92753022279279,139.5947238249944,-43.87095756624817,40.9276087146061,139.59472382505956,-43.87094373090961
2019-07-16,300.6499938964844,299.7799987792969,12.859999656677246,11.710000038146973,45.46987171368342,-89.6416396013251,17.45420019275914,52.12146808256566,-75.57499944596603,91.016682111948,54.080854473692106,-94.4157017545786,91.68332452069662,54.08116600170272,-93.12295777175638,91.68343720318431,54.081166002147164,-93.1227589262334
2019-07-17,299.75,297.739990234375,13.970000267028809,13.420000076293944,43.95992722666922,-150.99444870141951,117.18994930130194,-30.39677830745291,-90.06258972598832,206.5477920727539,-25.707479477832184,-207.21258089706274,208.51998473639205,-25.702849570001774,-204.49547458657148,208.52219543975846,-25.7028494254931,-204.49305538210726
2019-07-18,297.19000244140625,298.8299865722656,13.529999732971191,12.68000030517578,44.73619824402843,77.62710173592069,-83.8216698507349,1.5207993257426966,77.49540287590449,-161.9116665048132,4.674049238425429,159.7078826395851,-159.82718029603495,4.675733022284902,160.77664636887076,-159.82577530685919,4.675733047666199,160.77692516355452
2019-07-19,300.0400085449219,297.1700134277344,14.449999809265137,13.5600004196167,43.58105676201423,-115.51414820142014,186.70225552818644,-86.01362241420098,-103.65637487555121,290.5264942477927,-81.02264661400135,-290.88810864589436,293.37194050938484,-81.01651925053719,-288.7425787780178,293.37629147899685,-81.01651892126813,-288.7408023841647
2019-07-22,297.6099853515625,297.8999938964844,13.529999732971191,13.640000343322754,43.72632282746627,14.526606545204146,-106.18392191396666,188.25648474908164,-84.91504962948426,-22.136642467805,193.37271551647876,21.89986178970711,-20.328686762611014,193.37842163275022,25.208137041008595,-20.32661362292043,193.37842182184852,25.211770017589675
2019-07-23,299.1400146484375,300.0299987792969,12.609999656677246,12.81999969482422,45.38237474794102,165.6051920474752,-87.36415848819422,84.17885456195265,-1.2815154140888496,-86.55846323579246,87.6707527833886,84.69388144510866,-84.35537637125537,87.67299033303536,85.98269284686138,-84.35359057820541,87.67299037788905,85.98314460345804
2019-07-24,299.19000244140625,301.44000244140625,12.06999969482422,12.1899995803833,46.57134391084228,118.89691629012589,-81.24505618004864,-64.90675627818027,140.7160309689348,-222.95231033251054,-62.38382020570403,220.11739955409834,-221.26430785430512,-62.38294949482197,220.95233315495085,-221.26357026273516,-62.382949488240435,220.95246627426286
2019-07-25,300.94000244140625,300.0,12.739999771118164,12.529999732971191,45.31608589568541,-125.52580151568691,4.849455683066031,83.89719224275296,-93.6711997007171,97.42299685104595,86.93135802961632,-99.7461778050866,99.0042216199824,86.93272885047371,-98.29323677235405,99.00511695997406,86.93272886527942,-98.29276129148826
2019-07-26,300.760009765625,302.010009765625,12.15999984741211,11.539999961853027,47.069770184689936,175.3684289004525,-97.855509015767,69.87608553651133,21.7201776455912,-121.56692481369655,71.57555726461752,117.90789226366857,-120.87891536363904,71.57577054825413,118.9193545419675,-120.87881325854568,71.57577054850427,118.91946572051067
2019-07-29,301.8800048828125,301.4599914550781,12.829999923706056,12.670000076293944,46.57938581139224,-49.03843732976938,-45.02508032860002,132.4066071945439,-91.99798852993678,45.920738593459085,135.74886309231917,-47.93541810537463,47.547207415624975,135.75064524439662,-46.21963100603718,47.54826921313311,135.7506452681246,-46.218910651467944
2019-07-30,299.9100036621094,300.7200012207031,13.9399995803833,14.460000038146973,46.150093119752164,-42.92926916400788,-106.6342458132351,136.17950222911492,-30.288553380478977,-75.3845482436348,143.39492282628245,77.25823954706924,-71.75082766789532,143.4119110943161,80.83994191740283,-71.7406222329629,143.41191344322164,80.84672475052848
2019-07-31,300.989990234375,297.42999267578125,16.1200008392334,18.40999984741211,44.09058348728324,-205.95096324689237,239.23495619177277,-104.94551106490705,-118.82746251677398,367.9196171339406,-81.52481089304493,-349.4246588150235,380.2858852345394,-81.0918351842195,-338.3687569331418,380.5482213549969,-81.09036537360109,-338.1981163189456
2019-08-01,297.6000061035156,294.8399963378906,17.8700008392334,19.31999969482422,42.97645949733228,-111.41239899509614,183.26519019609088,-56.28633297918315,-107.36645457149214,299.6543964652764,-28.71521277200142,-276.8041908590088,310.9903052244528,-28.077409811149302,-260.56621185894255,311.2606010902304,-28.074642259088357,-260.1987023911305
2019-08-02,293.8500061035156,292.6199951171875,17.610000610351562,17.690000534057617,40.9831632018496,-199.32962954826792,18.036796395590372,102.76455060867987,-110.88590896852956,134.95637810864307,120.63870620619309,-122.23355175088574,143.57506344524697,120.84609452820975,-112.9777488948328,143.68800943889812,120.8464271233534,-112.8833064804944
2019-08-05,288.0899963378906,283.82000732421875,24.59000015258789,29.13999938964844,41.722911552097386,73.97483502477868,296.8373055090525,-96.38254979266102,-122.72438808637054,467.0066118930924,-10.693464600874256,-375.3485575810457,512.5862740584976,0.634222081151472,-334.51575027834247,519.1354007263494,1.3576063574731534,-329.71419974650354
2019-08-06,285.9100036621094,287.79998779296875,20.170000076293945,21.84000015258789,39.38077397414875,-234.2137577948634,-124.68607817704483,93.19783659156185,60.23453083445973,-168.5669745993205,129.9028434023033,201.29005411418876,-150.13689479838644,131.2796336681949,219.57845539851854,-149.3671695927885,131.29310794271726,220.18555789297415
2019-08-07,284.3999938964844,287.9700012207031,19.489999771118164,20.950000762939453,38.79104700342206,-58.97269707266943,-107.73679307712911,-131.1272111622678,262.76482237896823,-352.62753966489566,-99.2676754609303,380.12609181832926,-332.32154095672644,-98.26994144706799,391.68761919386196,-331.57215867009086,-98.26195106470361,391.9359883019775
2019-08-08,289.6199951171875,293.6199951171875,16.90999984741211,16.770000457763672,40.94490003363062,215.3853030208559,-125.9540202512623,-132.3373070783703,263.6908817841553,-387.02600912165656,-118.97903506208635,395.11564368315175,-381.7808724973707,-118.8889549551139,403.22883494076814,-381.7439320817045,-118.88889908949551,403.28197463584445
2019-08-09,292.5799865722656,291.6199951171875,17.969999313354492,17.75,40.041260001331665,-90.36400322989522,7.582735448371805,103.84353512266563,-101.1508188275383,113.28744537910883,122.07770442792695,-100.2015365088945,120.39432106769652,122.28816155464219,-89.07394038104545,120.47825905774567,122.28846406581758,-88.94742118465786
2019-08-12,289.9599914550781,288.07000732421875,21.09000015258789,22.450000762939453,39.94536160055494,-9.589840077672562,68.9440522386457,87.34037051011184,-122.00382645880553,210.82056206819118,129.5796843618243,-171.9661993673059,232.53728031185037,131.55345077275763,-151.4165727497642,233.66759654934296,131.58048178224607,-150.5730060515518
2019-08-13,287.739990234375,292.54998779296875,17.520000457763672,17.489999771118164,40.19597877796722,25.06171774122805,-122.75400457177798,-219.66946169362026,350.0131151552691,-468.5146953234058,-204.1210952419808,478.8440632573056,-461.6548170390701,-203.9813761979517,487.53269610892056,-461.5870534593743,-203.98123151364064,487.6046515938434
2019-08-14,288.07000732421875,283.8999938964844,22.100000381469727,24.420000076293945,38.18788870192071,-200.8090076046507,287.7716585753675,-116.56462307739056,-125.31537505290632,440.72712813338063,-62.71424507055416,-388.5878156704749,469.6083544263543,-59.06659305271893,-363.5308346059411,471.7930876077246,-58.97876370204791,-362.0671188549812
2019-08-15,284.8800048828125,284.6499938964844,21.18000030517578,22.450000762939453,37.610367322151596,-57.752137976911655,-91.10379922485349,242.38355436031324,-119.38796340779217,46.06916399022418,282.2340636497419,-9.883710851942082,65.77063266776307,283.92772506035647,10.285230166237705,66.69487688521991,283.9476254666464,11.054717086448543
2019-08-16,286.4800109863281,288.8500061035156,18.469999313354492,18.36000061035156,37.893557248288495,28.318992613689886,-97.6960229507416,-40.36170947245916,150.0045547578307,-236.61264357768357,-20.456169576066927,251.45687445214733,-222.89793969140217,-20.15876103623315,257.64849454369937,-222.65316547828704,-20.157976954791913,257.70112924487705
2019-08-19,292.19000244140625,292.3299865722656,16.8799991607666,17.200000762939453,39.24793068907058,135.43734407820835,-105.12481945764601,201.89412385196073,-89.17051684794083,-9.183429585977906,217.45162896010098,19.532349358575708,0.2258643887768108,217.60176118632492,25.680760234924072,0.33503632293656826,217.6019609292877,25.721720567544605
2019-08-20,291.7699890136719,290.0899963378906,17.5,18.43000030517578,37.82663302638304,-142.1297662687536,66.48215842105277,56.07577591392283,-109.74482480426354,183.18777987544522,76.84760300640104,-167.46781100078599,192.67531110997112,77.15446235034825,-156.18281837991807,192.82930360345824,77.15515911326388,-156.02995125242967
2019-08-21,292.4800109863281,292.45001220703125,15.800000190734863,16.09000015258789,38.60901442636997,78.23813999869245,-89.58650177343765,180.23032868914797,-86.47203545020254,2.954884638067037,192.36083771641893,3.895983192142063,11.692920543270072,192.43991408112035,7.288514072943711,11.761321200508215,192.439971839854,7.29918978510822
2019-08-22,293.2300109863281,292.3599853515625,16.68000030517578,16.709999084472656,38.97820910886796,36.91946824979908,-37.92447194198723,166.52856252249444,-122.656356697689,90.749283539456,180.43501396706898,-82.08992149727453,99.41859401746711,180.5466421264322,-76.85266774367705,99.50276477408008,180.54675491346632,-76.82521032528139
2019-08-23,290.9200134277344,284.8500061035156,19.8700008392334,21.549999237060547,35.815252265512086,-316.29568433558717,260.5691495807872,-226.12006498316754,-120.19233782558382,397.4846250264902,-303.9046006493723,-479.2008369150985,416.26594385348113,-302.47755931001643,-575.7522537737851,417.0673663226819,-302.4631216755073,-575.126593180343
2019-08-26,287.2699890136719,288.0,19.31999969482422,19.81999969482422,37.24265369189364,142.74014263815573,-109.60415988642947,157.38151528522476,-29.21304998942642,-66.71881526427896,183.9045382563648,88.5000689265383,-50.53917938055046,184.52148650925525,98.84658839093436,-50.094666213551626,184.52461888623975,99.01902724004124
2019-08-27,289.5400085449219,286.8699951171875,20.309999465942383,20.809999465942383,37.21149798567865,-3.115570621499586,177.3267980236949,-44.761419572071425,-107.5268028112766,296.009206263538,-11.764126369958047,-267.35637047486745,309.24608185167233,-10.749866221634383,-247.5891770977885,309.65885288743453,-10.743090458534363,-246.98767783609156
2019-08-28,286.1400146484375,288.8900146484375,19.350000381469727,19.15999984741211,37.75178752418681,54.02895385081621,-112.08654722693507,-38.705546733800865,165.4007157681718,-267.03417838772896,-16.13820736460025,284.6429330826576,-254.02977770708762,-15.73807447710742,294.2071998916066,-253.7579018872327,-15.73674635671771,294.33545787966443
2019-08-29,291.7200012207031,292.5799865722656,17.8799991607666,16.850000381469727,39.46338809868974,171.16005745029312,-122.36702685040163,173.20223106562887,-44.83596595198957,-74.13335452886437,187.16018689063785,82.8361812832412,-68.1110742947417,187.26377538177698,90.77193537919469,-68.06229920782042,187.2638538868443,90.82674879071523
2019-08-30,294.2200012207031,292.45001220703125,18.979999542236328,18.600000381469727,40.00535190840395,54.19638097142112,45.86997640399997,95.20084874204143,-126.47785906450865,183.34654713580434,117.75253238534671,-165.75119545287828,196.90898142882398,118.15491798674012,-156.7605873425178,197.1955458278419,118.15627674681488,-156.64476519142323
2019-09-03,290.57000732421875,290.739990234375,19.65999984741211,19.06999969482422,38.89135132386995,-111.40005845340042,-106.92436220896077,227.3946479834336,-104.48973770932321,4.649671134731362,251.33391361033594,14.367992316083702,14.15425101589898,251.77102899600132,28.803976029042456,14.331662235972933,251.77232696322542,29.063680864002773
2019-09-04,293.1400146484375,294.0400085449219,17.329999923706055,15.600000381469728,39.97886111473082,108.75097908608709,-100.66834935391677,113.85006700049567,-11.378177608133486,-86.09686560592752,123.6123246007025,90.5422821687864,-80.23533705751282,123.65420112511595,94.44302723727124,-80.204598422071,123.65421714180872,94.45416512685999
2019-09-05,296.7900085449219,297.82000732421875,16.270000457763672,14.59000015258789,42.716925263344066,273.80641486132475,-111.90653563867704,126.26959379869899,-15.119040483744792,-96.23223132706784,133.47232903674018,98.09261191969092,-93.00558400175369,133.48869195308612,102.0687018188048,-92.99719691276006,133.4886939394729,102.07667764617437
2019-09-06,298.1700134277344,298.04998779296875,15.0,12.390000343322754,42.448816993406965,-26.81082699371018,-83.1362541197347,176.08584041794848,-98.16866996813235,14.14786046806167,178.82547430979693,-16.765838120662856,15.942477056059515,178.82658032711439,-15.820820806056288,15.943396260515444,178.8265803378703,-15.820633993194841
2019-09-09,299.1400146484375,298.20001220703125,15.270000457763672,13.65999984741211,42.53633879498492,8.752180157795664,-12.271388911524392,118.05362141731564,-108.53758863176941,96.80908542073972,123.2569828531003,-96.95733574442339,100.02971963898204,123.26408865539483,-94.9746080646305,100.03521515032972,123.26408911764534,-94.9729977736821
2019-09-10,297.3599853515625,298.1300048828125,15.199999809265137,13.760000228881836,42.40733354153966,-12.900525344526415,-83.20853242829483,86.8813768502111,-6.04633819671607,-75.8310009900165,92.46660063717067,76.06654673960136,-71.82155696287752,92.47564016155539,77.64232725309819,-71.81362545018068,92.47564091523158,77.64343526478922
2019-09-11,298.4700012207031,300.25,14.609999656677246,13.130000114440918,44.194627234089246,178.72936925495893,-75.33281603555102,-31.03852333470696,102.95955756107638,-177.4433898128721,-26.491587582121067,176.63660861914587,-173.91541734161635,-26.486586966665705,177.65557211500303,-173.9107868214843,-26.486586752138685,177.65594221032674
2019-09-12,301.25,301.2900085449219,14.220000267028809,13.100000381469728,45.067281975795865,87.26547417066186,-84.85338407680152,163.7446453444726,-82.52370597546107,-2.069421701218508,168.070918198445,1.0412537435862368,0.8695318672029351,168.07519494860273,2.428573196439101,0.8731469998097174,168.07519511590465,2.4292348139903353
2019-09-13,301.7799987792969,301.0899963378906,13.739999771118164,12.619999885559082,44.75814994841758,-30.91320273782827,-12.522037621681934,95.08306499714027,-87.23773591442445,73.4476014117744,98.36507401993303,-75.52269319087205,74.85805829755854,98.36669077980143,-73.65114103668759,74.858870039154,98.36669079697734,-73.65033601841456
2019-09-16,299.8399963378906,300.1600036621094,14.670000076293944,14.600000381469728,43.92467644307404,-83.34735053435409,-110.35964587531791,194.0094572320916,-83.98457204962943,-25.45014965859409,201.6334141010013,27.734899596214003,-21.854676329616684,201.65292473147696,31.763386081547985,-21.843976025542066,201.6529276768787,31.772196407983408
2019-09-17,299.94000244140625,300.9200134277344,14.4399995803833,14.539999961853027,44.56482767402128,64.01512309472395,-105.70666660158366,117.13861458459361,-11.944359083697817,-92.58186925643238,124.58492104567472,94.68818550527719,-88.72916651399657,124.60364839520749,98.28179213925442,-88.71753396119263,124.60365131053923,98.28888693601846
2019-09-18,300.489990234375,301.1000061035156,13.949999809265137,14.130000114440918,44.61962996661517,5.480229259389091,-81.02965916903459,97.66834739379576,-17.36796348920937,-60.872933535204616,104.89778969111393,62.76247182684036,-55.40660924753402,104.91660324719797,64.52559302787292,-55.389592380426244,104.91660643858276,64.52738971688294
2019-09-19,301.5299987792969,301.0799865722656,14.050000190734863,13.18000030517578,44.579194331825335,-4.043563478983714,-26.771813017259994,103.49489018950447,-80.0633037673305,52.05043167823671,108.11338115617585,-52.786568953790635,53.485847118201036,108.1174704757079,-49.603493341829385,53.48705212180558,108.11747056096225,-49.60060902590168
2019-09-20,300.3599853515625,298.2799987792969,15.31999969482422,14.68000030517578,42.14330360912197,-243.58907227033626,82.91078206869925,40.77420378337926,-123.19512194695596,209.31376599982465,49.22278525026365,-206.1949594037114,215.19658870767591,49.251727941254295,-203.6291928177155,215.22113306178392,49.25173576821707,-203.6247944806637
2019-09-23,297.54998779296875,298.2099914550781,14.90999984741211,9.829999923706056,41.85307382652644,-29.022978259553156,-97.41705694519435,126.5579945078521,-36.65018022902713,-63.34742229488752,127.00746940325027,58.43818201364479,-63.24861101891985,127.00747178837693,58.78884563307529,-63.24861055998377,127.00747178837693,58.78884755926588
2019-09-24,299.4100036621094,295.8699951171875,17.049999237060547,17.729999542236328,40.302367969640976,-155.07058568854646,212.35675898565736,-67.22464350114825,-132.67563088515476,356.0074327844719,-46.80944134003327,-340.63573032347637,369.59706151571174,-46.49422347839202,-333.8092905229907,369.8474402172802,-46.493357107781485,-333.744450921455
2019-09-25,295.9599914550781,297.6199951171875,15.960000038146973,15.300000190734863,41.4790251234003,117.66571537593222,-107.43528316980698,53.8196395920062,54.797125980672746,-160.0988313676516,62.95983955663987,163.9138659463378,-155.2983635028972,62.99339173245418,168.25360754856735,-155.27728165633894,62.99340123480433,168.26607787807885
2019-09-26,297.6300048828125,297.0,16.06999969482422,15.199999809265137,40.89465006689183,-58.437505650847044,-21.756982969822467,116.97607144057363,-93.82517017241574,73.0021507964273,126.3287073006777,-68.97507035766895,76.5956269374536,126.36186944110057,-63.21590330997069,76.60893966590379,126.36187676972116,-63.196053897872
2019-09-27,297.8299865722656,295.3999938964844,17.219999313354492,16.770000457763672,39.78750537363801,-110.71446932538151,141.3144694153764,-26.368136387788454,-107.98391615364889,253.74404275061735,-11.447001952081967,-244.05487632877237,260.81010653113196,-11.320252404176065,-236.19968152834005,260.87786761796895,-11.320128258935533,-236.140693050607
2019-09-30,295.9700012207031,296.7699890136719,16.239999771118164,15.279999732971191,40.54191916391768,75.44137902796706,-106.92600502604483,138.58979281914347,-30.541625726139387,-74.24257185755226,147.6706724478701,77.99775540859216,-69.43345301568692,147.70369393195074,82.26952545299511,-69.4124804452021,147.70370318949244,82.28157436683635
2019-10-01,297.739990234375,293.239990234375,18.559999465942383,18.940000534057617,38.248262518114245,-229.36566458034378,348.70283262880474,-220.348781521588,-111.03701267025487,468.7134524591249,-195.07302552286495,-448.28164801624564,480.10287349264433,-194.55825951694754,-434.3934115983242,480.3533682404009,-194.55635806422978,-434.12913894190274
2019-10-02,291.5,288.05999755859375,20.559999465942383,21.709999084472656,35.201009384162546,-304.7253133951699,256.6922253188599,-117.09356547841205,-108.28454549401513,378.881307476386,-77.82073357021063,-343.3808481078853,394.5207110104421,-76.23438854814275,-319.7313341719055,395.1541548044995,-76.21830298630813,-318.7783915889054
2019-10-03,287.80999755859375,290.4200134277344,19.1200008392334,19.479999542236328,36.07945370594403,87.84443217814868,-124.71305183423779,12.403663423383174,128.96026811402785,-244.51168945613813,37.01326068831905,264.24604879960776,-232.90113203699053,37.49674032861547,277.24681769028064,-232.64865687403207,37.49846937350008,277.47782343431567
2019-10-04,291.1400146484375,294.3500061035156,17.040000915527344,16.270000457763672,38.41001784574912,233.05641398050838,-103.13845938927987,-110.86894699103365,217.7183867327905,-316.57090784083476,-99.19924907679786,322.950316736344,-309.6245850289479,-99.13082053376547,327.6737341378204,-309.575135248869,-99.13077823463806,327.6927129038898
2019-10-07,293.4700012207031,293.0799865722656,17.860000610351562,17.700000762939453,37.43242093409111,-97.75969116580043,-97.14265958167864,234.3907756659865,-126.3545549097585,39.572304173696686,253.24305440230364,-25.821624665770425,52.56674596533466,253.50017273568048,-19.96320057335883,52.77850475872608,253.500759883413,-19.917840803518704
2019-10-08,291.0400085449219,288.5299987792969,20.280000686645508,20.290000915527344,34.86717524014576,-256.524569394535,128.19753874945465,16.35882574559131,-122.47102200609145,264.51666251814356,46.40288579630274,-238.99862915555863,280.7276699111809,47.235576669933074,-225.16028778598152,281.2426716741117,47.240865381836166,-224.84259017835262
2019-10-09,290.75,291.2699890136719,18.63999938964844,18.260000228881836,36.10592471261474,123.87494724689745,-124.75026439597451,217.86829186996462,-81.3770306477145,-37.0683406626924,237.5680062580046,51.674895762691065,-28.21894819569508,237.83356453172766,62.52573733743325,-28.08843516388857,237.8340841854272,62.66078274852605
2019-10-10,291.17999267578125,293.239990234375,17.56999969482422,17.780000686645508,37.28062432986289,117.46996172481516,-107.36241188293732,16.17194245180078,100.98585566218821,-200.37038787625417,33.92604624461539,212.97911059552428,-189.77429686995242,34.139382732833816,220.13751870343856,-189.62215791568113,34.13977805423525,220.1987163627037
2019-10-11,296.2699890136719,296.2799987792969,15.579999923706056,15.279999732971191,37.439841419598125,13.321708973523608,-94.6867690589997,188.70217058772363,-92.49702685253897,1.3430441347628963,198.17926282567208,2.8147357196185907,7.547355326337593,198.2186680038686,6.087531292793072,7.578925741175782,198.21868253066935,6.095366056654575
2019-10-14,295.92999267578125,295.95001220703125,14.56999969482422,14.010000228881836,34.9649489467013,-247.48924728968262,-97.62235643648924,195.2352339799068,-100.01294446841486,2.569454041173971,200.79388461667585,-2.36143334289187,5.424647711526179,200.80197223995523,0.3420241617940767,5.429704132706961,200.8019727782244,0.34505536389486613
2019-10-15,297.1000061035156,298.8800048828125,13.539999961853027,12.300000190734863,33.618619107646836,-134.63298390544622,-85.41991798554687,-9.089284300381603,89.04166343223315,-175.6013965401718,-6.5981055923155925,172.73467317680246,-174.0620224882716,-6.597290101989726,173.6864778386983,-174.06137660476065,-6.5972900962595755,173.68664744551327
2019-10-16,298.3699951171875,298.3999938964844,13.68000030517578,11.920000076293944,33.703257090282364,8.463798263552746,-71.60863561651844,136.82395686819285,-70.86923238690181,-1.6491294404040269,139.12876329472812,-1.4041033419364113,0.12045527250215349,139.12944164761495,-0.8688816246591657,0.12108576817853267,139.12944165126325,-0.8688337674486157
2019-10-17,299.67999267578125,299.2799987792969,13.789999961853027,11.899999618530272,34.19666653958696,49.34094493045933,-31.898011047248897,103.91136776467626,-77.84357433676405,44.03456173352402,106.03986770710542,-47.264369475303106,44.802671345248406,106.04027758466316,-45.90397914375644,44.8028336093629,106.04027758550492,-45.90373153031326
2019-10-18,298.69000244140625,297.9700012207031,14.25,12.350000381469728,34.68756487097308,49.08983313861199,-2.7654908418692092,78.3738472846457,-80.87149571689409,76.43491665046581,81.06942557228732,-79.09720266935773,77.44268610567761,81.07027882751302,-77.40939383293572,77.44303825848371,81.07027883150514,-77.40889273051616
2019-10-21,299.4200134277344,299.989990234375,14.0,12.609999656677246,34.699934016196295,1.236914522321797,-74.31771619055684,88.15658274662542,-18.274200701611075,-56.013636040743656,91.67996616284891,54.18068390772761,-53.304577514863034,91.68234817537542,54.995008845805664,-53.30237520595109,91.68234822311052,54.99518854942014
2019-10-22,300.5799865722656,299.010009765625,14.460000038146973,13.300000190734863,35.282315829447754,58.23818132514589,82.34016528172899,-3.062217939162901,-82.53124975457001,163.77397336377928,1.6431972105944292,-164.42287262949043,165.3529610158065,1.6476003568872932,-161.29644502586615,165.35443465436472,1.6476004627814311,-161.29351551813144
2019-10-23,298.7300109863281,299.8800048828125,14.010000228881836,12.270000457763672,34.581540109919246,-70.0775719528508,-103.29901955009746,92.00186648820313,5.889344928081355,-110.85819043168136,94.55277591615466,108.05111733358544,-109.84906053080127,94.55351095187169,109.59289686378416,-109.84872842245191,94.55351095499898,109.59329979115189
2019-10-24,300.9100036621094,300.3699951171875,13.710000038146973,11.890000343322754,34.082318367727765,-49.92217421914802,-29.649083694377175,112.17899330678515,-88.39639990230435,57.12193475621221,114.271220578655,-60.38798400742744,58.17575226564651,114.27166161733618,-59.34957424357423,58.176033484438314,114.27166161875382,-59.34941442368482
2019-10-25,299.739990234375,301.6000061035156,12.649999618530272,10.329999923706056,32.33702574695185,-174.52926207759134,-90.76025245251539,-6.66375059145645,90.13166606026076,-183.32511615310568,-5.997370013395596,178.63278986228792,-183.07896095377274,-5.997359320502335,179.0530152410162,-183.07895620210087,-5.997359320501891,179.0530211822376
2019-10-28,302.94000244140625,303.29998779296875,13.109999656677246,11.699999809265137,33.84732487257395,151.02991256220974,-90.48887074954638,143.6024761194923,-59.11976991313266,-33.027166445100264,145.5550291380716,29.621364983159175,-32.00599359481944,145.5553922193172,30.552745152438085,-32.00575083557979,145.5553922202977,30.552865474444047
2019-10-29,303.0,303.2099914550781,13.199999809265137,11.75,33.93955155428236,9.222668170841075,-87.98043593400868,153.3449647889729,-71.29594840750634,-18.22650644270942,155.37226279819018,14.895506634590719,-17.08928308556763,155.3726825426136,15.785581288057385,-17.08897984876334,155.3726825440048,15.785697795676493
2019-10-30,303.42999267578125,304.1400146484375,12.329999923706056,10.670000076293944,32.597762837061936,-134.17887172204246,-61.887497748030306,49.242089377356905,5.896705596357668,-69.4607861703169,50.45210416480095,65.31217586711173,-68.45801330133591,50.45219663591156,65.51941778562619,-68.4579239161991,50.4521966359629,65.51942087159998
2019-10-31,304.1300048828125,303.3299865722656,13.220000267028809,11.579999923706056,33.93390347444347,133.61406373815328,-14.15760509190964,106.00698898673475,-97.88384239619694,82.28416481685431,107.93124804712436,-85.71824392135935,83.52138463984734,107.9316274439911,-85.031204682773,83.52169756622183,107.93162744518091,-85.03113821228078
2019-11-01,304.9200134277344,306.1400146484375,12.300000190734863,9.84000015258789,33.425755302793064,-50.81481716504044,-79.20823111107077,33.75459834516445,37.97422623381042,-119.616354466947,34.233909374831484,114.73695234595755,-119.3708941545694,34.23391378593785,114.97080306324702,-119.37089108990274,34.233913785937965,114.97080440968678
2019-11-04,307.8500061035156,307.3699951171875,12.829999923706056,11.079999923706056,34.90020315198721,147.44478491941493,-28.99374567005124,104.59833687673463,-82.10214194695996,51.104975482042356,106.05950369822972,-55.002385169640114,51.78085411881541,106.05964475090853,-54.21709698479493,51.78093582222771,106.0596447510317,-54.21703763552845
2019-11-05,307.5899963378906,307.0299987792969,13.100000381469728,10.989999771118164,35.18502500704393,28.482185505671964,-7.858799175707196,71.35638396194089,-69.97133924201614,59.86969504514324,72.84134706791983,-63.74332397117872,60.30611919468478,72.84147259766678,-62.694785014685394,60.306155114224744,72.84147259772274,-62.6946954044784
2019-11-06,307.0299987792969,307.1000061035156,12.619999885559082,9.470000267028809,34.27503386309998,-90.99911439439552,-71.59076224703995,133.29638288841159,-69.30479724723943,-4.746087852535583,133.6559238443108,-0.25308680726052524,-4.526852261510792,133.65592579038253,-0.11278144238604293,-4.526850652567502,133.65592579038255,-0.11278110525758445
2019-11-07,308.57000732421875,308.17999267578125,12.729999542236328,10.15999984741211,34.99225278898447,71.72189258844952,-18.806270914460942,75.17319785884496,-63.506952761530066,42.231973990131856,75.99188960346318,-46.77198176596075,42.44261114863554,75.99190764478035,-46.16392717984541,42.44261542451466,75.99190764478115,-46.163913414407375
2019-11-08,307.79998779296875,308.94000244140625,12.06999969482422,9.31999969482422,34.1767806125158,-81.54721764686741,-82.22340158287899,47.81077396442581,26.768267527149515,-111.54417241375577,48.12513143488908,106.49981329907766,-111.41731739921347,48.12513241151455,106.68731575499855,-111.4173168852025,48.12513241151455,106.68731621761313
2019-11-11,307.4200134277344,308.3500061035156,12.6899995803833,10.6899995803833,34.816003553134806,63.922294061900686,-63.39000376681138,30.32393652238283,26.452748374427394,-91.42040790108405,31.669335214145946,87.40721786569841,-90.31870985105331,31.66946404876152,87.65091850753527,-90.31858598744515,31.669464048865926,87.65092347854261
2019-11-12,308.75,309.0,12.68000030517578,10.800000190734863,35.0992910541281,28.328750099329625,-95.42041806228065,164.5732883655599,-75.86594546088828,-21.74625409503037,165.8189307697204,17.633258959398624,-21.258719991565943,165.81901079169776,18.391367260125847,-21.25868315337549,165.81901079172886,18.391410443912793
2019-11-13,307.9100036621094,309.1000061035156,13.0,10.970000267028809,35.677716978996216,57.842592486811384,-88.30596071760121,55.868602468312,25.8256227685991,-116.1324595500081,57.21558454938509,112.12083797761181,-115.45401689402209,57.21569845767893,112.78937740278562,-115.45394304682512,57.21569845776562,112.78941746388246
2019-11-14,308.7900085449219,309.54998779296875,13.050000190734863,11.229999542236328,35.9602183111751,28.250133217888163,-96.20188247914216,115.53653436663261,-25.616955966853737,-72.55313367410452,117.21294784902976,68.87103784884523,-71.84208428825649,117.21315610313368,69.83640194564245,-71.84197826741193,117.21315610338186,69.83650417890192
2019-11-15,311.0199890136719,311.7900085449219,12.050000190734863,9.670000076293944,35.48237651843117,-47.78417927439307,-74.43511413280018,69.15223988284765,-2.1786019721905725,-74.63958121666253,69.64948122246626,69.77811040356181,-74.34329256226998,69.64948663150867,69.97906308878805,-74.34328822366425,69.64948663150884,69.97906415922469
2019-11-18,311.5299987792969,312.0199890136719,12.460000038146973,10.18000030517578,36.15485031799377,67.24737995626029,-103.79987004000793,157.49498238997828,-60.72544340827897,-45.53271947747988,158.42336889342965,41.102414782093334,-45.31167453822207,158.42339525635165,41.80975634628845,-45.311669171173214,158.4233952563533,41.809777342161674
2019-11-19,312.67999267578125,311.92999267578125,12.859999656677246,10.25,36.72247055576456,56.76202377707895,10.733929757581675,52.074534145589844,-69.84368499658082,78.20758596656744,52.99803061394397,-82.642777786994,78.51689739646444,52.99805988692663,-82.02859274853387,78.51690810605686,52.99805988692972,-82.02857418514357
2019-11-20,311.2799987792969,310.7699890136719,12.779999732971191,10.199999809265137,35.86807753804513,-85.43930177194312,-43.60190549456917,135.13874249026267,-98.57549974996537,52.995131282859624,136.05879729775606,-57.43375325640552,53.69602443768293,136.0588380784822,-57.21459160372462,53.696062564886105,136.05883807849287,-57.21458895020171
2019-11-21,310.8900146484375,310.2699890136719,13.130000114440918,10.5600004196167,36.14532651996595,27.724898192082037,-14.165458386023497,88.42663331918222,-81.15091997365315,64.82891016156012,89.49560584045697,-69.11860056625781,65.35169735759261,89.49566047625382,-68.57241524099706,65.35173183460817,89.4956604762722,-68.57239508221583
2019-11-22,311.0899963378906,310.9599914550781,12.34000015258789,9.220000267028809,35.13508894905671,-101.023757090924,-63.77386614207323,137.63729647572998,-81.50012982710147,15.260499032464361,137.95931454405863,-20.29719710201372,15.474092988549051,137.95931596795404,-20.18877298976973,15.47409424020987,137.95931596795404,-20.18877281753515
2019-11-25,311.9800109863281,313.3699951171875,11.869999885559082,9.760000228881836,35.71428715334431,57.919820428760005,-77.24487680248819,12.901743588929241,56.93783512531147,-136.55128843257458,13.455163062443168,131.74599769463347,-136.24050794626427,13.455170412749618,131.9886366818375,-136.24050238575285,13.455170412749931,131.98863847163247
2019-11-26,313.4100036621094,314.0799865722656,11.539999961853027,9.5,35.631881481730844,-8.24056716134649,-56.525173795842164,42.81844795989096,6.346210028889113,-65.04140574560041,43.41664971459165,60.28089980943488,-64.53206910379025,43.4166595854882,60.36976492232584,-64.53205945109063,43.41665958548864,60.369765140522766
2019-11-27,314.6099853515625,315.4800109863281,11.75,9.899999618530272,36.82968587914699,119.78043974161494,-98.0842558203916,107.62200598877979,-16.743641952870924,-83.80913441415407,108.37483176606287,79.20325686998771,-83.59830651926778,108.3748460063793,79.74525475238508,-83.59830261831719,108.37484600637984,79.7452650917509
2019-11-29,314.8599853515625,314.30999755859375,12.619999885559082,11.359999656677246,37.284433912084474,45.47480329374807,-25.94306801809687,106.25279632172362,-86.17556351521341,58.54121204233136,108.34567867190083,-61.806618207992976,59.52910759271217,108.34610771782596,-60.70163140697222,59.52935686272915,108.34610771905025,-60.701451631064195
2019-12-02,314.5899963378906,311.6400146484375,14.90999984741211,15.300000190734863,39.446348688547815,216.1914776463341,209.4270626689837,-107.76919454813127,-96.76446084400114,308.4441667135572,-94.91706970951098,-300.8700564265364,313.3264878410798,-94.8363666993414,-292.90020910577164,313.3574886080162,-94.83632308967424,-292.85050686027813
2019-12-03,308.6499938964844,309.54998779296875,15.960000038146973,16.860000610351562,40.2668270178943,82.04783293464857,-127.61400104609432,186.74322839021468,-48.86024985377724,-73.77672393681404,204.9709234423261,86.85834958094752,-66.24088229864579,205.18357159611654,97.5505208165507,-66.14891846329593,205.1838894177764,97.67120520199917
2019-12-04,310.70001220703125,311.4599914550781,14.800000190734863,14.920000076293944,39.043966235399566,-122.28607824947346,-119.9213947221397,174.8139893885547,-52.36394986772155,-65.84227400933173,185.30135174901392,71.01753651133284,-61.47346826515456,185.34796945232156,77.13610847586398,-61.45258035901755,185.34798480057069,77.16183827348883
2019-12-05,312.2300109863281,312.0199890136719,14.520000457763672,13.9399995803833,38.79398211365216,-24.99841217474028,-93.219526269733,207.56087281802704,-114.67861860848149,23.7154641694328,215.18231831960932,-21.431474502784663,28.64682769663627,215.20358004644484,-18.74138836978283,28.66372209304895,215.20358420506798,-18.737021039299172
2019-12-06,314.1199951171875,314.8699951171875,13.619999885559082,12.8100004196167,38.863945710937,6.996359728483981,-91.84496572659074,108.3213448659057,-19.714463581656027,-71.92042763341348,113.04197798532807,71.28765985486066,-69.03225269579264,113.04729464911637,73.1201182877192,-69.02819440336084,113.04729490017331,73.12137665907618
2019-12-09,314.44000244140625,313.8800048828125,15.859999656677246,17.059999465942383,41.91124143430493,304.7295723367924,-88.17681445688754,235.84961315121475,-134.1980093823466,57.81770304282945,257.28312002495295,-41.38524914855169,72.22152866547437,257.6407846072502,-34.35447164430034,72.50706757219055,257.6418808604082,-34.28234533264842
2019-12-10,313.82000732421875,313.5299987792969,15.68000030517578,16.239999771118164,41.34926578132614,-56.19756529787878,-72.98401318260673,190.27789193345583,-108.87427872588528,40.999219036613766,206.65620952017866,-29.81659362437805,48.710029864429565,206.81923490745064,-21.14888503878778,48.79548979674764,206.81943673413383,-21.07131954815371
2019-12-11,314.0299987792969,314.4200134277344,14.989999771118164,15.270000457763672,40.591419666712326,-75.78461146138125,-108.16081643417023,184.11101690594333,-71.62735648529673,-32.42236707278227,196.39257845417663,39.42213401439998,-25.65855916792563,196.46950140931787,44.93993778447851,-25.60828840972571,196.46955153601982,44.966589985346666
2019-12-12,314.42999267578125,317.1300048828125,13.9399995803833,14.670000076293944,40.44920457676117,-14.221508995115784,-89.77588317690143,-91.69213247237595,184.36455739391826,-269.1131868914485,-80.83687316597246,274.66754553778634,-261.41504411903543,-80.77905626427545,277.82469257123796,-261.3656980547686,-80.77902576481428,277.83316341025716
2019-12-13,316.8699951171875,317.32000732421875,12.630000114440918,12.40999984741211,38.57391571761096,-187.528885915021,-101.39595557757596,159.1613547369274,-61.71452323786026,-40.426937453714125,163.17094822018444,39.0808567451703,-38.49436923548295,163.1739915901494,41.15788207866611,-38.49261132704671,163.17399165861943,41.15916754019498
2019-12-16,319.2200012207031,319.5,12.140000343322754,11.630000114440918,39.2828321671198,70.89164495088411,-81.18983246564798,132.28430976846053,-56.1706615827194,-25.736702451605286,135.166843050314,23.2618060454987,-23.77506640550193,135.1681309241143,24.18270329540968,-23.773969698167473,135.16813093827514,24.182894461875538
2019-12-17,319.9200134277344,319.57000732421875,12.289999961853027,11.15999984741211,39.47990829900487,19.70761318850691,-48.858541688854665,131.81408450187362,-88.85429877151482,38.367454616211184,133.8740461051428,-41.665789196476254,39.418359566618726,133.87446748337362,-40.65673254235327,39.41862958068165,133.87446748463495,-40.6565811781854
2019-12-18,320.0,319.5899963378906,12.579999923706056,10.300000190734863,39.82698557355506,34.707727455019466,-41.0311841430729,120.98818023957912,-86.8046330319782,43.72610911093815,122.09926086587042,-47.97367988231553,44.35811117640724,122.09932702996497,-47.49460132146306,44.35816040305401,122.0993270299953,-47.49458438401526
2019-12-19,319.79998779296875,320.8999938964844,12.5,9.390000343322754,40.612354560300524,78.53689867454605,-85.27987886565349,58.34597967594999,19.46692878820613,-107.2240010352089,58.83772683621786,102.35703486523471,-107.0218376740682,58.83773106774113,102.64661866436205,-107.0218354809339,58.837731067741196,102.64662070275098
2019-12-20,320.4599914550781,320.7300109863281,12.510000228881836,9.270000457763672,40.45405355708504,-15.830100321548457,-54.34489338657509,78.50308162943281,-31.49676913279571,-24.98613379496215,79.12321830126126,20.247563428948446,-24.44478472756233,79.12322882518542,20.32635103337739,-24.44477437594037,79.12322882518586,20.32635120567965
2019-12-23,321.5899963378906,321.2200012207031,12.609999656677246,9.829999923706056,40.79141050933412,33.73569522490811,-22.13962379017318,80.0845223592872,-65.03786432471267,40.45477105039621,80.95027416545409,-44.947714615853606,40.69064383184793,80.95029635559544,-44.31783559113705,40.690649506704155,80.95029635559675,-44.31781907585199
2019-12-24,321.4700012207031,321.2300109863281,12.670000076293944,9.5600004196167,40.82588442254139,3.447391320727178,-56.3591328715215,133.47231487407345,-84.23947171804303,25.920567616431335,134.30474272034792,-30.446830297191084,26.640154630267322,134.30476975507923,-30.333989464749255,26.640181128047914,134.30476975508262,-30.333988927798593
2019-12-26,321.6499938964844,322.94000244140625,12.649999618530272,9.9399995803833,41.96292334000425,113.70389174628599,-97.63354358728266,65.01893897246569,25.574386702533914,-125.59857245280074,65.93743862194688,121.15838273254126,-125.3098748479328,65.93746681397037,121.78818477715703,-125.3098656689412,65.93746681397297,121.78820379018899
2019-12-27,323.739990234375,322.8599853515625,13.43000030517578,11.0,42.819414384344995,85.64910443407427,13.478544739252454,61.15003744808944,-80.51894550028635,92.138894335321,63.21839169691217,-95.42886889220449,92.95944309179853,63.218780452973,-94.18106339904499,92.9596177274388,63.21878045378744,-94.18084927862431
2019-12-30,322.95001220703125,321.0799865722656,14.81999969482422,13.770000457763672,43.32614257820738,50.67281938623864,85.5749446163469,20.596000088784173,-105.83729779536962,193.06648923292087,28.888364560315317,-190.10745115705012,197.3903975503256,28.913755726424583,-186.13898972726759,197.40609044561006,28.91376100208063,-186.1292914563527
2019-12-31,320.5299987792969,321.8599853515625,13.779999732971191,13.260000228881836,42.360231817241505,-96.59107609658761,-122.6376303956054,120.92889103118017,0.5829961428565311,-123.64402741114563,127.7618653713765,125.13141095909387,-121.39710337276651,127.77499214089349,129.71746224628438,-121.39301102854809,127.77499312626668,129.7264966715862
2020-01-02,323.5400085449219,324.8699951171875,12.470000267028809,10.600000381469728,42.89474224067234,53.4510423430838,-108.40301081746274,84.25316162729447,17.89294266392101,-128.51430252358844,85.954972662816,124.85758494697964,-128.05343621438834,85.9551616124544,126.0985296734219,-128.05339069429488,85.95516161257527,126.09867310296687
2020-01-03,321.1600036621094,322.4100036621094,14.020000457763672,12.779999732971191,42.90481012787085,1.0067887198509595,-91.59159655688606,57.93975337053865,31.060031260498256,-121.96027876257773,63.30665900645662,121.97621421708237,-118.59128862195628,63.314406386810454,123.97413024938179,-118.58525897014901,63.31440692381329,123.97584797793024
2020-01-06,320.489990234375,323.6400146484375,13.850000381469728,12.420000076293944,43.40003016098637,49.52200331155154,-75.67098331243596,-167.1104391868716,239.86162427855422,-314.2911270709976,-162.07151984585752,313.9779730240822,-310.37079358239714,-162.06487567201944,315.0965592473037,-310.3646552247386,-162.06487530121174,315.0970650634839
2020-01-07,323.0199890136719,322.7300109863281,13.789999961853027,12.34000015258789,42.62076848034742,-77.92616806389461,-68.47552275735903,166.4153567857835,-101.51121310958928,32.823033911572416,170.80269526638727,-33.79024512124131,35.28846780712092,170.80686313788317,-31.868340391083393,35.291367218806236,170.8068632829858,-31.867071931272605
2020-01-08,322.94000244140625,324.45001220703125,13.449999809265137,12.220000267028809,43.39961904767346,77.88505673260389,-98.35800297891845,46.651937221275276,47.84457721998307,-146.7502914585021,50.749166245376955,145.4921262052383,-144.61985634166484,50.75248952977323,147.4589201991816,-144.61774547420055,50.75248961645212,147.4601326161137
2020-01-09,326.1600036621094,326.6499938964844,12.539999961853027,10.859999656677246,44.038871209064425,63.925216139096364,-80.09904394105051,109.14833328247643,-34.980102051904474,-46.460822293884554,111.17623813375917,43.130453344234155,-45.123416684220906,111.17668189458728,43.82095258743532,-45.12304568991568,111.17668189616941,43.82102535395827
2020-01-10,327.2900085449219,325.7099914550781,12.5600004196167,10.56999969482422,43.26973569904431,-76.91355100201136,56.40166014051411,42.5148910179894,-105.06655566203956,160.12406670891008,44.32360407621787,-163.67374988671807,161.45924697825407,44.32392540194592,-163.2002170970566,161.45953888606942,44.32392540272294,-163.20018767914385
2020-01-13,326.3900146484375,327.95001220703125,12.31999969482422,10.050000190734863,44.688026796344616,141.82910973003047,-64.34642039438813,-30.38317485381521,88.06717648917164,-154.04781863101624,-29.08687605108071,149.9855142227769,-153.0026868211552,-29.086761700288278,150.23668121573192,-153.00257769392599,-29.086761700206786,150.2366864392951
2020-01-14,327.4700012207031,327.45001220703125,12.390000343322754,10.18000030517578,44.30148042554054,-38.65463708040764,-62.35443190510026,123.4117898777674,-67.4553574726459,3.7238967418967284,124.97250793955774,-7.521699546004987,5.026219976449367,124.97270463542823,-7.263304718533378,5.026409951634461,124.97270463566215,-7.263297997847948
2020-01-15,327.3500061035156,328.19000244140625,12.420000076293944,9.6899995803833,44.88545546531281,58.39750397722696,-63.47273057352354,39.98630285690776,16.491229254370744,-81.87296974090509,40.94982195642476,77.4778171644451,-81.10262301464994,40.949867842209734,77.67098953771921,-81.10257927048174,40.949867842222055,77.67099167933605
2020-01-16,329.70001220703125,330.9200134277344,12.31999969482422,9.710000038146973,47.020025149064324,213.4569683751515,-94.96924434425146,66.67185944155688,21.2446211274554,-118.57737265841949,67.5778132280833,114.12463696402425,-118.26153838838646,67.57784130892715,114.71475648052046,-118.2615276316824,67.57784130893006,114.71477380466035
2020-01-17,331.70001220703125,331.95001220703125,12.100000381469728,9.039999961853027,47.67884380862483,65.88186595605094,-85.39842962605208,143.9543153926493,-66.00843010451564,-21.90141308665867,144.46048861649632,17.04887297808815,-21.733470549659394,144.4604928458442,17.3871036649359,-21.73346899907058,144.46049284584424,17.38710634369498
2020-01-21,330.8999938964844,331.29998779296875,12.850000381469728,11.380000114440918,47.560047875532526,-11.879593309230785,-96.69475058300867,153.71381320461992,-61.97190489196933,-35.90457202668171,156.7196884960297,33.55303457480054,-34.407452360841724,156.72099331450653,35.06179021266795,-34.40666032370603,156.72099332680423,35.062302994009166
2020-01-22,332.239990234375,331.3399963378906,12.90999984741211,11.029999732971191,47.598983060068065,3.8935184535539236,-13.214297244821546,114.32728498176317,-106.41230989016199,92.3660043367592,116.98668039030994,-95.06431430844835,94.2132176079135,116.98769257184115,-94.25213216260354,94.21409258810989,116.9876925802935,-94.25199496126872
2020-01-23,330.6300048828125,331.7200012207031,12.979999542236328,11.399999618530272,47.929483009562695,33.04999494946301,-110.00952797782642,113.44800738971948,-8.21954614195459,-103.36853880694463,116.62565822142331,101.18885439904729,-102.26863508560609,116.62704054358748,103.26660151916575,-102.26815085637551,116.62704055334066,103.26749961209936
2020-01-24,332.44000244140625,328.7699890136719,14.5600004196167,14.649999618530272,47.088243438347746,-84.1239571214949,229.63527492770987,-92.0632640862353,-131.4277277258465,368.23702672393813,-77.96026340884309,-359.3755305746837,378.0709010412168,-77.84305037521669,-355.10628227385,378.16859920773163,-77.84292843449646,-355.08676739079743
2020-01-27,323.0299987792969,323.5,18.229999542236328,21.299999237060547,48.133901617796916,104.56581794491697,-122.72441773610848,239.73533196982152,-74.60278573386036,-22.91296162409957,290.1021780314364,70.99991322026885,3.715240958564505,293.18100112775306,94.80145834017097,5.515131440025092,293.24390276870434,96.080839202098
2020-01-28,325.05999755859375,326.8900146484375,16.280000686645508,18.34000015258789,47.56228307728681,-57.16185405101086,-118.23926090649414,76.05540517358128,65.37007157069368,-168.9818663892627,107.20033857312433,195.68117510656958,-152.02147448196206,108.11343145265035,209.87196260383215,-151.45634333406042,108.11967745767046,210.21993504622037
2020-01-29,328.3800048828125,326.6199951171875,16.389999389648438,18.1200008392334,47.456631385576124,-10.565169171068334,30.03249829132215,127.62065358033644,-133.95546772566098,181.57855078103526,159.27705528809557,-154.30698867513277,201.59491118487293,160.25093324800042,-142.65952036841858,202.31422607657137,160.25836025079315,-142.40494261386954
2020-01-30,324.3599853515625,327.67999267578125,15.489999771118164,16.40999984741211,47.02147268340041,-43.51587021757126,-102.3788464599564,-122.02237585871957,236.9233535230678,-328.6012043241632,-101.54152709255811,344.0383915262005,-315.2926939529657,-101.22647109491251,351.21157671261057,-315.0495623210396,-101.22562430346647,351.28350149361097
2020-01-31,327.0,321.7300109863281,18.84000015258789,21.65999984741211,47.71964611088987,69.81734274894578,349.2558139828886,-205.42526243425777,-123.87781318730495,500.6665060272828,-177.51380651116253,-474.3034810659767,529.2736026032139,-173.70351991118224,-474.9055573135305,531.4483693412582,-173.60995550590027,-473.26919585558414
2020-02-03,323.3500061035156,324.1199951171875,17.969999313354492,19.229999542236328,47.653797073824045,-6.584903706582423,-110.91944979358195,161.08842990003112,-21.287111683595604,-69.19969172242989,197.92901588465364,102.11143172505989,-46.493166930562005,199.35888746443007,116.26089811594457,-45.47118233911586,199.37429266256015,116.66883352399047
2020-02-04,328.07000732421875,329.05999755859375,16.049999237060547,15.8100004196167,48.400971500662216,74.71744268381713,-111.26123081033735,134.27334739351727,-13.22280264350477,-90.72591634013484,152.02137889495597,103.32440118157739,-80.80655730459628,152.23054979672347,111.15343323757124,-80.66996544762449,152.23090938681713,111.22601238234385
2020-02-05,332.2699890136719,332.8599853515625,15.149999618530272,13.6899995803833,50.234446322855035,183.34748221928194,-94.78659016399834,131.6068944122353,-35.05861395848184,-56.04516066320235,141.32730226375412,60.44869251857612,-49.69164716977181,141.3691438293727,63.815602658284014,-49.65846749539538,141.36915961099234,63.82426455007194
2020-02-06,333.9100036621094,333.9800109863281,14.960000038146973,12.979999542236328,50.885660680380376,65.12143575253404,-104.32270110899984,206.0676635636728,-102.51243982166872,-0.8602412945389859,213.25890375844918,2.709544788863718,2.76228437334767,213.27568461976978,6.2782615338364405,2.772211663698678,213.27568683785267,6.285115104826369
2020-02-07,332.82000732421875,332.20001220703125,15.470000267028809,13.729999542236328,49.93786596252872,-94.77947178516573,-33.70430557052135,137.69022109201214,-102.32585561622935,70.43482940601908,147.30899855903766,-66.13728182457353,74.90959850530476,147.34648623522165,-60.993262886592724,74.92921399634376,147.34649680546272,-60.97539070118787
2020-02-10,331.2300109863281,334.67999267578125,15.039999961853027,12.890000343322754,51.31408507280213,137.62191102734107,-91.61494609632392,-161.77948709131044,252.28807865910986,-342.11578680109824,-154.92712405806645,343.625111891171,-337.65234582822734,-154.91144443946914,346.014036166443,-337.63982210064,-154.9114422245702,346.0171920574733
2020-02-11,336.1600036621094,335.260009765625,15.18000030517578,13.039999961853027,51.86019800888988,54.61129360877521,-22.456235336700757,136.47129146398117,-114.1548504267032,93.83991431215239,144.29021472632084,-91.35727769318224,98.65498346592297,144.31264564471368,-88.3534191301835,98.6718251436782,144.31265009914353,-88.34782988947885
2020-02-12,336.8299865722656,337.4200134277344,13.739999771118164,10.84000015258789,52.43998680528401,57.97887963941264,-97.74347578557212,136.74762741214425,-44.527213119504005,-54.7869088017894,139.18328348097512,51.864518019345304,-53.67850452344272,139.1839541914628,53.19176981268752,-53.678142180363615,139.18395419432093,53.192078180096196
2020-02-13,335.8599853515625,337.05999755859375,14.149999618530272,11.829999923706056,52.386557295792436,-5.342950949157199,-102.45536005142306,86.95889556842705,11.822640586142422,-114.91099043855534,91.24378923334538,113.84085227893256,-112.86623549977587,91.2474749705762,116.08099110318591,-112.86416382474141,91.24747506869065,116.08260516538235
2020-02-14,337.510009765625,337.6000061035156,13.68000030517578,10.979999542236328,52.460769127334494,7.421183154205835,-75.02175153741356,144.04496091386346,-74.00122622344504,-2.8621917813896425,147.02566162862277,0.48525681272913124,-2.025316896283178,147.02674350695744,2.6290826472870754,-2.025052449408824,147.02674351186252,2.6299000787473736
2020-02-18,336.510009765625,336.7300109863281,14.829999923706056,13.020000457763672,52.39991601065464,-6.085311667985138,-98.14538838077424,185.3702701354381,-87.06966318280963,-11.074908637913447,193.4842062690547,13.85172360540812,-8.409738337365555,193.50580266469518,19.3004921761889,-8.403148610656983,193.50580540240728,19.315498845138524
2020-02-19,337.7900085449219,338.3399963378906,14.380000114440918,11.880000114440918,53.36346757109614,96.35515604414948,-106.42808367586106,160.9355189645587,-57.875300419341634,-49.204844536244806,165.52637139566983,48.44139443793309,-47.179754111386906,165.53078642800205,51.007156576333635,-47.17754619307481,165.5307865601495,51.00936369035407
2020-02-20,337.739990234375,336.95001220703125,15.5600004196167,13.859999656677246,53.09843287155929,-26.5034699536848,-13.524683807670066,117.31146155306716,-100.78192981007341,89.36509966721101,128.27502705014848,-83.70695801174143,94.12401854716953,128.32832077029437,-77.50229097877794,94.14901105029408,128.32834118613505,-77.47398976104104
2020-02-21,335.4700012207031,333.4800109863281,17.079999923706055,15.770000457763672,51.81333463879454,-128.5098232764753,53.90863056491513,93.68696588588284,-135.18510605241048,200.41481657854578,114.05617384603677,-185.09216005534964,214.3563317681857,114.36833997084544,-178.66363657634673,214.60951561981554,114.36917067933437,-178.6046539137428
2020-02-24,323.1400146484375,322.4200134277344,25.030000686645508,31.899999618530273,55.88993443168634,407.65997928918057,-55.98061709136568,292.88506165500183,-115.08001744275306,137.91533743344368,422.66820633764934,16.68481307914893,207.74469167395696,452.8439297293588,80.96178547879109,224.7287129520786,457.16711168686675,94.53686908351972
2020-02-25,323.94000244140625,312.6499938964844,27.850000381469727,36.349998474121094,56.30141822580215,41.148379411581004,-109.49642468536213,-132.22246534020493,-105.74845626106254,-37.72308330224343,-471.7310940650716,-393.11487130389895,46.88375136236143,-557.7017023845843,-806.929653261869,72.83617204193582,-547.4010209530829,-917.371244647071
2020-02-26,314.17999267578125,311.5,27.559999465942383,34.84000015258789,55.25579141752435,-104.56268082778024,139.01831383133114,108.68280387467271,-112.14455659437876,340.86372950940205,252.1980825480579,-164.63396835058816,418.97751198246726,290.2712825952467,-92.64660724548693,440.4909625734915,296.85714750002796,-75.3413972070118
2020-02-27,305.4599914550781,297.510009765625,39.15999984741211,54.7400016784668,72.08014362451428,1682.435220698993,164.97611122050662,-95.70322699958959,-86.18590916788557,429.07819081495614,-104.65753438479376,-323.6729549072252,576.278757282587,15.060726469905797,-429.8767119052045,647.9974580719643,65.01184332476146,-364.49567546103094
2020-02-28,288.70001220703125,296.260009765625,40.11000061035156,52.900001525878906,73.38300164986062,130.2858025346339,-94.81430893240665,-103.88320648323523,185.38154452335397,-352.2651350765518,-109.24045981375878,441.07301601877106,-455.1753199745522,-9.716607979251554,574.6299036160281,-402.20109941721034,26.287348050528593,631.5499018829221
2020-03-02,298.2099914550781,309.0899963378906,33.41999816894531,42.16999816894531,64.16792989017407,-921.5071759686552,-103.82838340223019,-124.59926614026566,-103.80918322126897,-383.7487045837492,-448.87738134226896,5.409812475422429,-785.9628383267451,-497.5794406868309,98.33679600614946,-860.9653732044827,-482.5884756970965,127.33822395699394
2020-03-03,309.5,300.239990234375,36.81999969482422,47.34000015258789,67.70715059511889,353.92207049448245,-74.37317071143534,-107.80654408644105,-90.12125396724963,159.60141171279642,-372.1487952898027,-338.49391541315373,273.43485356020386,-281.340330225034,-686.0750822334396,319.60317175005827,-250.74580399455064,-633.4205402092531
2020-03-04,306.1199951171875,312.8599853515625,31.989999771118164,37.060001373291016,62.6358747248339,-507.12758702849925,-109.94759768686679,-136.83014637508714,204.58439023810547,-404.9539637406306,-171.06478263716556,408.60097807038983,-508.99130269734286,-127.82441448355783,486.66855977930015,-485.00337618090407,-119.5595354692813,506.982645810618
2020-03-05,304.9800109863281,302.4599914550781,39.619998931884766,48.630001068115234,72.91742828196094,1028.155355712704,158.6471088479964,139.06877140926318,-91.93759609368365,399.72247917060986,352.805773134602,-98.3857523354665,520.8573370776548,445.7642158061695,26.26270089531706,572.0177599567843,477.8105252186593,76.76927409058737
2020-03-06,293.1499938964844,297.4599914550781,41.939998626708984,48.54999923706055,75.7465703163439,282.91420343829685,-97.11590061367838,-57.16135044543089,350.60405231699747,-306.4222905276506,147.12416837422316,589.5863016141174,-190.27762092746113,231.36137820280175,704.7477138950007,-143.00666751446622,258.3819412642205,748.4360699410748
2020-03-09,275.29998779296875,274.2300109863281,54.459999084472656,70.30000305175781,93.73540509944975,1798.8834783105845,-1.0679025099026718,339.56814939549065,-76.11440749536237,283.4833803638712,609.9127063474792,135.459984273022,455.8005538466464,763.8702315941468,310.2708395949694,549.9757087783486,840.6537034468807,403.4683945288509
2020-03-10,284.6400146484375,288.4200134277344,47.29999923706055,57.38999938964844,82.85633036369875,-1087.9074735751005,-90.55192839821837,60.485923047145796,257.68098459592784,-179.5570245252513,296.059619853764,524.4598352107192,-44.77311958193521,410.7474512943767,671.3319087759812,17.32167674247671,456.8297329963364,739.0957769047217
2020-03-11,280.70001220703125,274.3599853515625,53.900001525878906,68.20999908447266,92.40336014257912,954.7029778880371,255.97977456678186,-84.04706680362645,-75.17514015391066,535.4766463961599,20.66921836738549,-284.2646062224301,701.5081854293095,172.52369093187062,-270.7862750405996,789.9893378679767,247.31727597583875,-175.49270435547177
2020-03-12,256.0,248.11000061035156,75.47000122070312,103.55999755859376,125.36842882485749,3296.506868227837,150.073749997723,-61.92719901687307,-57.876798375882665,480.3237437809063,-23.698728850141414,-219.72912973234992,713.0267606008508,204.02613259344767,-266.3453348494511,867.440618849217,351.88447412955946,-103.74938618100381
2020-03-13,263.0899963378906,269.32000732421875,57.83000183105469,69.87000274658203,98.16051339683156,-2720.7915428025926,-81.78621441663091,-87.5122972035019,289.37956218384176,-306.7696702357218,40.52747092197284,571.2455084517856,-278.10982078633236,182.32225857432772,737.2751194156776,-194.29860821054208,248.9719508621345,822.1533438348171
2020-03-16,241.17999267578125,239.8500061035156,82.69000244140625,106.66000366210938,134.82678349691383,3666.6270100082274,52.53199962146089,321.22873388507674,-59.53822962557249,378.589384040848,643.4099553278048,158.96862170809206,605.5394086212501,864.1454571957797,394.665471401338,753.917403384699,1004.6111100266997,549.7926402169483
2020-03-17,245.0399932861328,252.8000030517578,75.91000366210938,92.93000030517578,124.88610456753655,-994.0678929377284,-69.26776949963946,-71.49986563682839,154.15151353086037,-261.56277850974413,-50.157269680664406,470.24037876062255,-339.42471207295705,142.53645217582152,681.4581515851173,-216.58220484686464,254.5496954809394,810.2827594279689
2020-03-18,236.25,240.0,76.44999694824219,97.22000122070312,125.30604346257154,41.99388950349885,-68.5897595796707,29.003926543893122,334.32417180884175,-159.049284047984,331.70098287872025,650.8938443255249,45.58515247562054,526.207204383197,862.7984110289776,171.01558621587677,640.0491512754271,992.3721592999328
2020-03-19,239.25,240.5099945068359,72.0,91.0199966430664,118.64826311202098,-665.7780350550553,-71.5773852307205,274.34496365038643,82.28597785410548,79.01754605406771,567.3572374859265,390.5897088553157,273.20621351418555,749.3109361215385,591.2170978463287,388.3009604843071,851.1147187371292,709.2314886439945
2020-03-20,242.52999877929688,228.8000030517578,66.04000091552734,83.47000122070312,111.49411712057088,-715.4145991450107,-77.08548152628617,-79.62185777813781,-71.25769263470013,-209.9719404074584,-299.6281721554976,-269.98735168602866,-34.37801345800617,-554.2224323098606,-579.1837819061103,62.971398915249544,-467.81862120313014,-891.439958338215
2020-03-23,228.19000244140625,222.9499969482422,61.59000015258789,78.76000213623047,106.4712778256548,-502.2839294916082,411.76320659972663,-89.43174794633856,-80.02588851128431,683.1876569810628,160.832539757531,-301.9421950154826,839.7442814484006,297.17243158100746,-145.88178835520813,920.246093116484,359.52517500475005,-65.68419775567486
2020-03-24,234.4199981689453,243.1499938964844,61.66999816894531,78.04000091552734,102.55955532968302,-391.1722495971773,-81.46265326639545,-88.01944744223144,5.335471230048563,-305.54672723991564,-244.2073593590454,284.4747885727741,-558.6315440983068,-103.73266854760851,447.0994912802307,-473.53586856480825,-38.00487078172916,528.9470151110108
2020-03-25,244.8699951171875,246.7899932861328,63.95000076293945,81.30000305175781,105.26719248981453,270.76371601315117,-77.50806468716186,239.91375655152999,105.90094073295793,29.532929147501342,516.1791067106204,402.3150978363378,203.8313626982063,677.1205010971336,586.8933017723598,300.0279204880037,759.7317884247701,688.8308383031037
2020-03-26,249.52000427246097,261.20001220703125,61.0,73.61000061035156,100.10141092845957,-516.5781561354961,-83.33514775849304,-87.25329371226033,-76.77434096251369,-312.2395007801011,-326.65735858375876,89.70446868371339,-656.2326026448949,-304.4296082468794,261.0516513724455,-696.3423285721268,-237.6714625514426,350.1632985812726
2020-03-27,253.27000427246097,253.4199981689453,65.54000091552734,72.33000183105469,106.81541774644408,671.4006817984512,-81.60486706421148,370.1430631418315,-37.29520498772596,151.8967531807277,629.3447717934913,242.82820004595854,313.1910539009224,770.2267339302836,406.7235156834593,397.6036165069496,836.2146416363191,489.7481279441391
2020-03-30,255.6999969482422,261.6499938964844,57.08000183105469,62.79999923706055,93.22856512294267,-1358.6852623501413,-91.7222611400785,-99.11182945287075,349.64224176769847,-341.5241715297942,67.65503928364288,613.6415973400186,-274.72500603158295,178.36431391911808,756.9543214846922,-214.81183947531105,221.70933482548926,821.576474615121
2020-03-31,260.55999755859375,257.75,53.540000915527344,60.15999984741211,87.89059354868587,-533.7971574256799,231.17537275671828,73.7445793885154,-86.17929696357615,476.2442987205741,300.4439521319358,-149.42718539103376,602.3544021688682,405.92041027981867,-9.05643500215236,657.8872293640209,445.7018913735738,52.96045703637071
2020-04-01,247.97999572753903,246.1499938964844,57.060001373291016,61.33000183105469,94.06817186419569,617.757831550982,90.76437985385118,210.54591160761439,-89.90482382876303,334.78693210659833,429.9100968020855,-22.42855547287663,459.61956712679284,528.2630058031048,107.4757756737,514.0080412253548,563.6357867754047,161.61626646441414
2020-04-02,245.19000244140625,251.8300018310547,50.90999984741211,52.810001373291016,84.35117834193386,-971.699352226183,-102.85485920795347,-121.32630516603734,215.66773735406633,-379.96866208982635,-121.88101462419533,439.63218149429076,-461.5217116448724,-56.30406819980636,538.0493569977228,-424.600063185057,-38.88523279326235,570.1406405400833
2020-04-03,250.7599945068359,248.19000244140625,46.79999923706055,46.65999984741211,79.09644004692387,-525.4738295009986,168.93242602415197,86.18405480327274,-103.83550738297097,370.6012279366406,245.423745809488,-168.66841384106763,451.4716968114599,293.47558646060725,-80.3990817585171,475.89977467565495,303.37569641176174,-55.38198006702546
2020-04-06,257.8399963378906,264.8599853515625,45.2400016784668,47.02000045776367,73.78814085361368,-530.829919331019,-109.18868980420379,-128.66968019837125,211.2961637500575,-400.95099825584987,-147.27316888911875,430.86192541215496,-499.86754502251097,-93.40003548029607,523.3515315660075,-471.8516091692931,-81.2234874023572,551.1412418971343
2020-04-07,274.2099914550781,265.1300048828125,46.70000076293945,48.34000015258789,75.78738878318583,199.92479295721495,11.90820554454495,-118.73112182693896,-100.22779876149707,238.88063188668224,-317.8231193090643,-373.2901674615221,344.39111039646247,-247.78193984001302,-658.3389915247383,383.92290925409543,-228.2282879113236,-623.737868741728
2020-04-08,267.9599914550781,274.0299987792969,43.349998474121094,42.459999084472656,70.08257890141451,-570.4809881771325,-111.67811146147103,-136.4153252819751,289.60740556811004,-409.93443265619567,-86.94263889555104,497.6744411195972,-433.07685773422287,-43.31659925681344,578.660821229111,-409.77565689588454,-34.94533061175089,600.066905104323
2020-04-09,277.5799865722656,278.20001220703125,41.66999816894531,40.41999816894531,67.27590938865484,-280.6669512759669,-115.98281146994937,342.2598547718333,-84.38058615113528,56.82515356741671,492.11502948434924,129.41898949807873,129.55320398284618,533.862715399096,214.18503567102167,149.54509284744393,541.5016372749525,236.85253764114495
2020-04-13,277.1400146484375,275.6600036621094,41.16999816894531,41.7400016784668,65.81859887802517,-145.7310510629668,24.977469940659326,231.54822677687397,-108.22434216328533,232.46434420003243,387.8082988928891,-35.33503303417789,317.2465116719766,434.03625550449567,45.47540741479901,343.04648839478716,443.3687913094016,67.19568537488055
2020-04-14,280.9800109863281,283.7900085449219,37.7599983215332,38.810001373291016,60.434542058938476,-538.4056819086695,-113.57159798271292,79.24425828602429,169.0101460148355,-195.79500376602684,221.88578216593552,370.53366584616714,-121.28018553827539,259.34163792792896,445.02452614558155,-101.17149205488164,265.7057925751836,463.07434300489103
2020-04-15,277.57000732421875,277.760009765625,40.84000015258789,41.63999938964844,64.95072476208647,451.618270314799,-90.20548799876453,341.9244074544206,-102.90740985065804,106.77198844901079,498.6946346211873,90.93123759556318,183.50174945679825,544.9863510607632,180.17550379954014,205.73847051333345,554.190151105761,205.45329540141324
2020-04-16,279.1499938964844,279.1000061035156,40.11000061035156,40.4900016784668,63.65573922366255,-129.49855384239157,-110.0671105365951,352.69585246225535,-99.70281267378348,84.68481324439753,503.58049927589366,103.53001451515266,166.47176928513684,546.269397783567,180.72237773233599,190.3986029429247,554.3640702278514,200.51967554834877
2020-04-17,285.3800048828125,286.6400146484375,38.150001525878906,36.18000030517578,60.73615332541108,-291.95858982514693,-111.2596507939543,187.16349354085685,46.49987854975313,-76.00712754301125,317.525932399279,231.6186469073842,-2.332437491692938,348.1337304669963,292.795567607104,16.167336204628825,352.62290235961217,305.3215093728104
2020-04-20,282.6099853515625,281.5899963378906,43.83000183105469,44.0,68.7670141843375,803.0860858926417,31.893804282091388,233.497031409939,-99.65326020982987,240.60926894203376,407.19332445390387,-13.805935014055512,328.5932950210449,465.6590828996816,85.92228308359722,357.4276487091663,479.67503403238055,117.92795768287715
2020-04-21,276.7300109863281,273.0400085449219,45.40999984741211,45.459999084472656,70.88733089848824,212.03167141507464,288.4553758605189,-20.30106414670778,-99.937748129571,500.67649091309926,155.8742169992996,-269.4419641500069,591.9212328671443,216.29218017815182,-169.60973251748248,622.6507728251862,231.19387261871393,-137.2920602720397
2020-04-22,278.3500061035156,279.1000061035156,41.97999954223633,40.209999084472656,65.48305267402391,-540.4278224464335,-108.50306511822689,251.49810509084494,-2.2189051707453644,-10.901450751576133,400.2329574544827,195.6879024482262,72.60981787008232,441.6432743492601,268.62511361612815,97.03129444382083,449.3569017751827,286.5856451727057
2020-04-23,280.489990234375,279.0799865722656,41.380001068115234,39.349998474121094,64.39053571267338,-109.25169613505261,-15.572341477269822,267.833311635913,-114.48966639504407,193.4222006189822,413.5633329612744,-13.459632547605002,277.3152188132046,453.15459726905243,55.52578631402543,301.522069503056,460.3030129995439,71.77961976120935
2020-04-24,280.7300109863281,282.9700012207031,35.93000030517578,31.719999313354492,55.953538177431696,-843.6997535241687,-125.91761960354566,133.7396757492268,82.21649789480699,-156.80927222932476,231.73694735148354,264.91087392023985,-110.0958156570525,247.19999500191054,317.4452262648764,-102.45882898983024,248.4505323165626,325.32355546270486
2020-04-27,285.1199951171875,287.04998779296875,33.290000915527344,31.40999984741211,51.588323017057306,-436.521516037439,-119.29391420924793,126.2534615866567,84.01480442696626,-146.76576020445663,225.18653095279893,256.31066814554777,-93.85564685208517,241.15708708951507,303.69584557288147,-84.64460378811715,242.51930850307798,310.51823470168677
2020-04-28,291.0199890136719,285.7300109863281,33.56999969482422,32.439998626708984,51.80257524454039,21.42522274830867,353.78935600034407,-161.15194616937353,-117.40043438765115,534.3387251112817,-77.956253164294,-435.9467615848612,591.7053733744177,-57.401265081192875,-407.97197890490486,603.0210920836582,-55.25552714318007,-398.6056551584771
2020-04-29,291.5299987792969,293.2099914550781,31.229999542236328,29.65999984741211,48.6740245205457,-312.85507239946924,-130.3036540990512,205.84835604405674,8.927776687304048,-93.96006294156464,298.2795522381286,194.4069495622469,-52.94467368263105,311.6539602265012,246.76388891767107,-46.966265154605246,312.5950926467871,254.1918991455208
2020-04-30,291.7099914550781,290.4800109863281,34.150001525878906,32.880001068115234,52.717093114639056,404.3068594093356,29.01679601157985,189.3784484569881,-112.36016356191706,203.6638846878034,303.37224692540974,-72.89996921086825,258.401774897167,325.50108149569394,-11.22899617795847,269.2493468196101,327.9161462695458,0.20042262655477705
2020-05-01,285.30999755859375,282.7900085449219,37.189998626708984,35.56999969482422,56.72789084009584,401.0797725456783,108.25297105400578,127.82779989306937,-117.66335392803705,303.96079027188443,254.20393447387394,-154.4874828464006,374.39185379229036,282.65982488031966,-94.61616907175332,391.3348177313532,286.58606759456836,-82.76588323545752
2020-05-04,280.739990234375,283.57000732421875,35.970001220703125,35.45000076293945,54.42064119984934,-230.72496402464964,-120.91660001629664,89.42418946042315,145.66569763639822,-198.05123580567746,211.5561941027108,340.8554860948708,-138.5361465982566,237.58715731137946,406.7294067262544,-125.5838859409476,240.84416250789624,420.04773324078315
2020-05-05,286.6400146484375,286.19000244140625,33.61000061035156,33.189998626708984,50.80905410178994,-361.15870980594025,-43.383158577752766,259.36459102947003,-111.57307078214436,128.48849157849045,371.73167026080375,-0.12022953432799577,181.3116817776798,393.0915706353933,61.6785791955676,191.4986335592104,395.3464903331445,72.98347996543242
2020-05-06,288.0400085449219,284.25,34.119998931884766,33.97999954223633,51.357275459081976,54.82213572920358,257.37451048415363,-31.12399724381556,-116.08660847692713,442.47726558969583,86.99862508136195,-305.50935604626505,504.3683926481251,111.20262986138181,-246.38459093306207,517.7235218539887,114.0958997078365,-235.33155858309743
2020-05-07,287.75,287.67999267578125,31.440000534057617,29.75,47.32184746064328,-403.5427998438692,-94.88789808408777,292.85847897238455,-116.10361617763252,67.35196860719358,382.6841612448197,29.675310647315968,110.2140351758689,395.2444757886649,77.49092026711678,116.4598219780105,396.09646970470595,83.83377846314389
2020-05-08,291.0899963378906,292.44000244140625,27.979999542236328,24.88999938964844,42.35412556131507,-496.7721899328211,-121.95264344063911,154.3165651330046,18.349072862786798,-109.5979961147058,212.98827724992051,167.422907804233,-77.98373531480458,217.50019438429547,194.61137900255582,-75.27794920039474,217.63121426560355,196.4190227259638
2020-05-11,290.3399963378906,292.5,27.56999969482422,26.170000076293945,41.342229663840925,-101.18958974741474,-116.44216576081453,56.32066564400764,119.48296651016247,-197.1771423847648,123.64084959912546,265.52128050553284,-157.8694550566011,130.02352132653792,293.7902105564923,-153.66424180313578,130.2799547505433,295.97224244674265
2020-05-12,293.7900085449219,286.6700134277344,33.040000915527344,33.36000061035156,48.89026149525317,754.8031831412245,146.12104552391114,-155.74484161824353,-112.70900616306659,325.3932309972166,-270.1189263138789,-420.7886963824118,383.802896584801,-245.78158944167498,-590.6864096843552,396.10213979624837,-242.89555246039873,-578.4501750656447
2020-05-13,286.05999755859375,281.6000061035156,35.279998779296875,34.630001068115234,51.933091614777325,304.28301195241545,323.0941818785893,-94.47592356740736,-115.77567936590293,510.0463297249064,26.32537293963606,-369.0885310235262,573.6778971317198,51.84059269573724,-308.73101065927534,587.8293972590359,55.028383959757996,-297.1288910071306
2020-05-14,278.95001220703125,284.9700012207031,32.61000061035156,31.65999984741211,47.906404202539164,-402.6687412238161,-122.56708059611282,-170.74321735028343,284.3542257274645,-451.35787904861513,-171.74057200745435,459.80851221894164,-499.46087598079765,-156.93386661819605,508.08716300556546,-491.4309420869053,-155.76085810658384,514.9126820587663
2020-05-15,282.3699951171875,286.2799987792969,31.88999938964844,29.709999084472656,46.733037046750454,-117.33671557887106,-115.93286562508648,-106.26467626286919,300.2338207607543,-365.24254571138647,-20.269679828304742,457.4006882508514,-315.56202800400484,-8.747816161638442,494.4782763689282,-308.15322224666573,-7.984706770744429,498.6172791428451
2020-05-18,293.04998779296875,295.0,29.299999237060547,27.6200008392334,43.222790978132025,-351.02460686184287,-122.44273161707505,116.01275676099013,77.00919079523575,-157.03772701615375,194.55069026191242,239.389415778618,-115.7048732431756,203.72316308522585,277.08243360102523,-110.45329590875143,204.21110117968897,281.01552798676335
2020-05-19,294.3500061035156,291.9700012207031,30.530000686645508,28.030000686645508,44.500704541556786,127.79135634247609,86.6867318170084,116.1909725314313,-128.14815510609566,263.4036905554949,198.87923933554114,-175.59528269521928,311.0508850197442,209.3580979534727,-139.91553241077312,317.76763442827485,209.99677589805836,-136.13402659681597
2020-05-20,295.82000732421875,296.92999267578125,27.989999771118164,24.93000030517578,41.32643584410441,-317.42686974523764,-128.37942483958608,208.39646612227332,-26.2709588402821,-72.59407150383971,270.1012661264442,133.98510574589747,-42.77880717067284,275.14621792609677,166.03053568333345,-40.17294268140905,275.30211219252874,168.47149954467076
2020-05-21,296.7900085449219,294.8800048828125,29.530000686645508,26.149999618530273,43.09404402837913,176.7608184274721,83.57017716537331,97.6509200505891,-118.3845780139608,236.56124959641332,168.44615681435718,-164.06242255086588,270.48233711442094,175.50846465790303,-126.89612032170504,274.061036103197,175.80061764130343,-123.40739830401245
2020-05-22,294.57000732421875,295.44000244140625,28.15999984741211,23.469999313354492,41.0497846465295,-204.42593818496277,-135.0972887382851,247.46869944952826,-68.61655866626376,-45.34869177514784,299.18226905627336,94.91223314098595,-23.317056725782525,302.3909583771321,124.65779585781024,-21.919117151500632,302.4545865365765,126.46895303722906
2020-05-26,301.92999267578125,299.0799865722656,28.010000228881836,25.5,40.88339466122332,-16.63899853061821,166.54706632442407,16.19435099528166,-121.49489378972166,323.2907801955578,85.39959208702868,-252.72772029719155,358.25968387221195,92.11612845541087,-218.2215580923165,361.9200078838499,92.38595324519315,-215.16072805495537
2020-05-27,302.1199951171875,303.5299987792969,27.6200008392334,25.170000076293945,41.228769955819345,34.53752945960247,-121.29883917780433,153.18305693839596,27.20165094157101,-112.40505174822026,220.2276432023237,180.35284770971313,-76.07189162322615,226.48957046165398,211.30583167340296,-72.32259024687046,226.73112828641007,213.82246019926353
2020-05-28,304.6499938964844,302.9700012207031,28.59000015258789,26.020000457763672,42.28641214301783,105.7642187198482,72.14594560389659,110.27729209887303,-115.38359631494492,223.1008937524894,185.27565104846565,-145.3701142211692,257.22251913598586,193.3667891919612,-104.12199270120033,261.01375449550363,193.7381771458339,-99.81481503302706
2020-05-29,302.4599914550781,304.32000732421875,27.510000228881836,24.59000015258789,40.99983955461194,-128.6572588405889,-113.33661816186498,71.22952062913546,98.14572753096378,-173.44105980356892,135.2268681891327,237.74388048867283,-134.41544345311868,140.89105887600235,262.9225157227349,-130.48570278629506,141.09796290051747,264.6602178112836
2020-06-01,303.6199951171875,305.54998779296875,28.229999542236328,27.079999923706055,41.89172866125085,89.18891066389136,-130.41500947647756,164.00783939144324,40.52637932731809,-131.29898510849458,246.0857661954928,218.0851918589111,-94.12058497387622,256.1527637036255,263.5424545148307,-89.45861052494728,256.7104996901139,268.96141879009076
2020-06-02,306.54998779296875,308.0799865722656,26.84000015258789,25.059999465942383,40.67278364582326,-121.89450154275931,-133.72835300341725,200.63603849414767,-5.359545171116961,-97.27479610672064,270.1428963755304,168.11483274240817,-67.1271562544881,276.8347926916045,207.73107546244754,-64.18876382607783,277.09181738249356,211.48849563894777
2020-06-03,310.239990234375,312.17999267578125,25.65999984741211,23.969999313354492,40.527591564517095,-14.519208130616335,-118.40095059005816,84.71487830524856,89.05432281672006,-172.27242162816847,148.04184639892054,235.7124285432814,-136.3596499227519,153.513602782123,263.31652503921623,-132.88532568244085,153.70350288980248,265.3167161593799
2020-06-04,311.1099853515625,311.3599853515625,25.809999465942383,23.559999465942383,40.250565133140896,-27.702643137619987,-121.36972824647653,264.2346279192178,-90.1765587813258,0.9239937419548894,324.881686372402,59.25968198385083,33.81105610034421,329.7770212067922,87.1718697804061,36.752873715437296,329.92921290855264,89.12728505107806
2020-06-05,317.2300109863281,319.3399963378906,24.520000457763672,22.6299991607666,42.225095010419025,197.45298772781297,-118.21234767328313,62.96407802106108,104.66849237537009,-191.4071653155186,120.34301830597134,247.7203633441502,-158.7735995392488,124.63599361145488,272.5862324607561,-156.02972082887263,124.75648821942035,274.1366537094388
2020-06-08,320.2200012207031,323.20001220703125,25.809999465942383,25.18000030517578,45.40704467483741,318.1949664418383,-118.82166345719139,-4.491488147870745,193.3565350078176,-268.08754536550407,73.51061281664764,349.79498657807767,-224.6927249325295,82.57467062646587,384.8841473315284,-219.1421772974069,83.05655084837278,388.40970819479367
2020-06-09,320.29998779296875,320.7900085449219,27.56999969482422,26.920000076293945,45.99809928165082,59.105460681341526,-116.6266929934647,246.79225952004307,-46.754796676188114,-16.193947730440627,338.16174693219483,115.47211984444183,35.3747134854008,351.4291491958058,156.2492060074401,43.575276415281,352.4054091624937,161.35327714667713
2020-06-10,321.4200134277344,319.0,27.56999969482422,27.100000381469727,44.96163982386817,-103.64594577826551,85.64885936026076,127.47282773965728,-127.34679066144548,269.6508823176473,221.20644173989135,-167.13984926640396,324.20339674119754,235.34257835266217,-126.85503262604458,333.27075980606077,236.4462954163377,-121.74060416350258
2020-06-11,311.4599914550781,300.6099853515625,40.790000915527344,42.060001373291016,55.82701652509853,1086.5376701230362,-99.69816633258618,-119.97843397970806,-102.93231491929654,91.03803820207634,-434.62863164953166,-382.00896778064043,198.49234197743894,-405.590645996505,-785.4783368810184,238.65595829425385,-386.9555136516968,-792.7927786954529
2020-06-12,308.239990234375,304.2099914550781,36.09000015258789,36.52000045776367,50.157249488205025,-566.9767036893504,269.8881163949746,-16.794373356380653,-111.04593589138007,476.33047281121173,133.21215135259618,-289.5245078289799,559.0510258525056,175.3703091876142,-214.31520639924352,583.1683225462456,183.29363894966758,-195.2744370093144
2020-06-15,298.0199890136719,307.04998779296875,34.400001525878906,35.97999954223633,48.106246545954576,-205.10029422504488,-113.81855698538247,-143.93459709908748,-16.447980864013466,-418.11385839482864,-410.17701448580374,181.67918670332747,-750.1481779506773,-375.0105512288214,253.15449489904313,-731.0699478616132,-369.3271452022383,269.8304139869847
2020-06-16,315.4800109863281,312.9599914550781,33.66999816894531,35.380001068115234,48.906435587518104,80.01890415635273,97.05669079937634,157.2681606229917,-113.93318834379082,307.5638475782129,305.61854126333185,-123.36864811512564,392.9179153272891,346.8220776478419,-52.72080403465964,417.91319903894214,354.47360883704397,-35.55553310085904
2020-06-17,314.07000732421875,311.6600036621094,33.470001220703125,33.97999954223633,48.000790141111324,-90.56454464067798,120.64495861440852,121.43971731452686,-112.37462057223021,317.03080546448336,259.10849023299636,-150.16595819875525,390.18084143941405,293.6632821420193,-80.13572716025809,409.1757064482965,299.17477623697766,-64.01581576032875
2020-06-18,310.010009765625,311.7799987792969,32.939998626708984,32.04999923706055,47.18914467979744,-81.1645461313887,-117.24249180476926,167.9501727602936,62.81577261161073,-108.87083500621443,289.43234388919586,250.82205028571235,-45.57445943170857,315.26010560155873,312.25415323495326,-31.530933686092876,318.50641299640324,324.2809009610665
2020-06-19,314.1700134277344,308.6400146484375,35.119998931884766,33.91999816894531,48.70690752128965,151.7762841492214,351.7149969615868,-144.75603300299193,-113.55584677812588,550.1130180728888,-43.39419826076141,-419.6907743901561,624.5917883520077,-8.975071758497608,-387.31706069647856,644.0556926609194,-3.484422527931772,-371.80158474826396
2020-06-22,307.989990234375,310.6199951171875,31.770000457763672,31.229999542236328,44.586911114236784,-411.99964070528665,-118.81655340323346,79.48180122472797,145.6657212224833,-198.72841552510698,193.77148783047227,330.04076379269986,-139.6051870428707,216.15286705408747,387.70631766361726,-127.47220685775257,218.65196280149675,398.114966827578
2020-06-23,313.489990234375,312.04998779296875,31.3700008392334,30.290000915527344,44.43047374153127,-15.643737270551128,-16.867692303562286,244.94872243143212,-123.93271989431975,177.03237583261762,357.05575022674793,-48.702564814804305,242.47704938326063,378.6372510110112,0.35245442964962015,256.21629694230825,381.02991601079225,8.350335376981091
2020-06-24,309.8399963378906,304.0899963378906,33.84000015258789,33.25,44.8163903893886,38.59166478573286,291.2654361967785,-149.06041308268848,-111.40393639718022,478.13374590125864,-110.30060880401714,-414.69358689382807,543.3948878551444,-80.26153651349637,-436.95251914089346,558.8141156097911,-76.01913108534737,-421.967741918507
2020-06-25,303.4700012207031,307.3500061035156,32.220001220703125,30.920000076293945,43.51126980306233,-130.5120586326268,-112.49927626796091,-96.75854972966428,310.76772747591224,-355.3895197826558,12.710069310380037,479.91104522860513,-291.6815487863613,33.121693278042464,527.8359293843714,-278.6949724817645,35.28592939005886,535.394291519259
2020-06-26,306.1600036621094,300.04998779296875,34.72999954223633,33.310001373291016,44.62319599435236,111.19261912900242,290.7033187714803,-150.55127797575204,-115.75486037971069,483.6318563165448,-118.19537999797217,-427.73888202032623,552.3854497250511,-89.29958611777116,-460.13190221544187,568.8008662237546,-85.29491088216041,-447.30965004687084
2020-06-29,301.4100036621094,304.4599914550781,31.780000686645508,30.420000076293945,41.3845955701473,-323.86004242050603,-113.9092596428844,-11.120091233201299,221.44088044127022,-271.68400480570136,93.25015589374476,388.92608593514024,-211.6071352339816,111.48070745799917,434.9781419136517,-200.12340673816436,113.23938588128433,441.8208659745574
2020-06-30,303.989990234375,308.3599853515625,30.43000030517578,29.13999938964844,40.72782355863093,-65.67720115163667,-121.58569832505643,-106.32108179778649,316.5720239598819,-384.65504492477953,-9.697120398984557,490.9688141972444,-334.8300469306127,5.351405036441273,538.9763349836603,-326.5802194565633,6.55996241822219,545.8258235160442
2020-07-01,309.57000732421875,310.5199890136719,28.6200008392334,25.200000762939453,39.186933138468305,-154.08904201626257,-132.88334873517258,258.9914613495057,-61.820589780541745,-38.088070304696075,331.2377017450622,112.34002902386544,-6.365263047879585,338.6021376304402,153.17205561446423,-3.083361387997672,338.9107310822989,157.2598776035516
2020-07-02,314.239990234375,312.2300109863281,27.68000030517578,22.63999938964844,38.61621307334026,-57.07200651280431,59.140311757949185,118.49379225250195,-129.66377290067206,219.51222485600547,174.42284092403688,-164.90865935180585,251.49142344816448,178.4560753184574,-140.85136984542433,254.0907226562055,178.563514745463,-139.41632821914737
2020-07-06,316.3699951171875,317.04998779296875,27.940000534057617,25.229999542236328,40.39227287494974,177.60598016094775,-115.80055003471098,209.16184776865413,-24.889631161181235,-46.081294716372255,285.59223190317823,125.82355798562224,-1.4877600801687074,294.2628285996663,158.10976051054675,4.158358598547432,294.71218162627025,161.14522298643337
2020-07-07,315.3800048828125,313.7799987792969,29.43000030517578,26.84000015258789,40.341991863359056,-5.028101159068399,6.600794864375173,201.141737130958,-127.86144261681189,186.75411346098895,288.9815440712472,-92.16821642719559,237.5805407027479,301.08635172651924,-54.324795433302086,245.32561868849578,301.91639302188247,-49.93597711294655
2020-07-08,314.6099853515625,316.17999267578125,28.079999923706055,23.670000076293945,39.79002385079366,-55.19680125653963,-132.98641163133587,185.46196465345693,3.368725919572204,-107.9400831514768,249.26496115692166,171.81666173207296,-79.73754949782528,254.69726079582458,207.59149459443796,-77.28061959565872,254.87163080837635,210.56897266547185
2020-07-09,316.8399963378906,314.3800048828125,29.260000228881836,25.549999237060547,40.05503486321888,26.50110124252194,135.56442708278584,54.17952173832281,-119.06134882526749,294.6895284671545,132.8208392959305,-212.26854674488172,333.20719337478005,141.95922102236213,-171.67066391207115,337.92947867991614,142.43345120519055,-167.24345009258732
2020-07-10,314.30999755859375,317.5899963378906,27.290000915527344,22.59000015258789,39.332184336782674,-72.28505264362042,-116.07182352185613,-63.69125414813619,227.58844896007744,-312.2877889497448,-7.907165296281724,366.73305296041286,-279.55862480405716,-3.887272575698806,389.8955405155024,-276.8847224995867,-3.7797097267761015,391.24264881838565
2020-07-13,320.1300048828125,314.8399963378906,32.189998626708984,30.309999465942383,79.54480916495504,4018.6624828172367,367.565875403978,-157.32420636483903,-117.95737101708036,554.3067377060067,-57.08119078101108,-436.0794612157377,616.6004200386474,-33.73821231280056,-395.4167331614649,629.8295591805685,-31.024817509715174,-385.11876708163356
2020-07-14,313.29998779296875,318.9200134277344,29.520000457763672,27.780000686645508,73.97338837805124,-557.14207869038,-116.54778684757014,-172.82463323557417,282.68182877625117,-436.30812683086043,-171.55650698070153,446.15343454685586,-475.7407412100163,-157.62060795781292,487.92348532575295,-467.14384111294163,-156.55129781294434,493.30561745217136
2020-07-15,322.4100036621094,321.8500061035156,27.760000228881836,25.219999313354492,70.42602592154333,-354.7362456507912,-99.9412899319146,302.10577260026486,-130.05321019313013,77.73561692021066,382.1757626372465,6.680208537744983,124.82823469543067,391.880315619982,40.21124373242022,131.18924912914477,392.4339785528956,43.5700838968695
2020-07-16,319.7900085449219,320.7900085449219,28.0,25.850000381469727,70.61500495222865,18.89790306853172,-126.89374461591234,240.47552310722187,-38.767530733648336,-46.02401714228714,323.2484884266467,133.76725392780935,-6.120660734231118,333.57747745450774,177.2299504682279,-0.9193429814698484,334.17056508355745,182.37338098603286
2020-07-17,321.8800048828125,321.7200012207031,25.68000030517578,22.15999984741211,65.22696361059472,-538.8041341633923,-98.82355174748022,267.82494290838235,-120.88851208871151,48.97517070528499,323.8965395423309,5.729180031898887,76.73784432747632,327.8880112073241,34.13874056308133,78.86509749360576,327.9886487267494,36.0038828760574
2020-07-20,321.42999267578125,324.32000732421875,24.459999084472656,22.520000457763672,62.84649665470829,-238.04669558864333,-113.42346787371753,-33.20007944250742,197.99546765163745,-276.58148346698295,26.130558454673714,335.2500460637669,-240.48329991650502,30.827200716045304,358.62747616179723,-237.23326167118205,30.972176467372336,360.075892804027
2020-07-21,326.45001220703125,325.010009765625,24.84000015258789,23.329999923706055,63.8755605922199,102.90639375116086,-14.70773084354475,208.01297710121494,-133.1366267494625,158.95380331898392,276.140314171177,-89.60557630147534,200.1220650918885,282.71992168047797,-62.37556774513335,204.60924285804597,282.99085493976236,-60.278223777451
2020-07-22,324.6199951171875,326.8599853515625,24.31999969482422,21.649999618530273,63.17362797921834,-70.193261300156,-133.417189379568,107.96734687686927,71.62188629428064,-182.02366050373567,162.0981082302077,234.4075988975483,-158.27923905927454,165.71000283243848,264.87424047741547,-156.65618450289244,165.7903045034283,266.86367520727276
2020-07-23,326.4700012207031,322.9599914550781,26.079999923706055,24.100000381469727,66.00304745305603,282.9419473837689,190.43093011323222,8.171298348321068,-132.4720500511534,367.4124599869104,82.26019432047397,-290.6185702271639,412.0874114029644,90.32390566982062,-260.80969866483,417.55223172997427,90.7188326760556,-258.20183865620675
2020-07-24,320.95001220703125,320.8800048828125,25.84000015258789,22.700000762939453,64.75297483513589,-125.00726179201394,-113.116511587804,287.2499827905134,-122.54209084335807,39.13222466974575,346.8000807116255,19.706261700428996,69.48854433531241,351.447186722449,49.03527792786446,72.05890409659536,351.5824246943389,51.11353630187032
2020-07-27,321.6300048828125,323.2200012207031,24.739999771118164,22.3799991607666,62.56811034103785,-218.48644940980364,-132.95355201817776,175.8715566644458,7.109092611729542,-114.77076059268471,233.85737148420557,171.68779585813814,-89.08546759493439,238.14730949166156,204.09994669565305,-87.13437074293388,238.25893850716693,206.43981018171186
2020-07-28,322.42999267578125,321.1700134277344,25.440000534057617,23.540000915527344,63.53336717814008,96.52568371022312,-31.148300549639373,223.40789344309079,-132.77458476064848,141.49407469752367,290.8516191376566,-72.99097428967843,182.03141678936612,297.26971141269894,-45.82594113538916,186.38511577983834,297.5283609642649,-43.7569795186681
2020-07-29,322.1199951171875,325.1199951171875,24.100000381469727,21.93000030517578,61.49082987874084,-204.25372993992426,-120.72287201463118,-17.828301295371695,185.1725312549617,-277.27327167246705,36.75177421135294,330.2698092743738,-247.4217463884135,40.52695386830087,355.09179151597203,-245.12255316258305,40.62038588722794,356.56864071515895
2020-07-30,321.8999938964844,323.9599914550781,24.760000228881836,22.790000915527344,62.579254074489086,108.84241957482459,-126.29486638568724,104.42166966592018,74.64962791412474,-171.09057168349287,165.1568184220493,231.335254512319,-140.7552601214368,170.02507005651773,261.8817807179991,-138.13902510864528,170.17175906812483,264.1355009465052
2020-07-31,325.8999938964844,326.5199890136719,24.459999084472656,20.61000061035156,62.61267573485645,3.3421660367366712,-125.91860523815359,233.73270358635983,-69.0381624390085,-35.07723679485448,280.46735705732266,78.98837586859278,-11.738574421675649,283.0025602218632,102.42703644178891,-10.362282528241648,283.0452296972754,103.58617901855281
2020-08-03,328.32000732421875,328.7900085449219,24.280000686645508,20.950000762939453,62.71686656112857,10.419082627211651,-115.03878340911987,211.09177677577298,-53.17556779579802,-33.358703164022714,261.9279199083931,82.03050589809226,-3.1987360413635124,265.1222970716076,102.77643495473433,-1.0426305840420569,265.1920501182887,103.81525899062181
2020-08-04,327.8599853515625,330.05999755859375,23.760000228881836,20.440000534057617,61.903220162210985,-81.36463989175837,-126.98042998006464,79.3939633288307,86.05031039107088,-191.806267177828,125.81652463043551,235.35741002191432,-169.05940717731636,128.3038237346849,259.0739815031353,-167.74418679752588,128.3446939148128,260.24627311541263
2020-08-05,331.4700012207031,332.1099853515625,22.989999771118164,19.020000457763672,60.86290918300436,-104.03109792066232,-107.91101473091753,165.00902625356096,-25.98353831746094,-59.061667238993756,204.0822170205092,94.44359086862589,-33.93617621733924,205.74966744495882,108.41206397930384,-32.69113817410869,205.770440810343,108.83455463384075
2020-08-06,331.4800109863281,334.3299865722656,22.649999618530273,19.399999618530273,60.92618131326367,6.327213025930689,-108.45818071163188,-53.585821977585745,195.8250248443388,-279.6955503625163,-11.846082260698163,318.04537000026164,-252.93112816075214,-9.877284778073944,333.0491448480906,-251.46881670296165,-9.84882744536841,333.5557614113004
2020-08-07,333.2799987792969,334.57000732421875,22.209999084472656,18.079999923706055,59.97503143205161,-95.11498812120607,-111.64377561382068,110.4046381521563,26.082610331328105,-120.2905079787864,143.20682858358336,148.79302800824232,-100.49224276544885,144.2658757433755,161.8055442743074,-99.7516117741026,144.27446679135107,162.1239789150466
2020-08-10,335.05999755859375,335.57000732421875,22.1299991607666,18.8799991607666,59.98831337919272,1.328194714110964,-120.09174337155609,218.41232476500315,-67.84498445238276,-33.539376111545515,256.8466392678317,68.17685074928883,-12.762177407020767,258.4085169645109,85.85135278090783,-11.814531537342907,258.42590319782596,86.46564052467161
2020-08-11,336.8500061035156,332.79998779296875,24.030000686645508,21.88999938964844,62.95148577434138,296.31723951486606,292.66262303502725,-118.69407670061102,-120.28617211137896,442.7966158193654,-57.05298491581365,-381.47529104342834,472.9692844881042,-52.01403436291392,-349.85153034284946,475.5925883300714,-51.858696778393586,-347.43405130338465
2020-08-12,335.44000244140625,337.44000244140625,22.280000686645508,18.899999618530273,60.981434296251365,-197.00514780900136,-108.99119519961761,32.8139270521312,107.89620600400144,-193.92654684377962,72.4915824704137,229.97534998904808,-168.74099048169396,74.22144775916725,244.48962996235994,-167.46893866867643,74.24362867628214,244.94753023576175
2020-08-13,336.6099853515625,336.8299865722656,22.1299991607666,18.540000915527344,60.30230058127172,-67.91337149796419,-116.46815590644326,256.89178705017207,-111.29627390309233,8.654535964909352,293.9778618525627,24.456515777088384,24.380771522458545,295.36155635392385,45.82896017961866,24.97874890209324,295.37416151161267,46.61470539893651
2020-08-14,336.4100036621094,336.8399963378906,22.049999237060547,17.8700008392334,60.05352025450321,-24.87803267685109,-107.48076188698856,183.5596321085944,-51.07808903536777,-37.77521568156275,216.51913085659655,66.45615209481618,-16.743694502527905,217.5992860836119,78.39317126679734,-15.940007988271818,217.6083276866259,78.66966007182369
2020-08-17,337.94000244140625,337.9100036621094,21.350000381469727,17.600000381469727,58.814110162351284,-123.94100921519282,-112.93949831939828,255.6417250835672,-119.84053926742472,20.348084179537885,286.46213014206893,5.993433349906388,36.09565936407451,287.34196017476904,21.071903037885665,36.59493594001668,287.34759998878314,21.452465123726473
2020-08-18,338.3399963378906,338.6400146484375,21.510000228881836,17.81999969482422,59.415033448195246,60.09232858439617,-109.76939542634204,203.7413961028644,-68.87627407650126,-22.79787634639805,236.7958402646442,51.577071528025506,-2.3258019937720342,237.87930884625047,64.16846306882087,-1.5462262193351095,237.88833057789216,64.47237584993582
2020-08-19,339.04998779296875,337.2300109863281,22.540000915527344,19.229999542236328,60.867432071930295,145.239862373505,55.88779454690227,103.61142906390731,-124.95246243645683,201.75705607342076,146.1169078000258,-162.59705390136372,224.55106789739528,148.13014879773013,-142.85747524172302,225.75414338420376,148.15826054522682,-142.04718864267394
2020-08-20,335.3599853515625,338.2799987792969,22.719999313354492,18.850000381469727,61.6416095102891,77.41774383588051,-111.20414984465079,-52.024281920736136,194.26918279829053,-283.65724810588387,-13.024813326063464,318.94776764238276,-259.6347159612406,-11.375044822468158,333.9448294775004,-258.4611419321051,-11.354919437379893,334.4210979053727
2020-08-21,337.9200134277344,339.4800109863281,22.540000915527344,18.010000228881836,61.73126818166071,8.965867137160899,-123.28105285072778,120.69152742406109,28.148205062859045,-136.69985161122852,154.20892462201638,165.9490068185387,-119.77160919976174,155.2994001931343,182.54665633976364,-119.16439824660802,155.30789492787068,183.02993767493206
2020-08-24,342.1199951171875,342.9200134277344,22.3700008392334,18.809999465942383,62.797395675628664,106.61274939679544,-118.74711357999828,186.42669196046774,-34.847174702778915,-63.284257071605964,227.21781319993192,100.53848301124687,-40.66742593285888,229.03963546188228,118.73625743863768,-39.529776666241396,229.06311978855592,119.42052206674657
2020-08-25,343.5299987792969,344.1199951171875,22.030000686645508,18.09000015258789,62.63538337300413,-16.201230262453237,-135.84941898108482,261.5418729499989,-96.85910254712519,-26.03353203752816,298.33394193355497,58.81563884189942,-11.200673234549116,299.6826973161373,80.78664227007789,-10.661532806538007,299.6944905637388,81.59628135769522
2020-08-26,344.760009765625,347.57000732421875,23.270000457763672,19.959999084472656,66.85006764581364,421.46842728095066,-129.6984219730346,33.03965820693937,139.2190852204134,-246.42448662116456,83.55869722301907,294.6450548945938,-222.7811899861383,86.61894404213014,321.58043109512033,-221.27535778145582,86.67857786160334,323.13522336361564
2020-08-27,348.510009765625,348.3299865722656,24.469999313354492,20.190000534057617,69.58097106732599,273.0903421512352,-69.00917651868613,227.55135371828493,-111.84186371482758,64.99069149312237,282.21038476482113,-12.004862621711451,87.70541719564439,285.89590015146086,20.021649532826903,89.22422302379934,285.97810696198496,22.188950877503256
2020-08-28,349.44000244140625,350.5799865722656,22.959999084472656,17.1299991607666,67.70419049211296,-187.6780575213033,-106.25266608808458,109.00101861424537,21.87892247958414,-109.47639011371885,141.58701118175682,137.7529390491835,-88.39903704680535,142.63628511147658,149.2701061949276,-87.60801896377208,142.64481275662266,149.52838007612817
2020-08-31,350.3500061035156,349.30999755859375,26.40999984741211,21.100000381469727,73.6681228887407,596.393239662774,-46.46421711718445,233.01136901672982,-131.88792666268736,121.4304045750901,295.62931181535856,-58.83720794764546,158.3568180066505,300.96328320594523,-32.964488282765835,161.889523260887,301.1444735037565,-31.160695889154443
2020-09-01,350.2099914550781,352.6000061035156,26.1200008392334,19.649999618530273,74.694321045817,102.61981570763083,-117.77924535352167,29.94524151420668,130.51768433618074,-221.03519350796034,80.58763957283394,269.4635074906326,-192.21215712864606,83.73227305864049,291.3494099139548,-190.2020482800767,83.79881380264965,292.4844317987199
2020-09-02,354.6700134277344,357.70001220703125,26.56999969482422,20.709999084472656,78.28880408611099,359.448304029398,-131.4885348547298,31.023885047838796,153.7731585018542,-257.6108363329615,92.29111130457132,318.4497228290293,-229.84968604794764,97.22148910567608,352.10171868141475,-227.556897443427,97.36740898634275,354.7408836086939
2020-09-03,355.8699951171875,345.3900146484375,33.599998474121094,30.450000762939453,86.80708370183656,851.8279615725576,-114.4954776602731,-142.5028849316494,-109.68109248964596,19.048699313145057,-501.22362245145496,-407.5279774329966,91.37973159127844,-525.623445489738,-832.5099104746758,110.2899609651417,-519.5536087334785,-875.1801062852146
2020-09-04,346.1300048828125,342.57000732421875,30.75,29.40999984741211,79.30332543575717,-750.3758266079387,228.55076944917022,6.218205482531028,-115.76997365945482,420.9925792561895,133.17592431654467,-270.72830967230817,489.1686582305944,161.8411926281796,-208.01351159782516,505.2519638632065,165.77435084305392,-195.1029972651286
2020-09-08,336.7099914550781,333.2099914550781,31.459999084472656,32.90999984741211,76.76654330341296,-253.67821323442143,263.97887688758067,-18.514023208567586,-106.76658308635895,458.17078609674905,128.14296494584525,-277.05646282802775,531.1730029576263,167.95901762191247,-196.3627706698989,550.8490425853587,174.99793848650566,-175.42017162077752
2020-09-09,337.54998779296875,339.7900085449219,28.809999465942383,29.09000015258789,73.40824698734906,-335.82963160638997,-123.58147380131649,165.86176000495348,69.29841955198447,-128.2214002665927,285.3991833223322,267.0980755783395,-72.83956512417095,310.0971528784575,334.18504706636446,-61.507275759175535,313.0285361915255,347.7477269659593
2020-09-10,341.82000732421875,333.8900146484375,29.709999084472656,30.43000030517578,72.94685030948159,-46.13966778674694,71.74654389827955,-147.78148988308183,-110.9616019431492,259.7431322677083,-326.81932024926897,-412.9058190978456,326.009919130118,-295.58545915145476,-653.6629173943996,341.89255653106324,-291.0379402194119,-637.9070482682318
2020-09-11,335.82000732421875,334.05999755859375,26.8700008392334,26.329999923706055,66.74884003445742,-619.8010275024174,69.76855688938846,135.54129227586563,-116.9053940870974,238.07502810306482,231.90446491579237,-132.1764111860719,285.32782984675333,246.7986267546287,-81.89539184289167,292.9031282937698,247.96927520157064,-74.52976078914784
2020-09-14,337.489990234375,338.4599914550781,25.850000381469727,25.059999465942383,66.05989586983465,-68.89441646227681,-113.18317899595904,177.2596933248362,15.999161412034704,-75.43877211185529,265.29408662750103,170.30387334387,-22.93407363326152,277.48351211860387,206.67628368195315,-14.863441276362918,278.32622763261594,210.8248176657665
2020-09-15,341.1199951171875,340.1700134277344,25.59000015258789,24.219999313354492,66.16509500032406,10.51991304894102,-37.409013378580916,236.2071036351157,-124.17239766880252,132.64124049066453,318.7915137846173,-45.05071650191843,177.07001201522016,329.1563451856311,-6.284156130499349,183.1065470923068,329.76726693210423,-1.938668059199975
2020-09-16,341.510009765625,338.82000732421875,26.040000915527344,23.770000457763672,66.41383403739839,24.873903707432987,185.35821559507716,-0.6815900968011079,-112.71885433668142,335.1350529120106,79.23489862656926,-251.16258478879382,369.7703514653926,88.64959558819149,-205.3940865626852,373.8305482703684,89.13690364431169,-200.02871924073764
2020-09-17,333.55999755859375,335.8399963378906,26.459999084472656,24.950000762939453,65.96191753717902,-45.19165002193688,-130.89291209406275,136.97986885707357,70.5680003214919,-160.8508236311889,221.59354350334348,250.9330650935661,-123.23664765612367,232.420827881218,298.56834150607585,-118.40072785849102,233.05660562252308,304.57660073894226
2020-09-18,335.3699951171875,330.6499938964844,25.829999923706055,24.020000457763672,62.55450560567111,-340.7411931507909,319.3412871276255,-119.39886429148638,-129.71980481141475,495.0283257121227,-41.21752870499764,-413.0572887627773,540.5723880761443,-32.06910978037662,-379.9258575737409,546.4945076683539,-31.57495181380734,-376.68691447943786
2020-09-21,325.70001220703125,326.9700012207031,27.780000686645508,28.11000061035156,65.21122021282686,265.6714607155749,-124.90655922531177,237.78328947173966,-16.92352489176445,-52.84548764837418,341.6952123881689,169.17738581758454,-3.4750976512039267,359.4739052027158,225.331267078477,5.132954000621817,361.0862535443493,234.5789784365844
2020-09-22,328.57000732421875,330.29998779296875,26.86000061035156,25.950000762939453,64.22972711999489,-98.14930928319683,-129.86185776525423,194.60947123762472,16.71985797936697,-102.7424084789705,284.0356602511279,199.18685841062737,-62.61192125680319,296.4126387310473,249.29941062334214,-57.023852616206774,297.2294891524262,256.11371395468507
2020-09-23,330.8999938964844,322.6400146484375,28.579999923706055,27.969999313354492,65.46486204850244,123.51349285075486,42.60788561481268,-163.90536810581474,-116.69980672772341,218.2070224848803,-393.94393976277445,-434.9104087393464,271.61549371629616,-375.25003679851505,-716.5701970775277,281.42501374481327,-373.46278224832076,-707.5930548228115
2020-09-24,321.2200012207031,323.5,28.510000228881836,27.649999618530273,65.44141624508052,-2.3445803421921596,-117.50710144733017,80.09727281496558,126.77816735097255,-187.57708151394007,177.42432909534497,294.9323815427187,-134.01216911286238,192.81129040551573,339.9688719733977,-124.84562473738123,194.085636956893,346.2455662316023
2020-09-25,322.5799865722656,328.7300109863281,26.3799991607666,24.56999969482422,62.360984572408356,-308.04316726721623,-132.14000231253405,-186.5743805466128,312.9087371127214,-483.1673035763262,-184.42130873127243,488.07887669667423,-522.9025953823225,-176.30408986449893,530.3382061797098,-519.2634832409677,-175.93312400279993,534.8234220435118
2020-09-28,333.2200012207031,334.19000244140625,26.190000534057617,25.209999084472656,63.6294291077113,126.84445353029474,-118.34083509436627,202.80149344902404,-6.428436664105972,-62.67463707398726,288.79243270134583,154.75886070728038,-15.069901954055373,300.24443464408716,193.88510829300827,-8.153508502570991,300.98447809742515,198.44438900139616
2020-09-29,333.9700012207031,332.3699951171875,26.270000457763672,25.989999771118164,63.00507259054818,-62.43565171631218,40.75920205443422,163.67311029679178,-119.9658812879946,211.25048950723667,256.0982589217854,-110.65720806444538,258.643910199277,269.6251093013453,-64.63613015001536,265.98714567943256,270.614459282822,-58.41606146503102
2020-09-30,333.0899963378906,334.8900146484375,26.3700008392334,25.770000457763672,64.07149689107169,106.64243005235079,-120.38017818759084,135.98692725180717,66.61272831773387,-136.5441202614707,226.16512219552953,234.154004694164,-88.5945556062839,238.95552924627265,277.2819963197584,-81.28978334139154,239.85489058333147,282.7994224026256
2020-10-01,337.69000244140625,337.0400085449219,26.700000762939453,24.799999237060547,65.51059366375748,143.90967726857866,-32.25745165997884,225.62293115552484,-115.8088208328989,126.27308176731302,311.13830737993555,-34.96915158702534,166.16468870391088,322.28557889757616,11.332439248703688,171.49245920431449,322.9634004454923,17.171050248241993
2020-10-02,331.70001220703125,333.8399963378906,27.6299991607666,24.63999938964844,66.07902865559386,56.84349918363836,-128.83077048354858,133.88196869412886,67.69855015821145,-156.77214244809082,214.5904346246821,241.8147568367681,-119.13917096834405,224.28330064456767,285.41291547326375,-114.48642903882319,224.80596483025684,290.4656552750586
2020-10-05,336.05999755859375,339.760009765625,27.959999084472656,23.510000228881836,68.7927330947453,271.3704439151442,-122.15491719118285,-63.75349074590029,251.93137260010906,-334.3591531697809,10.228191478899953,410.9153479550327,-295.2110891011572,18.161421601125905,446.11971364829,-290.6599890525048,18.532169138206655,449.5095468769033
2020-10-06,339.9100036621094,334.92999267578125,29.479999542236328,25.079999923706055,69.8932743608925,110.05412661472036,369.2725868834056,-175.98930690003735,-119.4614923928569,536.1648380340561,-94.20880174776302,-447.4759893233575,580.8295839328152,-81.94174062757585,-409.5379575004801,587.328376921601,-81.11946805821353,-403.742811640179
2020-10-07,338.1199951171875,340.760009765625,28.059999465942383,21.739999771118164,69.20200983281637,-69.12645280761325,-120.93734690146009,24.716786929229407,149.41526366770165,-237.79758906557245,85.87020818645621,298.5862372535878,-204.5119628587787,90.86415267900064,326.61131129761424,-201.5133111965823,91.02143167259403,328.6085727368117
2020-10-08,342.8500061035156,343.7799987792969,26.36000061035156,19.940000534057617,67.05908280490631,-214.2927027910062,-127.29597781471546,210.77319867890017,-42.02837106556638,-62.46386114721371,260.1807660392814,109.41975188182107,-38.3471124389547,263.0878069752705,134.7653652404144,-36.8274506157759,263.14260168174155,136.1530824209713
2020-10-09,345.55999755859375,346.8500061035156,25.0,18.850000381469727,65.83141290737558,-122.76698975307312,-135.1450075195806,196.43282836416523,-26.29771475400988,-92.46570685713628,239.38165201650503,132.06502704890076,-74.56076478743486,241.39086611769474,157.13465285681625,-73.72089979996447,241.41661034297192,158.30409092264028
2020-10-12,349.5899963378906,352.42999267578125,25.06999969482422,20.299999237060547,68.64196538156659,281.0552474191013,-133.88557855911307,52.645829895016384,129.04611318723144,-239.3010897073258,108.41091197990916,293.5960841653855,-215.12978198421635,112.29954191483408,325.28188990283746,-213.42596479067916,112.39157329050279,327.46743120149165
2020-10-13,352.2799987792969,350.1300048828125,26.06999969482422,21.38999938964844,69.14731052378853,50.534514222194105,69.73616959995795,117.9413948472284,-129.89440712682304,236.7824990367719,183.68326972935466,-170.40687558573168,274.50703510135327,189.67573586003155,-142.1658973318449,278.33525870238674,189.8993752963734,-139.99814635804375
2020-10-14,350.75,347.92999267578125,26.399999618530273,21.299999237060547,68.53477352004596,-61.25370037425739,177.56069266541672,-3.4068975103135757,-118.07826610899774,325.79842335631247,60.62734909755834,-261.60805576236254,355.9024348351145,66.1421876454029,-227.49586769419096,358.6028202122046,66.32414058450456,-224.67911440355942
2020-10-15,343.7099914550781,347.5,26.969999313354492,21.3799991607666,69.30174615011845,76.69726300724875,-130.62051400041295,-48.99342584097932,232.9166382993878,-335.4588093582113,12.267990178786262,396.29726003890187,-307.211411405127,17.203742401481414,429.45822310922017,-304.8521065831299,17.35068740511843,432.0362864943458
2020-10-16,348.9599914550781,347.2900085449219,27.40999984741211,21.63999938964844,69.93437232645105,63.26261763326073,46.432164286846046,134.06839790843782,-122.72484805593581,202.69377241493459,199.80282960954526,-136.392091887525,236.32072160242154,205.7287959976068,-104.07177083159179,239.58066619688853,205.94163453991953,-101.40265553932714
2020-10-19,348.6499938964844,342.010009765625,29.18000030517578,24.649999618530273,70.6224511953921,68.8078868941048,172.97907002524775,-174.41030713234903,-114.7205337966364,333.4257612458783,-282.6033604743302,-434.1059295799747,375.412690009035,-269.7317579046889,-583.402543678049,381.4492601775749,-268.84838989762534,-576.5384867765864
2020-10-20,343.4599914550781,343.3800048828125,29.350000381469727,24.56999969482422,71.44031034478267,81.78591493905714,-113.71347572431054,284.86736914091,-91.61327321883218,30.950675427708752,372.3667069004374,63.192547643300195,82.75032412446296,384.36930977367905,99.70934256804956,90.62183783906289,385.18641563565524,103.8686198550473
2020-10-21,343.3299865722656,342.7300109863281,28.649999618530273,23.200000762939453,69.66044408349492,-177.98662612877507,-89.43056464211533,286.7881456617499,-129.36763847631934,84.0311944735677,362.7368057668332,-4.921671784729151,127.84735195337501,371.2563859123564,27.642384699332712,133.2977750793172,371.6879397711424,30.721656334908936
2020-10-22,342.9599914550781,344.6099853515625,28.11000061035156,24.059999465942383,69.34508221368854,-31.536186980638092,-123.50398799453332,158.02276791020552,39.79941403670713,-119.4913101980662,240.29967942434567,206.6378053059778,-77.44829338167288,250.52798057987783,247.46081336093997,-71.88908958801312,251.11709393709327,252.14577786261643
2020-10-23,345.92999267578125,345.7799987792969,27.549999237060547,24.290000915527344,68.70661692477218,-63.84652889163647,-101.66800663167025,299.8090246236944,-120.22903618796336,64.34105799975302,385.6797239895204,27.49950529846854,107.80550152315786,397.0083054836811,70.61603681282395,113.86445334992608,397.71858115561537,75.90695285580969
2020-10-26,342.1300048828125,339.3900146484375,32.459999084472656,35.90999984741211,75.21787520543474,651.125828066256,155.5819922021154,111.74075009162968,-104.95497001077504,371.7029728138642,282.0672399363669,-150.55693168615696,465.1895341801533,338.24550878110415,-60.533262488383976,496.2837310817632,351.42924950042897,-33.256006396924164
2020-10-27,339.760009765625,338.2200012207031,33.349998474121094,37.290000915527344,76.4201673724691,120.22921670343578,71.58468795389828,198.44518438037503,-100.2386931585246,286.1266664354449,376.1950811178881,-52.04817750189525,379.1916760449648,437.88239087568905,48.11022481036671,410.74287344008843,453.3559060599579,81.0263053663812
2020-10-28,332.1000061035156,326.6600036621094,40.279998779296875,47.900001525878906,86.62575385595744,1020.5586483488346,375.744518899857,-100.20883917630138,-88.20587998896451,629.2643696273266,95.07967812005694,-330.97393290992557,764.1781186512007,203.44031510286695,-228.68220490792572,825.849984693915,245.35727483238253,-168.7964156014271
2020-10-29,326.9100036621094,329.9800109863281,37.59000015258789,44.34000015258789,81.93113286352052,-469.4620992436924,-97.0104316589211,92.79714679093408,204.8654981817588,-158.00207551120346,301.40807766647015,449.3767016100072,-41.3889529434867,389.5304904515022,570.5308805595233,6.345015358556852,418.6868610931991,618.4232644407002
2020-10-30,328.2799987792969,326.5400085449219,38.02000045776367,44.33000183105469,81.64662250403336,-28.45103594871574,51.15776589355965,245.10225620201388,-94.85533994807477,293.2110325458394,454.46565591127694,-0.24859167056307863,414.89009423852576,543.4234146390545,117.19800909873166,465.9660936535976,573.1856773917725,162.88997604565
2020-11-02,330.20001220703125,330.20001220703125,37.130001068115234,43.86000061035156,80.45689582363273,-118.9726680400625,-95.5397968852264,370.6189952951316,-74.76750224834811,124.8469704431926,578.8894090184502,165.9783583444138,244.7706784557379,666.8030416444996,283.4523690211931,294.60769377388283,695.9303466105055,329.06918105627267
2020-11-03,333.69000244140625,336.0299987792969,35.54999923706055,43.20000076293945,79.05269717650815,-140.41986471245878,-98.4307837190567,187.37195465173036,110.71625729063078,-67.74705514639888,394.9881004368034,357.12884009024316,45.480084642848944,482.1124571573433,480.02728395889807,90.93694011784555,510.62189503017294,528.903879080631
2020-11-04,340.8599853515625,343.5400085449219,29.56999969482422,32.459999084472656,70.14521626623653,-890.7480910271615,-113.58380315978566,106.15389144637922,145.56811477343385,-170.61970482694014,252.25081206817384,350.8862432418406,-95.69996185434582,291.7791474230469,429.0391632619922,-75.29939915016622,298.7548897939982,448.96469814588954
2020-11-05,349.239990234375,350.239990234375,27.579999923706055,28.09000015258789,69.52761544187373,-61.76008243627962,-114.32473224795815,220.23727512204053,4.916047946275961,-47.303564682306586,339.0245835041561,185.3208476872412,18.073691363634637,363.6132756887324,241.72041730110604,32.43131561463837,366.60279296642284,252.16621409296172
2020-11-06,349.92999267578125,350.1600036621094,24.86000061035156,23.959999084472656,64.54304329687163,-498.45721450021045,-123.68924017026598,305.47648534474695,-104.30977374006201,26.126028082828224,390.91267434093237,65.14252396367411,69.37248756735215,402.10375495301577,108.02644447144293,75.35620848094061,402.79794594912306,113.2542987500959
2020-11-09,363.9700012207031,354.55999755859375,25.75,26.709999084472656,68.229394630965,368.63513340933736,-62.27570475209989,-157.0281555512157,-115.99665160790168,121.10261856262275,-484.3699499006615,-430.327936192804,181.3038842042771,-460.89475561962547,-815.1543923142392,193.85573981474778,-458.1781517499605,-804.0507803748475
2020-11-10,353.489990234375,354.0400085449219,24.799999237060547,24.43000030517578,66.22943052720387,-199.99641037611298,-112.95068264491965,222.37667889718898,-25.146141867519155,-31.264767861499298,314.6152508436999,131.7557490576493,23.52511973353273,328.2263776550998,170.23308082258603,32.45211440550493,329.25502506855753,174.95772665573088
2020-11-11,356.3999938964844,356.6700134277344,23.450000762939453,21.59000015258789,65.52479292583284,-70.46376013710329,-114.7056365485038,241.53592698761165,-64.97521951702316,-8.68423347011131,311.34971547145784,80.09903875154947,32.774595313071565,318.30944983081133,108.75164085654141,37.39865893826566,318.60709223513993,111.09290589433243
2020-11-12,355.5799865722656,353.2099914550781,25.350000381469727,23.8799991607666,66.47336642275467,94.85734969218242,149.35684919683004,44.93650627724255,-113.7062367141896,306.4965540502638,133.48234259888565,-211.2137698443161,346.36304685184507,145.57800804495037,-161.75130195890858,351.8248469436934,146.36113241029605,-155.0938028671321
2020-11-13,355.2699890136719,358.1000061035156,23.100000381469727,21.010000228881836,65.70142195944638,-77.19444633082873,-117.39937165083037,-6.597306241819842,180.10454728496492,-261.4920283195459,57.46928071226065,325.8239486418963,-224.7853633699343,63.09333164229634,353.38233115343695,-221.19702593511522,63.29179214936811,355.4209347515004
2020-11-16,360.9800109863281,362.5700073242187,22.450000762939453,19.329999923706055,67.44994080061177,174.85188411653922,-123.893957554342,135.0921681088966,33.37399608711589,-131.3045083932642,187.62309231232933,181.8848241132583,-104.12662869656658,191.03120139065302,207.31306777584118,-102.20901020392229,191.10640054650065,208.80413513027278
2020-11-17,359.9700012207031,360.6199951171875,22.709999084472656,18.809999465942383,66.41215437832967,-103.7786422282096,-123.8497162650341,225.0421916295064,-61.23204071068449,-39.4084577226889,272.9613438450444,84.6770357976668,-14.688147334653332,275.66948726623446,107.92447074488035,-13.164615715588576,275.7180803859456,109.10936656071895
2020-11-18,360.9100036621094,356.2799987792969,23.84000015258789,19.59000015258789,65.23567891716918,-117.64754611604928,346.24036132051253,-177.67634534959777,-121.8945415431219,494.5663334679168,-123.04815336005045,-441.55150877340117,521.9836921341592,-119.30280309332765,-414.2515524793614,524.0025628060131,-119.21368012259268,-412.5243254923808
2020-11-19,355.6000061035156,357.7799987792969,23.11000061035156,19.260000228881836,64.9634645206738,-27.22143964953858,-133.86811618036526,111.7087885233932,64.34588912488638,-177.581924632916,161.85406755307395,225.35004149258356,-155.92119037940986,164.8356229448272,253.8900129477424,-154.61809445762083,164.8910496238114,255.56878986249276
2020-11-20,357.5,355.3299865722656,23.700000762939453,19.86000061035156,64.2409930079175,-72.24715127563002,130.93435090887044,29.056951664598408,-111.81571969297758,265.62800513568436,85.19125210685829,-210.91308502968627,288.90985244069464,89.13058933236505,-177.96734055908792,290.52314160304235,89.22388066571386,-175.64056790790616
2020-11-23,357.2799987792969,357.4599914550781,22.65999984741211,19.579999923706055,63.72198598636079,-51.90070215567033,-116.236468488115,246.83023210197595,-85.189762067089,-1.4228038804741971,300.1929512105151,53.01627046329356,29.66551328616898,303.78241624656255,75.37646781230922,32.02010215778059,303.8682116536822,76.61209611557068
2020-11-24,360.2099914550781,363.2200012207031,21.63999938964844,18.399999618530273,66.1276278840107,240.56418976499145,-116.85102872983816,-38.375864806473835,192.34096443308164,-285.20652885880133,6.696923652059475,327.271169169592,-259.36256586120066,9.04749306608055,346.538340427743,-257.8419318244319,9.085838863298859,347.3684787274445
2020-11-25,363.1300048828125,362.6600036621094,21.25,17.139999389648438,65.13728206260086,-99.03458214098464,-83.29007718288538,238.68866778562284,-126.91848393913202,61.861588627527446,275.12749201099325,-29.413223422526546,82.27502478644587,276.4957505523888,-13.374278366210143,83.14086169046611,276.50930754225305,-12.871819711301688
2020-11-27,363.8399963378906,363.6700134277344,20.84000015258789,18.25,65.18671538759497,4.943332499411213,-94.17107250540343,250.84774986589727,-119.53847484654895,45.67874284912666,295.94466994160933,-3.6308053014957076,67.57020275004456,298.25440497529536,19.609853296621328,68.76694574173754,298.2896033986182,20.723007401786187
2020-11-30,362.8299865722656,362.05999755859375,20.56999969482422,19.8700008392334,63.44053095583869,-174.61844317562836,-33.73575124146717,203.6382892263436,-119.99704896141932,113.70433195450137,261.5024958115657,-56.892425853344285,141.77546068053732,265.8089128892656,-26.984403957420188,143.98386638266646,265.9238569260036,-24.88528559700749
2020-12-01,365.5700073242187,366.0199890136719,20.770000457763672,19.8700008392334,66.53267962395456,309.2148668115875,-133.94769693300665,297.509087770916,-111.86870149148646,3.551336258625406,357.1604946791004,55.33924593359332,29.319787576010437,361.75838752489625,89.34856395702207,31.31153125286523,361.8847499575256,91.95592472591876
2020-12-02,364.8200073242187,366.7900085449219,21.170000076293945,19.290000915527344,67.50382439842588,97.11447744713126,-128.00948271325157,114.65665398949517,59.34091814815303,-162.26979944765284,168.6034609756569,214.47424478159238,-136.2483613600918,172.21981688519972,242.48206284045563,-134.404194993608,172.30226604546226,244.25489589549858
2020-12-03,366.6799926757813,366.69000244140625,21.280000686645508,19.350000381469727,67.479895957855,-2.392844057087018,-100.50827160223747,264.31607708427293,-116.2742452495067,40.227271417441976,319.8083548785697,13.763936358180365,65.34727014098908,323.6660024216632,44.22783709010234,67.14130308436096,323.75762408283555,46.29218821810503
2020-12-04,367.3200073242187,369.8500061035156,20.790000915527344,17.959999084472656,69.25815322697738,177.82572691223777,-113.61876733824482,-1.8706446786058906,152.23209911424334,-240.9941799649266,42.83075998054968,282.65025741092376,-214.18418789797258,45.14415032915424,300.57926597200805,-212.60436876441685,45.18174629803686,301.3130353710264
2020-12-07,369.0199890136719,369.0899963378906,21.299999237060547,18.739999771118164,69.00444348503419,-25.37097419431973,-122.7095691412711,281.5914304261827,-115.69209940802685,18.572936321377732,332.73990986482687,30.4111157917961,45.51001441738192,335.93420010111595,54.68929558603646,47.34996519838368,336.0009785527162,56.044113011615586
2020-12-08,367.7200012207031,370.1700134277344,20.68000030517578,18.170000076293945,69.09134024447272,8.689675943853103,-130.5280564951591,68.15187555450882,100.57940749494206,-211.41184529727755,114.31381967056707,254.65019546810615,-190.29764466984994,116.74894328710391,279.7361741109634,-189.14046164943355,116.78717844133038,281.0142931317512
2020-12-09,370.8800048828125,366.8500061035156,22.270000457763672,19.989999771118164,68.2933252775166,-79.80149669561172,288.6433051072712,-112.85159325350628,-121.1998905642136,440.60026081840726,-50.30105440218559,-378.1783149368947,471.6252595061333,-45.070929810224335,-346.486122676694,474.3784138895128,-44.904277713618264,-344.0071178819034
2020-12-10,365.3699951171875,366.7300109863281,22.520000457763672,19.670000076293945,68.42462561903487,13.13003415182692,-114.44021094127291,124.50683912834356,39.94644985772504,-120.9984634163977,182.47863473490645,178.02707851744177,-86.3425972093479,186.89417179115478,201.47019840646027,-83.36636027462136,187.02136228066018,202.91092140727267
2020-12-11,364.8999938964844,366.2999877929687,23.309999465942383,20.450000762939453,69.01046401679977,58.583839776490265,-125.89505765371733,173.18547110133088,8.41579215174402,-102.67346890051618,236.85039426246132,166.44601967855405,-70.8429310369331,242.3167394411417,198.4619514586291,-67.93271780111711,242.49828592366936,201.0204344346798
2020-12-14,368.6400146484375,364.6600036621094,24.719999313354492,23.670000076293945,69.42969269795789,41.922868115811696,306.5070628002095,-106.14819831380979,-114.38885243258758,468.62127531390274,-12.219468698230449,-366.0897744565347,512.0670547394453,1.7420201053255169,-314.58014578308746,518.5791240100053,2.7686985887360094,-307.0939306329924
2020-12-15,367.3999938964844,369.5899963378906,22.88999938964844,20.190000534057617,70.54688181298535,111.71891150274575,-114.22485258411267,43.716465495842606,125.93162147040749,-203.10684579666855,107.0984174397437,266.6286653564581,-165.1315607962702,112.59700261739586,292.2271180146594,-161.4290182672134,112.78878833209446,294.02591495675057
2020-12-16,369.8200073242187,370.1700134277344,22.5,18.799999237060547,70.44942647952008,-9.745533346526258,-127.95977671825717,274.63398893041204,-102.60119055088339,-1.36337060430469,326.6657281534564,51.34096152439643,23.719429862896458,329.97029741227675,78.3593423233431,25.40386970697044,330.0397394553801,79.97995743014056
2020-12-17,371.94000244140625,372.239990234375,21.93000030517578,18.6200008392334,71.33699289283325,88.75664133131664,-124.79651413412489,266.85276829752274,-98.66010697527108,-1.2630919696165344,318.20763304740746,50.47432422216101,24.86474779844483,321.42271811182525,75.76826080074017,26.6310633074643,321.489629708581,77.21750078587489
2020-12-18,370.9700012207031,369.1799926757813,21.56999969482422,16.700000762939453,68.50101971388344,-283.5973178949814,60.02548862684012,89.77163052319347,-122.04798896665709,198.4563956925285,125.47947826833436,-166.82110739546883,216.97102914960504,126.76563638201756,-149.61619347918236,217.7058446085027,126.77733601023968,-149.06482298052995
2020-12-21,364.9700012207031,367.8599853515625,25.15999984741211,21.559999465942383,71.52532318800147,302.4303474118028,-123.88092042170868,25.623692029299484,163.50098396604318,-249.13916772674565,98.82616516470283,324.6910723418194,-211.57119660760335,106.53431420614264,360.6732832721795,-207.34562400004208,106.88202312024171,364.1626335409857
2020-12-22,368.2099914550781,367.239990234375,24.229999542236328,19.90999984741211,69.816646366475,-170.8676821526467,-42.562651901612476,224.39771612515747,-128.93648697217205,119.77392556937366,285.25501093829615,-59.32885317317711,154.03712514890537,290.20150608311985,-32.579725850230474,157.12497566877184,290.3565381724594,-30.719163347765054
2020-12-23,368.2799987792969,367.5700073242187,23.309999465942383,19.200000762939453,68.84468469033551,-97.1961676139486,-73.36270687341899,251.61297947862982,-131.13761427932272,88.43669100591478,306.6843553662887,-34.84593710288426,120.45373648228883,310.5624509434312,-11.692658524476071,122.98410387162633,310.6613991105544,-10.343990188977445
2020-12-24,368.0799865722656,369.0,21.530000686645508,17.1200008392334,67.8388255942125,-100.5859096123018,-119.14513960453982,174.77194769093137,-25.627921687550725,-74.8764639642614,212.72955165153016,108.98839702256868,-54.140109847775996,214.2425983109966,126.22592615494409,-53.21523702856698,214.25887759925874,126.81414914080955
2020-12-28,371.739990234375,372.1700134277344,21.700000762939453,20.049999237060547,70.17587358914894,233.7047994936441,-129.54991073837576,286.218902857377,-100.99255425152231,1.2791281986243042,349.8540582866224,62.427303794927774,31.07767484806974,355.28405241269553,96.44026286564065,33.71144908656259,355.46040270360845,99.23864829004125
2020-12-29,373.80999755859375,371.4599914550781,23.079999923706055,21.469999313354492,70.96239248431209,78.65188951631552,127.20235419288278,60.85324675802786,-118.99813626230673,284.98175003736554,137.8694290083997,-204.64249302430613,322.32561604537176,146.55122133285525,-164.5417252860199,326.7077312656169,146.97967282877585,-160.232833618719
2020-12-30,372.3399963378906,371.989990234375,22.770000457763672,21.309999465942383,70.95636557153601,-0.602691277607903,-115.02116746173351,312.23108344581647,-129.8933917619447,58.693040268058795,387.50632522971136,19.555557035773475,102.31074912813439,395.83839831140534,51.62564929967137,107.65253703258536,396.25095765148393,54.62523794027445
2020-12-31,371.7799987792969,373.8800048828125,22.75,21.200000762939453,72.32693500114158,137.05694296055668,-127.78852860436612,124.06361644319509,69.41102875022071,-160.86396465387028,197.70845059401123,236.92920234634371,-125.6100521012317,205.487571697435,275.66820829589835,-121.74360308384601,205.8356560488121,279.58744216652264
2021-01-04,375.30999755859375,368.7900085449219,26.969999313354492,27.38999938964844,73.01669304187563,68.97580407340484,267.3729272096846,-149.39517215641197,-117.57078393005892,465.468822048683,-141.0294834714396,-432.4611826971765,537.7541480991914,-111.02881524314674,-492.09111831446194,555.4288633559089,-106.73911349489612,-479.38630356817265
2021-01-05,368.1000061035156,371.3299865722656,25.34000015258789,24.290000915527344,72.73902452258216,-27.76685192934707,-119.02995310786616,-1.9575536043394437,211.64997916936838,-274.4087050589433,96.66363641459056,383.49825415570416,-221.84949610026072,112.49071305418869,430.8877445849181,-212.8826678814279,113.81822242315519,437.8064479704086
2021-01-06,369.7099914550781,373.5499877929687,25.06999969482422,23.770000457763672,73.98218894342776,124.31644208456021,-126.0457414330162,-26.22429506920023,239.56015698031212,-316.1725660624592,69.02454297065839,420.51955420458086,-271.04148813481976,83.48141063468438,471.73701369665406,-264.0695451374658,84.58111001453847,479.2633815373804
2021-01-07,376.1000061035156,379.1000061035156,22.3700008392334,19.420000076293945,75.62849101887815,164.6302075450393,-121.11347652554116,-10.325635245766682,183.53938540217615,-272.9383935065018,49.73335594686883,332.40754868498993,-240.44306556527877,54.50223749448868,360.11433822308993,-237.6172201714292,54.64536378117615,362.0590276872503
2021-01-08,380.5899963378906,381.260009765625,21.559999465942383,18.34000015258789,76.7164770497667,108.7986030888544,-133.82229881535707,266.873669719909,-87.90621228436281,-23.738020183650942,319.97754590186673,74.92752281759303,-0.7934017091208312,323.4218899156198,105.15975464566168,0.7007466122303874,323.4948640362607,107.1104433391455
2021-01-11,377.8500061035156,378.69000244140625,24.079999923706055,21.690000534057617,76.50191199312658,-21.45650566401116,-125.53069590000254,249.05111196070385,-50.47362461049867,-33.284843277921205,330.05662097267725,118.75424956434556,6.6214243680225575,339.87923580889895,160.3944086922235,11.673566203755373,340.42015357074723,165.1783589175923
2021-01-12,378.8900146484375,378.7699890136719,23.329999923706055,20.649999618530273,75.79565899935352,-70.6252993773063,-102.5485149008362,287.76944554612345,-121.00959411526163,55.16404984726806,359.93949963791346,19.075736517058917,91.15563998132748,367.36794947221483,55.57626802399465,95.06490764307365,367.69001702142,59.10133531968807
2021-01-13,378.69000244140625,379.7900085449219,22.209999084472656,18.90999984741211,75.61270791776684,-18.295108158667972,-131.10412024685073,217.8002758266192,-37.68599839806763,-67.99651079730654,274.76915057009506,123.727696976524,-42.039952283595674,278.8901795676116,154.8439889526783,-40.11202933916815,278.9941553140009,157.0379990189016
2021-01-14,380.5899963378906,378.4599914550781,23.25,21.170000076293945,75.30742047716981,-30.528744059702717,122.95603504226287,61.890629935156106,-114.60418865477423,274.5393182199036,140.09182381957234,-192.73806075958888,309.4769258190424,149.0506049572423,-149.0276186754966,313.4905065550641,149.49746075605717,-144.07291483634828
2021-01-15,376.7200012207031,375.7000122070313,24.34000015258789,21.690000534057617,74.0294130407487,-127.80074364211202,1.8671982568262435,187.77663368879905,-116.9989312695071,158.8646902791515,268.38025192668374,-73.94628008222224,196.76882199917614,278.05376144749476,-30.72590710085594,201.43014087651972,278.574647911001,-25.701274052279487
2021-01-19,378.3399963378906,378.6499938964844,23.239999771118164,21.8799991607666,75.04279780029339,101.33847595446923,-115.87401202158267,254.76389068404504,-63.46301181166167,-3.387702963148629,338.14947509660516,92.07072918016833,44.56663580690632,348.8056344628241,128.15115632608175,51.29564599509526,349.4548159662324,132.09742132801904
2021-01-20,381.1099853515625,383.8900146484375,21.579999923706055,18.850000381469727,78.16052193957987,311.772413928648,-120.72114673234957,7.966913203209794,162.11140721316548,-252.64402716391433,65.28280444900341,308.85205589230816,-221.45073271119745,69.53365949337157,335.09002612400366,-218.90956611296295,69.6490329319903,336.80088218349124
2021-01-21,384.489990234375,384.239990234375,21.31999969482422,18.229999542236328,78.23239611793323,7.187417835336873,-110.75872240888602,269.86772063778835,-112.63784307136319,34.38861667996871,324.29759335707973,18.474483977462587,68.50562271851358,328.08953885697196,38.88344604393523,71.2085725230798,328.18563424269803,39.97334556999179
2021-01-22,382.25,382.8800048828125,21.90999984741211,18.420000076293945,77.36261204384775,-86.97840740854872,-116.95225346344228,205.85704284231275,-42.538038241255215,-44.50808790934373,260.18251154170156,97.21803207219224,-13.233445435911781,263.9257045669348,120.36094537564422,-10.824126022594458,264.01779164442996,121.69564721047956
2021-01-25,383.6700134277344,384.3900146484375,23.190000534057617,20.65999984741211,79.33872177884246,197.6109734994708,-129.85729586875703,274.15428642869733,-77.35066150453795,-16.644466430317472,349.0593330458633,94.27484851805657,17.767632190379135,357.1433860782001,135.1385132999712,21.54561198162559,357.5141028636453,139.4516964786973
2021-01-26,385.4100036621094,383.7900085449219,23.020000457763672,20.459999084472656,78.62677577511454,-71.19460037279168,6.547270622203863,191.43517971027,-131.59524703356863,182.1976968321132,265.78110057094597,-105.11395134724265,226.26528734797782,273.87764275691126,-74.44342458145964,231.59956738206304,274.26983917788294,-71.67257364919575
2021-01-27,380.2200012207031,374.4100036621094,37.209999084472656,41.63999938964844,87.13586729488998,850.9091519775438,351.19939852162395,-100.66593705023516,-89.25085966627543,605.7065925225586,68.57538231664256,-334.4872437924149,741.4497413370849,175.91212924167294,-259.7280014433972,803.471784620161,217.17320103833913,-201.5262613376038
2021-01-28,376.3599853515625,377.6300048828125,30.209999084472656,30.0,80.33415041783748,-680.17168770525,-107.29997286022447,199.6625529557118,50.56909886881689,-60.30349030132805,350.55294948178033,248.58868737334257,24.9358071762521,393.30646758949064,322.36395169653326,50.01561725897073,401.43063286419294,341.07213628370255
2021-01-29,375.6300048828125,370.0700073242187,33.09000015258789,32.630001068115234,78.57313523409186,-176.1015183745613,297.7223975495423,-127.25359480158042,-101.20322889379275,505.59425793302955,-50.029303385645484,-377.80826506999824,592.0889241180633,5.891115623216672,-374.1230540978655,619.6075409502942,18.846701364448283,-343.6310457800602
2021-02-01,373.7200012207031,376.2300109863281,30.239999771118164,28.989999771118164,78.86250909627418,28.93738621823161,-115.97725315436593,134.59812511404826,114.84299547561,-147.3553487039925,276.0207101111035,320.05189381912385,-77.1296748283037,312.6533877909426,397.30290516795554,-59.0635671931117,318.7074880184078,416.5002450076155
2021-02-02,379.6499938964844,381.5499877929687,25.559999465942383,22.440000534057617,78.15847406865099,-70.40350276231919,-128.12312600561032,169.25786554652652,39.922834506745254,-123.43670320072776,258.27415715595515,219.3699859386772,-82.30765177661095,270.5498658462431,268.0658131900126,-76.57857031724885,271.3584529122667,274.637473058742
2021-02-03,382.44000244140625,381.8500061035156,22.90999984741211,18.969999313354492,76.27481056211931,-188.36635065316756,-97.80589514333911,284.280099139438,-134.64022834891196,72.1182506497775,344.07279234838785,-12.91406078655781,108.62885552265132,348.8430065644206,10.515179724343662,111.91630399904557,348.99015873924617,11.999737756579501
2021-02-04,382.9599914550781,386.19000244140625,21.770000457763672,17.479999542236328,79.28670253977164,301.18919776523256,-123.80676460438173,-33.89069982086179,195.96934695143318,-297.609647114205,12.339900267095086,340.9546377672236,-273.8420794292377,14.813008393923988,363.4583725683613,-272.4612593663968,14.853710792072386,364.5508704182961
2021-02-05,388.2000122070313,387.7099914550781,20.8700008392334,15.520000457763672,80.1314593286227,84.47567888510576,-84.75385688413986,238.1877593096476,-128.78495881890012,60.698421386244995,270.79542047801357,-32.41594407536212,79.70006527159644,271.8289541822887,-18.801970125425548,80.38688184000947,271.83691084921077,-18.455237561996206
2021-02-08,389.2699890136719,390.510009765625,21.239999771118164,16.56999969482422,82.68195322309927,255.0493894476574,-114.16610852018857,128.17229742267563,19.47110017437266,-111.18672224182993,169.6083040613004,149.16969615873538,-86.6778344248573,171.51398890134612,166.12258633214205,-85.3985868143517,171.5397602531006,166.74912898857102
2021-02-09,389.6099853515625,390.25,21.6299991607666,17.09000015258789,82.55915432795429,-12.279889514498166,-133.4193180468324,259.89872980318614,-88.53406601446957,-26.414529860292312,305.8027931068396,69.34924997177781,-6.59714244975291,308.192167476441,95.47218049634427,-5.55889415029027,308.2284221078933,96.82346302402286
2021-02-10,392.1199951171875,390.0799865722656,21.989999771118164,17.68000030517578,82.51117856606065,-4.797576189363895,72.02593283273008,99.07516672508655,-127.42005308405668,226.39222401628166,150.71493076061014,-176.82786734799666,254.7454595785272,153.9982409551352,-153.47043372396413,256.7356620528736,154.06914610588964,-152.17679567553975
2021-02-11,391.239990234375,390.7099914550781,21.25,17.09000015258789,82.68900621891258,17.782765285193136,-87.0422171352047,256.1994227187536,-130.6918874648167,68.75324392143305,302.62345839925877,-25.157286782973753,95.66636643560872,305.1540974189859,-5.602440450176102,97.31678702536824,305.198030585454,-4.721972888276868
2021-02-12,389.8500061035156,392.6400146484375,19.969999313354492,15.050000190734863,83.95170058393643,126.26943650238474,-124.07649773045712,-1.6733102028904967,147.10696597026194,-259.2556007187348,27.642565395783272,283.97986664221395,-245.01227489830165,28.409673282348024,299.05660791297436,-244.61062051291418,28.413864774867804,299.42206631509066
2021-02-16,393.9599914550781,392.2999877929687,21.459999084472656,19.31999969482422,83.94625165645112,-0.5448927485304011,45.78962492720702,136.33358623500447,-122.94235905463468,203.17533206964276,203.47315590434636,-135.15538772341014,237.55492212301633,209.71224814300226,-102.16197305546963,240.96362886427556,209.9456831949744,-99.32806005641652
2021-02-17,390.4200134277344,392.3900146484375,21.5,18.40999984741211,83.98601504101845,3.9763384567322646,-113.05532132761613,58.709589704107735,104.57321005348177,-183.54426692784563,116.89578569584549,240.829142151163,-148.15320303536146,121.35318248918944,263.75354981099383,-145.09523998768162,121.48245804976676,265.15443132178535
2021-02-18,389.5899963378906,390.7200012207031,22.489999771118164,19.459999084472656,82.80881785419685,-117.71971868216013,-132.53666977555716,234.31800992191717,-42.77281723308699,-59.61862382331822,301.2852503969524,127.35680066117109,-30.103956084493365,307.4149043215322,165.02793062858652,-27.39547783626144,307.6334615527373,168.45206969862738
2021-02-19,392.0700073242187,390.0299987792969,22.049999237060547,18.329999923706055,81.91525466389675,-89.35631903000996,75.36379897354156,100.00642457726022,-125.99240817694107,231.13428113027757,157.34295751288386,-174.90902469795364,261.8655922512544,161.5903985713471,-148.1892242554424,264.350099201839,161.70497719921153,-146.4251487599281
2021-02-22,387.05999755859375,387.0299987792969,23.450000762939453,21.219999313354492,79.68906600097802,-222.61886629187302,-121.34547718144547,315.29655240873103,-120.50832527171737,43.65328119732952,396.6980199260657,42.37911332131004,86.6847067633058,406.6876644891371,81.3150030553543,92.33595285129803,407.2535122718229,85.6682651868283
2021-02-23,384.6600036621094,387.5,23.11000061035156,21.299999237060547,79.85709432576749,16.802832478947494,-129.16032407188675,68.30558386615343,134.14790386689396,-223.58466505777105,149.55746508908197,309.32745605821697,-186.1788739754898,159.4070924283673,353.70996725328143,-181.58320659612681,159.94351348278445,358.9768365610299
2021-02-24,386.3299865722656,391.7699890136719,21.34000015258789,18.350000381469727,82.93631113710137,307.9216811333879,-115.03581494471625,-204.8229058832032,290.5379390335909,-451.0182990714006,-226.1849701157638,428.27859010214246,-495.09323214362786,-222.20389729069333,451.09547264492045,-492.44563511058857,-222.0998835875821,452.42996305340415
2021-02-25,390.4100036621094,382.3299865722656,28.88999938964844,31.809999465942383,79.25460814443082,-368.17029926705516,130.69690288274563,-125.94441618466058,-106.66852673282926,353.5599451374963,-219.90173865764044,-394.56492846606614,452.8981054274253,-161.59068195146597,-573.7220927438627,487.07256341417235,-147.45236346635375,-547.1271256070106
2021-02-26,384.3500061035156,380.3599853515625,27.950000762939453,29.420000076293945,76.79181351153714,-246.27946328936758,256.711278105406,-1.1557875429933007,-112.28633303415913,466.75641015921036,150.07208754701898,-277.921418794438,552.0702655342441,193.0379213835378,-203.81501294328726,577.202112724234,201.23030751971,-184.93438521516936
2021-03-01,385.5899963378906,389.5799865722656,23.350000381469727,22.700000762939453,81.42388064411108,463.2067132573937,-128.1001813318964,-29.5957534711196,244.42483558954925,-324.84145992765116,65.0918648771837,428.3933793203743,-281.70947795943283,79.31488348337366,481.0087481369082,-275.2418643626475,80.37461591982263,488.8025546983666
2021-03-02,389.8200073242187,386.5400085449219,24.100000381469727,23.170000076293945,78.9992281236845,-242.46525204265765,222.86933650947097,-13.366804974061017,-116.64235565384314,394.0597164209045,87.45208846926732,-282.0068798887599,443.69779747111005,104.04474911984519,-229.3995387386274,452.0867411254129,105.47127787685486,-221.13235664651364
2021-03-03,385.7900085449219,381.4200134277344,26.670000076293945,26.8799991607666,76.14100784025203,-285.8220283432473,340.5138523713624,-106.16811451409697,-111.00742724820131,527.8612329979198,25.12891365672869,-371.0558631991092,593.4219134256939,55.99597284647524,-300.8752757199393,608.9165020654326,60.44021258259355,-285.1152397527159
2021-03-04,381.2200012207031,376.7000122070313,28.56999969482422,29.299999237060547,73.75573108162016,-238.52767586318748,320.8101744015497,-68.73278486443192,-111.7797844423894,526.6680396297,79.52353779205231,-342.7526913013279,608.3194025120736,120.5412810256961,-268.63068329930405,631.5959011862558,128.0583292536093,-249.97965354692727
2021-03-05,380.4599914550781,383.6300048828125,24.65999984741211,23.829999923706055,76.51793056303806,276.2199481417909,-112.72914904843924,-29.568212790042402,236.56312401446618,-286.34459790305164,72.65626694770936,400.546904170031,-226.57139415166574,89.99281103870425,444.59105010464737,-215.52357223651964,91.58568098695471,450.95983869937754
2021-03-08,384.6600036621094,381.7200012207031,25.469999313354492,25.700000762939453,75.10559310186261,-141.23374611754542,206.48462116473814,17.560411951324873,-111.26442735009975,384.6774880427646,138.29973527904966,-243.95619855136454,442.468242226618,163.6404190044865,-177.9209459623192,454.56309208397204,166.7271024496604,-164.46013364763667
2021-03-09,385.8500061035156,387.1700134277344,24.030000686645508,24.11000061035156,78.99108591634729,388.5492814484678,-121.58768815482512,219.85431908575455,0.8780317927918246,-63.21420662076644,326.95769937124584,184.11975937779576,-9.851943800492188,346.1185894045539,239.7229834756688,-0.04617376246171867,347.9806960372099,249.17559675649545
2021-03-10,389.69000244140625,389.5799865722656,22.559999465942383,20.979999542236328,80.48927430802661,149.81883916793208,-86.61073068050788,275.9099852470466,-116.49030974837339,69.6542622874994,356.6776476269721,15.470375512436599,107.24114013118749,366.39334060874273,59.175084561909564,111.84333851795526,366.9172651219783,64.30105091754744
2021-03-11,392.2300109863281,393.5299987792969,21.90999984741211,20.010000228881836,83.9047667350638,341.54924270371936,-118.21570131901488,158.35634765427605,24.89728187417215,-101.96872355134917,231.35299342547657,177.31494289126815,-61.010519279227736,239.06128455596217,209.70703723959775,-56.27125330066864,239.41493740521275,212.6832005810141
2021-03-12,392.0700073242187,394.05999755859375,20.690000534057617,17.40999984741211,84.03610771014182,13.134097507801812,-121.05560754497151,82.42926338831714,79.86624580789508,-175.9221005254462,131.62788260132507,222.6660950886945,-149.4091647456222,134.53197551333264,245.407691498373,-147.68841468828538,134.58788848982718,246.59139223710164
2021-03-15,394.3299865722656,396.4100036621094,20.030000686645508,17.739999771118164,86.02357806010595,198.7470349964127,-114.71326000631083,51.99073430175394,108.28935940685102,-192.72074498221698,105.51628556581741,244.50467753433037,-160.9407109232181,109.1333844156367,266.3369621602825,-158.5243149009589,109.22015183652424,267.53841955191126
2021-03-16,397.0700073242187,395.9100036621094,19.790000915527344,17.93000030517578,85.45146062676346,-57.21174333424841,-12.531244779393377,186.45803688465924,-126.08250847372597,142.4257135477666,242.26103807796278,-88.00979370239742,172.36744693642274,246.23267429179205,-62.047611217863015,174.69472283982563,246.3335889716791,-60.402323055936
2021-03-17,394.5299987792969,397.260009765625,19.229999542236328,16.690000534057617,86.64150964500007,119.0049018236607,-135.6388520260802,57.33877492032595,114.88793595731062,-233.5648854729035,101.88535133363959,274.9588562794556,-215.2200034942568,104.09146328863532,301.1912752282217,-214.3271511756825,104.12218780273456,302.50465063564707
2021-03-18,394.4800109863281,391.4800109863281,21.579999923706055,20.329999923706055,81.47417208062987,-516.73375643702,138.9890226133808,63.2447867026986,-132.43036224529183,318.47299455351543,141.00695133525124,-237.03498840342914,365.3409427804235,150.04151041455003,-205.65930472918535,371.3985358121882,150.52297768314924,-202.6704042422079
2021-03-19,389.8800048828125,389.4800109863281,20.950000762939453,18.280000686645508,79.35562674189558,-211.85453387342932,-74.32990278048754,243.67280863139234,-121.36729568235671,73.93163759584354,299.6071363617055,-19.38934011963893,101.66727121718473,303.57382366936196,8.908091935416154,103.75724123100552,303.67256161544515,10.785674557323047
2021-03-22,390.0299987792969,392.5899963378906,18.8799991607666,16.399999618530273,81.8112138437947,245.5587101899127,-120.87695334865171,18.327914087921094,134.477259537422,-236.07777252095863,58.21485192637186,272.3159261124303,-214.81958772472754,59.924785241152215,290.9649976326475,-213.81344413839224,59.94510371914969,291.6688560281572
2021-03-23,391.9100036621094,389.5,20.299999237060547,18.3700008392334,79.01193072850484,-279.92831152898674,124.42252837596283,47.313816130677445,-122.11724734612696,274.71918406669454,104.89163085294803,-218.2332925471495,303.6399560476243,109.15842521197975,-189.46256437843286,305.9252627615906,109.27211063935566,-187.47998315779918
2021-03-24,391.0,387.5199890136719,21.200000762939453,19.06999969482422,77.28163643305699,-173.02942954478482,224.591639031531,-44.99072041060084,-124.03581634626042,381.33050048594083,18.533099425841094,-317.711283451538,414.3765314445963,23.987214185574214,-287.0514004078598,417.4296128432436,24.169308351466,-284.6479851620759
2021-03-25,385.9800109863281,389.7000122070313,19.809999465942383,17.15999984741211,79.0093673574854,172.7730924428414,-123.06431570194057,-86.70341657535909,246.50538148493604,-348.0685761313605,-42.007049805966126,389.6801907346566,-324.86287956938713,-39.73308441030638,411.20563215845584,-323.5753225234929,-39.69831319392678,412.192203450222
2021-03-26,390.9299926757813,395.9800109863281,18.86000061035156,16.31999969482422,84.95858788723271,594.9220529747308,-123.75614435234411,-221.1130281444252,376.41656536993736,-482.053756815897,-181.6069177094864,517.8609280192785,-461.9937982110062,-179.94713937927284,537.3259769868292,-461.07897153736246,-179.92824224177014,538.0709880476008
2021-03-29,394.3999938964844,395.7799987792969,20.739999771118164,18.850000381469727,84.86351771475807,-9.507017247463523,-114.08288042194974,125.10565469185869,44.80639846410808,-121.55873258666745,188.89354498764294,185.5660946432672,-83.33880445161654,194.4717343102256,211.3300900568329,-79.59501568681608,194.667767563058,213.16730809624812
2021-03-30,394.4200134277344,394.7300109863281,19.61000061035156,17.280000686645508,83.64171537502585,-122.18023397322213,-111.71620507353228,215.9774220006273,-62.38581433821697,-20.35543831524784,265.8115421512676,67.87074969697304,10.403371742424808,268.8514509441147,87.00909195596614,12.535916536516536,268.9144831101402,87.91690939563564
2021-03-31,395.3399963378906,396.3299865722656,19.399999618530273,15.619999885559082,85.14487646672406,150.31610916982032,-110.43724619556735,138.95241422032072,-0.49438739977569535,-90.07771092373719,174.93191240706025,122.03616532990242,-67.92293759114766,176.2695861882478,135.87411376665503,-66.97729216147509,176.28280977085038,136.26617778280223
2021-04-01,398.3999938964844,400.6099853515625,17.329999923706055,12.970000267028809,89.20718944886416,406.23129821400994,-98.54186398728706,-19.856642378651678,128.6589770007963,-217.62624164865375,-1.6374541820257638,230.71598682424425,-205.42031759097955,-1.408179641292826,236.7296898305117,-205.23911596095144,-1.407740773977093,236.77776286985218
2021-04-05,403.4599914550781,406.3599853515625,17.90999984741211,15.649999618530272,94.802174487449,559.4985038584838,-107.79227710417915,-59.66810206816542,198.77889051891964,-283.63238473524393,-20.39087315982522,319.22832962856546,-258.4515120508795,-18.71343961307874,333.34518230240434,-257.2143926432757,-18.692943163215567,333.7855692489079
2021-04-06,405.760009765625,406.1199951171875,18.1200008392334,15.710000038146973,94.53232379516503,-26.985069228396696,-128.67900508864324,264.9875348130347,-104.74969581350308,-7.397184961929623,304.5050862856889,43.201980790069136,10.97483339586798,306.15104820294005,64.36558382620223,11.773422218275245,306.1691181242165,65.2130088640443
2021-04-07,405.94000244140625,406.5899963378906,17.15999984741211,14.130000114440918,94.944349291567,41.20254964019665,-120.1545206083259,199.22173152086094,-60.167611214935526,-48.631227492217754,226.08004878023692,70.74550517502107,-34.86325528758159,226.6947267654407,83.8386210392544,-34.51653476614889,226.69749757493415,84.10658104174392
2021-04-08,407.9299926757813,408.5199890136719,16.950000762939453,13.9399995803833,96.83247145181062,188.81221602436256,-120.14567956608603,204.69017144396736,-66.5385078673853,-42.803246995075845,230.6548730162171,63.97144754733686,-29.566467299031206,231.21708955798204,76.70169217087428,-29.251508517489032,231.21941230531448,76.94895182046578
2021-04-09,408.3900146484375,411.489990234375,16.690000534057617,13.1899995803833,99.76143595128575,292.89644994751285,-101.52452559246001,-100.59385012838186,215.8144402272545,-305.7027701139313,-78.93906806020274,322.3600287993679,-291.4700345028726,-78.57787388117866,329.7831365847982,-291.19177328865067,-78.57681255286884,329.8660701051921
2021-04-12,410.8500061035156,411.6400146484375,16.90999984741211,14.239999771118164,99.8085973388917,4.716138760595356,-123.83850532511934,197.8145503233339,-52.93536875255038,-59.1283275451189,226.81394413075466,83.5147868284971,-45.02917309066145,227.5597271684686,98.4189827920069,-44.63989894583708,227.56368377901526,98.77549607990515
2021-04-13,411.5299987792969,412.8599853515625,16.649999618530273,13.779999732971191,100.99145552400458,118.28581851128774,-133.95824418874176,171.52520630915544,-19.221217972884585,-106.80730106709603,197.82966801845143,128.3172600865778,-96.54929002224907,198.39388289040411,144.3658364068593,-96.33737037252958,198.39600854623652,144.71813296281536
2021-04-14,412.8299865722656,411.4500122070313,16.989999771118164,14.100000381469728,56.29808785977045,-4471.936766423413,30.66566832014084,105.95375443449163,-116.11844175708727,158.11724188364022,134.4134529938012,-134.30706955462884,171.78575890333565,135.12264432526734,-119.5123172564224,172.1495867103748,135.12621508385968,-119.16695005608561
2021-04-15,413.739990234375,415.8699951171875,16.56999969482422,14.220000267028809,56.22186346062642,-7.622439914402435,-127.64238946542281,76.05470373348487,73.36548507417129,-189.74767236197343,105.79122063748189,214.9156447950002,-176.22245016669578,106.58139372827524,231.13126540347116,-175.84853763615664,106.58571962802691,231.5475308153309
2021-04-16,417.25,417.260009765625,16.25,12.970000267028809,55.628367815996114,-59.3495644630309,-106.58305702518922,222.4664173254446,-102.19757628076886,6.322276365721782,244.1109189067029,10.320811782435582,19.60714459799824,244.46822303537388,18.681466263870906,19.862041885156213,244.46924416782724,18.7838736255342
2021-04-19,416.260009765625,415.2099914550781,17.290000915527344,15.420000076293944,57.89552088823146,226.71530722353452,-35.11695004766755,199.33107713807948,-131.41415490166432,118.27450899079082,240.08976688859212,-81.04960869716376,142.3296617745831,241.9146949934716,-64.32249846750635,143.54790049465257,241.9382682564086,-63.71571936491798
2021-04-20,413.9100036621094,412.1700134277344,18.68000030517578,17.329999923706055,61.22293370490027,332.74128166688115,57.565706865406234,113.70820411245893,-122.25867469691451,207.6754940245899,170.68215795518176,-151.90372213245323,236.31314843892335,174.83869356636785,-123.4594016593893,238.53506068839562,174.94671461104238,-121.52377938746108
2021-04-21,411.510009765625,416.0700073242187,17.5,14.789999961853027,58.63534699930463,-258.75867055956405,-135.78523799725673,-137.04257621719586,299.1153129614938,-423.3358677387554,-102.79635990839516,453.34676222550365,-409.78139968336313,-101.67296416868814,474.04674292041034,-409.35231755237766,-101.66473172718986,474.7410693089908
2021-04-22,415.8900146484375,412.2699890136719,18.709999084472656,16.770000457763672,61.17039642474222,253.50494254375917,247.15443616442005,-80.94087621059992,-121.7045620676494,393.8881820513456,-28.47316076266415,-343.39509588843566,420.03334003172523,-25.089072485924802,-316.9995307578979,421.82548675108796,-25.01606482294327,-315.40706314997993
2021-04-23,412.8699951171875,416.739990234375,17.329999923706055,14.06999969482422,58.16670678446954,-300.36896402726825,-122.92414268204844,-113.46990497164563,256.65050959747305,-368.04876878715737,-85.2547254661087,391.60061488473394,-354.16838339493523,-84.55934131231106,405.93887524943796,-353.79912359131305,-84.55587506092198,406.2650031572747
2021-04-26,417.44000244140625,417.6099853515625,17.639999389648438,14.8100004196167,59.13152838201003,96.48215975404923,-107.35892286732432,211.65064208938807,-75.73900821646095,-10.53653440463773,248.16207065675664,43.08147583770692,12.8632742305445,249.55430108422303,56.20739935766943,13.890458944551723,249.56860467199928,56.5724851931219
2021-04-27,417.9299926757813,417.5199890136719,17.559999465942383,14.550000190734863,58.77899903197613,-35.25293500339046,-74.36910832644365,220.5296654213658,-120.70231963974669,61.14138550287691,253.94662043830633,-32.00144978567707,78.14861689419973,255.02831870033074,-15.583466758794204,78.74716270054483,255.0365781015959,-15.100299199985143
2021-04-28,417.80999755859375,417.3999938964844,17.280000686645508,13.619999885559082,57.81835339942765,-96.06456325484771,-64.23114476607587,196.97508395653605,-114.61361562807664,60.339519795573594,223.0641250806953,-39.04506899808357,72.6968597089999,223.62825231580175,-25.31109676850811,72.98101309010966,223.63052333464432,-25.03112119493791
2021-04-29,420.3200073242187,420.05999755859375,17.610000610351562,13.960000038146973,59.61048653618158,179.21331367539324,-108.56037568158376,257.03273668337334,-126.5050309400186,34.05654508225869,286.95878430690584,-8.655994688782373,52.61079352258988,287.79200463861116,2.7210990996952034,53.2061440267851,287.79729924388744,2.9589767645921383
2021-04-30,417.6300048828125,417.2999877929687,18.61000061035156,15.529999732971191,61.60845307274218,199.79665365605968,-62.58399708696205,210.33633096902128,-113.59101225571902,67.68923221093343,252.4563701571266,-29.003751736230686,85.9795091569844,254.38052900548908,-5.150049102476048,86.82021610094813,254.4044693971894,-4.0665184812419515
2021-05-03,419.4299926757813,418.2000122070313,18.309999465942383,16.170000076293945,60.731329070141754,-87.7124002600425,-31.153034870247097,208.2344942522237,-135.88432592110718,133.4167563958143,257.3903452748489,-86.68446158665529,163.92551156483222,260.32550662313855,-67.97862183627032,165.99358891121534,260.38425051991624,-67.11113798146437
2021-05-04,416.0700073242187,415.6199951171875,19.479999542236328,17.75,63.37145235691651,264.01232867747524,-83.61283709839037,263.4747429989221,-125.89983070182386,74.83528706389339,325.395535759398,-13.141149040793573,107.9612145170464,330.5275985837898,15.816790853188836,110.93722197940401,330.6906731704495,17.97484512932035
2021-05-05,417.3800048828125,415.75,19.149999618530273,17.56999969482422,62.32465288232754,-104.67994745889655,10.788423592377042,175.86794821311676,-133.21319879907173,179.66112671559563,237.2698387812961,-118.54375356866689,216.35511512875476,242.34403892180273,-93.67235172119044,219.7466620323416,242.50753861425898,-91.98761637791392
2021-05-06,415.8299865722656,419.0700073242187,18.38999938964844,16.040000915527344,60.98886667603787,-133.57862062896686,-127.13574561271798,-22.395398984646086,187.32156638568821,-293.84019152290193,23.3537403654432,336.6248321789193,-271.7000207538325,25.74795923313642,360.2712816848959,-270.4775221481261,25.785440158093188,361.4431767089559
2021-05-07,419.8900146484375,422.1199951171875,16.690000534057617,14.09000015258789,56.9994794385932,-398.93872374446744,-122.80935286319986,51.73569519334611,93.33924109511898,-203.39357837518506,81.95999618037571,229.09175954191514,-188.34178751483697,82.79259392184056,244.26920615482945,-187.89355296539816,82.79753040807333,244.65357573667842
2021-05-10,422.5,417.94000244140625,19.65999984741211,19.68000030517578,64.04269361849316,704.3214179899962,293.4979329603443,-85.16978651536002,-131.47916959009544,476.86140858512516,-0.36209209871247205,-386.29322410538606,527.8652137686995,10.757115526137786,-351.78518215822334,535.2530022574623,11.461268240227332,-348.03204764650843
2021-05-11,413.1000061035156,414.2099914550781,21.84000015258789,22.030000686645508,69.42914502902971,538.6451410536552,-118.28651068597262,212.62291533033383,0.07429441143605109,-59.438829647667845,314.99233194790963,173.73432592442163,-4.827626830712559,332.27712916886617,223.04916193339233,4.902605789264738,333.83375137721634,230.6783168321945
2021-05-12,411.2300109863281,405.4100036621094,27.59000015258789,29.549999237060547,84.8132090471153,1538.4064018085583,336.20987895525576,-128.5179454338991,-106.80370392500828,553.270565847369,-19.670998275783468,-395.4029656145974,646.9129565778439,34.70837236063973,-367.7524829541346,677.6360001231557,47.15429859346185,-342.0958959487077
2021-05-13,407.0700073242187,410.2799987792969,23.1299991607666,23.209999084472656,72.17366461595458,-1263.9544431160716,-117.63578919767996,10.9682871986603,209.12000960271973,-262.59063029941416,121.37951236412333,388.29825220168044,-204.15777827985391,142.0346266626896,442.4318147647476,-192.71823737334668,144.18981607985398,451.7723364896356
2021-05-14,413.2099914550781,416.5799865722656,18.809999465942383,17.40999984741211,60.74346008392996,-1143.0204532024618,-118.07176751529323,-60.65569468308818,228.49602850952928,-315.01275448757673,-2.9284108101745177,371.7195113375541,-282.3701735661035,1.4097797286549052,396.9246648345416,-279.6571399495366,1.5302302742020735,398.5510743266929
2021-05-17,415.3900146484375,415.5199890136719,19.719999313354492,18.829999923706055,62.85770484351147,211.424475958151,-114.65629530966518,259.1489954698776,-79.6436312350549,7.879523326756013,331.95678195679875,67.25563226230395,50.88507847766921,339.64286862070117,97.41221232415941,55.91645796416793,339.99721734654867,100.07413317125902
2021-05-18,415.7999877929687,411.94000244140625,21.34000015258789,20.989999771118164,66.66010882701417,380.24039835026997,281.51721179463357,-78.38985363632,-117.41621960798662,448.4549501143388,15.28000247577557,-346.2245789941813,494.1524036717107,29.199235045606176,-297.22279528877345,501.1150142359751,30.228616196290382,-290.22877439310054
2021-05-19,406.9200134277344,410.8599853515625,22.18000030517578,21.209999084472656,68.82010152722816,215.99927002139907,-122.78569124322394,-60.150969651330776,266.2615358346245,-339.7260225237178,31.132622850504866,438.76565473663845,-293.5415619906362,44.24738012335572,484.79282045419194,-286.61813641994115,45.17541387215507,491.016288474422
2021-05-20,411.7999877929687,415.2799987792969,20.670000076293945,18.559999465942383,65.31879417187633,-350.1307355351827,-127.60748603911402,-20.86087463606996,208.48763461566537,-302.93431646861893,47.117116866177234,371.9550982359928,-270.1882543052096,53.51862469306974,407.42849360952493,-266.9860470360715,53.76009072776397,410.6314019585318
2021-05-21,416.8699951171875,414.94000244140625,20.149999618530273,17.1200008392334,63.59080116582746,-172.79930060488766,79.59660458650156,89.90352793179744,-121.29639046841183,227.8415946606958,146.06598754345822,-173.03230623591494,255.59571613377105,150.0715339183519,-144.5236807358165,257.6870065256765,150.1718212798648,-142.60854736153723
2021-05-24,417.3399963378906,419.1700134277344,18.399999618530273,14.670000076293944,59.4485474494368,-414.22537163906554,-109.92852623209363,53.493564953928164,83.40874584691987,-174.08125595253142,88.42606708444619,204.89419964849142,-152.5053995463698,89.66522621165177,218.26220695573005,-151.6277374331419,89.67658779453392,218.62373143136347
2021-05-25,420.3299865722656,418.239990234375,18.84000015258789,15.789999961853027,60.33569559196033,88.71481425235288,62.81403264811731,108.23601563272581,-133.38406884294463,221.74728393447242,153.86071263239506,-179.05251932958805,249.209442295,156.28949779938102,-160.849209908713,250.8632993661348,156.33026858111427,-160.07406224086492
2021-05-26,418.8699951171875,419.0700073242187,17.360000610351562,13.84000015258789,56.24630692925777,-408.9388662702561,-122.81313944506788,253.1629526927869,-110.31467611616883,-1.084964428611832,281.15680738609285,24.401355508093015,12.689389896424233,281.83806133402385,38.62418358995547,13.050919115653839,281.8413890476163,38.94391163253557
2021-05-27,420.1700134277344,419.2900085449219,16.739999771118164,13.029999732971191,54.46573912175623,-178.05678075015408,-38.99403792004919,179.23071231656598,-125.6758394137112,97.35156520818052,201.7502648611395,-79.79658007318672,110.5730136285766,202.14441501332766,-70.49725667184578,110.83925399383821,202.1456342904912,-70.36934619440018
2021-05-28,420.9700012207031,420.0400085449219,16.760000228881836,12.729999542236328,54.699518964625355,23.37798428691258,-20.00751721385725,150.07846295740987,-117.65066987140341,105.77344178938118,170.45745639132306,-90.45546459308788,116.45987197349744,170.75515771546725,-80.76222723206092,116.63416187988103,170.75583182669732,-80.63881556759648
2021-06-01,422.5700073242187,419.6700134277344,17.899999618530273,15.0,57.46149114837314,276.1972183747787,198.81178364536942,-56.35607841667076,-111.23111435856183,324.63281935213735,-17.172769984760382,-289.2128298264957,340.97200468015444,-15.577371329255449,-266.35220634968226,341.6283762312887,-15.560870956335268,-265.41313768204213
2021-06-02,420.3699951171875,420.3299865722656,17.479999542236328,13.699999809265137,56.40689557340011,-105.45955749730354,-105.99789208891846,227.02061247267906,-100.90684654562986,10.30637185631498,255.0952038725745,13.118087865856046,28.198484759584087,255.80378975661486,23.30446027666262,28.72185900244879,255.80768367079506,23.48967665005677
2021-06-03,417.8500061035156,418.7699890136719,18.040000915527344,15.18000030517578,57.385020340997016,97.81247675969098,-125.83419673405812,198.95723780620676,-42.31876586878587,-66.53390678723945,237.72023057134172,101.5127742639131,-47.62373524814125,239.29482284465266,121.3824096362252,-46.80648936370615,239.31163699092795,122.13980328747444
2021-06-04,420.75,422.6000061035156,16.420000076293945,12.699999809265137,54.10139893685718,-328.36214041398364,-123.9944125316197,85.91300613674909,50.35383658801613,-167.74964223578942,106.14415389166466,182.9082314351596,-158.6224505414885,106.4303128978893,194.01277345700876,-158.48731799620222,106.43089885912381,194.16380009318556
2021-06-07,422.5899963378906,422.19000244140625,16.420000076293945,13.90999984741211,53.69276187905473,-40.86370578024514,-51.56922238846165,182.47972041996297,-108.9150225745499,67.49481963309582,212.43391343867523,-42.101829026138596,79.85299642308829,213.23142858868093,-24.50154432300391,80.17801678521356,213.23569706309593,-24.029045127863412
2021-06-08,423.1099853515625,422.2799987792969,17.06999969482422,15.43000030517578,55.43373173907062,174.09698600158947,-46.85698550528865,208.920818633484,-127.24515131189327,102.10597501519486,251.69821801154472,-62.64031314702303,125.71650474368602,253.74519806341456,-43.44465030533835,126.96865810840936,253.77399125552964,-42.64970262840573
2021-06-09,423.1799926757813,421.6499938964844,17.889999389648438,17.09000015258789,57.39328126155766,195.95495224870376,16.197387844686318,163.16742033710446,-128.7775323049693,176.7086512749058,221.7134137756889,-119.03547400499612,209.43215584791133,226.19931516877705,-93.08520627658325,212.19136783506247,226.32709403161104,-91.35714976267259
2021-06-10,422.9599914550781,423.6099853515625,16.100000381469727,13.829999923706056,53.11940428664815,-427.38769749095127,-120.1014979678278,200.69337079200443,-59.58838317012589,-47.85861431427529,229.65557800781883,72.21095171521003,-32.845758527500664,230.40442575470283,86.16437514897254,-32.41921930284832,230.40849775942556,86.48668843136542
2021-06-11,424.2000122070313,424.30999755859375,15.649999618530272,13.0600004196167,52.109896891240254,-100.95073954078941,-109.56229843549404,221.43718186100753,-96.14102219245703,-1.865994000887048,245.12976065582944,20.651016891265762,12.22674334786518,245.58092231315175,30.25244988292861,12.535704793853133,245.58251385874487,30.3946511666118
2021-06-14,424.4299926757813,425.260009765625,16.389999389648438,14.920000076293944,54.23132740254401,212.14305113037568,-108.65358943961542,150.69994512493173,-10.461271247152945,-75.34992820403403,190.243747124863,111.23695616713263,-50.29069001011212,191.94569064979825,125.74243890564912,-49.05462985048079,191.96660958230532,126.2083966629838
2021-06-15,425.4200134277344,424.4800109863281,17.020000457763672,15.920000076293944,55.52400785264604,129.26804501020257,-59.33915371760665,235.96794146099106,-135.67599711159437,104.77795874320435,284.8794496545469,-58.32795903176893,135.04557402270618,287.77665873419227,-39.62684913150627,137.07901179826362,287.833875720401,-38.76269592033304
2021-06-16,424.6300048828125,422.1099853515625,18.149999618530273,17.940000534057617,57.63403945404079,211.0031601394752,157.67025818447314,17.942666956562526,-115.87415889791137,304.6271226557657,85.64015076145972,-235.9809874007765,335.04736705078113,91.94751977332454,-198.4722295978653,337.89689940354043,92.17903816635416,-195.01113171799756
2021-06-17,421.6700134277344,421.9700012207031,17.75,16.670000076293945,56.39164895408811,-124.23904999526769,-128.4496790226202,290.75456020338595,-116.26942935854105,11.38861239494389,344.74872958736796,40.852309267630616,35.720849358362884,348.35419942771773,70.5946082500035,37.37114450545807,348.4345659895276,72.55036650427006
2021-06-18,417.0899963378906,414.9200134277344,20.700000762939453,20.13999938964844,62.39387422491444,600.222527082633,87.76496386649501,113.75058204031453,-123.6128998558849,259.1483427646948,199.61194565300494,-167.28380573534596,304.956334504339,210.97383663142918,-126.51239877538468,311.4223081053013,211.69187171834423,-121.59481332334715
2021-06-21,416.7999877929687,420.8599853515625,17.889999389648438,16.829999923706055,56.01994262525213,-637.3931599662313,-128.16940654760958,-92.86608134680813,266.525050097629,-370.0577459915016,-39.41780158182608,421.6792715369227,-344.4739708886631,-35.88583823961613,449.6221723465702,-342.7080387661144,-35.80744209211224,451.388782201728
2021-06-22,420.8500061035156,423.1099853515625,16.65999984741211,14.579999923706056,53.40802590094586,-261.1916724306269,-125.1021562130184,59.18914633284833,92.49318107861004,-202.88474669628354,93.728035093059,233.2369048633648,-186.05386785152032,94.90002206170044,250.95442113110957,-185.44465678101088,94.9095284139976,251.5172155324686
2021-06-23,423.19000244140625,422.6000061035156,16.31999969482422,13.630000114440918,52.215218139711595,-119.28077612342634,-71.9269217764592,219.54179081851953,-127.84524171954789,69.71817254089706,247.2701357027956,-46.66943077325147,85.9737304217142,247.9492501479287,-35.193134343627655,86.42846729663603,247.95275957409365,-34.96875283706571
2021-06-24,424.8900146484375,425.1000061035156,15.970000267028809,12.770000457763672,52.20277782339659,-1.244031631500775,-119.46722392864505,238.33961845907223,-105.36369963302407,-5.939261461982623,259.80703091824074,22.38735754384551,4.749741472770344,260.1464321027006,33.16662048869057,4.934232894785209,260.14728552313005,33.32153060256571
2021-06-25,425.8999938964844,426.6099853515625,15.619999885559082,11.859999656677246,51.85701314501813,-34.576467837845826,-115.54400682624998,174.47597193783295,-51.20733178806349,-59.0884243066973,190.15932282312139,69.55936783170749,-51.225965229251464,190.30563302461212,77.38042172716993,-51.14485649881744,190.30579511223198,77.44562322065781
2021-06-28,427.1700134277344,427.4700012207031,15.760000228881836,11.920000076293944,52.34521024617173,48.81971011536024,-105.73518273046544,190.28824435696555,-76.0141242472706,-22.49120245845273,206.7858992979658,33.802569454696105,-12.634384621867875,206.95832891497966,40.44364793794679,-12.514391907850284,206.95857029381497,40.49608488799554
2021-06-29,427.8800048828125,427.7000122070313,16.020000457763672,11.859999656677246,53.02577772562174,68.0567479450005,-86.55624519851798,206.33340740030553,-111.71183343727319,30.464940140885922,222.35745372659207,-19.64486410597257,38.382915801975926,222.5122009969911,-11.538613537541151,38.46686853468906,222.51238090022596,-11.467818973506835
2021-06-30,427.2099914550781,428.05999755859375,15.829999923706056,11.109999656677246,52.61889378235695,-40.68839432647877,-99.5534667580583,118.91571599694187,-15.39855373846841,-79.37997234460613,130.83812905912174,86.01542877734286,-71.94443814343316,130.90988999144326,90.50235065356772,-71.89144766142671,130.90993300666133,90.52112110653735
2021-07-01,428.8699951171875,430.4299926757813,15.479999542236328,11.43000030517578,52.77178672030553,15.289293794857883,-115.04735884265052,87.11802431462415,33.60405436833165,-144.6049297790852,100.75146171669485,152.97916177625106,-137.92496160938228,100.85097387355549,159.93270534244448,-137.87134793628778,100.85104820738107,159.97860383221905
2021-07-02,431.6700134277344,433.7200012207031,15.06999969482422,10.399999618530272,53.37202244783647,60.023572753094356,-118.42540759529003,43.14770860616972,76.21737488314108,-193.72885130785386,52.046102061952375,197.2979246334117,-190.15308662789477,52.07549949348935,202.62055914288126,-190.14121729042614,52.07550522713549,202.63808723701757
2021-07-06,433.7799987792969,432.9299926757813,16.440000534057617,13.760000228881836,55.91686249599465,254.48400481581785,-19.559860538695048,158.472187770408,-115.55791882801333,108.41478645260734,189.78531373586915,-81.55409226939963,123.05092782855976,190.6915995153773,-64.87141613750558,123.49483151323238,190.69729105776267,-64.4090263497038
2021-07-07,433.6600036621094,434.4599914550781,16.200000762939453,13.06999969482422,56.01927477205835,10.241227606370273,-129.2145222269187,210.73770200015394,-63.5778893560172,-56.90322039296218,236.64170997914135,77.99626551062387,-45.80018911982935,237.18946467958503,92.7993098716234,-45.56320597443541,237.1915323347299,93.11008278108321
2021-07-08,428.7799987792969,430.9200134277344,19.0,17.239999771118164,61.221296032627436,520.2021260569084,-128.33976071720113,109.78090927349945,72.73496381471335,-171.60491228873767,171.91573920627476,233.51023624011347,-141.98306422189708,177.0449507866389,266.1818700037252,-139.45172948274316,177.203602684316,268.78155768352303
2021-07-09,432.5299987792969,435.5199890136719,16.18000030517578,13.020000457763672,56.34758040260283,-487.37156300246056,-133.64562449600095,4.272603468951155,147.0066076595593,-273.0409297195945,29.8649076632328,293.7999045760767,-263.07876441005214,30.39029588720561,309.43189078176795,-262.88294883165923,30.39214320815737,309.7614644730419
2021-07-12,435.4299926757813,437.0799865722656,16.170000076293945,13.520000457763672,56.89380607466528,54.62256720624481,-105.15771849698538,56.200845420696034,71.69847137051474,-159.38556392946214,86.90116127669397,185.62039704367865,-139.457428120621,87.79439609668505,196.39865845797127,-138.78685732927087,87.80047746382088,196.6213322445606
2021-07-13,436.239990234375,435.5899963378906,17.1200008392334,14.979999542236328,58.25443411875749,136.06280440922092,-74.1258190192777,240.35147415740673,-131.00870138669276,80.1089752987984,283.5271454706016,-40.18582136338191,105.29568984491718,285.63334565458194,-22.166088319080423,106.67585303483092,285.6641219318072,-21.439914589598462
2021-07-14,437.3999938964844,436.239990234375,16.329999923706055,13.449999809265137,56.639179118359266,-161.52550003982213,-30.05155779622661,187.91168646690008,-135.3121870837173,122.3742543022804,218.41834561562743,-96.34866996243156,141.9406149173147,219.29598836851997,-85.40250694712405,142.59079759381927,219.3018528501346,-85.17503768271989
2021-07-15,434.80999755859375,434.75,17.010000228881836,14.550000190734863,57.38486365735682,74.56845389975513,-101.87230884212482,250.56346859787516,-118.19755557494,32.77986970486706,289.01579034045193,1.8533030737260225,51.15477144300875,290.55535893823475,21.946704965943532,51.928565581538486,290.57134082601715,22.71252206401211
2021-07-16,436.010009765625,431.3399963378906,18.450000762939453,16.299999237060547,59.210828669206705,182.59650118498882,343.22598083852046,-170.84923060735983,-124.85648322485733,496.1635108655717,-115.37024603929781,-442.1388916387573,525.2616497469177,-111.46589381878657,-415.6612835031536,527.469845880531,-111.36913136989902,-413.96428185921087
2021-07-19,426.19000244140625,424.9700012207031,22.5,22.149999618530273,66.90187523755688,769.1046568350174,-12.77794805380312,235.89389087232283,-120.73927580068259,173.49410224208208,346.2292754519257,-47.86353870567847,233.7123111910358,366.8831719704922,4.41664510151181,245.62056610998678,369.04618014703334,13.288692517748915
2021-07-20,425.6799926757813,431.05999755859375,19.729999542236328,17.860000610351562,61.89975392472529,-500.21213128315907,-130.25803913579105,-193.4961035754899,377.0203065079261,-481.91093693142,-132.271222217069,543.9855519215422,-457.07279840724993,-126.06277102359195,580.5979219480706,-454.1818942507804,-125.83714383131418,583.9186238010212
2021-07-21,432.3399963378906,434.5499877929687,17.90999984741211,14.649999618530272,58.876715173627915,-302.3038751097374,-111.22471156275263,21.34629991437256,121.15767315563203,-210.54623383829139,60.58427898339176,246.08784120000493,-186.53043692859887,62.24662483785324,261.3298520810243,-185.37157283726728,62.266453559546015,261.8334014726179
2021-07-22,434.739990234375,435.4599914550781,17.690000534057617,14.06999969482422,58.69935787462042,-17.735729900749675,-128.39488660119383,223.862882264768,-69.15338134241803,-45.63226695370137,258.1362141476913,75.6887734739008,-29.940458509061262,259.2781063467346,94.27915510231804,-29.399369152902754,259.2869645368686,94.87997367762986
2021-07-23,437.5199890136719,439.94000244140625,17.200000762939453,12.869999885559082,59.80829918827973,110.89413136593151,-133.96321192925745,62.305436634532164,89.30898265676478,-215.72359109337154,87.91536155834059,236.500895601662,-205.8270496205621,88.44145870459158,252.21612761063844,-205.63346521146937,88.44330726256902,252.54864138739856
2021-07-26,439.30999755859375,441.0199890136719,17.579999923706055,14.010000228881836,60.97325135774088,116.49521694611451,-110.92428993919745,69.30654454946355,69.15171916309636,-160.73322798924679,104.79923588458611,192.15417582527337,-139.1009719664459,106.08620994725018,206.02672922767775,-138.20618264138898,106.09832803733286,206.41894405558804
2021-07-27,439.9100036621094,439.010009765625,19.36000061035156,17.15999984741211,63.91710300964422,294.3851651903344,-26.110930375133922,206.0323016412159,-122.1958387861026,129.14375849563137,271.7165516829674,-62.91483159289781,162.19439422864627,277.6199461057215,-30.0722345759308,165.32675406279952,277.82892881395196,-27.298310098705358
2021-07-28,439.6799926757813,438.8299865722656,18.309999465942383,14.81999969482422,61.27091422317285,-264.618878647137,-14.022685303153246,163.94844832437875,-115.24134221214803,118.68368880298536,206.59158669522623,-79.40805513928694,137.75441815475213,208.58279954984724,-55.80989030570953,138.65940397386706,208.60855536434386,-54.72357357707287
2021-07-29,439.8200073242187,440.6499938964844,17.700000762939453,13.649999618530272,60.75214469166559,-51.876953150726024,-125.37499991650787,201.4074757551551,-52.04626121819687,-60.238601529594085,233.35240793736983,87.78156920739012,-44.93857230300906,234.30916099471557,104.43284148132078,-44.45388256216696,234.31553031301644,104.90491417920173
2021-07-30,437.9100036621094,438.510009765625,18.239999771118164,14.359999656677246,60.745153366221246,-0.699132544434633,-123.72258112774539,223.39154661023065,-70.01964579745847,-36.77582856557458,260.9995838570211,70.48734703015789,-17.8342361146272,262.4617826365776,89.1684809929618,-17.042314827464743,262.47647180353846,89.83879670243391
2021-08-02,440.3399963378906,437.5899963378906,19.459999084472656,16.209999084472656,62.819748810510134,207.45954442888888,126.4146079810115,55.3796170509681,-132.94394177180342,291.79094952504875,112.18861787291434,-236.15700233670483,325.5216775865663,116.37228180108211,-212.96546841698253,328.2975077504347,116.48554296037571,-211.5564959428438
2021-08-03,438.44000244140625,441.1499938964844,18.040000915527344,13.68000030517578,61.296281715422325,-152.34670950878098,-105.7836281316802,-47.517180443320605,178.21407151733462,-265.11766795807694,-14.64519993921247,293.69513335215305,-243.8260244109368,-13.580997487470123,305.2839808429601,-243.03075105659568,-13.572486953631088,305.552926867894
2021-08-04,439.7799987792969,438.9800109863281,17.969999313354492,13.619999885559082,59.87847534660608,-141.7806368816244,-24.610223385783957,164.0876845462909,-115.7175735395951,103.73905969828375,195.80628972897276,-76.44210215835578,118.57441192289134,196.74335964798885,-59.55277722488186,119.03315433971649,196.74943162338855,-59.07444118391869
2021-08-05,440.2200012207031,441.760009765625,17.280000686645508,13.25,59.77868958500079,-9.978576160528974,-111.36114677255941,85.61686924640347,46.78832604625958,-143.3666563943957,114.61963532827005,167.77421397566047,-126.14977781748921,115.38314438943112,179.56450189673913,-125.63245391494286,115.38754480554972,179.81069272494432
2021-08-06,442.1000061035156,442.489990234375,16.149999618530273,10.960000038146973,57.73317176242189,-204.55178225789012,-105.13384413611077,179.1806391608592,-69.00364348985849,-31.250324962897057,192.1825082575099,38.98325233944255,-23.720397533477055,192.27228409916552,44.45525910968164,-23.65994055306324,192.27234920217387,44.48457797612766
2021-08-09,442.4599914550781,442.1300048828125,16.719999313354492,12.75,58.429269565842304,69.60978034204146,-101.7818952482963,244.01197473964018,-123.87758619248041,37.10275510225578,270.3231856002626,-15.549963517690133,54.65490904866621,270.92348388596486,-6.78808367793293,55.1206262690483,270.9263068115101,-6.653499881498101
2021-08-10,442.6099853515625,442.6799926757813,16.790000915527344,13.229999542236328,58.80485787822458,37.5588312382277,-99.67889232991,230.69075071848707,-109.50140646835813,19.91113685929038,260.15992020047463,4.965164234564837,32.23268222962765,260.92576937411087,22.116747275957827,32.54999205669511,260.92972830385366,22.56529051928673
2021-08-11,443.8200073242187,443.7799987792969,16.170000076293945,11.6899995803833,58.11141013681342,-69.34477414111626,-97.86968138090774,218.41564751762022,-110.77289012569295,18.724848452852495,236.14744109040302,-6.1495413618297,27.126295060926765,236.3496721704063,3.1811052185180677,27.228859176038057,236.3499717860456,3.2807722421862606
2021-08-12,443.6199951171875,445.1099853515625,15.59000015258789,11.539999961853027,57.7242378726812,-38.717226413221795,-127.05992224070545,127.821157935184,8.266778742818895,-131.05336460743865,144.8078899342433,142.85789247175646,-124.20706777914525,144.98440336126376,152.99854174991444,-124.13706728460376,144.98461746865576,153.10505471158126
2021-08-13,445.5899963378906,445.9200134277344,15.449999809265137,11.210000038146973,57.89825266975953,17.401479707832834,-119.20884007856088,226.622254855382,-100.11063724119406,-15.76272496752111,241.88374995277377,25.79684620061975,-9.829887404275192,242.01509365024546,35.125620496323755,-9.780608445085834,242.0152104118034,35.207685244814236
2021-08-16,444.5299987792969,446.9700012207031,16.1200008392334,13.06999969482422,59.57936195659251,168.1109286832978,-134.2199356286842,64.7264813247247,90.37365360182682,-215.44824713044576,93.56539818435178,239.6484530034634,-204.0688967310782,94.28540475950207,257.1114694009567,-203.7962451922689,94.28885469673588,257.5588274159924
2021-08-17,444.239990234375,444.0400085449219,17.90999984741211,16.290000915527344,61.25520515809576,167.58432015032554,-117.22707717078347,294.3862742157652,-126.3307601055737,41.662194404761955,353.17342871693967,16.30394243243607,75.26395965867712,357.7111286147297,41.62020703425842,78.12971737905465,357.84200396929265,43.293570449067325
2021-08-18,442.9599914550781,439.1799926757813,21.56999969482422,23.1200008392334,66.71062788915005,545.5422731054284,266.250033139563,-31.94572069068935,-113.93665485719994,456.2806165488617,96.38065446274878,-303.9879043597792,522.8872142808552,125.70570906015763,-238.20220166516455,538.4071991741555,129.77163433332757,-224.0586970927285
2021-08-19,436.2699890136719,439.8599853515625,21.670000076293945,21.239999771118164,67.14442187644084,43.37939872907981,-115.00816640792807,-49.669467893011564,263.1708998230397,-314.4172684358336,56.7825151908586,434.51273206744037,-255.07614248289292,75.78471330036533,483.4855918993013,-243.78369278979753,77.64671600129674,491.2953840063176
2021-08-20,440.2300109863281,443.3599853515625,18.559999465942383,15.100000381469728,61.92963146695841,-521.4790409482432,-115.85721641799542,-51.76992499041726,205.2453861960738,-296.55488963240794,-6.192962640990338,339.18438590457635,-270.1674576501812,-3.7817111564830452,358.4136304987042,-268.60568217208845,-3.7419969295552336,359.26331279758085
2021-08-23,445.1600036621094,447.260009765625,17.149999618530273,14.020000457763672,61.08849160847237,-84.1139858486045,-115.93513709972339,47.2655036267138,97.57327205485618,-194.70276992072002,84.12785977033462,227.61323718286812,-173.7239277428179,85.53468845063622,243.51086441382665,-172.82682319501632,85.5488017158759,244.02062633614239
2021-08-24,447.9700012207031,447.9700012207031,17.219999313354492,13.9399995803833,61.57417684986608,48.56852413937105,-118.671888440419,270.16122151059636,-122.7291828998242,21.054664469958407,306.88008924271963,11.685184235265636,40.1359058746199,308.2597877775904,29.33605158913666,40.915628215884574,308.2730288039997,29.936060417503874
2021-08-25,448.1700134277344,448.9100036621094,16.790000915527344,12.989999771118164,61.27548602832981,-29.86908215362689,-112.84640676177565,170.1336211144234,-36.55923540500281,-62.079281987666526,198.82031762383983,86.14704524386045,-45.444277755916595,199.5601019323888,98.2028422383255,-44.957653679593015,199.5642066491873,98.45600747037622
2021-08-26,448.6099853515625,446.260009765625,18.84000015258789,17.110000610351562,63.54264613629792,226.71601079681096,142.53128304101529,34.18399810714126,-115.57690627080018,289.839039753442,103.28109054626768,-219.46894999289609,320.7054014966629,109.91280542945731,-180.98406046877918,323.6631192887274,110.16696425766857,-177.30629058472093
2021-08-27,447.1199951171875,450.25,16.389999389648438,12.31999969482422,61.25705727687587,-228.55888594220488,-111.87566437126063,-73.79699337521936,200.72312360440296,-301.98642650584077,-50.787809955527074,320.05185890536904,-288.83961517507976,-50.37284341392169,329.9155574179615,-288.5698549239542,-50.371516990260524,330.06076448058843
2021-08-30,450.9700012207031,452.2300109863281,16.190000534057617,12.0,62.00074438842044,74.3687111544574,-116.27663100054583,124.83277961848172,4.725264625078276,-112.39639798320546,146.072910423262,128.60988562749733,-101.25004212392332,146.40498482453978,138.7044910501821,-101.05671632906132,146.40581530172636,138.8432399974646
2021-08-31,452.1300048828125,451.55999755859375,16.479999542236328,12.75,61.94332001808766,-5.742437033278236,-69.69049290558456,215.29718339114402,-126.00629850663766,69.5696866381814,242.85629293183504,-46.704219055584,85.26661679263475,243.52136853551082,-34.83872152345378,85.69459334554938,243.52468668140332,-34.60161898019802
2021-09-01,452.55999755859375,451.7999877929687,16.110000610351562,11.75,61.39256035628432,-55.075966180334035,-10.752274721290897,125.9250477243306,-102.94650410763256,97.54987977688428,146.11003418149673,-82.44362847633104,105.40964424117288,146.39001658664282,-70.11787542311396,105.51407495723176,146.39054764698238,-69.94232360483716
2021-09-02,453.3200073242187,453.19000244140625,16.40999984741211,12.729999542236328,62.77306759018535,138.0507233901028,-107.51453337128851,241.15926535488725,-113.46741356731364,21.022663901583517,269.2953013329356,2.4638652183310206,38.5726341521212,270.004512036565,13.053779864565465,39.08204608010413,270.0083609552888,13.253583189914034
2021-09-03,451.9800109863281,453.0799865722656,16.40999984741211,11.65999984741211,62.60749244733444,-16.5575142850912,-114.5794848750414,135.08397058800696,-9.490837113455106,-97.62611417503574,154.05633674928782,111.48585272927977,-87.5847577649899,154.30242670402137,120.41732421343097,-87.43933502972504,154.30288843693768,120.51799156223211
2021-09-07,452.7099914550781,451.4599914550781,18.13999938964844,15.329999923706056,64.15141065662336,154.39182092889183,23.724060606811538,137.50792607560632,-117.300576082262,163.87065788245118,189.39805423752227,-114.06848640798863,187.68983939640069,192.66881511182888,-85.93054542115635,189.22247612798625,192.73580945069475,-84.19198696700906
2021-09-08,450.8900146484375,450.9100036621094,17.959999084472656,14.75,63.36999177098588,-78.14188856374784,-116.21312302403207,275.0352148465051,-121.49120416080069,26.275718715336872,320.3248200699418,15.995420989105893,48.867568764305666,322.6650721127122,38.72925136825811,50.108577035812175,322.70114731739653,39.82865984259225
2021-09-09,450.7000122070313,448.9800109863281,18.799999237060547,16.549999237060547,63.61413598333634,24.41442123504629,72.04110730353851,101.38232435143627,-117.56555404988653,219.2076588965258,165.1989195182832,-155.2828619793287,248.67253638030886,170.66583883039203,-120.75345647538597,251.23869372249467,170.84352665127082,-117.85055745958798
2021-09-10,451.0400085449219,445.44000244140625,20.950000762939453,22.579999923706055,65.75031662161697,213.6180638280635,329.03599996283253,-150.70210338783633,-115.22259190248435,520.3070267714156,-79.63208115356723,-425.9112267185054,587.4399692254774,-50.947585773168775,-418.0602106325655,603.0129413919506,-47.03364946743618,-404.6288640768306
2021-09-13,448.6400146484375,446.5799865722656,19.3700008392334,20.200000762939453,62.85110367210794,-289.92129495090353,116.49994885207738,91.33846139154363,-113.98823810577349,283.7513776043414,193.1473510911612,-170.35974386438212,331.3625482138957,210.088812693273,-114.69219832262426,339.2581777115801,211.55863914496757,-105.58131523480967
2021-09-14,448.1199951171875,444.1700134277344,19.459999084472656,19.43000030517578,61.543372721231194,-130.77309508767456,264.1604490508157,-55.840183576592416,-123.12233556146738,440.2682242390273,37.31646389792791,-338.6553208828882,490.3713895356703,51.131437341311134,-294.57170547390194,498.2584641490932,52.16157057242004,-288.6053456539433
2021-09-15,444.6199951171875,447.8800048828125,18.18000030517578,16.200000762939453,61.14607822985009,-39.72944913811034,-132.33583372720662,9.898398082296803,172.54472856031606,-279.51323822157394,67.96440855946669,336.5366463539552,-253.81254483042693,72.2805237764418,369.01462781414665,-251.90015418243522,72.39318815061038,371.41935202011916
2021-09-16,447.3200073242187,447.1700134277344,18.690000534057617,16.639999389648438,61.56257251763952,41.64942877894333,-115.63942777171415,286.1330225116876,-114.67899119778126,35.53647130623874,349.9063436156478,28.43124152282426,72.80424545242877,355.45945290251854,55.12878443221599,76.39927474530992,355.6514488541402,57.089519091200614
2021-09-17,444.9200134277344,441.3999938964844,20.809999465942383,19.65999984741211,62.48168279634156,91.91102787020355,237.7989786524905,-32.16177339832493,-119.56143153372062,408.58740049953775,61.87271788388295,-305.83158063751966,456.25603745748424,75.95276402545615,-258.40862797848536,463.66448381304394,77.00986236022905,-251.69766642257747
2021-09-20,434.8800048828125,434.0400085449219,25.709999084472656,27.700000762939453,69.58476471063236,710.3081914290797,-12.081063079847018,274.50714617289793,-104.54584501800747,197.86284515789382,440.3461018097072,15.426553538531154,285.34882566937705,493.1552624310887,105.52156321016069,312.8609201765074,504.8972969773922,132.6212624547047
2021-09-21,436.5299987792969,433.6300048828125,24.36000061035156,25.1299991607666,66.20234812183338,-338.2416588798975,220.14836722880167,22.39156187727749,-105.85839702700925,410.2875480933817,167.0318115181075,-232.46711020239783,479.74637014458614,205.5707173300215,-150.6762281016724,497.65140109540556,212.18017184112128,-129.32611504857977
2021-09-22,436.0499877929687,437.8599853515625,20.8700008392334,19.459999084472656,60.235093525712,-596.7254596121379,-120.68091561803965,137.2740763175411,63.307872093016975,-135.34810769281515,225.13382667182105,229.84480676353732,-89.03704033044458,237.1294929500248,272.18486975485354,-82.34282966405948,237.92087294943167,277.5114410636294
2021-09-23,439.8500061035156,443.1799926757813,18.6299991607666,17.079999923706055,58.348813228679006,-188.62802970329966,-126.51067298105254,-13.694405563389386,197.114927275208,-291.732627936079,51.17416072914247,356.95776348835005,-259.85829228304505,56.88944755064747,390.14767263248757,-256.9233945445908,57.08512605528722,392.93063376171904
2021-09-24,441.44000244140625,443.9100036621094,17.75,15.239999771118164,56.99950728081488,-134.93059478641243,-110.50143507510565,-4.043914139253621,154.60127378041653,-236.99185408259356,43.97072798857298,282.41415491233676,-206.9968080066043,46.73710425225892,300.4861071374217,-205.03526350302369,46.789460425506554,301.2912676109903
2021-09-27,442.80999755859375,442.6400146484375,18.760000228881836,16.959999084472656,57.849775992559245,85.02687117443628,-91.4087858990267,268.29710022342783,-120.0026224168549,60.027073620103245,333.1415096927342,5.162278804906409,91.38310334195995,338.8451702101976,38.84493172838261,94.24537495447288,339.0394433862241,41.68884383601827
2021-09-28,439.69000244140625,433.7200012207031,23.25,24.559999465942383,62.751531759944726,490.1755767385481,255.86726590602424,-142.81449982252818,-108.3193500317517,446.9624710854641,-130.12236620902374,-403.42574538016225,516.5109375041081,-93.91905655546618,-454.3601591637986,534.1479644885186,-87.99713753396291,-435.18777612675115
2021-09-29,435.19000244140625,434.4500122070313,22.559999465942383,21.790000915527344,61.40736396672284,-134.41677932218852,-60.59718465432271,284.5331024964945,-120.5735236824051,126.22411732724794,395.8542142180327,0.8271608313346746,186.99016308772494,416.94309821684857,53.628297405316495,199.13390851038784,419.18916882976924,62.707452733167365
2021-09-30,436.0199890136719,429.1400146484375,23.13999938964844,23.030000686645508,60.43438962704303,-97.29743396798085,198.11693952433697,-152.60561467371653,-115.58664187145988,387.1191313246351,-214.7222141327845,-427.56322568502657,452.1576699258595,-187.69099147233652,-551.2060421135022,466.762048111154,-184.17866984051977,-538.5097791480474
2021-10-01,430.9800109863281,434.239990234375,21.100000381469727,19.770000457763672,57.90528014343204,-252.91094836109949,-121.89581696333482,-0.10616673985490488,202.70676426466972,-276.26277827332024,88.55733138338663,371.81197740244795,-230.5373005477388,100.80174995103438,415.5691656576401,-223.9056544941816,101.62091780856642,421.20831157275404
2021-10-04,433.0,428.6400146484375,22.959999084472656,23.040000915527344,59.278432229749654,137.31520863176172,319.5695017213097,-89.48543658448821,-115.62295184365895,507.2968144564173,32.93439427044438,-363.9487750325356,571.2261994852489,59.22132040116368,-302.1219572887818,585.3441356224855,62.55769231881646,-289.7048813130619
2021-10-05,430.239990234375,433.1000061035156,21.299999237060547,20.31999969482422,57.30738084558115,-197.10513841685042,-116.7623613605846,17.84834793853596,185.11162699802313,-246.85008221540105,112.00467907626626,349.85013933132456,-194.51732755663303,126.20712261621534,392.7646590338655,-186.03752161694624,127.29806583979399,398.5300118648538
2021-10-06,429.2699890136719,434.8999938964844,21.0,19.540000915527344,57.338386330648746,3.1005485067595373,-116.80115853013328,-178.30868557801588,283.0006372765842,-439.91300810408285,-182.4591748478179,441.8009852746271,-481.55908671694135,-171.0619908457086,480.02509796507525,-474.5985439615464,-170.333467498317,484.484241377545
2021-10-07,438.3900146484375,438.6600036621094,19.540000915527344,18.1299991607666,56.06154736552175,-127.68389651269985,-114.58393163102933,247.66301819289927,-65.24472288432383,-4.519609584300996,323.456099432214,83.41892161432625,40.1252229442856,331.92104778469314,114.98983434557813,45.62669044222909,332.34371180521686,117.96281418125812
2021-10-08,439.4800109863281,437.8599853515625,18.770000457763672,16.739999771118164,54.017386987596865,-204.41603779248823,2.227484998803211,187.737565134935,-135.57899988998693,175.17633476397634,250.08233294044783,-112.91387389968773,213.64168416447623,255.35874356098512,-88.85810664153377,217.29762130011315,255.53509241412618,-87.23528471697215
2021-10-11,437.1600036621094,434.69000244140625,20.0,19.75,54.53912566095413,52.17386733572624,112.64202747937142,94.92518872211483,-124.0509213179955,289.0076407537364,186.4002011673813,-189.65376516299665,338.7831783560316,199.63778187463035,-146.99981567100224,346.47573520210835,200.59225652365348,-141.42055376754072
2021-10-12,435.6700134277344,433.6199951171875,19.850000381469727,19.40999984741211,53.61223876883747,-92.68868921166558,110.31806030425811,85.06570343696146,-115.8894188732429,270.13416612268657,172.51876586669962,-176.26362807989508,310.84551104039355,184.2949590415145,-128.77274659832773,316.36551173347124,185.04412301105066,-122.49451857637645
2021-10-13,434.7099914550781,435.1799926757813,18.63999938964844,17.450000762939453,51.811745819268026,-180.04929495694455,-129.57470493558586,288.07822593613497,-99.69813033055718,1.5670485944026225,354.8423341678913,65.94862475279822,32.577753601124364,360.9526168451001,101.92148732888933,35.471915061244694,361.1720761961567,105.14063581379664
2021-10-14,439.0799865722656,442.5,16.860000610351562,14.800000190734863,52.47959079694178,66.78449776737523,-119.49749258383086,-69.9027870893506,223.53857651367494,-321.9853980278904,-27.805772687087128,360.68619065041304,-299.03026896764504,-25.843276905057856,379.85449260295474,-297.8505615589383,-25.816860294534358,380.6373847847568
2021-10-15,444.75,445.8699951171875,16.299999237060547,13.239999771118164,53.610815466220544,113.12246692787653,-127.11885879757958,176.15916800071253,-27.18652214153334,-88.52939732082412,205.97167262408075,113.77960797667814,-74.86268400303403,206.76809621833513,129.92979403505726,-74.4838110594655,206.77249097113608,130.34734961506257
2021-10-18,443.9700012207031,447.19000244140625,16.309999465942383,13.90999984741211,54.21949350660857,60.86780403880283,-121.39379445524077,-47.77662000919813,196.52884511627667,-301.70204190613987,-12.459471795600294,332.9095578749874,-283.3398544407071,-11.210386478590426,349.8754574684065,-282.63220563820624,-11.199447633336332,350.4169178902266
2021-10-19,448.9200134277344,450.6400146484375,15.699999809265137,13.34000015258789,55.665519997384045,144.60264907754734,-122.02339272152437,101.84726223090442,43.82740751448464,-152.08144337396956,133.45725681653343,179.26929729206174,-136.05321665757376,134.39383371076093,194.857281623094,-135.53933203016007,134.40005017256004,195.27998318120783
2021-10-20,451.1300048828125,452.4100036621094,15.489999771118164,12.6899995803833,56.60248951882053,93.69695214364882,-113.38125707032117,117.07036557172577,15.184423155624474,-115.72316050632027,143.90261479051642,137.8171773675378,-100.42077884753759,144.5230999947049,149.34994626035197,-100.0204725600492,144.52600132751112,149.57012797927607
2021-10-21,451.7699890136719,453.5899963378906,15.010000228881836,11.8100004196167,56.81360060101692,21.111108219638908,-122.96315934646495,86.55879982114881,48.51744273115928,-164.81194999806146,106.63060058874672,179.80589178147397,-155.60961076506388,106.91145916631609,190.67591975147326,-155.47466549778105,106.91202560171507,190.82183322601674
2021-10-22,453.1300048828125,453.1199951171875,15.43000030517578,11.979999542236328,56.885828847879914,7.222824686299134,-110.72143499764346,236.62339724907432,-112.1783758309932,11.395513384468783,258.3057012312806,5.283131677761668,23.89218963743811,258.6607598730734,14.469738431021709,24.12578278204156,258.66173889709654,14.591204394930982
2021-10-25,454.2799987792969,455.5499877929687,15.239999771118164,13.09000015258789,58.2762810325948,139.04521847148885,-110.24925019500681,110.22937709477424,23.380780304170102,-116.99661668461482,141.54900186046694,143.89036558772767,-97.96791831896165,142.48184355964221,156.18778996346902,-97.3203797179486,142.48834153534412,156.473103793167
2021-10-26,457.2000122070313,455.9599914550781,15.979999542236328,14.329999923706056,59.38216926503231,110.58882324375077,-12.195825618422093,177.70365105316122,-130.01835301990374,140.83942988573196,221.151841029761,-100.61507908086088,165.77609015479726,223.2867194197967,-82.07219805343408,167.1433303667351,223.31807073968903,-81.30442094862654
2021-10-27,456.4500122070313,453.94000244140625,16.979999542236328,15.15999984741211,59.05549402105249,-32.667524397982106,95.00375668092718,85.68444947572863,-136.33354655038696,262.1985331128622,137.9978266437597,-211.82241307662085,294.73704254619935,141.41928707373233,-191.9695489642731,297.141247020665,141.497283451386,-190.95166896584672
2021-10-28,455.4599914550781,458.3200073242187,16.530000686645508,14.3100004196167,61.684874841164486,262.93808201119975,-108.76271458577317,-50.23881462886701,194.62303666102795,-277.7748727721566,-6.658589620720543,318.16773007579536,-250.0770772170805,-4.4872397634694945,334.0832277514179,-248.50373085454189,-4.454171540917315,334.6813860940512
2021-10-29,455.8699951171875,459.25,16.260000228881836,13.670000076293944,62.010191966215466,32.53171250509794,-124.61605051673034,-52.14728879260273,205.26389443414288,-313.9286446515132,-15.68801610603707,346.3771811408297,-295.9327495005202,-14.340034741530358,364.8530217893059,-295.22439852060063,-14.327571628626876,365.4926808047908
2021-11-01,460.2999877929687,460.0400085449219,16.40999984741211,15.020000457763672,62.53883039289303,52.8638426677567,-114.82808495845302,287.0162551344865,-128.5061105580125,42.57610230702278,338.6570323142768,7.0042647449496425,73.04707552078804,341.95533974822825,28.246095144085338,75.22158635507148,342.0273661813389,29.370433555992005
2021-11-02,460.2200012207031,461.8999938964844,16.030000686645508,14.739999771118164,63.54901672084685,101.01863279538179,-116.50622466819463,97.63855127900561,59.44890704022521,-149.73490290204083,146.1785024918019,195.73585856669746,-121.83915205907924,148.99822450542234,216.43327593101966,-120.03718494590638,149.0514414999099,217.45135957530886
2021-11-03,461.2999877929687,464.7200012207031,15.100000381469728,13.100000381469728,64.97348369567031,142.446697482346,-110.30832337209527,-103.88343148534426,239.4889219873229,-331.8481350374285,-70.62754679370153,360.8337338098648,-311.54854190441756,-69.53911515114856,373.7987692582311,-310.7906422068742,-69.53037126141393,374.1293186321704
2021-11-04,465.3599853515625,466.9100036621094,15.4399995803833,13.039999961853027,67.06500421535935,209.15205196890412,-108.62977556098052,78.10837066857735,56.51784777194482,-146.26661311425232,112.06353110987342,176.01358351179755,-125.03156353523936,113.214058627877,188.7434633526376,-124.20802822030217,113.22382760643393,189.0704764872942
2021-11-05,469.2799987792969,468.5299987792969,16.479999542236328,13.149999618530272,69.25583848244605,219.08342670867,-64.75543551331377,224.67707658265076,-132.13739600515117,86.63266138729345,260.42003920861225,-54.941759779749,108.1508764359329,261.726695751971,-40.70464464843211,109.04314107416927,261.7390633059658,-40.29022215411289
2021-11-08,469.7000122070313,468.9299926757813,17.219999313354492,14.43000030517578,70.00986047360668,75.40219911606272,-23.442765176735247,180.55469993799028,-116.78424201050889,114.10065933560654,228.84111025050433,-68.4430349779154,136.09680642119926,231.57104185744933,-42.105421829661104,137.36141994388748,231.61839177878227,-40.63985949315339
2021-11-09,469.3200073242187,467.3800048828125,17.780000686645508,15.1899995803833,69.17825705460808,-83.1603418998597,47.107949786110545,134.14300466853211,-132.64972229104492,211.85787646724526,190.70295439389494,-156.5240773309123,245.2479033889088,194.83552136663016,-133.24402643014787,247.96381148753665,194.9456494636953,-131.8262917285269
2021-11-10,465.5799865722656,463.6199951171875,18.729999542236328,15.949999809265137,67.12204566639491,-205.62113882131712,105.29823175454494,64.95957152390906,-114.89087506481309,248.18382860389272,128.28521729931077,-184.87003870930644,275.9190358325967,133.6320789802562,-149.11088287448078,278.23772231534645,133.80079626838412,-146.0807899597886
2021-11-11,465.2099914550781,463.7699890136719,17.65999984741211,14.300000190734863,65.95088459987667,-117.11610665182377,6.723235596541091,161.3247171089572,-130.3578668728313,161.49710991765582,206.97352050339356,-118.78987732638545,187.73267411267074,209.3906672619969,-99.33695282865857,189.27973325686142,209.4303525603023,-98.46666172314623
2021-11-12,465.1199951171875,467.2699890136719,16.290000915527344,11.989999771118164,67.45074298539743,149.98583855207528,-112.37766823404894,26.40695660977064,102.19968783202108,-203.29089199729813,50.594650379268536,222.59260378727353,-189.49187621136812,51.067385961501245,232.98298493613368,-189.18634358926366,51.06908912679342,233.15018904987363
2021-11-15,468.6400146484375,467.4299926757813,16.489999771118164,12.199999809265137,67.51001938322118,5.927639782375138,27.09389542431635,101.3247066706544,-109.54821559821114,145.69810594395145,128.15381072917907,-123.6271023357757,157.0881163143416,128.75442784059518,-108.18553966468737,157.34210409666235,128.7568968235491,-107.83890855499465
2021-11-16,467.1499938964844,469.2799987792969,16.3700008392334,11.9399995803833,68.92216127565132,141.21418924301423,-111.34631962786156,25.516712355529215,102.12761887536155,-201.92924473548237,49.77344152032137,221.30443635549744,-187.86736934516207,50.25062153730728,231.50103253622,-187.5527478701738,50.25236394355803,231.663592281165
2021-11-17,469.0,468.1400146484375,17.110000610351562,11.510000228881836,68.47283089171859,-44.93303839327325,-28.95613432719115,161.40662728906568,-119.37279868280514,99.12709719967044,182.44303912989872,-83.12504402341193,110.38622862674251,182.7673980270878,-73.34696756935506,110.57970082423151,182.7681940673837,-73.21608055215727
2021-11-18,469.239990234375,469.7300109863281,17.59000015258789,12.43000030517578,70.14517904035347,167.23481486348817,-110.53074162359941,188.70415768877925,-57.073853013626355,-38.46141961362381,217.7624383020957,62.9280434556806,-21.02801398184788,218.52949909259902,74.55734232396816,-20.503254771958023,218.53392297934613,74.79964954686514
2021-11-19,469.6099853515625,468.8900146484375,17.90999984741211,12.449999809265137,69.63609257679367,-50.90864635597967,-20.463637100166498,151.3932478697331,-109.59974754519345,99.15710120552752,180.68182865586564,-74.47285115996502,111.41658089685852,181.43621547705504,-57.43990482491734,111.72802873344797,181.44006071730112,-56.9969621568599
2021-11-22,470.8900146484375,467.5700073242187,19.170000076293945,16.059999465942383,69.48626485641051,-14.982772038315773,217.63010094914355,-37.66824207022703,-121.9107705549531,372.61501459326155,28.341563815493643,-305.99167323193365,405.6124420139173,34.313816852858174,-272.76629340592524,408.74093081812515,34.52681821380177,-269.9195766043872
2021-11-23,467.2200012207031,468.19000244140625,19.3799991607666,16.350000381469727,70.0950332782464,60.87684218358902,-117.9758342057725,188.10088872989502,-9.993258294417037,-69.90947233751089,256.1914025213698,139.1386139059368,-31.58547084045813,262.68874786009025,169.16040627012183,-27.593110675879927,262.94402792985323,171.66952538747722
2021-11-24,466.05999755859375,469.44000244140625,18.579999923706055,14.81999969482422,70.23952634661211,14.449306836570486,-121.03044043374479,-53.575088181762375,217.65624459583515,-312.659381101559,-2.565654639675705,361.4830498542833,-285.25122087839264,0.607298132720604,385.1498342949387,-283.39830947771526,0.672809254455744,386.47032445087723
2021-11-26,462.3399963378906,458.9700012207031,28.6200008392334,30.600000381469727,75.94124991613278,570.1723569520666,207.5123317816196,85.27154635846549,-97.65922498182286,447.54900820053183,288.3549170784878,-166.6150838231257,566.2037584660425,371.56418829763174,-55.73491502530781,614.3557408190179,398.015736640938,-14.199669000693424
2021-11-29,464.0700073242187,464.6000061035156,22.959999084472656,21.43000030517578,70.79765814004716,-514.3591776085614,-115.48410150740695,286.0846815166791,-56.820867890876436,13.796015121103158,407.8231111968378,128.54882365673308,78.47565708377766,433.7882378562783,188.87460825041617,92.73446125083672,437.05523473247723,200.82120641491858
2021-11-30,462.0,455.55999755859375,27.190000534057617,28.3799991607666,70.91409389217645,11.643575212929136,253.94854913485537,-119.85834467439142,-100.53855183059036,478.24181772207726,-78.34797448275489,-374.094747628584,580.320585511918,-10.352557019135153,-416.2065937672148,617.0778362718887,8.10399444043817,-381.2951125604478
2021-12-01,461.6400146484375,450.5,31.1200008392334,33.93000030517578,74.55592138322882,364.1827491052368,-92.53952806456633,-101.49253444682424,-87.68150646770928,5.256226683635015,-375.2473858641612,-329.1893824580246,133.53177226998855,-420.0669726594509,-691.5371391847536,189.84504626928816,-380.3843323824895,-780.6400621547402
2021-12-02,450.7300109863281,457.3999938964844,27.950000762939453,28.040000915527344,72.82486527628598,-173.10561069428445,-106.23561063404489,-123.8477965080211,259.3005997360915,-391.5548125417651,-86.67188635223548,484.63567367093333,-438.78856450827146,-25.408217817092748,584.3262655133857,-407.7135622240851,-10.127288096932327,617.2293233411767
2021-12-03,459.1700134277344,453.4200134277344,30.670000076293945,31.700000762939453,74.8499434316742,202.5078155388229,347.21741178795924,-108.84040514871921,-94.8487571446652,589.1954109876884,42.646561907629966,-354.0304193189727,710.3869951309853,131.6833040817709,-293.9855334408185,760.7466268586498,161.4328070468728,-247.55611976157505
2021-12-06,456.1300048828125,458.7900085449219,27.18000030517578,27.290000915527344,71.73949273511312,-311.0450696561088,-104.11374939619728,95.27390107870238,174.30855400207327,-164.18124235316276,268.70132432503794,390.7527387716083,-68.2765910203103,327.2041150589052,482.4243287012281,-35.9398289317401,341.35293307504185,511.0221663924011
2021-12-07,464.4100036621094,468.2799987792969,21.88999938964844,20.829999923706055,71.22251225247234,-51.698048264077556,-111.69088804849105,-85.45719637318322,305.29981062435456,-344.7704325752483,30.6532473912714,478.8551406259623,-278.0610819765401,53.98622923930512,530.9722019194702,-263.7535580363311,56.70219736706661,540.1803652488377
2021-12-08,468.7000122070313,469.5199890136719,19.899999618530273,17.5,70.10813054048646,-111.43817119858852,-127.87071166138234,266.350338458896,-65.08896012048864,-22.38395729548339,347.69972269768397,108.27158111788683,15.743044221355065,357.59667984306236,152.03641859111173,20.429822951722777,358.13913459433775,157.25967627029414
2021-12-09,468.1499938964844,466.3500061035156,21.579999923706055,20.489999771118164,69.15931305699243,-94.88174834940253,49.34517085455139,176.13083222769424,-119.63199574918983,236.60242184386354,289.9335571225158,-105.96417164409414,298.1765342214826,312.1277999892294,-51.27599057392349,310.74899101751697,314.58736854219757,-41.500434677621655
2021-12-10,469.2300109863281,470.739990234375,18.690000534057617,15.699999809265137,69.90517065116364,74.58575941712127,-117.5171807291327,127.28813389944412,44.04647697916333,-127.26309585747028,189.06428161069104,188.80234206024207,-92.1610088890657,194.18609766398805,215.64009946406244,-88.96386870359586,194.34979432496613,217.56679696729594
2021-12-13,470.19000244140625,466.5700073242187,20.309999465942383,18.540000915527344,67.56322752964408,-234.1943121519563,225.52309989319656,-15.608106512900497,-124.37370994843918,403.97137627972916,77.8918944807179,-301.8798247436077,455.30230859081615,91.84216258498256,-258.6597643982503,463.472716453361,92.89315424780858,-252.84009879464577
2021-12-14,463.0899963378906,463.3599853515625,21.88999938964844,21.020000457763672,66.60305608417629,-96.01714454677932,-116.02240289389806,307.14831916252297,-82.10075678124797,35.29571179072375,424.1321962116657,99.9899044465315,97.68256930162272,447.7926529615441,157.3463495012156,110.79452092385445,450.5520784779843,168.07886335734474
2021-12-15,463.4200134277344,470.6000061035156,19.290000915527344,16.780000686645508,69.77193618718614,316.88801030098546,-113.70591084383338,-189.6438533572141,107.26903339839743,-438.26086824408435,-377.7658665980942,252.22571499318238,-655.3028984739852,-370.32028904634603,281.47855428985855,-650.3747844331672,-369.9874667386906,284.0024653002411
2021-12-16,472.5700073242187,466.4500122070313,20.56999969482422,18.760000228881836,67.37306018696046,-239.8876000225684,217.58085122413533,-169.73967585262992,-113.458239703985,380.46574058896937,-227.39802262334658,-428.27382243882545,424.8033791879226,-212.189040140723,-529.0696498452701,431.63132925349595,-210.9888821774977,-520.6420529012255
2021-12-17,461.5499877929687,459.8699951171875,21.56999969482422,19.350000381469727,63.27147833508015,-410.15818518803115,85.51957765753676,118.38453595822605,-112.92054828453877,248.7056313306323,217.32681885122156,-139.3151469375683,293.5484056870707,233.1337379130615,-83.92772211018402,300.59171811643523,234.42165420388878,-75.11200725165061
2021-12-20,454.4800109863281,454.9800109863281,22.8700008392334,22.209999084472656,60.984824826187875,-228.66535088922717,-109.60909791756458,250.40831787983498,-23.05874610935812,-6.649251350894245,376.10750929451586,155.08307642057994,66.35186141732754,404.20086051128936,211.59363590950528,83.7188147950158,408.0133413537554,222.63366073973623
2021-12-21,458.6099853515625,463.05999755859375,21.010000228881836,18.829999923706055,64.54927117030026,356.4446344112383,-127.87314951466408,-79.6873531658168,291.42710471690975,-373.1492800523476,12.137966432369376,472.8474571543476,-331.0552524743587,25.369541497940485,523.5067048420523,-325.0251748512218,26.297497165447826,530.7390780895889
2021-12-22,462.7900085449219,467.69000244140625,18.6299991607666,14.760000228881836,66.11842669174175,156.91555214414876,-128.0897834499011,-180.31792539329922,349.77454364456804,-455.6105083343905,-130.992373030165,502.46668171127,-432.11425307937145,-128.10303445465323,528.3492947457974,-430.6853973468581,-128.04971852824096,529.8100813132371
2021-12-23,468.75,470.6000061035156,17.959999084472656,13.710000038146973,68.09342482599234,197.49981342505976,-128.66977807051524,118.37645522547467,42.94663848621665,-154.5356002683293,158.98848842841298,191.5541663512134,-135.68661398532714,160.75373887012108,213.3378144387664,-134.841995722557,160.77434003773783,214.2585095258796
2021-12-27,472.05999755859375,477.260009765625,17.68000030517578,14.479999542236328,73.61980127717926,552.637645118692,-120.84644504916363,-211.3224690860431,347.62462671285033,-469.3669367406121,-187.9080389466287,490.3537095956216,-468.7806836806913,-184.97697866926273,513.2382255318267,-467.0652863679156,-184.9206398125512,514.4542390728881
2021-12-28,477.7200012207031,476.8699951171875,17.540000915527344,14.399999618530272,73.12245172843363,-49.734954874563186,-16.871949556053888,176.9979549976032,-117.58353210034481,122.91499188634994,227.49914590056565,-74.71456546515266,146.20705645928982,230.5570989805585,-47.446479443247135,147.64621732296933,230.61605867244148,-45.82733585735037
2021-12-29,476.9800109863281,477.4800109863281,16.950000762939453,12.850000381469728,73.37535295808044,25.29012296468096,-120.65554774256638,221.90856013788112,-74.81939477035128,-30.00739041882181,256.3008953246068,60.2081937596332,-11.997921278229315,257.4680810404547,76.60063902776153,-11.332596207034593,257.47766026244983,77.1025186860486
2021-12-30,477.9299926757813,476.1600036621094,17.329999923706055,13.859999656677246,72.2263466888936,-114.90062691868417,60.12181816303317,99.32813148972775,-122.70117171394946,203.9213013557517,144.03562699031139,-162.30379297757827,226.67681705295297,146.3043574296733,-140.3177124535775,227.91054845300928,146.33845815029173,-139.28256301436443
2021-12-31,475.6400146484375,474.9599914550781,17.219999313354492,13.260000228881836,70.99616384928002,-123.01828396135761,-27.68409594417924,171.4559376207891,-113.40966891121147,100.569911507044,209.77682794795402,-66.09311701387855,117.24552369938398,211.29144967572108,-44.432753226037235,117.90426097411435,211.3065353287374,-43.576832513626336
2022-01-03,476.2999877929687,477.7099914550781,16.600000381469727,13.520000457763672,73.12386307360454,212.7699224324516,-112.71614184791733,108.06823686373227,38.03070494387819,-127.99201520266462,149.40975438519544,165.8646938035308,-103.16180451753489,151.2996330263685,182.40103007309798,-101.88131973102294,151.32466245960225,183.01052058607306
2022-01-04,479.2200012207031,477.5499877929687,16.90999984741211,13.880000114440918,73.00527332490853,-11.858974869601013,29.084074944767814,139.3338843562592,-130.71867612227248,184.33857742902464,184.99188509678024,-141.62095000592754,210.70046297814417,187.41022934112286,-122.2851440241759,212.25529157036786,187.44992013147302,-121.4214255860612
2022-01-05,477.1600036621094,468.3800048828125,19.729999542236328,18.06999969482422,66.07728969693898,-692.7983627969553,19.828141716120285,-174.26248725020238,-124.30735657588025,196.3516227358598,-445.0454717984075,-459.34951878290514,246.05732477744107,-431.9016657354905,-778.8979973294896,253.68579030496105,-430.96145769228855,-773.349456609885
2022-01-06,467.8900146484375,467.94000244140625,19.61000061035156,17.059999465942383,65.51673555854009,-56.0554138398885,-118.71357359212881,307.9040000149415,-121.24052211560274,41.69020248831641,383.8126218839173,37.26012473251685,79.68423235209661,392.2130447975406,75.57854680966736,84.06795412015951,392.6168748694955,79.60356329921268
2022-01-07,467.9500122070313,466.0899963378906,18.760000228881836,15.399999618530272,63.27195675860354,-224.47787999365545,66.87066233969617,106.44989466801852,-123.54262788748109,219.21323088251165,164.18654135002643,-162.53461770418164,248.77759138641468,168.48722540812278,-134.2470585222947,251.1193257270123,168.60249841190495,-132.28700702205583
2022-01-10,462.7000122070313,465.510009765625,19.399999618530273,17.90999984741211,62.886249717996265,-38.57070406072722,-127.6109539939471,68.92563336629073,134.08950249311306,-220.02415140415093,152.2885327935146,308.52789689518016,-180.89981240422733,162.78809641908722,353.37225363861023,-175.92118613567635,163.39389273521698,358.908838609591
2022-01-11,465.2300109863281,469.75,18.40999984741211,16.59000015258789,65.91234636710058,302.6096649104318,-117.78850710149406,-166.2459374099637,346.0426961489515,-424.4798911966101,-96.27896821070482,496.03221809601695,-385.0345636359157,-89.3348929487917,526.8430710463734,-380.76239015379065,-89.0456816369997,529.5200333720041
2022-01-12,471.5899963378906,471.0199890136719,17.6200008392334,14.68000030517578,66.60843179045256,69.6085423351974,-35.29621613018341,193.42631187479532,-114.31230562195937,100.5636852290971,245.20281955921578,-50.90564329186906,122.9730952756438,248.44307137379133,-21.47355568352822,124.36113927450066,248.50806134425832,-19.62094734462456
2022-01-13,472.19000244140625,464.5299987792969,20.309999465942383,18.790000915527344,62.35861351419886,-424.9818276253699,135.88516579649726,-170.00747029316054,-123.6861364253283,316.1026628164985,-319.8571936533849,-456.0296037097799,369.37115972904144,-304.5756936246747,-657.9049967446614,378.28434115604074,-303.3328663867889,-651.484679492096
2022-01-14,461.19000244140625,464.7200012207031,19.190000534057617,17.309999465942383,71.13231419130827,874.770067710941,-118.59307473536572,-57.995450676340376,244.76199098169235,-320.5935391323172,18.136732455414496,399.8833751644234,-278.4317762571962,26.65310291753451,434.2757582193003,-273.32948070526817,27.07506571577756,437.69908693688745
2022-01-18,459.739990234375,456.489990234375,22.790000915527344,24.170000076293945,81.86631734006988,1073.4003148761617,237.09128473520698,9.756532821921462,-107.60267978600348,433.2835325668682,156.96038815481364,-251.23810266212737,507.4441874395355,197.16068028842952,-171.0276775110689,527.406067351461,204.32790497926314,-149.9674890786472
2022-01-19,458.1300048828125,451.75,23.850000381469727,23.959999084472656,84.81285169505719,294.6534354987307,264.44873846813476,-140.92580098713407,-112.26646796277501,466.90915741428154,-121.7106139071298,-414.58998302666294,545.1070973835047,-83.24790903773682,-466.90231088813425,566.4185600855109,-76.57748400998933,-449.005231888458
2022-01-20,453.75,446.75,25.59000015258789,26.729999542236328,90.25352717058013,544.0675475522937,166.35670160487484,-128.61494333479337,-103.14464729982797,375.23271356358447,-186.05911480277265,-384.01711938605723,462.0216259707744,-132.04063159549887,-516.0465757072734,489.31238663967827,-119.83700404154584,-487.4124394137451
2022-01-21,445.55999755859375,437.9800109863281,28.850000381469727,30.86000061035156,100.80583446628455,1055.2307295704422,96.22054165406871,-114.474488633336,-94.75744248245698,321.72469109428044,-219.52716053329164,-354.59300604468854,426.0122887065101,-141.9840860219754,-540.7407701371855,464.9541174291065,-118.79158060228701,-496.936883745817
2022-01-24,432.0299987792969,439.8399963378906,29.899999618530273,35.81999969482422,104.14572739498212,333.9892928697566,-91.80179421688771,-102.79531539589365,125.89518170811508,-342.2889050008568,-163.538525738797,378.460851318891,-496.29479072578425,-61.26465151609646,509.60178539419053,-438.8701007425653,-23.386392822821044,565.7033005369677
2022-01-25,433.05999755859375,434.4700012207031,31.15999984741211,37.18000030517578,108.00733020115084,386.1602806168719,-89.19871627925497,253.93365843863867,59.29810088806098,19.79004492093528,485.9254190478491,317.9911484971374,157.20185638445886,597.0735694184771,456.36223079421995,220.53308814717596,640.8647025698729,518.2620420491596
2022-01-26,440.7200012207031,433.3800048828125,31.959999084472656,37.400001525878906,110.53675445640692,252.94242552560888,149.0714140469361,-96.80626118150607,-84.89554287475764,405.81252724202875,-121.4779336290679,-319.190068194995,544.2686962981584,-4.825084572706492,-434.7792486708983,608.6417252907443,42.71357645508169,-366.5759470020213
2022-01-27,438.260009765625,431.239990234375,30.489999771118164,33.029998779296875,105.34743522849129,-518.9319227915632,229.29067659754912,-109.39996507371072,-95.60611164247953,471.41153546328235,-77.15664763058322,-356.61925995221185,592.6814341402859,10.751027999128462,-416.53087755830467,643.030745350768,39.86599162691158,-371.4603234977521
2022-01-28,432.6799926757813,441.9500122070313,27.65999984741211,28.1299991607666,96.04774503031155,-929.9690198179746,-109.06638725555135,-128.14234648166016,2.72555482326984,-400.97679139720043,-354.6668078338332,223.7600043006342,-709.6708838091705,-300.0004160164578,318.3829178643117,-682.5018623022272,-287.5471335125772,347.8449674374333
2022-01-31,441.239990234375,449.9100036621094,24.829999923706055,25.329999923706055,86.61719211401879,-943.0552916292754,-108.64475921462892,-138.62940263516387,-3.231652106798697,-401.79283056640907,-381.17649902999386,195.02587211381586,-710.5505903340254,-340.0376435259955,268.78499044686674,-687.1255965426657,-332.4891885657309,287.410185550255
2022-02-01,450.6799926757813,452.9500122070313,21.959999084472656,21.100000381469727,76.89825443507772,-971.8937678941074,-122.77024291239302,145.1278224061223,81.77935509679698,-143.55069750640743,257.22347455841145,271.5830442274839,-89.95275538026954,278.51888668896174,332.325607049505,-79.79394466862468,280.7637394848315,343.59102062122946
2022-02-02,455.5,457.3500061035156,22.09000015258789,21.600000381469727,77.884888422599,98.66339875212873,-123.44272082210105,210.13587488231556,25.374428435288344,-84.03067721310926,330.16217493958135,223.66015137550502,-28.867644560506033,355.12406660647423,291.51189833018304,-17.72217310254167,358.1125461564897,305.5294732010395
2022-02-03,450.9500122070313,446.6000061035156,24.350000381469727,24.11000061035156,84.27341477050206,638.8526347903053,327.03456778199427,-82.1271886408102,-110.87145216461317,524.4633071246701,59.86745589752649,-350.76537006122356,598.6770197395379,96.92946598440216,-276.76950210566207,618.2150511035067,103.14440201649474,-258.5834303648403
2022-02-04,446.3500061035156,448.7000122070313,23.219999313354492,21.86000061035156,80.45484114182958,-381.8573628672482,-112.39767721522932,73.63789484873101,148.64988059624196,-188.30512303911667,191.48671064023475,324.94107828163743,-121.58477458717255,215.63256765301188,378.95730666796567,-107.06401000782294,218.52032869978055,388.7835765496733
2022-02-07,449.510009765625,447.260009765625,22.86000061035156,21.61000061035156,78.75289436937214,-170.19467724574326,149.96789331854288,69.3722328857344,-110.12546106314682,322.8582260196411,186.5456155886292,-187.45354611087743,376.61996361315437,210.13563035626245,-121.34773841165895,387.1628881221087,212.82979294609942,-108.13018336612005
2022-02-08,446.7300109863281,450.94000244140625,21.440000534057617,20.06999969482422,74.11361919945392,-463.92751699182213,-124.52034775001125,-62.353499135955225,278.2880547958818,-350.18000113124697,37.01942633572164,460.2077764977042,-302.51103575256474,53.03299379226354,513.2412247344815,-294.75153906042266,54.362481936046315,521.5511227204164
2022-02-09,455.2200012207031,457.5400085449219,19.959999084472656,18.670000076293945,69.79862210425446,-431.4997095199459,-117.43060649734326,69.62581846987737,128.23453065837,-194.65409004168663,158.0142786625444,289.88928429667624,-145.62219887638233,170.21973028662998,330.0691142403633,-138.34277907496786,171.04299120295428,335.02223291274044
2022-02-10,451.3399963378906,449.3200073242187,23.90999984741211,23.709999084472656,82.19898310929733,1240.0361005042869,58.64679527554839,187.92075885558538,-115.92494505028662,262.58800146464057,326.52208549819403,-94.17798976078748,340.68927275336586,361.6894881212,-27.975955293429354,361.3601782195391,367.39146723467474,-12.891455943218075
2022-02-11,449.4100036621094,440.4599914550781,27.36000061035156,26.84000015258789,93.12877313818754,1092.979002889021,42.5633169351517,-129.2986557655244,-108.88706097375797,262.23945364787807,-316.96233800789355,-401.9310585986537,357.6541986873624,-263.63154315453846,-672.9636404426889,388.976070971777,-251.5856977167201,-649.0485123562878
2022-02-14,439.9200134277344,439.0199890136719,28.329999923706055,27.6200008392334,95.92018240587404,279.1409267686504,-9.226145290419316,273.50305327962974,-104.4103357215665,202.66644396459108,441.3283431090366,14.064902620784794,291.99314023670894,495.5931174267686,104.89875093381701,320.5611971356157,507.9283721825118,132.54553853935434
2022-02-15,443.7300109863281,446.1000061035156,25.700000762939453,24.489999771118164,87.39141912067416,-852.8763285199886,-115.34220564174797,147.94828195515598,101.51179629957097,-132.54361693037202,290.02487212990354,306.30557097917745,-61.58367335793742,327.06895356573,383.60163813106436,-43.295448479794025,333.248374115304,403.0071268131736
2022-02-16,443.9299926757813,446.6000061035156,24.290000915527344,21.31999969482422,82.54109032905194,-485.0328791622218,-119.42611844189736,79.2398277848857,143.0174664587536,-199.5327639368223,190.02972114839486,325.745130799254,-142.91262035972824,210.81091220908465,382.08057807825253,-131.99002453674728,212.97660970166808,392.0631871958756
2022-02-17,443.2200012207031,437.05999755859375,28.11000061035156,27.690000534057617,94.71346734808145,1217.2377019029511,301.7914067031636,-127.35530533118614,-106.23180011837229,520.248109602621,-51.19228651582086,-393.3640640696812,615.3079505805914,4.887457763513739,-399.1211298206459,646.9060596869933,18.027214175154228,-372.4668462222538
2022-02-18,437.3299865722656,434.2300109863281,27.75,26.030000686645508,93.33912753082765,-137.4339817253798,170.07906648938015,86.68943473483316,-111.92940367373333,380.9797904464431,239.48724984708318,-189.57159717064906,467.0818839945007,283.4563455723972,-114.35426863196342,492.6223605858827,291.97795254689044,-94.81901550707948
2022-02-22,431.8900146484375,429.5700073242187,28.809999465942383,28.6200008392334,96.30797948337471,296.88519525470554,136.5083588737665,130.5157251067097,-103.14039310253841,350.29418743845963,302.35813354641186,-126.57838549780075,441.7292892173687,359.5902446091329,-32.60959972286381,471.7133646694045,373.15172372327686,-3.099914820804026
2022-02-23,432.6600036621094,421.9500122070313,31.020000457763672,30.709999084472656,103.52487017237772,721.6890689003009,-103.53673271237975,-118.22585531949878,-97.29982089241568,12.717829937980143,-429.3295466820244,-363.48935690970984,112.47000027409618,-463.6386647294599,-754.6455904030986,148.26007597855042,-443.93903652420704,-820.7069147225792
2022-02-24,411.0199890136719,428.2999877929687,30.31999969482422,30.040000915527344,100.93531329990398,-258.9556872473736,-105.63571388103023,-126.65673830879066,-104.14502358810546,-390.0259496263553,-455.1354965249499,-386.7807265695586,-797.0491454056628,-898.1046969429374,-524.7307307490103,-1266.2791483485137,-1114.5991386855371,-496.2122042036468
2022-02-25,429.6099853515625,437.75,27.59000015258789,26.149999618530273,91.9627599314816,-897.2553368422382,-114.65378363533782,-137.72880620684768,119.39328919703661,-419.603301656423,-262.7593892902337,331.12193507976434,-620.8113150045458,-220.85145522174338,415.0054720159049,-600.7369191591972,-213.14534855033963,437.75646029097624
2022-02-28,432.0299987792969,436.6300048828125,30.149999618530273,31.5,99.89034244516569,792.7582513684087,-99.73840709309593,-78.82115597256424,364.7090516482759,-332.76498374180454,115.28705017182011,596.7304149583963,-224.50896973557636,190.50299280579617,704.6612639982565,-183.40281114476414,212.5816497075002,743.6372714803356
2022-03-01,435.0400085449219,429.9800109863281,33.31999969482422,34.79999923706055,109.83599141556206,994.5648970396377,404.8863083530843,-104.92120208324886,-91.56677369083079,651.1340057039621,111.43584805751593,-342.6827599469917,777.4017079294191,208.88876123548172,-217.7763802183641,831.8945761218625,243.70579304880147,-164.93887058219948
2022-03-02,432.3699951171875,437.8900146484375,30.739999771118164,30.790000915527344,101.56902481784371,-826.6966597718351,-98.7899851562812,-118.17632884571518,309.134831682292,-367.02460115067345,-18.049093603658072,532.8895252959917,-346.7033535347046,53.04731286136464,632.7555922782617,-305.47240914136063,73.1073922175465,666.8435853516099
2022-03-03,440.4700012207031,435.7099914550781,30.479999542236328,30.020000457763672,100.49854810236309,-107.04767154806234,330.58054539835416,-47.86855771476335,-102.98931218557038,563.0395786100959,139.81283534502856,-310.7965437401152,672.7699895776315,209.73319471698878,-213.34873834569177,714.0477724055919,229.230018019156,-180.65933280407702
2022-03-04,431.75,432.1700134277344,31.979999542236328,31.11000061035156,105.10778665213726,460.9238549774176,-102.27882867919541,365.8850576665866,-80.28142532419801,104.87979014732093,557.1685788915485,153.768234286148,207.4963135533987,629.8917996618242,263.1728527890359,245.09669907686688,650.6294203458281,302.68094566758344
2022-03-07,431.5499877929687,419.4299926757813,36.45000076293945,38.56999969482422,118.82056598710895,1371.2779334971685,-88.88167838733418,-95.83022019570714,-83.59947330868388,-88.98511191960418,-356.18287452566375,-314.65013024372126,49.737442096162866,-494.1067447972639,-664.503929746084,114.42636207022952,-444.88533595390317,-850.3449207874119
2022-03-08,419.6199951171875,416.25,35.130001068115234,36.65999984741211,114.73019581049877,-409.0370176610179,281.02212088225787,21.811469331191425,-88.50347588216644,525.3534658249752,244.10030122424152,-207.2217822088618,649.8957893604086,345.301870509072,-72.39248592146696,703.4741369782706,382.3846584388501,-13.942252578800682
2022-03-09,425.1400146484375,427.4100036621094,32.45000076293945,33.439998626708984,105.84034472404957,-888.9851086449198,-96.49111648041747,147.7509114368498,144.89348937554388,-99.64567647117556,351.86291333059035,382.48484196651054,17.084478953688166,435.9487944939491,496.7697162306514,64.22105130987265,462.85182228921315,540.3529609059088
2022-03-10,422.5199890136719,425.4800109863281,30.229999542236328,30.010000228881836,98.7906005805697,-704.974414347987,-107.60872107207257,128.72308865701817,149.22836780921037,-143.773664370873,307.024541612937,378.7855609511602,-53.268833030114244,369.0937027990683,482.17760680862153,-23.23492791705013,384.6891270413695,517.000122526811
2022-03-11,428.1199951171875,420.0700073242187,30.75,30.6299991607666,100.59779715734413,180.71965767744302,105.63694081147224,-119.8628486926257,-101.212220955399,331.4870189083656,-227.3422599674138,-376.28794378924516,435.0439124050705,-159.30505601174085,-568.8185319559457,472.69055001016727,-140.79933940694823,-534.7249173287761
2022-03-14,420.8900146484375,417.0,31.770000457763672,34.22999954223633,103.54619959825021,294.84024409060794,302.9694072928595,-9.824836973838933,-93.86619162212747,539.7166021565758,197.41225928482285,-250.966719393357,655.6463960328622,284.2837633511486,-131.23232654160458,702.5359343587414,312.7108538205256,-84.05566947185773
2022-03-15,419.7699890136719,426.1700134277344,29.829999923706055,30.709999084472656,96.81737512523205,-672.8824473018165,-104.83182024550752,-121.63724465134501,283.2504780341107,-386.7852105932656,-56.89711395231678,511.0370883911095,-407.5395399553122,7.973350708268947,613.4610801336286,-374.1966339758767,24.902882389713255,648.1820852164857
2022-03-16,429.8900146484375,435.6199951171875,26.670000076293945,26.510000228881836,86.49404216545977,-1032.3332959772274,-111.17413275247793,-136.19117535948,330.32611033384245,-408.827397014455,-45.271655575828284,538.2990437658374,-391.1411580211849,-1.3608110463303213,619.9632811114782,-368.32454363823257,7.0701455089288405,642.1277737095137
2022-03-17,433.5899963378906,441.0700073242187,25.670000076293945,24.940000534057617,83.22644621525623,-326.75959502035425,-117.12322722678545,-142.5141157616725,185.88153028118447,-427.88666866911416,-208.31121090718023,393.2063983538286,-566.5536100586141,-171.8356685151922,472.0651404575085,-549.3358660689829,-165.84677265550457,491.93703618618065
2022-03-18,438.0,444.5199890136719,23.8700008392334,22.190000534057617,77.43627333327146,-579.0172881984773,-117.44928566036742,-157.06992130017633,231.17167524871752,-432.7492365045661,-192.45873545023963,415.46180563402345,-523.9673167302232,-168.998634608956,474.0017732450259,-511.34449328755454,-166.28793307354732,485.0173339010751
2022-03-21,444.3399963378906,444.3900146484375,23.530000686645508,22.729999542236328,75.97757778180858,-145.86955514628812,-111.47763271863057,309.3113554530017,-80.29133298127535,46.993357653809454,434.8124627678618,101.10330828555092,117.75612719028413,462.7667389541264,159.60796820386383,134.38331382851646,466.53306109405383,171.24107666240806
2022-03-22,445.8599853515625,449.5899963378906,22.940000534057617,22.56999969482422,74.26208201175226,-171.54957700563216,-117.78163936675413,-11.25517054294429,245.4970153992427,-291.2138058757886,113.16375250837572,437.5326058780979,-228.26391878145273,140.42234702114084,502.5506762141558,-214.3065420429638,143.97138140021457,516.122921615643
2022-03-23,446.9100036621094,443.7999877929687,23.56999969482422,23.209999084472656,75.8454232209371,158.33412091848516,204.25923147156374,31.769168520609604,-112.7460246323608,394.77648932729363,163.01026144218795,-238.01315199846513,462.2665195504768,193.89122341120392,-169.80167034529183,478.34619065685183,198.35164236598206,-154.60958369534865
2022-03-24,445.94000244140625,450.489990234375,21.670000076293945,20.420000076293945,70.00643913609645,-583.8984084840661,-120.63140660865487,-115.27736822828737,330.4148395120414,-393.84938801899057,-12.812585991430955,508.23416049706805,-341.48535860914734,4.466121811547444,559.8783530241458,-332.34713858023383,6.009561511611919,568.0910979172702
2022-03-25,451.1600036621094,452.69000244140625,20.809999465942383,18.450000762939453,67.3192377980254,-268.72013380710484,-118.85661931649346,151.41418506897784,43.62972781694816,-114.95385717751817,235.56019620018043,204.5769966853659,-69.00928407740088,246.39604213859565,243.43734623540712,-62.66258992191125,247.05495365755155,247.94538279500892
2022-03-28,452.05999755859375,455.9100036621094,19.6299991607666,17.81999969482422,63.551713961944614,-376.7523836080784,-121.21820025107583,-75.6907941828832,266.62862501225584,-345.62478299814273,1.9875539571822443,426.86107689151504,-304.4348773360878,10.90421727225779,463.80585414510676,-299.394192439919,11.36055204783897,467.69219871670236
2022-03-29,460.0199890136719,461.5499877929687,18.899999618530273,17.540000915527344,61.9645526920165,-158.71612699281172,-121.96076647948982,160.55389635677633,31.411549410583262,-111.42078082714015,238.5172932064133,193.0133324389751,-70.618423674941,247.5051655303785,230.63623136126026,-65.63197079358274,247.96702475522582,234.64815470358164
2022-03-30,460.3399963378906,458.7000122070313,19.329999923706055,17.43000030517578,62.76061068704979,79.60579950332942,14.495661669874218,185.03869648145005,-130.05363408227632,189.87502787757674,262.4781381122595,-108.89227453893878,234.76013746997663,271.3801673818495,-75.87608229436357,240.41384352622907,271.8420275880151,-72.6169145756373
2022-03-31,457.8900146484375,451.6400146484375,20.559999465942383,18.399999618530273,65.75777345792645,299.7162770876656,240.3437976085831,-177.77226501297073,-120.10574002350316,406.3185638184931,-227.34775487910284,-449.7581849260138,449.65588642245274,-215.85316855873273,-541.9464758117709,455.6360539894935,-215.12864697439807,-536.410698145309
2022-04-01,453.30999755859375,452.9200134277344,19.6299991607666,16.0,62.79729954569558,-296.0473912230867,-107.51198803997309,290.92128371801454,-132.0150599909143,58.180283427592876,350.2742369669089,0.4681380599645535,92.94567093859162,354.9284227673392,25.19350152450739,95.97376017221711,355.06622049398635,26.821149399523737
2022-04-04,453.1300048828125,456.7999877929687,18.56999969482422,15.760000228881836,59.539961897518054,-325.73376481775256,-119.72157169561069,-83.96162397335127,252.11710224766566,-341.9034657567679,-27.568999832889606,397.0180183788779,-310.883232147108,-23.48835378948324,422.4965667975251,-308.4297456936258,-23.38219590163788,424.1247226695899
2022-04-05,455.2200012207031,451.0299987792969,21.030000686645508,18.6200008392334,66.64123515361928,710.1273256101223,279.5325323166986,-73.77709427588607,-125.86378231958656,456.0539090916796,14.07327900710145,-361.53389265600777,504.80129769262584,26.101639721547333,-321.62955538811536,511.9801609922224,26.902992307398478,-316.7541133888189
2022-04-06,446.8900146484375,446.5199890136719,22.100000381469727,19.63999938964844,69.63561329669133,299.4378143072055,-74.6020282081844,280.35792114013805,-118.96364529830345,95.72243338445644,375.1088863355541,8.000261862928307,143.33157978604046,389.4393339492886,56.23260796309457,150.7738596688222,390.52986125562285,63.162020822635135
2022-04-07,445.5899963378906,448.7699890136719,21.549999237060547,19.049999237060547,67.9007050009285,-173.49082957628355,-128.92841331068237,46.794803946323405,162.57415992586422,-247.87433696633363,135.1940720695902,342.9835242746964,-207.80781377447317,147.26270881644774,392.09715890153143,-202.37672616027,148.0435985118764,398.7580319738114
2022-04-08,447.9700012207031,447.5700073242187,21.15999984741211,17.299999237060547,66.50537686587171,-139.53281350567863,-80.52300850256648,266.2142706485365,-123.24621980341581,79.35403945185449,336.61803055284804,-7.302119508678404,115.58970002496707,343.62490815346985,27.155376154197853,119.41120441981673,343.91430448514717,30.345675729549427
2022-04-11,444.1099853515625,439.9200134277344,24.3700008392334,22.850000381469727,75.97233567197765,946.6958806105936,293.7337313995133,-59.17931712463551,-116.22863580781095,486.17812794809504,67.10517890419999,-336.9578995111001,553.9129071393389,95.39962887412815,-274.5824669480607,569.6210525548477,99.22534459957592,-261.68628545775607
2022-04-12,443.0799865722656,438.2900085449219,24.260000228881836,22.489999771118164,75.53875858339927,-43.35770885783745,355.62264774257596,-124.6445661329407,-116.75395395389609,545.223601212316,-2.4617209154371467,-402.2083525606894,610.2489225593479,23.729400080450326,-341.7292950958355,624.6833146271191,27.050933674832557,-329.7252632142263
2022-04-13,438.0299987792969,443.30999755859375,21.81999969482422,19.149999618530273,67.89247703849338,-764.6281544905889,-121.26229468274144,-178.47675774593378,346.3246489882479,-451.68814043927796,-123.932443624601,512.1198205035395,-437.85935079728466,-112.6863601199122,553.5367915311552,-431.6249968252278,-111.98491357163586,558.5691729414575
2022-04-14,443.5499877929687,437.7900085449219,22.700000762939453,19.34000015258789,70.57980082997449,268.73237914811057,249.7561222997074,-174.53825917630078,-113.53885730976768,407.92514507040465,-204.90053580089037,-430.83867531164645,448.53747044494753,-192.09307185577106,-500.9427178288311,454.1968581079731,-191.22251237382326,-493.76695329442623
2022-04-18,436.80999755859375,437.9700012207031,22.170000076293945,20.8799991607666,68.51640265475157,-206.33981752229147,-122.66235256428503,237.04038869810765,-19.445105435467646,-47.2540273369795,339.93203695822694,162.20278656579185,3.400634354802692,357.34786548868436,215.99765363307657,12.143598956146365,358.9057459876319,224.7431069118833
2022-04-19,437.8599853515625,445.0400085449219,21.3700008392334,20.700000762939453,65.83945264539625,-267.69500093553233,-122.09816187530117,-166.90801032194324,178.5605852591814,-449.06539546465774,-269.39487969824046,358.09974105288745,-602.3934755172169,-252.51494717194768,410.4146987559453,-593.7433623714032,-251.0412001451517,418.7112222815116
2022-04-20,446.9200134277344,444.7099914550781,20.31999969482422,19.299999237060547,62.523825632643394,-331.5627012752856,106.42442940942941,96.75279533255397,-119.97552284816778,275.7148713467214,187.91321478813393,-176.84069184978395,321.89926347875314,200.9856923912558,-130.94329580706798,328.7841880042398,201.90706111042357,-124.72417383273094
2022-04-21,448.5400085449219,438.05999755859375,22.68000030517578,22.209999084472656,69.69633149656192,717.2505863918531,-122.29157986068132,-153.24064439933844,-109.73012514403317,-39.341358450255036,-530.5442762416185,-411.0272140249705,17.858692491973272,-598.250499312791,-842.2395118241026,29.82533576542339,-594.9591143274148,-921.6769094812443
2022-04-22,436.9100036621094,426.0400085449219,28.209999084472656,29.06999969482422,86.70262686646973,1700.6295369907803,-104.6921335064095,-123.38571750027293,-101.72464241608134,17.398950382118073,-445.2294933612724,-378.5202168422089,113.24356157535689,-479.1482663985994,-780.525664350741,146.0359412684072,-463.4653268528932,-844.3946778170089
2022-04-25,423.6700134277344,428.510009765625,27.020000457763672,28.950000762939453,82.62531193762311,-407.73149288466186,-108.69618716971169,-78.23483211784642,349.261047836725,-350.6824168689507,92.05391399309056,571.6122425156007,-263.3817635494218,148.05371109057361,667.6007919122623,-235.5665740095698,161.05416769582712,697.8875123369431
2022-04-26,425.8299865722656,416.1000061035156,33.52000045776367,37.7400016784668,102.23286657694155,1960.7554639318437,-80.23314890628976,-99.17187453566393,-86.83944394498334,173.25438785906542,-357.4576243608352,-326.0963899349012,307.95635723738155,-246.6551590497339,-675.587862715919,369.2911591684433,-203.15891262726424,-612.2207574314847
2022-04-27,417.239990234375,417.2699890136719,31.600000381469727,34.81999969482422,96.58383468993247,-564.9031887009073,-94.68949586527239,363.962046510208,-68.18289169037081,120.54177156745175,573.0104230265329,171.79701766834935,242.0504385980367,661.6595533077692,288.882772101574,292.6798694390061,691.2055982552538,334.58978271975354
2022-04-28,422.2900085449219,427.80999755859375,29.989999771118164,32.25,90.8122179777792,-577.1616712153275,-98.10731968613845,-115.75078233879773,319.2029174912374,-364.45724471382596,-2.44724931073643,547.8635041843116,-333.73503105904877,73.01419469344806,652.7129734628364,-290.55320886840445,95.28234459868887,689.9531292991101
2022-04-29,423.5899963378906,412.0,33.400001525878906,36.11000061035156,101.96815383228014,1115.593585450094,-94.47280303457327,-103.71916574857815,-88.70789818600821,-51.34584085421745,-382.66031515596774,-332.97522897607695,71.87437086610754,-482.6815180171025,-698.8414063371798,124.4614966488818,-446.38633425049073,-840.9823129968537
2022-05-02,412.0700073242187,414.4800109863281,32.34000015258789,35.400001525878906,98.24438216010256,-372.3771672177577,-95.35933043978739,143.38226766145502,153.9878268674254,-102.63354329548486,353.3517493123138,396.70286493061326,17.47461518479303,442.81030685834924,516.5422430076043,67.28759919871709,472.7883617647593,564.0278770972307
2022-05-03,415.010009765625,416.3800048828125,29.25,31.61000061035156,89.38117812821292,-886.3204031889637,-102.14805913487376,242.1960325695263,37.61588239660545,-15.992010780134455,427.81860596254865,264.3424904361257,86.09963070336678,495.9052297872819,366.37985188686434,122.97562791787956,514.4116593284995,401.2853850541672
2022-05-04,417.0799865722656,429.05999755859375,25.420000076293945,26.15999984741211,76.81222796472105,-1256.8950163491877,-111.56547436594019,-141.7025394621181,-111.89790726143693,-411.2265255681776,-498.90974298985327,-119.75502856599621,-834.7101788754718,-667.3253760345318,-47.0827433835437,-1020.1412875688876,-660.9295406316384,-29.368654147083916
2022-05-05,424.5499877929687,413.80999755859375,31.200000762939453,33.25,94.80596513914713,1799.3737174426087,-100.12248724016467,-111.70896307916573,-93.12744789831237,10.382303015121488,-408.7091437350456,-348.83276682972314,118.94588959192046,-444.80070933200443,-728.2955871115743,160.9076095245247,-418.6997623811767,-800.09111210278
2022-05-06,411.1000061035156,411.3399963378906,30.190000534057617,29.790000915527344,92.41684861855049,-238.91165205966445,-105.45166219505299,338.38300380225905,-71.27787227674142,76.38355993270166,507.99519069448667,143.50523746569655,169.2824617656452,563.6305187624203,233.15504728493,199.8268008822741,576.5670435223697,260.3622132092761
2022-05-09,405.1000061035156,398.1700134277344,34.75,36.650001525878906,106.61834214794179,1420.14935293913,222.84649565695352,-106.85636549798582,-93.0000181774883,466.5386757614708,-75.90753595474064,-347.7278857436968,589.9560358009342,17.313142081554012,-407.96498292020635,642.2771098535411,49.54457540126265,-358.28719883294195
2022-05-10,404.489990234375,399.0899963378906,32.9900016784668,34.70000076293945,101.83716417296607,-478.1177974975719,395.72068858312934,-103.53049443703705,-98.80418249698303,636.2085820001022,97.81423477384939,-358.5218900880268,755.2565147981137,179.51491503681555,-250.55881679845334,803.6167219657709,205.18119191351403,-211.0051810897149
2022-05-11,398.0700073242187,392.75,32.560001373291016,33.91999816894531,102.42555479531235,58.83906223462816,374.8884884565793,-116.67311685348417,-98.8948324352169,603.979609519369,50.60613987615701,-368.39739999157365,711.3275085896679,124.26781023607417,-287.1744309789887,751.8273537497273,145.55942158931677,-249.4047858264752
2022-05-12,389.3699951171875,392.3399963378906,31.770000457763672,33.31999969482422,100.54739933862132,-187.8155456691033,-100.37202050793789,44.97405641459371,230.5717144609712,-206.4632318041314,228.10652434398796,450.4195289687917,-101.26940939029511,294.2890711410212,546.0446660236192,-62.87427158830463,311.9755626802909,577.3120253651213
2022-05-13,396.7099914550781,401.7200012207031,28.8700008392334,29.3799991607666,90.5351810392246,-1001.2218299396721,-111.66965708904294,-105.30855529340963,367.3742114042337,-381.73445464728394,53.04616129014013,582.2179152387796,-301.4939497342481,100.53362285985477,670.0061802951915,-277.90446931601826,110.20767624575275,695.2260007642387
2022-05-16,399.9800109863281,400.0899963378906,27.469999313354492,28.520000457763672,87.34517236079147,-319.0008678433131,-110.414922347141,354.8936800842451,-99.34146457730259,84.54087394531172,507.9896908058167,107.25088163141939,165.55755841037862,552.0441532227462,187.82859438189323,189.0195146730269,560.5425397167154,209.5108827893006
2022-05-17,406.5299987792969,408.3200073242187,26.100000381469727,26.920000076293945,81.30280078951044,-604.2371571281024,-117.14267847922139,227.1068859518845,26.188695892142256,-59.57539982787872,371.21850687845847,236.53221349338256,9.48099256220292,409.4224171791569,318.0907557457098,27.23442870771533,415.9257308949919,339.2396835192128
2022-05-18,403.5,391.8599853515625,30.959999084472656,32.29999923706055,98.07443450364218,1677.1633714131738,-105.95918227252065,-120.17741645960919,-97.08839414112413,-104.1866311728935,-435.443691771096,-363.2458253969796,-9.624402298954335,-582.2511554677151,-755.113960720912,23.05579286950168,-564.2907866062216,-931.1224996327987
2022-05-19,388.6199951171875,389.4599914550781,29.350000381469727,30.690000534057617,95.22111117257076,-285.33233310714223,-111.03802693790394,323.5460260202881,-56.59229099442522,46.66977071462897,487.42045167001,163.15013019569182,129.01704823479417,538.7246444923718,255.77538040900922,154.02564324847984,549.8227465761325,283.7073542743832
2022-05-20,393.25,389.6300048828125,29.43000030517578,29.190000534057617,95.22262082363035,0.15096510595924428,229.45825914822854,27.658240466422136,-110.46522713792692,439.4178020295577,182.26823050491595,-245.01790454122522,525.2748973002217,227.41685551652475,-167.33318870114798,551.0043328139327,236.3486765887722,-146.72164053383946
2022-05-23,392.8299865722656,396.9200134277344,28.479999542236328,28.979999542236328,90.02305902441876,-519.9561799211594,-111.98462821549741,-28.282356424819376,285.0352912987478,-303.2237292198353,124.44466779537889,494.3519550288687,-224.65669100879887,168.20458694598128,576.8821551459845,-202.26822599104494,176.57480105393526,599.3110712496615
2022-05-24,392.55999755859375,393.8900146484375,29.450000762939453,29.479999542236328,93.2055461421769,318.2487117758143,-113.43931209082038,276.99633895258233,-14.532296222071059,-4.229678615096175,433.9797871540433,202.3556203054637,72.96462282669916,480.4809982047199,291.43165684474457,95.09586609821062,489.7678879843352,317.03313722521585
2022-05-25,392.30999755859375,397.3699951171875,28.3700008392334,27.3700008392334,89.38571778439135,-381.98283577855534,-109.86275947843077,-143.69523947483637,347.8829019527484,-406.6873869857528,-41.41161891359497,539.1841701288716,-365.8058653409093,-5.839738769957334,606.4146540222754,-345.0388378293178,-0.011353792951516173,621.8313734196108
2022-05-26,398.6700134277344,405.30999755859375,27.5,25.670000076293945,84.5845744155724,-480.11433688189413,-119.51487491721801,-149.79520283964442,258.83743135077987,-436.436220581233,-152.30913168397112,457.8777010518952,-505.2135984153359,-122.99500480722634,528.1713648590852,-491.117289618639,-118.96478998981249,543.7180450002612
2022-05-27,407.9100036621094,415.260009765625,25.719999313354492,23.1299991607666,77.29409161501226,-729.0482800560142,-120.0298096613409,-161.18923834385478,157.37453677465535,-441.28557919448616,-277.0750320126308,340.51878850588844,-611.3957692723841,-256.5973114706881,396.85121183642207,-600.6925868282337,-254.4892845492764,406.744834770731
2022-05-31,413.5499877929687,412.9299926757813,26.190000534057617,25.90999984741211,78.59701112737454,130.291951236228,-11.180817652847727,249.3792374636623,-106.95226644385195,175.80875313441203,388.5841083923892,-6.688970996075058,242.329275025486,423.8577371637636,71.62382834726023,258.73827030081117,429.4861874694459,91.04393914352238
2022-06-01,415.1700134277344,409.5899963378906,25.690000534057617,25.1200008392334,78.25214418812989,-34.48669392446533,346.4378049526498,-147.5403999887835,-115.35758319071833,543.2539172189304,-56.04186065387824,-425.46088646242856,615.2755563230089,-24.388651670524396,-401.28390132654323,633.1214871037957,-19.68856676546571,-387.04487491528795
2022-06-02,409.4200134277344,417.3900146484375,24.719999313354492,23.56999969482422,73.54939400421921,-470.27501839106804,-111.89318589744703,-157.81931096505738,38.30260866017239,-417.38341482559076,-381.27048160562083,211.66331999727745,-689.9440404698438,-358.1806882316021,263.4461826686298,-675.7083885824444,-355.5072805639394,272.4801665241999
2022-06-03,412.3999938964844,410.5400085449219,24.790000915527344,23.049999237060547,75.60034842874099,205.09544245217768,33.458314734552964,194.06618409698345,-123.26349282181185,225.96047543020788,306.28590766847947,-97.54380232312184,290.299891838176,327.8415747658409,-47.3061665938703,303.56677074841883,330.19890333156457,-38.87020675687449
2022-06-06,414.7799987792969,411.7900085449219,25.06999969482422,25.56999969482422,75.53858483711821,-6.1763591622778335,204.72807185061973,33.78057160334682,-110.03316916470284,395.0560908727091,170.21476345437205,-230.23799879215377,463.43984487872825,203.95738124566367,-156.9644846522193,480.3297759693179,209.18045754059207,-139.61233780623854
2022-06-07,408.1000061035156,415.739990234375,24.020000457763672,24.229999542236328,71.73105528591498,-380.7529551203231,-115.58938415774593,-154.7021709263266,108.79252624738206,-426.65859191892247,-308.2424822012627,293.10482203074605,-636.3511705836848,-282.8972232527486,352.391070266787,-622.260533956816,-279.7632424065339,363.87243506239844
2022-06-08,413.9299926757813,411.2200012207031,23.959999084472656,23.90999984741211,72.91135528385136,118.02999979363875,160.21750687616387,67.44825071376928,-114.97336148078007,345.16145174761965,188.09936438469242,-204.48189812181906,407.0298229143011,213.48652190133998,-142.57389168091905,420.3630376341987,216.61178583799818,-130.29692334785443
2022-06-09,409.3399963378906,401.44000244140625,26.09000015258789,27.540000915527344,81.1559566085893,824.4601324737943,136.60931499606548,-137.52320566977156,-112.51034010310158,346.30697668123906,-242.9887188848177,-414.62389588814125,431.1462684791478,-200.48140731491213,-596.900652838622,455.9436439329236,-192.45335925243802,-578.1799810397507
2022-06-10,394.8800048828125,389.7999877929687,27.75,28.780000686645508,89.43799809720917,828.2041488619868,368.4011382604058,-136.52539985438105,-107.5546745055764,569.8920315296257,-4.2456183921654596,-399.4852266111659,648.9350713926287,39.24012262584602,-337.9637131807588,671.4841065183284,47.52489445704054,-315.98431269446155
2022-06-13,379.8500061035156,375.0,34.02000045776367,38.86000061035156,108.10611476296934,1866.8116665760167,404.14886924092843,-107.3536204100524,-91.97706825570046,643.8816062484071,105.42327772688756,-344.4350752519846,763.2931826270709,197.4516281481346,-219.62380168134032,812.9451342684027,228.89757996050272,-168.83129314611338
2022-06-14,376.8500061035156,373.8699951171875,32.689998626708984,36.95000076293945,106.02006295398068,-208.60518089886568,213.37963157254086,73.67732910497685,-95.5241003235397,443.968433562334,273.16890702071777,-169.98780137574133,553.4596968726764,353.01667885333245,-55.49540455401252,595.8858720135648,377.5087610696628,-12.368086079711047
2022-06-15,377.3599853515625,379.2000122070313,29.6200008392334,32.529998779296875,97.63181789715928,-838.8245056821404,-103.3632657094227,152.6848503177188,112.99864244352128,-102.993860285301,322.96379493129905,324.1376118497802,-6.130452864215938,379.187319443961,410.79843967754016,26.524832628420004,392.43261007922564,436.58641922309005
2022-06-16,370.510009765625,366.6499938964844,32.95000076293945,36.58000183105469,109.9549429705214,1232.312507336212,331.62997368200877,-50.91951505889123,-94.88540994104576,553.5660301391107,142.86425118494498,-290.38873673696935,654.5132052070821,217.61649590501457,-175.84578310541642,691.4697425322952,239.32285836070272,-133.36386436811873
2022-06-17,365.510009765625,365.8599853515625,31.1299991607666,30.399999618530273,107.27245154899053,-268.24914215308695,-102.61310669206269,347.07905389634664,-104.71997950098492,88.44835729312129,494.7837391614058,94.30601584627708,159.1965991378701,535.1921445975051,178.45545644686425,177.9632373939286,542.3851417777819,200.91717501803723
2022-06-21,371.8900146484375,375.0700073242187,30.190000534057617,30.3799991607666,100.23275373992281,-703.9697809067718,-111.95351619003377,55.74335334444631,199.16072711895012,-218.27688036062113,206.6526351795634,406.42260597753113,-139.97948488892408,249.24779652311074,487.0195918359023,-117.82204722132558,257.23289601806187,508.4432244465253
2022-06-22,370.6199951171875,374.3900146484375,28.950000762939453,28.299999237060547,98.4274054743113,-180.53482656115136,-118.90110630651024,14.532371749009679,230.59747316501316,-272.8106928141621,148.71982791828378,434.0431424167504,-208.2242374106372,181.12353891335954,508.47448919906964,-192.8266351196701,185.95388492992961,525.9187088354856
2022-06-23,376.6400146484375,378.05999755859375,29.049999237060547,28.290000915527344,96.4792374712006,-194.81680031106947,-117.75140706858879,249.55158256875157,-2.0160657017271633,-36.02222882798289,387.2944099289416,202.84577336280466,30.901013877163464,421.73384466532775,279.06551048058293,47.414401219708836,427.1339971280624,297.51512330857184
2022-06-24,381.3999938964844,390.0799865722656,27.229999542236328,26.040000915527344,86.94034997577663,-953.8887495423978,-111.5464373315721,-153.9298507025368,-28.66049361471108,-414.8725795124029,-440.10791478959527,149.4575827205999,-753.3685383024118,-413.9861299325783,205.12305641053572,-737.4604372319648,-410.6385509455929,215.59420309182593
2022-06-27,391.0499877929687,388.5899963378906,26.950000762939453,25.809999465942383,86.8836121816509,-5.673779412572344,125.47005010517009,107.07721920223426,-115.48214196902934,315.4305409092879,232.1010641023836,-168.138297366116,381.443365831757,259.7281803071805,-105.46524045900895,396.53606430578327,263.3902172366074,-92.64098146165784
2022-06-28,390.2300109863281,380.6499938964844,28.36000061035156,27.18000030517578,93.45250130445444,656.888912280354,-46.295302988247066,-145.32336338160158,-114.96037727127374,153.6467709772788,-443.9436894609653,-423.76436468936436,228.68368523935973,-410.08223953192845,-792.0993250540164,248.0724074978279,-404.75995955513577,-777.0981454009532
2022-06-29,381.2300109863281,380.3399963378906,28.15999984741211,26.559999465942383,93.19665773510195,-25.584356935249275,-47.15588763098,282.5420648751116,-117.4864269820951,147.39468130229525,408.4005326989139,1.2252463375235911,216.55393786813997,436.5207100766962,61.729411939657005,232.787497124563,440.32566442087204,73.92791088917949
2022-06-30,376.239990234375,377.25,28.709999084472656,26.86000061035156,95.7482635078638,255.1605772761846,-113.12822697912425,223.28391768538117,7.315646474635054,-43.59824628637565,348.71397242804034,191.57243455768062,25.46418376634596,376.6168235184533,251.6940206643925,41.63006860150744,380.3707849352276,263.73674903939394
2022-07-01,376.55999755859375,381.239990234375,26.700000762939453,23.559999465942383,90.11799155628215,-563.0271951581648,-128.0880257768578,-93.54172987428095,311.2482488707888,-390.06968308402423,4.035480907136327,497.5615877904475,-345.9238403289564,19.308892393909606,552.2006259298649,-339.0544117093996,20.516562506977532,560.651896015186
2022-07-05,375.8800048828125,381.9599914550781,27.540000915527344,27.34000015258789,90.75709132785114,63.909977156899345,-116.923340686445,-149.44040760681256,291.55425077010227,-428.82229162116806,-116.29118756820348,486.3474781363019,-459.1279816883071,-86.55650352991435,553.9667118711516,-443.7496722216419,-82.39217990081278,568.6750523107839
2022-07-06,382.1099853515625,383.25,26.729999542236328,25.950000762939453,88.62386695230055,-213.3224375550597,-115.50065384354832,220.6725542175828,7.942185779627289,-51.22672723952608,341.7453579330146,192.5950477271744,13.507441608159423,367.39959226700114,252.141699894035,27.82980767107588,370.60760956611546,263.7098999137689
2022-07-07,385.1199951171875,388.989990234375,26.079999923706055,24.790000915527344,84.26627693102841,-435.7590021272131,-116.68675436266513,-58.56261166599135,279.9980573848916,-330.3713317681418,54.14479725200534,459.41759289905855,-270.0041612113973,75.84236702668699,514.122709361648,-257.7827708844913,78.20724512802435,523.7447572309834
2022-07-08,387.2699890136719,388.6700134277344,24.63999938964844,21.90999984741211,81.97014149561096,-229.61354354174546,-116.91923993963906,156.40163844444749,40.677076303720106,-106.29499134901457,244.51983081473682,201.19518486743448,-56.79768754977685,256.6605495246282,240.63751159787196,-49.388395326406815,257.48198768401403,245.3964854927135
2022-07-11,385.8500061035156,384.2300109863281,26.170000076293945,24.459999084472656,86.77480814748351,480.46666518725516,55.97894560994019,161.90170235579123,-115.61069722327348,233.04813207573767,272.1303706600192,-107.66995494678852,288.06168265199096,292.6385970465104,-50.345204153181044,298.5547007704275,294.74823011214323,-40.2110265275317
2022-07-12,383.6499938964844,380.8299865722656,27.290000915527344,27.1299991607666,90.44133628784223,366.65281403587215,198.08586339308928,35.47710882910413,-109.1517642278376,382.8781362915778,167.8470343852215,-224.459431734366,446.92810304493753,199.25453094807747,-151.57190644414868,461.9755326221089,203.82209743553722,-134.8105967184248
2022-07-13,375.1000061035156,378.8299865722656,26.81999969482422,25.940000534057617,90.86319298710754,42.18566992653052,-116.37565097288737,-39.92576043660885,265.20989769000704,-312.5496785181094,76.9414434056692,447.67504620538534,-250.26174376235684,100.55832481243436,505.0135994451511,-237.07795067093178,103.3176089656746,515.6329756041971
2022-07-14,373.6099853515625,377.9100036621094,26.399999618530273,25.219999313354492,90.76271287111285,-10.04801159946851,-124.61829366285039,-52.00480388546007,278.9487425313353,-344.85981790793267,58.27955865933061,470.2399106305346,-293.4198124625982,78.73400639890774,531.1623821654099,-283.9071308024018,80.81212083432678,542.2179353778112
2022-07-15,382.5499877929687,385.1300048828125,24.229999542236328,22.13999938964844,83.01276827988065,-774.9944591232207,-130.09270359605358,110.6051291261611,99.63344537120234,-186.88045148354587,198.70971758922752,281.5757036866335,-147.62335073009345,210.6590988910053,331.1874262158337,-142.33165353941797,211.4233337105915,337.86764740352424
2022-07-18,388.3800048828125,381.9500122070313,25.299999237060547,25.600000381469727,86.37620473356162,336.34364536809755,283.2578983811387,-153.7982420776576,-120.38888819012216,479.6022801898738,-136.7687564025328,-441.7150967126822,548.9330469290423,-110.55234103870016,-490.6504351179058,564.7981448977736,-107.18639837987995,-480.040070393917
2022-07-19,386.0799865722656,392.2699890136719,24.5,26.200000762939453,78.86245113929537,-751.3753594266248,-115.08643458810434,-151.6272596585754,257.2819769152566,-424.1975907166069,-153.10025942823276,445.26239303578427,-484.4676674054616,-125.2037397776322,507.7908785737608,-469.0825318747755,-121.47233115885305,520.6016204528363
2022-07-20,392.4700012207031,394.7699890136719,23.8799991607666,25.18000030517578,76.3660786348546,-249.6372504440771,-110.66328654410322,68.49458172683674,155.10803901824627,-189.60998269012688,189.39263348957948,330.83099886008455,-119.53628336648175,215.0743154585573,384.9062918345312,-103.57415630486663,218.32525599390644,394.87211614441935
2022-07-21,394.1600036621094,398.7900085449219,23.11000061035156,23.440000534057617,72.78328639491095,-358.27922399436574,-117.03141222533893,-143.19030499242623,357.90280049684634,-413.09828832846824,-37.55050415157923,532.0186579803682,-355.897528730268,-18.911217778760502,582.2513938511887,-345.19609292753086,-17.1175231505867,590.2834731823747
2022-07-22,398.9200134277344,395.0899963378906,23.030000686645508,22.09000015258789,74.6821748590606,189.88884641496497,268.75371900641585,-62.06149661731681,-119.08278740974245,440.00298225739357,33.506655923802754,-335.1592070570497,488.39148871925147,48.14099614479009,-286.84274538812014,496.1086956805792,49.277811734457956,-279.8810803497739
2022-07-25,395.75,395.5700073242187,23.36000061035156,23.09000015258789,74.7071885482497,2.5013689189108845,-80.75029110409739,291.3959842052843,-115.21917873574134,89.98749395430686,394.7812161324872,25.632951341029987,139.9396264590802,412.37514706237846,80.64999228667506,148.5754132897952,413.9590885855939,89.68259661617475
2022-07-26,393.8399963378906,390.8900146484375,24.690000534057617,24.950000762939453,79.43181547070341,472.4626922453709,191.60013535706995,33.52655001726921,-113.96731159696395,373.3487107506721,152.64464135641302,-234.980065461264,432.9880127282086,177.25391286844604,-172.55685964103347,445.525443298866,180.1983293270692,-160.2830388742419
2022-07-27,394.3599853515625,401.0400085449219,23.239999771118164,22.13999938964844,71.3018025036569,-813.0012967046512,-114.88891902391708,-172.20731136683762,169.26423255010226,-431.8103051490175,-282.08059164573285,330.8091224000774,-581.8185410567514,-267.8497765540204,372.0480691606747,-572.935998714213,-266.7457854222619,377.4406546290811
2022-07-28,401.8900146484375,406.0700073242187,22.329999923706055,20.809999465942383,67.03079491827118,-427.10075853857177,-124.1530523145329,-85.8850974676063,287.037018593158,-366.37242622866376,-0.9275110948216736,457.0015256814046,-323.8684291201329,10.102719546900365,500.12734236057423,-318.10680623406193,10.774946961816292,505.4150601026244
2022-07-29,407.5799865722656,411.989990234375,21.329999923706055,18.56999969482422,62.24450835969135,-478.6286558579832,-132.67778021504384,-92.93422690651917,284.3431189613334,-387.1281561062504,-26.24439750499292,454.5272357009023,-357.8559592323108,-20.176429750111488,492.15912498232285,-355.1986586099543,-19.96217299627745,495.57264656034675
2022-08-01,409.1499938964844,410.7699890136719,22.84000015258789,21.940000534057617,65.30180996871881,305.7301609027462,-117.85403636176551,154.6527951598417,54.75969925227238,-115.0676396397386,254.1699707719603,225.40489111361717,-61.238728880812076,270.3487641954903,272.47520010911575,-51.93696018126064,271.7308083377968,279.41425941549835
2022-08-02,409.1199951171875,408.05999755859375,23.93000030517578,23.25,68.43592640944414,313.41164407253217,-22.66805559862741,245.926239031537,-119.30455972325015,162.44192926654833,357.83858030296506,-34.55176988340709,222.42913499832457,379.1751159764468,19.664462839164788,234.4378294154097,381.46621315936693,29.130465008977225
2022-08-03,410.2999877929687,414.4500122070313,21.950000762939453,20.559999465942383,61.80074258001892,-663.5183829425216,-116.28799640232047,-122.41991083005709,317.78356828989706,-383.0899655982205,-35.3855322107661,476.55419078767045,-333.7119066392877,-23.596968078835555,514.9882050943436,-326.4366090341124,-22.819273432520703,519.526626079599
2022-08-04,414.3699951171875,414.1700134277344,21.440000534057617,19.690000534057617,60.88840618395625,-91.23363960626705,-115.12699458843906,300.63567266127825,-112.78245109507667,45.340261529834855,381.32061720080725,39.82947881005099,92.31078172437391,391.1641305629306,74.1033932237891,98.61013272854498,391.7236206316787,77.66250450370185
2022-08-05,409.6600036621094,413.4700012207031,21.149999618530273,19.31999969482422,60.59901805112885,-28.938813282739773,-129.93422368493273,-34.076868092217815,230.68494011250758,-325.0002367471512,40.55569780491284,402.28767243364786,-290.8259637923991,48.569285156052565,443.1102891890263,-287.11323160667945,48.93360896905239,447.41801329997395
2022-08-08,415.25,412.989990234375,21.290000915527344,19.93000030517578,60.81098274108378,21.196468995492523,83.60752944619206,118.61192050746715,-127.0285534608096,258.5144844653923,201.76153456208678,-170.16903745259697,305.1383116659219,212.31608508203254,-133.01099716455707,311.5658528178286,212.94833851598244,-128.86601106151795
2022-08-09,412.2200012207031,411.3500061035156,21.770000457763672,20.809999465942383,62.36093313284658,154.9950391762806,-52.532524956432724,260.0006712111433,-125.1862702827298,124.80919924903995,350.2412647448814,-27.09440081187726,174.7535559143043,363.07418721006326,14.107320924321767,182.40490563081443,363.97967207778856,19.320708723110137
2022-08-10,418.7799987792969,419.989990234375,19.739999771118164,17.59000015258789,54.58276537476826,-777.8167758078325,-128.43306986065005,202.21811667451098,-20.20662024141473,-79.12168348881396,263.7552608087201,140.307939662253,-49.804773696591575,268.76309040971296,172.67984850167755,-47.331279738845765,268.9147649071508,175.21587110820843
2022-08-11,422.989990234375,419.989990234375,20.200000762939453,18.030000686645508,55.34291389486397,76.01485200957114,177.651277017807,5.648074861353416,-123.75437597023657,336.449742935006,73.15176833204589,-267.9781067724907,371.4347695616759,79.47842858563739,-235.21972223418192,374.9344615218047,79.71814627992359,-232.38908600649498
2022-08-12,422.0299987792969,427.1000061035156,19.530000686645508,16.780000686645508,51.11713230962451,-422.578158523946,-122.33247983790491,-205.43691812122768,364.7239694555636,-469.10963816514936,-160.52362906302736,512.4739135604569,-450.07924246405736,-156.71392516415074,538.449481442508,-447.8967284986679,-156.6212506392078,540.0774663765224
2022-08-15,424.7699890136719,428.8599853515625,19.950000762939453,18.540000915527344,51.02230133008666,-9.483097953784636,-127.67680350702531,-74.07190765606694,267.28267072964115,-358.7532029052005,-0.5792305277522147,434.62838963368546,-323.6479252927644,7.161996634183756,473.35990756405164,-319.8419102010188,7.506115048671383,477.3014755966989
2022-08-16,427.7300109863281,429.7000122070313,19.690000534057617,18.600000381469727,50.10865477001323,-91.36465600734311,-128.27121242285745,143.58512519764977,52.18878301443082,-143.49026258829778,219.0465385486444,221.84140494655898,-107.94095527619866,227.29498511768244,262.14000564436753,-103.97177535090336,227.68147977659552,266.4268933137454
2022-08-17,425.9100036621094,426.6499938964844,19.899999618530273,18.63999938964844,51.48768167243901,137.90269024257782,-124.62635456283026,248.04576900809073,-56.500898718408465,-29.44296197373346,322.92300229670565,107.09083830410904,8.240199922134364,331.0523629002293,144.66577557736542,12.537396711866824,331.43322878073843,148.5055823591832
2022-08-18,426.8599853515625,427.8900146484375,19.559999465942383,17.670000076293945,50.2651361987767,-122.25454736623078,-126.32600271972214,215.93849005333502,-32.00743985036516,-61.913778824698106,281.50225509834706,127.98726833250836,-29.579697730702947,287.37069712290963,161.42289119910282,-26.54686563486701,287.57663603848715,164.2613081891989
2022-08-19,424.9800109863281,422.1400146484375,20.600000381469727,18.239999771118164,54.379412309298814,411.42761105221126,162.56049845368938,23.248624492472537,-123.32309016608961,322.62054359823026,93.69337483430635,-250.51516369795917,358.97999998985443,100.71272195450523,-216.13894355086583,362.8331213776261,101.00364815138882,-212.96771601689105
2022-08-22,417.0499877929687,413.3500061035156,23.799999237060547,22.850000381469727,63.60615727657466,922.6744967275849,247.42020308735417,-24.82197387955589,-118.27651721497114,430.98048164782176,87.45845567504843,-302.5783360867361,490.1351458629193,108.938889243307,-247.13987710427443,501.92941699789856,111.25158288626186,-237.3143615898246
2022-08-23,412.8999938964844,412.3500061035156,24.11000061035156,23.350000381469727,64.48229182786574,87.61345512910736,-54.29002964033851,276.84986461407664,-115.66075274393947,126.78019815260501,391.70766440563546,5.330959814160588,185.0648572214305,414.3197401426023,64.43082567111567,196.82684675580404,416.8464652768241,75.43962041503718
2022-08-24,412.1099853515625,413.6700134277344,22.81999969482422,21.200000762939453,61.56143382334925,-292.08580045164894,-119.1390552718712,160.64922729868235,44.36755189673851,-110.25198913455407,254.48566878399353,212.78779459197386,-59.994541973456194,268.54375031786367,257.43198695920574,-51.99019600808674,269.60894836088227,263.52652537166716
2022-08-25,415.239990234375,419.510009765625,21.780000686645508,20.34000015258789,56.99365205941234,-456.77817639369067,-117.36497443726358,-128.31353777355085,324.87174404238635,-391.8719615902182,-41.16158838021742,485.47682307425276,-343.27178699745633,-29.349958727754654,524.8063782803265,-336.1476084319514,-28.572178322252583,529.5188245191127
2022-08-26,419.3900146484375,405.30999755859375,25.559999465942383,23.899999618530273,69.94373235679554,1295.0080297383195,-111.18873330657736,-152.67131590162003,-120.21576065675214,-282.481846652869,-528.7884082048081,-440.8491430661171,-211.91472269946968,-870.6435880588446,-883.9533650330653,-195.49673303800168,-867.0635937692055,-1241.9423752142006
2022-08-29,402.2000122070313,402.6300048828125,26.209999084472656,24.760000228881836,72.00327616562052,205.95438088249836,-114.0273141990516,283.2896803619146,-55.10741334436633,15.116403646206658,405.4033507421728,127.83642697707813,81.81707246135169,431.6012285469609,186.5893755853727,96.83425099191315,434.9411755901423,198.02265509701957
2022-08-30,403.8500061035156,398.2099914550781,26.209999084472656,24.40999984741211,74.32552156924835,232.22454036278322,301.93367953255176,-155.04347511464724,-114.0262282520972,484.3980501726111,-114.22078138706696,-423.97781873143657,544.5920221025217,-89.26452611169984,-440.3277246234142,557.344939049069,-86.24315380134712,-427.914004947526
2022-08-31,399.9299926757813,395.1799926757813,25.8700008392334,23.690000534057617,75.5473136188582,122.17920496098458,362.37523783701204,-142.6120414995186,-116.70849345937883,542.0519123862862,-31.598621059636777,-415.5176546946263,598.7032680170643,-10.719066246091577,-358.96894227473956,609.7006603398767,-8.532418635308423,-348.9602027681251
2022-09-01,392.8900146484375,396.4200134277344,25.559999465942383,23.760000228881836,74.28801760576778,-125.92960130904203,-120.81557808316214,-4.685332982485965,225.35984728593908,-285.94348197157314,103.1323207995708,407.8794392575952,-231.59681236051358,122.60934186530193,463.2723847498638,-221.47929378500237,124.53130318657334,472.7346936554411
2022-09-02,400.2799987792969,392.239990234375,25.469999313354492,22.969999313354492,76.70865242902248,242.06348232547015,108.76190895399435,-164.79305238182783,-123.14961023960224,294.5566535441544,-336.01508848750206,-452.8212974454455,353.08368934305656,-317.6989787213574,-680.825083083459,364.04481579212944,-315.95369245479463,-673.3791498141458
2022-09-06,393.1300048828125,390.760009765625,26.90999984741211,26.989999771118164,79.08652672799562,237.78742989731398,111.58287637896505,130.70391521089667,-113.84875721601945,309.3662167281207,267.100667146499,-144.49183100219312,382.9195856816253,300.9370184985844,-76.34806078481981,401.7565198514237,306.2374057338599,-60.826564448068
2022-09-07,390.4299926757813,397.7799987792969,24.63999938964844,24.049999237060547,71.71938034745097,-736.7146380544654,-112.4931602463292,-161.6282160638992,97.7816312357003,-420.55944606750876,-330.0092435766644,267.23807983421887,-635.2220076443863,-309.59086473542607,315.6611628282899,-622.481126283967,-307.4493158054674,323.4659249597509
2022-09-08,395.3900146484375,400.3800048828125,23.61000061035156,22.84000015258789,68.6957733285996,-302.3607018851365,-113.85413247713512,-167.2389475562728,336.3471750837376,-426.7293436575884,-104.0261349441858,501.4930452093094,-406.50293698919626,-87.11652844279449,545.9950536035763,-395.95721284146293,-85.60092599222254,552.4323174056353
2022-09-09,402.739990234375,406.6000061035156,22.790000915527344,21.709999084472656,63.72786598380961,-496.79073447899924,-125.51715366391073,-32.03990114825397,243.73127584218003,-320.1452508432097,62.09303744352146,422.9870393343186,-275.098753425922,76.16060490461514,473.1201982487561,-268.2437521559947,77.20732264456485,480.3709924851886
2022-09-12,408.7799987792969,410.9700012207031,23.8700008392334,25.260000228881836,62.51054879914848,-121.73171846611268,-117.6933967161734,154.26627393023543,85.80074455917844,-127.9348404701887,284.59861326524594,283.251315067405,-63.004223402576294,314.9414660892218,352.95891113537556,-47.84463928008036,319.24733988979426,368.5098699174104
2022-09-13,401.8299865722656,393.1000061035156,27.270000457763672,29.13999938964844,77.37594704772081,1486.5398248572333,-0.3183358565888228,-132.84652589677714,-105.51738552531555,204.46017438551775,-363.57005561369004,-392.38081918723486,287.02934207692573,-315.40845313672565,-695.7280315409902,311.7377857899053,-305.46296808216005,-670.8876166175891
2022-09-14,394.4700012207031,394.6000061035156,26.15999984741211,27.280000686645508,74.98859655718383,-238.73504905369884,-107.93954290929763,296.7189857519823,-56.66982193843106,39.0866727371616,436.7873242180003,131.71094390997274,119.8138572014148,472.87531996088103,197.05641280187186,141.7460909618924,478.87963485101534,211.85779279226125
2022-09-15,392.9599914550781,390.1199951171875,26.270000457763672,27.11000061035156,77.99604809131083,300.7451534127,173.84218395057934,67.24643272216147,-111.74213014877702,368.40805658773263,204.55163680789957,-202.16083888518074,439.9254017612511,238.85236798648774,-130.96514034934597,458.0931585980776,244.26020761010284,-114.2982573961616
2022-09-16,384.1400146484375,385.55999755859375,26.299999237060547,27.059999465942383,81.14835649035318,315.23083990423544,-113.23046690020499,196.0109843760218,40.976743725860466,-73.75196909164342,327.72696313944925,231.32565509373686,-2.696870407304639,358.9433879398654,296.57061565072473,14.779993090356117,363.5274684177646,310.72613392522686
2022-09-19,382.260009765625,388.5499877929687,25.760000228881836,27.780000686645508,78.26158278041392,-288.6773709939263,-110.94335812555799,-145.1581665379866,229.82433667965444,-410.2589313767186,-163.47663696011384,420.6273600522245,-489.6228471567476,-129.43102030071768,487.0534220627174,-469.9651962737981,-124.05040364812658,501.98040534215306
2022-09-20,385.05999755859375,384.0899963378906,27.15999984741211,30.38999938964844,82.76167144046954,450.0088660055624,-17.39260865776162,275.9838794186702,-107.54553142800668,191.34765951248747,434.9883363133436,10.351288634533853,277.03210434523265,483.041545127463,93.62261350809618,303.1653621704784,492.9928579390972,116.9454445066929
2022-09-21,386.1099853515625,377.3900146484375,27.989999771118164,30.34000015258789,88.40997515874051,564.8303718270967,31.12372344218668,-132.89113356610792,-107.93230368370283,240.9459486553614,-334.63212981196483,-399.8007882263567,327.5136095303085,-286.387255575336,-678.0772212631583,354.07043612644827,-276.3550314913337,-654.9656316916802
2022-09-22,376.5799865722656,374.2200012207031,27.350000381469727,27.670000076293945,90.3008377794925,189.08626207519887,158.31347662639138,74.73108723636946,-108.22155758955675,341.7141108501112,207.51281107133505,-182.68282222510408,404.92341419257707,239.1210934231381,-108.49946007044588,419.7138021898406,243.7320350852966,-91.27591443207025
2022-09-23,370.5799865722656,367.9500122070313,29.920000076293945,30.25,97.13555514592228,683.4717366429786,189.62631607178187,57.07585487530584,-105.08924490602462,383.32513337043446,206.64749847813758,-197.49083850213182,456.24027026104386,248.2688673053771,-113.23189796346853,476.0270487802936,255.87130113181811,-90.49895878436251
2022-09-26,366.4100036621094,364.30999755859375,32.2599983215332,34.13999938964844,101.56057561499959,442.502046907731,66.92706038100623,205.8705867827026,-106.05894669313722,290.4843136030642,380.5680048150414,-61.56941350107472,390.75543304766495,440.1442044464593,27.55351711443941,425.6650517206101,454.84083647423535,54.83691179722656
2022-09-27,368.0199890136719,363.3800048828125,32.599998474121094,33.4900016784668,102.4717370081437,91.11613931441127,356.0380726946181,-88.86528534456525,-104.03674013428807,571.0082606736268,82.22947943296964,-348.56292013283723,663.5379196477465,138.93877275799437,-256.62322852790436,694.1519313555227,152.31335855951212,-228.2986262401246
2022-09-28,364.3800048828125,370.5299987792969,30.18000030517578,31.15999984741211,95.00667970985589,-746.5057298287818,-106.92429160508256,-136.64283066532656,234.80475343497565,-395.9680958291901,-137.44648193899567,433.41865742771824,-462.7112887467876,-93.83355150503398,507.7848078938499,-437.01693922579216,-85.4069426828307,526.8014053572323
2022-09-29,366.80999755859375,362.7900085449219,31.84000015258789,32.66999816894531,102.26640164668126,725.9721936825372,311.69245533313403,-51.05291325511738,-103.8955182695407,519.1140070444849,113.64982811512013,-307.81357002795426,604.6242047254659,165.60624132317477,-217.22811690120372,631.24641892957,176.9991507606689,-190.17410185291413
2022-09-30,361.7999877929687,357.17999267578125,31.6200008392334,31.190000534057617,106.67407067861643,440.7669031935171,369.0571140397306,-119.33900470046305,-106.95019126769446,567.7532836807367,31.387630932873,-379.9434120707899,644.5786114633083,73.82958447124678,-298.1249487361455,666.1198979682886,81.74673995512671,-276.2551347474443
2022-10-03,361.0799865722656,366.6099853515625,30.100000381469727,30.649999618530273,97.80496488083043,-886.9105797786005,-111.19219288483075,-139.90834949825947,328.1971216538842,-409.554300248656,-54.85305266570679,528.8386144427102,-392.32079829269895,-15.265317742446546,603.6929167474162,-370.6269890805726,-8.2328103143362,622.4026206259953
2022-10-04,372.3999938964844,377.9700012207031,29.06999969482422,29.81999969482422,87.98993145555704,-981.5033425273384,-107.61397796735005,-139.3791380461483,289.1538172257323,-398.77198654744467,-89.25971927215991,483.9014092522044,-412.13339143686164,-48.890997779634056,554.7201825715676,-388.15282190948176,-41.553048123676305,571.9924478091355
2022-10-05,373.3900146484375,377.0899963378906,28.549999237060547,28.809999465942383,88.21879007064672,22.885861508967764,-108.98907008052527,-52.41384199790853,293.2543207125593,-312.99247723103167,87.39628419798001,483.3600022733163,-233.66662149429234,123.31240060613914,549.7916314706914,-212.25169919724163,129.25975934436502,564.9285784703899
2022-10-06,375.6199951171875,373.2000122070313,30.520000457763672,31.299999237060547,92.64256844452697,442.37783738802534,167.9832560691576,87.841876490641,-103.24047310186339,369.43781733974805,248.38525351033914,-165.29636176580917,449.64590177717326,297.3420496263428,-74.76063531103173,473.4383264292503,307.54248349884733,-48.16336712888314
2022-10-07,368.9700012207031,362.7900085449219,31.36000061035156,30.549999237060547,101.52776948756369,888.5201043036716,267.6830564728547,-137.58102795088868,-108.7354512348629,469.57628854473774,-108.25573310201692,-403.3624310320236,548.6990914292359,-66.00845287640588,-445.2768050264253,571.1582954786161,-58.125318835181105,-424.5185856429682
2022-10-10,363.9599914550781,360.0199890136719,32.45000076293945,32.220001220703125,104.31145340646798,278.36839189042877,288.7078402185778,-30.73235905236269,-106.41084846499959,495.69948680012845,128.79099121062293,-293.1617689272264,580.1680483256282,177.1640763823095,-208.05394063332932,605.8506165723664,187.2171159387206,-183.94151990001353
2022-10-11,358.239990234375,357.739990234375,33.630001068115234,34.65999984741211,106.82235665579648,251.0903249328507,-77.86209856559056,347.96754499035774,-105.23548085076763,141.73147308854135,520.7962281261146,83.83289061305649,238.4107374610323,578.8906262537129,173.9995224889105,271.31307185044204,592.907839366301,201.61081899922058
2022-10-12,358.1700134277344,356.55999755859375,33.56999969482422,34.61000061035156,107.72551498089085,90.31583250943669,39.491660666633145,229.77627428460286,-104.80293341809636,257.6781529000417,402.1999933795097,-32.850681307740736,353.1182468597609,459.962463438671,57.99134982514873,385.3529546678592,473.8208694363729,85.89001237510708
2022-10-13,349.2099914550781,365.9700012207031,31.940000534057617,31.510000228881836,98.92442756209218,-880.1087418798672,-110.17435529761103,-140.63359058438786,-112.38249842373841,-406.67077753346155,-495.8653173283594,-415.07548881505136,-827.2818336684808,-957.0211393711351,-539.8738627805162,-1305.2253108897105,-1147.1988427276472,-522.3018803035284
2022-10-14,368.5499877929687,357.6300048828125,32.02000045776367,29.670000076293945,105.94746628971015,702.3038727617973,-117.19974970656787,-140.999069754486,-105.8548001983315,-64.67890759066465,-497.093971852107,-395.7055759448931,4.434731751931656,-596.0248357282794,-814.4520761743184,22.26449422456882,-589.5627945174873,-930.51966332992
2022-10-17,364.010009765625,366.8200073242187,31.3700008392334,30.600000381469727,90.33780058530411,-1563.566570440604,-111.56792896729259,78.91753567259732,172.2443408874653,-192.49307407624008,226.47020082713033,375.1857330265729,-114.41987228690628,266.9689121846931,451.97836267837806,-92.65071101963801,274.28207847129903,471.57210557562564
2022-10-18,375.1300048828125,371.1300048828125,30.5,28.989999771118164,88.86470488567107,-147.3095699633035,275.58969052444405,-29.128711643196347,-112.38496684487062,476.2146837466699,112.90601795494516,-302.3911101061088,552.9213230675027,150.05357955912916,-230.7864618926904,573.5683896623297,156.33013749523892,-213.60318506328773
2022-10-19,368.989990234375,368.5,30.760000228881836,28.670000076293945,88.80016735169389,-6.453753397718742,-64.29520524175133,304.3269887265136,-112.29890465152474,129.82614810480752,440.0185851215141,33.89301695641691,200.81506566675438,473.404871349501,103.75224752698776,218.68244881338947,478.56142308701817,119.76853444083736
2022-10-20,368.0299987792969,365.4100036621094,29.979999542236328,27.8700008392334,85.77875757545723,-302.1409776236652,143.76537271808337,91.2401379240986,-114.31163421869607,334.978216849619,219.8927319093503,-182.1618470306765,402.63581932796274,249.4152253048069,-117.03552414058215,418.6610459886644,253.54655668799333,-103.18687363779634
2022-10-21,365.1199951171875,374.2900085449219,29.690000534057617,28.459999084472656,87.12690334675227,134.81457712950373,-113.60043166154733,-148.04099960507708,-43.69815856241639,-418.79374627356844,-445.4218718723521,147.21350872204215,-777.1423191686486,-414.26251959483767,212.7505462664369,-759.7809877624405,-409.6931826782479,226.96306186914262
2022-10-24,375.8900146484375,378.8699951171875,29.850000381469727,31.65999984741211,88.59631993463444,146.9416587882165,-108.9963016159029,82.06753150220541,181.97153528053568,-188.09482849685787,245.06901423080654,396.51514318428514,-102.456882066352,295.8465637513956,484.8286602379019,-75.94566474010885,306.79654450691714,510.7151930118081
2022-10-25,378.7900085449219,384.9200134277344,28.459999084472656,30.670000076293945,86.715291600365,-188.10283342694305,-111.25430467825447,-133.76516305242527,302.55203072874326,-408.50938241137385,-68.27388249259735,515.5652094531547,-419.69802501141385,-21.35061844888002,601.728673923839,-395.8843819575786,-11.867077138063673,626.1247230582892
2022-10-26,381.6199951171875,382.0199890136719,27.280000686645508,29.31999969482422,82.36627648502304,-434.901511534197,-115.04588390070866,359.78369029720585,-103.65141141820403,77.22831923556208,508.82880283727195,107.76253674966483,150.4594066060078,550.1332638442057,191.08230836796218,170.3152817522073,557.6390102928826,213.41257481492315
2022-10-27,383.0700073242187,379.9800109863281,27.38999938964844,29.770000457763672,81.86488168643903,-50.13947985840019,192.3393699283686,61.835750864466,-109.12662615698105,397.84546018725695,214.84296306208674,-206.1695705043464,480.0759979047723,258.87035810914375,-126.88533244230193,504.08865877301196,267.3779216910828,-105.77321183864605
2022-10-28,379.8699951171875,389.0199890136719,25.75,27.809999465942383,80.66026307415225,-120.46186122867795,-115.65948059537875,-145.7952916562281,-13.060859401616318,-424.21859001086176,-412.3522057476784,185.50529958137164,-757.1413566380306,-379.1498645239453,256.9574559265956,-740.0216573684838,-374.0635607144399,273.5227538102422
2022-10-31,386.44000244140625,386.2099914550781,25.8799991607666,29.799999237060547,79.5823078216529,-107.79552524993505,-105.58240450523543,344.14505599421364,-90.93820222090338,87.48567910319468,499.7282228240628,108.60487305105336,176.680595442854,545.594325710236,184.21760580575003,203.994155295239,554.8188079747429,204.03442947472018
2022-11-01,390.1400146484375,384.5199890136719,25.809999465942383,30.510000228881836,78.65143634759859,-93.08714740543138,345.2475108159607,-130.9756399922268,-107.24883907090438,557.7724744426772,-15.993890677635767,-397.29563113455504,647.0541868489844,34.859920877656926,-360.5664762871806,675.2350502639773,45.88903881674751,-336.2406971862011
2022-11-02,383.8999938964844,374.8699951171875,25.86000061035156,29.3700008392334,75.4431903417395,-320.82460058590954,-24.900286223698153,-137.51506011670395,-108.11296804764866,175.80416200340804,-400.0846569429932,-401.4407365939943,254.00555413872806,-357.7929171455287,-734.3280079002843,276.0528542191702,-349.90919949020946,-713.1177424058035
2022-11-03,371.4700012207031,371.010009765625,25.299999237060547,28.399999618530273,72.71984415719618,-272.3346184543317,-108.77800899374465,353.1453462244183,-116.79933815006544,94.87670426404316,488.6720628668037,68.75521638006717,172.9894814090773,522.1359844303058,131.4178146019583,193.44406995082304,527.3846431548458,144.9519548688438
2022-11-04,377.0,376.3500061035156,24.549999237060547,27.040000915527344,72.14585122763259,-57.39929295635875,-50.81893903147725,284.4260466708174,-114.29956606982047,139.03863324571003,411.6923058021029,11.646477265371205,205.50026136187495,440.46987474366443,76.39018086260697,220.97321063086636,444.4089473257796,90.0196325276921
2022-11-07,377.7099914550781,379.9500122070313,24.350000381469727,27.15999984741211,72.4981246943093,35.227346667670645,-119.03215818584806,155.485061246652,84.55747874173375,-129.92846783387668,284.4541606109526,283.11886263700956,-66.88928437927848,314.0341736115479,353.1511324077791,-52.44387261723047,318.13652747261494,368.62543294808955
2022-11-08,381.1099853515625,382.0,25.540000915527344,28.700000762939453,76.27837019790637,378.02455035970723,-111.32154739458572,258.6059311977589,-11.88577234137471,-10.350473150980763,401.96326022132314,186.28847514907443,66.83352883331366,439.90265075761835,258.97713032993664,87.79059311442586,446.4179788992107,276.68230938459897
2022-11-09,379.9299926757813,374.1300048828125,26.09000015258789,28.899999618530273,75.10873568041544,-116.9634517490934,299.9673846510855,-140.8619116128069,-109.79254173490746,497.6970685086148,-83.59026274767275,-407.35114144901866,572.722684346886,-45.15726699144775,-418.4660461474333,592.9125563521307,-38.51820471672538,-399.48506567511885
2022-11-10,388.0499877929687,394.69000244140625,23.530000686645508,24.459999084472656,76.06070904760759,95.19733671921529,-117.88361162188289,-160.38628785608645,212.71312334460538,-435.00458885155047,-217.98434642769033,393.13736366910484,-545.3775333845125,-196.89479547677192,448.1509540362349,-533.7730712954414,-194.656091071,457.76896644002034
2022-11-11,395.5899963378906,398.510009765625,22.520000457763672,21.309999465942383,75.32594195688743,-73.47670907201547,-129.4666924362259,71.78917894733522,136.76029858469255,-223.58075335482275,158.83068160490143,316.88094875655355,-184.26722214589324,170.4480919108304,365.33586984038686,-179.02592392870451,171.175041546027,371.7328476347443
2022-11-14,396.6600036621094,395.1199951171875,23.729999542236328,21.190000534057617,76.36552032823633,103.95783713488953,59.7087159219617,134.19166270577242,-115.58035472037585,218.26137117466257,220.47040417489362,-125.95065494802162,258.18468113530145,231.86109649417634,-78.89150400102133,263.50942715034927,232.56481593269427,-72.80557544683035
2022-11-15,401.1499938964844,398.489990234375,24.540000915527344,21.799999237060547,79.876753383432,351.12330551956745,132.5122736569602,76.80651252822733,-123.20789503660238,309.5783516958981,170.876121238574,-206.71408140505127,360.5193972189467,185.0295003808357,-162.50413720842138,368.70633447437393,186.11088139016755,-156.49564483187808
2022-11-16,396.7799987792969,395.4500122070313,24.11000061035156,19.670000076293945,77.2657320529308,-261.10213305012024,27.193021650753103,155.5042527822291,-118.83929889845996,181.28018113609912,227.3209458785171,-107.5044878352447,215.65248308755986,234.63866364484923,-69.74999448588852,219.2785794207152,234.9487658493782,-66.05296338423507
2022-11-17,390.4599914550781,394.239990234375,23.93000030517578,19.739999771118164,76.15627869980472,-110.9453353126085,-113.1820021982427,-114.99008718606484,290.5760282140594,-361.64447764488557,-44.627430794542214,433.7424913220824,-319.0765676436386,-37.53335594709719,461.8449548811172,-314.27609762858924,-37.22563877833813,464.14439768686225
2022-11-18,397.739990234375,396.0299987792969,23.1200008392334,18.34000015258789,74.89375275956918,-126.2525940235534,67.39653109926341,102.70349632979111,-118.11859534445271,213.21746794154828,162.64364597615798,-153.95076115355704,241.2362473904296,167.3289206795474,-121.89610292327464,243.49818273927264,167.46220871234434,-119.47140042294731
2022-11-21,394.6400146484375,394.5899963378906,22.36000061035156,19.510000228881836,72.05568008090104,-283.8072678668141,-90.0806756933129,267.6354077910463,-115.9092759716269,58.12658997798888,337.2395814789208,12.869808809130914,89.56612404445153,343.99052413993405,51.29787675066717,92.6499850714026,344.2539524600585,54.969010417407006
2022-11-22,396.6300048828125,399.8999938964844,21.290000915527344,19.030000686645508,72.11167410777625,5.599402687521149,-131.6866110517447,15.490378081604542,174.3067238155646,-275.91977197985005,81.55958648879408,342.5677180941795,-246.315934999053,87.49704175769918,379.2396089654849,-243.6299673941159,87.70356120261201,382.49381644058474
2022-11-23,399.5499877929687,402.4200134277344,20.350000381469727,16.90999984741211,71.27614610125897,-83.55280065172792,-134.9650186106689,45.57779784948328,129.6545222152874,-245.4996962291922,93.80381686534939,291.06720216632937,-225.2551667337775,96.50402134838484,319.09420339297907,-224.13414291078146,96.54953305458312,320.6736069085804
2022-11-25,401.8299865722656,402.3299865722656,20.5,17.059999465942383,71.38576913470135,10.962303344237512,-127.4276935356693,256.2441896226492,-86.93835176425156,-17.59986183059008,306.0810515071382,65.04651743236892,6.540600967421264,309.04956278618886,90.79947428869016,8.0574803135989,309.10612055603224,92.25145017902817
2022-11-28,399.0899963378906,395.9100036621094,22.209999084472656,20.06999969482422,71.66792277285703,28.215363815567684,188.0203836742817,5.418147249571684,-124.79600897069895,354.6226509410276,82.01938676449547,-274.74944494634997,395.5926846844243,90.65007080601876,-238.6864333236737,400.5602291296712,91.08187665716788,-235.01365029610074
2022-11-29,396.0499877929687,395.2300109863281,21.88999938964844,20.38999938964844,70.4758121010495,-119.21106718075265,-44.71947217164731,238.67811060054115,-123.79095107049329,121.37336720803276,316.80451552070747,-39.562031841705924,162.58407586237453,325.84816352863373,-2.1765205998914383,167.69033963232462,326.3179785046236,1.77185695619835
2022-11-30,395.489990234375,407.6799926757813,20.579999923706055,18.8700008392334,74.26170060780939,378.5888506759889,-112.05146600073654,-195.99279035279872,-135.12003994410478,-437.9724743522296,-631.198369088683,-264.7817829336356,-898.0740168345874,-893.3883300769081,-239.6732762017228,-1162.0472350552864,-893.1757870914688,-237.88679316764257
2022-12-01,408.7699890136719,407.3800048828125,19.84000015258789,18.3799991607666,72.43799662721216,-182.37039805972302,33.47916135450581,142.4364849615916,-118.89983233764829,183.3938770076143,207.4110165018058,-118.05432903229872,214.26566068766053,213.1347504986722,-83.75649043494981,217.08005815677484,213.3298412358531,-80.8446132008789
2022-12-02,402.25,406.9100036621094,19.059999465942383,17.950000762939453,70.45851568886074,-197.9480938351415,-117.20841275423288,-192.99019966410464,360.6570613601916,-445.4707105003058,-134.57303316048828,503.00351278245626,-411.98808117213406,-130.09867982019193,528.0663116390133,-409.13892278799983,-129.97041813907944,529.692905777418
2022-12-05,403.9500122070313,399.5899963378906,20.75,23.809999465942383,69.53763264744029,-92.08830414204527,322.2647993093591,-99.51041620002351,-116.40805974970762,504.2319857190076,14.794624721370278,-372.91365637062177,562.9505925248544,37.16663071012805,-314.84428695567755,574.8062032858431,39.649566009525365,-304.1727837206244
2022-12-06,399.4200134277344,393.8299865722656,22.170000076293945,27.079999923706055,69.7945747519124,25.694210447211674,374.7089465992882,-142.67261798679877,-115.85589331054359,581.2274111360554,-18.533465123088554,-425.7404432313576,661.8272680713959,18.17306747966343,-376.0192923006608,683.831820695729,24.35492248199045,-360.6434328610631
2022-12-07,392.94000244140625,393.1600036621094,22.68000030517578,28.06999969482422,70.5987954495388,80.42206976263913,-112.62184870498119,343.70583546592104,-93.73022889848956,70.02017544597184,489.01831089014,109.0115650612513,145.83915208196848,528.0962935349128,185.3470927318363,166.41714689151132,534.9383224172755,204.62039515611278
2022-12-08,395.1400146484375,396.239990234375,22.290000915527344,26.739999771118164,71.05666032821179,45.786487867299286,-112.47285271798441,230.1579647561322,9.798083262590376,-38.954311847830624,365.5998776186361,202.33256232305834,34.21644068614265,398.8949327931257,269.75292525848437,52.811843421803296,404.04413540002105,284.95152464205194
2022-12-09,394.94000244140625,393.2799987792969,22.829999923706055,26.479999542236328,70.81517441227803,-24.148591593376523,56.73323341477319,180.8400136794301,-112.44375049500272,248.54148427355662,313.9282278403822,-88.90629126864582,317.3844420420774,345.8339242460924,-19.920930356593413,334.1849205493775,350.57402876571354,-4.382841187674222
2022-12-12,394.1099853515625,398.9500122070313,25.0,29.540000915527344,78.3639633745676,754.8788962289577,-108.15787011902175,-128.64269088842414,386.65726378431305,-394.08321064843454,29.17272945021592,593.7970205090099,-308.35728824017735,76.42983653392415,675.5523216855838,-282.3460138438933,86.09563978011516,698.1401096126883
2022-12-13,410.2200012207031,401.9700012207031,22.549999237060547,23.700000762939453,74.12252622403028,-424.14371505373225,82.47727627694202,-156.98597371189928,-119.63758512709079,272.5578873748249,-343.1735387121787,-440.48100957658573,336.6887974144492,-319.5503783518915,-688.0313494151907,350.3710508696035,-316.78224315059265,-677.9027464028253
2022-12-14,401.6099853515625,399.3999938964844,21.13999938964844,20.200000762939453,69.48617549281829,-463.63507312119907,129.68673412228816,56.88204895622382,-115.07749942232516,282.79457813911165,136.33205017418496,-199.38418311141444,318.64326723729783,145.65116154569537,-155.30096636535362,322.86081374019176,146.13306617198123,-150.1886590447356
2022-12-15,394.2999877929687,389.6300048828125,22.829999923706055,21.729999542236328,68.56652477906745,-91.96507137508405,320.79377616983885,-112.09246777164418,-126.51266050624665,500.3059516521706,-21.945102317925368,-402.6922607752936,551.3163332079934,-9.120059332996375,-362.64582840881724,559.2020094428135,-8.210610864416099,-357.67405187269276
2022-12-16,385.1799926757813,383.2699890136719,22.6200008392334,20.510000228881836,65.34366136397819,-322.28634150892645,53.702329722249225,139.31903590847517,-126.86293779258799,221.8276685277659,213.4361813083802,-145.08045778229973,262.7001929017235,221.42496421571,-111.45893636460055,267.50352014111,221.8018646074618,-108.26560295281507
2022-12-19,383.4700012207031,380.0199890136719,22.420000076293945,20.829999923706055,63.34628448966393,-199.73768743142557,184.73402429603485,16.58424906829088,-132.31798856265797,363.4604134134323,93.54325143171945,-283.0469241464454,409.74462602871233,102.35645589703867,-251.9117260504947,415.64753587279586,102.81686424484081,-248.99028104933043
2022-12-20,379.2300109863281,380.5400085449219,21.479999542236328,19.780000686645508,61.11660702998752,-222.96774596764095,-118.19498697708434,150.14727504516506,24.937491409720792,-107.06175508231067,214.99577208473661,172.3324588208383,-70.42540432086862,220.77669634546274,200.75200282043937,-66.81562986648075,220.98409406693435,202.92620406050136
2022-12-21,383.25,386.2300109863281,20.06999969482422,17.579999923706055,59.92196740031453,-119.46396296729915,-116.01619607301565,-36.49624024751186,192.11897431895576,-282.26157968486905,11.069015312679367,327.1590494604582,-254.62794404700404,13.759947089840344,347.1401373772334,-252.86792719275635,13.809415084289279,348.0713558997088
2022-12-22,383.0499877929687,380.7200012207031,21.969999313354492,19.84000015258789,62.1910800049241,226.91126046095746,105.7239459782309,78.08467146278949,-124.86916848245733,265.8946108177428,144.98283798311124,-198.1530494469782,301.3021293579043,151.18495039531274,-166.42954402468624,304.8517381172171,151.41780783744443,-163.7734623825532
2022-12-23,379.6499938964844,382.9100036621094,20.8700008392334,17.489999771118164,60.254407932829125,-193.66720720949786,-132.37002418979984,-6.699561246218286,176.51623215490878,-290.29204423586424,38.70580303444668,332.66673916369115,-270.2842180842027,41.03385124338297,358.098967249993,-269.2387788111818,41.06854120068151,359.38172410956446
2022-12-27,382.7900085449219,381.3999938964844,21.649999618530273,19.770000457763672,61.170536990385,91.6129057555878,31.85380747272564,145.5790282913778,-119.16150085253375,182.97177475546542,211.80908076471326,-116.0984529963801,214.6929732305981,217.81106761222884,-81.3756607780679,217.6878479394987,218.02500583233825,-78.36556631434385
2022-12-28,381.3299865722656,376.6600036621094,22.13999938964844,20.8799991607666,60.609646868093236,-56.08901222917666,317.82577827281517,-120.23862384415162,-129.64102177848727,491.5835683747047,-44.33377363220743,-412.5407096610988,535.4125832173005,-35.83704756877773,-380.03791074891154,540.8282612106705,-35.41008402593892,-376.94707905013087
2022-12-29,379.6300048828125,383.44000244140625,21.440000534057617,20.489999771118164,61.25656005878038,64.69131906871439,-131.16614773732104,-33.707704437535234,228.41847415146512,-326.27341822536863,37.79563510083512,399.625327376434,-294.0598574361068,45.0029222752917,439.21286931888176,-290.77558899300874,45.30068546863093,443.14083887737587
2022-12-30,380.6400146484375,382.4299926757813,21.670000076293945,21.13999938964844,61.31468902245602,5.812896367564235,-130.09111736153153,172.56899852037398,27.38691314551518,-120.15414960670336,250.39251038649456,201.48436111873175,-84.71901882761819,259.25792759416527,244.31253848601625,-80.63519349402688,259.6977238744144,249.10346749878786
2023-01-03,384.3699951171875,380.8200073242187,22.899999618530273,25.079999923706055,63.27481744308412,196.0128420628095,205.21229014098682,23.95603257887833,-121.94452181118899,398.081689600973,139.13855104931176,-265.3459885855947,463.52423103347877,162.05045115601393,-212.9700107989768,477.465263476678,164.68645190470414,-203.82290943753623
2023-01-04,383.1799926757813,383.760009765625,22.010000228881836,23.920000076293945,62.14444046621547,-113.03769768686465,-116.99922592874563,258.67101993063204,-45.68101797185593,-10.442123543854118,362.62051352243117,126.983363106339,46.13558941411762,380.5709770548856,176.03195731737262,56.538360194596194,382.2477906320918,183.6646579852065
2023-01-05,381.7200012207031,379.3800048828125,22.459999084472656,24.540000915527344,61.49521412796713,-64.92263382483401,138.74913827500313,75.98694245703504,-113.9180594789231,311.58870480141616,184.76368127191446,-188.33544468601718,363.890719597904,204.59892013419844,-129.88752305724464,373.531825993881,206.57211774457937,-119.58766576786034
2023-01-06,382.6099853515625,388.0799865722656,21.1299991607666,21.56999969482422,61.69930820043609,20.409407246896194,-129.90146209370332,-180.46943291703778,377.2055612673702,-474.98882544352114,-105.67604909864008,554.7189162730159,-445.5168959177124,-95.38062452577432,600.6211062548432,-440.8339719495047,-94.79988883653601,606.248180686554
2023-01-09,390.3699951171875,387.8599853515625,21.969999313354492,23.040000915527344,63.23753797399267,153.822977355658,99.71594885097889,118.13880072041448,-125.50819955785074,285.83580157960495,218.44406829572287,-174.33985291327687,343.27420112659854,234.99346694850834,-130.0164635045162,353.54495724929467,236.44998832895422,-123.6689297097307
2023-01-10,387.25,390.5799865722656,20.579999923706055,21.5,61.21730896962809,-202.02290043645803,-117.50533249233507,-37.4856367331166,231.3467259143115,-300.26460830931563,46.82883751750333,390.1390844764873,-253.0617292778084,57.74755699581522,427.92551420004446,-246.411039356984,58.42239150025967,432.21364929455706
2023-01-11,392.2300109863281,395.5199890136719,21.09000015258789,22.40999984741211,64.68288122272189,346.55722530937965,-117.05706459861071,-23.381052768057863,227.71136674627533,-289.2124158825587,71.85091417330901,393.6821574187305,-236.5134483441123,86.44740632987416,437.3648268906786,-227.8226250098867,87.59707639890173,443.31728299406234
2023-01-12,396.6700134277344,396.9599914550781,18.829999923706055,16.459999084472656,60.59786524559928,-408.5015977122609,-127.61149136039124,277.3568191852422,-114.74455079896,4.630078579017896,320.31631377289835,34.99671793599484,23.712095668248146,322.3423332620201,58.90080723307036,24.630937814425003,322.3689450606698,60.008080210008586
2023-01-13,393.6199951171875,398.5,18.350000381469727,14.81999969482422,60.43263879093685,-16.52264546624309,-131.6082809749652,-187.9710966571775,340.6628815781732,-462.343492579569,-158.92887514937908,486.7632153922741,-450.16053638895113,-158.19265628270443,503.6261511913096,-449.850261486223,-158.18898580084945,504.05209867746066
2023-01-17,398.4800109863281,397.7699890136719,19.36000061035156,16.610000610351562,61.691254408253,125.86156173161527,-86.12215761858738,261.3603390520967,-137.40424766519928,78.39156435350921,307.1529903821748,-35.49013111330572,107.51568518151257,309.6204898540682,-18.778921592752628,109.31160350863499,309.6631688725466,-18.107099389595426
2023-01-18,399.010009765625,391.489990234375,20.34000015258789,17.239999771118164,60.36263538646615,-132.86190217868494,126.29121114129899,-210.29400217695235,-124.62554317261693,275.9574567135387,-410.9636188234604,-478.9200551922744,302.3835773172363,-407.8978830939258,-705.9543278780926,304.1347988079123,-407.8364185295384,-704.639402732363
2023-01-19,389.3599853515625,388.6400146484375,20.520000457763672,18.280000686645508,59.31112355009539,-105.15118363707643,-78.34737558846979,259.92162337240813,-133.15548641929578,87.13717122389164,316.29910229881585,-32.00182418412638,120.82113557459654,320.4156879739384,-9.197365909422059,123.58872529590545,320.52663167294,-7.847242839639909
2023-01-20,390.1000061035156,395.8800048828125,19.850000381469727,18.260000228881836,61.38454431703096,207.34207669355698,-120.83186658995493,-204.43624405897333,285.2288020004378,-464.80153139681426,-236.51683514569729,431.3594820798614,-522.4482332427223,-232.5195758141597,457.0281369451197,-520.0677011714225,-232.41703170808543,458.6458241491752
2023-01-23,396.7200012207031,400.6300048828125,19.809999465942383,21.25,63.682014944100914,229.74706270699556,-127.10382643371327,-40.46702816763068,246.36452650790304,-329.4856134563224,46.285361300697026,422.4363374879467,-288.4770502027194,57.84241342576227,468.9058250513135,-282.90820572087915,58.56807477440442,474.91519708167425
2023-01-24,398.8800048828125,400.2000122070313,19.200000762939453,21.84000015258789,62.144809820193245,-153.72051239076683,-123.2678358209979,207.26293310242417,1.2618482228971017,-74.40792707028143,300.47859616851474,176.04296983068747,-27.815276237993846,314.2566934245974,223.68080241966553,-20.66672956969555,315.2715137797725,230.3473263325049
2023-01-25,395.9500122070313,400.3500061035156,19.079999923706055,22.010000228881836,61.91185098422416,-23.295883596908595,-122.0669968675015,-107.72125997997543,315.09182076612217,-386.19163388844436,-14.458978499575734,487.9083793944979,-338.56885916342026,-0.6457969121673046,534.5714387128729,-331.18362491977007,0.37775565083195906,541.0371786260478
2023-01-26,403.1300048828125,404.75,18.729999542236328,21.049999237060547,63.87525372571301,196.34027414888493,-119.40175390519771,148.29978982988726,51.06862725387591,-120.9079134355335,236.22517057021568,215.51401184280257,-73.47577015638429,248.2646057989193,256.80890253189233,-66.52038364196528,249.06625902682984,261.91898087786603
2023-01-27,403.6600036621094,405.6799926757813,18.510000228881836,20.030000686645508,63.99383507098143,11.858134526842434,-129.41721436838878,148.248793395366,51.890729250067636,-143.1763873848933,226.9298192341738,225.61145956678243,-107.01784172859965,236.0425831390181,268.5976390841237,-102.78151266085845,236.50628247384526,273.4842399854474
2023-01-30,402.7999877929687,400.5899963378906,19.940000534057617,22.420000076293945,63.266354822833705,-72.7480248147728,117.62416007266444,91.62723503156761,-116.40198107919826,288.3616051047946,192.43536661837,-176.32831526833348,337.722183822878,209.01924242979734,-123.4573455195605,346.0283366605104,210.44265930985134,-115.11662139797326
2023-01-31,401.1300048828125,406.4800109863281,19.399999618530273,21.739999771118164,65.75453169749707,248.81768746633668,-118.8949638031078,-172.61881236729303,329.02426625731096,-442.6963272017934,-127.14960471861565,496.7410382585483,-440.36026544034564,-113.21538374877085,540.9238916176193,-432.35635845365385,-112.16567627692947,546.8942359260503
2023-02-01,405.2099914550781,410.7999877929687,17.8700008392334,18.559999465942383,65.97963823966815,22.51065421710763,-118.50223696304863,-195.4480488415161,291.267702081636,-453.62962001518724,-210.17191500268046,439.4136282868479,-496.99560607539667,-204.30532300809105,468.2678546765452,-493.37598704599475,-204.09321651743878,470.5179507055881
2023-02-02,414.8599853515625,416.7799987792969,18.729999542236328,19.1299991607666,71.53042458581734,555.0786346149196,-125.73009573585827,135.03279904550388,57.58044205210682,-145.2448593397189,209.87466196902068,222.8378740055941,-108.26792444497137,217.98453127314352,261.0807954553303,-104.08408533610702,218.3625246941104,265.01433905495156
2023-02-03,411.5899963378906,412.3500061035156,18.329999923706055,17.760000228881836,67.6439339053515,-388.64906804658403,-133.06165248050573,265.42187594283496,-79.68982558018257,-26.904930624750655,326.0509913867481,86.97201290800186,-0.3884458675762681,330.8476757878526,121.22193596779728,1.7074978341196334,330.9849681609093,123.92405708526998
2023-02-06,409.7900085449219,409.8299865722656,19.43000030517578,20.670000076293945,67.46566964732601,-17.826425802549295,-108.61062767394857,306.1415510416079,-117.89885718313099,54.66156116863059,393.73233478790064,39.417016943037346,97.10438405706448,405.5788467150402,85.32783004979495,103.00372719147245,406.341698963939,91.29809488353996
2023-02-07,408.8699951171875,415.19000244140625,18.65999984741211,19.6200008392334,69.86275296428546,239.70833169594528,-125.37232224397226,-185.29373854843706,260.57478786775295,-465.5084610895042,-227.42629391132763,426.6728940898712,-546.3815345563856,-218.77058798630424,465.84073087151296,-541.8939288426882,-218.3432693086533,470.0180128013668
2023-02-08,413.1300048828125,410.6499938964844,19.6299991607666,21.0,68.17655772403106,-168.61952402544063,116.06997482469764,91.61818461485998,-123.22972415390049,291.8447217425357,184.03533746229144,-191.2251991197767,341.6470061923626,197.5964247993933,-147.61253438095522,349.4389974463446,198.59422114061027,-141.80661302246878
2023-02-09,414.4100036621094,407.0899963378906,20.709999084472656,22.739999771118164,67.68217820949731,-49.43795145337475,196.41873157150903,-161.1333258939528,-123.8781064842833,388.35525311800245,-241.76730913890268,-453.6156878893499,451.84409683529157,-221.03504310352298,-595.5420268236915,464.67392718019477,-218.8385550756256,-587.5079499800814
2023-02-10,405.8599853515625,408.0400085449219,20.530000686645508,21.5,67.8586133879036,17.643517840629386,-123.5205333666409,123.52438298281746,85.60908531090038,-158.99092632739436,217.09603547165733,261.1030831690505,-112.49305360694228,230.99525738623655,309.20694313669446,-105.34846416407017,232.02533758549276,315.9993163603778
2023-02-13,408.7200012207031,412.8299865722656,20.34000015258789,21.40999984741211,70.38291173309885,252.42983451952483,-125.79048679733626,-54.889129206555175,267.05610303746704,-343.8297008511936,39.44607538878768,446.9417114138124,-298.95945703596374,53.581598917830924,497.4616159325804,-292.13715497711024,54.63654265648585,504.81343355292984
2023-02-14,411.239990234375,412.6400146484375,18.90999984741211,17.719999313354492,67.84870632390094,-253.42054091979094,-117.50742078649196,135.49890691261942,33.981348956852635,-118.27411784978274,195.4304595573603,177.60916817922234,-84.09626647108583,200.1926748038199,203.50672034146163,-81.08914860181422,200.33652570001522,205.2634925520065
2023-02-15,410.3500061035156,413.9800109863281,18.229999542236328,16.020000457763672,67.6895584606018,-15.914786329913966,-112.39506478336217,-115.3188908195329,264.0785301372483,-351.51673331121026,-70.99559872341172,392.74330363454004,-324.57367137217716,-68.73360293443508,410.15930356801687,-323.0119096545878,-68.69783315804645,410.8597163738674
2023-02-16,408.7900085449219,408.2799987792969,20.170000076293945,19.329999923706055,66.81384534420911,-87.57131163926886,-55.292404751133994,240.4353896823803,-119.00116362549423,100.49702131465928,314.535928549891,-23.853853345733555,136.1534749112156,322.4372752130647,14.948475647180784,140.0859268720782,322.7955189350246,18.924195514459164
2023-02-17,406.05999755859375,407.260009765625,20.020000457763672,16.940000534057617,65.8044827267897,-100.93626174194128,-121.34308459281968,163.71881358266228,0.029545604267580128,-95.78595203498753,214.08280573854748,143.86785740789296,-68.77022796047073,217.15943651734275,167.2783038762942,-66.96358385092262,217.22161490437557,168.54871203390792
2023-02-21,403.05999755859375,399.0899963378906,22.8700008392334,21.13999938964844,65.9744211348835,16.99384080937989,270.3943837094513,-67.108158027337,-122.55462236892464,442.19293249253855,21.582162847609943,-346.5870152764071,489.02926047280897,33.85647675055174,-303.9054602335218,495.9166151142028,34.68403889876057,-298.49131452867834
2023-02-22,399.5199890136719,398.5400085449219,22.290000915527344,19.200000762939453,64.42504870190564,-154.93724329778615,12.26784479421619,162.39248795558615,-113.34066550831477,156.35154771171844,231.67087275884305,-85.7808910856627,186.07411856483154,238.32186214341124,-45.97152869625296,188.88938458298028,238.57541058267716,-42.132085469032994
2023-02-23,401.55999755859375,400.6600036621094,21.13999938964844,18.11000061035156,63.262668083195265,-116.23806187103725,0.077148947199015,165.69278672641764,-113.87281106967723,139.63046049826724,225.54862889212214,-80.49299035606012,165.40353423859153,230.18897443038975,-46.2817165650413,167.3893435686228,230.31747979602852,-43.62594778680402
2023-02-24,395.4200134277344,396.3800048828125,21.670000076293945,18.3799991607666,61.84931980451729,-141.33482786779723,-113.2382844307312,161.5161688246399,3.7864593591764772,-81.80284174438832,221.53923013947949,141.2766336781856,-45.396349145514336,226.34867832019165,165.04205939158857,-42.11336230082711,226.497535317629,166.57033307008388
2023-02-27,399.8699951171875,397.7300109863281,20.950000762939453,19.3700008392334,60.85677493705141,-99.2544867465881,101.02157075933683,82.1846919117167,-120.83874841146171,257.23070703915363,152.51092373307927,-185.2933077285254,292.05179283442607,159.48080878411565,-149.50311176819852,295.6763706535874,159.7658587183525,-146.15301574394738
2023-02-28,397.2300109863281,396.260009765625,20.700000762939453,19.59000015258789,59.47787955871813,-137.8895378333283,-44.191304156574525,236.0137128247185,-128.35414143815635,124.33079507628476,307.4406976164719,-50.951080452621,164.46529307251606,314.752145010148,-19.33819683101554,168.97054633292353,315.07254183623144,-16.525919049414583
2023-03-01,395.4100036621094,394.739990234375,20.579999923706055,19.59000015258789,58.335433660677225,-114.24458980409042,-88.28456719375481,283.65311174639163,-132.24377316273782,85.96481585846527,354.7366006980465,-12.979099784634515,128.27821519414317,361.9975453819782,16.111082970979474,133.09121830404106,362.31763852161527,18.565208291130087
2023-03-02,392.6799926757813,397.80999755859375,19.59000015258789,18.709999084472656,58.05350707181921,-28.192658885801336,-130.9854225299442,-179.98911597855988,364.28833801057476,-467.4645073762181,-118.71659891472552,528.3151168072102,-439.54591921993705,-113.77978898580406,561.8153517485538,-437.2488072292925,-113.63348295201378,564.4566178513246
2023-03-03,399.7099914550781,404.19000244140625,18.489999771118164,17.760000228881836,59.96201357772439,190.850650590518,-130.52539094000846,-123.7011263771482,301.7688302790435,-407.4700688764876,-68.20009585349408,461.4784212268564,-381.963768314681,-64.33405646501213,491.5653856876925,-380.1378590944363,-64.24182196602352,493.6062581272074
2023-03-06,405.0499877929687,404.4700012207031,18.61000061035156,19.600000381469727,60.07335464528683,11.134106756243511,-68.85392035849824,260.0180431553656,-124.22640102508905,95.65224769586658,334.9144824889119,-17.950766570345266,135.20607601603973,343.0782418426549,17.779955600659992,139.82731428126127,343.466353000287,21.330548114778193
2023-03-07,404.4200134277344,398.2699890136719,19.59000015258789,20.959999084472656,57.831632593472506,-224.1722051814321,312.95533374823043,-176.48332857593127,-129.11010032049683,495.2859550217759,-161.16270616236312,-473.0844235688823,547.0392647941475,-148.9230795612718,-508.6784236007523,554.9087931702092,-148.08439223433842,-504.27964552664514
2023-03-08,398.3900146484375,398.9200134277344,19.11000061035156,20.56999969482422,57.26280606403866,-56.882652943384926,-114.81395262434059,226.33589193120363,-37.9002027269282,-28.443107991515525,307.9163460729014,114.78147693667749,19.262850748988104,318.0329784381285,149.24609662707064,25.780337463118098,318.6231027273275,152.8616231792668
2023-03-09,399.739990234375,391.55999755859375,22.61000061035156,25.459999084472656,59.88963370336327,262.6827639324617,37.04295327270335,-150.6189063782234,-111.26903076915157,220.9564790180784,-367.5051726911264,-414.5891103111251,283.4751043620575,-338.8928201095015,-690.1297272386269,297.56564661626965,-335.02854538012116,-675.2989481632274
2023-03-10,390.989990234375,385.9100036621094,24.799999237060547,26.86000061035156,61.85483986844933,196.52061650860588,376.4902685132803,-146.62735208700647,-112.79367965982311,569.895335190539,-21.599397758788562,-417.77939933902456,640.0065719219982,10.847301326275074,-357.96845662003125,657.3569984815058,15.741526448509882,-342.4153207157069
2023-03-13,381.80999755859375,385.3599853515625,26.520000457763672,30.93000030517578,64.87541634375386,302.0576475304523,-110.0967574195412,32.197070182544586,231.22479790016007,-240.63637811142434,193.4808984074724,446.1044105594652,-157.1936513597736,243.02382019234983,534.405903716275,-131.86812838246658,253.4842118758826,560.1256459908678
2023-03-14,390.5,391.7300109863281,23.729999542236328,25.969999313354492,61.61834179163367,-325.7074552120187,-109.54723422359402,176.00886616509362,52.30662367445154,-81.13629223508215,302.7358393428091,231.16376895308298,-7.412779095771002,331.39506044485876,288.1353134141421,10.413083408792792,335.3631448675136,299.30630234175027
2023-03-15,385.8900146484375,389.2799987792969,26.13999938964844,29.309999465942383,65.33964909678087,372.13073051472065,-111.81424444776945,34.87841598500656,220.14064795409104,-238.8611956364355,186.0419530381005,427.4274453878886,-160.3659538246138,228.8033832982255,508.1359590787431,-138.1323229541641,236.84360174780775,529.6593800915354
2023-03-16,386.8200073242187,396.1099853515625,22.989999771118164,24.61000061035156,62.03595463158281,-330.36944651980633,-121.09028460460004,-159.85858329364115,-25.865765451902,-443.74178212567847,-458.7144990820228,160.87559521696215,-799.1566213706238,-437.3660526405959,219.70258492099654,-788.3591599065551,-435.09798639312527,230.3867378097446
2023-03-17,393.2200012207031,389.989990234375,25.510000228881836,27.010000228881836,64.07304739520245,203.709276361964,189.66361858341506,53.84943886956639,-114.7889676718915,389.5669944910688,190.53224621242214,-224.21200664555292,464.63213199324974,224.56314427684808,-157.22590022122267,484.05802715582456,229.93158086050352,-142.085698490909
2023-03-20,390.7999877929687,393.739990234375,24.149999618530273,25.899999618530273,62.63943202101406,-143.3615374188392,-118.54492455410296,74.58868511409767,161.79415083860604,-208.05217979769594,200.38531407446987,356.43352216790805,-145.37859662865193,228.3287450460813,423.2649617330877,-131.3269891128081,232.03713881993275,437.447556469695
2023-03-21,397.239990234375,398.9100036621094,21.3799991607666,22.84000015258789,59.96816332098874,-267.12687000253226,-116.20193991940602,142.25521721033337,67.86983298517731,-123.88779792118268,244.1370450482024,237.5429643666937,-67.50285587081228,261.2691012176087,284.5820540844093,-57.351716840926166,262.81130514782575,291.6375415936379
2023-03-22,398.7300109863281,392.1099853515625,22.260000228881836,23.75,57.9533300453044,-201.48332756843388,188.47082048504544,-160.49954530204255,-113.81302217791182,363.02988994256714,-238.38257473518993,-425.40618169692715,416.7496424300613,-217.517119494641,-554.8424844567928,426.92810802706816,-215.35064033386507,-544.0328404723833
2023-03-23,395.0899963378906,393.1700134277344,22.61000061035156,23.11000061035156,59.02006332563623,106.67332803318317,64.54057177183134,151.09126407148457,-120.53551289360841,244.31552446252604,254.14630458294224,-129.05988728393976,299.110768554241,271.70561881182095,-79.19714355983862,308.9646721495138,273.3085661161795,-71.4133898327389
2023-03-24,391.8399963378906,395.75,21.739999771118164,20.6200008392334,58.57604393770568,-44.40193879305525,-125.94147446737074,-59.14406132241263,255.3900665329966,-341.3901869566679,19.119186982560677,423.32948489310434,-302.9893694595825,28.15395417578397,463.6541597267336,-298.3692771848165,28.61619820152528,468.07924954991387
2023-03-27,398.1199951171875,396.489990234375,20.600000381469727,19.309999465942383,56.5827089034282,-199.33350342774787,30.406574623156658,156.963461444462,-126.29382102774667,194.12779584408025,225.99839404610404,-123.74219964681768,231.56515408003625,232.70777520349463,-91.87381756390006,235.51776175764897,232.97858292072624,-89.11246229614085
2023-03-28,395.7699890136719,395.6000061035156,19.969999313354492,18.329999923706055,54.87185479064456,-171.0854112783636,-88.93887006633882,258.74560428158975,-118.79701289595684,57.32276823753313,317.714043162644,0.7909248261455359,85.2331046422189,322.2180149070286,31.973102753609588,87.44878162658097,322.34209035812415,34.26261931428562
2023-03-29,399.9299926757813,401.3500061035156,19.1200008392334,17.170000076293945,56.74859096806614,187.67361774215772,-124.79880907806346,154.42523761653993,12.458281646522076,-113.21343348714105,204.4686653633071,160.91016473875442,-87.84008119407575,207.48068642992192,185.639110780564,-86.19936994152326,207.53955701802968,187.01079697311965
2023-03-30,404.0899963378906,403.7000122070313,19.020000457763672,17.299999237060547,58.00217708748299,125.35861194168518,-90.78901721956997,262.4459482661489,-126.70647472433558,63.30598896553655,315.355122150158,-12.273039640789582,91.98621327755649,318.83761515266167,12.034768809185595,94.05667576010124,318.9164740306476,13.447422461070138
2023-03-31,404.6600036621094,409.3900146484375,18.700000762939453,16.510000228881836,61.32086109067835,331.8684003195358,-131.93054735197254,-153.7164772472206,323.9516479172515,-436.70248097291505,-107.45313636739577,480.0507260141838,-416.1655296625522,-105.00951464418532,505.8152305753376,-415.06265651751283,-104.97139965249353,507.15615089550937
2023-04-03,408.8500061035156,410.9500122070313,18.549999237060547,17.030000686645508,61.97171981292263,65.08587222442799,-126.92060033480408,96.82066004779804,74.3682372933123,-176.82736656167225,149.04767461586442,227.03594101500516,-151.27142143310888,152.38795206289095,253.77794475646655,-149.54484584520708,152.45888636484952,255.39214525154452
2023-04-04,411.6199951171875,408.6700134277344,19.0,17.420000076293945,60.8665137656751,-110.52060472475276,200.40374632132412,-35.812866660361586,-115.21276173740712,340.5268885422115,21.5239688249518,-284.3691368772046,365.8468842527023,25.70360256640336,-252.2463393116352,367.70316440372136,25.809560357150097,-249.92207661263492
2023-04-05,407.9100036621094,407.6000061035156,19.079999923706055,16.989999771118164,60.142917400296994,-72.3596365378107,-85.3439520690322,250.98551602686675,-122.13065672165283,61.44568941541653,302.45514082480713,-12.106464563875738,87.31460826733988,305.6834584401662,13.561193025096133,89.04807169764196,305.750410083121,15.05650753215553
2023-04-06,406.7699890136719,409.19000244140625,18.399999618530273,15.68000030517578,60.23492301446001,9.200561416301412,-128.38371671900398,58.062193091590665,101.94279629284642,-213.66605743284703,97.64218331878388,249.54082345084927,-195.1633640494027,99.29567667135298,270.63637812726637,-194.35489529009138,99.31393450402125,271.4814557085045
2023-04-10,406.6099853515625,409.6099853515625,18.969999313354492,16.799999237060547,60.93512305872236,70.02000442623526,-133.25362845961487,28.187754732890703,146.80508946060957,-259.5191696029469,77.88568802853834,306.77931778817197,-237.91963425055178,80.80662047987806,334.931060306898,-236.64537672509846,80.85996505535164,336.5780293645564
2023-04-11,410.260009765625,409.7200012207031,19.100000381469727,16.860000610351562,61.095090597096544,15.996753837418254,-88.1766875876584,262.95153546967174,-131.15702755947316,71.37080467765546,314.52807335398336,-21.863826664201834,101.30436792051867,317.81723104489686,-0.1489193514434306,103.43955861778821,317.8891637162067,1.0055968223457135
2023-04-12,411.8699951171875,408.0499877929687,19.09000015258789,15.899999618530272,59.81110480920708,-128.39857878894634,269.1829069961946,-113.5746761735252,-120.46785022096175,409.19353392976194,-70.47557801005598,-369.3900228568177,430.44827528896235,-68.4124475388194,-347.5173147269439,431.53299174730296,-68.38409621321443,-346.5387885925686
2023-04-13,409.1799926757813,413.4700012207031,17.799999237060547,14.649999618530272,62.08028762697897,226.91828177718918,-114.03745691823684,-180.7317785058185,318.791208278245,-416.6788127097025,-148.75108808986528,444.281903793316,-398.1848781913463,-147.7699698604414,457.77580135874183,-397.5406248632686,-147.76282819261255,458.11267896835443
2023-04-14,412.80999755859375,412.4599914550781,17.06999969482422,13.350000381469728,60.39534852095981,-168.4939106019165,-69.08957005417716,197.26610020136553,-113.19196136730733,52.4564891816756,220.20938654301736,-34.46987254950493,63.29102030639884,220.61143439530701,-22.359949214614637,63.493684914910254,220.61260251326868,-22.16056539716622
2023-04-17,412.3699951171875,413.94000244140625,16.950000762939453,14.510000228881836,61.201012791887514,80.56642709277071,-107.98859102394741,72.65742065397339,59.67756439979881,-149.7297069244704,104.9625322455625,177.69296811470727,-129.39113934170942,105.97939940597468,189.66732644924107,-128.65272053005265,105.98721373168026,189.9457897384771
2023-04-18,415.5799865722656,414.2099914550781,16.829999923706055,14.710000038146973,61.21709086897581,1.6078077088295117,45.422028077234366,91.36218405700623,-110.18294605364042,167.93852265205746,125.92216769937434,-137.5819405494464,182.27465063968137,127.07748372138525,-117.34927515427637,182.74845237862758,127.0862934618111,-116.66774614600632
2023-04-19,412.2200012207031,414.1400146484375,16.459999084472656,14.300000190734863,60.716968571063546,-50.012229791226304,-112.02433564577504,49.44385020556401,84.77858561688672,-181.37025926151813,79.6006679440027,207.01391778980786,-163.53090554534052,80.44622629561678,219.33677448313009,-162.95909623357235,80.4516189666779,219.61053157585678
2023-04-20,411.2099914550781,411.8800048828125,17.170000076293945,15.130000114440918,59.572548271078844,-114.44202999847022,-114.53816239129597,184.819816754619,-41.68173665275694,-53.800985856457764,221.37845202695584,86.38368521681049,-32.535394224836374,222.7612336767426,101.69055776294725,-31.624934231598377,222.77506258216383,102.16291692645879
2023-04-21,412.19000244140625,412.2000122070313,16.770000457763672,14.880000114440918,59.31921177840292,-25.33364926759276,-114.60935518659495,250.29079372375554,-108.9025491158859,12.117579904891931,285.02840070679383,18.474076371513682,32.20487203696807,286.2411675619248,33.13512180438065,32.99874212213829,286.25189814382964,33.5540432837768
2023-04-24,411.989990234375,412.6300048828125,16.889999389648438,16.649999618530273,59.5496398200634,23.042804166048114,-123.11987599182724,226.23310449896613,-61.178674491239015,-37.34859834361732,276.1263760766289,84.87973505241058,-11.362508908835897,279.1229587695223,108.8455594011158,-9.672044602910487,279.1816009753462,110.15205484284144
2023-04-25,410.5799865722656,406.0799865722656,18.760000228881836,19.079999923706055,56.7594901040688,-279.0149715994595,360.1583184396229,-180.48702760784644,-114.70220734016908,508.51245501675504,-107.55922655447324,-433.3853288160344,540.7877256847493,-100.00118384536006,-392.40841273687903,544.1229214189901,-99.6767981515836,-388.1799538440198
2023-04-26,406.7200012207031,404.3599853515625,18.84000015258789,19.280000686645508,55.58221923428539,-117.72708697834133,135.08401339454713,47.34370738705811,-117.60425832082221,287.85416421006676,120.1258874095984,-212.88194641936144,321.9178618783627,127.67464273952072,-173.83634233621095,325.53324516600725,128.00176446842684,-169.8971426740986
2023-04-27,407.0,412.4100036621094,17.030000686645508,17.219999313354492,59.28079514008774,369.85759058023507,-123.10534163920696,-207.1707650705836,334.5544788235965,-472.0302730830244,-194.93367539501892,482.4327432254036,-485.2255258452517,-191.40957736644557,507.9449408381563,-483.23314457130465,-191.329722191485,509.4772822616362
2023-04-28,411.489990234375,415.9299926757813,15.779999732971191,15.529999732971191,60.94726050239774,166.64653623099994,-107.3915302338433,-214.4641609665424,354.89733228937837,-438.013097515515,-173.4638023157861,475.5245093437792,-411.53686495018144,-171.59403157651465,490.0738163188399,-410.1496749678908,-171.5688506868765,490.55649848860656
2023-05-01,415.4700012207031,415.510009765625,16.079999923706055,16.06999969482422,60.62901624075869,-31.824426163905173,-109.5973613433481,234.78981057404374,-86.13784442056495,4.313638227484764,281.80313294594305,39.97201053148351,34.040824572948544,284.4341768947806,57.306105045083264,35.938405364411686,284.48213538194483,58.0398569397685
2023-05-02,414.7699890136719,410.8399963378906,17.780000686645508,18.61000061035156,58.43489704607889,-219.41191946798,287.9044968488921,-107.24237910987677,-118.81852455742268,440.6526431570434,-37.44006836652043,-369.3840264762594,473.91472030219694,-30.615044867328997,-332.57209902937757,477.2712258821677,-30.343351018649997,-329.09923859367416
2023-05-03,411.3599853515625,408.0199890136719,18.34000015258789,18.489999771118164,56.87093655144947,-156.396049462942,182.8535351465213,8.65690638484329,-131.81281140642352,353.97607273829635,76.31325407154799,-285.25038477264474,393.80479455079336,82.74131191225858,-257.16881963904757,398.00934868731275,82.99525117164815,-254.94109063764006
2023-05-04,406.9299926757813,405.1300048828125,20.09000015258789,19.8799991607666,56.986205004879224,11.526845342975633,62.9700128846851,128.97379172739497,-121.45653034162366,225.55336513064006,207.41978355961288,-143.359865066945,265.29851178957364,216.52600935285153,-104.18730587344618,270.15727340023267,216.99772337306607,-99.9289810931341
2023-05-05,408.9100036621094,412.6300048828125,17.190000534057617,15.34000015258789,58.974554536634976,198.83495317557518,-123.85701928656415,-89.038446784652,242.222172942878,-349.3521682298865,-51.75302235122439,382.70947487524757,-330.5937945585614,-50.322422577525195,401.2506527659292,-329.81629089195866,-50.30829544894606,401.90378522119494
2023-05-08,412.9700012207031,412.739990234375,16.979999542236328,15.239999771118164,58.620521846151036,-35.40326904839404,-96.09948323855983,248.51474231814484,-122.65328839041986,44.07645465880916,286.23543056906794,-10.236134559077056,63.642231119032,287.7137799796348,7.933961004929893,64.47929447189712,287.7289637529416,8.575288578746123
2023-05-09,411.1300048828125,410.9299926757813,17.709999084472656,16.399999618530273,57.8290786122906,-79.14432338604342,-112.09861833199476,279.42279570050664,-127.84213947695343,40.35192527971743,326.86355115383157,4.387334408588986,66.62549796059317,329.52077295057956,25.601965708693953,68.25503907722748,329.5682214782353,26.629921164680393
2023-05-10,413.8800048828125,412.8500061035156,16.940000534057617,14.59000015258789,58.513544030277544,68.44654179869423,-8.784646861333043,152.3470593426321,-118.92870640543958,124.07217105392395,184.93948298026027,-95.82722389504977,140.21038786278055,185.95072406327498,-79.36582839056535,140.74972495766102,185.9579127389878,-78.89391254846566
2023-05-11,411.9500122070313,412.1300048828125,16.93000030517578,14.489999771118164,57.84303108338297,-67.05129468945756,-121.20032634527345,252.26541270219548,-107.7882610729705,0.38173978845133183,283.50095554791915,26.405272717166795,16.45988325040253,284.4111427695858,41.56861414239772,16.97309898379753,284.41708481104416,41.965594516837676
2023-05-12,413.4200134277344,411.5899963378906,17.030000686645508,14.09000015258789,57.42309441806434,-41.99366653186303,35.95079053856993,121.27528132636732,-135.70281585803204,188.2881310341883,150.75725489503407,-163.35878110079307,207.40295421227958,151.56334882152407,-152.98661025358078,208.0093371804209,151.5683692781609,-152.78689208118462
2023-05-15,412.2200012207031,413.010009765625,17.1200008392334,14.640000343322754,58.409308000404465,98.62135823401275,-113.0399330678063,166.5540275915088,-28.615102265738045,-67.42741353288989,199.4117374112419,95.98018959611724,-48.09676119731983,200.46552121650475,109.51547745998641,-47.39082840711924,200.47375159621095,109.8633445619483
2023-05-16,411.8599853515625,410.25,17.989999771118164,15.989999771118164,56.9825635056363,-142.67444947681653,48.82102234494561,107.39935749884955,-120.28013715217779,188.9879720181529,151.29831775222493,-148.2874546038068,210.5335297459815,153.45859247495366,-125.90313254169311,211.66099838340145,153.48951201152062,-124.87019761762596
2023-05-17,412.3500061035156,415.2300109863281,16.8700008392334,14.670000076293944,59.865519530262574,288.29560246262747,-109.11764611006315,-54.547116023401564,189.22175837280315,-279.846165995429,-21.031402222300443,309.11915103739636,-258.9892145806758,-19.91541341967158,321.78723443253205,-258.19041210927867,-19.9060924108837,322.10444069617324
2023-05-18,414.8999938964844,419.2300109863281,16.049999237060547,14.0600004196167,62.62182909498132,275.6309564718748,-122.0497829150623,-161.76364970198202,304.51453416759426,-414.56170732730544,-133.1038305896591,438.5885987635904,-400.2093729793628,-132.37804070392414,452.8998739167902,-399.8145448396182,-132.37425031510452,453.2308398271524
2023-05-19,420.1700134277344,418.6199951171875,16.809999465942383,14.25,62.54327869153107,-7.855040345025088,23.76808982365597,128.04410637874176,-127.94392522057782,167.69693529087996,159.87109492232756,-140.2606546139742,186.02630429509784,160.83910461741337,-126.75610298051733,186.65782059725709,160.84603671150245,-126.41959758620241
2023-05-22,418.6400146484375,418.7900085449219,17.209999084472656,15.520000457763672,62.75903533021365,21.575663868257777,-111.29910089232988,259.60447071226827,-113.92420038707505,19.521116948994145,301.9443577068889,19.410862559660092,38.01780602041445,303.8951677826798,43.278681628879916,38.877549327261086,303.91978892869923,44.36983109426264
2023-05-23,417.0799865722656,414.0899963378906,18.530000686645508,17.3700008392334,59.901616550794124,-285.74187794195257,169.71450963350028,7.3416984645174015,-126.33038394826139,326.76272201450513,66.02624017603807,-268.93896285933454,358.33661882333234,70.52417518145248,-241.70093046543766,360.9698637910906,70.65156267265586,-239.8348969764472
2023-05-24,412.4200134277344,411.0899963378906,20.030000686645508,19.770000457763672,59.030525656664246,-87.10908941298783,-23.14342928207831,226.6443607098477,-130.74616491357835,155.884412209212,307.3578447857988,-70.66690000942498,203.55463299472544,317.22059047139476,-37.06056394240644,209.9826201616147,317.7836632479756,-33.61063707449541
2023-05-25,414.739990234375,414.6499938964844,19.13999938964844,18.459999084472656,60.74172954143304,171.12038847687927,-93.88256234399375,272.5075225211473,-118.21272207548105,57.050982888930584,340.87847818459187,12.442977516755763,89.21466746103323,347.3602004886058,48.89620371040253,92.34716295660233,347.60615559091053,52.24910654341153
2023-05-26,415.3299865722656,420.0199890136719,17.950000762939453,17.239999771118164,64.04849452778195,330.6764986348917,-115.03845448112122,-203.15830981845588,365.5105816329902,-449.96915866104143,-147.88577492327698,504.15346562787715,-418.13003909930376,-143.61528528985434,527.704927384329,-415.3076434151788,-143.49723886684367,529.1542492618117
2023-05-30,422.0299987792969,420.1799926757813,17.459999084472656,16.510000228881836,63.53046962935757,-51.802489842438604,59.81834606420697,109.86208797941507,-125.30233865441069,211.55890342515835,162.19890093038651,-161.19994495471374,239.26399890671357,165.5797640116198,-136.49427691110108,241.2076046963384,165.65371458581612,-135.05646811244782
2023-05-31,418.2799987792969,417.8500061035156,17.940000534057617,16.850000381469727,61.80569650510779,-172.47731242497792,-100.98336266268213,279.11817623281325,-131.5143846783916,60.94472295850728,333.6973226863257,-7.938685491535688,92.73700646056014,337.4829312615577,14.941924164202083,95.19862323403785,337.57667796583587,16.266757320593662
2023-06-01,418.0899963378906,421.8200073242187,15.649999618530272,13.979999542236328,63.804781117620095,199.90846125123056,-115.82791520650233,-120.3552905642365,257.20345989501186,-359.3199305695959,-91.37631887819691,383.69675081565305,-343.21125515304016,-90.61975275641282,396.5713059414696,-342.7378989441685,-90.61549390008007,396.85452118170156
2023-06-02,424.5,427.9200134277344,14.600000381469728,12.739999771118164,69.04652313885691,524.1742021236817,-97.9482899740706,-142.05648264220517,254.50488014559144,-339.59147830164426,-119.59765755112979,357.0901141430842,-324.1277692725943,-119.19912923900543,364.08651177461564,-323.80669019202537,-119.19784766949945,364.1639617455462
2023-06-05,428.2799987792969,427.1000061035156,14.729999542236328,14.140000343322754,68.14486354182155,-90.1659597035362,-21.223022064295204,178.37538219958552,-131.677526562787,128.3124031096947,211.80893333385737,-99.13338851388299,148.50909580089402,212.9131143571659,-85.88749747977859,149.27097690865983,212.92214694819756,-85.54517889199725
2023-06-06,426.6700134277344,428.0299987792969,13.960000038146973,13.829999923706056,68.78421118734116,63.934764551960654,-129.95084119337668,160.80248941669203,-8.619820086945415,-110.40739388853915,190.9930351148299,136.05766696379644,-97.25877802510611,191.81148005371725,153.10416192659957,-96.89694121768949,191.81604518181564,153.56077516683484
2023-06-07,428.44000244140625,426.5499877929687,13.9399995803833,13.859999656677246,67.30400811749836,-148.02030698428013,39.66375331643308,120.7424198616401,-136.65158577585325,194.4807409348902,152.45572482562622,-167.1545244436959,215.084779249511,153.42735391460056,-156.0380919483829,215.81472813901,153.43451976054817,-155.796398919438
2023-06-08,426.6199951171875,429.1300048828125,13.649999618530272,13.59000015258789,69.68907477551127,238.50666580129172,-131.23206880805603,47.91458729799201,103.72423774045564,-225.3380768918386,76.28006109014825,249.03793593961996,-213.442088542966,76.97316390753811,265.5106805660751,-213.15228458397215,76.97642309070955,265.9139822700852
2023-06-09,429.9599914550781,429.8999938964844,13.829999923706056,13.289999961853027,70.42277405526113,73.36992797498567,-109.16219399369403,247.54042706687648,-119.86874855938618,22.02289158228641,274.0086291424406,-0.32111639017291305,35.76580722770382,274.60091982075784,12.40674814339238,36.104504112502475,274.60349792417645,12.660344171019291
2023-06-12,430.9200134277344,433.7999877929687,15.010000228881836,15.350000381469728,74.28767369987182,386.4899644610688,-124.42646221510391,3.092419678284466,157.877215036732,-261.4683990180504,47.594309739961396,302.85354980603495,-238.96769319943465,49.836288028033486,324.8881433352883,-237.7520710204195,49.86969731422557,325.91464683058393
2023-06-13,435.3200073242187,436.6600036621094,14.609999656677246,14.399999618530272,76.954105828759,266.64321288871804,-111.39173943448759,108.4971130188112,32.76709913483031,-123.34151207328736,146.32830329972595,157.32820150207107,-100.30585123903856,147.84252000935572,172.1402898457918,-99.25585629656474,147.8590789064105,172.6045618666811
2023-06-14,437.010009765625,437.1799926757813,13.880000114440918,12.710000038146973,77.3263721115344,37.22662827753993,-116.17626626404689,234.50772079612426,-102.62125926706888,-3.3706252839253303,258.1766336228978,22.124299582778995,9.315432924264469,258.620112656743,33.10863445696748,9.580813647790956,258.6215929123478,33.286733673151915
2023-06-15,436.3299865722656,442.6000061035156,14.5,13.579999923706056,82.68812175684269,536.1749645308294,-108.61945607206806,-235.19809750078943,206.91929717048757,-458.66088854713405,-364.1376363413936,325.27896641375673,-599.364543566836,-363.2213020724008,337.0494189505356,-598.7101489336903,-363.2149657147198,337.31136901618686
2023-06-16,443.0199890136719,439.4599914550781,13.539999961853027,11.329999923706056,79.45985267878997,-322.8269078052719,243.57615839892918,-119.64778680422158,-116.61559305503594,365.90178848777185,-104.37629070279516,-355.8511607218085,374.2389992511438,-104.23844147650338,-348.91672646074994,374.3246276126518,-104.23829255349932,-348.86450557576774
2023-06-20,437.4500122070313,437.1799926757813,13.880000114440918,12.920000076293944,77.05994189404593,-239.9910784744037,-102.24617117811175,239.25902220945224,-118.51846730249768,31.291317256695784,265.7121235000509,-9.588158734406724,48.85123843210841,266.3208982934972,-0.6920747324732113,49.321225644678954,266.3238021802447,-0.5532842783813252
2023-06-21,436.1600036621094,434.94000244140625,13.199999809265137,12.029999732971191,74.745675418837,-231.42664752089388,-1.8569329610063279,136.6277998019253,-123.91325630668685,130.55664143819942,155.44412789791895,-116.85436095388148,141.658549709612,155.68879784800484,-109.13946372253982,141.8253632224207,155.68927525476542,-109.06160714063216
2023-06-22,433.9500122070313,436.510009765625,12.90999984741211,11.149999618530272,76.23890185890055,149.32264400635518,-111.03643579589476,-23.29282554089327,139.17151006060945,-246.18157581381342,-10.491859255309619,253.70836643605568,-239.5106684648856,-10.407317356888843,259.8384806155344,-239.46096289595664,-10.407262114065905,259.8733169488329
2023-06-23,432.9299926757813,433.2099914550781,13.4399995803833,11.609999656677246,72.96974632686268,-326.9155532037871,-114.0552254414388,213.56498734599896,-92.13815148704987,-16.679644601893195,228.8953153252782,26.789243663837038,-8.821959922047837,229.03330396971168,34.26203246877415,-8.74311767494824,229.03344947521498,34.32117888501869
2023-06-26,432.6199951171875,431.44000244140625,14.25,12.68000030517578,71.18529902764547,-178.44472992172058,26.32799297346191,95.1304989324253,-106.6042792153148,139.89236676561913,117.94342918475918,-122.04812613572057,149.3019605886234,118.33345712408548,-108.6437447380388,149.46157877871354,118.33450209243742,-108.41333456596536
2023-06-27,432.3500061035156,436.1700134277344,13.739999771118164,12.050000190734863,75.74289931619413,455.7600288548656,-100.63450461012567,-174.7059195779798,286.09755974853584,-377.13198618324094,-155.9900664557854,390.73371997398084,-364.90967725160874,-155.7454682254758,397.2277541619144,-364.7222609412657,-155.74497822810446,397.28493623353194
2023-06-28,435.0499877929687,436.3900146484375,13.43000030517578,11.739999771118164,75.8958017999356,15.290248374147097,-110.35746835211732,98.51846014963569,20.44049777873569,-124.2209531962673,115.0786672876495,135.59456827738072,-115.02750004706962,115.25079279250882,142.96155563900672,-114.91834630250858,115.25102616531869,143.0245274425518
2023-06-29,435.9599914550781,438.1099853515625,13.539999961853027,11.75,77.56509194721903,166.92901472834336,-113.92722295621282,26.972505581439044,95.71952691738781,-203.5073797211111,43.69603268581852,215.04732673369895,-194.76119344844707,43.87117015579232,223.02490299959794,-194.65866520655715,43.87140558997593,223.09751227018992
2023-06-30,441.44000244140625,443.2799987792969,13.59000015258789,11.529999732971191,82.66281860898978,509.772666177075,-95.81756587596921,10.88212454246962,94.20424882224329,-180.82464579772807,28.10964959297546,192.8902650791107,-168.98584550485714,28.306461385614526,198.27930934431714,-168.82678638447166,28.306780893185945,198.31706208919266
2023-07-03,442.9200134277344,443.7900085449219,13.56999969482422,12.0,83.04549436978792,38.26757607981364,-117.28371963944133,165.61134150939088,-36.62056316588818,-73.22524391452242,185.27711777521804,87.8017467539232,-63.22652045968342,185.54656191055744,97.46934391373479,-63.07579935580334,185.5471062593809,97.58806711210396
2023-07-05,441.9100036621094,443.1300048828125,14.18000030517578,12.56999969482422,82.32781696633944,-71.76774034484765,-119.6523721691998,139.52019285120335,-4.1816876731415515,-106.0200964735934,163.16504342182552,124.745114518039,-94.08692583863358,163.6039284574091,136.45821153505605,-93.84529845930817,163.60534553876377,136.65547000211944
2023-07-06,439.4200134277344,439.6600036621094,15.4399995803833,13.960000038146973,78.93095944504512,-339.6857521294322,-107.46497877035874,205.23909580009735,-70.25300593436637,-16.914139650107995,240.7189244572346,48.32688977794264,5.720170311071351,242.01056348969703,61.18472099287826,6.667035809559854,242.02287600867484,61.5295255467587
2023-07-07,438.6300048828125,438.5499877929687,14.829999923706056,12.600000381469728,77.73845019033774,-119.25092547073746,-84.49672990686354,207.39744206949948,-107.36954314385267,30.227476042492697,230.88732865004536,-11.674298376739786,40.015190835610845,231.30933729701505,2.0290985917396553,40.19025417445199,231.3105624780667,2.276044453778938
2023-07-10,438.1799926757813,439.6600036621094,15.06999969482422,13.5,78.72023794523506,98.17877548973115,-113.29164436754243,97.96165889310976,37.840717609057315,-135.82978946975192,128.43110858949805,161.80571458691293,-118.14228239939048,129.29630157203448,174.59322871994496,-117.57275769867192,129.30187307903955,174.88890531657518
2023-07-11,440.4500122070313,442.4599914550781,14.84000015258789,13.699999809265137,81.43751795394613,271.72800087110716,-105.76551520323669,22.58221107848184,108.84877555433653,-195.18945808417564,56.206400069820475,224.58264077437107,-173.36778745886426,57.334111330434176,236.3946703445725,-172.52391660931423,57.343622534608386,236.67853104890352
2023-07-12,446.3900146484375,446.0199890136719,13.539999961853027,11.380000114440918,84.89907490625195,346.1556952305827,-97.43155883488353,236.14771236753498,-129.7699035362289,41.0591738864589,253.05267992572087,-29.326290678707444,52.42027765102922,253.23931313704978,-23.782139739912655,52.56780042179761,253.23960028222902,-23.74302923818734
2023-07-13,447.8999938964844,449.55999755859375,13.609999656677246,12.130000114440918,88.39304755696824,349.39726507162874,-119.0055729994625,92.56345824370732,40.06743976512206,-150.76663538779363,114.14750081483643,167.33652417906188,-139.9366836157569,114.49206459673772,178.0914932732016,-139.74820442662335,114.49294289178516,178.2475782303753
2023-07-14,450.4800109863281,449.2799987792969,13.34000015258789,11.899999618530272,88.07023166091898,-32.28158960492635,-25.88679340714528,176.29595789423004,-136.76265683299252,123.08297938462525,197.90118311008212,-106.477716171693,137.89831056725558,198.25993866892196,-99.68678763233021,138.1858313085055,198.26097317506316,-99.61555230395174
2023-07-17,449.1300048828125,450.8399963378906,13.479999542236328,13.09000015258789,89.50929420274878,143.90625418297986,-114.56762548113956,78.764751220314,57.533629491962905,-157.6444694893117,108.45422401321784,182.78178296744966,-140.7981662661027,109.26078226021836,195.62977315072325,-140.2826284612882,109.26560287379718,195.9208000544918
2023-07-18,450.5,454.19000244140625,13.300000190734863,13.149999618530272,92.81586524188104,330.65710391322654,-103.22211332777417,-153.25164751884589,280.2386770703056,-364.7869066437686,-121.52801373339629,392.12460479534496,-343.6563249216607,-120.5552318055054,402.7248164462789,-342.90706007465013,-120.54807221791319,402.9483461461801
2023-07-19,455.010009765625,455.2000122070313,13.760000228881836,13.359999656677246,51.04203839203734,-4179.98268498437,-119.60162865346213,248.47655890447447,-103.42404815590191,-0.6472317275571826,281.8861585613542,29.783640708526598,17.11355757912736,282.9716854472132,45.440837868404735,17.747536427031353,282.9800722568961,45.892401457146256
2023-07-20,454.1700134277344,452.1799926757813,13.989999771118164,13.56999969482422,50.959434946517575,-8.260344551976573,66.86758587819614,89.11020727445126,-128.63178098145536,213.506341003698,124.414937007392,-182.299760357827,233.7465233303125,125.67550548207092,-167.22377850518183,234.5581311662018,125.6869399283899,-166.77479114646073
2023-07-21,453.9599914550781,452.1799926757813,13.600000381469728,12.5,49.55068473798437,-140.87502085332062,63.280142619362614,74.30250624737161,-119.78576795093574,194.01577644884114,100.05810472492878,-173.067578869279,207.4093684513473,100.60942138869245,-160.70333864342993,207.72433866565976,100.61165513949052,-160.46699045501865
2023-07-24,453.3699951171875,454.2000122070313,13.90999984741211,13.40999984741211,50.91145442643986,136.07696884554912,-108.48247182224188,149.46524615091155,-14.731645460476914,-74.6408849076871,183.6750925808644,104.66592174962067,-53.17974500579539,184.8490005546052,117.4248144790349,-52.33570043936633,184.85918675595826,117.75470044122434
2023-07-25,453.9200134277344,455.44000244140625,13.859999656677246,13.489999771118164,51.00982824366426,9.837381722439886,-122.64323246880757,125.75216826008918,23.194012491182804,-130.62994421743542,160.0138341043265,160.68531442155177,-113.26229949526072,161.1662560259784,177.5886171011022,-112.63223979149438,161.17553758346625,178.1109972386191
2023-07-26,454.4700012207031,455.510009765625,13.1899995803833,11.739999771118164,48.70243187933062,-230.73963643336413,-97.8922596071926,96.39786861347551,14.690139814878103,-100.72081050134847,117.55233499639596,116.85571126197053,-86.24768817216523,117.89148693585692,123.53798098752938,-85.97644429345809,117.89241260767865,123.6058894723416
2023-07-27,459.0199890136719,452.489990234375,14.40999984741211,13.470000267028809,51.95472483695687,325.22929576262527,229.2023493398559,-228.55002905779963,-124.11586571539905,370.09867657950923,-344.054856929376,-489.6938370044924,389.0362757743938,-342.7864719210163,-624.1249330617989,389.7788762119449,-342.77514091186185,-623.5991230072433
2023-07-28,455.8800048828125,456.9200134277344,13.329999923706056,11.229999542236328,49.44905131851351,-250.56735184433592,-116.8173837389445,145.90821488734596,-20.372820505534172,-90.78943429238777,162.58494309197908,102.27983408144343,-82.53415808322535,162.75733223816744,110.70150793452845,-82.44105630282075,162.75755409578173,110.78079533683461
2023-07-31,457.4100036621094,457.7900085449219,13.630000114440918,12.619999885559082,50.4952776572145,104.62263387009898,-104.60799636833752,181.70430033479332,-56.56326255658419,-32.06270176703596,210.196059306436,55.93108579348243,-13.584548323364595,210.9314019230109,65.94884347429753,-13.033003144698016,210.9355540758546,66.13264605549796
2023-08-01,456.2699890136719,456.4800109863281,13.93000030517578,13.010000228881836,51.023032598932815,52.77549417183138,-110.47192595135262,216.88265678404653,-83.27817527723413,-10.775686414178784,247.97392990127216,37.42317893637111,8.04012990995229,248.88886686800464,49.70488662518038,8.672257515587559,248.89511776371953,49.98770603752527
2023-08-02,453.25,450.1300048828125,16.09000015258789,15.399999618530272,56.69296938858784,566.9936789655026,170.64351841428038,5.468707478108195,-131.08576456186603,330.90466412151477,58.45388637039368,-279.76764583154466,361.52413183508776,61.96444332984121,-257.3211728224879,363.77843517896457,62.045205160185695,-256.06426895960595
2023-08-03,448.0400085449219,448.8399963378906,15.920000076293944,15.0600004196167,55.78180071800037,-91.11686705874718,-121.32214140983868,202.47341238281356,-41.661831012712746,-55.92549171449701,249.92156990483866,100.66160828794517,-30.60455468012322,252.56824651802464,122.83524767233567,-29.066332316565923,252.61466541476378,123.94395885583468
2023-08-04,450.7200012207031,446.80999755859375,17.100000381469727,16.09000015258789,59.37322818374278,359.1427465742413,289.1964095815917,-120.23936981171454,-117.93615550239898,434.1247231702481,-61.25976798247408,-376.00247424904353,461.4867421974238,-56.75840332874771,-344.26172039527734,463.62044989180987,-56.635232277046406,-341.8928838410968
2023-08-07,448.7099914550781,450.7099914550781,15.770000457763672,14.68000030517578,55.31652501122102,-405.67031725217646,-130.18335440507366,111.70880742163297,54.62305936145364,-166.25140848228403,155.81603736141247,207.17234207209793,-146.16315006654867,157.98845857321336,231.2218927509808,-145.1513631430766,158.0190377280521,232.38264684324105
2023-08-08,448.0799865722656,448.75,15.989999771118164,14.8100004196167,55.59785533791603,28.13303266950129,-119.91470014415212,208.68035541463107,-51.66745988479466,-45.488218278047675,253.73726836208542,87.51476311842,-20.976234499368495,256.06561781677345,108.096235575268,-19.585485130672197,256.10216110484635,109.03401108707598
2023-08-09,449.0299987792969,445.75,15.960000038146973,15.329999923706056,54.91612241482528,-68.1732923090749,203.125180198876,-35.16535324057879,-125.46185415252255,353.96044634234437,15.291337126952412,-305.77723737828785,380.7235592170658,18.37657328523428,-282.0216330661748,382.49822605181396,18.438600104537684,-280.7106530737568
2023-08-10,448.19000244140625,445.9100036621094,15.850000381469728,15.380000114440918,54.487457278574766,-42.86651362505154,91.29695211593106,81.25289966910535,-129.610790171921,248.2041519618897,132.15067884399224,-199.4940125788028,277.01399965553037,135.32175661396371,-177.33971901583206,279.0008471020379,135.3881186956883,-176.15501828826706
2023-08-11,443.9700012207031,445.6499938964844,14.84000015258789,13.630000114440918,50.95287850791206,-353.4578770662705,-120.78737981710549,102.66703420864224,43.00426056469939,-148.92911185843218,135.5096667266506,177.4496873216611,-131.83172248094917,136.54632723364324,193.20256531061534,-131.24207843380012,136.5539620820722,193.64959502514063
2023-08-14,444.7000122070313,448.1099853515625,14.81999969482422,14.56999969482422,51.060247396432175,10.736888852011361,-130.36839329801074,-31.078318153977968,195.30582164621117,-308.4511964709437,10.73950960201027,346.80695762148673,-289.55946952429287,12.63616055833088,369.75657009025576,-288.6847297993849,12.65967221776261,370.77855886410157
2023-08-15,446.2699890136719,442.8900146484375,16.459999084472656,16.559999465942383,55.746493032069566,468.6245635637391,194.26139039485983,-9.13464113803821,-130.68342413684314,360.04109898718275,53.267401543703905,-297.73940522784466,395.9464280172178,58.5257701830636,-271.0698609810351,399.28760833126887,58.69860077816613,-269.1504417326372
2023-08-16,442.4599914550781,439.6400146484375,16.780000686645508,16.360000610351562,56.43146735677104,68.49743247014715,124.08145795659536,63.061101574533375,-135.55115057373666,295.04927083766523,122.61122809368058,-236.14504905662344,331.72491674231844,127.3240409173304,-213.12798227128573,334.98779625234323,127.46662708817402,-211.67638504777867
2023-08-17,441.1600036621094,436.2900085449219,17.889999389648438,17.469999313354492,59.859908888254324,342.8441531483287,351.5449192587534,-162.58038263924385,-127.36059003036574,517.1739105277491,-93.01771848833776,-446.132218090322,555.4595530104499,-86.17997264005447,-414.57491444374403,559.5461428930441,-85.89969066168186,-411.8189545546413
2023-08-18,433.3699951171875,436.5,17.299999237060547,16.540000915527344,57.81942703713301,-204.04818511213136,-113.96610679646778,-52.850732554339096,216.4462038317964,-297.18873077569026,4.737349488409118,353.749321797094,-262.68283534507304,9.068576028823408,376.95274071319324,-259.7763047808238,9.189808332791596,378.3787139646224
2023-08-21,437.5499877929687,439.3399963378906,17.1299991607666,16.81999969482422,57.168636104306415,-65.07909328265953,-133.72741761942555,167.62830032984687,20.02780549622567,-126.96906059414755,229.51570609826032,188.54167993087083,-100.32399155372681,234.55963722833667,223.93457925446538,-98.18142483245326,234.71019982393852,226.83753031130135
2023-08-22,441.1799926757813,438.1499938964844,16.969999313354492,16.389999389648438,56.4774712998302,-69.1164804476216,166.3068239976466,13.149429181489916,-128.88957401263622,326.93906996493894,71.67482590975459,-269.2921293592182,359.67071915696806,76.15508734897507,-243.3711568038503,362.4232807360521,76.28231236810751,-241.64210777050565
2023-08-23,439.25,443.0299987792969,15.979999542236328,15.34000015258789,53.509489701577195,-296.79815982530044,-115.66542472056189,-116.43712839363155,271.74732074360935,-361.4653923865452,-68.83364320245622,406.4006447188993,-333.76577957072544,-66.14315849951795,426.35348584089223,-332.0144043415422,-66.09418975288068,427.29288596326256
2023-08-24,444.69000244140625,436.8900146484375,17.200000762939453,16.100000381469727,57.012541033715934,350.3051332138739,58.32306899987348,-203.27810912718897,-117.09066477850253,200.8807799430805,-457.3650964712512,-456.21125081836556,226.87264205499352,-453.2498624407181,-736.1865134665251,228.78324381846198,-453.14627563290253,-733.9809969842665
2023-08-25,438.6799926757813,439.9700012207031,15.68000030517578,13.779999732971191,52.076701016310494,-493.58400174054395,-130.04693802825093,170.98338605605753,-15.938292795199002,-101.69624779555005,203.9402588504366,130.3229962177176,-87.16875944450246,204.96885203999653,148.75953040398437,-86.7079212663507,204.97600178293183,149.32729617669835
2023-08-28,442.239990234375,442.760009765625,15.079999923706056,13.529999732971191,50.1043076853982,-197.2393330912297,-111.85953077788447,190.1506178318673,-54.33185539382877,-40.88609080065135,222.06856705378215,68.42319237987232,-21.878512278665617,223.04643697284908,81.34066313961411,-21.215459567948546,223.05353703266175,81.65549278987541
2023-08-29,442.6499938964844,449.1600036621094,14.449999809265137,13.300000190734863,48.86935501251776,-123.49526728804392,-130.45521708460328,-236.53869215407434,273.00499893416503,-508.7993837906715,-322.56888489682757,418.2128106760725,-611.9124747522301,-321.76654770691397,435.3000813102316,-611.5656354949849,-321.76217529156025,435.7555839264887
2023-08-30,449.510009765625,451.010009765625,13.880000114440918,12.420000076293944,47.29291441292705,-157.64405995907111,-134.0330304130439,153.8474582452238,-2.9832701068716916,-123.94410651825193,178.63733353229605,143.85788294023047,-114.46658247535392,179.11995222896633,159.17178914850376,-114.29238840421175,179.1215071930655,159.48021454406074
2023-08-31,451.6499938964844,450.3500061035156,13.56999969482422,11.789999961853027,46.06879484332694,-122.41195696001057,37.60656380449728,80.67454762569318,-106.14825314427591,149.64923405046633,100.76612347336352,-134.6376850325063,158.06118127583326,101.044814205409,-122.95751697193006,158.17776665278575,101.04535364368179,-122.79541147613503
2023-09-01,453.1700134277344,451.19000244140625,13.09000015258789,10.449999809265137,44.61190193277912,-145.6892910547822,80.22052680207608,43.34744767279302,-119.80153156849511,204.5093743289147,55.07260814093031,-198.07482516904884,211.65679347333466,55.14071439442214,-193.4970457700474,211.70563876055874,55.14075246970622,-193.47778480166193
2023-09-05,450.7300109863281,449.239990234375,14.010000228881836,12.890000343322754,46.91146985896407,229.9567926184949,48.61806991477498,84.84205452506507,-113.05386972989206,172.18225338339383,113.20702679678665,-148.4773140879342,185.00025130696852,113.90571138229826,-132.92695301437442,185.32570314820765,113.90909810771117,-132.5537171066455
2023-09-06,448.3999938964844,446.2200012207031,14.449999809265137,13.100000381469728,47.77385015331299,86.23802943489238,72.09362280079142,85.66256507263289,-135.37211011783867,224.4877127812101,116.0053603899882,-198.63871678318176,243.96575811002631,116.87027863243088,-187.76828073943418,244.60656665285185,116.87596468763947,-187.5441623600887
2023-09-07,443.1099853515625,444.8500061035156,14.399999618530272,13.100000381469728,47.35223119480648,-42.161895850651376,-114.71558878304916,75.47425644465767,59.546899142531885,-160.7751574753601,103.7385408105603,184.3901896129245,-144.86719514850998,104.44800614398434,196.7502662816626,-144.4173873983532,104.45176077366995,197.00992814905962
2023-09-08,444.8999938964844,445.5199890136719,13.84000015258789,12.380000114440918,45.54199706857969,-181.02341262267885,-119.62595922594971,199.01278062590143,-64.50416361509801,-46.16182709113519,221.85415597252168,64.04478247614608,-34.70376122452328,222.25445357267878,75.42927170725767,-34.4851314824963,222.25563332378206,75.61094016054496
2023-09-11,448.239990234375,448.4500122070313,13.800000190734863,13.270000457763672,45.63798260027346,9.598553169377055,-111.56128284915542,220.12014521474262,-85.27914787948046,-10.032050066531914,251.3585772626179,36.8368236596609,8.602144041183005,252.2836363696402,49.44743493366246,9.230658263557581,252.29000970348142,49.743990207937095
2023-09-12,446.9500122070313,445.989990234375,14.229999542236328,14.050000190734863,46.57168503985494,93.37024395814808,-21.42435115215082,173.1316278920186,-122.23681849173389,118.01800717154654,210.5608037019197,-84.50017080920685,137.26655123909833,212.0081818161255,-66.30506156067818,138.07250916877337,212.02265932230495,-65.66360378543258
2023-09-13,446.2200012207031,446.510009765625,13.479999542236328,12.470000267028809,44.15021428679293,-242.14707530620103,-108.96947510600913,202.30399406040928,-77.12867570331669,-19.85682664794146,226.46855487325678,39.137736935586155,-5.340110749968494,226.94362190981806,48.78733611164046,-5.011982376296251,226.9453761709978,48.934276017834286
2023-09-14,449.0700073242187,450.3599853515625,12.81999969482422,11.800000190734863,42.63027445397606,-151.9939832816874,-111.59340185894405,108.16908625829277,14.966229699075287,-118.23745412711784,127.66971791847686,132.6462432206683,-107.33308847618953,127.93659291360339,141.243062899379,-107.16351397813933,127.93714658305822,141.34036357645073
2023-09-15,447.1400146484375,443.3699951171875,13.789999961853027,12.510000228881836,44.62083617847884,199.05617245027827,251.04099082596062,-109.0165106828998,-125.47110839137396,388.1157320063855,-84.50442136945534,-368.4718363808082,402.2299953005061,-84.01389749556483,-358.0721670939638,402.5513838573674,-84.01205422804426,-357.9030304435149
2023-09-18,443.0499877929687,443.6300048828125,14.0,13.619999885559082,45.102370479480896,48.153430100205696,-118.17217788217748,204.21534963917443,-61.43634339450694,-41.338121529234705,236.78089556343022,69.56390767467936,-23.664547524239698,237.79985334638488,84.46336173810137,-23.051253550070538,237.8073354905461,84.8690386490257
2023-09-19,442.6799926757813,442.7099914550781,14.109999656677246,14.229999542236328,45.294372987411606,19.20025079307095,-101.67382697079394,246.13762277428995,-114.33657580773107,27.723311217329606,284.2235603318192,6.496611150763057,44.651743183831876,285.716262704147,27.668868921876367,45.32574680382824,285.7310148842332,28.487603366946402
2023-09-20,444.010009765625,438.6400146484375,15.140000343322754,15.270000457763672,48.260911804422875,296.6538817011269,341.7694206126691,-212.7272926784503,-124.85715470862556,490.45071964576266,-200.58360189109698,-480.9241079663218,515.7937993964549,-197.84196343724935,-494.07400664742306,517.3581517577799,-197.7924731550116,-492.8964366671616
2023-09-21,435.7000122070313,431.3900146484375,17.540000915527344,18.8799991607666,55.776064499265516,751.5152694842641,333.02720063589277,-142.18883767890028,-116.87175593804346,490.6064628556559,-60.26351309818543,-403.9756407273711,528.9711495023174,-50.19929798884963,-359.85523412345526,533.7474456851511,-49.63952931898714,-354.55350696920215
2023-09-22,432.4500122070313,430.4200134277344,17.200000762939453,17.510000228881836,54.67985947883369,-109.62050204318246,45.04449970662569,148.22768923156494,-134.02992905296057,219.13954125128512,215.42866667856646,-150.9642643790274,259.89615025260116,221.76168366559412,-124.27227750528945,264.18551156088995,222.00930209364657,-122.22456599232397
2023-09-25,429.1700134277344,432.2300109863281,16.899999618530273,17.559999465942383,53.42311570027306,-125.6743778560633,-119.2768259282258,-18.15924239990745,195.05031165035066,-278.4235228543367,47.41371848407787,344.56029349128374,-242.11674400708844,53.33624579880756,374.0411773993976,-238.53624899629608,53.55094767018429,376.3863533548095
2023-09-26,429.0899963378906,425.8800048828125,18.940000534057617,19.850000381469727,60.02175236615395,659.8636665880889,192.08300584872117,11.848746884313835,-123.24820902488034,364.94136473625474,100.49100815423574,-269.39457525709753,412.2182828655384,112.75425392523832,-227.2028978653351,419.1732022685913,113.58058817636251,-221.86751331425125
2023-09-27,427.0899963378906,426.0499877929687,18.219999313354492,18.920000076293945,57.73448236353417,-228.72700026197776,-25.718598089371113,220.79360417831813,-124.74725958023589,141.94506295184846,299.08006824880357,-59.92288838599162,183.8256835067338,308.1744963059493,-23.04209594788633,189.0396028156732,308.64944522845445,-19.1504353653569
2023-09-28,425.4800109863281,428.5199890136719,17.34000015258789,17.6299991607666,54.75559889914712,-297.8883464387053,-112.18258672406486,-47.17527955828837,217.06611127486093,-289.8186742888837,18.491682995982984,356.1194832203189,-249.5328817737847,24.48424693491058,381.7246508519134,-245.41162912425412,24.708244527332624,383.5994292848332
2023-09-29,431.6700134277344,427.4800109863281,17.520000457763672,17.200000762939453,55.31225513411255,55.66562349654305,321.1705640922347,-149.28483327972552,-116.76011007172075,466.7391791360559,-86.2004949771727,-403.706213141733,495.44851731741164,-80.89314972363815,-369.16362497903197,497.89548977002613,-80.72556168213427,-366.30131476925254
2023-10-02,426.6199951171875,427.30999755859375,17.610000610351562,17.610000610351562,55.358135006546775,4.587987243422731,-131.80902265019014,273.74607665697926,-84.6357410386495,-17.64969006977932,339.0061071868804,83.31246141554638,11.469795261177554,344.7675655645079,119.64793636594527,14.049117858237528,344.9624953159625,122.83253000842008
2023-10-03,425.05999755859375,421.5899963378906,19.780000686645508,19.899999618530273,62.40231649243049,704.4181485883712,220.38015654305045,-18.206447421801307,-122.90503431158496,391.6096011171208,69.02094494962724,-297.9482165071345,437.7168140631869,80.81365474994946,-256.0604309124913,444.33299212879194,81.5812609192302,-250.8599052301251
2023-10-04,422.0700073242187,424.6600036621094,18.579999923706055,18.299999237060547,58.37898210530062,-402.33343871298644,-121.52609744210761,42.68910105343513,140.7176825831385,-224.8566239110007,112.5285048096705,296.22710136982124,-187.62874580373554,119.41829607402508,329.12152637732095,-183.67504192741129,119.70119543255454,332.06245973118223
2023-10-05,424.3599853515625,424.5,18.489999771118164,18.36000061035156,58.04591211919268,-33.30699861079438,-115.22923995858989,260.4701190259117,-81.19792891765238,8.020813916023586,332.47178673734123,66.09645329306487,50.206421371822586,339.94610379676027,96.24803154588031,55.04809609251023,340.28162179394513,98.88724854232595
2023-10-06,421.9700012207031,429.5400085449219,17.450000762939453,16.290000915527344,54.359270664839556,-368.6641454353122,-123.60788567289843,-210.41534380334463,122.26910546012907,-475.30303275674925,-414.21075025769505,269.18982005979024,-703.3762478299469,-411.16983893853995,293.52773261713,-701.6832777649942,-411.1097350000474,294.87606314524066
2023-10-09,427.5799865722656,432.2900085449219,17.700000762939453,17.8799991607666,54.703731519869336,34.44608550297801,-132.33389813626016,-121.35345592383652,314.1995985374615,-415.55068219075395,-52.882493884706626,485.1402644608641,-385.4021728976858,-46.40515609196123,523.70519539312,-382.56456585275924,-46.16267790576705,527.3484103141238
2023-10-10,432.94000244140625,434.5400085449219,17.030000686645508,17.110000610351562,52.510883172031726,-219.28483478376108,-124.55945140880786,147.95901327310722,31.025224795020613,-124.18220333645601,210.34251749419298,186.41230930402156,-92.42746316056422,215.5478368024385,217.20647551359082,-89.61280558447717,215.7132389668139,219.59912962702575
2023-10-11,435.6400146484375,436.3200073242187,16.09000015258789,15.170000076293944,49.53523271537574,-297.5650456655984,-132.2575019154797,251.48067263906276,-82.45508880971438,-31.61915244838147,296.2074721147,73.23038226656776,-11.992882356283571,298.4506200190177,98.3631445898661,-11.002404398715113,298.48285295877656,99.61594297811523
2023-10-12,436.9500122070313,433.6600036621094,16.690000534057617,15.869999885559082,51.33526478883118,180.00320734554407,209.87936146398133,-42.94020198841404,-123.34121676531942,358.3807758672944,8.616458283599629,-308.9362992545135,384.7800109895173,11.86299218613274,-283.71105629196995,386.5611710790291,11.930809998885408,-282.24521319828324
2023-10-13,435.2099914550781,431.5,19.31999969482422,18.760000228881836,59.26204792417818,792.6783135346994,231.82096007748285,-32.50351713296491,-126.8296830579404,404.3536645634743,47.9429603153841,-319.52939239945465,449.0235530269002,57.679472592826265,-283.2102596924765,454.87609762917657,58.22201631488129,-279.31233916577935
2023-10-16,433.8200073242187,436.0400085449219,17.209999084472656,17.190000534057617,52.516749908623666,-674.5298015554511,-127.30010017265744,99.1464839503731,83.80015468069314,-180.30644936843336,162.75173997054483,243.99342405799658,-149.44896104886578,168.19217620169925,276.91910227197263,-146.7008341823304,168.37008671507115,279.61360684723445
2023-10-17,432.80999755859375,436.0199890136719,17.8799991607666,17.709999084472656,54.45171213277291,193.49622241492455,-127.22008909785478,5.579790443233515,182.16301656942377,-275.7737721173458,74.0612259198075,345.41745873945496,-242.6226070555446,80.58219462711416,380.99777987773973,-239.34821555584824,80.83224535062612,384.24816458596564
2023-10-18,434.19000244140625,430.2099914550781,19.219999313354492,18.899999618530273,58.54907107498735,409.73589422144414,260.4682713835126,-60.74445782584983,-126.28536733571548,432.8329105758651,20.652705957866125,-346.7825724942976,477.72581961097876,30.664597817486403,-309.7076087665154,483.68773276329466,31.235306796666215,-305.6425264854905
2023-10-19,430.9500122070313,426.4299926757813,21.399999618530273,21.459999084472656,65.1314671483922,658.2396073404851,336.96807880779,-121.05410966067078,-118.09848855457369,514.6451009455692,-15.279911506363694,-395.59678361154306,568.8738255588318,3.3529252351168792,-342.2768238509589,578.7615782895167,5.127411454656608,-333.4412171282405
2023-10-20,425.9800109863281,421.19000244140625,21.709999084472656,20.760000228881836,66.45977156827851,132.8304419886308,360.02115934655694,-151.56428020520033,-120.12267350225551,533.5539127548719,-55.27135700433343,-427.7038544208669,583.2356777197103,-40.35550430942944,-379.91281732342463,591.2809294861896,-39.175625448015715,-372.99488489870333
2023-10-23,419.6099853515625,420.4599914550781,20.3700008392334,20.690000534057617,62.45805589515814,-400.17156731203727,-127.88293020804497,281.1291718232535,-68.26924099973192,-12.799896535255437,374.0648900004902,113.98905093403877,29.789470408178765,387.67704378379693,165.31333533053018,36.013174367243984,388.6549769464858,172.73548508946996
2023-10-24,422.6499938964844,423.6300048828125,18.969999313354492,19.309999465942383,57.9244158393569,-453.3640055801243,-129.23328313331393,254.7015016535237,-52.926339704349544,-37.11127081550753,335.2020980311469,121.88640436632204,-0.1657223341548808,344.83535276610115,165.95563265286256,4.286454844411905,345.34953315637114,171.1486810493034
2023-10-25,421.8900146484375,417.5499877929687,20.190000534057617,20.489999771118164,62.27557642552702,435.1160586170124,321.8197269766335,-118.89894538339584,-119.25616131981941,490.29942663271953,-27.275607548207525,-390.8102693414826,536.251490533322,-14.051070530388829,-344.19848159595404,543.1346408033513,-13.110556719446118,-337.8244518478424
2023-10-26,416.4500122070313,412.5499877929687,20.68000030517578,20.799999237060547,64.59430423199012,231.87278064631016,231.74715930370056,-18.19314040477773,-128.7222904574641,417.0161649538763,74.59730559844678,-315.8142959234713,471.61850432099686,88.3674461873931,-276.5848226412906,480.48652554633236,89.40881283346991,-271.64229185488205
2023-10-27,414.19000244140625,410.6799926757813,21.270000457763672,21.36000061035156,66.53536147514052,194.10572431503965,214.516443440775,-2.4508466223157144,-123.49666296202103,394.01311952456814,94.07680479588974,-287.78619229610894,446.8521110786378,109.13479816791066,-242.88434058744176,455.6623822676909,110.34799001244212,-236.58607961899955
2023-10-30,413.55999755859375,415.5899963378906,19.75,20.649999618530273,61.04631557433146,-548.904590080906,-129.4120074320457,165.79414093741852,45.38055308762805,-130.70855568658467,255.51554509218377,227.56588123932895,-90.45895252755446,268.010184051927,277.8691024388881,-84.90320178271082,268.8416042557513,284.8337751082118
2023-10-31,416.1799926757813,418.2000122070313,18.13999938964844,19.020000457763672,56.02589538348653,-502.04201908449306,-119.09873448991803,92.64519518572703,92.99654243415957,-170.54687535506193,167.14691587745997,247.77484596456495,-129.43675925115167,175.23188335699442,281.55065278250413,-124.59022835204988,175.61608558711097,284.7971329572623
2023-11-01,419.2000122070313,422.6600036621094,16.8700008392334,16.8700008392334,51.53760640573,-448.82889777565254,-118.05092661545481,-71.49036980413365,236.51065699866763,-324.7893994637131,-16.562291663295102,378.1939425208887,-293.7473485162644,-12.727109185198612,402.17536785181653,-291.34796473715096,-12.63171104766074,403.61202321058533
2023-11-02,426.5799865722656,430.760009765625,15.65999984741211,15.15999984741211,46.82352917566746,-471.4077230062543,-133.96580622447468,-95.97588513760905,263.8345595515453,-381.7322672306711,-54.12429938638243,420.11416908927436,-364.0722911293604,-52.23526571724071,444.32871533073694,-363.28301724489836,-52.21232912569398,445.42854707434986
2023-11-03,433.1400146484375,434.69000244140625,14.90999984741211,13.710000038146973,44.250294409963715,-257.3234765703745,-114.76520268560334,95.5397572331666,42.096141747946604,-141.68728932738733,126.36917109044299,168.04787187027273,-124.15125148182292,127.2590573378184,181.34710179816142,-123.58015068612823,127.26491125399508,181.66589623221583
2023-11-06,435.4700012207031,435.69000244140625,14.890000343322754,14.529999732971191,43.90662028540703,-34.3674124556685,-107.39746556390753,207.7849988664095,-68.72935142692633,-15.405657568506134,247.40189830375232,51.37489219084033,10.09150718938299,249.11295105051082,65.51575793393808,11.35471349118278,249.13408211415498,65.96367961579757
2023-11-07,435.69000244140625,436.9299926757813,14.8100004196167,14.43000030517578,43.54567207825994,-36.09482071470893,-130.39216572483846,181.77438421188475,-21.527405303525548,-93.86036460148884,219.5879149571705,127.78121046220832,-76.96783807958322,221.05394763436925,148.71648380796367,-76.29990652621937,221.06821675674453,149.51461890163404
2023-11-08,437.5499877929687,437.25,14.449999809265137,13.829999923706056,42.41234208632255,-113.33299919373871,-59.25362040447626,193.71846934717246,-109.01134093297227,61.27814435926886,227.13069491866852,-32.16693541770656,74.84231110098969,228.18839585050696,-12.311499784222788,75.26025390742691,228.19577265421538,-11.671730909508968
2023-11-09,438.4299926757813,433.8399963378906,15.289999961853027,14.699999809265137,44.940458467235004,252.81163809124507,306.72580424653387,-136.29733963259875,-136.48614577782965,467.49823642012626,-94.39630323473317,-428.9885561443856,493.91747091589593,-92.42894179509787,-413.4792890189534,495.3337480510654,-92.40147657176172,-412.92808952336685
2023-11-10,435.9800109863281,440.6099853515625,14.170000076293944,12.779999732971191,41.41409450223574,-352.63639649992626,-117.37101758112384,-207.9475204292681,341.31270042233604,-448.5643918185944,-183.99464045555254,467.6151228033726,-435.95521046118296,-183.53807188271836,478.96037829999005,-435.68861001259404,-183.53651500240505,479.1503473998947
2023-11-13,439.2300109863281,440.19000244140625,14.760000228881836,13.800000190734863,42.88208854528793,146.79940430521867,-112.73727653943865,149.3703368551916,-11.180108534584063,-84.13288202690313,182.78200619812625,113.28481085467031,-64.3889456277794,183.8809832447246,126.96142261584151,-63.65156738984006,183.88986206208492,127.3230393755612
2023-11-14,446.3200073242187,448.7300109863281,14.15999984741211,12.869999885559082,41.673505946349735,-120.85825989381931,-107.31815160360921,-13.659542634713537,140.66354314666094,-233.20917670250367,13.985023835383695,256.1729433982913,-215.94649575984823,14.66294162283315,266.55836281259434,-215.45833892919114,14.666475509694424,266.7481277377865
2023-11-15,450.1099853515625,449.6799926757813,14.18000030517578,11.890000343322754,41.78150438964934,10.799844329960706,-78.68375394053675,214.02774006600325,-122.90637056992423,53.30297752351914,234.42407318331306,-37.96372207982428,64.95796702377541,234.72571307146566,-29.221668862290716,65.154721772606,234.72642267194556,-29.116783449333038
2023-11-16,449.2200012207031,450.2300109863281,14.31999969482422,11.8100004196167,42.183534311586385,40.20299219370429,-106.26808443156773,121.83673787174526,-3.6694787948661856,-93.11355785876955,141.69463007881563,107.89609932907831,-81.03264370717433,141.97799690381302,115.67371777913642,-80.83287517729511,141.97863729839597,115.75731630869795
2023-11-17,450.239990234375,450.7900085449219,13.800000190734863,10.670000076293944,40.68964521439972,-149.3889097186667,-99.08877619014228,148.25614732364514,-44.41322998957535,-49.28345110208749,160.9690060293444,56.72315971562589,-41.23360780612774,161.05457349895528,61.38623581527323,-41.16965808780855,161.05463418886316,61.407853571184994
2023-11-20,450.5299987792969,454.260009765625,13.40999984741211,11.140000343322754,39.99483775532818,-69.48074590715407,-129.81657969643658,-90.11928274696183,227.72377478927737,-354.3176193149137,-74.3726528393114,364.8477497265973,-348.5087577453584,-74.23043477350666,374.7856524547481,-348.45985408967965,-74.23030038345108,374.8789668771734
2023-11-21,453.1799926757813,453.2699890136719,13.350000381469728,11.470000267028809,39.52764055787816,-46.71971974500195,-106.45964902152605,214.0361132463294,-97.4311660023922,-0.8046825487747022,232.14012903049496,13.770872106122914,10.030712162411762,232.36102036543204,21.039883327201792,10.183770839412068,232.36141051353172,21.107716087586038
2023-11-22,454.9800109863281,455.0199890136719,12.850000381469728,9.960000038146973,38.42339467937845,-110.42458784997109,-105.44320696018008,213.9719758361288,-107.30015373992138,4.1239779286419225,223.1593085339194,-0.2615675908801607,9.057404099234814,223.19310373565386,3.9923477870046375,9.078233507441327,223.19311258634093,4.005313580710082
2023-11-24,455.0700073242187,455.2999877929687,12.460000038146973,9.829999923706056,37.23680960467942,-118.65850746990247,-100.7991377705695,183.82842491451308,-82.3541905398031,-16.13353425938968,192.46223908041642,19.437396355982518,-11.152041254311593,192.49100457286866,23.089724137901403,-11.132555620503235,192.49101119396238,23.09900399665732
2023-11-27,454.6499938964844,454.4800109863281,12.6899995803833,11.270000457763672,37.435080705711755,19.82711010323328,-73.83136815820293,186.80244593879783,-103.93982229346791,34.563901469254944,203.79241898768916,-22.75540814720076,41.594649391826685,203.9696568226164,-12.79596502038258,41.66771665551632,203.969874823115,-12.691794418553235
2023-11-28,454.0799865722656,454.9299926757813,12.6899995803833,11.520000457763672,37.45701067267987,2.1929966968116332,-110.47976087378603,148.8744712073913,-27.902131041913613,-74.76989352289333,167.32576806084802,88.0929185333068,-64.36498200479336,167.5562137795699,96.1397193260005,-64.21681356124076,167.5566292369068,96.22199671291173
2023-11-29,457.1499938964844,454.6099853515625,12.979999542236328,12.050000190734863,38.10286674006946,64.58560673895875,128.23063442627998,12.291650700359805,-125.41643061318518,264.5084973528119,35.356222775583724,-246.38434594820507,277.9085896506281,35.77451966673599,-236.7185148868278,278.1859010317663,35.77587095070552,-236.5775285813668
2023-11-30,455.4800109863281,456.3999938964844,12.920000076293944,12.300000190734863,38.28563384592027,18.276710585081446,-100.63702073530916,115.97579047697656,2.418359949985651,-88.2661851797476,141.69163773039472,109.18871314173691,-70.91923046572984,142.25703600073095,117.56011094127608,-70.4756932081142,142.25954126086972,117.68197417323084
2023-12-01,455.7699890136719,459.1000061035156,12.630000114440918,11.979999542236328,38.16841350884786,-11.722033707241053,-123.87143051783644,-60.31147012315474,198.34195563153204,-314.52940701689295,-38.19369757084845,331.6523059792702,-304.35442596665837,-37.82985359901192,343.59604305641625,-304.179345897939,-37.828908023937636,343.7848073446377
2023-12-04,455.6000061035156,456.69000244140625,13.079999923706056,13.460000038146973,38.45259570174966,28.418219290179536,-132.71372360173388,201.77533687152226,-42.14798267521085,-77.86642683673702,236.64768502786202,108.56559603611558,-63.17462500011974,237.833223632663,128.75544726795505,-62.68094925223642,237.8425285447801,129.4473262077667
2023-12-05,455.260009765625,456.6000061035156,12.850000381469728,13.529999732971191,37.71754086742931,-73.50548343203513,-112.37083418097102,111.27464131750136,28.588848031078285,-122.06926850541163,146.72601404687148,153.44124284159992,-100.910469064337,148.00533321545115,167.74569882435858,-100.04462440113039,148.01721590991426,168.15920211018013
2023-12-06,458.80999755859375,454.760009765625,12.970000267028809,13.670000076293944,37.51197211064556,-20.55687567837481,297.44035687204706,-149.94537691883033,-118.13039145659722,431.4411199149882,-112.62207086043576,-398.04957777406406,449.2853266555335,-111.19511721613111,-378.55669481742854,450.0009221213302,-111.18133357734489,-377.84530350103114
2023-12-07,456.9100036621094,458.2300109863281,13.0600004196167,13.729999542236328,38.550575032151414,103.86029215058556,-123.54575127023014,150.97436888596184,1.9118976125900544,-108.6826607214829,188.2736016760487,142.05482978473378,-89.88038808538683,189.70525551097788,160.56587062379285,-89.10604045025245,189.71933619604607,161.2232122053074
2023-12-08,457.4599914550781,460.2000122070313,12.350000381469728,12.210000038146973,37.1733810102632,-137.7194021888215,-101.09836742179034,-64.69158679577697,183.1655647802954,-269.85342987465935,-39.357258671279574,290.3724480658837,-252.88344425167548,-38.81385104278328,298.7391078332181,-252.46016359453992,-38.81153377696236,298.8592367567249
2023-12-11,459.69000244140625,461.989990234375,12.630000114440918,12.68000030517578,38.24631136925129,107.29303589880885,-128.75981054100632,62.54403247639535,87.04133165265134,-205.39373455668147,91.32830362620011,229.5435748150627,-192.7051334842239,92.05259029654094,245.64284956155385,-192.38076761966457,92.05619496568492,246.04277380346448
2023-12-12,461.6300048828125,464.1000061035156,12.06999969482422,11.640000343322754,37.51331874359573,-73.29926256555552,-128.40198622626352,37.37396748779671,103.9831147948594,-226.23091311053776,58.287781105954764,242.0959370969032,-217.58013467282194,58.59770903592765,254.35963548481337,-217.45332628624968,58.598372243395616,254.54275522399675
2023-12-13,464.489990234375,470.5,12.1899995803833,12.43000030517578,40.54690757998057,303.3588836384837,-102.02895544497618,-238.7270123051849,211.6543987305878,-446.85791843350955,-359.86986376299126,321.11795600477666,-577.5231262179175,-359.10825717215084,330.64476252561764,-576.9320288141312,-359.1038069779114,330.81527742964647
2023-12-14,472.5,472.010009765625,12.479999542236328,12.289999961853027,41.88136163527396,133.4454055293392,-101.99271839648372,261.35145947857404,-137.78890893229124,53.12211644754645,290.88000919013285,-28.14443909067299,72.9477323900947,291.68785439720733,-18.43652740834687,73.5753398012103,291.6928323105228,-18.2562827643425
2023-12-15,469.489990234375,469.3299865722656,12.279999732971191,10.869999885559082,40.02564458996895,-185.57170453050134,-94.07189022093051,206.84618618111975,-103.09165229397365,18.77030780522524,224.48754740910113,-6.278381408716191,31.163233467682417,224.69683013939465,-1.0295894038000442,31.335511853850996,224.69718657878656,-0.992584975060693
2023-12-18,470.9800109863281,471.9700012207031,12.5600004196167,11.4399995803833,41.692239747678045,166.65951577090965,-115.56854279327628,150.05516658873182,-21.586852313660753,-85.50021510411449,170.9136556322959,101.3166086817052,-74.4699947018897,171.2302777280919,111.14563282824655,-74.28421002171241,171.23103323329403,111.27647053273434
2023-12-19,472.5299987792969,474.8399963378906,12.529999732971191,11.25,43.02680949980919,133.4569752131145,-131.74369978668435,62.03998240835487,81.9805399390608,-208.526901953824,82.27552253085449,223.68519520341843,-200.83075637822836,82.55699321971768,236.22512288631074,-200.7301590327445,82.55752635570597,236.40599635649548
2023-12-20,473.9599914550781,468.260009765625,13.670000076293944,13.670000076293944,42.44105441805186,-58.57550817573269,303.3397871910431,-220.4693066644648,-123.2285944760884,446.21181531160687,-252.86870305220123,-482.07635754776857,467.7037152198501,-250.97513133885283,-535.9434303325312,468.75773284623307,-250.95090782763572,-535.1037895854962
2023-12-21,471.3299865722656,472.7000122070313,13.649999618530272,13.109999656677246,44.29193147998592,185.08770619340567,-110.29421875686475,102.10152793664341,36.298443769865486,-126.70695264069016,138.16599844805623,158.75210313299613,-104.54160944618717,139.50539599071803,172.664252177512,-103.60440102436883,139.51841771832403,173.0664746795976
2023-12-22,473.8599853515625,473.6499938964844,13.029999732971191,11.5600004196167,43.246508329757916,-104.54231502280038,-85.62622618234782,215.0717572868114,-115.06107422761175,37.87283294131567,237.41493172543184,-20.51193745554285,48.81186282412198,237.79137033435276,-9.10676077233765,49.00959971483141,237.79240246174396,-8.928058593074459
2023-12-26,474.0700073242187,475.6499938964844,12.989999771118164,12.449999809265137,43.83706001883462,59.05516890767046,-116.51011485447206,98.35815621082381,40.23754305748451,-142.56318329158913,128.40245818642157,168.07701160843908,-126.0187836729026,129.23070208943528,181.58192139390985,-125.51136883826112,129.23570951799488,181.90275716911302
2023-12-27,475.44000244140625,476.510009765625,12.43000030517578,11.229999542236328,43.02840434714821,-80.86556716864095,-98.83205316997109,96.31757952688885,15.658969182332141,-102.83903885892337,117.42079262791057,118.91954881446613,-88.57865844317062,117.75680704420343,125.76328450076133,-88.31369530247122,117.75771004522964,125.83433618031643
2023-12-28,476.8800048828125,476.69000244140625,12.470000267028809,11.229999542236328,43.125288301623,9.688395447479081,-87.88141616925392,214.99716987325746,-114.75848861281143,34.40960192124212,235.31315252621323,-19.159515283418504,44.48595194215288,235.60597407284484,-8.919250824191602,44.64300873964342,235.60660590002675,-8.783485869513472
2023-12-29,476.489990234375,475.30999755859375,12.449999809265137,10.670000076293944,42.22178445705258,-90.35038445704231,-24.761811869338434,170.2014204622195,-136.03733378296997,120.84893233171464,187.56241283389812,-108.6462990770575,133.06655316425127,187.7627712786442,-103.50260126981114,133.23174011471107,187.76309754674853,-103.46742970290165
2024-01-02,472.1600036621094,472.6499938964844,13.199999809265137,12.59000015258789,42.09727223311607,-12.451222393650596,-113.92319518905369,199.79253357407208,-62.83299762016912,-35.626021773934745,230.78759190068217,62.16436259327691,-17.79880225188537,231.68959195517502,75.33818439307564,-17.214551001099853,231.69557495041303,75.65594234957968
2024-01-03,470.4299926757813,468.7900085449219,14.039999961853027,13.239999771118164,42.173540282123184,7.626804900711193,13.328460670991651,152.94133368723485,-136.78878795125516,171.71936436514707,190.38105765596492,-138.1600801157448,195.60428134567002,191.8593354983959,-124.58943377876929,196.68345820625228,191.87517484716426,-124.190286606828
2024-01-04,468.2999877929687,467.2799987792969,14.130000114440918,13.0600004196167,41.672649664853054,-50.08906172701302,-38.78548941189541,198.2034366289394,-132.6754095427411,112.69999699531493,232.90469186500235,-82.14454611561692,133.81857331099238,234.1176050703975,-68.55112029257003,134.65853014402452,234.12835197305893,-68.17813956273923
2024-01-05,467.489990234375,467.9200134277344,13.350000381469728,11.710000038146973,39.988331091211506,-168.43185736415478,-98.80256659538126,160.05495452279098,-45.65979870725034,-39.63356341666479,183.6062613047183,58.275370474138356,-23.536447678113447,184.05547914203242,65.7311577598805,-23.178828668682193,184.05707538439876,65.8227576283223
2024-01-08,468.4299926757813,474.6000061035156,13.079999923706056,11.699999809265137,42.25646586101817,226.81347698066645,-100.86925428150357,-248.19504429265217,204.51067199672968,-452.3670857992713,-384.7899533083082,310.8545868463887,-596.773779125608,-384.34882568376463,318.66790996179293,-596.4317142422001,-384.3472868790411,318.76697368930667
2024-01-09,471.8699951171875,473.8800048828125,12.760000228881836,11.350000381469728,41.10453388576741,-115.19319752507613,-119.28624213693124,58.02148038360533,73.63098838443116,-185.44956436017233,78.34642457646503,200.7087181545044,-175.4395742848825,78.63935173969185,211.0243033088956,-175.28391165217923,78.63998277651312,211.1615680441537
2024-01-10,474.1600036621094,476.55999755859375,12.6899995803833,11.09000015258789,42.32503264299173,122.04987572243198,-107.73359440765866,-12.954507023255976,131.73264884914084,-230.83861320687362,6.048757956734921,244.73382437011642,-219.61191730667525,6.2994217017515535,252.51088894002905,-219.44164161995278,6.299917191871643,252.59127714816927
2024-01-11,477.5899963378906,476.3500061035156,12.4399995803833,10.75,41.61046284187172,-71.45698011200068,36.88459722808799,74.46856252088273,-102.04925499528434,143.17420342493799,91.7311848363477,-131.08607628224098,149.97972572283533,91.91540722535832,-120.62874483183343,150.0496288961959,91.91563865819823,-120.51442558410842
2024-01-12,477.8399963378906,476.6799926757813,12.699999809265137,10.520000457763672,42.22771376551361,61.72509236418904,14.737488460621575,102.67867379122818,-110.01983370147761,129.5280512346548,118.03371990335933,-119.3944572392944,136.9118880861041,118.17098534834773,-111.42310922356346,136.98285079639695,118.17112410339664,-111.35680647278488
2024-01-16,475.260009765625,474.9299926757813,13.84000015258789,12.640000343322754,43.255545801375206,102.78320358615929,-104.20173727475951,259.94229578034583,-131.2528932817255,44.196008237062024,292.3886785659703,-16.088940734409118,63.69871481418439,293.40808084476237,-3.1376056106467964,64.3950530204293,293.4157397600226,-2.8145276522384166
2024-01-17,471.8200073242187,472.2900085449219,14.789999961853027,13.31999969482422,43.94976446431315,69.42186629379421,-126.21128325356615,245.38267825715002,-89.55617337198662,-20.54593894074579,282.95661745051086,54.21358218388546,-2.47046605880634,284.4090390620534,73.72632351476705,-1.737110545685303,284.4233140815135,74.44542468100062
2024-01-18,474.010009765625,476.489990234375,14.130000114440918,12.65999984741211,44.46658464026082,51.68201759476716,-119.04975667529804,17.21776344082533,125.75694925529817,-230.1035190917528,49.10143702340941,257.59074304453134,-213.11817796313736,50.06370495536261,272.49570568620175,-212.55519292592064,50.07033514306432,272.8949990640508
2024-01-19,477.6499938964844,482.4299926757813,13.300000190734863,11.81999969482422,46.14437788297252,167.77932427117008,-129.1492049686249,-186.95206185669272,333.6600150729016,-454.30839050940517,-161.4345960473415,474.99402420136784,-443.42997999435545,-160.9077106029628,489.6349901585126,-443.2058606269154,-160.90579994011958,489.93775739738356
2024-01-22,484.010009765625,483.4500122070313,13.1899995803833,13.18000030517578,46.30592255992855,16.154467695602648,-65.79843263776152,221.8707257992566,-124.50706633851692,77.67473419730652,261.39467018400546,-41.84292888962002,98.62089380868778,263.0612486687139,-23.246076072456766,99.58183709007072,263.08031671250944,-22.540381816034504
2024-01-23,484.010009765625,484.8599853515625,12.550000190734863,12.489999771118164,46.05047435832475,-25.5448201603798,-119.23645715792804,181.51172758764423,-37.48365030364955,-66.56237219263278,214.26206527548945,94.98488722252193,-49.11933849468675,215.2929601793119,110.29975694625696,-48.51760482131289,215.30052591314785,110.72893114497154
2024-01-24,487.80999755859375,485.3900146484375,13.140000343322754,13.579999923706056,47.29897725138531,124.85028930605608,133.82360851894546,22.449183988774358,-119.461894332391,273.23560226089853,67.21879972586187,-231.5586350461393,294.74786994039675,69.48486876529228,-208.26774796111619,295.88217894622414,69.51840779272617,-207.13584602877538
2024-01-25,487.5799865722656,488.0299987792969,13.449999809265137,13.739999771118164,49.50262921922203,220.365196783672,-133.61007726692586,282.95187097414174,-110.46203845235658,-4.374399585724495,329.79034379076546,48.37197152431833,15.640947386487339,332.30816047449997,75.23510064545442,16.6993505389202,332.34816375122415,76.69469315450729
2024-01-26,487.5899963378906,487.4100036621094,13.260000228881836,13.06999969482422,48.67598196070742,-82.66472585146118,-74.20104512444304,218.4192003262229,-112.36448943339578,53.32694545466905,258.23158365637767,-17.2065403798473,70.20789687858579,259.8983229628154,5.742935103877558,70.90290240050362,259.91636654030225,6.7147168378971305
2024-01-29,487.7300109863281,491.2699890136719,13.600000381469728,13.949999809265137,51.63506370485115,295.9081744143731,-129.53427340981486,-38.87738135741936,209.25854319238945,-317.4178361876202,9.928224629490304,363.67280834156594,-294.8190594999603,12.736308358280882,389.92977345360373,-293.49026875910477,12.786444171068892,391.4093358390333
2024-01-30,490.55999755859375,490.8900146484375,13.3100004196167,13.720000267028809,50.835661129284574,-79.94025755665746,-123.12911255964148,275.80539450166157,-113.05622381874942,8.90055566481898,323.38417018670305,35.937258090271904,29.043514488155765,326.0019258185232,63.41610035184713,30.12762130455078,326.04495121839375,64.94994999081108
2024-01-31,488.6199951171875,482.8800048828125,14.350000381469728,14.550000190734863,47.14831039039062,-368.73507388939544,255.78500149008076,-204.27814568947122,-115.55614375435133,395.5395382380648,-260.36871608144367,-453.0576624722174,420.26677345485103,-256.43755236185444,-533.7811333976767,421.99830694743537,-256.34321767855516,-531.5807602405325
2024-02-01,484.6300048828125,489.2000122070313,13.880000114440918,13.279999732971191,50.329865213180085,318.1554822789465,-132.10455368674553,-141.04085669357895,306.2231021960469,-422.1497787091046,-100.00444731609491,459.6311203995862,-404.3038124212772,-98.20079744133571,482.8426989452383,-403.5224784442509,-98.17966198534026,483.86507796596896
2024-02-02,489.6499938964844,494.3500061035156,13.850000381469728,13.039999961853027,53.872595197620385,354.27299844402995,-131.41991835270963,-157.4723138292182,320.85165593618865,-436.48617347474806,-117.55417251319794,472.72817477822116,-418.95475692701996,-115.87159496398561,495.13342432833167,-418.215038949346,-115.85307018216731,496.076334896953
2024-02-05,493.7000122070313,492.5499877929687,13.670000076293944,13.350000381469728,52.01268634927713,-185.99088483432524,14.810472951015166,137.80461617749714,-116.37822124281884,149.74146886444746,182.00020162495923,-108.72047423129754,169.81075240265653,184.18432837241565,-84.56332615108855,170.8169657483073,184.21517454337172,-83.38529267200317
2024-02-06,493.5199890136719,493.9800109863281,13.0600004196167,12.460000038146973,52.16184602768412,14.91596784069884,-133.01835104085487,269.585032829438,-109.09313691651975,-11.617278731941314,305.0172952632614,42.92261755331308,2.6173459818703804,306.2490892125698,64.13017195711886,3.0906436759324385,306.2590058963637,64.88868548140222
2024-02-07,496.2900085449219,498.1000061035156,12.829999923706056,11.960000038146973,55.04564868264007,288.38026549559504,-109.59419360242244,54.9898589995397,77.80468612765412,-170.7438529895609,86.14892808607756,197.4634429328829,-151.68677526580166,87.06816650462821,209.57170698414637,-151.04603901143466,87.07443919311307,209.8502190840638
2024-02-08,498.1000061035156,498.3200073242187,12.789999961853027,11.600000381469728,55.09718947057275,5.154078793268013,-114.49422750001457,227.66363246415756,-93.36150011931325,-7.962455295205759,255.43025487075093,31.04636617540526,7.637030565160588,256.10626090612067,43.216885478744764,8.062009534698314,256.1096436632331,43.46791604666824
2024-02-09,498.8399963378906,501.2000122070313,12.93000030517578,11.609999656677246,57.533923892760214,243.67344221874632,-123.25740113703301,40.00988322390631,103.18864665320503,-215.2609943670009,67.90972952574472,238.47627407497941,-201.7233255360991,68.58388049364493,252.84166991424158,-201.37721711800245,68.58709886197038,253.16971544923018
2024-02-12,501.1700134277344,500.9800109863281,13.93000030517578,13.029999732971191,58.18666862277809,65.27447300178792,-114.6941656009029,279.1067143625429,-129.42999542681284,37.20967641995852,322.04798525913236,2.4409786090568786,61.60496899307393,324.1160869533205,21.01622609287348,62.907165121682134,324.14535611366307,21.782253414574694
2024-02-13,494.5299987792969,494.0799865722656,15.850000381469728,15.0,55.53626202063778,-265.0406602140315,-41.70911865411997,210.9177021235208,-113.89331559265534,99.63494846286503,274.191687562042,-36.3878339992094,126.75654505565825,279.52353414895214,-0.06818044899638886,128.98740605864842,279.6907988534371,3.034675473531825
2024-02-14,496.7900085449219,498.5700073242187,14.380000114440918,12.920000076293944,56.64779623272571,111.15342120879319,-127.30544905804841,121.06739285482567,38.666203907551086,-148.6020393337712,161.45425812091554,185.37418404379267,-129.42882533063235,163.19825512660867,206.60805265151143,-128.56954302047072,163.21847247137637,207.49282861902142
2024-02-15,499.2900085449219,502.010009765625,14.010000228881836,12.470000267028809,58.841928475578314,219.41322428526036,-111.63193093287893,-27.725331651660333,168.30056256256591,-259.88053599279567,9.176685888141314,292.8398788611279,-237.5950807644875,10.592728778446883,307.4708097129451,-236.6279110566464,10.607097318770611,307.9197215506911
2024-02-16,501.7000122070313,499.510009765625,14.239999771118164,12.56999969482422,57.021193870009256,-182.0734605569058,119.29111197059282,26.23200546369835,-115.30610971150762,249.94717356760353,64.40773074825341,-215.62528873507685,267.1671391905356,65.91260785799652,-194.65450543253624,267.8553113578146,65.92763149891415,-193.83776397368425
2024-02-20,497.7200012207031,496.760009765625,15.420000076293944,14.850000381469728,56.06063470646944,-96.05591635398127,-5.344744316128411,177.83619455463614,-118.26575170861632,141.84920924712205,240.02061064629618,-79.88973218356065,170.83006528226122,245.15438917996616,-46.528201227680306,173.2614460496528,245.3123600793256,-43.82404420220587
2024-02-21,495.4200134277344,497.2099914550781,15.34000015258789,14.649999618530272,56.178401379624916,11.776667315547229,-112.63972664822923,78.40158210290687,86.15038962762307,-163.54307278772345,138.27254474697196,222.81765611069363,-127.11017659611203,143.0348829876414,246.3998650690704,-123.87382614255397,143.17902549356447,247.92751487883035
2024-02-22,504.010009765625,507.5,14.539999961853027,13.170000076293944,63.30426930378967,712.5867924164752,-121.52961865877236,-66.31408235601165,224.92165031125165,-324.3408638080945,-21.27741549778108,366.3365530632656,-300.5325350728958,-18.95967553907758,387.6006658235578,-299.2085816898821,-18.92390090181728,388.59461661858234
2024-02-23,509.2699890136719,507.8500061035156,13.75,11.920000076293944,62.80629020607178,-49.797909771788795,3.8572488831271534,153.83126015621647,-131.9190084897066,153.78867486933012,187.55947826762778,-124.29447945955349,174.1257059081169,188.6841731277674,-110.89408344424945,174.89373753141527,188.69338207044703,-110.53740166723165
2024-02-26,508.2999877929687,505.989990234375,13.739999771118164,13.130000114440918,60.95295404594711,-185.33361601246696,87.34497613903372,84.15158551366238,-133.07579355141874,246.213966998726,130.53107117670197,-202.67328816250816,273.85787481810706,133.05098191164245,-183.8946615567112,275.5390843055648,133.09403067378096,-183.05572904474607
2024-02-27,506.7000122070313,506.9299926757813,13.43000030517578,12.84000015258789,61.4251754060551,47.22213601079872,-123.01737829838972,273.5859251864457,-116.1572869407463,10.723523039632957,315.9559026955234,28.250707671175924,29.93779247142745,317.91887345902256,51.431526786540864,30.839742884577497,317.9439844971044,52.492632460209855
2024-02-28,505.3299865722656,506.260009765625,13.84000015258789,13.520000457763672,61.10504723039052,-32.01281756645784,-113.50434305096934,163.1694083512233,-7.678867394228314,-77.58882770493136,213.11432381901258,125.20939164561689,-47.659097577833556,216.14868985367252,145.28591460387057,-45.62522511326048,216.21002747123467,146.28682085348802
2024-02-29,508.0700073242187,508.0799865722656,13.399999618530272,12.479999542236328,62.25161972347487,114.65724930843493,-118.72578151353916,267.8826127253035,-118.33101823769587,18.740390999857915,306.6671432611428,16.277546788140885,39.92226271510935,308.2592680750731,33.897762562308365,40.87635970205479,308.27682502865264,34.53584221571287
2024-03-01,508.9800109863281,512.8499755859375,13.109999656677246,11.81999969482422,66.26169817784175,401.0078454366884,-119.87171743987155,-118.34666847663763,262.42326817047615,-367.6627013548975,-86.18306866090484,395.4498191783992,-350.7698629448466,-85.20083309137003,410.7274240653798,-350.2087274350649,-85.19398961007136,411.1485349350127
2024-03-04,512.030029296875,512.2999877929688,13.489999771118164,13.229999542236328,65.77352472640277,-48.817345143898194,-121.27935362358244,257.14820857182264,-95.79005321656223,-1.443979285547068,305.1857278652593,46.84968080433867,24.13979538837603,307.912627652373,69.35225768822394,25.70905895102731,307.96145991674456,70.51016722878722
2024-03-05,510.239990234375,507.1799926757813,14.460000038146973,14.880000114440918,61.9161893494019,-385.73353770008725,164.72379991847407,24.180288709396415,-129.79917632890977,332.2468213212254,91.24391857013003,-264.282425495742,370.34264630233565,97.50340209665275,-235.07697524090514,374.22430954917803,97.7410474718662,-232.69549892384546
2024-03-06,510.5499877929687,509.75,14.5,14.880000114440918,64.07362855673011,215.7439207328217,-7.666277961558896,181.66447126618797,-114.57227980671743,137.0273461646084,249.0491023258668,-68.76916243466039,166.37862251203026,255.2813725579031,-30.51055396779667,169.03900773420443,255.50662631251,-26.935614725533718
2024-03-07,513.1400146484375,514.8099975585938,14.4399995803833,14.550000190734863,68.41340213057666,433.9773573846543,-119.46592644896131,122.3354861110092,53.091846692519496,-137.88663210836572,186.25561002733528,202.00065143564865,-102.72072193193776,191.80822300005084,230.94355671509516,-99.41404588484667,191.9969145395992,233.191985022943
2024-03-08,515.4600219726562,511.7200012207031,14.739999771118164,14.630000114440918,65.80748440547917,-260.5917725097484,215.7724301667258,-22.307002360895844,-134.8368990547579,390.5143041833957,44.280243951932064,-323.1063851066544,431.16901913624355,50.45963427760139,-296.93930369769464,435.36490492042776,50.694184326580974,-294.9521631666347
2024-03-11,510.4800109863281,511.2799987792969,15.220000267028809,16.459999084472656,65.5401082965113,-26.737610896786634,-112.40451167736227,194.43614316833438,-3.1135871037673213,-56.13983344314202,281.31290511732055,149.40990340742243,-4.15589793630444,293.0649306943962,185.07613988385916,3.548376567847702,293.8383407286843,189.1486058880204
2024-03-12,513.4500122070312,516.780029296875,13.84000015258789,14.06999969482422,69.476142957913,393.6034661401692,-111.72983283903017,-79.22666878445918,242.23298300102377,-318.7608654800242,-19.991469845167508,377.27713418247254,-282.2946125902404,-15.351682520253515,400.1832983643587,-279.09961558767304,-15.214464387875257,401.62961898502977
2024-03-13,517.1099853515625,515.969970703125,13.75,14.100000381469728,68.6103848653289,-86.57580925841017,-17.027284066776826,196.4459897551915,-127.55630122179512,142.38592570897282,256.26711178357397,-83.20951799989446,175.03725505659648,260.98111502603274,-55.901311082940296,177.82062063011963,261.1195292622282,-53.96917105420844
2024-03-14,516.969970703125,514.9500122070312,14.399999618530272,14.869999885559082,67.96552217782033,-64.48626875085637,81.78250020965567,102.92658526721786,-123.73094734324292,241.34548065113924,171.86344096261283,-171.11301812135704,276.9279538879888,178.51776535876442,-137.49663048290046,280.55105730277484,178.77977053867568,-134.4612645243002
2024-03-15,510.2099914550781,509.8299865722656,14.40999984741211,14.15999984741211,63.320921200064156,-464.46009777561767,-100.56586483518483,281.0921712623862,-130.015134427269,61.57304729608473,339.56206082408016,-3.993934390633156,94.7219039150739,344.03000172959935,21.453174083868266,97.49879331581893,344.1560772613961,23.145534868211005
2024-03-18,514.0,512.8599853515625,14.329999923706056,14.5,65.72242533040209,240.15041303379334,-8.692727415073184,188.94723553621694,-124.75210158456564,148.89004893094898,252.4083596345523,-85.35113237738818,182.05146640189173,257.844869651535,-54.871797795828336,185.07208196663416,258.0244976057021,-52.45364395788601
2024-03-19,512.1500244140625,515.7100219726562,13.81999969482422,13.640000343322754,67.97032479630735,224.7899465905263,-118.59933785932705,-78.56230622309576,242.12064156320022,-332.56782762055957,-25.644591180561104,383.6112670731932,-303.0722980513377,-22.160149208704794,407.11199499778377,-300.9476610601505,-22.081606757427096,408.4724032439473
2024-03-20,515.77001953125,520.47998046875,13.039999961853027,11.579999923706056,72.08169564319296,411.1370846885606,-126.36673067624679,-182.43007600271392,332.22283705097476,-446.1508000064976,-151.0453280689362,473.08893153549013,-431.5021427330086,-150.1332269119577,489.83075617331633,-431.0620999588119,-150.12749293442027,490.30282210148243
2024-03-21,523.3900146484375,522.2000122070312,12.920000076293944,11.170000076293944,73.6335742585793,155.1878615386343,-25.53052818191224,182.8821816464245,-135.48665880974602,126.64289147939624,212.70589386296152,-101.35443510230175,145.79328729120567,213.52935558528978,-90.67603019757124,146.4002474323844,213.53444408529265,-90.4595216335027
2024-03-22,522.1099853515625,521.2100219726562,13.0600004196167,10.859999656677246,72.65978561041534,-97.37886481639606,-34.15987122916617,177.3627745359949,-125.33115496337032,103.34979449644591,203.1932404412127,-82.31801469530231,118.00465134646288,203.75327189889794,-71.14006308740387,118.3610785018059,203.75561445159553,-70.93645689036043
2024-03-25,519.7999877929688,519.77001953125,13.1899995803833,11.470000267028809,71.12990960645669,-152.98760039586483,-102.32338630538489,242.19760682470726,-116.68294596948147,26.932111638126766,273.3475989363168,-0.24488327601768,41.734149895495754,274.24355274858505,16.10863432781462,42.17781281865249,274.2491164981767,16.56093246168131
2024-03-26,521.22998046875,518.8099975585938,13.239999771118164,11.59000015258789,70.16540380584114,-96.45058006155551,106.89870213078473,48.850676402861005,-130.6638926761714,254.8424796630379,81.89487982210818,-226.0919614287989,274.4513509470645,82.95991219887296,-212.64838289955128,275.1641697604748,82.96815859289988,-212.29615400144004
2024-03-27,521.7100219726562,523.1699829101562,12.779999732971191,10.529999732971191,74.17152674222261,400.6122936381473,-125.82609011555512,133.92743407063853,6.690457287021781,-124.89419866223123,156.67795287449175,142.6769711279344,-114.80718209163544,157.06892409808975,155.34154611055183,-114.63142422952998,157.06999684744977,155.55675992144174
2024-03-28,523.2100219726562,523.0700073242188,13.010000228881836,10.5600004196167,74.06631889836464,-10.520784385796844,-108.4466714927587,245.07696581195083,-121.09930023852061,24.227361010567062,268.5666774543909,-5.657118226979227,38.3438558255804,269.00592615730733,3.7175785699716157,38.64521732813129,269.00740612683126,3.85546667049679
2024-04-01,523.8300170898438,522.1599731445312,13.649999618530272,12.619999885559082,73.10212409787366,-96.41948004909864,57.62332559775982,99.05353108311593,-120.18450496605989,197.82173118155004,143.5046003596919,-156.50167739489433,219.4307136707339,145.73230243153176,-133.6270921081577,220.5601659083557,145.76480093087628,-132.52870787977642
2024-04-02,518.239990234375,518.8400268554688,14.609999656677246,14.029999732971191,70.21255038054403,-288.95737173296254,-116.87503905899732,215.200273991827,-46.67529366850831,-37.04630438184291,274.80893281790844,95.98459208042688,-2.9147149610528644,279.497279252171,121.5998690637706,0.03313325352516605,279.63548683022333,123.34188850501071
2024-04-03,517.719970703125,519.4099731445312,14.329999923706056,13.270000457763672,70.56795007432737,35.539969378334035,-129.6403048906804,148.7609260330206,23.209707821082205,-130.7158667570577,199.0499725582067,178.67349650939443,-107.47997328205027,202.07727334712106,205.78447015537992,-106.05816897197322,202.13509394292785,207.3903048953772
2024-04-04,523.52001953125,513.0700073242188,16.350000381469727,17.139999389648438,65.73786988853197,-483.00801857953957,-127.45258034561681,-167.90641128715615,-112.6221213241923,-57.07110737628851,-567.9288066823727,-425.099835707805,-12.017329338985691,-644.7186368095009,-868.826955521769,-4.901911911179566,-643.3695831909456,-952.6762713994464
2024-04-05,514.4600219726562,518.4299926757812,16.030000686645508,15.460000038146973,70.25657410175089,451.87042132189106,-112.73314292586943,-128.9721188572859,309.98069625627375,-376.6909738095747,-52.73796682240308,456.147367672618,-330.7581044509862,-44.15700743247817,486.8806227072108,-325.05363585730856,-43.72503507417964,489.766822135628
2024-04-08,519.1500244140625,518.719970703125,15.1899995803833,14.5600004196167,69.89003892305172,-36.65351786991664,-91.23896078403668,277.3326152606767,-127.95250691330742,72.84205087923351,343.43248038577224,-6.07194800801267,109.28752178379477,349.46143569366046,23.802671108123864,112.88242366210682,349.6816605892627,26.23992236823003
2024-04-09,520.5,519.3200073242188,14.979999542236328,14.699999809265137,70.29168794911438,40.164902606265684,-43.50250022856097,240.12948044120355,-135.25981521576577,133.84621032179066,309.4553629998355,-63.05841783781052,176.5278026551403,316.2759904869387,-36.131855179144985,181.1983543068103,316.55826292032197,-33.9768753935002
2024-04-10,513.47998046875,514.1199951171875,15.800000190734863,15.8100004196167,65.79860700160205,-449.30809475123255,-112.40579193822883,205.23110631549847,-20.600479035840657,-43.011577373463375,285.4146592186875,127.53173650393606,5.340503782762054,295.1099830077312,159.9052522308364,11.779542950616564,295.6520269876679,163.17552468205017
2024-04-11,515.6799926757812,518.0,14.90999984741211,14.18000030517578,68.8789347725198,308.0327770917748,-130.30973969053863,100.16500384152314,82.61157529055019,-185.4389629722821,160.59056084483217,245.28381355108246,-157.78546334206905,165.36857198209782,278.1933122330194,-155.5840556432278,165.5060132909388,280.7713047523913
2024-04-12,514.3699951171875,510.8500061035156,17.309999465942383,17.329999923706055,63.68446158658638,-519.4473185933418,201.21199390549512,15.927758724009403,-126.56721311447933,387.42467178248563,114.45901580079612,-278.416739460839,444.1286282940115,130.29440860741752,-235.2563261009406,453.9393824891433,131.62752140205515,-229.17317699991318
2024-04-15,515.1300048828125,504.4500122070313,19.229999542236328,20.760000228881836,59.73880759963024,-394.5653986956138,-111.498343425178,-144.25516944093496,-113.96773804469939,33.146477369569794,-506.01770278998725,-420.3782471454511,108.06477174958145,-526.1282216550561,-851.4708717380586,127.42421984915592,-520.5400185185998,-890.3788140466102
2024-04-16,504.94000244140625,503.5299987792969,18.399999618530273,19.239999771118164,58.09374124595856,-164.50663536716803,29.02284013437677,195.88464159723705,-116.33993986419392,212.6472880070212,312.4109010264213,-78.07539384319534,272.6293877976643,335.81525332282723,-18.84025993914673,284.9409018391119,338.50622758833475,-7.5728182745012
2024-04-17,506.0499877929687,500.5499877929687,18.209999084472656,18.100000381469727,55.460476527430075,-263.3264718528487,336.57710738715775,-165.4418426292825,-120.35868658489159,516.4114467842667,-106.70654689452734,-445.21815276239187,571.1848651185136,-88.88983104563614,-439.61869488591117,580.9895159164317,-87.25225056966376,-431.52701575018494
2024-04-18,501.9800109863281,499.5199890136719,18.0,17.8799991607666,54.33114520332327,-112.93313241068077,127.83627975767828,83.61009624611134,-119.99952310791288,303.51024273647903,183.01566670375385,-193.37600422681317,354.9593822252221,199.10305231754302,-144.06587305843036,363.5988835841658,200.45675251702642,-136.5595502495996
2024-04-19,499.44000244140625,495.1600036621094,18.709999084472656,18.1299991607666,74.02200500967726,1966.4859806353993,271.55509239033006,-50.68897124488141,-126.81753585052002,461.1710017068916,51.318331611808766,-347.3141646302168,520.7442415237737,68.526583393555,-303.3229533699596,531.5974081071834,70.08373161400411,-296.89250538810967
2024-04-22,497.8299865722656,499.7200012207031,16.940000534057617,17.450000762939453,68.33108056443376,-569.0924445243496,-123.68319768767721,154.86781021262138,53.524070833878646,-127.84569197540617,247.53521113321423,228.73132756182892,-82.09010575785821,261.11216336081407,276.62645427952543,-75.23244385734282,262.09547537546575,283.3802992284395
2024-04-23,501.7799987792969,505.6499938964844,15.6899995803833,16.25,65.60507856946631,-272.6001994967447,-126.30291654486837,-47.69081670619395,246.10532378467659,-331.8365864882863,32.37949138919605,416.08954598826983,-293.19261546318336,41.92086035556544,458.0246608554926,-288.4909468415981,42.42963815250105,462.87623084258416
2024-04-24,506.55999755859375,505.4100036621094,15.970000267028809,16.290000915527344,66.43584393534738,83.07653658810636,28.849131353812375,160.5423714067708,-114.51460137686632,183.14792213543763,243.37799035224916,-95.35350978095869,220.13009692643743,253.69550132301126,-48.91793647491263,224.65904489767732,254.27763047457873,-43.11498233361084
2024-04-25,499.1799926757813,503.489990234375,15.369999885559082,15.8100004196167,63.51131375514228,-292.4530180205096,-118.65370406809285,-136.78675485963404,321.45833979229826,-398.7685911210746,-62.81015643329548,475.32495839731206,-357.8201395562024,-54.87167002162943,508.722300155253,-353.07574349163195,-54.50247512515471,511.923793493052
2024-04-26,506.3500061035156,508.260009765625,15.029999732971191,14.670000076293944,63.97115362290086,45.98398677585749,-114.59785031343453,76.9284017784347,93.26114314269701,-171.08778731532627,140.4788139478927,234.78141940397748,-133.48996976067485,145.98075142884682,260.92196422364106,-129.888743514268,146.16870163370382,262.8252066467464
2024-04-29,510.0899963378906,510.05999755859375,14.670000076293944,15.109999656677246,63.18100951186523,-79.01441110356302,-120.61085823035162,302.38498442453437,-120.23675763416117,37.157559962506845,371.8810705463232,33.78512006199512,74.58721470330481,378.68638201080364,66.12692095158373,78.51504547476623,378.96175151940133,69.00896464009783
2024-04-30,508.55999755859375,501.9800109863281,15.649999618530272,16.65999984741211,63.56654869776028,38.55391858950554,168.79257915217565,-176.46109609749809,-114.21983637774888,326.1931787997048,-290.3907318588051,-433.5177667599752,365.7760226977557,-278.42696649600407,-586.2624915478226,371.06033451072915,-277.6592116244936,-579.5604865590846
2024-05-01,501.3800048828125,500.3500061035156,15.390000343322754,15.90999984741211,62.01638808520531,-155.01606125549756,-49.465454656525075,249.2541939940974,-131.25923398319907,127.03739886968899,325.7424169102307,-47.267716050811906,172.01256661543675,334.38259437473454,-15.318214962139917,177.58743289285988,334.8190402930209,-12.243057444335046
2024-05-02,504.1499938964844,505.0299987792969,14.68000030517578,14.859999656677246,60.97927035693763,-103.7117728267674,-119.29608747620144,200.89423020598323,-25.029674179574023,-59.12529226583347,265.4214163179667,123.97849091110035,-23.527015568423536,271.1061464130258,153.10483141688928,-20.127991287136847,271.3035775042413,155.39322561572007
2024-05-03,511.1600036621094,511.2900085449219,13.489999771118164,12.0,59.36411161105801,-161.51587458796257,-114.91965138534967,241.29525215631736,-99.61628813439242,2.3289147620537043,276.0132823546647,28.23564949340598,22.208645956720808,277.2185339735492,43.08434296034187,22.979323359824622,277.2289284368047,43.5189394653629
2024-05-06,513.75,516.5700073242188,13.489999771118164,13.130000114440918,61.63795036084841,227.38387497904,-128.81186516966247,29.615509820602504,138.71914545091542,-246.65457217401212,77.09701748422944,291.40037240417763,-224.44434195892129,79.7200276125395,316.7157292900192,-223.18751495703142,79.76410704984497,318.08213052518306
2024-05-07,517.5599975585938,517.1400146484375,13.229999542236328,12.760000228881836,61.019712537597925,-61.82378232504817,-48.00369118807925,197.58400039477627,-112.73078578410144,82.25276631497687,242.3922413791348,-40.55253193903783,101.1495967214122,244.64295233247827,-14.608941797785155,102.07409481210536,244.67513189580782,-13.282605092967723
2024-05-08,515.260009765625,517.1900024414062,13.0,12.479999542236328,60.241696954976675,-77.80155826212507,-113.58729968389218,59.72360721487069,86.95466275277875,-178.2993258710116,100.77329506038735,215.84173953084277,-153.99440248960323,102.6247384364613,232.61036663516225,-152.76563225703114,102.6486010766724,233.2331276232966
2024-05-09,517.3800048828125,520.1699829101562,12.6899995803833,11.920000076293944,60.82134124175734,57.96442867806633,-108.44610016180624,-44.94963863124577,181.46564101983546,-269.5639587381033,-8.921018842701598,301.56961521318107,-246.91383283544727,-7.585264594407157,314.96101233617117,-245.9573765457351,-7.572361357305255,315.3403426591615
2024-05-10,521.8099975585938,520.8400268554688,12.550000190734863,11.81999969482422,60.702180039801064,-11.9161201956274,-9.8248470441167,155.12173685660036,-118.05867154679694,123.02957860167305,190.3186726840508,-91.96299182454786,139.89448012670243,191.54704119548927,-73.62066908224972,140.50818418237546,191.55732963536636,-73.00598453023996
2024-05-13,522.5599975585938,520.9099731445312,13.600000381469728,13.710000038146973,63.65506700878254,295.2886968981474,75.58228739885811,88.14262676849899,-114.37238875529269,214.3474535327832,145.4538697423384,-158.2183592515537,239.06411667013134,149.63043861150354,-125.51837378608371,240.82731425240496,149.73584424048218,-123.10412339243709
2024-05-14,521.1099853515625,523.2999877929688,13.420000076293944,13.3100004196167,64.34874125242398,69.36742436414391,-119.47515354517418,61.194878178776314,102.05697613136698,-194.48942969388779,112.93029650551193,244.1558399655835,-166.06694324178176,116.22000601223854,267.5389447528231,-164.09908717122389,116.29017892484862,268.8612966824191
2024-05-15,525.8300170898438,529.780029296875,12.449999809265137,11.420000076293944,65.484785273345,113.60440209210196,-124.5072639433588,-111.59880977149933,260.10349031853275,-371.354817708164,-79.64267560606324,398.91092722317745,-355.88860613338625,-78.68398269472429,415.4072257613124,-355.40167009929775,-78.67760674724768,415.8789917939754
2024-05-16,529.8800048828125,528.6900024414062,12.420000076293944,10.960000038146973,64.62169981245945,-86.3085460885543,9.189030189216643,129.4456521950476,-118.41647551853953,139.28095141727067,157.62257662253097,-115.76934153263646,153.31161139176464,158.31597964144044,-101.61965876954035,153.67955123110295,158.31939795154713,-101.2941922783795
2024-05-17,528.8099975585938,529.4500122070312,11.989999771118164,9.670000076293944,63.91931414643008,-70.23856660293717,-118.95529135581528,192.79546999248856,-65.18149670098065,-48.51700491738129,209.41286948994338,59.94540601074643,-40.665947685236965,209.58258864761595,68.71195743960426,-40.58140566506181,209.5827978111633,68.79713460766642
2024-05-20,529.5700073242188,530.0599975585938,12.149999618530272,10.529999732971191,64.50031171253285,58.09975661027664,-131.2942025820438,248.19040394271744,-100.38873370054759,-23.45617048145938,272.6565891646021,43.03348307053623,-13.615538410180969,273.1264340935529,57.6605366931126,-13.434590356636742,273.12793456552293,57.94943430536319
2024-05-21,529.280029296875,531.3599853515625,11.859999656677246,10.079999923706056,64.5758084776894,7.54967651565579,-103.98211730635187,10.209179597338627,106.3311081934448,-200.00630504056886,30.72606764353776,215.4731176255941,-187.10436352135434,31.034709744131455,223.08881196806797,-186.88017483361074,31.03545755962063,223.173265671355
2024-05-22,530.6500244140625,529.8300170898438,12.289999961853027,11.140000343322754,64.55009580731208,-2.5712670377330937,-12.966231137732784,147.1093548147582,-111.69867973278775,109.68398856191371,177.51251632075812,-83.80464956744805,122.8414150969665,178.34741137098615,-66.55418371961466,123.20035515424283,178.35214224787242,-66.07822349762797
2024-05-23,532.9600219726562,525.9600219726562,12.770000457763672,10.789999961853027,63.3005105593456,-124.95852479664791,177.25626177170452,-241.32351611318762,-120.75222090688521,309.7632559766176,-418.184273799788,-491.35126431114185,323.92514986652725,-417.55280688594394,-682.3710299248652,324.2834033986306,-417.5499209231572,-682.0978139787037
2024-05-24,527.8499755859375,529.4400024414062,11.93000030517578,9.1899995803833,63.2209618911144,-7.954866823119744,-114.55259212731882,84.2373920490253,35.32247204253822,-146.21788493917987,97.20338157502762,153.91168819790622,-139.92266876213446,97.28991286950931,160.58251651673802,-139.87747959769408,97.28996783938418,160.62385865011163
2024-05-28,530.27001953125,529.8099975585938,12.920000076293944,11.510000228881836,65.69659771729381,247.56358261794134,-92.24669374679647,250.78659531732404,-132.10937492949446,58.284240423101764,285.17583952012217,-28.072664837172322,79.01055599940551,286.3568884650185,-14.399650426665575,79.81485799469235,286.36697424903093,-14.022882116041322
2024-05-29,525.6799926757812,526.0999755859375,14.279999732971191,13.40999984741211,67.1643443064692,146.7746589175391,-130.56355085877132,284.1409449594213,-107.14202925128654,0.6109304802765414,338.5350273705455,52.1039928306928,25.370435540853077,342.2145858321514,81.82219269023852,27.0558468395653,342.29820834114946,83.81695440311415
2024-05-30,524.52001953125,522.6099853515625,14.470000267028809,13.670000076293944,65.71893334515829,-144.54109613109125,104.62395110033478,58.413638975217076,-113.42698054843476,242.16044353335027,115.98296606410281,-185.7308659968843,266.5210948954893,120.20193407345164,-152.41507670916326,268.25123612082797,120.30904763442604,-149.92535393739504
2024-05-31,523.5900268554688,527.3699951171875,12.920000076293944,11.68000030517578,63.91830973757291,-180.06236075853792,-132.5543850798856,-66.72241755991914,225.85323958284195,-345.9020380331764,-32.18726305512038,376.2364093247504,-331.3952881787714,-31.029328706583502,396.27370287581056,-330.9204834181007,-31.020439805917086,396.9568471481047
2024-06-03,529.02001953125,527.7999877929688,13.109999656677246,13.90999984741211,64.44693485658708,52.86251190141655,-2.1449987913696433,180.88532179378197,-125.41471946617052,155.03283500893141,242.16964289177534,-94.1159753741106,187.34790516109499,247.1608989903544,-64.9936599942172,190.1556753825387,247.31396342441798,-62.80843062489148
2024-06-04,526.4600219726562,528.3900146484375,13.15999984741211,14.279999732971191,64.86183316804652,41.48983114594387,-112.1280185696339,66.21024232144455,104.01312383505345,-176.55544228815128,132.26430747006307,243.30858606450042,-136.17863528565817,138.32210365954805,269.21163883150086,-132.06090968411337,138.54789828042308,271.1551208779938
2024-06-05,530.77001953125,534.6699829101562,12.630000114440918,13.989999771118164,67.53403648882953,267.2203320783012,-127.9530145224241,-64.50827384279629,247.40380009903564,-345.400786159302,-1.6070445472252204,408.23251369826124,-315.39548004271177,3.6821712579188115,441.2961684393818,-312.8140651818161,3.8499028200585506,444.0059184502538
2024-06-06,534.97998046875,534.6599731445312,12.579999923706056,13.470000267028809,67.32743808887122,-20.659839995830964,-89.0231154754985,263.4428326189162,-124.63420916298969,64.83145910627205,321.18705816110435,-8.141189501153809,94.84814426218671,325.4918197857946,19.70176824962937,97.22618688516665,325.6072371503042,21.629582153336436
2024-06-07,533.6599731445312,534.010009765625,12.220000267028809,12.329999923706056,65.94871853744071,-137.87195514305068,-131.0770457445445,281.6098054333611,-114.46337088553574,1.5002706431456203,325.6379117984014,39.33046575469292,21.110431298684396,327.7992593929591,63.77850909064289,22.07317303888574,327.8293570194075,64.97722845054817
2024-06-10,533.1799926757812,535.6599731445312,12.739999771118164,12.850000381469728,68.07395545673724,212.5236919296526,-117.36662814924054,23.2637435333803,136.12231765700588,-226.74190237663396,73.24189413628676,274.3855236280967,-198.43950737817278,76.26608234660391,296.1214007693765,-196.5566667959882,76.32620388343845,297.26313868963194
2024-06-11,534.0700073242188,536.9500122070312,12.850000381469728,12.869999885559082,69.14653136525227,107.25759085150344,-120.31403956395154,-5.365191175639358,168.0070533180501,-262.52979824939007,44.921348964592745,310.5183150093889,-235.30456945445002,47.98204314613239,333.64057355719774,-233.50955375000365,48.042990348649205,334.9066448519673
2024-06-12,541.6300048828125,541.3599853515625,12.039999961853027,10.399999618530272,70.51523695943764,136.87055941853714,-65.35970763504955,191.67133279088907,-108.95807424677281,51.9011664279448,216.98360126171445,-31.431474323834262,62.581984492170655,217.4997424567583,-16.798194552190115,62.795792270196834,217.501571821803,-16.49586008024315
2024-06-13,543.1500244140625,542.4500122070312,11.9399995803833,10.279999732971191,71.0723051997233,55.706824028565904,-55.92320617497111,198.75211847678676,-126.40927404285424,82.15645950436387,223.1304742975239,-62.65459926457739,96.34129011686169,223.612696278349,-52.4593184085582,96.65818825680964,223.61445192612885,-52.29399339294461
2024-06-14,540.8800048828125,542.780029296875,12.65999984741211,11.0,72.69731542179228,162.50102220689797,-122.53238635660014,86.71439421483561,58.722214135264196,-168.14252436495556,117.57733377008968,194.52513021850197,-152.7624052987333,118.45571763013643,210.01336664274186,-152.2974591416027,118.46113356534453,210.42681141704307
2024-06-17,542.0800170898438,547.0999755859375,12.75,11.9399995803833,75.9189414971056,322.1626075313324,-118.78704095247033,-220.55440986953735,362.9539347009012,-470.88311064946515,-188.9832084288724,498.9933527891091,-458.0991766181609,-187.0854501681219,517.8051513369261,-456.962375785478,-187.0609190296656,518.5661976667697
2024-06-18,547.1599731445312,548.489990234375,12.300000190734863,11.119999885559082,76.08968242029712,17.074092319151646,-114.40428960305891,119.90653761421476,20.28404111132909,-117.58059668441271,153.65154429845907,147.08666481440565,-98.19351981219634,154.7713233059671,161.45358118059664,-97.47607531419621,154.78030986013007,161.85593303244
2024-06-20,549.4400024414062,547.0,13.279999732971191,12.359999656677246,76.65497322921993,56.52908089228106,89.80005229501351,88.64143879385472,-136.91338407452687,255.84548575976035,138.12826336996824,-208.74717110827322,286.78907849826084,141.09847100711409,-190.1449384084302,288.87973564483286,141.15747186934405,-189.26500256491227
2024-06-21,544.4000244140625,544.510009765625,13.199999809265137,10.960000038146973,74.54680655810812,-210.81666711118174,-106.13412896322441,215.4922379377904,-85.14869762398496,-2.7766972269146017,247.66036685013148,30.58569842513517,17.845972697658553,248.65995669777104,42.13853002465704,18.578963210810763,248.66732930952497,42.40514213120601
2024-06-24,544.3300170898438,542.739990234375,13.329999923706056,11.829999923706056,73.27599533045728,-127.08112276508388,14.527229256596089,153.23635354386374,-134.24976645310986,171.96542396986442,194.7088874529802,-133.94888920756065,197.24135801881786,196.61160586793395,-117.72710036966274,198.54685659721358,196.63679484566885,-117.12978483426133
2024-06-25,543.989990234375,544.8300170898438,12.84000015258789,11.100000381469728,73.72903218681397,45.303685635668955,-119.46419099237714,184.30328725485373,-40.19201766212872,-64.27802837029449,216.9090834169724,92.54268962605455,-47.035176115679555,217.92666607238453,107.91295177340564,-46.45070478759907,217.93398431223204,108.34607507110164
2024-06-26,543.6900024414062,545.510009765625,12.550000190734863,10.510000228881836,73.60425901453797,-12.477317227599372,-127.66511876983239,106.97147607576304,39.385720139633996,-157.6368906181,133.62227108308778,179.5221616250165,-145.87243553086458,134.21546464443963,194.41093556664643,-145.60931986543412,134.21789866598027,194.7410152082086
2024-06-27,545.3699951171875,546.3699951171875,12.239999771118164,10.489999771118164,73.62098878742492,1.6729772886947103,-104.88434809286777,122.0200939718321,2.3488669095522297,-92.12503725781752,149.4634243221187,114.87268379240214,-74.51124510774748,150.12645806818682,124.70555167963403,-74.02246346141077,150.12978775520213,124.8798072149495
2024-06-28,547.1599731445312,544.219970703125,12.4399995803833,10.539999961853027,72.24559065706461,-137.53981303603098,165.870091862676,-18.496096326080313,-127.6479166384907,307.1531159114015,9.188700133788322,-284.1549100633751,323.23536966973705,9.86082708370988,-272.54901640142043,323.6744856541161,9.86417804413138,-272.3160020180303
2024-07-01,545.6300048828125,545.3400268554688,12.220000267028809,10.93000030517578,72.46977358070369,22.41829236390771,-64.7143707889618,199.7183926649054,-111.51643293782564,58.12283590950107,231.16469916478772,-31.124436800283227,71.59988625718866,232.07550933588772,-13.149586014915135,71.98460338243711,232.08110396906102,-12.623486114651092
2024-07-02,543.7000122070312,549.010009765625,12.029999732971191,10.600000381469728,74.99030732670255,252.05337459988613,-127.56545709332762,-240.549198650076,386.6838041297316,-505.3211760122615,-214.02133270198576,527.1364899518954,-494.06837733486475,-213.37516714867976,542.4144423718834,-493.7782915806418,-213.3722819993853,542.7705244996265
2024-07-03,548.6900024414062,551.4600219726562,12.09000015258789,10.720000267028809,77.01525515419232,202.49478274897683,-128.40795890151978,17.074728431316878,133.1345586713012,-250.5688044457375,46.834774194187354,275.76177008420717,-237.3518429185941,47.62641163155876,292.30914500251555,-236.99847718781442,47.63070231414009,292.7474212044155
2024-07-05,551.77001953125,554.6400146484375,12.479999542236328,10.8100004196167,80.10039331825823,308.513816406591,-126.10838377506599,1.315605101580155,148.05863307113256,-261.77728690584155,32.54017706099479,288.54361074739603,-247.17221691561832,33.44064650490266,305.1687011268592,-246.73831936128778,33.44623491517431,305.6352801887242
2024-07-08,555.4400024414062,555.280029296875,12.369999885559082,11.050000190734863,80.24208871140202,14.169539314379165,-106.2232946194171,243.5896110587965,-109.61976709658484,24.109377956862478,279.2948779633561,7.542880834193946,47.159777172328155,280.600587411618,20.210071728384428,48.12165810835018,280.6129106167145,20.553929889297585
2024-07-09,556.260009765625,555.8200073242188,12.510000228881836,11.109999656677246,80.82718299536731,58.50942839652902,-93.91038613159331,253.93160230611576,-132.0740695656536,57.41622797251498,289.83746647676037,-25.552079698560547,78.92115675374346,291.15446814184594,-11.138762763540575,79.80841398059296,291.16684968744977,-10.708988694177643
2024-07-10,557.0700073242188,561.3200073242188,12.850000381469728,12.0,85.87899150811705,505.18085127497443,-119.70889761812097,-147.05382820256753,304.93355944773725,-401.24098269241125,-100.92427701375436,444.4774330909866,-376.15702726529344,-98.45866024222778,465.563379466711,-374.7014978739567,-98.41830962819873,466.5736663589708
2024-07-11,561.4400024414062,556.47998046875,12.920000076293944,11.420000076293944,81.84726104847546,-403.17304596415937,343.90871880639196,-172.97484523947412,-137.56409730312154,505.627698312202,-131.646351413917,-467.7671545255023,531.9407900828047,-129.75558389101354,-452.72675732858636,533.3059807478127,-129.73058874905215,-452.2010859798184
2024-07-12,557.6300048828125,559.989990234375,12.460000038146973,10.550000190734863,84.06220846446485,221.49474159893856,-130.35382958339935,64.31788003114355,87.97436238467185,-207.76753001021612,94.21501042533177,233.10483357114558,-194.98820891583134,95.01390115384514,250.2269705153188,-194.65235922263668,95.01822879821498,250.6900160064215
2024-07-15,562.030029296875,561.530029296875,13.119999885559082,12.18000030517578,86.06020401114239,199.79955466775436,-74.1618612525402,241.92626629096415,-126.09669471240511,76.9629756939956,291.5526941787459,-29.73816672910845,103.42944577779461,294.5097928176142,-6.521397690074357,105.12560245497261,294.5666040526655,-5.260109549394818
2024-07-16,562.8699951171875,564.8599853515625,13.1899995803833,11.800000190734863,88.91879734058575,285.8593329443366,-125.09715879419902,97.81098927235908,64.42884081398502,-168.7053989297196,142.91237812626426,210.76245768170733,-146.29988454128684,145.22676558610692,233.49340706272235,-145.0945371664391,145.26184050164952,234.60259980230694
2024-07-17,558.7999877929688,556.9400024414062,14.479999542236328,13.15999984741211,84.34283057800862,-457.59667625771385,78.81059802719665,94.86504780955832,-120.43647426553952,228.56906148918705,156.0629369425367,-167.78277235151577,258.1472652554978,161.0100545089925,-136.01499931959407,260.6040016193111,161.15814217424662,-133.5230244312326
2024-07-18,558.510009765625,552.6599731445312,15.93000030517578,14.899999618530272,83.87710476398945,-46.57258140191658,235.4596527143439,-179.08333347065943,-113.72631563184365,389.625364826999,-228.47461229706136,-433.51662465527744,426.8768849023578,-217.61587573718055,-519.5197911905415,431.5191034139827,-216.97624337068382,-513.2866067309009
2024-07-19,552.4199829101562,548.989990234375,16.520000457763672,15.039999961853027,82.50139593510875,-137.5708828880704,187.61247354000207,19.618956876446326,-130.71414253678563,369.2771609551454,104.09496231787205,-279.18765922167717,419.19428911562375,115.06717617167757,-243.95054096668264,426.26748769013403,115.74541714572469,-240.03168877220685
2024-07-22,553.0,554.6500244140625,14.90999984741211,14.789999961853027,82.92711996191855,42.572402680980304,-121.69149402972846,152.65618498332535,41.6558613365291,-119.80482830785128,233.23545483521,204.7532426134219,-77.7780920193906,242.96331685065462,243.83876568413586,-72.45403790715042,243.49630635794463,248.2556101608269
2024-07-23,554.5399780273438,553.780029296875,14.720000267028809,14.609999656677246,81.81468052449637,-111.24394374221822,-8.90440593656445,194.7500648365743,-114.49618124647805,142.986097313869,274.0582600518676,-59.750432530613494,178.0395988219613,283.3444471815913,-15.018002399961913,182.04710542881742,283.82218360504186,-9.728923106941975
2024-07-24,548.8599853515625,541.22998046875,18.040000915527344,19.790000915527344,80.69786208287904,-111.68184416173261,109.4225580568338,-142.2223081090696,-110.34644323185427,305.5005967637191,-277.4097838313868,-409.11224783020725,378.53482613306136,-240.47524161378482,-611.1719772215405,397.4848030273979,-234.3132659134586,-592.5391369522694
2024-07-25,541.3499755859375,538.4099731445312,18.459999084472656,19.81999969482422,80.0330291001081,-66.4832982770946,150.24611641013476,97.30489755584662,-116.22615040804939,355.33711295793944,236.58847867554013,-185.85968781317297,434.20753136998786,272.1410402623746,-119.64284281617986,455.1327698683479,277.9447225517226,-104.41479775042711
2024-07-26,542.280029296875,544.4400024414062,16.389999389648438,16.809999465942383,78.4202505148753,-161.2778585232789,-114.72504418910107,90.04377493260696,119.75878435856549,-172.75415705405408,193.080007596437,288.0114733975771,-114.89255147850123,210.6598088378887,334.79452851463907,-104.39188066849826,212.26823686667345,341.95190809953374
2024-07-29,546.02001953125,544.760009765625,16.600000381469727,17.389999389648438,78.81337143644213,39.3120921566819,6.468235918186574,215.68383444119056,-118.60372611894265,189.74443802321994,327.190896243378,-62.47515796805347,248.3056541322246,348.31183205811,-7.295423315563829,259.7497526245319,350.54572101741684,2.5114634653149692
2024-07-30,546.260009765625,542.0,17.690000534057617,18.899999618530273,79.59403173005418,78.06602936120584,288.72442287465884,-48.78413663397121,-117.52090844739948,487.40276010833657,81.59395872107423,-331.88382266454505,559.9128178086671,112.0935183715776,-269.62561646237754,577.5473945529083,116.4836869190302,-256.3755888903034
2024-07-31,548.97998046875,550.8099975585938,16.360000610351562,16.510000228881836,82.19864511517066,260.46133851164797,-119.65922370947519,152.03682553535705,61.142080812441414,-123.61149332027264,253.51522573545182,236.62624015152412,-70.97889948661287,270.41028992837994,286.9524501324107,-61.920025694495195,271.8906935428316,294.8558322775863
2024-08-01,552.5700073242188,543.010009765625,18.59000015258789,19.540000915527344,82.26028853794146,6.164342277079982,-115.9381101266643,-142.73775398915413,-107.45316317127626,73.44533757993891,-500.90806371449446,-400.699557079608,141.59325447184014,-464.63325592706883,-821.0854980849831,158.58060677189565,-458.70097031520254,-801.1946202648153
2024-08-02,535.75,532.9000244140625,23.38999938964844,23.309999465942383,90.14854591651311,788.8257378571652,203.46025874459278,64.75871140116672,-101.83379492287693,417.19974611000015,239.1026041858179,-189.11189913182744,508.67431324623067,298.2052759411081,-91.9047072435352,538.7252561875305,312.54314218097966,-60.39867445250879
2024-08-05,511.6400146484375,517.3800048828125,38.56999969482422,42.790000915527344,131.5468356352026,4139.828971868948,-71.0741432997498,-74.11796131239791,393.6841842400152,-268.37503941992406,182.33283587723255,703.2966533071782,-111.35449501865475,366.1623701366192,906.2715496302108,3.647177546709537,469.70701367129055,1027.4426133507673
2024-08-06,519.219970703125,522.1500244140625,27.709999084472656,28.93000030517578,98.31493580980941,-3323.1899825393184,-92.45221594143695,79.30325276273427,221.8050611439178,-159.79920083180838,295.9180682897237,466.8677965681819,-32.39616279837662,391.7305660608821,589.9115767751373,22.553158693231424,425.56256877427984,640.2339176399873
2024-08-07,528.469970703125,518.6599731445312,27.850000381469727,29.260000228881836,97.35727486016398,-95.76609496454296,-23.537425293119817,-102.83499980255507,-92.36959674093904,231.2699187775145,-313.61830407740894,-345.07261160817717,366.6141212376343,-211.2789750714576,-653.1919869971532,427.57947234925024,-173.27084372545994,-600.4625779822475
2024-08-08,523.9099731445312,530.6500244140625,23.790000915527344,23.899999618530273,89.3979708712564,-795.9303988907578,-105.21768343832997,-125.01268722364111,232.107948644472,-388.6096025152727,-115.17639167938009,452.60753666610356,-459.62763620860375,-55.65603551105005,548.007794654206,-428.24058072875425,-41.11010676053974,578.6616883153837
2024-08-09,529.8099975585938,532.989990234375,20.3700008392334,20.059999465942383,80.47470598367948,-892.326488757692,-115.32395126806884,56.00230236460779,188.21607792608182,-222.29181353329884,192.85544894898868,387.7918220344021,-152.9135087947868,226.86102842747118,460.56625570975433,-135.75929177597095,232.1606202569546,477.9271293444372
2024-08-12,534.2100219726562,533.27001953125,20.709999084472656,21.920000076293945,81.16270401833714,68.79980346576531,-33.340622548909614,294.10810377250516,-109.44931385550626,179.41805508202256,453.38498870236594,22.777054066326997,267.9235418044582,501.6619304826262,103.58892429793504,295.1031898411004,511.7024025068091,126.10468374075106
2024-08-13,536.530029296875,542.0399780273438,18.1200008392334,18.56999969482422,79.0811091155452,-208.15949027919345,-122.02839589174951,-153.2555309738914,386.0233051398143,-444.72472476770656,-34.557435137959324,584.3757356803919,-391.46337613935924,-8.245802499447327,653.110379578943,-379.55340300300355,-4.9479058084809875,667.7478233220263
2024-08-14,542.8499755859375,543.75,16.190000534057617,15.789999961853027,75.53465935019452,-354.6449765350687,-123.51273874918364,249.84294776276917,-44.37656317052225,-31.287519481958114,339.7553111676025,128.4761521263956,13.418905535830719,352.39029796897665,174.54300354276845,19.854246892366213,353.25121099830505,180.77050686109845
2024-08-15,549.5,553.0700073242188,15.229999542236328,14.369999885559082,80.12804480546916,459.33854552746425,-132.51475969118192,5.876885299951676,193.24779567779157,-291.7944521715714,80.44552414827172,368.98969893294776,-259.59277988064025,88.43084962308677,411.71557347955337,-256.25373584043217,88.78975761230346,416.36834703496714
2024-08-16,551.4199829101562,554.3099975585938,14.800000190734863,12.970000267028809,80.21482314596693,8.677834049777289,-112.05301000237277,-33.93249127139308,195.517964596101,-273.7216169267248,23.55868961271852,330.1578643738993,-238.5306737143447,27.862473737558012,352.57666860775925,-235.591290460743,27.981040299686313,353.94226483895864
2024-08-19,554.72998046875,559.6099853515625,14.649999618530272,14.119999885559082,83.90285258649574,368.80294405288083,-127.92399524646109,-149.91200001614013,342.39210510106,-434.9639617403359,-77.39717261591272,509.6129084097756,-400.68772971011754,-69.9043357849317,548.1740273504199,-397.1049323832171,-69.58181221429652,552.089677368311
2024-08-20,559.1500244140625,558.7000122070312,15.880000114440918,15.850000381469728,85.1250857894972,122.22332030014655,-87.41196110676023,299.8247829758735,-123.47725052031608,92.1227606771687,396.71907188643087,14.582064823655275,144.83690863967888,411.8883260384576,59.98294331325436,153.5447322249241,413.10906358000955,66.49426622534642
2024-08-21,559.77001953125,560.6199951171875,16.270000457763672,15.649999618530272,87.19586241025405,207.07766207568454,-124.15449934365982,266.1577515119116,-55.51284720644107,-18.666023830747868,360.60687403548957,121.95744931855053,27.257527615341616,374.8078945614815,171.54880621369298,34.23391543193242,375.87368037913546,178.81242703892954
2024-08-22,562.5599975585938,556.219970703125,17.549999237060547,16.549999237060547,86.23226014710255,-96.36022631515004,197.01902867146615,-162.71574808971573,-112.55553554385715,366.3019483242526,-233.00928549006665,-422.5875210364956,416.035185850643,-213.6426032402029,-540.7356072659244,424.768335606264,-211.76391454289023,-530.006425140956
2024-08-23,559.530029296875,562.1300048828125,15.859999656677246,13.6899995803833,87.49020695839721,125.79468112946586,-132.65795639656872,95.0002585288839,98.59579823995065,-200.37559188039558,163.89707646291407,270.4974788992022,-170.48529202743651,170.48086310945496,309.75382829875275,-167.70720741899342,170.73069442793425,313.5631334747508
2024-08-26,563.1799926757812,560.7899780273438,16.149999618530273,14.869999885559082,86.63651849939617,-85.36884590010345,103.1543837528602,100.39353777620866,-126.08668968273095,278.0294852577132,185.8134871843152,-186.74076449937652,325.11197176791524,197.04097609631395,-147.70239795847158,331.7143608469484,197.74187973931444,-143.05675148695772
2024-08-27,559.489990234375,561.5599975585938,15.43000030517578,14.170000076293944,85.97547222933488,-66.10462700612914,-111.87477346863696,57.66366939852039,122.0442188439417,-187.76440581389437,133.45550173409427,266.6553574151503,-141.6006034101848,141.9133385615251,296.7030794762857,-135.91456500482045,142.3330306907962,299.4840869120705
2024-08-28,561.2100219726562,558.2999877929688,17.110000610351562,16.639999389648438,86.25682257588467,28.135034654978597,154.8486292817575,67.42392847280988,-122.14781724459522,341.45959982285433,175.50738654454497,-219.07126147381587,401.03883528074397,195.17098438361128,-168.59721367058978,412.4463544839141,197.1408095729919,-160.23366355292697
2024-08-29,560.3099975585938,558.3499755859375,15.649999618530272,13.729999542236328,83.60311023442412,-265.37123414605475,49.46322410185624,143.45015487339586,-131.2384045531438,220.8954339847877,213.0838468572671,-149.75510668802505,261.3451006120852,219.94919973192142,-120.28852599531581,265.7070612366841,220.23175506805703,-117.78031580561097
2024-08-30,560.77001953125,563.6799926757812,15.0,12.899999618530272,86.7900760045577,318.69657701335825,-128.00049017563728,30.215935811028395,148.28660570682732,-248.89716293772068,88.6767047150112,306.4135684387309,-221.03592708242445,93.09105887380315,337.1321794511024,-218.88510069976795,93.21013683748788,339.39681797962976
2024-09-03,560.469970703125,552.0800170898438,20.719999313354492,20.06999969482422,88.90965892394694,211.95829193892308,102.49514185630309,-137.6112853945518,-114.45862855798802,315.73061498098684,-279.2273399290057,-420.29371927030843,402.8296410813641,-236.81567212209052,-641.0232792909532,428.32097617890133,-228.83015150790396,-623.1072272875291
2024-09-04,550.2000122070312,550.9500122070312,21.31999969482422,20.43000030517578,89.47774100510594,56.80820811590053,-108.347616157646,267.09509564004,-16.91879004846124,4.134158954587422,416.8825026357357,182.26018237554038,86.87511925770231,458.84815453193073,257.1110762516864,110.5047693496801,466.65260171549596,276.4002398306476
2024-09-05,550.8900146484375,549.6099853515625,19.899999618530273,19.540000915527344,85.19062889761042,-428.7112107495517,25.290437492268914,217.60577752914648,-111.13308611011271,220.81902037855494,357.32762400222487,-50.758756106426105,293.09572447767613,393.02475936305103,22.482615282526442,311.56646381114047,398.82098837804637,40.29797981931586
2024-09-06,549.9400024414062,540.3599853515625,22.3799991607666,22.260000228881836,85.74749144280398,55.686254519355316,-70.22444733393522,-127.63383386444113,-104.54297408151058,143.7927912366181,-422.0763715825708,-388.0405711820118,234.8736434477299,-366.52289624807753,-760.700521641414,264.28972752561504,-353.6594567782382,-732.484807428125
2024-09-09,544.6500244140625,546.4099731445312,19.450000762939453,19.670000076293945,81.62601247560586,-412.1478967198115,-116.57636477560624,215.17181068537175,32.33583281836905,-67.71125120647456,354.0618069752664,236.39150687217574,0.48463841409194464,389.210783912833,312.69574582747697,17.35007071488075,394.8209161988061,331.5331992416478
2024-09-10,548.3599853515625,548.7899780273438,19.079999923706055,19.690000534057617,82.18245507560822,55.64426000023559,-108.3710122415564,278.12690862156546,-36.970533315466646,18.708418974123987,418.87098924786517,153.09434820573384,98.57922189329064,455.28839336318055,220.02877005005342,120.04518659564701,461.3495375003671,235.62345921297003
2024-09-11,548.7000122070312,554.4199829101562,17.690000534057617,17.8799991607666,83.01656442128348,83.41093456752589,-120.5935674006792,-155.60160605185055,345.14322865620454,-441.3135435777058,-78.69483328640429,537.3469915855578,-425.539976269047,-54.209440482226974,601.383477913861,-413.74412898277006,-51.306159610711276,614.2670545354973
2024-09-12,555.010009765625,559.0900268554688,17.06999969482422,16.75,85.20430671383923,218.7742292555754,-118.36044980111994,-72.31809389225995,289.6307534536429,-346.66451984372827,34.5928334297575,467.3393158452979,-290.69390065270534,53.71541967106415,520.1403843036607,-280.3488960992261,55.576179998432345,529.0149875835691
2024-09-13,559.7100219726562,562.010009765625,16.559999465942383,15.800000190734863,86.50163763942645,129.7330925587218,-124.82618975807897,128.6180296027961,84.73921108165781,-158.9091417584138,225.10779809094961,264.9737573523687,-112.80455566087701,240.0413627585296,316.5262597277167,-105.66101726315102,241.20868274326088,324.36121411322046
2024-09-16,561.739990234375,562.8400268554688,17.139999389648438,17.190000534057617,87.78446112619719,128.2823486770738,-120.74704511535793,258.15860389914565,-30.038687222676707,-26.431298138771652,373.490193022031,159.20563439371236,30.036953551026777,396.29165771586065,220.61934474673694,41.171466721972,398.8420306357983,232.44428682234027
2024-09-17,565.0999755859375,563.0700073242188,17.610000610351562,18.09000015258789,88.63641392277773,85.1952796580548,79.4213789715087,156.82152816949431,-116.23203563760748,273.30103469206216,284.79111723465843,-121.52069783753882,342.10848097537274,313.9605825857863,-58.32457397500532,358.21781094549425,317.9945636664662,-44.93033206684871
2024-09-18,563.739990234375,561.4000244140625,18.229999542236328,17.950000762939453,88.33636742976623,-30.00464930115072,141.48611172424984,88.56374247832369,-112.23800714545897,325.7615874224468,214.33430709720403,-177.41568578236908,387.93526323557035,242.2683616801672,-110.12022240445899,401.63866977420753,245.9669362523205,-95.6033802778599
2024-09-19,571.010009765625,570.97998046875,16.329999923706055,14.65999984741211,92.87675786631095,454.0390436544726,-119.01397619995004,319.2191824994889,-123.01775747645324,50.644685567831594,404.36534888434176,40.25480649139784,95.20872849843707,415.47739212048566,81.5195339787605,101.29684798437333,416.15999615360084,86.56286183543551
2024-09-20,567.8400268554688,568.25,16.149999618530273,13.199999809265137,90.2685385361263,-260.8219330184653,-126.06606000169337,278.9191608960461,-96.34980400109045,2.00885798887114,343.3811753510614,62.72292381993443,33.729250638373976,349.0096602666048,95.65399572953666,36.590270840738334,349.1991103706944,98.42385318232017
2024-09-23,569.3400268554688,569.6699829101562,15.890000343322754,14.350000381469728,90.84548419956997,57.69456634436665,-114.92700429914004,250.89250106654467,-62.96053927461005,-4.198762530766073,331.8561761211121,89.69741742118316,42.749625497207134,341.7498735187346,124.27062147450076,48.981729026766075,342.3077905454579,127.94661643034758
2024-09-24,570.47998046875,571.2999877929688,15.390000343322754,14.119999885559082,91.55483940486448,70.93552052945142,-112.1132393925926,186.09066111277704,-3.1861586170595957,-60.96687809911432,264.84064177766624,143.6317188582743,-13.302453624351182,274.11421943370135,175.21462320639526,-7.128689406951702,274.61156759169626,178.32650590261963
2024-09-25,571.1400146484375,570.0399780273438,15.40999984741211,14.239999771118164,90.40568827813455,-114.9151126729933,-22.913619221926695,220.87355726760725,-126.28158818995773,147.9637959306954,300.5106246851015,-64.20855526866315,191.46056804548843,309.98751549141093,-27.557525661572168,196.98092468592046,310.49824979580063,-23.588687001891206
2024-09-26,574.3800048828125,572.2999877929688,15.369999885559082,14.5600004196167,92.22800545812044,182.23171799858875,55.97697662930743,151.52824785512954,-129.81780782187758,237.08260727367784,237.17438207944903,-145.46452651234426,287.1113019562458,248.5050461782232,-109.12910648780648,294.2966995669463,249.2230266610095,-104.96222170452774
2024-09-27,573.3900146484375,571.469970703125,16.959999084472656,15.739999771118164,93.35828298915017,113.02775310297335,40.00890476765802,179.7882524482471,-126.53366828244296,228.36449729271848,281.01045894347646,-115.62783535560445,286.9256630913992,297.8836319471284,-71.47163339396344,297.4036842127706,299.37879321222067,-65.00663034345335
2024-09-30,570.4199829101562,573.760009765625,16.729999542236328,16.649999618530273,94.69894211173872,134.06591225885478,-111.52772969724582,-35.9272275018885,251.7057947291267,-293.44354565392484,76.28232758986398,421.81318133214154,-228.4868394516224,97.8011257380884,471.4010513537735,-215.2001469657152,100.13614687027024,479.775377049968
2024-10-01,573.4000244140625,568.6199951171875,19.260000228881836,19.549999237060547,94.07996102721948,-61.898108451923406,331.67050138999946,-76.10284282135248,-114.07163553928578,543.1120199431758,73.35189776978586,-357.21803612447036,628.672181827093,115.14985855913025,-285.5538929065829,653.4016121936029,122.91942306979652,-267.53415456042177
2024-10-02,567.7100219726562,568.8599853515625,18.899999618530273,18.760000228881836,93.56970168501812,-51.02593422013655,-116.17382283634294,269.34267202477105,-23.690122840088556,-11.744030186112672,406.7801159348778,178.14468477600957,56.57201309489543,441.10204417643513,252.64525379021225,73.34811777094002,446.48121256153917,270.7102497446082
2024-10-03,567.3599853515625,567.8200073242188,20.489999771118164,20.40999984741211,95.32800779487815,175.83061098600297,-105.34032317085328,283.8445590386367,-29.579938910005076,27.131285275080664,440.72757355819226,171.06917813229214,116.47164339270971,487.40374000778667,248.07928616712863,143.7084909123342,496.8711916406967,268.81555797303895
2024-10-04,572.3499755859375,572.97998046875,19.209999084472656,16.479999542236328,97.06058897044412,173.25811755659686,-112.73018333340838,241.00484390036277,-25.700124934841305,-19.218053409374413,351.5380970942473,145.1497175611454,43.78882207605306,372.2952256139052,194.8585075844475,56.358598955191106,374.4776379287502,203.17316881474952
2024-10-07,571.2999877929688,567.7999877929688,22.63999938964844,20.0,98.73606797646094,167.5479006016829,213.48213502740626,44.17356456364947,-111.91470588017475,425.1425461938266,197.8732758363062,-232.26831492129102,511.7226226649336,242.40651339796082,-156.45430239571675,537.3856597228735,251.10089112198537,-136.45180165185923
2024-10-08,570.4199829101562,573.1699829101562,21.420000076293945,18.0,100.29107897417319,155.50109977122446,-109.37178346379676,33.66347081622896,197.21453700260375,-224.31312507967354,163.12841273302786,378.4591325528248,-149.85228123188597,193.1681958511432,437.7457339576841,-131.67752449140897,197.45069918699113,449.9826821963518
2024-10-09,573.1599731445312,577.1400146484375,20.86000061035156,16.40999984741211,102.29003269759798,199.89537234247905,-115.65868445888584,-75.59997173534933,292.86278257465875,-343.5693076425616,33.96287220683296,468.0655190857693,-283.9116330416962,54.25495726961713,520.0538929516483,-272.35318438786203,56.33816179417932,528.904600975679
2024-10-10,575.77001953125,576.1300048828125,20.93000030517578,15.489999771118164,101.4899180806179,-80.01146169800819,-123.4681973009078,317.78935446950345,-104.10452118647876,33.17177048658928,415.9647080133776,75.22150861636872,81.05349250121952,431.5413511342187,126.77996541015781,88.7119561414054,432.8061763987639,134.74947730304388
2024-10-11,576.0499877929688,579.5800170898438,20.459999084472656,14.329999923706056,103.37155856293847,188.16404823205772,-120.47049837222518,-38.90314410470845,233.83273443602837,-308.9566304471234,43.514665416150656,396.29571588428746,-265.24290936755796,53.79465889422004,435.59146724926177,-259.49925969661786,54.38632181790071,440.14327305788476
2024-10-14,581.219970703125,584.3200073242188,19.700000762939453,14.640000343322754,105.8735804430946,250.20218801561214,-116.81284019032853,-8.142608420461192,205.68300273575912,-271.0650687577735,80.54366326626833,366.68286411526617,-221.65621569888137,92.83390449879167,406.7896693504844,-214.3452329841428,93.6632911061725,411.79586958184296
2024-10-15,584.5900268554688,579.780029296875,20.63999938964844,14.880000114440918,103.31732986574858,-255.62505773460202,350.65617127633175,-172.63544068359275,-114.6731817684561,512.4814213871169,-101.3291742975426,-432.77276113746194,555.2692577447617,-87.56806287217042,-403.2556627041739,561.4713348975905,-86.56939446728781,-395.66206266953736
2024-10-16,579.780029296875,582.2999877929688,19.579999923706055,14.25,103.8177686707548,50.043880500622606,-125.6085929240051,89.31281033235442,110.95535753613424,-194.2247155552261,171.93110283860946,281.7807831146196,-154.16087485532861,182.22759545351943,324.9215536695427,-149.0907869067738,182.81391420208493,330.1628127558433
2024-10-17,585.9099731445312,582.3499755859375,19.11000061035156,13.850000381469728,103.16719029765645,-65.05783730983552,241.55795999200683,-48.55118150339346,-121.9186417557424,405.05188708994945,30.495672791244722,-322.09157069635955,445.1074801835516,39.767852451963726,-282.61526259927126,449.9760969474146,40.25289934801595,-278.20063190582266
2024-10-18,584.0700073242188,584.5900268554688,18.030000686645508,12.380000114440918,103.77362219935978,60.64319017033313,-120.5943615085719,239.06036599494306,-68.03177626415186,-21.906361163294562,297.4533117789281,79.37489296579761,9.60594887774631,301.88761535921185,106.3781420804001,12.174209765873625,302.01022873087015,108.24539875083889
2024-10-21,583.8499755859375,583.6300048828125,18.3700008392334,14.390000343322754,103.00638156896876,-76.72406303910151,-86.8588355425395,284.8118711426007,-120.03487026526118,78.44912266336709,370.68875403916365,13.384762334787029,121.15998165766635,382.00447370251777,57.251951820154794,126.9244594901109,382.7056392856218,62.823152844486934
2024-10-22,581.0499877929688,583.3200073242188,18.200000762939453,14.550000190734863,102.45948623887432,-54.68953300944435,-120.0425781801009,90.73653364629413,108.49692786128527,-180.10454751375298,177.88613453553273,273.6529723235069,-133.91472541909144,189.64367601780816,315.37184670111367,-127.37171363099878,190.4027716008379,320.60945305517356
2024-10-23,581.260009765625,577.989990234375,19.239999771118164,16.489999771118164,99.039228269765,-342.0257969109315,187.3992249597851,40.1393992725527,-121.65677928490874,378.1993337650316,153.97996178174614,-247.49252426254557,441.6808960848392,176.20492633680323,-194.6671336056423,454.71486710567297,178.67131680432055,-185.32225571526553
2024-10-24,579.97998046875,579.239990234375,19.079999923706055,16.670000076293945,99.77241060434577,73.31823345807607,-41.30328262912466,266.2074851126501,-117.39913523550528,143.22467719267297,381.6712699224517,-10.20377055925101,203.39697480649264,404.58710930785344,47.677670570364384,215.6207531517298,407.1770632414869,58.53372851405394
2024-10-25,581.510009765625,579.0399780273438,20.329999923706055,18.489999771118164,101.09700180118097,132.45911968352004,178.2889726466127,60.792410158138544,-107.05556114769658,366.0380481081034,200.77694937695333,-195.64670113139968,432.87564086657596,236.5424746966024,-116.72287432508926,449.28080145156576,242.3193550425706,-96.78544152742853
2024-10-28,582.5800170898438,580.8300170898438,19.799999237060547,21.170000076293945,101.54067301711251,44.36712159315448,108.5401132634299,156.43550837051342,-101.28639674801329,317.9606728260427,328.08345081820636,-94.64302795897234,405.4345831862022,385.1118707993468,2.9577376170688807,433.2116884611746,398.53860428785447,34.41282234925589
2024-10-29,579.8499755859375,581.77001953125,19.34000015258789,21.770000457763672,101.67085307300037,13.018005588786252,-105.00277308062388,198.9271860812561,74.87336648073003,-64.84657447026267,375.6836831243898,297.2331245735173,29.750299098808576,436.6724537462822,394.5749538941504,61.55190634877446,451.8546595928528,426.45243772260153
2024-10-30,581.2899780273438,580.010009765625,20.350000381469727,23.59000015258789,101.32565128280825,-34.520179019212094,1.8277422321044923,286.0213805679773,-99.8395292241643,237.50970508436424,481.9896917056521,29.987292870895367,350.99694356834294,558.8770960849942,135.45759770763127,395.0949064937088,581.866328268034,173.43713801555
2024-10-31,575.5599975585938,568.6400146484375,23.15999984741211,26.049999237060547,96.71605914534163,-460.95921374666204,168.48918496941783,-105.69214282750929,-90.2022014886999,408.9211533525496,-125.13858461254338,-338.1079097427972,528.861071037718,-29.520181655999544,-443.9100831925244,578.6954479762769,4.064004364475851,-388.85093803802727
2024-11-01,571.3200073242188,571.0399780273438,21.8799991607666,23.469999313354492,96.20631659240208,-50.97425529395565,-98.24642439455326,378.63247328660736,-97.51073163228946,130.69429367064484,569.4665081081406,127.27930187447143,241.0212009956176,641.9647863934923,228.51457164249396,282.7567680440914,662.6929286649544,263.6969417381415
2024-11-04,571.1799926757812,569.8099975585938,21.979999542236328,25.770000457763672,95.02038581072527,-118.59307816768023,25.28133472054568,273.29858844655166,-94.4838031602462,269.7412647870436,485.35342601518,28.404376413979172,393.4323774489699,576.8029472093516,147.9369111743587,445.4400251804386,607.971757063029,195.69924392714844
2024-11-05,570.739990234375,576.7000122070312,20.489999771118164,24.700000762939453,98.09144997753067,307.10641668053995,-98.74322414114297,-112.01550406351438,335.1757550014891,-366.266793422944,20.36024029508885,575.7171311371593,-325.16817872447547,102.79355121247241,692.8876652372049,-281.93516364192317,128.68695565238343,738.2857152681144
2024-11-06,589.2000122070312,591.0399780273438,16.270000457763672,15.850000381469728,106.56340302152768,847.1953043997005,-115.19112671245858,133.43156053550834,81.88679288117127,-132.67218717805352,241.51750480150085,255.0595625712481,-73.18115907537407,261.1776534904745,305.62191669235995,-61.814119817057396,263.1450914482732,314.02201383222217
2024-11-07,593.0800170898438,595.6099853515625,15.199999809265137,13.84000015258789,110.3073841838676,374.3981162339921,-119.89205465910901,57.25104358388611,136.02883361560706,-210.88602923881263,138.59758368604318,296.83861935250025,-167.2836153831324,148.56235125934666,335.1416262791167,-161.63733606127676,149.12123193948625,339.474235411754
2024-11-08,596.1699829101562,598.1900024414062,14.9399995803833,13.09000015258789,112.63188263067295,232.44984468053502,-118.42634004652838,91.46886672156958,90.91488899091524,-169.2535723353146,163.38499994928472,243.21501850529418,-129.36949041102602,170.78903045330782,275.5696921637765,-124.9555881688556,171.11165280836363,278.5656883170104
2024-11-11,599.8099975585938,598.760009765625,14.970000267028809,14.0,112.99505813067431,36.31755000013612,-0.5406944036654182,197.7625328116641,-119.37783360206319,163.62449079671765,283.56525517935967,-71.89439327004374,205.76342941189807,294.85134790009806,-27.53406781884229,211.40499687930745,295.54788959878437,-21.86988136979482
2024-11-12,598.6799926757812,596.9000244140625,14.710000038146973,13.920000076293944,111.04733548260035,-194.7722648073963,82.83083589525793,110.7621278266773,-117.0900564781686,242.31869909979753,195.22375263220545,-152.37110345603074,281.94893095661644,206.06844103220564,-106.89657502335433,287.0280599783739,206.71157651617278,-101.11393660509977
2024-11-13,597.3699951171875,597.1900024414062,14.020000457763672,12.8100004196167,111.08043264442209,3.309716182174327,-114.00548451562608,288.7934128276423,-113.85098895561916,40.31194426064635,357.6890697458109,29.918149588972362,81.19952254584176,364.3822242390326,58.19586650936086,85.5628551161426,364.6518625264478,60.53014943340525
2024-11-14,597.3200073242188,593.3499755859375,14.3100004196167,13.130000114440918,107.35540261160423,-372.50300328178554,249.77732744807798,-53.468986003676754,-131.06465078404705,423.45822515023167,19.733422218453157,-347.864782337601,466.01655889028854,27.483174370729714,-316.8670588887022,470.92729684311706,27.83682333755546,-314.02116022791637
2024-11-15,589.719970703125,585.75,16.139999389648438,14.8100004196167,100.84861174341475,-650.6790868189483,300.0228845769612,-97.24534183611163,-116.85716584566813,465.945673559383,-3.366247379168661,-363.435769196672,510.91117385912526,10.623280088360934,-313.48754269770455,517.6257983947485,11.657912430127729,-306.1756619611193
2024-11-18,586.219970703125,588.1500244140625,15.579999923706056,13.979999542236328,102.57654914275257,172.79373993378186,-117.1999149396534,103.15363089358803,87.35271960099558,-157.9555547306879,184.41878401028404,243.82468981789955,-112.47217166769892,194.38148354256543,280.1685278634238,-106.48664383381636,194.94355153438272,284.16012106915736
2024-11-19,584.7100219726562,590.2999877929688,16.350000381469727,14.239999771118164,104.90801372091605,233.14645781634766,-126.69513673158052,-179.41502424419903,352.39325832490204,-466.50787082531673,-125.17320933332351,526.1711966155101,-456.59256126978545,-114.39298089225255,571.1344981733829,-451.4659566159118,-113.75618468972402,576.8049838719029
2024-11-20,590.3800048828125,590.5,17.15999984741211,15.079999923706056,105.46185943024027,55.38457093242215,-113.30654798274261,280.8082445329869,-77.10825739020636,23.5849904940723,379.1604012547878,85.16567652434837,80.48514926747092,394.9176291131706,127.93521482972662,90.27883330466045,396.2351694701465,133.95572803543592
2024-11-21,593.4000244140625,593.6699829101562,16.8700008392334,14.149999618530272,108.18886058060957,272.7001150369304,-113.53951957760114,255.19397198222256,-63.095137462968175,1.6816375499485026,341.7120044856458,91.087361633239,52.49529946222456,353.32168872718006,127.54261351094038,59.89935973884728,354.07257001373426,131.77143785795548
2024-11-22,593.6599731445312,595.510009765625,15.239999771118164,11.460000038146973,109.20320827909701,101.43476984874411,-130.817468828712,137.2199459241468,34.53107410696832,-144.50976222308924,186.11221468831144,190.8613021349093,-122.52074947726064,188.93020339772838,217.81470939862666,-121.25786344476872,188.98035464310962,219.37007459256125
2024-11-25,599.52001953125,597.530029296875,14.600000381469728,12.3100004196167,110.7937468741279,159.05385950308926,113.50346268700838,55.04805915997897,-114.14179303503042,254.61816467183408,117.41650553369885,-192.4553310400028,281.3395194695009,122.56961035357324,-156.65116127129838,283.47258141079385,122.72668854622458,-153.62943842268805
2024-11-26,598.7999877929688,600.6500244140625,14.100000381469728,11.729999542236328,113.6916313849652,289.7884510837301,-127.1339848266064,128.29031774457425,44.512381150422776,-146.67274969470424,181.91774937470936,198.50705320588096,-120.77993161452413,185.48333881749548,226.3211884710226,-119.01072183310683,185.5628605326821,228.118142604123
2024-11-27,600.4600219726562,598.8300170898438,14.100000381469728,10.75,111.84135467416749,-185.0276710797715,9.406832569357107,163.3158593134869,-138.32423898534998,172.74814493105274,205.67302977272894,-133.73975999598574,199.89834096080273,207.68296181030203,-118.50480125480766,201.35710796457732,207.710946121988,-117.95352362845597
2024-11-29,599.6599731445312,602.5499877929688,13.510000228881836,10.890000343322754,115.30832503082098,346.69703566534906,-130.65833598241198,26.27915985568412,139.35848983002995,-252.40760221167469,69.21719112075058,292.01718336744784,-233.23321956447228,71.24745857322166,315.8075306159918,-232.33106549025618,71.27415720390164,316.9357365647886
2024-12-02,602.969970703125,603.6300048828125,13.34000015258789,11.859999656677246,116.18859003085097,88.02650000299934,-122.89024055164808,233.18563651716707,-61.76685514678353,-32.65825555292629,289.67289489767114,87.86138930261139,-3.3084949940006525,293.74748782862076,115.10261154965107,-1.0687556773512719,293.85121225408204,116.93837529602379
2024-12-03,603.3900146484375,603.9099731445312,13.300000190734863,11.869999885559082,116.40573167306474,21.71416422137611,-112.55847301115482,206.24074923731504,-43.99639365520722,-34.868042336060974,263.88534937002385,91.47873444958206,0.1245434858257588,268.2101589125919,114.24976321930663,3.0403015326422334,268.32917337149433,115.66000319202647
2024-12-04,605.6300048828125,607.6599731445312,13.449999809265137,11.600000381469728,120.08414624743914,367.84145743744006,-131.4246957561549,127.65577414845913,49.73732385992988,-157.81359963877685,181.58289396246897,209.98186694126272,-133.7545616750859,185.1827590127208,239.9298910734373,-132.1657786863665,185.26270129457643,241.9415357780143
2024-12-05,607.6599731445312,606.6599731445312,13.539999961853027,11.68000030517578,119.0410376872975,-104.31085601416328,3.413956158712119,161.26559899695926,-117.13730311754703,145.1135651750653,216.76656859683945,-91.1006877890472,170.2808579317679,220.63719394473313,-60.67500110895543,172.02962492818202,220.7292037816474,-58.55243019251122
2024-12-06,607.4400024414062,607.8099975585938,12.770000457763672,10.380000114440918,120.08132036725564,104.0282679958139,-107.15208308596883,195.246565538687,-56.90589688690661,-27.373385974212393,234.39386866625725,62.80827411013339,-2.2665859896633145,236.04017123636666,76.86786592867162,-1.0689481938844758,236.0592599118838,77.31659070193214
2024-12-09,607.6900024414062,604.6799926757812,14.1899995803833,12.970000267028809,116.90760953780963,-317.37108294460086,203.62238253689264,-19.88816231343302,-117.97030856180993,357.3208834391163,53.83446690999241,-281.1588408348728,391.7500592507386,61.63259785258625,-241.5184147035495,395.3973015003671,61.97957057210643,-237.36125248237974
2024-12-10,605.3699951171875,602.7999877929688,14.18000030517578,13.289999961853027,114.98784147687778,-191.97680609318581,105.81386370492518,95.61978985206812,-131.2538630158933,283.42192509999086,173.75829795494386,-201.56024042985098,329.3224628024517,182.84019208398374,-168.84652625366235,335.13750508829594,183.31593585975747,-165.56855518105797
2024-12-11,605.780029296875,607.4600219726562,13.579999923706056,12.039999961853027,119.49843954972079,451.059807284301,-127.48094929847655,153.5322439003959,25.80686676530879,-124.92868407513865,213.34912282938987,184.0615128629837,-96.21061285457895,218.02379025000673,215.29312921975554,-93.91818072902086,218.15659889834436,217.6766895661785
2024-12-12,606.5800170898438,604.3300170898438,13.920000076293944,11.93000030517578,116.35985214513845,-313.85874045823385,134.63987582195054,31.66733811039213,-115.39330841893484,275.65682950650114,90.53996118555865,-217.66962234262002,301.4718785564868,95.013262836032,-184.49152513435243,303.39127170513797,95.13378601911867,-181.9365200815365
2024-12-13,606.4000244140625,604.2100219726562,13.8100004196167,10.899999618530272,116.17374286149828,-18.610928364016388,68.89875988688539,105.00790809662524,-136.45942592223054,231.66850296046587,150.41386771968533,-189.23142189136357,259.9495656236798,152.8037067275076,-172.06774055471251,261.6228705286123,152.84249110431242,-171.3510149406246
2024-12-16,606.0,606.7899780273438,14.6899995803833,12.0600004196167,118.63746969224019,246.3726830741905,-122.21833633370844,220.77076871343698,-46.393941033580276,-44.869589981525436,280.88797762136807,104.3845520926502,-13.290132165558452,285.64444838634466,133.06152923481133,-10.641126302967782,285.78367443654156,135.1704692695158
2024-12-17,604.1900024414062,604.2899780273438,15.869999885559082,13.390000343322754,116.27128267518668,-236.61870170535053,-117.8116435770285,287.130937247063,-98.55787751595459,25.39007986785611,365.8510709629172,57.19220603064341,69.14678588403422,375.07194070733686,92.64154735059627,74.63861322419703,375.55785432761354,96.38195264979366
2024-12-18,603.97998046875,586.280029296875,27.6200008392334,35.41999816894531,108.58273943575294,-768.8543239433741,-71.71704240297069,-75.83603120325117,-70.4462739385452,-270.7593746466888,-285.8766611862553,-266.49734758635515,-350.1044967781578,-607.7340358745322,-570.9188340562758,-237.55481923703493,-781.4600144929177,-956.9025767629221
2024-12-19,591.3599853515625,586.0999755859375,24.09000015258789,23.719999313354492,104.1748224054594,-440.79170302935466,394.55769066464757,-102.57654366968902,-98.71752720268356,634.4616837399002,98.64579368435463,-357.0671891204999,752.5454206522191,180.1766685114799,-248.42517690716974,799.9349777359665,205.6800802830854,-208.17883190740878
2024-12-20,581.77001953125,591.1500244140625,18.36000061035156,15.949999809265137,104.18588505290542,1.1062647446024698,-121.941938876601,-163.48158480061025,-30.934254768915558,-447.6086962204596,-471.88064568496986,152.7947444560505,-810.3052069759415,-452.93681900325214,208.90753547752556,-800.9711382788323,-451.1214778528994,218.60902291340787
2024-12-23,590.8900146484375,594.6900024414062,16.780000686645508,14.760000228881836,106.72254536329771,253.66603103922927,-122.11293869347523,-41.59401510506948,249.18597726296986,-320.5433840895723,51.843725921124296,422.48551628882126,-273.3489552021434,65.70683465594811,469.7524918080762,-266.1671221556112,66.7304980364382,476.47059952875367
2024-12-24,596.0599975585938,601.2999877929688,14.270000457763672,10.890000343322754,112.6903562837623,596.7810920464586,-119.13128708597763,-220.0698798634239,343.1939283870656,-471.3798267153853,-208.1184008640082,479.91226168463135,-478.5398596239346,-206.17872733242626,499.04921625759016,-477.39329155703155,-206.15328466743242,499.84241466417524
2024-12-26,599.5,601.3400268554688,14.729999542236328,11.630000114440918,112.65592474734598,-3.4431536416320796,-134.84583625122647,158.81853951191223,21.163632888232065,-134.50729490377063,211.91359322259157,185.6940345626035,-112.35665270561788,215.36399673250662,216.71141684814887,-110.97991157749335,215.43696750552542,218.7855524350743
2024-12-27,597.5399780273438,595.010009765625,15.949999809265137,13.3100004196167,106.55244065584738,-610.3484091498601,167.73448288795797,14.854473637965862,-114.7817760089705,317.7680078260049,90.62037171668214,-239.04774664739233,351.16702421975907,98.93345237834143,-196.29253972649352,354.73557230804533,99.32177761427815,-191.54059293920903
2024-12-30,587.8900146484375,588.219970703125,17.399999618530273,15.8100004196167,100.19079972187434,-636.1640933973035,-120.05060761333654,314.67825700611587,-95.71684538590902,35.64925072498084,421.54777857475625,84.94198213473253,89.88791230203165,440.6282074275993,139.4188430363962,99.75070734057645,442.47420833767336,148.73139641945022
2024-12-31,589.9099731445312,586.0800170898438,17.350000381469727,15.149999618530272,98.05774286830317,-213.30568535711762,270.94446509187475,-60.99767264328941,-119.39193527272957,444.75894344666085,37.51590209432931,-335.872133614158,494.88876710138305,53.247854750976465,-286.1940958159976,503.09815542324594,54.5421414662403,-278.6177535675105
2025-01-02,589.3900146484375,584.6400146484375,17.93000030517578,16.260000228881836,96.76508860068526,-129.26542676179054,324.3174944672834,-94.7096011247954,-123.46387277886672,518.6070232745452,19.39313700060017,-387.4922910792054,584.1903865669534,41.76384863231879,-336.46962284003706,597.846228843241,44.26714203849975,-327.59635664847013
2025-01-03,587.530029296875,591.9500122070312,16.1299991607666,13.4399995803833,103.13514092993033,637.005232924507,-131.71949102645152,-82.23369621000424,280.44997504662894,-377.86084472928246,-7.778190838070939,454.92198219159854,-345.2486527101921,0.18615881407198165,497.12328847282527,-341.85737460612216,0.5441517424557918,501.70284585637853
2025-01-06,596.27001953125,595.3599853515625,16.040000915527344,14.199999809265137,106.25348516092072,311.8344230990388,-51.885883708733815,259.1916427622859,-127.45432947552972,127.03287887078218,347.0017899020556,-32.57311766986472,176.71282951540562,359.01012152495065,6.352687579368757,184.00167672943465,359.8057302790379,11.097422923092973
2025-01-07,597.4199829101562,588.6300048828125,17.81999969482422,16.100000381469727,100.09258425223791,-616.0900908682805,51.87660988377798,-158.1548763843376,-123.69416655798099,247.38089012555395,-380.16859188110107,-451.970104084013,313.91181338062705,-357.38537278101944,-737.9254285309149,327.9298633245401,-354.7960584760848,-728.9930226528855
2025-01-08,588.7000122070312,589.489990234375,17.700000762939453,16.149999618530273,100.79833231814435,70.57480659064339,-121.89931993698055,291.02844661014404,-65.1171820824299,4.660548834911429,402.9991087626477,123.21260957872545,58.78961460057324,424.26032258555097,183.29478833770887,68.99423298562517,426.5009049576925,194.4793905940206
2025-01-10,585.8800048828125,580.489990234375,19.540000915527344,17.829999923706055,92.95248635881981,-784.5845959324536,333.8090493204088,-147.29700211855638,-112.61445693920572,525.4473885436847,-65.44069429414387,-417.1805549641259,593.7450628042346,-33.671450977231764,-398.93249162670867,610.1154954778893,-28.982021203677032,-383.1135647020075
2025-01-13,575.77001953125,581.3900146484375,19.190000534057617,18.700000762939453,93.3040286479119,35.15422890920945,-114.90608025539865,-143.30137430578313,351.1106993740437,-421.70910747400137,-42.439411931158254,552.9661403599306,-390.07774690320576,-6.685623858090947,627.9967832645503,-372.24034716253914,-0.8855827573004604,646.4997120356793
2025-01-14,584.3599853515625,582.1900024414062,18.709999084472656,18.149999618530273,93.7391395610762,43.51109131642943,72.0766366532718,173.84318985560262,-117.18900416228487,276.35174690338056,310.532729763965,-110.97962727220738,354.00696137363093,344.57402704854866,-46.58279218657866,374.13945821093193,349.93653669606533,-32.14485751834444
2025-01-15,590.3300170898438,592.780029296875,16.1200008392334,13.9399995803833,103.14883301892657,940.9693457850367,-115.0000543547929,40.9817972525669,148.4044621744658,-214.82294927844194,123.32671988657394,302.1100670380808,-167.23511163233226,133.627632573973,337.46758629275877,-160.7861154109717,134.2280668407536,341.33565258114527
2025-01-16,594.1699829101562,591.6400146484375,16.600000381469727,14.880000114440918,102.0411385715296,-110.76944473969661,119.0229072873233,93.499018208308,-124.04465376365438,299.113770490893,189.93500750205212,-193.03613816409177,351.9431903210873,204.9353680968765,-148.23396740054974,360.62216072819785,206.13096939686864,-141.86439524310723
2025-01-17,596.9600219726562,597.5800170898438,15.970000267028809,14.130000114440918,107.73355967254076,569.2421101011164,-121.67745437544114,264.3746070637842,-64.00633701936728,-10.58519741632031,351.0241402945343,103.45685474228253,34.10155690441925,362.60498195152076,146.1548473451125,40.30298931753664,363.34019564434016,151.55598988189956
2025-01-21,600.6699829101562,603.0499877929688,15.0600004196167,14.3100004196167,73.19236890229848,-3456.719077024228,-126.34119473415419,120.44705274884498,88.62617253640578,-168.59620736690513,211.13780086169314,266.7979860626988,-125.9560417657709,224.00754900639012,315.7330411593439,-119.93481832431493,224.89202159132142,322.61014630304385
2025-01-22,605.9199829101562,606.4400024414062,15.100000381469728,13.56999969482422,74.1669655056885,97.45966033900118,-122.91516495487704,274.4799463660438,-77.92582734620731,-1.6313700156254307,356.07761799277193,87.8845217934291,39.905310328306044,366.0918157056161,128.50555616915773,45.18344178986194,366.6518587985481,133.25557818117326
2025-01-23,605.7999877929688,609.75,15.020000457763672,13.420000076293944,74.66655993950258,49.959443381408164,-125.48750028898309,-58.19604588808895,255.18348126075253,-340.0749785337512,21.26260675737155,423.54820464687566,-301.2865594216962,30.635897786815548,464.7108272931014,-296.62605453482985,31.12828689963576,469.4348178261342
2025-01-24,609.8099975585938,607.969970703125,14.850000381469728,12.880000114440918,73.26525233774817,-140.13076017544108,77.06865909406842,108.40369161705146,-120.51125527472044,234.19180181952512,181.3235046152366,-159.02189594688363,269.8278585212425,188.93231505147867,-121.40479284521969,273.62964528352086,189.2656618566748,-117.59181287901282
2025-01-27,594.8099975585938,599.3699951171875,17.899999618530273,18.450000762939453,84.71854301175918,1145.3290674011014,-113.39252077648717,-77.89184953203866,327.54291706832066,-353.6931817000035,66.32541478952766,530.9345449600443,-279.8773624128623,104.70823128977356,607.9364743517094,-260.45103910705535,111.30871564701364,627.6139691985859
2025-01-28,600.6199951171875,604.52001953125,16.40999984741211,16.639999389648438,78.96023011164456,-575.8312900114618,-120.4992199570338,-4.996899047244005,240.69736261236832,-292.37561346802636,118.16306212259525,436.7528965653851,-233.35784055495472,144.73910161186348,504.26292931212566,-220.89773781254564,148.10694610183643,518.6237223707172
2025-01-29,603.719970703125,601.8099975585938,16.559999465942383,16.40999984741211,78.88509714291234,-7.513296873221975,99.34511950385632,126.69996246901539,-112.9683156030776,280.66132148756105,247.73544640057955,-139.44815558677269,340.0217763415426,273.2718459315738,-74.63546216825173,352.4324322260982,276.40951027251214,-61.29002749719216
2025-01-30,603.9600219726562,605.0399780273438,15.84000015258789,14.979999542236328,76.28864486285991,-259.6452280052432,-119.806150503117,228.77971469814858,-15.834946916472978,-47.16724773484,329.8770495384829,159.64645304425005,5.082889841470253,346.61763756933436,209.94732476257178,13.990055581612795,348.071312023632,217.84571329526025
2025-01-31,607.5,601.8200073242188,16.43000030517578,15.850000381469728,78.07250323391474,178.38583710548335,258.0294539328402,-157.91464174459585,-110.90854360465238,430.4715504110653,-160.74965559922953,-415.98683589993175,483.363454226488,-138.0712096716879,-469.20344825855864,493.4159275241733,-135.56090436025852,-456.4255740744933
2025-02-03,592.6699829101562,597.77001953125,18.6200008392334,19.3799991607666,86.852160772851,877.9657538936249,-112.14708482994348,-112.1165752937845,371.23996672198376,-388.7707933659016,42.81844886623991,583.5528993840305,-310.59733469341853,88.02424828611314,669.1670604806013,-288.4626367222586,96.87684389514251,693.3814152418151
2025-02-04,597.8300170898438,601.780029296875,17.209999084472656,17.0,81.14424593942627,-570.7914833424724,-117.06595714866702,-28.929734007640583,264.6899110945252,-307.9849455693502,97.72320349233146,457.6953016861777,-243.8869334011181,126.13933967094135,524.0736649060739,-229.4985950286451,129.96277755909762,538.4042654674338
2025-02-05,600.6400146484375,604.219970703125,15.770000457763672,14.880000114440918,75.11013798506423,-603.4107954362042,-125.38847580029683,9.257295073301089,206.98629656312588,-280.8652318748115,108.07112847118282,390.11694420699746,-234.50063988076562,123.86772496723867,443.85871250158544,-227.1732459687093,125.16025185799079,452.38053442891226
2025-02-06,605.989990234375,606.3200073242188,15.5,14.149999618530272,74.33543574136576,-77.47022436984707,-120.73113953352463,292.85560489553535,-90.11223232586795,19.020918265853282,382.8265554934482,78.2714731354285,65.87659363464472,395.5067138585871,122.25754976974919,72.74309762061753,396.37751526378645,128.0997939087701
2025-02-07,606.8900146484375,600.77001953125,16.540000915527344,14.670000076293944,77.55267214884111,321.72364074753546,255.57065901748675,-169.55292490621653,-119.25690664777024,428.5076977378011,-194.83337988096352,-443.7193536546745,477.96392177991527,-179.40586326133678,-517.2086137169092,485.9499494161875,-178.15844430671038,-509.71655045023414
2025-02-10,604.030029296875,604.8499755859375,15.8100004196167,13.760000228881836,74.89687815106436,-265.57939977767546,-120.61870417992165,235.14410865171945,-38.7327704021285,-35.85953163440492,318.89546028316585,124.9335153592704,8.320240545975446,329.576809938362,165.13950024427098,14.22994544651626,330.2112153722966,169.92837517673607
2025-02-11,602.5499877929688,605.3099975585938,16.020000457763672,13.829999923706056,75.8369142223205,94.00360712561451,-129.556807710161,90.00224308892902,116.33963556032717,-204.82406715405457,174.74603158978005,295.1208615638088,-166.86708344851456,185.6577550604392,342.5547407486962,-162.0969932051529,186.3048294500155,348.7134162082723
2025-02-12,599.2000122070312,603.3599853515625,15.890000343322754,13.510000228881836,74.66664692317872,-117.02672991417842,-117.62868440184279,-119.76042600533142,308.2888833880158,-381.07763246914146,-40.90193546273968,463.8392555949398,-337.1196800376799,-31.640085317782884,499.2300158130437,-331.5816331804788,-31.149863210809258,502.9653596022605
2025-02-13,604.47998046875,609.72998046875,15.100000381469728,12.3100004196167,72.77178510524536,-189.48618179333607,-111.13070600525782,-196.2711989851588,290.8697837840662,-436.1006042325679,-204.84460262974196,427.8602209592035,-469.255934135897,-199.1528646967559,452.6420892276307,-465.3437689544535,-198.95292268707465,454.4244270056145
2025-02-14,609.9400024414062,609.7000122070312,14.770000457763672,11.5600004196167,71.21321254755637,-155.857255768899,-93.53370618118923,263.84337235435527,-124.07591924533926,57.34867538094688,318.0358368439578,-4.841825883613568,85.18344106447796,321.7089394134643,21.600887633029654,87.17170885585278,321.7939541240361,23.286376950626654
2025-02-18,610.8800048828125,611.489990234375,15.350000381469728,13.199999809265137,73.84465988738972,263.14473398333575,-124.04149664650143,266.4786662207685,-72.55853336537685,-10.979755272440903,344.31601999142595,92.38635990403202,28.091893361218712,353.2439884141268,131.60327715224022,32.71379207519558,353.6952005253372,135.9191479402292
2025-02-19,610.0800170898438,612.9299926757812,15.270000457763672,13.0600004196167,73.84055211339299,-0.41077739967363414,-120.14083043790473,20.63982465245393,167.19222268634758,-245.90426126800358,96.28975911512362,324.5545354553078,-205.24324802720895,104.64881640153106,359.94618567941575,-200.47871077877392,105.05154540376401,363.5490190283991
2025-02-20,611.5399780273438,610.3800048828125,15.65999984741211,13.460000038146973,74.63043408149844,78.98819681054476,31.87420115594397,157.14650022762518,-114.63044426413927,185.9346554916116,239.49547490882512,-98.76440411201283,222.58355519221442,249.675469168994,-52.496234631480675,226.99527246455798,250.24356366892906,-46.71417939430393
2025-02-21,610.1599731445312,599.9400024414062,18.209999084472656,17.0,83.19230868769847,856.1874606200035,-112.08641160889778,-148.21189036648443,-116.32464026932504,79.17272791578495,-516.8761150494203,-428.2026402211381,150.87259383302953,-491.88308511006613,-864.0600686083346,168.27580806822232,-487.3764228970822,-856.0717475415726
2025-02-24,602.02001953125,597.2100219726562,18.979999542236328,18.299999237060547,85.721575889289,252.92672015905282,368.00958092983115,-119.4537891431896,-111.46296212083834,569.5538684795074,25.597758084387912,-390.91766445921104,646.9940030857791,64.54113243888119,-316.50785152952784,667.9289720443671,71.33953274725852,-297.7386819991152
2025-02-25,597.1500244140625,594.239990234375,19.43000030517578,19.290000915527344,87.10210839394631,138.05325046573103,168.49669290590901,89.10403846287343,-110.12456850607145,378.3578031583676,244.53891888734736,-182.6316630692846,463.8524058522311,290.1888961137194,-103.62246068280642,489.2141087655979,299.25782076958706,-82.13018063032528
2025-02-26,595.9299926757812,594.5399780273438,19.100000381469727,18.8799991607666,85.55824722925988,-154.3861164686433,35.1557587519405,216.1921299282408,-109.38581497458807,237.60964803617915,366.11292119560267,-51.06156418214882,316.57574746866266,408.0989313440397,27.66989460824776,338.6058805392755,415.875698299558,48.56431282673845
2025-02-27,596.8499755859375,585.0499877929688,21.1299991607666,20.950000762939453,93.24058956713242,768.2342337872541,-105.52843884917957,-125.15694499887113,-102.73107858703094,-84.67681235182278,-450.6146898721813,-381.85613305235154,8.5148848426323,-586.331172841274,-786.0722188595154,39.38330137719486,-571.8978165806725,-950.1728519113783
2025-02-28,585.5599975585938,594.1799926757812,19.6299991607666,18.8799991607666,87.58192941463744,-565.8660152494974,-115.51384045690833,-139.7410231620416,75.57079043633016,-422.75832759979636,-311.46637878288993,285.2686496749937,-669.4588990839999,-271.8719835250728,367.19833915369304,-650.8609534260092,-264.91750990972866,388.97156161062844
2025-03-03,596.1799926757812,583.77001953125,22.780000686645508,23.959999084472656,99.78736164452056,1220.5432229883115,-95.43309704408964,-110.73576172204193,-96.52916485428628,-78.27474369118798,-405.475067780694,-359.6808468636724,40.483876778898484,-543.3326347151365,-745.6884497301362,88.68371555553905,-515.8423110528618,-924.9022390747257
2025-03-04,579.7100219726562,576.8599853515625,23.510000228881836,24.790000915527344,102.36667126652128,257.93096220007214,216.38268066894105,75.97509990440122,-93.52489574787947,451.6021196180851,282.76670229163545,-163.72401903997584,565.6919643641719,369.2119180442819,-42.870465180669214,611.0920112129166,397.3637142624411,5.2333540239357905
2025-03-05,576.6900024414062,583.0599975585938,21.93000030517578,22.899999618530273,95.73676346676893,-662.9907799752345,-103.27089679751433,-118.95090933125411,295.65303085137305,-381.66574649288526,-37.56096704688938,527.1742666158115,-388.0126534442946,31.916328353432256,634.0305336468316,-352.61982742936664,51.03574614867828,671.9671143997139
2025-03-06,575.47998046875,572.7100219726562,24.8700008392334,26.790000915527344,107.77047017790898,1203.3706711140042,139.46946399142453,167.8999432925206,-92.72791241734703,394.23100022757535,390.5001557208901,-75.26814922445448,529.399051312874,492.2215118574129,49.76696731920105,590.1061644296863,529.8244670579976,101.94339505292403
2025-03-07,570.9000244140625,575.9199829101562,23.3700008392334,23.790000915527344,101.28021941630598,-649.0250761602994,-100.19329056754921,-108.00391102342425,393.94129904483,-363.40691128692526,85.6989039922066,626.5963965668262,-256.5723339454289,160.54429181825114,735.3205840228294,-216.5736822711858,182.4002416001197,774.9347702727936
2025-03-10,567.5900268554688,560.5800170898438,27.86000061035156,31.190000534057617,119.75844348615053,1847.8224069844543,173.67646634414731,-90.5101358891944,-80.5017708061346,441.91165800287877,-79.88685867862168,-303.29720591637226,593.669187281937,53.463033759066626,-384.5203614214025,668.8773287621511,113.37413032252178,-303.658506878726
2025-03-11,559.4000244140625,555.9199829101562,26.920000076293945,28.93000030517578,115.89431913264855,-386.4124353501978,220.86317026455012,93.42374473215321,-89.05021430464367,481.76433175827174,326.61916298598146,-141.45605433352452,624.3529548565385,439.09073971866906,-6.084796257956901,691.3361549350158,483.85520263867517,54.00136963420488
2025-03-12,562.1699829101562,558.8699951171875,24.229999542236328,25.260000228881836,104.46758975157323,-1142.672938107532,217.0721690968417,75.65147016353924,-96.78019091695839,456.04988381205726,279.5536360687304,-173.6031222364666,573.5771313526209,363.4569493008985,-60.43587887658932,620.9290281887822,390.24927429614826,-17.307283321436472
2025-03-13,558.489990234375,551.4199829101562,24.65999984741211,25.36000061035156,106.7561530575922,228.85633060189718,247.77082498980113,-111.52886792408944,-98.66112529093593,490.6128290728236,-65.98931858753653,-366.7850554582572,611.8396512437665,17.65762325225422,-415.76482629754514,661.4549223486532,44.36512524735618,-375.15872635050516
2025-03-14,556.1099853515625,562.8099975585938,21.770000457763672,21.770000457763672,93.74980049927217,-1300.6352558320032,-105.42473774965907,-128.94564708066875,212.38838867626873,-389.9718742635777,-142.96892567295922,424.2907310819301,-479.09700828517487,-89.26807270054768,511.5234469881269,-449.5578674911791,-77.13721222365751,537.5882541315561
2025-03-17,562.7899780273438,567.1500244140625,20.510000228881836,21.299999237060547,87.86803643025561,-588.1764069016555,-108.63796478988485,-45.04629089681098,310.48043988266403,-315.1147932044563,119.70861086091736,526.5313961603507,-229.17828451746215,171.72902962084356,616.7637361039448,-202.68040518525964,183.14297649370346,644.0009351667494
2025-03-18,564.7999877929688,561.02001953125,21.700000762939453,22.59000015258789,93.08583102309456,521.7794592838942,293.2456485330373,-20.836757469389887,-101.08727496764979,511.1335116555125,158.4435761883622,-274.26291329654515,606.6754618223109,221.3925584513319,-174.4693447886519,639.2042263377167,237.4477434682715,-141.114473979674
2025-03-19,562.8300170898438,567.1300048828125,19.899999618530273,19.790000915527344,85.09072109428297,-799.5109928811587,-112.4887275128412,-52.02599277358113,304.1947886189238,-326.553634227345,95.61279312068044,509.3439544854387,-250.50951271385387,136.12304504627272,588.2179909340382,-229.86070479899175,143.40241711410175,608.9225276515165
2025-03-20,563.3300170898438,565.489990234375,19.799999237060547,19.459999084472656,84.67105755425979,-41.966354002317985,-108.03705108618439,110.03568059336678,134.22577894330095,-149.7662571499647,254.21880660561445,327.07479240433287,-68.3290030033252,292.70293340949934,396.510886201346,-45.87148088086786,299.39315534090423,413.28779210318856
2025-03-21,559.280029296875,563.97998046875,19.280000686645508,18.579999923706055,82.54932717903498,-212.17303752248142,-110.73747690583355,-145.9071457113442,380.5693258961927,-408.7721639728407,-14.023724870574858,566.6215211660382,-335.0869378957858,17.300929043607717,629.4282400882424,-316.8928500739591,21.909453202097563,642.9745992899392
2025-03-24,570.7999877929688,574.0800170898438,17.479999542236328,18.559999465942383,74.11783372114976,-843.149345788521,-115.45066309398743,46.583298828386056,197.03167292076563,-231.81373278417806,182.70632504533458,396.16624131068767,-162.89692905124807,216.29452491667996,468.5533550734177,-146.01024419910414,221.47541619539152,485.74568783686146
2025-03-25,575.2999877929688,575.4600219726562,17.149999618530273,18.010000228881836,72.59177229032491,-152.60614308248535,-110.54072857303369,305.72722398024257,-71.88034731485084,43.660818872476064,436.9920896343636,113.2334145585088,117.33774479185914,467.98017497299037,175.3410227198402,135.44661749869826,472.4998433995838,188.62335447698584
2025-03-26,575.1900024414062,568.5900268554688,18.329999923706055,19.959999084472656,77.70426396296264,511.2491672637731,251.64783104526157,-135.292592571712,-110.62391910062851,461.74036658254545,-121.60255563701094,-408.24739801485157,547.3097455194913,-76.4409064422381,-471.2249095105862,572.6451458537691,-67.53907593572778,-450.2273413009877
2025-03-27,567.1799926757812,567.0800170898438,18.690000534057617,20.030000686645508,79.1817674874541,147.75035244914534,-107.98659315709466,355.40693620552975,-103.14345872696899,92.52479613819469,507.64253808877015,97.89542517367983,176.46465909847302,551.1858750791786,174.52730906628096,200.84468532545,559.5220200488176,194.7467981628259
2025-03-28,565.530029296875,555.6599731445312,21.649999618530273,22.690000534057617,92.20852790855383,1302.6760421099739,-106.2445751701919,-122.00785489072425,-98.74640164600487,74.51355659449098,-441.04796903588806,-368.69872196514353,167.51088595194668,-410.83430269961957,-764.1441653006814,198.82282091627923,-394.2423025325379,-762.1693128005589
2025-03-31,549.8300170898438,559.3900146484375,22.280000686645508,25.13999938964844,93.88235455891237,167.3826650358535,-99.5630614016836,-114.11008036978282,-35.4906250918763,-369.13491011079674,-355.31512967137115,200.95137150090207,-699.3450062774228,-276.9349014179231,313.65824852525515,-657.8300036129475,-253.23307125860774,355.9296265184439
2025-04-01,557.4500122070312,560.969970703125,21.770000457763672,24.459999084472656,91.55686969973547,-232.54848591768962,-96.52297765297072,-12.520898041195869,295.89840258089555,-256.4449909457377,182.29234640729322,521.8248986193848,-141.769173392838,258.2177271942114,624.4774097367649,-97.06588587094453,280.73281141600205,660.738823158756
2025-04-02,555.0499877929688,564.52001953125,21.510000228881836,24.290000915527344,90.07377583629528,-148.3093863440189,-99.74839749856807,-116.82241802259236,-51.42216291912158,-370.058519598182,-376.85667890111995,178.06268693403203,-714.5478931513046,-303.4595331249879,283.65693777594817,-674.2880001635384,-282.3203949576667,321.33187891784155
2025-04-03,545.1099853515625,536.7000122070312,30.020000457763672,34.099998474121094,126.37534153908351,3630.1565702788225,90.1173161844209,-86.58556278539501,-79.0799167357097,369.68669047650127,-154.17500856030452,-298.0133458278847,535.130763963042,-9.553500575004056,-462.07447872998205,622.1897354037519,59.41888578434875,-376.23015137722047
2025-04-04,523.6699829101562,505.2799987792969,45.310001373291016,57.16999816894531,186.6174713839031,6024.21298448196,-54.27880668032012,-55.19140227617536,-52.54523403467781,-205.68746979193443,-209.24812770559706,-199.27217095449274,-319.11861572503466,-454.792325460851,-434.4086892779306,-136.49147530159277,-649.3032642879673,-745.481483187184
2025-04-07,489.19000244140625,504.3800048828125,46.97999954223633,62.58000183105469,191.8944287026539,527.6957318750789,-52.996097013711484,-54.12083446459699,-51.89082657409083,-200.79385139475684,-205.169874955239,-196.76203628356356,-436.9237721472562,-446.31800458116015,32.861803266299795,-748.1552509650836,-301.7750452931541,225.0415633515036
2025-04-08,521.8599853515625,496.4800109863281,52.33000183105469,67.62999725341797,211.29656427165068,1940.2135568996782,-46.852921076937925,-47.32064776572893,-45.59319963943447,-177.26639697403252,-179.1286986860815,-172.5236764285814,-387.6064954385957,-391.75200360659414,-377.94973867898887,-668.4889115812223,-675.7101134012122,-653.5260151926128
2025-04-09,493.44000244140625,548.6199951171875,33.619998931884766,40.060001373291016,137.77027187784975,-7352.629239380093,-75.56643824404753,-81.73794176735962,-75.95100003570857,-284.7439603878553,-307.0346042527124,-286.644046741991,-605.1265936343513,-647.767231335443,-610.1858903198136,-1004.9983717911289,-1066.3950456744085,-1014.5959000817587
2025-04-10,532.1699829101562,524.5800170898438,40.720001220703125,50.43000030517578,166.30971588842687,2853.9444010577113,198.71288912311618,-61.257479915513024,-58.288897973070085,533.3771223113682,25.867748880785847,-221.1003296743801,772.0028631760374,256.3780302832409,-221.57493858914032,932.3573232999653,407.40393343685105,-59.1416228312273
2025-04-11,523.010009765625,533.9400024414062,37.560001373291016,43.31999969482422,153.45109242772213,-1285.8623460704734,-68.52871685136003,-71.84317777737485,-67.09866246018132,-259.0292084722652,-271.35501730451676,151.85893214580196,-555.0098920834142,-173.65473654206377,359.49208077996707,-525.0731633472822,-62.49043199190576,485.58433016260983
2025-04-14,544.0499877929688,539.1199951171875,30.88999938964844,34.20000076293945,127.3468809796176,-2610.4211448104534,408.01430461338515,-74.4990798763258,-78.85060436661072,687.3262928876816,188.1242580558915,-285.20047467825805,852.468693817147,332.9854558948664,-118.56278117038245,939.278953397003,402.14221239999006,-32.1238833343749
2025-04-15,539.6699829101562,537.6099853515625,30.1200008392334,29.940000534057617,124.53743813460619,-280.9442845011404,148.85986537897898,162.37421878270018,-86.18349886977549,402.4980995184204,395.38352163637245,-62.71033450134775,537.2105207066045,507.52070136154146,79.97617739362467,598.3898137977094,551.9103315910257,145.24964177285537
2025-04-16,531.6799926757812,525.6599731445312,32.63999938964844,33.220001220703125,135.5884571562415,1105.1019021635311,281.7001613499339,-90.7365101692495,-80.85825194599644,550.0189673295612,27.327606627204283,-304.5788940251779,701.9035021478167,160.0622806968996,-278.9523354715389,777.2499889880288,219.50925727234036,-199.10213879027268
2025-04-17,527.6400146484375,526.4099731445312,29.649999618530273,27.649999618530273,124.65809232558487,-1093.0364830656629,61.898453224858564,232.55059405820865,-92.09906390485295,298.46919372701774,442.85929499818013,-3.8332229953962327,414.21481375799476,532.5452823515874,120.74779904162936,460.9798276804959,562.5632234796185,171.46336847068628
2025-04-21,521.1599731445312,513.8800048828125,33.81999969482422,36.560001373291016,141.33710708256146,1667.9014756976585,209.67525903491654,-84.60178341267019,-77.62695112893036,493.29496711416596,-29.196541357577054,-292.76066875614754,663.8089801105443,121.29123250712544,-334.0378413284317,755.497676845427,195.12283087612659,-243.84958695548528
2025-04-22,520.1400146484375,527.25,30.56999969482422,33.13999938964844,126.88271325945928,-1445.439382310218,-84.43672428717585,-92.94491631561252,191.11877003045626,-316.53829087016413,-71.24906932618168,459.7300345087571,-390.3109082391995,55.60554488474343,610.2672151244249,-315.7139976057856,110.67426114194507,682.563710938496
2025-04-23,540.4299926757812,535.4199829101562,28.450000762939453,30.739999771118164,117.50653778103725,-937.6175478422027,372.4572762095572,-54.1952768313241,-87.34873112052989,637.4252666142294,184.67670898814495,-285.46268239372847,784.8948966387613,303.12602495094256,-145.08680487984017,856.0164518444137,352.0995466698938,-80.98888287713139
2025-04-24,536.719970703125,546.6900024414062,26.469999313354492,28.280000686645508,108.13284040553975,-937.36973754975,-94.07940390355841,-104.57104844228874,-59.17556755373037,-350.1787562772354,-354.4383507801005,193.1037603118227,-695.4790408842022,-256.28732684593564,323.7232256749894,-642.8905148695885,-221.10084375192383,379.2764834003392
2025-04-25,546.6500244140625,550.6400146484375,24.84000015258789,24.63999938964844,101.32670812077745,-680.6132284762299,-102.31146038290186,19.223469290032448,267.14284408512617,-242.31959567098258,211.23703984405785,502.3164853843614,-140.02668523609609,284.57907656517983,613.076782946905,-102.75732106460237,305.6187140085847,653.6224381526482
2025-04-28,551.3900146484375,550.8499755859375,25.149999618530273,26.469999313354492,101.98909024169694,66.23821209194887,-78.14922481102437,376.48306143643526,-96.0462346996014,167.55323425313014,586.7293809240191,127.12928934960422,292.33885907656673,676.524302600944,242.8181232352898,344.91888036389855,706.7524418224823,287.9902945557626
2025-04-29,548.9099731445312,554.3200073242188,24.170000076293945,24.950000762939453,97.6928343261147,-429.6255915582236,-99.6774491458016,-115.11807809657634,370.45448033393984,-369.6158345295374,48.49959255675136,604.3730803504981,-293.3711184564679,124.99788528615026,714.4651765857276,-252.35508203540792,147.7170269411215,755.0142195862528
2025-04-30,547.5700073242188,554.5399780273438,24.700000762939453,25.06999969482422,99.48432991859761,179.1495592482903,-101.50849205337843,-114.6909848269008,250.74183331944474,-375.51739162432017,-72.18991082597805,489.84485147798114,-425.00122736530534,4.9951925885174635,604.8485486307771,-386.12491293821347,28.01397999940567,648.2998143394503
2025-05-01,560.3699951171875,558.469970703125,24.600000381469727,24.81999969482422,98.47400365805956,-101.03262605380507,57.06053425485427,233.53206958647766,-99.27832840927843,295.73959530701643,432.8050625803026,-22.022187740293496,412.4745163557692,512.6081947149721,85.0814299689766,458.8844939705852,537.17374047917,124.23821826245572
2025-05-02,564.72998046875,566.760009765625,22.68000030517578,21.219999313354492,90.26815356289501,-820.585009516455,-109.14659378802051,193.95305754119752,71.97570110967567,-77.68492025831526,358.6939399658131,289.0632391714319,7.391133151402032,410.6900940160771,380.1239417959933,33.480460372808075,422.0859676257402,407.73840777962556
2025-05-05,562.5700073242188,563.510009765625,23.63999938964844,22.729999542236328,93.72675767653195,345.86041136369374,-106.21514528518398,326.5654772137292,-48.225989972581495,57.56092581384491,506.6485367314474,180.69207236947696,150.4927138305957,570.1771929588054,284.1256779427909,181.71054477627376,586.4595270311521,319.42228972892076
2025-05-06,557.9299926757812,558.7999877929688,24.760000228881836,24.13999938964844,98.2442859793222,451.7528302790254,-100.56135226134481,303.08777690037334,-18.72850541171298,47.305128655449,494.8444136894661,212.28316599737198,153.11364530896893,568.0347891149714,319.2438804383571,192.37015682792097,589.0473834203838,357.6635378850009
2025-05-07,560.1500244140625,561.1500244140625,23.549999237060547,22.690000534057617,93.31441836520443,-492.9867614117768,-102.4373003884943,261.6648475076612,11.128760692277575,5.377879280870326,439.97987288088285,229.85163059537754,105.06688339657825,502.2530749456862,324.2830607255086,139.68669599275393,518.0584838183036,354.82111044945344
2025-05-08,565.239990234375,565.0599975585938,22.479999542236328,21.6299991607666,88.75457347694805,-455.98448882563787,-103.78759975110975,366.2374749833741,-101.05776757376185,109.3315463156152,535.5883002036396,110.13264205229304,204.56353302413282,591.0603809130453,197.12525772055204,235.9679330261313,603.9341580695565,223.28819664655856
2025-05-09,566.47998046875,564.3400268554688,21.899999618530273,20.8700008392334,86.5025621086555,-225.2011368292557,62.71542724347048,202.43914636610148,-111.21429088682399,282.046513145543,364.33814665060953,-75.34480996996466,376.13352722785464,414.4995671034399,3.2536220259123083,406.11088421596173,425.2860128971205,25.03421076537691
2025-05-12,581.469970703125,582.989990234375,18.38999938964844,17.969999313354492,71.74923488045448,-1475.3327228201015,-108.13755807441831,154.0361471112984,79.69547477517727,-101.94393146048598,287.5889284851172,262.4273330387143,-24.41708369073423,319.87826625128827,323.33690823992174,-4.704001925311127,324.76190784842856,336.37135238995637
2025-05-13,583.4099731445312,586.8400268554688,18.219999313354492,17.40999984741211,71.06807980074751,-68.11550797069685,-109.79525474922661,-34.78267681481848,263.6404106166903,-293.05218160494496,92.2385197995755,443.4512850251964,-220.0717457909967,120.97514416718178,501.44184271392976,-202.68770951274303,124.92494105546939,513.1212875702372
2025-05-14,587.8099975585938,587.5900268554688,18.6200008392334,17.530000686645508,72.52395641307294,145.5876612325426,-75.67981286265174,309.93133473965275,-112.41813859055193,112.65648825508066,439.72343558785485,41.854606089615906,178.18230228687636,469.8011466461023,110.35992425954697,193.3213603917964,474.040177999627,125.65525563019173
2025-05-15,585.5599975585938,590.4600219726562,17.829999923706055,15.880000114440918,69.50036580759155,-302.3590605481388,-124.94562760851979,-108.90698462757948,333.3210085580805,-401.69174580162274,-1.4798707438238723,523.010049549141,-352.0572250415364,17.770036681713087,582.6609284786095,-343.3790969811883,19.628322487512385,593.3266742272289
2025-05-16,591.25,594.2000122070312,17.239999771118164,14.350000381469728,67.4168892831463,-208.34765244452456,-116.25489898110271,3.4674205032157146,193.00135121130316,-257.7956731383246,91.6400107983934,352.7341217228542,-208.21535042953505,103.76458664950688,392.13585086712527,-200.91502108491196,104.57404820738984,396.9860358377235
2025-05-19,588.0999755859375,594.8499755859375,18.13999938964844,16.809999465942383,70.5645866802991,314.7697397152797,-114.79280299517073,-154.7015340112754,196.99854759165197,-424.65624860396224,-219.23860586431377,380.09411803561,-544.9411486426526,-193.90494701787173,438.9616624015139,-530.8985754601042,-190.78523083761985,450.4745888997626
2025-05-20,593.0900268554688,592.8499755859375,18.09000015258789,16.56999969482422,70.0223040105459,-54.228266975320594,-100.12461857691692,329.48065043148165,-118.1804712428754,89.11850097407219,448.61492860495383,49.34095674247947,152.96709923905237,473.2988257098162,107.60103041862611,166.61506689639154,476.2732194774708,118.84243879200599
2025-05-21,588.4400024414062,582.8599853515625,20.8700008392334,19.559999465942383,79.98548091040072,996.317689985483,381.2398624410345,-134.81473517974402,-112.74784597349631,596.7086697121346,6.821263669824498,-414.5786445428146,686.5339451326995,52.6740075513503,-353.59069617503667,713.8068902740896,61.851232490124694,-333.7743989300025
2025-05-22,582.6599731445312,583.0900268554688,20.280000686645508,18.420000076293945,77.59150717727198,-239.3973733128746,-116.23493866802158,347.37677232937006,-99.82749933465522,65.29448484610938,486.64982421782344,104.0012931126858,133.96080035839393,522.0312678499254,180.2878131002207,151.00140013665023,527.7110514612914,199.19355881722313
2025-05-23,575.97998046875,579.1099853515625,22.290000915527344,20.6299991607666,85.01783332099956,742.6326143727579,-107.4903858045648,57.84545937956798,204.2945971531143,-207.790019594089,220.45384766944272,415.58084287886703,-120.43729069425544,270.9950002261033,501.7005527781723,-93.48844775741256,281.85905073536736,526.886744333453
2025-05-27,586.0700073242188,591.1500244140625,18.959999084472656,17.899999618530273,72.19869979060974,-1281.913353038982,-112.77036575052898,-146.75869216863086,370.39770176870053,-416.36001670161164,-27.931330757321525,562.1827379832913,-359.6657642405531,4.4227466748174376,629.1809848037614,-341.99410621838865,9.287884545036798,644.3121963063985
2025-05-28,591.5599975585938,587.72998046875,19.309999465942383,18.190000534057617,73.164736512498,96.60367218882584,309.8902631024248,-70.17875571201168,-107.6227828991403,498.80549015494177,69.86868634101845,-328.30069241016565,566.452508589085,105.68475959452178,-250.10297775582347,583.1605181750441,111.48205062997708,-230.41350487337084
2025-05-29,593.0599975585938,590.0499877929688,19.18000030517578,17.84000015258789,72.65655730070938,-50.817921178861525,182.51607253908622,59.350204818589326,-114.05855604743743,379.7815608690893,195.11664369059892,-215.92879141274486,452.4436828739811,228.56169183670525,-147.6590371232965,470.6490789412078,233.72712925903582,-131.92619402925223
2025-05-30,588.9299926757812,589.3900146484375,18.56999969482422,16.739999771118164,70.16522896643693,-249.13283342724526,-117.17291750076983,305.9068221929518,-76.90410265972824,29.470942024722092,425.6953417871841,109.92683086101457,91.26698001553216,450.66331264046704,170.9452133232788,104.34442112154166,453.689213499309,183.04531456010133
2025-06-02,587.760009765625,592.7100219726562,18.36000061035156,17.639999389648438,69.17726299023542,-98.7965976201508,-116.95803411918925,-119.22138586195425,359.46253215922286,-399.93101504171034,12.020443877880973,556.6672559721939,-334.34070169534345,42.873572630285196,626.754504723088,-319.06022519596866,47.30930498771089,642.7097391184341
2025-06-03,592.3400268554688,596.0900268554688,17.690000534057617,16.6200008392334,66.85655085582954,-232.07121344058805,-111.64825558154946,-64.08217221147405,287.6694076135532,-324.897242201475,55.81552517082,464.54451063691084,-256.8826104142339,80.9238137857262,519.5132810792808,-241.88236698449012,84.00951863304317,529.8416143423627
2025-06-04,596.9600219726562,595.9299926757812,17.610000610351562,16.040000915527344,66.3952825600179,-46.12682958116352,-10.886156251316967,233.86156791722746,-117.59849677402487,172.11566751236464,347.197200370886,-42.20728131332818,230.877062781766,369.12867167803677,14.755236301849253,242.50060493405473,371.51695210895707,25.20699794948571
2025-06-05,597.6300048828125,593.0499877929688,18.479999542236328,17.34000015258789,69.21494427699474,281.9661716976839,376.5405723443894,-143.1645866411021,-110.0219732893944,561.723232107819,-11.85185666544337,-404.90521810598074,625.4270954992468,19.012144922501918,-332.8690429663523,640.0492416682073,23.43945347789951,-316.24790456235695
2025-06-06,598.6599731445312,599.1400146484375,16.770000457763672,14.199999809265137,63.38956970792566,-582.5374569069083,-126.90115881838119,309.80037415415853,-102.38928379296121,20.26886556207097,398.26902325873334,74.96406398746228,61.63631025752287,410.39202126545047,122.85628845715351,67.27153223403526,411.1830413260188,129.36790220338582
2025-06-09,599.719970703125,599.6799926757812,17.15999984741211,15.380000114440918,64.49320543116954,110.36357232438831,-90.86707388301429,303.7050611785982,-115.42539694079574,81.5514768553231,409.0763690951394,36.881772404587274,132.505313298173,427.4970280002616,93.02072540256317,141.3914241530203,429.21850952454616,102.63919831599047
2025-06-10,600.219970703125,603.0800170898438,16.950000762939453,15.15999984741211,64.13122941270734,-36.197601846220095,-115.49001928747417,25.73589452862668,184.3607447610541,-239.02908723490495,128.3012320926019,353.6082145752008,-182.18598252790017,145.67373943069117,400.8989708272581,-172.0165524177489,147.24226282577806,408.17659920500734
2025-06-11,604.1900024414062,601.3599853515625,17.260000228881836,15.420000076293944,64.83358440910206,70.23549963947175,148.65151917923959,73.08554780215636,-122.13299330085655,334.7383350260699,180.64833904446294,-213.10090167004435,393.8310023356393,200.08169871994912,-162.70581629521203,405.03477346409665,202.0066601620443,-154.3730558663585
2025-06-12,600.010009765625,603.75,18.020000457763672,16.1200008392334,67.88771865128354,305.4134242181476,-116.79306777344893,-32.73404179509678,257.13085509568106,-306.3420828200082,82.82842129379587,439.5138014289842,-245.62208550793676,105.79639437563662,496.95849905154614,-233.2407780177139,108.39862622137719,507.71051879194727
2025-06-13,598.5,597.0,20.81999969482422,19.260000228881836,77.01201721576308,912.4298564479545,-4.071966140933034,265.4326245903046,-113.2020456395008,212.8472161760678,421.549954961927,-15.90190853256905,303.86086977117526,467.73664979555497,58.504835140541346,331.698148200358,477.0397166921505,78.11882369041373
2025-06-16,600.4000244140625,602.6799926757812,19.11000061035156,17.8700008392334,71.05692310819194,-595.5094107571142,-107.97078689310632,88.37812253311589,151.04641820876202,-169.3931383353544,227.7905939436504,339.0775927910935,-89.5519838746462,263.4212945506179,404.47441166729817,-68.30474735762897,269.2467964769963,419.46122380976914
2025-06-17,600.2100219726562,597.530029296875,21.600000381469727,21.86000061035156,79.22626109128748,816.9337983095545,146.8796966732956,133.23657688447489,-102.33390557954218,375.2926729073163,318.97766242446323,-126.67425535729927,480.8279892574729,387.21371199625196,-27.868915247341363,519.3037222184577,405.8132829163781,5.614214208484183
2025-06-18,598.4400024414062,597.4400024414062,20.13999938964844,19.1299991607666,73.72945632190272,-549.6804769384767,-48.95571908559868,308.5345391732641,-113.1357034115471,165.934830746451,462.93637341114254,28.134985602562935,255.05586525235057,507.9630730840381,102.29745030035956,281.8615413846676,516.8447380498559,121.69247040630954
2025-06-20,598.3800048828125,594.280029296875,20.6200008392334,18.31999969482422,74.79741320465723,106.79568827545154,264.6269592170494,-12.90571624685308,-115.3870671296236,473.19179033397154,131.38717715547975,-295.69967702493193,555.5265120057718,169.94511462394672,-227.02648384234882,578.3149959818999,176.66013607599726,-210.50242499981363
2025-06-23,595.0399780273438,600.1500244140625,19.829999923706055,17.920000076293945,72.11519220464709,-268.2221000010145,-112.3515309469351,-144.636093380986,371.5718623756071,-414.5508896939762,-22.093137771525683,566.1968533494392,-356.1717651319647,12.368587836251235,635.8121516724938,-337.52869369554054,17.820055111857048,652.1675503608401
2025-06-24,604.3300170898438,606.780029296875,17.479999542236328,15.399999618530272,64.68408821107582,-743.110399357127,-113.22102215584204,59.095343748790775,153.77854265141835,-201.4000364974166,166.70692555491652,323.13385203540145,-140.20550555376838,186.18787684853436,371.49157873076734,-128.44053194855871,188.1285526814227,379.3128074817407
2025-06-25,607.9099731445312,607.1199951171875,16.760000228881836,13.8100004196167,62.04931789246953,-263.4770318606286,-34.659912058362984,233.66558516355943,-121.26100430701962,132.5045688337207,319.3689715235162,-40.888924224896805,176.0166174341288,330.6399473341633,2.0000056880660444,181.9206025979082,331.33753948757743,7.386868500079194
2025-06-26,608.989990234375,611.8699951171875,16.59000015258789,13.489999771118164,62.43497032830001,38.56524358304796,-121.56088990524464,31.346448313211873,163.70116819897405,-241.18248199649034,112.79189248191466,327.2489965374079,-198.74760442531286,122.771680415891,366.8176795662632,-193.31428045919594,123.32979684722102,371.37810612473226
2025-06-27,612.8800048828125,614.9099731445312,16.31999969482422,12.8100004196167,62.19615871958169,-23.881160871832208,-124.45653325004128,120.29233392664585,69.00607262025406,-156.11653367956822,193.0929247852674,231.14636485161472,-119.60150561264335,200.68088266045538,267.764734259098,-115.66747895087587,201.01368927624196,271.42465045693
2025-06-30,617.3800048828125,617.8499755859375,16.729999542236328,13.770000457763672,64.04828688640637,185.21281668246843,-113.72680137753426,239.02186967652418,-44.31588706435969,-15.881648492792364,327.95976847292303,111.8567952358913,35.99877973912829,340.3557339813917,149.7604312198649,43.81749560477972,341.2018994008871,154.36567275649142
2025-07-01,616.3599853515625,617.6500244140625,16.829999923706055,13.789999961853027,64.17094051600216,12.265362959578852,-114.10170620734715,158.94329670677044,36.03424930503605,-96.91035440753303,247.77785407298987,192.74482195690499,-45.37098389227349,260.13648181790245,230.88097964666454,-37.629712213309155,260.97745265670216,235.52602591982355
2025-07-02,617.239990234375,620.4500122070312,16.639999389648438,13.06999969482422,64.2978453490415,12.69048330393332,-116.76333123971185,-29.225971720915233,216.3256334091237,-288.11681357346635,49.069076289341474,370.1602934457321,-243.87993390220848,58.176225713110675,404.6940609095574,-238.33944600043637,58.65182483793709,408.2717262231554
2025-07-03,622.4500122070312,625.3400268554688,16.3799991607666,12.850000381469728,65.08702044681536,78.91750977738639,-112.46454608817783,-19.04837041071128,200.8910846978228,-266.5658890823057,58.288515349976834,347.41068477957344,-219.98806840277504,67.15514284831093,378.62566728494636,-214.1306429536745,67.61106027252637,381.64527577230473
2025-07-07,623.3599853515625,620.6799926757812,17.790000915527344,15.710000038146973,67.41904862777827,233.2028180962908,120.59183444769664,112.23963942867775,-121.99242902781401,316.4978354466537,231.03740183900675,-178.48521788342913,384.27761321317786,255.6109745536709,-124.50080826848487,399.06609770342584,258.57739952481035,-114.50902740387578
2025-07-08,621.3499755859375,620.3400268554688,16.809999465942383,13.899999618530272,63.89433534853234,-352.47132792459297,-48.104789644628475,260.31442670484455,-128.12904383821186,135.2691551674586,352.35373748862594,-35.14022919961743,188.39830143946148,365.80207023446286,4.752345100638669,196.75088129940724,366.78448002294044,9.883578389103212
2025-07-09,622.77001953125,624.0599975585938,15.9399995803833,12.529999732971191,62.26038735037463,-163.39479981577085,-126.82748231523269,204.41600320068395,-13.796851698957033,-77.5779798711816,276.1663899489525,151.27933984540948,-43.037260859989445,283.47608073668613,188.79753439643562,-39.463958089130124,283.78460755063594,192.53914821807052
2025-07-10,624.2000122070312,625.8200073242188,15.779999732971191,12.460000038146973,62.30232649927882,4.193914890419137,-117.65716013792301,127.99175624608912,53.07477858796508,-130.59986670930874,199.35984850399606,203.87901397587686,-90.561824493848,206.62962107443298,235.5209756433595,-86.16630457614171,206.9415326994694,238.40078164664396
2025-07-11,622.739990234375,623.6199951171875,16.399999618530273,13.029999732971191,63.26455006827371,96.22235689948866,-126.63539028659125,254.5706395610491,-56.739854554738955,-30.159097650815102,333.72475184252664,113.23285044053878,7.6817626955531875,343.00310991253144,155.02790131132585,12.15425724588808,343.4849088482092,159.84451027591797
2025-07-14,623.1599731445312,624.8099975585938,17.200000762939453,14.270000457763672,65.80211470872842,253.75646404547183,-116.90286487717076,149.34466137593566,57.23443195549611,-117.34064566586443,246.9796073919596,225.06105502506048,-63.96138617252583,262.42378829689466,270.5771665816764,-55.0680549741821,263.6842133308253,277.18030616808676
2025-07-15,627.52001953125,622.1400146484375,17.3799991607666,14.6899995803833,65.25131527347332,-55.07994352551009,288.217126543736,-164.08730938608082,-112.44673839207275,455.5965113814517,-144.4455130587212,-422.8163863730977,503.7947124394147,-125.94846681594964,-449.647707801706,511.9710641483996,-124.22338351395459,-439.2438744983122
2025-07-16,623.739990234375,624.219970703125,17.15999984741211,13.770000457763672,65.12862606788602,-12.268920558730656,-125.04510973101014,303.2320100907366,-95.7291377560651,17.733861803868024,393.6484902561723,80.11364945713265,61.280301122857914,406.4382389135115,127.86031287152912,67.47007947661946,407.31486148146223,134.4885982451215
2025-07-17,624.4000244140625,628.0399780273438,16.520000457763672,13.140000343322754,64.45931320902636,-66.93128588596551,-113.48982105999463,-85.28551386377254,272.82703588669716,-337.08118401064013,-3.275095339075327,423.93955702086214,-288.6451231393878,6.931576708216694,458.10482780968437,-282.082699009411,7.522489843594096,461.76481961830336
2025-07-18,629.2999877929688,627.5800170898438,16.40999984741211,12.699999809265137,63.7708192313618,-68.84939776645638,26.483656275478907,172.44750040724276,-130.2092779053556,201.3450734032168,249.12809674636893,-121.35655667312514,245.55598574214324,257.7947346990945,-88.45232625095491,250.97154662298848,258.229281121065,-85.19170603023173
2025-07-21,628.77001953125,628.77001953125,16.649999618530273,14.949999809265137,64.52950146398572,75.86822326239258,-98.23558751642595,315.3504437293005,-115.67870448585255,77.92140534161909,424.745313018084,46.255829099812274,131.80884966343854,444.8863957324934,103.7954686364582,141.74379452591737,446.91861030217524,114.11141501701961
2025-07-22,629.0999755859375,628.8599853515625,16.5,15.029999732971191,63.95140496559881,-57.80964983869126,-102.17179037413013,325.1220193914189,-120.2491351458651,83.23093785935355,435.78183082460555,42.828739796465044,142.70779775091984,456.54041460900044,96.17813625905089,154.28432773264527,458.7068595299659,105.48402288088282
2025-07-23,631.5499877929688,634.2100219726562,15.369999885559082,14.050000190734863,62.936596057341745,-101.48089082570664,-127.01348573548758,109.34182630274981,107.20648251917025,-184.6021166888921,206.83536695096086,292.021576237256,-140.16468877972255,222.12000341289232,346.29042936658715,-133.37755968763088,223.33274380318196,354.8350979907963
2025-07-24,634.5999755859375,634.4199829101562,15.390000343322754,14.079999923706056,62.95005094809119,1.3454890749443393,-67.90520306486415,273.2652719555073,-114.49061590633606,97.70640662831126,372.09344250158017,11.56118243155804,143.5637436590606,387.89157857714235,65.82347676319164,150.75873175976326,389.1830393934524,74.47900812329678
2025-07-25,635.0900268554688,637.0999755859375,14.93000030517578,12.829999923706056,62.913343956683036,-3.670699140815259,-119.6022008821947,107.1373400838265,84.4519831563108,-159.7305311544398,187.08318000354484,243.87316419011825,-116.64605376193597,196.63869068128068,281.25119021467094,-111.19902958256925,197.15535417861892,285.37208589280925
2025-07-28,637.47998046875,636.9400024414062,15.029999732971191,13.369999885559082,62.66576615635199,-24.757780033104382,-105.78742256226602,318.6598334382477,-131.01260472125597,80.53932140306726,408.4783571547534,16.623924657520895,134.35053517092743,421.18179706061585,53.518427261256974,142.63136107395917,422.0689897157064,57.97132115927093
2025-07-29,638.3499755859375,635.260009765625,15.979999542236328,14.619999885559082,64.27670962673793,161.09434703859336,161.2789045981863,63.5393616504597,-124.49548289656784,352.1377954603743,171.8208625642923,-229.4474405907499,414.0636189083186,191.58843408183859,-181.0991439471077,426.07150557977474,193.58105325959247,-173.22984499737188
2025-07-30,635.9199829101562,634.4600219726562,15.479999542236328,13.460000038146973,62.32365269107888,-195.3056935659049,32.096781543868836,170.59414162874836,-121.05167066435529,201.77928972752707,260.19211169877747,-104.9970620342701,247.49946951698394,272.73508688377245,-60.268309736982424,254.09196966103272,273.5860489004879,-54.290476978060575
2025-07-31,639.4600219726562,632.0800170898438,16.719999313354492,15.149999618530272,64.56528145243024,224.16287613513646,197.78544325452285,-157.07372403471035,-123.96216462689617,395.32211062516456,-232.36545188001688,-452.38212631205346,463.48737954966685,-208.77502215982204,-593.080726609732,478.14556158720086,-206.01662568769177,-583.9638189141598
2025-08-01,626.2999877929688,621.719970703125,20.3799991607666,19.530000686645508,71.6217645891395,705.6483136709261,324.92568474332404,-55.67231805041113,-107.66714340090894,545.509580590207,113.87262280337856,-325.6993165737289,641.8908855927222,169.49666352785275,-239.59655901694072,673.8091316454753,182.43578523336632,-213.7794043015589
2025-08-04,625.6699829101562,631.1699829101562,17.520000457763672,16.43000030517578,65.82036106013058,-580.1403529008923,-118.33108351165544,-149.28206361152726,372.0650939873774,-433.2081908277433,-36.87139918555824,570.1047634052545,-386.9047298657767,-7.026773472241674,640.3799949437532,-372.5828134741112,-2.858745397745397,656.247661356403
2025-08-05,631.7899780273438,627.969970703125,17.850000381469727,16.809999465942383,65.29383584384246,-52.65252162881211,287.7753158734915,-48.09788868979761,-110.94566602189497,479.8663799925981,88.59259003376997,-314.61915495695723,549.113561432776,122.50805390761198,-241.9037402261908,566.1246816078261,127.78017135498877,-224.49545915935937
2025-08-06,629.0499877929688,632.780029296875,16.770000457763672,15.0,64.03730219371093,-125.653365013153,-116.97951834283239,-39.19235866310411,258.3793984288803,-311.12713164022045,70.97388032160124,436.46629302027986,-252.66042649022395,91.50552027871689,490.2863749167634,-241.4063772274388,93.62606834049154,499.68332834675374
2025-08-07,636.239990234375,632.25,16.56999969482422,14.760000228881836,63.060866789754385,-97.64354039565433,260.7462858611601,-36.72938149668179,-122.59849817090719,449.2094542519083,72.6477422586594,-324.96914525664687,510.0918907995249,92.8696450603498,-274.4025694188648,521.9303672658327,94.94153369040717,-265.90306534256496
2025-08-08,634.0599975585938,637.1799926757812,15.149999618530272,12.859999656677246,61.48776682894987,-157.30999608045124,-120.19117647642068,-0.7761466813253493,193.05752696613288,-269.20913262697843,79.27277468882446,353.4803965600605,-226.48625418367274,88.85383481351974,391.3250487105826,-221.09675603686503,89.37244403719767,395.52906563277276
2025-08-11,637.4600219726562,635.9199829101562,16.25,15.75,63.28594544166245,179.81786127125758,-1.2874868019416597,239.76796651069455,-121.84018799856241,199.82383733873658,364.36697578266075,-53.1027002379677,272.33756505209556,391.84782117323914,2.623934224076565,289.2459669160417,395.4891740766762,13.483302630625518
2025-08-12,638.2899780273438,642.6900024414062,14.729999542236328,13.109999656677246,62.99064372164037,-29.530172002208133,-115.45197458528077,-147.52812177153524,340.56274627487574,-405.7325665496105,-61.98675429170832,497.1923612436194,-356.903938574718,-50.70960951575911,534.6129616904251,-349.98265800479163,-50.001748573887745,538.9897041802058
2025-08-13,644.9099731445312,644.8900146484375,14.489999771118164,12.380000114440918,63.64149576690561,65.08520452652391,-112.45018436641311,302.91854840249175,-122.48355767551564,49.74525071404459,378.86207232482343,29.25380190511857,88.31891630642728,387.2763185834236,67.02797745516838,92.74430573454067,387.6806358035244,71.02504750338969
2025-08-14,642.7899780273438,644.9500122070312,14.829999923706056,12.979999542236328,64.31958898977545,67.80932228698475,-124.89658476825093,125.78902108549775,75.68283061364694,-156.77266888173415,210.32300557816725,246.83441519665442,-115.48102924284251,221.20948496219376,290.7274847293287,-110.09034225996592,221.8602096410902,296.24083027878584
2025-08-15,645.989990234375,643.4400024414062,15.09000015258789,13.270000457763672,63.86106928803164,-45.85197017438105,135.42756361327227,68.81615756298592,-122.28525273129841,307.3907083762902,158.73334356970722,-210.17069115864527,354.2958720313258,171.3948923423924,-166.290671167962,361.15490085076476,172.26288998139,-160.45977400931585
2025-08-18,642.8599853515625,643.2999877929688,14.989999771118164,13.789999961853027,63.09683642702147,-76.42328610101714,-121.91923525949521,299.82942431347186,-89.03676450408399,19.914692899084386,396.6615664251232,86.65065910610207,68.54433257992837,411.753493880417,136.04950184623766,76.26167068575336,412.9498341897452,143.47121564916037
2025-08-19,643.1199951171875,639.8099975585938,15.56999969482422,14.699999809265137,62.311757749626196,-78.50786773952763,203.16976034129544,20.114243581661718,-120.5927239345055,389.1659447969445,130.76424113189196,-263.11724054399116,448.96629851215226,151.52166539639376,-210.10068379377023,460.6243547137042,153.68857831159212,-200.87739700825207
2025-08-20,639.4000244140625,638.1099853515625,15.6899995803833,15.09000015258789,61.51933181977935,-79.24259298468428,-22.177971858817024,253.2638548329995,-123.40212561825689,173.3593678445685,368.9063297506866,-39.99639531743508,240.04427424684147,391.9855449218944,11.60838311685042,254.15337447584275,394.63275484076576,20.75109253182974
2025-08-21,636.280029296875,635.5499877929688,16.600000381469727,16.3700008392334,62.37040751616203,85.10756963826793,-65.3750469925715,307.4241183415761,-117.55219473189734,135.3098018073326,439.879712520452,23.418851873630842,209.50374183733462,471.51148958430815,86.36568568640975,227.8779146076986,476.1966692482131,100.04847816801598
2025-08-22,637.760009765625,645.3099975585938,14.220000267028809,11.850000381469728,62.04762623432414,-32.27812818378908,-127.45307655279456,-194.682679265539,149.15175355266024,-475.7585384218791,-359.70796396946076,311.3251854339919,-675.1956469792548,-353.7573146916746,345.94635047060797,-672.307233267253,-353.54797350851254,349.0113593556922
2025-08-25,644.0399780273438,642.469970703125,14.789999961853027,13.010000228881836,61.09369867834545,-95.39275559786944,32.881535754466974,168.38179936013907,-123.85413588145015,204.0012418827496,253.7497161550622,-112.80708812092428,249.23760800600903,264.93467068373167,-71.98465110059999,255.4466766204031,265.6255570323922,-66.98903699718885
2025-08-26,642.2000122070312,645.1599731445312,14.619999885559082,12.90999984741211,62.245347782114436,115.16491037689889,-117.23858437445696,3.9237494395447015,188.86384547066726,-258.18763799616954,87.43147753704699,346.9673093218544,-211.69154927507813,98.06213832697688,384.6113905717515,-205.37292578649613,98.6945802004631,388.94074314864116
2025-08-27,644.5700073242188,646.6300048828125,14.850000381469728,13.270000457763672,63.53660375876974,129.12559766553073,-128.083043089287,161.86749449314098,48.14631598399257,-131.4738488794494,251.75697944274765,228.5902281176252,-90.58092645112785,264.34259129307685,278.4324842673348,-84.9832422511594,265.1882849215014,285.4467642033854
2025-08-28,647.239990234375,648.9199829101562,14.43000030517578,11.68000030517578,64.03597192468334,49.936816591359445,-116.59047290647281,113.56626971788123,61.432226773159805,-140.52259587438016,179.9330108642337,207.62267749138547,-102.58623582834342,186.02506889667077,236.2773883034067,-98.80552188729493,186.2493986083763,238.5919946234792
2025-08-29,647.469970703125,645.0499877929688,15.359999656677246,12.720000267028809,63.347822390970975,-68.81495337123624,82.9819564588229,124.49637809345793,-132.41223539870575,266.1414804739068,207.52119480880162,-177.95609373200182,316.1355518836589,218.04048239713163,-144.29972942550606,323.05739922076293,218.66610139803572,-140.68501919925052
2025-09-02,637.5,640.27001953125,17.170000076293945,16.170000076293945,64.1505439823481,80.27215913771215,-120.1220037606266,124.29762358514827,118.23740205230598,-165.24972245719383,254.669363023736,320.5926377090177,-103.92880323213049,284.99925639873226,393.922513026715,-90.22143694062905,289.2783115029051,410.90230037472116
2025-09-03,642.6699829101562,643.739990234375,16.350000381469727,14.449999809265137,63.98322923684157,-16.731474550653047,-123.16733635826581,262.72373824183535,-40.61779618827652,-24.96748552823844,369.6210614989112,145.55913258000786,26.142243331071114,388.6741028553876,203.17652459117556,35.15211790319783,390.503900468789,213.31191988848698
2025-09-04,644.4199829101562,649.1199951171875,15.300000190734863,13.31999969482422,64.90544403144241,92.22147946008477,-112.80764355757589,-174.43785337161623,358.3150975355526,-427.69239050495923,-95.40953520348145,514.468143323309,-386.06387009109693,-82.30338299149206,552.8059458647443,-377.7088226385919,-81.36537820432929,557.5900456753325
2025-09-05,651.47998046875,647.239990234375,15.18000030517578,12.65999984741211,63.278487314902364,-162.69567165400503,264.19331871443546,-56.251788342330066,-132.55113590523175,447.8264754840906,27.09732368630371,-359.21705407575365,498.1430029618921,37.71635062776706,-325.54774913937837,505.15063436973134,38.35307101331001,-321.91858887822235
2025-09-08,648.6199951171875,648.8300170898438,15.109999656677246,13.5,63.72892377951392,45.04364646115562,-109.3298451347689,311.2632137348878,-115.32118333776717,54.47089456228225,405.8341165589968,48.96604812298884,98.46412850071056,420.0588739819162,100.60756579869457,104.98136328506254,421.1227227719412,108.35343638017727
2025-09-09,648.969970703125,650.3300170898438,15.039999961853027,13.609999656677246,64.45562467246279,72.67008929488696,-120.16337327000707,196.2607553486176,12.00042847237446,-78.60075201784832,292.3172834613471,184.1222106794877,-28.765899955442475,307.1409315720014,231.5051702341302,-20.827246981164937,308.3022150763203,238.4354088443727
2025-09-10,653.6199951171875,652.2100219726562,15.350000381469728,14.289999961853027,66.18269131370003,172.70666412372435,55.38991026014768,158.60682055299796,-113.72783623920492,227.09353876200726,266.8344326887144,-104.61370589784266,278.1877613212565,286.44537097893823,-45.5529085565715,287.27595660506233,288.3727787437423,-34.93019265825217
2025-09-11,654.1799926757812,657.6300048828125,14.710000038146973,12.989999771118164,68.81975488437485,263.7063570674812,-117.25768174039929,-39.36550954260023,237.0381298931928,-303.40648810455843,49.00814662935742,398.5968380338304,-254.59213925082898,61.183557948436174,438.96857768109476,-247.45461852551625,61.995990277472295,444.0323046552994
2025-09-12,657.5999755859375,657.4099731445312,14.760000228881836,12.850000381469728,68.59863786578937,-22.111701858547406,-68.93134223845651,263.9764267210093,-115.63751039629439,90.172513764276,351.34271836902644,3.592735332193866,130.24751828922632,363.10039337923797,51.6298694530305,135.54601202798605,363.8462403770077,58.110596753363254
2025-09-15,659.6400146484375,660.9099731445312,15.6899995803833,14.710000038146973,72.30262313310838,370.39852673190126,-121.51735389653987,251.91958345773563,-21.834376531710852,-35.45271532562382,368.44615404898343,169.9700874366513,20.38657873356813,391.79567313052604,233.31585808779084,31.369207887353205,394.45416724960967,245.8504811387436
2025-09-16,661.469970703125,660.0,16.360000610351562,15.789999961853027,72.59466876057121,29.204562746282647,-7.876822932807334,253.01965916417933,-119.58491668192048,197.73901872652561,386.53629627539374,-37.32525514985847,275.4394946805043,418.7921403026094,23.357981538892126,295.14722908153266,423.65921583412427,36.35989396824211
2025-09-17,660.010009765625,659.1799926757812,15.720000267028809,14.529999732971191,70.77055538287425,-182.41133776969605,-34.886720770594714,259.0803776334734,-118.46055318304175,149.92976258090582,372.77219887506476,-19.493274316813135,209.77084753505756,394.8755834593205,36.78195892269371,221.70180809769855,397.30008041138774,47.10174897414825
2025-09-18,661.8900146484375,662.260009765625,15.699999809265137,13.529999732971191,72.90417283172955,213.3617448855304,-121.03167498096711,305.30060159085184,-93.28200035978257,26.875762387857783,404.2462454027042,82.60540380268252,77.0881453821694,420.1404853431423,132.65631021747433,85.31890892199553,421.4581309403934,140.37490021645007
2025-09-19,662.3300170898438,663.7000122070312,15.449999809265137,12.40999984741211,73.49655109215924,59.23782604296832,-114.69646528260215,148.8441494150688,40.052641738066065,-106.16411726928867,231.0031928473659,193.20272459221852,-58.54489558171407,241.24147429976304,228.33469373064304,-52.129645377354386,241.83362169346506,232.17340231049403
2025-09-22,662.2000122070312,666.8400268554688,16.100000381469727,14.25,76.46342576624993,296.687467409069,-114.62670988964591,-145.08377810437347,362.1159860762052,-410.58878451386323,-34.71956246040906,536.2392581798649,-349.71012135743086,-14.074586876593129,587.8738107742797,-337.79086422224356,-11.925586769710447,596.7221752624707
2025-09-23,666.719970703125,663.2100219726562,16.639999389648438,14.670000076293944,74.33729031157567,-212.61354546742552,258.952423058054,-35.070506285113744,-113.67620471063555,438.9808114727869,83.09392333895678,-302.03138015261175,496.9218216548963,107.23764259682723,-238.97615684775656,508.64831277136784,110.06944645972129,-226.37263916345276
2025-09-24,664.510009765625,661.0999755859375,16.18000030517578,13.390000343322754,71.88358425770612,-245.37060538695528,262.5900704130273,-59.19113515687864,-113.199150738906,425.46255825805105,38.96736692213556,-317.13116801402157,469.7266705120215,54.49897264892234,-261.98846537242554,476.4991395039411,55.747285465474654,-253.18004158746544
2025-09-25,657.9400024414062,658.0499877929688,16.739999771118164,14.170000076293944,70.405449646548,-147.81346111581115,-118.92228953770109,332.09802744248935,-113.61155030741551,55.84810408537153,439.62093260163215,65.68403514291762,111.32685962223653,458.98888423254857,119.62749825597861,121.53749153573185,460.8881977233317,128.88420280721584
2025-09-26,659.510009765625,661.8200073242188,15.289999961853027,12.270000457763672,70.82037630725777,41.492666070976725,-131.05505807472898,134.57613056825684,67.63151656523138,-161.57670080995123,213.6874371887833,244.56558439915062,-126.8425863133949,222.92373171922344,289.4159277613071,-122.92480935332783,223.39688295740982,294.7446466370671
2025-09-29,664.3599853515625,663.6799926757812,16.1200008392334,13.510000228881836,73.00569393469269,218.53176274349124,-81.22054493406027,299.98695687075343,-126.68806474461222,106.30287354778591,400.0240216245959,4.768081642265345,163.97032553451393,416.41662962256623,48.550756457380274,174.07273069433734,417.8296916705667,54.90422604030234
2025-09-30,662.9299926757812,666.1799926757812,16.280000686645508,13.949999809265137,75.03194128904124,202.62473543485555,-119.33608120609912,17.943274711533853,199.21249757760398,-258.7219850033297,123.72168335635257,377.7730122184136,-204.31016067657686,142.35301948839785,430.90766559471285,-194.52043368307878,144.12108854663117,439.8378263312867
2025-10-01,663.1699829101562,668.4500122070312,16.290000915527344,13.529999732971191,76.70275963702474,167.08183479834986,-116.38020593536923,-168.32440416605047,331.29018783414773,-434.3813337146387,-113.78010887155378,499.7383847084026,-424.75732235747074,-97.60863561051788,546.0299918369047,-415.42418810560986,-96.23731241934453,552.9280675282251
2025-10-02,670.4500122070312,669.219970703125,16.6299991607666,13.789999961853027,77.61374788461087,91.09882475861326,-33.229029279574384,258.4057445746406,-126.54874528613897,159.7166593091538,364.9924321453337,-39.429701206664646,222.2703495742732,384.05142023889556,6.4698967521944954,234.24802517586903,385.91802089218106,13.650180672371784
2025-10-03,669.989990234375,669.2100219726562,16.649999618530273,13.470000267028809,77.48404751040113,-12.970037420974734,-40.1457897001553,253.42112685268992,-120.65027894756001,137.43054978420284,354.0049026194445,-25.661231426986596,189.98648566980182,370.54916277168616,23.7894318914053,198.90180520997305,371.97198620892243,31.481079040272576
2025-10-06,671.6199951171875,671.6099853515625,16.3700008392334,13.56999969482422,78.65798233489814,117.39348244970103,-85.62085509195506,295.09036190221383,-114.47110876450247,83.1397484609237,398.04747750973735,31.881220583097637,131.50814562972178,415.4700485080024,88.01928828205162,139.54992117462933,417.01939776823093,97.47041989826906
2025-10-07,672.5399780273438,669.1199951171875,17.239999771118164,14.989999771118164,77.5719515719541,-108.60307629440342,267.21590977943026,-39.74200365282352,-110.19349961202317,447.0781400641321,85.49712042351166,-299.5680142187647,506.21508030010233,113.12683975429553,-229.85364794690844,518.8214613943929,116.73902218578681,-214.5574132546795
2025-10-08,670.25,673.1099853515625,16.299999237060547,13.170000076293944,79.54756316207272,197.56115901186178,-115.33871125166685,18.384727021877346,185.28371973463462,-243.60138661313826,114.67318008849679,349.48504123913875,-189.53697635538902,129.6270992096522,392.8987823584326,-180.62059522182255,130.81679752007582,398.9840905755693
2025-10-09,673.530029296875,671.1599731445312,16.43000030517578,13.920000076293944,77.93153928557626,-161.6023876496456,159.34111831072605,54.27081830679261,-112.33575726985949,329.38213377859415,163.50571521623036,-205.47465477181808,379.71639707903165,183.53701487534727,-144.57394399414838,388.6557663468839,185.53709204401673,-133.37643010096434
2025-10-10,672.1300048828125,653.02001953125,21.65999984741211,21.700000762939453,73.27343586375912,-465.81034218171453,-94.28891046359561,-108.61311414924054,-95.05940592439154,-351.3087943330522,-398.61582712469396,-354.5465054505396,-627.4054953873562,-809.109696371058,-736.4485263815311,-576.8653675796982,-1177.1057053809,-1189.6523163649513
2025-10-13,660.6500244140625,663.0399780273438,19.030000686645508,18.020000457763672,74.50287841430446,122.94425505453432,-109.93666150693537,165.2116739192518,100.04468335303434,-108.31699021013571,328.4900872463826,317.1852945170245,-25.03193063875033,379.4386957879206,408.1583312743612,0.013546819527101572,390.4183787895119,435.66776269211533
2025-10-14,657.1699829101562,662.22998046875,20.809999465942383,20.3799991607666,76.61626197005006,211.33835557455996,-99.08309655506324,-117.52187710590826,376.13819194231684,-368.086400322817,49.97005873718299,602.391632835193,-282.68713149966806,122.1420729682137,705.0163026080385,-242.1853807099436,142.67407572111688,741.0249260481247
2025-10-15,666.8200073242188,665.1699829101562,20.63999938964844,19.280000686645508,78.14902605403601,153.27640839859527,79.13345526815013,194.9957212219555,-101.06620058347497,298.9771199438575,376.0174146903633,-58.971701985685975,396.28453345592266,440.3598567419042,41.44134909768764,429.79024790701635,457.05862786893516,75.39883333316106
2025-10-16,666.8200073242188,660.6400146484375,25.309999465942383,25.8700008392334,83.32170376571636,517.2677711680351,278.8769948287832,-92.82753261250784,-83.04090196401896,544.9996372645447,18.139745201522906,-312.2799971670109,694.0437306484561,145.25082504680034,-295.15050972044855,766.7205686170586,200.4571280632433,-220.65103874488054
2025-10-17,659.5,664.3900146484375,20.780000686645508,19.799999237060547,77.40089964454911,-592.080412116725,-105.02470504426535,-59.07033799332064,341.15501268161483,-326.45785531316744,125.94834921247687,573.6193757973325,-230.73759062096633,193.44990005261306,681.0577579434538,-197.77033594608142,211.58985968513792,719.1272514528459
2025-10-20,667.3200073242188,671.2999877929688,18.229999542236328,17.350000381469727,78.44752682643824,104.66271818891215,-105.42174743680769,-64.17053670225991,318.4720725909297,-321.2012049873744,92.6679693113737,519.3068913434963,-232.19652305186182,139.2938672156335,596.5753756457674,-205.20697863485245,148.7285274397836,617.4961639850586
2025-10-21,671.4400024414062,671.2899780273438,17.8700008392334,16.8799991607666,77.85960565493409,-58.792117150414924,-105.15075719033968,334.3364787644855,-85.00967728247454,79.96814093693557,486.47124061791976,110.33144956428556,167.94624364356812,529.9947868274695,182.83710248588372,193.92015448962033,538.3437806022661,201.44907689202495
2025-10-22,672.0,667.7999877929688,18.600000381469727,18.350000381469727,75.79404769714067,-206.55579577934162,315.02492713576333,-46.79527569255024,-104.93083910068785,531.7277410877988,124.46225421174651,-308.9943288194452,625.104816553015,181.2968541375749,-217.7099218070562,655.6895390330892,194.70080671088326,-189.24354733793376
2025-10-23,668.1199951171875,671.760009765625,17.299999237060547,16.6200008392334,93.40902393297768,1758.8976235837006,-109.36086914068889,-15.439427941662506,263.7753801211186,-280.39036329262046,131.49437265885913,462.0987710188524,-200.19444913496127,171.62769734632394,536.0224956055429,-178.01501425770383,178.8135354901519,554.8080449361909
2025-10-24,676.4600219726562,677.25,16.3700008392334,14.850000381469728,90.14773462447167,-326.1289308506008,-109.14096320206711,222.8616290375779,3.068238542629922,-32.750521623104696,347.60925097749146,179.69092093918968,39.93634503095096,375.16074591543577,235.40732790068154,56.89334361098373,378.8163975910697,246.28994622769696
2025-10-27,682.72998046875,685.239990234375,15.789999961853027,14.640000343322754,89.58398367164563,-56.37509528260409,-118.82995433252185,122.8803363933462,110.97539007907108,-159.72038451653836,245.86482609499888,303.86359525434307,-98.9530298866834,272.38226469290817,369.4438697837524,-85.99109916171744,275.7454041505198,383.2447284136903
2025-10-28,687.0499877929688,687.0599975585938,16.420000076293945,15.630000114440918,93.1845963994671,360.06127278214706,-111.61957463381464,350.2851801988679,-107.44151122939309,81.776152950051,489.46799209630814,87.46460041411338,156.47789471884,524.8846511248123,157.67173879071484,175.71102901958716,530.6107193727626,174.4343319628675
2025-10-29,688.719970703125,687.3900146484375,16.920000076293945,15.609999656677246,95.60650576915884,242.1909369691747,45.83226458187146,195.52419750430764,-109.76313021947243,238.38682132441986,335.07624693278575,-68.62421261583515,308.383759981435,370.6455237746638,6.673247983391997,325.8774261871607,376.38787360242793,25.324485534023445
2025-10-30,683.9000244140625,679.8300170898438,16.90999984741211,14.899999618530272,92.86649077986294,-274.00149892959007,301.20885740101886,-67.60340569699858,-114.35011432881589,490.705160186785,59.610649239946035,-340.1219021606158,556.3738203161603,88.33856989091096,-274.6714610136393,571.28300424705,92.243616230318,-260.5391824604997
2025-10-31,685.0399780273438,682.0599975585938,17.440000534057617,14.710000038146973,96.06443132510518,319.79405452422327,179.49850212287365,53.89189186342767,-116.62767946591651,370.9414585748219,178.61332394557542,-224.11934344807005,437.3282861696761,206.0727245519425,-162.17895095958153,452.24735502891264,209.6785125531375,-149.3609734176098
2025-11-03,685.6699829101562,683.3400268554688,17.170000076293945,14.970000267028809,94.75626080330429,-130.81705218008892,147.78064979486948,84.50774461125653,-111.19358087706638,333.0168219843278,213.56127570208193,-179.66207336143214,396.2659055575566,243.22121079591798,-109.73553021004847,410.5098217399317,247.3433064297051,-93.98072482316657
2025-11-04,676.1099853515625,675.239990234375,19.0,17.75,101.25344365939694,649.718285609265,-29.537545091088568,294.0340389238297,-107.49011685945399,185.3785683461323,458.9991334588855,26.473256342707764,276.3438860914652,511.2445811744384,112.01534962882887,305.12323326758144,522.7868976708367,137.23716052313097
2025-11-05,674.97998046875,677.5800170898438,18.010000228881836,15.869999885559082,96.83523624654114,-441.8207412855793,-112.55194980910127,97.9555060992208,145.22573064512903,-173.04839859149325,236.54351059624082,341.3323786693185,-99.76371835254058,271.5982037388175,412.2504899894572,-81.1122770956895,277.21299080088886,429.2139531797382
2025-11-06,676.469970703125,670.3099975585938,19.5,18.1200008392334,102.22898256732282,539.3746320781673,329.60309318184954,-127.28806196593504,-108.94503548117919,553.7777943623975,-25.959348669411163,-401.5727389204667,653.1882854383357,30.275711037784326,-386.444397489267,686.6266250365674,43.485830248398365,-361.46205617685905
2025-11-07,667.9099731445312,670.969970703125,19.079999923706055,17.309999465942383,100.13817149563448,-209.08110716883357,-109.35411544242052,68.55386456838167,189.08874114100945,-200.21754740352958,224.80107239710952,397.2492863281713,-117.53435064063052,270.94432105478063,480.02857040473185,-93.37939522483013,280.1595940655124,503.2422645119391
2025-11-10,677.239990234375,681.4400024414062,17.600000381469727,16.040000915527344,95.29673948041022,-484.14320152242567,-109.03247142904925,-86.15670416099769,329.2363220628008,-348.15123059609897,55.84915987351058,521.9301909552862,-269.016960922429,92.98097375994406,591.0568901392727,-247.79556962830887,99.23607858309217,607.6372957068771
2025-11-11,679.9500122070312,683.0,17.280000686645508,15.18000030517578,94.10528771704037,-119.14517633698551,-114.60997189178352,51.097452235135755,185.66721262618805,-222.39527382257995,181.2108627664333,377.43356132546154,-154.36285073966812,211.49445729977464,443.8171097337992,-138.3913397471485,215.79701825972657,458.4957778521236
2025-11-12,684.7899780273438,683.3800048828125,17.510000228881836,15.369999885559082,95.20887003102081,110.35823139804393,46.47231485126431,191.72456685065632,-111.5320756379152,237.6492882274613,326.3480904764332,-75.64150151001903,305.8473531026797,359.09107112987004,-4.270273709023639,322.2702803554032,364.0368401803069,12.50472202221358
2025-11-13,680.5,672.0399780273438,20.0,19.170000076293945,104.10005822410196,889.1188193081149,105.86629023382235,-120.23586257181657,-104.80250484362338,338.4925394329002,-231.44922219167123,-387.55469839132354,447.5327444521138,-163.93930396847693,-589.5248064211419,487.7276055947959,-145.65584735922707,-558.5739690811416
2025-11-14,665.3800048828125,671.9299926757812,19.829999923706055,18.61000061035156,103.0797216197968,-102.03366043051574,-101.69254243866527,-126.19080902855907,199.44887164090622,-377.9007430919226,-146.66657129310573,409.9289336525494,-471.41324401658744,-88.80390090616076,496.85480955195715,-437.65714634211787,-74.91476366687115,523.3224168572018
2025-11-17,669.7000122070312,665.6699829101562,22.3799991607666,22.329999923706055,113.90385744806929,1082.4135828272488,338.15326583532044,-39.04125756624419,-91.28843269609101,580.063054967984,176.74103556850403,-274.72193882344027,701.3507097724698,271.65857614006256,-147.04118869884138,751.9334702646512,304.84468793439896,-93.5871508015275
2025-11-18,662.0999755859375,660.0800170898438,24.690000534057617,25.18000030517578,124.18465015402359,1028.0792705954298,105.6896783555512,212.11705931417376,-86.17698798165955,368.7411267872551,451.7055265639964,-15.355020727690436,513.9805678029344,570.8618829354957,128.4057939681858,583.2840384273037,620.2736713972286,195.2048860886851
2025-11-19,660.780029296875,662.6300048828125,23.65999984741211,23.100000381469727,119.34344553829192,-484.12046157316695,-93.16440930726097,232.93485961820116,72.58591481749866,-10.145813242882104,453.24994230840576,324.4400367024855,115.65860743988114,552.5878006395703,454.9049387404279,169.6048368063467,588.5420406700713,510.63315279331925
2025-11-20,672.9099731445312,652.530029296875,26.420000076293945,26.350000381469727,131.24130971031155,1189.7864172019638,-83.10540359976565,-90.48362326620529,-81.65438805205591,-311.85900588139117,-337.7683206224692,-307.2682909622341,-656.7024068327754,-704.2522025480675,-649.6046814599471,-625.836935558501,-1144.1472966409008,-1071.0734555339927
2025-11-21,655.0499877929688,659.030029296875,23.43000030517578,21.510000228881836,117.24633041491677,-1399.4979295394785,-96.84410289966544,-15.153194635404452,306.15879108272384,-263.1144771825884,186.9670164740153,542.1475696820952,-148.05312985654595,269.2386154258681,655.0631967079341,-102.50180598475362,295.0953786683298,697.9907774646182
2025-11-24,662.6900024414062,668.72998046875,20.520000457763672,18.549999237060547,104.22592165155987,-1302.0408763356897,-107.61479787405685,-127.04949037425772,324.40935886107343,-396.5385590919031,-29.34570219972168,545.2398062504905,-380.89656857294557,27.01047434610684,640.4650761195384,-352.6915079328498,40.17394655957627,670.7571000219183
2025-11-25,668.6300048828125,675.02001953125,18.559999465942383,15.390000343322754,96.00546714256902,-822.0454508990855,-118.60913260100469,-149.1163562183477,287.4544204979446,-434.00405126049714,-121.42870697800669,486.32490348577807,-473.04118640179405,-91.43678643131798,557.2530382157863,-458.8372222066805,-87.23343608294752,573.3899944773193
2025-11-26,677.6300048828125,679.6799926757812,17.190000534057617,13.329999923706056,90.57886309950803,-542.660404306099,-124.8199635543415,164.78452559477395,53.11614112431575,-124.85425766705279,265.82394632127796,237.19769184788183,-77.32357322953682,282.4866773373588,292.1335724005923,-69.60869114331604,283.9138216010813,301.14306839900115
2025-11-28,680.8599853515625,683.3900146484375,16.350000381469727,13.609999656677246,87.51334387860658,-306.551922090145,-120.26557731341293,97.24759736853164,121.2850928720531,-182.18033598189527,203.4734278574664,301.853886361973,-128.52813810944366,222.2798653103724,356.22291591263394,-118.91043512365151,224.07526224455017,365.5020141919565
2025-12-01,678.8099975585938,680.27001953125,17.239999771118164,16.549999237060547,90.30876642641158,279.54225478050034,-111.85533220423062,235.04120256718969,18.480352805460477,-38.524414785311855,384.6661432973722,224.56539130917452,38.72042972555227,426.44089665281524,304.6384072738554,59.94590566624314,434.1338163981778,326.1059974641462
2025-12-02,681.9199829101562,681.530029296875,16.59000015258789,15.420000076293944,87.49484307217227,-281.3923354239307,-67.09765565705476,306.55444411692474,-113.0707926290338,126.78287222468032,440.89915750953526,34.81434860090553,196.76149024899405,473.5103825042849,104.10053640093764,213.8015523689958,478.43047493602023,120.12493928687772
2025-12-03,680.5700073242188,683.8900146484375,16.079999923706055,14.460000038146973,85.75891599649765,-173.5927075674624,-121.6643501297039,55.939743491303396,177.54388506920938,-233.31091030659917,175.71773948387806,372.6273649860696,-176.70695092347455,200.61491573253969,438.78809979687594,-165.278767881867,203.60161393389598,452.458581489998
2025-12-04,685.2999877929688,684.3900146484375,15.779999732971191,14.300000190734863,84.40891765976514,-134.99983367325115,-51.00862292369792,283.2841968263192,-121.38469398994653,143.77699916981442,402.13379430077396,-5.705225446458348,210.82715201425106,426.7146881114553,49.055549996813035,225.36637587697246,429.6760189247084,59.3022282971124
2025-12-05,685.469970703125,685.6900024414062,15.40999984741211,13.899999618530272,83.04055717333006,-136.83604864350798,-110.28370312773427,271.67469940166416,-56.206011964760116,17.16934483815773,384.81840127262535,112.5488778747706,83.63194382804043,406.7516396763839,161.64324386175932,97.37350743855932,409.1649027822941,169.98386999214705
2025-12-08,686.5900268554688,683.6300048828125,16.65999984741211,16.290000915527344,87.69670326988916,465.6146096559098,222.77919743308308,24.64959873594912,-106.52813534658316,418.29611179410085,173.50897712017533,-233.55229988019738,491.8604154308231,214.75212821162975,-150.7617917608978,511.501612918069,222.24756158342538,-128.28403830821603
2025-12-09,683.1500244140625,683.0399780273438,16.93000030517578,16.299999237060547,88.61969556934366,92.29922994545063,-108.87389510576037,356.92892175765496,-108.40278335054629,93.15080754254018,504.5398826207662,89.66552813191802,174.2270315400387,545.1039749938761,163.52810375901245,196.82374894017966,552.4318137553578,182.35368573480233
2025-12-10,682.5599975585938,687.5700073242188,15.770000457763672,14.68000030517578,84.72886607730337,-389.08294920402966,-120.83675786417027,-109.59723591750682,346.29583403522264,-398.3002270622185,14.22332189781306,543.6706660445467,-339.62364646981854,41.131920626595765,612.2577145678689,-327.26865748806546,44.57499192699801,627.0642668287365
2025-12-11,685.1400146484375,689.1699829101562,14.850000381469728,12.460000038146973,81.07477475227569,-365.4091325027679,-117.79189775161073,-92.70927320941703,291.7827024967014,-358.5229047735053,-3.4690241119676757,454.8603714640217,-309.7574263692827,8.986911042875148,496.180964245892,-302.5731124038782,9.832733131518692,501.4800245815789
2025-12-12,688.1699829101562,681.760009765625,15.739999771118164,13.479999542236328,82.28115192404266,120.63771717669738,260.53970770323144,-163.5212861046032,-122.34117377107944,446.1195145441543,-180.88532071529002,-449.81094124280554,504.59663084712,-161.85399524149003,-523.802934035661,515.5127666951363,-160.00483712069294,-515.5915086962235
2025-12-15,685.739990234375,680.72998046875,16.5,14.199999809265137,85.05847641997553,277.73244959328736,353.07948659678306,-156.7056190089847,-114.1814430962338,533.132702519861,-66.55447695565721,-424.6739515189136,590.8682256395705,-42.888150446274345,-389.5270370236177,602.4489661906952,-40.15685488459646,-377.2655070400332
2025-12-16,679.22998046875,678.8699951171875,16.479999542236328,13.880000114440918,84.25743278345092,-80.10436365246107,-101.14243435550458,325.82463122179166,-122.4159833036243,87.70536659176037,436.04956234621034,37.74868943834668,148.99176888391494,456.6374048136545,88.82627343231019,161.00136321554874,458.776459975354,97.5263296380703
2025-12-17,679.8900146484375,671.4000244140625,17.6200008392334,15.75,87.44532628516706,318.78935017161325,26.45203609782063,-144.07439439588822,-111.81707520901762,222.00763096648686,-365.5551103412048,-413.8516443007808,293.92078598060533,-330.5596901684135,-701.6557564477665,312.0497778609473,-324.96993135596426,-684.2347402110541
2025-12-18,677.5999755859375,676.469970703125,16.8700008392334,13.920000076293944,85.09987993232684,-234.5446352840213,29.64269514853759,186.0066189068444,-113.225193900702,202.20793637076315,296.3894566232973,-76.63809465312195,254.19905234825117,316.9351781862585,-16.146931415503673,263.661093515178,319.0346196849119,-4.948678151868277
2025-12-19,676.5900268554688,680.5900268554688,14.90999984741211,10.489999771118164,77.19060264938051,-790.9277282946334,-131.99074043595456,-63.59240478465191,243.25708544381914,-351.25809835086403,-7.959746999683423,405.4220860791418,-326.7541748232444,-4.06969949461817,436.6433578832099,-325.0801420631498,-3.9771619478990083,438.86008289873445
2025-12-22,683.9400024414062,684.8300170898438,14.079999923706056,10.5,74.59889132500192,-259.17113243785934,-123.24825479863223,213.87885853644624,-41.417561143016556,-53.16577445356689,271.05061869298817,109.17366872604147,-23.70436791635211,275.2454703706652,136.9932295706082,-21.436483053750276,275.3546775959049,138.9211748258459
2025-12-23,683.9199829101562,687.9600219726562,14.0,10.0600004196167,75.35245612692935,75.3564801927439,-123.49267967975692,-106.25399267742958,272.1377549728914,-371.15825248148997,-55.9041924999603,419.20532342574916,-345.39744990799284,-52.8482041714059,443.8540758565472,-343.75648478043473,-52.78844934458016,445.26946301005455
2025-12-24,687.9500122070312,690.3800048828125,13.470000267028809,9.170000076293944,73.96835843583605,-138.40976910933023,-121.14115372238855,36.93786543576996,114.28289216823904,-217.6185164554733,74.97618687915336,251.80499237269308,-197.79927438823864,76.48305891475265,270.039523262206,-196.9638911962343,76.49851042811696,270.7110516878802
2025-12-26,690.6400146484375,690.3099975585938,13.600000381469728,9.649999618530272,74.25073839337938,28.2379957543327,-61.823546444981154,215.74595919429063,-116.0277897619051,73.30856699765513,261.59929974345937,-30.41520333289178,93.76880119402855,263.9980404208183,-4.985299835638399,94.82440967819315,264.03483756527635,-3.642011426025269
2025-12-29,687.5399780273438,687.8499755859375,14.199999809265137,11.369999885559082,75.43369307875011,118.29546853707313,-116.33804804234097,296.10203516446734,-115.2146697039882,32.27363044993712,368.6100701443713,42.34988151840813,64.24918331909478,376.08426469457845,83.20070523710771,67.44617334965567,376.40260630253164,87.48326870863188
2025-12-30,687.4500122070312,687.010009765625,14.329999923706056,11.460000038146973,75.5399256723226,10.623259357248571,-112.10182563125724,311.6609646164757,-132.95993565901657,65.9722949258663,386.2188855044676,11.335882704929714,111.14713458291509,394.3278598090617,41.10402632629107,116.53886566189085,394.71292219948,43.829140396782385
2025-12-31,687.1400146484375,681.9199829101562,14.949999809265137,12.0,76.28262833086916,74.27026585465626,373.72950592963446,-180.9740924284217,-126.37098931495495,546.6421009292511,-106.63095068040658,-467.3903643937168,591.7737057566638,-96.36363833113012,-437.58779923429586,597.7410683824052,-95.77261009231145,-433.272436977159
2026-01-02,685.7100219726562,683.1699829101562,14.510000228881836,11.720000267028809,74.51451050887167,-176.81178219974925,155.81420350025397,32.095156695995875,-118.53260103971054,312.6972538437736,109.43063341429954,-231.95234443266753,349.33239679948406,118.19878366886634,-190.81909488704483,353.49273792212006,118.63169945189583,-186.2022946504036
2026-01-05,686.5399780273438,687.719970703125,14.899999618530272,12.4399995803833,77.51245956110549,299.7949052233821,-128.49925813145654,252.68700277903056,-42.50555646692151,-41.67393478185384,342.32790852146303,138.45736839456072,-1.2504836630507143,354.82915395351745,188.50953534870678,4.226214341017512,355.6638662840341,195.5598235478197
2026-01-06,687.9299926757812,691.8099975585938,14.75,12.130000114440918,78.38295037306045,87.04908119549657,-122.08448180108073,-60.26011463633731,258.8892212692688,-335.47404804263806,24.24322775726784,425.51674703019626,-292.1473684014942,35.14130191297536,467.348742393656,-286.37770014765,35.796634523973815,472.49507385305327
2026-01-07,692.1900024414062,689.5800170898438,15.380000114440918,12.539999961853027,80.03493080471429,165.19804316538398,125.40884876468289,84.83264663634137,-125.48801115826863,304.8545655575166,177.5448484408457,-203.84725798301605,356.1897453599532,191.19867177259067,-161.46646286311378,364.18945356625306,192.20244489042517,-155.77613351715647
2026-01-08,688.8200073242188,689.510009765625,15.449999809265137,12.829999923706056,80.17303101714552,13.810021243122605,-122.5073153472856,278.38708343462133,-67.63527691473145,-2.8795969748668804,374.59029216901416,108.57799424100969,44.935971794497995,389.4441982625527,158.12574816531304,52.40745739734185,390.6043122218281,165.55284204295688
2026-01-09,690.6300048828125,694.0700073242188,14.489999771118164,10.859999656677246,77.87528106568084,-229.7749951464681,-130.25148361957017,-2.700215271226034,189.82911737855605,-290.2881015315203,62.13592077831097,355.45491321481717,-260.85508516099424,67.82531397384813,391.04905994104695,-258.30527112789946,68.01634102106696,394.19098636496295
2026-01-12,690.6799926757812,695.1599731445312,15.119999885559082,11.9399995803833,80.56645835268372,269.1177287002887,-127.08509469071318,-96.87106976919787,298.3675290337082,-384.2373694593411,-14.500987633615045,471.4612123602304,-345.4846423108842,-4.288509306522867,515.6537640512026,-340.7017202328745,-3.7133126026765972,521.0975449380154
2026-01-13,695.489990234375,693.77001953125,15.979999542236328,12.510000228881836,83.43716315822303,287.07048055393045,11.750259826834844,204.7685651035632,-130.40869750001428,200.5288454156205,298.83741009570844,-97.64076660722819,256.908629606063,313.015361473717,-58.86728993255226,266.1180194933218,314.0997773466902,-53.85716450804197
2026-01-14,691.0,690.3599853515625,16.75,13.18000030517578,85.23854885924791,180.13857010248842,-54.634065778642714,269.7418998739859,-120.54270191761917,124.33019917948796,372.26574961347717,-9.851809212130133,178.10599918299,389.57900740311095,40.44347894634155,187.4667188814202,391.1262458255934,48.467731025943706
2026-01-15,694.5700073242188,692.239990234375,15.84000015258789,12.31999969482422,81.94477778128237,-329.37710779655447,148.13079785766837,48.90847563147209,-115.0443708090478,308.0676964968907,138.86209587331777,-210.86125065262627,349.09245354360826,151.47363903748942,-161.08297250289027,354.7077010345301,152.32305399209744,-154.06013851651218
2026-01-16,693.6599731445312,691.6599731445312,15.859999656677246,12.09000015258789,81.65733002615977,-28.744775512259935,107.0539702155507,87.71354792900999,-117.00799706693027,267.2171374696934,173.43178656839908,-175.61642856758974,307.37981292795376,184.67297439287236,-129.37327841437966,312.6021422829954,185.36056136495372,-123.33545144881538
2026-01-20,681.489990234375,677.5800170898438,20.09000015258789,19.93000030517578,94.99780474169151,1334.047471553174,245.86083944270845,42.12492417098124,-101.89348455344779,483.65397921083854,236.17592079299462,-219.70001514295953,598.7256988813964,311.4376058006318,-118.56360419132203,643.419806218256,333.5947398008137,-83.09025356934924
2026-01-21,679.6500244140625,685.4000244140625,16.899999618530273,15.880000114440918,83.09171939791386,-1190.6085343777647,-115.71992311868124,-142.91699631653395,351.21721180936333,-424.10995692720917,-42.37798638061998,555.4298932703076,-394.605783806998,-6.238342411669626,632.3689647680956,-377.21291479033107,-0.3341077295845296,651.7160786468656
2026-01-22,689.8499755859375,688.97998046875,15.640000343322754,14.380000114440918,78.84588742606178,-424.5831971852084,-15.60887048890047,243.77552069777371,-114.92974383227514,169.4184878027661,364.9711446361262,-27.93521151478686,231.0192782331521,390.61751454750737,34.83100433978475,244.09867176487043,393.7888968941123,47.62247589563973
2026-01-23,688.1500244140625,689.22998046875,16.09000015258789,15.0,80.69600377761552,185.0116351553737,-112.14551659260971,228.15488024464904,6.275665446013415,-38.25542574529994,358.39862690444477,193.53281747785897,32.87084139741923,388.7909895389511,256.99570716555775,49.913632476029136,393.1363997095733,270.7202678583873
2026-01-26,690.489990234375,692.72998046875,16.149999618530273,15.050000190734863,81.86649014663317,117.04863690176524,-107.69846122680954,79.40530332351264,152.78491804083137,-174.97504865877912,211.8557810228129,333.729816660397,-97.50406772908227,243.51878888689632,393.4148980773536,-78.02727077069156,248.22437353424957,406.0310118323851
2026-01-27,694.1799926757812,695.489990234375,16.350000381469727,14.850000381469728,83.66859333340898,180.21031867758097,-111.80942693038355,201.99745439189874,31.83480251439297,-63.33853215406633,331.979001929584,218.2172953625823,8.104810832568068,362.23493516219185,281.06749151863784,25.225666124719726,366.5469267671965,294.5733028256068
2026-01-28,697.0499877929688,695.4199829101562,16.350000381469727,14.539999961853027,83.49224821978365,-17.63451136253309,43.899601672636,190.6693738015189,-116.50307889345123,236.32542382380518,316.69398794397694,-87.52527317272084,303.61448554986237,344.8282420143576,-25.020430309972607,318.94558443556195,348.597532460705,-11.919302779951055
2026-01-29,696.3900146484375,694.0399780273438,16.8799991607666,15.220000267028809,84.96631193115778,147.40637113741286,87.77700861943492,158.83086671469576,-117.89781497243618,293.3018487204492,295.49964463817025,-127.970299058215,371.6710975400726,329.52113393870997,-64.32008051052735,391.97763812899484,334.8718233825465,-50.07988847495313
2026-01-30,691.7899780273438,691.969970703125,17.440000534057617,15.6899995803833,86.3472642832138,138.09523520560276,-110.89265588400716,354.7019192174513,-110.08529676295746,84.4166205381608,496.38460334970375,88.7564394326416,156.7041889275602,533.2336967500195,164.28053241220553,175.2479561830862,539.3626739867303,183.22570177173006
2026-02-02,689.5800170898438,695.4099731445312,16.34000015258789,14.449999809265137,82.70722043577533,-364.0043847438477,-120.8588887478964,-153.37859050787765,347.8131545452004,-441.5748217632824,-71.84419765669114,544.012763689707,-424.28864180210593,-45.581931019692966,611.5555532295069,-412.1516178720972,-42.28735436990301,625.9166934952224
2026-02-03,696.2100219726562,689.530029296875,18.0,17.06999969482422,87.18082724630568,447.3606810530356,247.89398924340097,-131.08951753473727,-108.98549963669987,463.4535982808863,-115.31182790099913,-402.32889187572067,554.5497093813452,-64.60609356779729,-466.6968208172249,583.13720429299,-53.65560104258071,-442.95958452946195
2026-02-04,690.3499755859375,686.1900024414062,18.63999938964844,18.670000076293945,88.60831494503657,142.74876987308858,281.16688228813547,-2.6671317796445693,-104.67580813439704,509.81709205292486,179.11552815620942,-268.34008596558976,614.8943762329253,244.16859186945067,-174.53505233592122,652.5933794886935,261.2682497432656,-143.91431750853272
2026-02-05,680.9400024414062,677.6199951171875,21.770000457763672,22.290000915527344,99.531692110682,1092.3377165645434,245.23910783445294,57.346507719271834,-91.56771258380908,492.1545322850729,276.32312825095045,-180.48122551664855,618.771896131774,374.3785320494591,-52.95012963575554,673.1603569341603,409.5503712453746,0.7208841602354155
2026-02-06,681.4600219726562,690.6199951171875,20.3700008392334,15.43000030517578,97.04590646601179,-248.57856446702158,-107.71244928802554,-146.11302628089115,-81.10996076894034,-401.5044272534795,-473.08974505698814,102.26685749930658,-785.0548515152244,-439.9918784733039,163.9375724890975,-764.9104557324677,-434.8948689691611,177.37865983586107
2026-02-09,689.4199829101562,693.9500122070312,17.360000610351562,14.75,85.19809230629218,-1184.7814159719605,-109.26313819159256,-145.5645626317722,374.2462661369369,-402.53424705727804,-18.187279756422846,553.46386425069,-328.9556555556114,10.723772123416955,611.2488526594955,-311.4053202502478,14.710069158539765,622.9394871181427
2026-02-10,694.9500122070312,692.1199951171875,17.790000915527344,14.9399995803833,86.10593936046678,90.78470541745958,173.70489648739314,63.87659817409703,-114.08937132825764,366.7281130256268,195.32743906910105,-209.62453582739474,435.5498946584868,226.33889293410058,-142.50316867243217,451.90893791032755,230.83120082691914,-127.45823288194674
2026-02-11,696.3900146484375,691.9600219726562,17.649999618530273,14.18000030517578,85.3102701077928,-79.56692526739744,293.49282247441084,-58.54837641280037,-122.14418991238995,491.45186884510053,62.21059729819165,-350.523297448253,560.9276928612845,87.73891254581868,-296.06283786612784,576.4072499612322,90.9162224331358,-285.78418472543603
2026-02-12,694.239990234375,681.27001953125,20.81999969482422,19.799999237060547,95.05728969757774,974.7019589784941,-97.0679032685002,-114.71626969298151,-99.64238015598889,-134.18864572311728,-418.1841052486892,-370.2737908338581,-20.59073367923665,-613.8199886881939,-764.1169924136196,23.504186799214445,-590.5974426683672,-998.5871079589454
2026-02-13,681.6900024414062,681.75,20.600000381469727,18.770000457763672,94.06524068272023,-99.2049014857514,-80.03865910945686,352.5233455880094,-100.41883828676711,137.19290763249742,532.5479113415664,100.9991809646216,232.0990737475048,596.0741517468999,202.42359555608002,264.2373911923016,612.3801666998088,236.81081111433622
2026-02-17,680.1400146484375,682.8499755859375,20.290000915527344,20.309999465942383,92.323734344743,-174.15063379772278,-97.43412400810209,100.7835389672504,186.29393222940072,-147.3038618573327,298.3856037175652,417.8265117015701,-34.27134019194284,376.66490637325364,526.0929064718858,9.608237347360207,400.36175805864434,565.9156622669483
2026-02-18,684.02001953125,686.2899780273438,19.6200008392334,19.079999923706055,90.351444107855,-197.2290236888,-101.529255953702,150.63711387494257,127.39476051497539,-105.3574715179611,335.0984498729271,351.61134384501474,-2.972679816064725,402.24970376376484,451.73401342549045,33.56443335717978,420.29582904815237,485.88418829050613
2026-02-19,683.8400268554688,684.47998046875,20.229999542236328,19.8700008392334,92.1719006350744,182.04565272193918,-100.25352450833404,336.0556891483053,-49.93009485988333,80.32934393192298,529.8864764901476,183.09403689372593,186.84719816602228,604.8377875357086,292.30921962829757,226.54988084122482,626.7400371625372,332.33376770885735
2026-02-20,682.3200073242188,689.4299926757812,19.09000015258789,18.020000457763672,88.81626565266546,-335.56349824089295,-102.49590501855474,-127.04102818519979,149.38299443739103,-380.59365581847226,-199.23624938980603,359.5987003971281,-525.9817148455373,-142.6772660447867,446.11887316616287,-493.368910385581,-129.34993109821076,472.27484974425755
2026-02-23,687.8300170898438,682.3900146484375,21.010000228881836,21.11000061035156,94.09190900410096,527.5643351435491,342.9081832243863,-109.03320991819393,-93.80559656000608,581.666167409264,38.99488438975529,-350.4483226821382,699.284659030661,127.54335237069475,-290.6446473014347,746.9749383570944,156.93742506484617,-242.22682928816843
2026-02-24,681.9000244140625,687.3499755859375,19.549999237060547,18.600000381469727,89.31596071728268,-477.5948286818277,-104.0794089304317,-123.55331812705865,362.50765802354965,-384.93000617008454,19.28033040076931,584.2472551399627,-323.61922939933925,81.12264840458819,681.3406311841096,-290.93455288893904,96.69315269165243,713.2979232707095
2026-02-25,690.1799926757812,693.1500244140625,17.93000030517578,16.280000686645508,84.58151864581339,-473.4442071469289,-108.12598000972679,47.06383111017478,202.82902454267563,-215.32763757540252,196.78942431506704,401.60731332553553,-132.54565590389407,238.70222442207643,476.3263692569788,-109.02731036515283,246.47766882013593,495.66390234496873
2026-02-26,693.280029296875,689.2999877929688,18.6299991607666,16.649999618530273,85.85068159734647,126.9162951533076,264.12859679934786,-4.560559902258296,-111.43458504531233,477.3165955874505,151.53160951127623,-280.4707320494494,565.3606190877556,197.6440211975001,-203.17961485572377,591.8237795046041,206.8869924779963,-182.28869711699423
2026-02-27,683.0900268554688,685.989990234375,19.86000061035156,18.59000015258789,89.61947766535548,376.879606800901,-102.59784439019805,77.57473648877456,195.180437406999,-179.23402906712874,255.6907835561187,414.09344339552587,-80.12579563721172,317.7928683789403,508.81360309017236,-45.9588623545087,333.5052144361597,539.5979928969414
2026-03-02,678.7000122070312,686.3800048828125,21.440000534057617,21.18000030517578,95.63374070928032,601.4263043924842,-97.42988276294008,-110.00620532662603,168.31474348011815,-361.83459050142983,-141.16883237431105,411.8119987009695,-485.49031275193204,-54.67007956532337,532.4920769498847,-440.03494917493333,-26.483096519225334,580.6065624391002
2026-03-03,675.0599975585938,680.3300170898438,23.56999969482422,24.549999237060547,102.58153036851735,694.7789659237031,-86.79795117904555,-96.4181269491821,380.56219784808394,-324.98108436190205,108.88671033243148,642.7125738934119,-214.19629419488618,226.67208014408507,785.657151615462,-146.09542285524597,275.0966107515374,851.7637759725616
2026-03-04,681.6300048828125,685.1300048828125,21.149999618530273,20.600000381469727,93.69069447807854,-889.0835890438808,-99.34256718743805,74.61169071832038,218.32763672036143,-181.33506337864915,276.1671685313128,459.22105426083203,-71.84345859652092,357.85639916225193,576.755991613335,-29.77671900489167,383.32746348389077,622.4097252892084
2026-03-05,682.0800170898438,681.3099975585938,23.75,23.549999237060547,103.13314305044531,944.2448572366771,-19.630309292418623,331.72311179107896,-88.54177755569205,237.5464304157777,563.2328542958159,99.27374966838335,375.84494913955643,673.9020094370086,235.94756263774562,439.3902736214167,717.3645986254128,296.9717615935984
2026-03-06,673.4099731445312,672.3800048828125,29.489999771118164,30.440000534057617,124.71735679351127,2158.4213743065957,-11.22025355098126,359.0369875156749,-73.93532434934295,285.71090417176595,640.8771146927915,158.7785006995812,473.005625781931,808.8851099487879,342.3957482006816,580.1981306299938,897.9569518829368,444.990949084751
2026-03-09,666.3900146484375,678.27001953125,25.5,27.850000381469727,108.70903272149752,-1600.832407201375,-78.96989929217463,-86.69859698947741,-80.14460774743563,-297.13184431325567,-324.55298345681354,-28.72635221959181,-629.1025618973397,-407.1980759605733,134.1908503112048,-767.006666706623,-338.3972045465246,217.65306473733685
2026-03-10,677.719970703125,677.1799926757812,24.93000030517578,25.540000915527344,105.89630151401661,-281.27312074809083,-3.203447587727146,325.491951072912,-82.50617905373227,262.72993482142545,573.2329930661418,107.60425435523365,411.5780554611465,701.1848578113483,262.32031172629956,484.1238829298966,757.0079938289055,338.1256801848435
2026-03-11,677.5800170898438,676.3300170898438,24.229999542236328,24.440000534057617,102.61844895140706,-327.7852562609553,78.44551019325897,236.63574297358812,-84.64216606693819,335.9764217502633,475.033547635277,14.873291676435565,475.02447806790786,592.844173962067,162.58874948005547,539.5340272633165,641.2098834216425,232.22758445555766
2026-03-12,671.1599731445312,666.0599975585938,27.290000915527344,28.979999542236328,113.02412030622082,1040.5671354813762,417.18047476009406,-76.96838611683356,-76.61734632522618,704.6544852605645,194.5850737629552,-283.0216500096601,879.8540604679804,350.0231666958253,-108.64674658311878,975.6441724384782,428.0441854499937,-14.86594709911275
2026-03-13,669.27001953125,662.2899780273438,27.190000534057617,28.0,111.82737220187914,-119.67481043416797,250.26392885401341,-85.92295187589409,-79.21658054810231,532.7332977835414,7.160162115885862,-298.4056427233203,701.5952429795866,153.76342074609005,-303.56159231098695,791.5056770657791,224.3863023626886,-217.53327577815702
2026-03-16,668.3800048828125,669.030029296875,23.510000228881836,24.329999923706055,97.16367078324038,-1466.3701418638766,-86.69900429259522,298.88271516400766,14.141973266678656,72.24028386952062,533.167116863859,270.28288773232094,215.90981808547056,646.7646043276094,406.4267790664942,283.63533461233754,692.2936281778813,467.2661171638289
2026-03-17,672.3900146484375,670.7899780273438,22.3700008392334,22.36000061035156,92.64358818549783,-452.0082597742544,29.831001845766615,273.4549067564625,-94.2671192278855,280.40541801658946,490.4324136925719,27.402705440735865,410.609840164032,586.6217477755537,148.2557073364882,467.2626663051886,620.7016648826391,197.35966701743305
2026-03-18,668.3599853515625,661.4299926757812,25.09000015258789,26.030000686645508,102.00384436015861,936.0256174660776,260.1718091952985,-92.11784794614354,-84.28070399847806,532.0345310893994,-0.3858731337121868,-316.52443897407534,687.7217045756587,128.75096173093502,-323.65945407325364,765.7900181695567,185.57114530558462,-251.55105404648222
2026-03-19,656.969970703125,659.7999877929688,24.059999465942383,24.09000015258789,97.43374785734864,-457.00965028099745,-90.0502160749273,119.34741974687986,191.00372869070375,-116.37305193878939,347.60706967129624,446.5919614516142,17.986104881073373,454.9250468214648,581.6731132627783,78.47699004249654,496.10570552807525,641.2784624473751
2026-03-20,656.510009765625,648.5700073242188,26.780000686645508,26.950000762939453,107.2273010732398,979.3553215891166,72.57362392153047,-90.54073931545653,-80.44172070237076,340.5152468150635,-180.99085784998758,-303.0514368309948,491.84291730572124,-47.71821176962201,-484.97814041357265,566.5929076692345,12.132873672988945,-403.77598243532293
2026-03-23,658.0700073242188,655.3800048828125,26.149999618530273,27.760000228881836,104.45979310869558,-276.75079645442224,181.17073110045217,149.99738610551495,-80.2576509344494,458.2462436955051,408.86656993879274,-64.20600778342626,620.4822934780168,549.3963395793538,98.08478700466806,704.5149504525568,615.054000316682,180.8000311778203
2026-03-24,651.3200073242188,653.1799926757812,26.950000762939453,28.209999084472656,107.22183800793817,276.20448992425963,-79.78137835749274,194.47316397664557,137.41851106487493,-18.03203364980812,454.54217822243055,414.6861744018135,147.43043939293477,596.4860222904082,576.1269071289599,234.2514100794613,663.3202138145126,658.2232514867735
2026-03-25,658.6699829101562,656.8200073242188,25.329999923706055,25.260000228881836,100.85671962170653,-636.5118386231643,130.03136172539163,186.0227025857295,-84.679366861322,389.0168035033166,425.35611759730006,-36.223772797672304,529.7310204538917,544.1744508531452,111.49405161441378,595.5701123104644,593.2730772042358,181.20484081604874
2026-03-26,652.0599975585938,645.0900268554688,27.440000534057617,27.049999237060547,108.25597926458408,739.9259642877553,225.99441511255625,-90.94988190594401,-82.42417091618714,497.47255666193587,-30.37080205373892,-309.9936139885042,652.8709928379382,101.88777832926766,-345.6559072961373,730.8960446940486,161.04484134543176,-269.0770966226284
2026-03-27,642.5,634.0900268554688,31.049999237060547,30.63999938964844,121.93178136307455,1367.5802098490465,133.6570303359945,-82.01932674909821,-76.60477644429201,424.9773448463951,-99.02768204472815,-288.9343062484859,605.0289138176978,59.382429410576854,-405.3655046343931,705.2978751846844,140.0111552916023,-311.2915982627719
2026-03-30,640.1099853515625,631.969970703125,30.61000061035156,30.56999969482422,119.50018684205878,-243.1594521015768,120.36739251969911,-82.49642702084722,-76.08059609147696,408.35444114702244,-112.74734005170367,-287.09255281290535,584.243464284028,44.124178875038545,-413.9903677484345,680.7266862777052,123.36630010737152,-318.65783280059634
2026-03-31,638.9400024414062,650.3400268554688,25.25,24.18000030517578,98.70940383071922,-2079.0783011339554,-91.730060051734,-102.9379694558248,-90.35936798585348,-342.2193776286332,-380.00664938746564,27.739230026002183,-712.5881306814553,-412.0593994966843,158.68914250228858,-789.7953794702361,-374.4095601415792,214.963347722054
2026-04-01,653.9000244140625,655.239990234375,24.540000915527344,23.61000061035156,96.00478716864666,-270.4616662072567,-91.91978237999942,273.00190080111224,33.74614364741253,33.12905861506825,495.7888804314176,286.09974389454567,162.25088217279085,597.5894208725061,417.3119819866789,218.66452917841403,635.1365028920567,473.7670373664867
2026-04-02,646.4199829101562,655.8300170898438,23.8700008392334,21.709999084472656,93.21166144645287,-279.31257221937926,-94.91654709420382,-112.48578094874696,-82.13661850872037,-353.8381204492215,-394.0660099386467,148.61517012588797,-717.6824448863,-312.350013710309,256.48762644540136,-669.6850826550549,-286.7416528379744,296.34982579806535
2026-04-06,655.8599853515625,658.9299926757812,24.170000076293945,23.899999618530273,93.73298268824107,52.13212417882005,-91.11816566106549,105.46078908448456,203.87585478534723,-133.058575323712,331.63798485501945,459.06589108104924,-1.608279338087668,436.8268224035904,593.5418277699099,56.667605906677366,476.5758593075405,652.5406784623203
2026-04-07,656.6500244140625,659.219970703125,25.780000686645508,27.270000457763672,99.73623562432897,600.3252936087904,-83.25540744818093,188.42173346220184,141.8017166649715,-34.34621597947578,443.34849370295433,419.88901626721884,120.49952136346745,579.323251311705,581.949253576909,198.2151097860303,641.3024657235858,664.1570847813218
2026-04-08,676.3900146484375,676.010009765625,21.040000915527344,19.15999984741211,83.83928318192187,-1589.6952442407098,-99.28640212740626,377.9600604767278,-103.53599450991916,129.67408275661646,561.056441877896,114.18091486921467,236.11226287234197,627.1737756643247,208.4451850408638,274.7043041579294,644.7798445505312,239.3926273363119
2026-04-09,674.8400268554688,679.9099731445312,19.489999771118164,16.809999465942383,78.65628151276093,-518.3001669160944,-111.03824038181111,-127.75887838587786,382.7005210407559,-399.8039893362617,24.103241448960567,589.5322959947058,-320.78405881013316,67.32814583433785,670.5592975975395,-298.6142088548515,75.5129581284616,692.6282594477274
2026-04-10,681.3200073242188,679.4600219726562,19.229999542236328,16.360000610351562,77.36394415351134,-129.23373592495864,46.93404067745666,207.1581532941547,-113.9901635835738,256.6214122377827,355.2189012439523,-73.03777323793882,340.46796755276085,396.1005098557587,-1.3755993974268166,364.23908522933357,403.54849106145116,16.619383705525138
2026-04-13,677.4099731445312,686.0999755859375,19.1200008392334,17.329999923706055,78.21802086432157,85.4076710810233,-103.91078750634969,-132.4257300193768,-21.412505574663875,-386.17549764008356,-382.2160355580128,179.97639687059532,-703.8105135840719,-333.2661132271106,258.12457435243005,-674.933988317747,-322.9626461506283,279.67584883395784
2026-04-14,687.6900024414062,694.4600219726562,18.36000061035156,16.700000762939453,78.12586914675884,-9.215171756272866,-111.70022293959471,-135.16673790178297,247.756072640556,-410.49791674685747,-126.3189085408616,459.15134032935805,-477.82329000469394,-81.15459675753931,544.1674881303608,-455.5505535300947,-72.31165157529438,568.2005366492587
2026-04-15,695.260009765625,699.9400024414062,18.170000076293945,16.010000228881836,79.46611992182571,134.02507750668633,-107.71135902277999,-133.05802496297937,380.46710008698483,-393.3800207572365,14.598408700011925,576.2913608483473,-310.62077032010575,55.21203268989721,648.5423382343884,-287.3460301314952,62.56582685007775,666.7464806830419
2026-04-16,701.0599975585938,701.6599731445312,17.940000534057617,15.460000038146973,79.23082706300849,-23.529285881721762,-111.03902271656418,291.47928362500966,-47.08289388255589,23.801461093995947,432.7953682126565,148.8380202367393,99.91810905134011,469.4774825175022,220.13971582965092,119.89332795817961,475.5797414801111,237.48714543125908
2026-04-17,706.1400146484375,710.1400146484375,17.479999542236328,14.8100004196167,81.55039541885083,231.95683558423354,-111.68155073916105,-61.12822961251434,298.05458577327886,-327.3971768254712,72.07529337085211,487.2566458603417,-254.7103691874913,104.08995698411914,552.5475913966806,-236.82962624698717,108.86418717507141,567.1165631432838
2026-04-20,708.780029296875,708.719970703125,18.8700008392334,17.790000915527344,84.81873609269712,326.83406738462963,-77.24759716448554,347.8141795624292,-101.99796820316644,139.2711390028957,524.3415113189865,92.70419086782907,233.13916416569833,585.1482269949339,190.45686977097043,264.42576749987467,600.2415993043207,222.63696512419128
2026-04-21,710.280029296875,704.0800170898438,19.5,18.68000030517578,84.62184870310412,-19.688738959300167,309.2624864891188,-118.50104372305631,-102.29835620701701,540.8386335271426,-22.07923960223932,-379.3183606821146,649.437449807745,48.37794668374327,-371.80764201114846,689.7852446479765,68.06567751449471,-337.6315539610261
2026-04-22,709.1500244140625,711.2100219726562,18.920000076293945,17.290000915527344,85.79564093553321,117.37922324290935,-103.97890422714335,151.5640622252544,114.450515282601,-106.30902269573534,321.55845306772653,326.86685497748437,-11.525719284204447,377.48061206876355,415.1166645268257,19.591002101080136,390.5193341871636,442.0495477375071
2026-04-23,709.5,708.4500122070312,19.309999465942383,18.040000915527344,85.54893457740866,-24.670635812455544,48.740081072713416,222.69409382880772,-99.03765233037129,263.33519745753296,403.04933396171765,-24.583103922129034,355.95860696758615,466.80490492597175,79.53643969233423,386.8967260373377,483.1926179175782,115.36730118890269
2026-04-24,710.75,713.9400024414062,18.709999084472656,16.709999084472656,86.11010203704532,56.1167459636664,-109.11420650899012,74.85237546757836,188.90235120457282,-195.88370847018305,237.4516131924995,403.6173214819111,-111.45528355999429,287.9447060410665,492.6048565506217,-85.97341236301041,298.7614282950447,519.1881865818257
2026-04-27,713.1699829101562,715.1699829101562,18.020000457763672,16.690000534057617,84.04805786709781,-206.20441699475123,-105.34245441002918,152.08399758389922,108.4044758445227,-107.23881357584128,315.1887341640719,315.91541576193794,-16.46791977780355,366.11931733177585,399.28155135729475,11.99326922223152,377.1516101449977,423.3872016947257
2026-04-28,711.8200073242188,711.6900024414062,17.829999923706055,16.690000534057617,81.43938724336329,-260.86706237345254,-77.497919925899,337.8577859626215,-105.70018236254592,131.0118398341684,500.47618719856393,76.76792120143253,216.45931683933443,550.9962645599883,164.7737284230989,242.4124446624012,561.8311475508782,190.9193358235426
2026-04-29,711.0,711.5800170898438,18.809999465942383,17.610000610351562,84.2537180054835,281.4330762120221,-104.01249537711871,316.9627146605602,-46.094084568035875,57.021824449420656,491.777566937743,171.96337344206395,152.81000903967507,551.306630113822,265.54893311041343,184.91931688628708,565.865522095243,295.4917817944778
2026-04-30,714.6300048828125,718.6599731445312,16.889999389648438,14.369999885559082,82.13966305463796,-211.40549508455422,-118.5775962879209,-15.397196047145576,255.22757308209484,-300.01486736311847,113.81430226164574,453.60729390455384,-237.2063529257325,143.55394805605286,524.1502648998876,-223.1138856328105,147.6939351799812,540.1380474514277
2026-05-01,721.25,720.6500244140625,16.989999771118164,14.149999618530272,83.42996899813917,129.03059435012096,-76.22437265079577,314.7273973115414,-118.62911448865711,121.91855988208457,442.5600250453815,29.67345402678665,193.27499360582934,471.67812878216415,90.1751955319029,210.1241271438333,475.7036762771851,102.77706715443759
2026-05-04,720.0700073242188,718.010009765625,18.290000915527344,16.600000381469727,85.08920954984904,165.92405517098712,93.01695681303988,170.55989871786997,-107.51087443344753,306.88473300378666,334.58459737709234,-96.65397079948407,396.81346333415195,386.14937848393265,-11.28978240130085,424.9763901081188,397.41759855325876,13.800158712372193
2026-05-05,721.77001953125,723.77001953125,17.3799991607666,14.640000343322754,85.69508506153443,60.58755116853831,-115.44059492526736,177.24280140608462,65.77288567007818,-100.99251587571595,312.7766111187458,264.4241134746815,-32.48097873349194,346.033116566816,336.53270982145654,-15.88776658755908,351.1194403431538,353.6712362644832
2026-05-06,728.1599731445312,733.8300170898438,17.389999389648438,14.760000228881836,92.03128778212941,633.6202720594983,-110.2303139532257,-143.5612355449525,302.30563160241275,-408.1181985375729,-87.08843587895495,494.8400684869227,-414.5072590180805,-51.48064803383969,563.4919269400432,-394.550551201321,-45.69064972722432,579.7337660952503
2026-05-07,735.0499877929688,731.5800170898438,17.079999923706055,14.5600004196167,89.58419736256766,-244.70904195617464,230.36401072375517,13.854455640911192,-113.76212063712396,429.581645782809,152.2695189302194,-261.5584334999153,503.9619413513059,187.2363854855708,-191.92981370091272,522.9708603617245,192.83023756376198,-175.41436420680168
2026-05-08,734.9299926757812,737.6199951171875,17.190000534057617,14.210000038146973,93.8253274055556,424.1130042987933,-114.14270141345108,90.64981796021632,148.31550565978267,-182.63680656000628,223.43115772852718,341.8006912779855,-113.2653510972153,255.17242023995848,409.89498598910495,-96.61204696032144,259.8568306455581,425.4019548163128
2026-05-11,736.4500122070312,739.2999877929688,18.3799991607666,16.889999389648438,97.28345275895735,345.8125353401755,-100.71691612574264,44.401328058186685,222.08041136857125,-204.76898254832324,218.12486892095924,431.91168869526985,-103.35149846788403,276.90275176689056,518.5023566303984,-68.54757619753704,291.18736291968577,544.9430283258095
2026-05-12,736.8900146484375,738.1799926757812,17.989999771118164,16.34000015258789,95.4097380170267,-187.37147419306552,-107.06913778943951,252.43039008996212,12.394935842233304,-13.31070349554013,418.14529579448947,226.4096979803426,75.1583458529672,470.8881021365361,315.3687539010533,102.79016522002749,482.6013017012267,342.2673312409145
2026-05-13,738.469970703125,742.3099975585938,17.8700008392334,15.869999885559082,97.85903139729986,244.92933802731613,-103.25562023112448,-63.54993651370544,318.8179421296762,-315.2431112577796,96.4211664329209,518.6461852031762,-221.9933459708697,145.21185499347115,595.6118185349229,-192.79565903607082,155.45615066550144,616.6689051922983
2026-05-14,743.6500244140625,748.1699829101562,17.260000228881836,15.140000343322754,100.7174436306541,285.8412233354244,-113.10040566080383,-54.592303273709696,310.0159645000996,-332.22797495103976,95.6896698536365,519.3217886667593,-256.77102066213814,137.86022800377003,601.9574531089424,-236.2697903215037,145.67087360750858,624.5632800305519
2026-05-15,741.7899780273438,739.1699829101562,18.43000030517578,16.3700008392334,96.59687755127047,-412.0566079383636,175.61855382326533,88.45485997177425,-104.29576544906675,386.89578033589703,256.19122587950716,-170.32586625426873,475.24795821066425,310.3834916151626,-78.65658759715758,503.00406927248224,322.6685822393081,-50.29706188530805
2026-05-18,739.8300170898438,738.6500244140625,17.81999969482422,16.860000610351562,94.29651319891212,-230.03643523583435,29.533014734462505,239.5616397454642,-103.08120470598575,245.38355909601782,413.5338070811851,-17.915370468407254,338.3417378079347,472.38854593485473,77.34389094671357,368.9194483030553,486.6338187261715,108.05137145556259
2026-05-19,734.780029296875,733.72998046875,18.059999465942383,16.639999389648438,91.30770726078003,-298.88059381320886,19.934866590369516,245.26255005372482,-103.81122105519617,232.01632524717937,414.6074632044001,-12.657760224689005,321.2453313195489,469.97983263799233,80.22538765909832,349.57091904883544,482.7470734434738,109.31558127819824
2026-05-20,735.7100219726562,741.25,17.440000534057617,15.140000343322754,94.9756988127629,366.79915519828654,-113.16158338743173,-138.97686817626501,366.9036911376405,-415.6916161828477,-16.252911040552597,573.6088840691202,-365.90916663685147,24.29911727177616,653.8325345207261,-345.89076752483953,31.58126013366587,675.2054042871755
2026-05-21,738.6400146484375,742.719970703125,16.760000228881836,14.079999923706056,94.4998165644208,-47.58822483421028,-117.7109161496393,-19.737921026338178,261.5502817190478,-303.1062111317331,112.3222410784951,461.0986323067221,-238.4799449403846,143.6132177104138,533.0760549147631,-223.55653507813804,148.15674440497,549.838887362274
2026-05-22,746.239990234375,745.6400146484375,16.700000762939453,14.06999969482422,96.44593507336376,194.6118508942959,-74.21152554088872,317.47116426788114,-116.96314513749721,127.04380095137972,451.72637541915356,34.47166229354044,201.92082736351873,484.34534507457846,98.79472229909697,220.668712388355,489.2902203410016,113.12671784375235
2026-05-26,750.010009765625,750.5900268554688,17.010000228881836,14.84000015258789,100.24635403289093,380.0418959527178,-110.15085575378515,301.8371926876948,-52.21493867175406,34.26309656647317,449.2673085116077,148.2307545246005,113.33639541049621,489.68976134052576,223.85444483806268,135.06138448754479,496.9566346740981,243.39480012503338
2026-05-27,750.8800048828125,750.4600219726562,16.290000915527344,13.270000457763672,98.76476520956929,-148.1588823321644,-62.83432927670527,292.3714599640231,-115.3209137173402,123.76972934741158,414.5463944957665,19.187264230412172,186.50318529672896,440.6871711036126,81.91441735705334,199.9940927558758,443.97284564782774,94.80191394461002
2026-05-28,750.25,754.5999755859375,15.739999771118164,12.979999542236328,101.17857138181951,241.38061722502187,-112.68090345080532,-116.6166372547128,338.72492692395,-379.4963900510651,0.7694665254792254,515.3891798702912,-313.8493210587875,24.6348701262735,569.9292651193526,-299.9126381945422,27.435920587420505,580.0448123502573
2026-05-29,755.9000244140625,756.47998046875,15.31999969482422,12.59000015258789,102.06113944711075,88.25680652912382,-118.42171840293966,292.01322050898386,-69.55038261331873,15.209876659745694,404.0130575634752,112.74998372848167,72.71205548362872,425.331798458977,169.51020963830297,83.79746668121192,427.5943661381901,179.874510721546
2026-06-01,755.3599853515625,758.5399780273438,16.049999237060547,13.760000228881836,104.39742062965124,233.6281182540489,-109.10145973961642,-1.7277539552015697,235.06484914318298,-260.1246724799274,130.46659905492922,418.45194513327556,-184.5911868028865,161.9582362599124,479.75979590709056,-165.85106833892277,166.60521970063752,492.930298627183
2026-06-02,757.030029296875,759.5700073242188,15.770000457763672,13.1899995803833,104.77898965045313,38.15690208018907,-114.76921749183441,89.6576903719687,139.82926659292934,-181.26685321778285,212.33414740681516,325.0023698901333,-115.99126274066897,238.75192460610205,385.7616214813428,-101.65348126362198,242.11030963957896,398.0890425997701
2026-06-03,758.1500244140625,754.239990234375,16.059999465942383,13.40999984741211,100.51595569056327,-426.3033959889853,263.48080492700024,-26.85635533342643,-117.74669949246325,458.97743099763113,99.98011232944995,-308.9255398841719,528.3653407185449,128.55425334179864,-247.59461912728773,544.439322125232,132.43661615672016,-234.7815124583069
2026-06-04,752.0999755859375,757.0900268554688,15.399999618530272,12.649999618530272,101.91785246864302,140.18967780797453,-115.54738793314493,-159.98531194127744,370.61216127921057,-428.7835440658942,-56.94713297472911,547.832370168512,-377.2895703954044,-35.57776827689943,601.658493410561,-365.35791595328277,-33.295850330909026,611.2301369948798
2026-06-05,752.3099975585938,737.5499877929688,21.510000228881836,23.920000076293945,98.67378568945009,-324.40667791929343,-80.87085988665203,-89.24288688781311,-82.04079806579793,-248.98799390299794,-333.4387141663275,-308.5085774691113,-87.18038336237016,-641.3807406981736,-651.5787702094291,-3.7618367572493683,-578.4474956193492,-1018.3456220212682
2026-06-08,743.3599853515625,739.219970703125,18.920000076293945,19.690000534057617,93.26257857633541,-541.1207113114671,285.29479291318256,13.799103630030254,-96.10104010409978,531.9481514866158,224.75067763091195,-235.91822054294235,657.5244831900241,315.18775213547235,-119.96112712135735,710.4604908314252,345.7696032595839,-74.37918923009087
2026-06-09,743.6300048828125,737.0499877929688,19.8700008392334,22.13999938964844,93.64954963037643,38.69710540410125,216.3400762377744,-96.92240538109226,-85.30379120252613,473.5634030320934,-54.849808165170465,-320.42763008614554,612.1637611341291,61.572085126621424,-369.5617279923884,676.2127128796166,108.96574810649254,-301.34863632879996
2026-06-10,733.3900146484375,725.4299926757812,22.219999313354492,25.670000076293945,92.0626697686898,-158.68798616866258,164.96052727064912,-85.5341813935656,-79.31618178923722,449.1985966606517,-77.46529974393931,-298.7179247944401,620.1827678816343,70.30520803442604,-390.0318465509099,711.911733107909,141.9065758493126,-304.0223239601405
2026-06-11,728.760009765625,737.760009765625,19.440000534057617,20.65999984741211,92.773207031101,71.05372624111936,-94.01745930500633,-105.4012761485229,32.707797324009015,-350.1377982422522,-264.15349671627735,282.37572443589045,-602.8003347795232,-167.8046323931188,410.3670964935492,-550.7989458662595,-133.72357630497655,464.2245356541387
2026-06-12,740.7100219726562,741.75,17.68000030517578,17.260000228881836,91.89331801255403,-87.98890185469617,-104.81856120090109,302.40997586957224,-25.753161367955023,37.84128872771786,482.20694673203997,199.95241677091613,133.0371948127844,545.5623989299578,300.7860241773566,165.26512419606635,561.7949415589972,334.8924489148715
2026-06-15,751.8499755859375,754.8300170898438,16.200000762939453,15.579999923706056,99.5293605876202,763.604257506617,-108.94801621174858,84.14903042928862,176.15206326790903,-184.71581586968037,243.46082547649493,386.89126854974415,-100.79233499164692,291.68320067110966,472.2483090963145,-75.8583682394992,301.6519270485071,496.9212787749656
2026-06-16,754.5499877929688,750.3300170898438,16.40999984741211,15.770000457763672,95.90966861812595,-361.9691969494255,356.4377455319725,-97.78251396304435,-103.32731003883603,560.7036254282227,65.50412512883062,-351.8295669206453,642.8209994594172,116.45026210631605,-259.6888358039527,667.2639678744678,127.42172816232804,-231.5845749813436
2026-06-17,751.2899780273438,740.9600219726562,18.440000534057617,18.6299991607666,91.83834196485044,-407.13266532755057,-95.61903419954413,-112.79396236161185,-98.81608819785336,139.7693258422606,-412.0643295588583,-367.3279541027366,257.1229961507219,-334.9938730603249,-758.7281081253012,303.8499632242455,-309.76998957718183,-722.4001705128504
2026-06-18,747.760009765625,746.739990234375,16.399999618530273,13.93000030517578,92.65976528730833,82.14233224578891,9.784229737156005,226.36624138845426,-111.84231497113154,199.2517624114782,358.63311510470726,-40.91671802901653,265.81605863699855,390.06000333269026,29.374093029433258,281.430524673769,394.64823690040737,45.58959933899789
2026-06-22,747.7000122070312,744.3900146484375,17.280000686645508,16.290000915527344,91.5120495242835,-114.77157630248342,253.09434347811182,10.857404700506004,-103.39000014455488,463.33812536795017,179.37787029633475,-245.4252963806166,550.9403387887401,234.12895124960542,-152.0039828791605,578.398455209214,246.63201257602267,-122.73692950103856
2026-06-23,733.8099975585938,733.5800170898438,19.489999771118164,19.469999313354492,87.56529313140213,-394.6756392881369,-55.14282319684762,347.32344362203764,-94.7836572382972,181.0267789729675,552.6791243706849,104.13349705267086,295.76195468097467,637.8424372094304,222.19695339114585,341.3059738960335,665.2853885072653,268.6063126431797
2026-06-24,735.1699829101562,733.239990234375,18.6299991607666,18.06999969482422,85.36350324923472,-220.17898821674038,76.63516376835096,205.6021833522049,-101.56705718849716,306.83111072689144,394.2311908460407,-52.95027500099574,414.18768076281884,464.8417366398778,48.06983814459176,453.8424762764732,484.58941232755683,83.10441237474605
2026-06-25,738.9099731445312,734.2999877929688,18.88999938964844,17.920000076293945,86.41527136140503,105.17681121703077,368.71388381467756,-88.76343333852682,-100.08192901614913,594.6131118827847,99.0638056832349,-342.2466447810195,697.992596134913,168.96175132499846,-238.43701251463952,735.3448109402598,188.32362882174507,-201.9507980513816
2026-06-26,728.9500122070312,728.989990234375,18.40999984741211,16.799999237060547,81.61323480086402,-480.2036560541012,-104.62670531036943,371.40665900551926,-105.08668674991989,110.52137249977639,541.0586435125235,109.40257473582483,202.32578537942416,596.6893238028948,200.14378657545,231.9386448990266,609.5829640151635,228.2436913206396
2026-06-29,736.530029296875,741.0,17.649999618530273,15.510000228881836,88.2839399423836,667.0705141519577,-113.35169221265639,-35.686589417237634,294.9263826781905,-315.6235797161273,118.16022919283319,508.58463267914715,-239.76934557995267,162.63318110755662,595.1630833127762,-218.81852463668744,171.21904726728943,619.7702619124361
2026-06-30,741.2899780273438,746.77001953125,16.450000762939453,13.729999542236328,90.92543112423564,264.14911818520466,-110.74558221701986,-150.59244712818904,303.6800506316634,-411.8303226731183,-100.2917082799801,485.6162849672891,-417.12394995616074,-71.44776727226373,545.1693221713451,-400.22589468491725,-67.48909619945913,557.4395812878805
2026-07-01,745.0,745.760009765625,16.59000015258789,13.140000343322754,90.12923430962893,-79.61968146067164,-115.9782578186306,267.93887179363014,-41.678494469703175,-4.58983348184889,386.17970886068383,141.70462752643863,57.7696509539204,410.41238339997716,200.45295850645832,70.8054928390309,413.27936174871246,211.8418654387053
2026-07-02,747.4000244140625,744.780029296875,16.149999618530273,12.369999885559082,88.58160271518263,-154.7631594446301,110.2505963328184,114.34936482505512,-126.08312982350719,302.22368675791233,220.8249137211901,-182.11072740402196,364.14497161565583,239.82104174071412,-135.70597078848047,375.91625606330246,241.67153431786417,-128.3841144223681
2026-07-06,748.739990234375,751.280029296875,15.56999969482422,12.31999969482422,92.86346495642556,428.18622412429335,-122.0225505881846,107.66235954453228,111.7316480856452,-176.26238186813464,212.99253414828527,294.6499564497994,-124.71090716223758,231.40865168795716,350.15094559791413,-115.72834964159392,233.130940938216,359.6684110847727
2026-07-07,750.219970703125,747.7100219726562,16.1299991607666,13.420000076293944,90.26292486981474,-260.05400866108204,116.9981507786172,118.88694886963086,-119.10408262634712,313.04790124159695,243.62668345329757,-166.16824709013045,382.30040638979096,271.12532058286314,-107.05614679917679,398.117176324515,274.75019143834413,-95.09297810315857
2026-07-08,743.1599731445312,745.4000244140625,16.899999618530273,14.40999984741211,89.1397793499996,-112.31455198151394,-110.34260279820992,115.9742332186095,125.06176675405845,-148.59209683821214,254.62634795483044,317.0104269681847,-72.41417219666647,289.7512809103449,385.13277973143477,-52.71569874424282,295.3994435789198,401.12705173459574
2026-07-09,747.3499755859375,751.7100219726562,15.84000015258789,12.5,93.10531626603998,396.5536916040378,-112.31092411530385,-133.27682068228805,346.1863535427756,-391.730838581745,-24.71949437534422,514.8052876676446,-329.41796762801965,-4.843654034628228,563.0582889819184,-317.32750753765583,-2.8351080735730094,570.954035099732
2026-07-10,752.0499877929688,754.9500122070312,15.029999732971191,11.149999618530272,95.11994891493477,201.46326488947892,-119.48983878478573,26.521983934017236,170.56013263864642,-242.35361789980792,112.07297928365952,333.7879119277177,-196.6704623119749,123.31499552369144,374.35247993835225,-190.39050932231865,124.01172377251672,379.334446109667
2026-07-13,752.469970703125,749.1699829101562,17.15999984741211,15.443999862670898,91.79132095737043,-332.8627957564336,179.42103983265233,83.44069579633063,-112.78985137257288,397.50011190608575,241.47129761449796,-197.37277127118776,489.6228160168796,288.9267539929859,-121.7185766951544,518.063249406826,298.6730508616458,-101.35029034222215
