Date,Open,Close,vix,vix9d,straddle_mark,straddle_pnl,ratio_m1_f2,ratio_m1_f4,ratio_m1_f6,ratio_m2_f2,ratio_m2_f4,ratio_m2_f6,ratio_m3_f2,ratio_m3_f4,ratio_m3_f6
2016-01-04,200.4900054931641,201.02000427246097,20.700000762939453,21.93000030517578,33.174077085392895,-2.6,156.18277725099526,154.41215101383224,154.40142617748518,36.114282462872524,35.94397466012297,35.94352244462962,-0.32653354825250247,-0.33725838459958535,-0.33727153686573796
2016-01-05,201.3999938964844,201.36000061035156,19.34000015258789,19.3700008392334,31.151593166473873,-202.2483918919022,117.06932438195389,115.67895158151745,115.67440017363185,19.41960278208149,19.317632369102164,19.317508166640046,-1.1055939651965532,-1.1101453730821702,-1.110147443164864
2016-01-06,198.33999633789065,198.82000732421875,20.59000015258789,20.600000381469727,32.407217368997365,125.56242025234923,129.94013701185378,128.02188178868641,128.0126094008654,24.375321634774288,24.207975259258298,24.207645658793957,-0.03564973727787901,-0.044922125098906474,-0.04492967502237821
2016-01-07,195.3300018310547,194.0500030517578,24.989999771118164,26.190000534057617,38.27977373791151,587.2556368914147,217.04409243286497,209.07082430223755,208.77498578016784,66.3411268043124,64.1867399253896,64.15728921581668,12.940559470364745,12.644720948295012,12.642557016382275
2016-01-08,195.19000244140625,191.9199981689453,27.010000228881836,27.979999542236328,41.04504025016848,276.52665122569715,31.665710659191298,20.55407570711415,20.160843122898754,82.51823843283708,80.12624952087324,80.07574137858751,19.524298835585157,19.131066251369738,19.123986352544357
2016-01-11,193.0099945068359,192.11000061035156,24.299999237060547,24.209999084472656,36.81874344836004,-422.6296801808445,174.84134351378287,170.3600987591369,170.30502873943013,44.003414855093204,43.40451259173605,43.400996747972336,5.228190641640801,5.173120621934036,5.172957842539841
2016-01-12,193.82000732421875,193.66000366210935,22.469999313354492,22.299999237060547,34.16559406949318,-265.3149378866857,146.03163424759603,143.40179364941503,143.38579681905182,30.777143959893657,30.51996269324337,30.51759533305698,1.4079299723973095,1.3919331420341248,1.3918470828882983
2016-01-13,194.4499969482422,188.8300018310547,25.219999313354492,25.56999969482422,37.8811843789058,371.5590309412619,-588.7932986097462,-581.5716772158418,-581.7890091953373,-353.0761469289351,-354.8009087636869,-354.8206320929375,-17.687288870141106,-17.904620849636586,-17.90593759609243
2016-01-14,189.5500030517578,191.92999267578125,23.950000762939453,24.6299991607666,36.12964659028482,-175.1537788620979,46.35232606247574,39.37909199022937,39.275010263617965,64.62098040884295,63.594945671574216,63.587563761108534,10.359839810207536,10.255758083596145,10.255382971207114
2016-01-15,186.77000427246097,187.80999755859375,27.020000457763672,29.600000381469727,40.406121934467194,427.6475344182373,259.4279651827429,242.76643451998146,242.03365210342153,87.41138588574697,83.47666331801452,83.32582018589206,31.670899829258218,30.93811741269829,30.92171609686101
2016-01-19,189.9600067138672,188.05999755859375,26.049999237060547,30.43000030517578,38.7796677371302,-162.64541973369973,277.85869721313696,263.9401260381943,262.75877008229514,99.99919431504601,96.65378930636594,96.3885697302705,27.587991943719267,26.406635987820096,26.371376694652874
2016-01-20,185.02999877929688,185.6499938964844,27.59000015258789,32.849998474121094,40.93879781604191,215.91300789117156,307.9363551859574,291.10668400270504,288.72058807955534,123.54172226167549,113.77798374785702,113.30917689220935,37.14541313995487,34.7593172168052,34.68448991685117
2016-01-21,186.2100067138672,186.69000244140625,26.690000534057617,29.989999771118164,39.58566457406047,-135.3133241981439,264.73639119145616,247.50218533283942,246.77727617551142,90.76589621949506,86.76362562051726,86.56988406236782,32.81606438710809,32.091155229780114,32.06704365766523
2016-01-22,189.77999877929688,190.52000427246097,22.34000015258789,22.59000015258789,33.2600383271823,-632.5626246878173,145.4449652480015,141.06556183187925,141.02729236192027,29.95059875886762,29.44643504175334,29.444492622768983,4.973815626282327,4.93554615632336,4.935479387508037
2016-01-25,189.9199981689453,187.63999938964844,24.149999618530273,26.040000915527344,35.70188088057242,244.1842553390117,126.86705817806262,120.67467149225828,120.42147299580064,55.860031226546774,54.87653475768372,54.84263134335324,9.2514801031435,8.998281606685879,8.995916161173456
2016-01-26,188.4199981689453,190.1999969482422,22.5,24.25,33.30094442303789,-240.09364575345273,182.72893493219644,176.60879682148553,176.5336784784148,59.48524660569763,58.656715639842034,58.65212173388722,8.56622761332656,8.491109270255796,8.490911406211854
2016-01-27,189.5800018310547,188.1300048828125,23.11000061035156,24.510000228881836,34.10019258954773,79.9248166509841,230.3527815373474,223.54488171014563,223.44561534658527,63.582721439919005,62.5922865329327,62.585332282710546,10.014645715431255,9.915379351870907,9.915030762687607
2016-01-28,189.9600067138672,189.11000061035156,22.420000076293945,23.399999618530273,33.06178760715201,-103.84049823957184,155.5659788616217,152.41121404459003,152.33782984280384,35.04345174850532,34.69194878149525,34.6858752497841,2.6304265673773646,2.5570423655911974,2.5567944031381495
2016-01-29,190.02000427246097,193.72000122070312,20.200000762939453,19.3700008392334,30.017415969457147,-304.4371637694866,-247.40154942888304,-248.11714341373076,-248.1195154385952,12.145265775739327,12.11030848439203,12.110183270687466,-2.4616915329565474,-2.4640635578209644,-2.4640650320301845
2016-02-01,192.52999877929688,193.6499938964844,19.979999542236328,19.68000030517578,29.557706122650927,-45.970984680621996,151.65853780829966,149.9152649897233,149.91102465484087,26.498743225727907,26.384499743285623,26.38440801215443,-0.40072976748641675,-0.4049701023688592,-0.4049712992271175
2016-02-02,191.9600067138672,190.16000366210935,21.979999542236328,22.190000534057617,32.22389686653841,266.61907438874834,140.4244065186483,138.06215233215153,138.04890495209764,28.475846405443,28.254690926425525,28.25252037072611,0.8645130719534855,0.8512656918996138,0.8511782005018986
2016-02-03,191.41000366210935,191.3000030517578,21.649999618530273,22.350000381469727,31.74699941084448,-47.68974556939298,147.73869129776497,143.6632168054293,143.63378594600002,45.79831615919726,45.362322561716795,45.36104832480397,4.3393516387781865,4.309920779348895,4.309884097472036
2016-02-04,190.7100067138672,191.6000061035156,21.84000015258789,21.75,31.99587230882051,24.88728979760282,134.7205698917564,131.25066851853373,131.22846787874727,25.538633151298185,25.190742676163794,25.18982515931384,3.106479571469552,3.08427893168306,3.084253968796115
2016-02-05,190.9900054931641,187.9499969482422,23.3799991607666,22.959999084472656,34.07578733084202,207.99150220215097,-59.38093449210975,-62.29966696588168,-62.32099236779064,32.870681651435724,32.56470574573003,32.559856359097864,2.001997478193048,1.9806720762840824,1.980486727714947
2016-02-08,185.77000427246097,185.4199981689453,26.0,26.399999618530273,37.6895044575875,361.37171267454846,199.553394647582,190.15191998083827,189.9411364920233,78.51188679454731,76.86709213872327,76.83829751388075,15.540856002182133,15.330072513367154,15.328235644259744
2016-02-09,183.36000061035156,185.42999267578125,26.540000915527344,26.84000015258789,38.39658952676541,70.70850691779071,171.4939047721043,162.21984348629613,162.03300128156158,78.2073208698854,76.6525134631541,76.61081369582814,15.22132567858426,15.034483473849688,15.03026738448166
2016-02-10,186.41000366210935,185.27000427246097,26.290000915527344,25.530000686645508,37.998843832533,-39.774569423241246,241.17505120314183,233.45068466233002,233.32487573066146,69.25711934740553,68.0650016444213,68.05560314645402,11.93166211614449,11.80585318447597,11.804022696409152
2016-02-11,182.33999633789065,182.86000061035156,28.13999938964844,27.36000061035156,40.61944612034047,262.0602287807472,264.3881146458938,254.65187683925862,254.20238472185875,82.07822035727347,80.34210698302695,80.29242872825071,16.93710487856302,16.48761276116312,16.482242164781077
2016-02-12,184.9600067138672,186.6300048828125,25.399999618530273,22.709999084472656,36.616379202831524,-400.3066917508946,135.70264539106915,133.6104726049806,133.56291304148593,27.001755402080164,26.327175101007846,26.32504892986713,0.4272115559607279,0.37965199246607284,0.37958957835445695
2016-02-16,188.77000427246097,189.77999877929688,24.11000061035156,21.809999465942383,34.611864140599536,-200.4515062231988,131.6616444506353,128.2955547801309,128.27454852232003,24.33266743312798,23.999324218316836,23.998468306635367,2.8952865609725977,2.874280303161709,2.874250825697314
2016-02-17,191.16000366210935,192.8800048828125,22.309999465942383,20.270000457763672,32.15730801684455,-245.45561237549833,111.51061670420127,110.34285300358154,110.33713299591756,17.366811058219305,17.217588754983638,17.217468630358553,-1.547308203615764,-1.553028211279742,-1.5530296678988584
2016-02-18,193.1999969482422,192.08999633789065,21.63999938964844,19.530000686645508,31.09456561570923,-106.27424011353241,104.4579894760614,103.50940829839769,103.50591510650416,14.838095366411723,14.782263352776214,14.782201994478802,-1.992356233792734,-1.9958494256862482,-1.9958500374044297
2016-02-19,191.1699981689453,192.0,20.530000686645508,18.219999313354492,29.457099130246846,-163.7466485462383,83.81622339510102,83.36593359221959,83.36522459147399,8.334370883075197,8.297288626063837,8.297282201162936,-2.997293302125495,-2.9980023028711016,-2.9980023328260907
2016-02-22,193.8699951171875,194.77999877929688,19.3799991607666,18.38999938964844,27.900984201512827,-155.61149287340186,88.69884438596095,88.17518628321102,88.17476976460826,9.620828081168598,9.600127289151903,9.600122819145746,-2.851433257936892,-2.8518497765396664,-2.851850103453347
2016-02-23,194.0,192.32000732421875,20.979999542236328,20.690000534057617,29.93796249378869,203.69782922758617,121.16525824287761,119.66400626919193,119.65908210789175,20.78279557939686,20.67196017711928,20.67182479035298,-0.8827164165605543,-0.8876405778607253,-0.8876429594300146
2016-02-24,190.6300048828125,193.1999969482422,20.719999313354492,20.719999313354492,29.581948533420245,-35.601396036844335,80.16722356841302,77.74240061848715,77.73287672253882,32.65100385942126,32.45512237020679,32.45483730855521,0.9782337058506627,0.968709809902351,0.9687044376676175
2016-02-25,193.72999572753903,195.5399932861328,19.11000061035156,17.790000915527344,27.472943007270715,-210.90055261495309,81.78277142349891,81.39914843041721,81.39828006790734,7.582035537623783,7.54404209316527,7.5440316033073795,-3.13014872447126,-3.1310170869811422,-3.131017154259296
2016-02-26,196.57000732421875,195.08999633789065,19.809999465942383,18.559999465942383,28.37418280272641,90.12397954556945,98.74254481468533,97.43869623887672,97.43653028280147,12.471705022866301,12.399701151035233,12.399664619742799,-1.2858039141464874,-1.2879698702217386,-1.287970225552062
2016-02-29,195.11000061035156,193.55999755859375,20.549999237060547,20.36000061035156,29.141742377093166,76.75595743667571,118.44939263015638,117.03735969422367,117.03288347728736,19.814282830517662,19.71208154032729,19.71195997330502,-1.062499199331676,-1.066975416267991,-1.0669775087617235
2016-03-01,195.0099945068359,198.11000061035156,17.700000762939453,17.040000915527344,25.646145983051753,-349.55963940414136,-149.69597702770096,-149.95587259942147,-149.95596356533898,5.1451082029073305,5.138081244705386,5.138080654621103,-3.3799359528827058,-3.3800269188002297,-3.3800269207747973
2016-03-02,197.7400054931641,199.0,17.09000015258789,15.779999732971191,24.916805240641878,-72.93407424098746,60.86432895455528,60.73502680121907,60.735013473752,2.3867757167119157,2.3846734751020424,2.38467343995836,-3.6413557107954597,-3.641369038262524,-3.6413690383061605
2016-03-03,198.7899932861328,199.77999877929688,16.700000762939453,15.90999984741211,24.497422760043733,-41.9382480598145,62.95168721767782,62.80296184448526,62.802942056992784,2.8566678415671003,2.853983417402506,2.853983353741766,-3.602489890840304,-3.602509678332789,-3.602509678431828
2016-03-04,200.0099945068359,200.42999267578125,16.860000610351562,15.859999656677246,24.83256557264903,33.5142812605298,62.80260378830001,62.64753932400529,62.64751217259771,2.894020170614384,2.8909422934912614,2.8909421818214627,-3.589789616528757,-3.5898167679363273,-3.589816768156026
2016-03-07,199.33999633789065,200.58999633789065,17.350000381469727,17.65999984741211,25.42773291958416,59.516734693512774,88.72643876321922,88.16936061686191,88.16878142077142,9.812556308820206,9.78809689220272,9.788089469677308,-2.7841059650110545,-2.7846851611015415,-2.7846852124354347
2016-03-08,199.32000732421875,198.3999938964844,18.670000076293945,19.170000076293945,26.761905336055747,133.41724164715885,109.63597371902415,108.513382502107,108.51056769824213,16.68899378693534,16.61601714663346,16.61595213223905,-1.6463704512708537,-1.6491852551357362,-1.6491861561988101
2016-03-09,199.36000061035156,199.3800048828125,18.34000015258789,18.790000915527344,26.447868198848155,-31.403713720759185,104.90628698942152,103.93065923228099,103.92859775405748,15.048955888758575,14.990168767474037,14.990126473178885,-1.9425585293150007,-1.9446200075385123,-1.9446205147685212
2016-03-10,199.9600067138672,199.5399932861328,18.049999237060547,17.65999984741211,26.033724911680935,-41.41432871672208,86.11993660362813,85.64081565381947,85.64045669344239,8.895049215040062,8.876736887868747,8.876733125341064,-2.940681153215724,-2.9410401135928064,-2.9410401356045743
2016-03-11,201.2599945068359,202.7599945068359,16.5,15.199999809265137,24.678650838879037,-135.5074072801898,58.035810362116194,57.91449001873425,57.91447311939511,1.941504675804147,1.9393298772272107,1.939329820201352,-3.657308614969172,-3.6573255143083196,-3.657325514391482
2016-03-14,202.16000366210935,202.5,16.920000076293945,15.989999771118164,25.045801182499062,36.71503436200254,67.41466709049432,67.20753626151684,67.2074784748382,3.9981728169958517,3.9931303553339017,3.993130037276302,-3.485564979479343,-3.4856227661579773,-3.4856227670012414
2016-03-15,201.36000061035156,202.1699981689453,16.84000015258789,16.459999084472656,24.800742718782132,-24.505846371692996,75.46790805057256,75.15030339275313,75.15014515563402,6.0645454060383415,6.054472572149573,6.054471343584648,-3.2643159589279866,-3.2644741960470887,-3.2644742007390257
2016-03-16,201.6000061035156,203.33999633789065,14.989999771118164,14.06999969482422,22.63450976266074,-216.6232956121391,46.56533569482846,46.52197682780058,46.521976095224694,-0.3481580101438406,-0.34848683533389346,-0.3484868358300499,-3.8132800682163364,-3.81328080079221,-3.813280800792304
2016-03-17,203.2400054931641,204.6300048828125,14.4399995803833,13.050000190734863,22.331461720129226,-30.304804253151474,35.622963695231924,35.604458623791196,35.60445843566188,-1.7914607259820232,-1.791564957551632,-1.7915649576597383,-3.86298929273054,-3.862989480859854,-3.862989480859874
2016-03-18,204.1699981689453,204.3800048828125,14.020000457763672,12.470000267028809,21.65675160868706,-67.47101114421667,29.748234298705448,29.739313043015272,29.73931301041703,-2.46449048913268,-2.464522191934785,-2.4645221919444706,-3.8821573908249167,-3.88215742342316,-3.882157423423161
2016-03-21,204.07000732421875,204.6699981689453,13.789999961853027,12.770000457763672,21.361310291741198,-29.544131694586184,31.86069356744803,31.84934955826852,31.84934950148716,-2.2530317398996234,-2.253077654658751,-2.2530776546807765,-3.877311811296894,-3.877311868078251,-3.8773118680782535
2016-03-22,203.7599945068359,204.55999755859375,14.170000076293944,13.140000343322754,21.767812570356746,40.65022786155481,36.07940251058858,36.062976793230476,36.06297670866724,-1.8102301345802787,-1.8103011413789631,-1.8103011414103722,-3.867148311594078,-3.8671483961573125,-3.8671483961573165
2016-03-23,204.11000061035156,203.2100067138672,14.9399995803833,13.359999656677246,22.252731881928966,48.49193115722201,38.094042544323955,38.07066075608228,38.070660426018534,-1.4891685775450818,-1.4893189996582743,-1.489318999909969,-3.853235433325216,-3.853235763388964,-3.85323576338903
2016-03-24,202.0,203.1199951171875,14.739999771118164,12.350000381469728,21.922122467524787,-33.060941440417935,26.471406851127682,26.466195054807265,26.46619504670668,-2.7956868840125777,-2.795699382287542,-2.7956993822890377,-3.8895763830574057,-3.889576391157993,-3.889576391157993
2016-03-28,203.61000061035156,203.2400054931641,15.239999771118164,14.06999969482422,22.45684365927133,53.47211917465415,47.93181873245523,47.882871996772764,47.88287163780144,-0.11921621119291759,-0.11933898226000306,-0.11933898266696907,-3.8021054517205926,-3.802105810691905,-3.8021058106920824
2016-03-29,202.7599945068359,205.1199951171875,13.81999969482422,12.170000076293944,21.2787106897591,-117.81329695122267,2.1747301722187444,2.170375876245176,2.170375873257205,-2.8499736236978928,-2.8499813564634353,-2.8499813564637346,-3.8912913990889453,-3.8912914020769183,-3.8912914020769183
2016-03-30,206.3000030517578,206.02000427246097,13.5600004196167,11.869999885559082,21.292515612323065,1.3804922563963373,26.953171504157815,26.947113819366336,26.947113819122286,-2.7300338685461956,-2.730034828116792,-2.7300348281168088,-3.8878846296848826,-3.8878846299289385,-3.8878846299289385
2016-03-31,205.91000366210935,205.52000427246097,13.949999809265137,12.25,21.52641258944103,23.389697711796487,27.75903493263055,27.753006538023456,27.7530065282592,-2.6897306916082484,-2.6897456135806124,-2.6897456135824918,-3.8879431814930436,-3.8879431912573015,-3.8879431912573015
2016-04-01,204.3500061035156,206.9199981689453,13.100000381469728,10.920000076293944,21.067370379147775,-45.9042210293255,-165.17186794369934,-165.17323959723026,-165.17323959723228,-3.3528031395343154,-3.352803173769683,-3.352803173769683,-3.8972566929320664,-3.897256692934081,-3.897256692934081
2016-04-04,206.8300018310547,206.25,14.119999885559082,12.5,21.8856058959964,81.8235516848624,31.03384633969344,31.024695674787353,31.024695658570216,-2.376138304349945,-2.376166414622657,-2.376166414627642,-3.881698621536428,-3.8816986377535625,-3.881698637753563
2016-04-05,204.6699981689453,204.19000244140625,15.420000076293944,13.960000038146973,22.68104072847514,79.54348324787404,46.572967080526354,46.528363541464316,46.528363154708416,-0.32546646242965815,-0.3255958938712107,-0.32559589431236624,-3.810791761607657,-3.8107921483635594,-3.8107921483637504
2016-04-06,204.19000244140625,206.4199981689453,14.09000015258789,12.5600004196167,21.84423144398835,-83.68092844867903,-53.18321411203448,-53.19353246715825,-53.193532513387105,-2.3514132704067956,-2.351453502750208,-2.351453502765807,-3.8793631510658875,-3.879363197294738,-3.8793631972947393
2016-04-07,205.13999938964844,203.9499969482422,16.15999984741211,15.199999809265137,23.46244343391072,161.8211989922372,60.20090826212367,60.06478833793631,60.06476683156107,2.366350102013474,2.36377778571332,2.363777704420639,-3.627695632081837,-3.627717138457066,-3.627717138596312
2016-04-08,205.33999633789065,204.5,15.359999656677246,13.59000015258789,22.589145821694345,-87.32976122163763,44.22333578699209,44.214060206691364,44.21406013270842,-0.5663138737447202,-0.5663595701136988,-0.5663595701577897,-3.8814486174496805,-3.8814486914326265,-3.881448691432637
2016-04-11,205.25,204.02000427246097,16.260000228881836,15.59000015258789,23.440142312062918,85.09964903685727,66.42732739030103,66.22849162449621,66.22848457998299,3.78848845221815,3.7837219435327976,3.7837219234953325,-3.5023073347663543,-3.5023143792795848,-3.502314379307694
2016-04-12,204.22000122070312,205.9199981689453,14.850000381469728,13.710000038146973,22.32477089707846,-111.53714149844589,42.94527505621895,42.90693761819265,42.90693652379021,-0.7787047867470349,-0.779044663243524,-0.7790446645230844,-3.823321840740054,-3.823322935142499,-3.8233229351425075
2016-04-13,207.0,208.0,13.84000015258789,12.449999809265137,21.99261984518111,-33.21510518973483,30.261966762874764,30.253020844420682,30.2530208147951,-2.4328242927013957,-2.432854450090357,-2.432854450099317,-3.882108074215084,-3.8821081038406646,-3.8821081038406655
2016-04-14,208.07000732421875,208.0099945068359,13.720000267028809,12.31999969482422,21.82080901299208,-17.181083218903126,29.847664607046447,29.838942703976898,29.8389426741872,-2.4661054114134418,-2.4661352341935636,-2.466135234193775,-3.882556104491812,-3.882556134281504,-3.882556134281504
2016-04-15,208.0099945068359,207.77999877929688,13.619999885559082,12.199999809265137,21.55777410724601,-26.30349057460677,28.444782439829673,28.43778533007663,28.43778531357672,-2.6124912382750978,-2.6125115054900845,-2.6125115054940498,-3.88600573099418,-3.8860057474940946,-3.8860057474940946
2016-04-18,207.77999877929688,209.2400054931641,13.350000381469728,12.859999656677246,21.869631957233032,31.185784998702104,35.62368504158044,35.60794070117273,35.607940652532626,-1.8622126814815654,-1.8622447177056394,-1.8622447177293413,-3.868511173264274,-3.8685112219043742,-3.8685112219043782
2016-04-19,209.7400054931641,209.8999938964844,13.239999771118164,12.859999656677246,22.064468995760933,19.483703852790057,37.26033075131152,37.25292761300841,37.25292755295173,-1.6626047723530721,-1.6626413772070072,-1.6626413772394901,-3.885193543223723,-3.885193603280406,-3.885193603280412
2016-04-20,209.9499969482422,210.1000061035156,13.279999732971191,12.800000190734863,22.178645279723916,11.41762839629834,35.59748759475861,35.58065824024203,35.58065813333415,-1.8369648399480694,-1.8370472240231326,-1.8370472240241433,-3.866340970243194,-3.866341077151079,-3.866341077151079
2016-04-21,210.1199951171875,208.97000122070312,13.949999809265137,13.18000030517578,22.279430849326346,10.078556960242935,40.36940034663263,40.34001056927611,40.340010517026464,-1.174930980584989,-1.1749736344209682,-1.1749736344399988,-3.8412202885380067,-3.841220340787659,-3.841220340787661
2016-04-22,208.5500030517578,208.97000122070312,13.220000267028809,11.93000030517578,21.436336742888557,-84.3094106437789,10.972143556987026,10.970830877520235,10.970830876421692,-3.51117542443693,-3.511177724778965,-3.51117772477911,-3.8973746377707896,-3.897374638869331,-3.897374638869331
2016-04-25,208.2599945068359,208.61000061035156,14.079999923706056,13.619999885559082,22.088745215636777,65.24084727482204,45.40778642347743,45.395361322443755,45.39536119702365,-0.38310929378118885,-0.38317886763548614,-0.3831788677170902,-3.875149421672255,-3.875149547092359,-3.8751495470923807
2016-04-26,209.0399932861328,208.9199981689453,13.960000038146973,13.5,22.068427675598677,-2.0317540038099935,42.71469731454424,42.67889339885016,42.67889253767778,-0.8464482219710798,-0.846740786271611,-0.8467407862936174,-3.8283895850946754,-3.82839044626705,-3.828390446267056
2016-04-27,208.47000122070312,209.3500061035156,13.770000457763672,12.8100004196167,22.038812078927286,-2.961559667139113,16.472629609315135,16.468118035359794,16.468118017990967,-3.1217750258982693,-3.121790710113343,-3.1217907101198508,-3.890976799982833,-3.890976817351662,-3.890976817351663
2016-04-28,208.4600067138672,207.4499969482422,15.220000267028809,14.550000190734863,22.73464280906557,69.58307301382831,30.325545719929167,30.292072523553628,30.29207085270344,-1.5152885863601364,-1.5156587183420145,-1.5156587216111754,-3.833048594689833,-3.8330502655400176,-3.8330502655428615
2016-04-29,206.72000122070312,206.3300018310547,15.699999809265137,14.789999961853027,22.794244008694704,5.960119962913524,57.31365611020537,57.21126351486783,57.21125965957109,1.646032671722101,1.6453958176905097,1.6453958075725446,-3.6952032434003326,-3.69520709869707,-3.6952070987085275
2016-05-02,206.9199981689453,207.97000122070312,14.68000030517578,13.770000457763672,22.176509634463848,-61.77343742308565,44.09599644152914,44.05696979757904,44.05696887087404,-0.6604689857598443,-0.6607896187496789,-0.660789619770016,-3.8219439319834665,-3.8219448586884766,-3.821944858688916
2016-05-03,206.52000427246097,206.16000366210935,15.600000381469728,15.170000076293944,22.43297231709566,25.646268263181327,34.79008711573128,34.73651321836582,34.7365080962617,-0.8058767877798414,-0.8066670886079899,-0.8066671038411135,-3.7928368388934754,-3.7928419609975945,-3.792841961018675
2016-05-04,204.9900054931641,205.0099945068359,16.049999237060547,15.470000267028809,22.497986024710983,6.501370761532144,62.71248521267105,62.559006414892984,62.55898052187633,2.8675140902417313,2.8645088592275965,2.864508756029208,-3.5929647248047076,-3.592990617821361,-3.5929906180177573
2016-05-05,205.55999755859375,204.97000122070312,15.90999984741211,15.369999885559082,22.270540280875224,-22.744574383575866,65.91025338361167,65.84904027976003,65.84903315814717,-0.5739351963090318,-0.5749199280023243,-0.5749199519687247,-3.777552427344642,-3.777559548957515,-3.7775595489953373
2016-05-06,204.05999755859375,205.72000122070312,14.720000267028809,13.380000114440918,21.095961071308594,-117.45792095666303,37.9849047311969,37.96216270420189,37.962162404724815,-1.5122674235423035,-1.5124090941894432,-1.5124090944117121,-3.8545150475785825,-3.854515347055658,-3.854515347055716
2016-05-09,205.57000732421875,205.88999938964844,14.56999969482422,13.859999656677246,20.862870631463146,-23.309043984544786,47.76110864915291,47.74694644640082,47.74694618176509,-2.450436735691409,-2.450536724798484,-2.4505367250681056,-3.8716748005882806,-3.871675065224023,-3.871675065224128
2016-05-10,206.72000122070312,208.4499969482422,13.630000114440918,12.800000190734863,20.91932192786433,5.64512964011854,34.93605521742254,34.92189656757411,34.9218965403361,-1.9560683085246136,-1.9560894689340298,-1.9560894689451072,-3.8716826185891096,-3.871682645827117,-3.8716826458271183
2016-05-11,207.91000366210935,206.5,14.6899995803833,13.75,21.16601562341448,24.669369555014953,44.63464220640913,44.59383819057177,44.59383717471889,-0.578595433410722,-0.5789385198900989,-0.5789385209347433,-3.818388920765095,-3.8183899366179768,-3.818389936618488
2016-05-12,207.2899932861328,206.55999755859375,14.40999984741211,13.460000038146973,20.830500812250747,-33.55148111637334,43.37263984631572,43.36324620129544,43.3632461324146,-0.7023422583661376,-0.7023874589218009,-0.7023874589593717,-3.881212503316906,-3.8812125721977453,-3.8812125721977533
2016-05-13,206.2100067138672,204.7599945068359,15.039999961853027,14.149999618530272,20.80921152096903,-2.1289291281718192,49.265967001393534,49.201114906816194,49.20111456075018,0.255068845976961,0.2542770762307578,0.25427707592392856,-3.7702947726469445,-3.770295118712962,-3.7702951187130793
2016-05-16,204.9600067138672,206.77999877929688,14.68000030517578,13.59000015258789,21.059047978326028,24.983645735699866,40.633629748697416,40.60498242372889,40.60498195683124,-1.166788592603368,-1.1669861961389238,-1.1669861965445474,-3.8427039493695885,-3.8427044162672437,-3.842704416267377
2016-05-17,206.4600067138672,204.8500061035156,15.56999969482422,15.109999656677246,21.28581357918803,22.676560086200226,34.1266368859231,34.07721911219434,34.077215067388885,-0.926868942486466,-0.9275515475271505,-0.9275515584204586,-3.80115231808498,-3.8011563628904286,-3.801156362904145
2016-05-18,204.44000244140625,204.91000366210935,15.949999809265137,15.34000015258789,21.706112887554823,42.02993083667934,65.87584041497632,65.82304800510065,65.82304339061447,-0.8070560462205787,-0.807808209841594,-0.8078082228145629,-3.7944013367382556,-3.7944059512244155,-3.7944059512417163
2016-05-19,204.05999755859375,204.1999969482422,16.329999923706055,15.279999732971191,21.866986968604394,16.087408104957035,59.673967638856034,59.5443879126235,59.544369517518774,2.2322374727354326,2.22990023370983,2.2299001681065853,-3.640785361898352,-3.6408037570030807,-3.6408037571105467
2016-05-20,204.9199981689453,205.4900054931641,15.199999809265137,12.729999542236328,20.957178988451588,-90.98079801528058,31.774626392726105,31.764120443178008,31.764120404395307,-2.2842627949519256,-2.2843002987642818,-2.2843002987770724,-3.878987984555694,-3.878988023338398,-3.8789880233383993
2016-05-23,205.5099945068359,205.2100067138672,15.81999969482422,13.600000381469728,21.43076442237583,47.358543392424224,20.876207031710152,20.866242880213925,20.86624276722428,-2.699954994158855,-2.700011189106097,-2.7000111891908176,-3.8800713580385446,-3.8800714710281907,-3.8800714710282143
2016-05-24,206.1699981689453,207.8699951171875,14.420000076293944,11.90999984741211,20.913234075141176,-51.75303472346542,25.66496280754177,25.660028998048475,25.660028990424316,-2.849288780530519,-2.849300780406211,-2.8493007804062245,-3.890132358140919,-3.8901323657650786,-3.8901323657650786
2016-05-25,208.6699981689453,209.27999877929688,13.899999618530272,11.40999984741211,21.012764114508812,9.953003936763594,23.419579838427474,23.418905169184008,23.41890516895277,-3.6341488763774805,-3.6341496869763437,-3.634149686976359,-3.8986506608193503,-3.8986506610505858,-3.8986506610505858
2016-05-26,209.44000244140625,209.33999633789065,13.43000030517578,10.460000038146973,20.5263727471007,-48.63913674081104,3.763596631753175,3.7635268177471772,3.763526817746202,-3.8181984762592496,-3.818198495573521,-3.818198495573521,-3.8998603719850804,-3.8998603719860556,-3.8998603719860556
2016-05-27,209.52999877929688,210.2400054931641,13.119999885559082,9.770000457763672,20.672445912428223,14.60731653275218,1.311020225796364,1.3110065654256369,1.311006565425613,-3.866822322355693,-3.8668223238627437,-3.8668223238627437,-3.899972679258475,-3.8999726792584983,-3.8999726792584983
2016-05-31,210.55999755859375,209.83999633789065,14.1899995803833,11.850000381469728,21.345372313445928,67.29264010177047,11.202968134478686,11.201563038546267,11.201563037259424,-3.496932380104259,-3.496934948554515,-3.4969349485546943,-3.8971898042746345,-3.897189805561478,-3.897189805561478
2016-06-01,209.1199951171875,210.27000427246097,14.199999809265137,11.609999656677246,21.540208562602032,19.48362491561042,24.065218484373652,24.061475634747453,24.061475634588597,-2.9865253671434955,-2.986532938905564,-2.9865329389055697,-3.892514300271032,-3.8925143004298874,-3.8925143004298874
2016-06-02,209.8000030517578,210.91000366210935,13.630000114440918,11.010000228881836,21.29864836725205,-24.156019534998308,19.245281334728787,19.244038177547083,19.244038177452587,-3.3511851396139516,-3.351185614286005,-3.351185614286009,-3.897513685353098,-3.8975136854475947,-3.8975136854475947
2016-06-03,210.25,210.27999877929688,13.470000267028809,10.109999656677246,20.75134647425648,-54.730189299557,13.6677180045124,13.66768338667144,13.667683386671362,-3.6141509117791473,-3.6141509163902708,-3.6141509163902708,-3.899930764317846,-3.8999307643179244,-3.8999307643179244
2016-06-06,210.6999969482422,211.3500061035156,13.649999618530272,11.260000228881836,21.4060856251482,65.47391508917215,22.697381026424935,22.696710662677113,22.69671066245686,-3.635184510133034,-3.63518530592396,-3.635185305923974,-3.8986592718435835,-3.898659272063841,-3.898659272063841
2016-06-07,211.52999877929688,211.67999267578125,14.050000190734863,11.5600004196167,21.926513473845496,52.04278486972953,9.746466833932159,9.745560144124232,9.74556014367082,-3.5810876316365343,-3.5810888923198374,-3.5810888923198805,-3.898186619023915,-3.898186619477328,-3.898186619477328
2016-06-08,211.83999633789065,212.3699951171875,14.079999923706056,10.890000343322754,22.316297641208344,38.97841673628477,18.88394885633911,18.88340426756659,18.88340426746084,-3.3695985510224515,-3.369599077409288,-3.369599077409288,-3.8989108221377067,-3.898910822243454,-3.898910822243454
2016-06-09,211.5099945068359,212.0800018310547,14.640000343322754,12.229999542236328,22.620020729866056,30.372308865771203,13.815959900907023,13.81333812071295,13.81333811551976,-3.326907703263346,-3.3269144606789123,-3.3269144606801495,-3.894756424032286,-3.8947564292254757,-3.8947564292254757
2016-06-10,210.4600067138672,210.07000732421875,17.030000686645508,15.829999923706056,23.89925527057882,127.92345407127641,44.186498833023016,44.07169983009923,44.0716731498152,0.9151326819247885,0.9125901335172388,0.9125899941536915,-3.6703219521744677,-3.6703486324584937,-3.670348632833783
2016-06-13,209.36000061035156,208.4499969482422,20.969999313354492,22.940000534057617,27.296154032087955,339.6898761509135,187.2243318735639,183.8373813554427,183.79684358858148,33.12891902541949,32.6832009469629,32.68062226052017,2.995868105109145,2.955330338247947,2.9552125173647807
2016-06-14,208.0,208.0399932861328,20.5,23.350000381469727,26.563434153329112,-73.27198787588429,190.90079602553192,185.20416449783036,185.11199644052888,51.87054428649125,51.008772985759315,51.00178242592103,7.770010972641488,7.677842915339992,7.677761744985645
2016-06-15,208.0399932861328,207.75,20.13999938964844,22.600000381469727,25.999348689267777,-56.40854640613355,177.41453758352998,172.74229943094608,172.68181011191643,45.2552185242648,44.61398675375713,44.61239663510549,5.6260537417729335,5.565564422743284,5.565527953086207
2016-06-16,207.75,208.3699951171875,19.3700008392334,21.88999938964844,25.333410882220043,-66.59378070477331,165.29688455318632,161.51417027635992,161.4921117729352,39.18243640963438,38.90391065462636,38.90269151034825,3.731746886478094,3.7096883830533756,3.7096408012655253
2016-06-17,207.1699981689453,206.52000427246097,19.40999984741211,22.0,24.63777270153743,-69.56381806826144,165.91125790215557,161.98863487253558,161.97068367503232,39.88143969335311,39.39043359702422,39.38960994057095,3.999176196266716,3.9812249987634667,3.9811994930364865
2016-06-20,208.82000732421875,207.8500061035156,18.3700008392334,22.209999084472656,23.82547069570306,-81.23020058343684,172.3563897478971,168.07844831029146,168.04710549643076,42.51533053418823,42.158362377133166,42.156408570068244,4.750172291661368,4.718829477800677,4.718742494873563
2016-06-21,208.3000030517578,208.44000244140625,18.479999542236328,22.469999313354492,24.121188167492093,29.57174717890325,175.98957221306037,173.15783154306393,173.13053708826433,45.33611871659438,44.997365249164474,44.99586667753482,1.8455380797849346,1.818243624985307,1.818185867167073
2016-06-22,208.6499938964844,208.1000061035156,21.170000076293945,27.86000061035156,26.81696078121594,269.57726137238467,278.96500487960213,268.15470639821865,267.6860238625663,76.57302453892295,74.03879928109599,73.96986664707543,19.15133903411636,18.682656498464,18.67448824058699
2016-06-23,209.80999755859375,210.80999755859375,17.25,21.1299991607666,23.801687701338935,-301.5273079877005,155.1943006223117,152.03596720554492,152.02029192488988,34.66885362888098,34.45124854300072,34.45047392100764,2.4637719369031865,2.448096656248146,2.4480702369296594
2016-06-24,203.6300048828125,203.2400054931641,25.760000228881836,30.709999084472656,30.361454020767823,655.9766319428888,328.6250780378632,307.42593472682177,306.46851144788775,129.4272520952276,125.16698377095756,124.9907511077534,41.45231324203495,40.49488996310095,40.46801438289657
2016-06-27,201.58999633789065,199.6000061035156,23.850000381469727,25.059999465942383,27.277029908959932,-308.4424111807891,131.77544433371355,124.39680305973835,124.24834911878207,62.364450675875794,61.11423264318676,61.10659433178244,11.304136109747878,11.15568216879158,11.15518587226731
2016-06-28,201.47999572753903,203.1999969482422,18.75,19.079999923706055,22.248932011864397,-502.80978970955346,73.91283040172841,73.36671122607595,73.36585946436456,8.081190876739242,8.05272811428882,8.052712963376385,-2.8052058661877246,-2.806057627899088,-2.8060577936854556
2016-06-29,204.83999633789065,206.66000366210935,16.639999389648438,15.859999656677246,21.048151939082075,-120.07800727823223,67.92384950735783,67.72400436931564,67.72396233609626,4.013908132176811,4.0095146873046055,4.009514501938116,-3.500183623033952,-3.5002256562533214,-3.5002256566611787
2016-06-30,207.2100067138672,209.47999572753903,15.630000114440918,14.050000190734863,21.212369626925565,16.421768784348956,-47.09841126029902,-47.161423295124344,-47.16142361451265,0.19097083580195395,0.19021534996802192,0.19021534969391496,-3.7739749721841376,-3.77397529157244,-3.773975291572541
2016-07-01,209.47999572753903,209.9199981689453,14.770000457763672,11.850000381469728,20.568540335889104,-64.38292910364609,10.698655225234685,10.697492304930895,10.697492304165982,-3.5309019251689513,-3.530903748481502,-3.530903748481592,-3.897674157097684,-3.8976741578625966,-3.8976741578625966
2016-07-05,208.9499969482422,208.41000366210935,15.579999923706056,14.1899995803833,20.410211305666742,-15.832903022236167,50.487851394964025,50.421076983213524,50.42107351631724,0.4121536112449977,0.4113779201327459,0.41137791428373127,-3.766440775809857,-3.766444242706139,-3.7664442427062403
2016-07-06,207.8300018310547,209.66000366210935,14.960000038146973,13.18000030517578,20.375309710292413,-3.490159537432902,38.654634702498576,38.63226783170957,38.63226768824805,-1.464737819030153,-1.4648609429064043,-1.4648609430089135,-3.855265828037354,-3.8552659714988695,-3.8552659714988944
2016-07-07,209.8699951171875,209.52999877929688,14.760000228881836,13.109999656677246,20.076004849302088,-29.93048609903255,39.06691005811618,39.043211037043164,39.04321084689514,-1.4016145255422394,-1.4016983131783816,-1.4016983133254914,-3.852601387409917,-3.852601577557931,-3.8526015775579316
2016-07-08,211.0500030517578,212.6499938964844,13.199999809265137,11.43000030517578,20.496238921128345,42.02340718262576,23.022956888856605,23.01992526278972,23.019925262762236,-3.0738191398272923,-3.073824374130647,-3.0738243741306484,-3.89393674778377,-3.893936747811253,-3.893936747811253
2016-07-11,213.19000244140625,213.3999938964844,13.539999961853027,12.229999542236328,21.11841421801266,62.21752968843148,32.85027805350643,32.84709718676912,32.84709718265348,-2.1278642262074188,-2.1278715645979416,-2.1278715645984017,-3.8936382541784536,-3.8936382582940983,-3.8936382582940983
2016-07-12,214.52999877929688,214.9499969482422,13.550000190734863,12.25,22.12747794722835,100.90637292156899,15.158098721640803,15.154544602241225,15.154544591634581,-3.2242082976360655,-3.2242193285782896,-3.2242193285815537,-3.892891729380909,-3.892891739987555,-3.892891739987555
2016-07-13,215.44000244140625,214.9199981689453,13.039999961853027,11.109999656677246,21.712962411367776,-41.451553586057344,8.320837404916377,8.320303765327372,8.320303765213813,-3.6558328373550912,-3.6558333431771186,-3.6558333431771253,-3.8989327204813136,-3.8989327205948734,-3.8989327205948734
2016-07-14,216.3999938964844,216.1199951171875,12.81999969482422,10.93000030517578,22.40329694601025,69.03345346424743,7.650778954543144,7.650373033683019,7.6503730336289575,-3.6871176224848363,-3.687117935963741,-3.687117935963743,-3.899188158117565,-3.8991881581716274,-3.8991881581716274
2016-07-15,216.77999877929688,215.8300018310547,12.670000076293944,10.260000228881836,22.056192033835103,-34.71049121751477,16.12347715856893,16.123265905792877,16.1232659057928,-3.7569450302673566,-3.7569451473696667,-3.7569451473696667,-3.899577494447647,-3.899577494447731,-3.899577494447731
2016-07-18,215.97000122070312,216.41000366210935,12.4399995803833,10.989999771118164,22.24423605505524,18.80440212201364,21.236155961255328,21.234806269834998,21.234806269826983,-3.209555092749667,-3.2095551479345805,-3.209555147934581,-3.897300617135287,-3.897300617143304,-3.897300617143304
2016-07-19,215.9199981689453,216.19000244140625,11.970000267028809,11.020000457763672,21.772372877227017,-47.18631778282223,21.516671380055392,21.51543624820942,21.51543624820193,-3.194399786829956,-3.1943998407504584,-3.1943998407504584,-3.8975297362855805,-3.897529736293079,-3.897529736293079
2016-07-20,216.19000244140625,217.08999633789065,11.770000457763672,10.43000030517578,22.34550127432245,57.31283970954344,17.672664143390918,17.67249984432233,17.67249984432106,-3.760380445718374,-3.760380501915358,-3.760380501915358,-3.8996714018590044,-3.8996714018602825,-3.8996714018602825
2016-07-21,216.9600067138672,216.27000427246097,12.739999771118164,11.5,22.20007244033319,-14.542883398926065,26.45557117324205,26.45237512715582,26.452375127051802,-2.801676246978737,-2.8016765789689244,-2.8016765789689337,-3.8936079075154946,-3.8936079076195163,-3.8936079076195163
2016-07-22,216.41000366210935,217.2400054931641,12.020000457763672,10.220000267028809,22.523057963043204,32.29855227100131,4.199658550447989,4.199572150599085,4.199572150597644,-3.8073137031819453,-3.807313729255881,-3.807313729255881,-3.8998272002978687,-3.8998272002993093,-3.8998272002993093
2016-07-25,217.0,216.6499938964844,12.869999885559082,11.93000030517578,22.411179622374476,-11.187834066872782,30.806849664268015,30.806183341671947,30.806183340966847,-2.3754877893608675,-2.375489039367058,-2.3754890393671815,-3.898667352692568,-3.8986673533976632,-3.8986673533976632
2016-07-26,216.52999877929688,216.75,13.050000190734863,11.979999542236328,22.552026843090882,14.084722071640599,14.080961075721047,14.078151743410439,14.078151737274927,-3.306303213342323,-3.306310797656234,-3.3063107976562724,-3.894381316972249,-3.89438132310776,-3.89438132310776
2016-07-27,217.19000244140625,216.52000427246097,12.829999923706056,11.609999656677246,22.212328493868863,-33.96983492220187,28.83250572429297,28.830790546083186,28.830790545655,-3.415301391920345,-3.4153040695642582,-3.4153040695643146,-3.8965696422958644,-3.8965696427240557,-3.8965696427240557
2016-07-28,216.2899932861328,216.77000427246097,12.720000267028809,11.789999961853027,22.304716577231,9.238808336213822,31.41749836474216,31.415571095622276,31.415571094546884,-3.3940657615027248,-3.394069268899915,-3.3940692689000986,-3.8961454585340647,-3.896145459609456,-3.896145459609456
2016-07-29,216.4600067138672,217.1199951171875,11.869999885559082,10.010000228881836,22.106553869915075,-19.816270731592667,3.3017018966190017,3.301647939801966,3.301647939801425,-3.829133499508323,-3.829133512427984,-3.829133512427984,-3.899892086364307,-3.899892086364847,-3.899892086364847
2016-08-01,217.19000244140625,216.94000244140625,12.4399995803833,11.100000381469728,22.138693461052988,3.213959113791276,23.940280286590713,23.939574986577107,23.939574986529315,-3.5985175888542402,-3.598518211879042,-3.5985182118790453,-3.898589399829409,-3.898589399877207,-3.898589399877207
2016-08-02,216.6499938964844,215.5500030517578,13.369999885559082,12.350000381469728,21.567742151334443,-57.0951309718545,17.225515099818864,17.219901875198374,17.219901843258405,-3.041949941430582,-3.0419734206358013,-3.0419734206360873,-3.8887734549391086,-3.888773486879082,-3.888773486879082
2016-08-03,215.47999572753903,216.17999267578125,12.859999656677246,11.289999961853027,21.69863873103345,13.08965796990087,9.34528113356781,9.344508397646559,9.344508397356469,-3.604370167080253,-3.60437111126924,-3.6043711112692636,-3.898454527287228,-3.898454527577316,-3.898454527577316
2016-08-04,216.30999755859375,216.41000366210935,12.420000076293944,10.800000190734863,21.600061381997005,-9.857734903644655,22.34243237097501,22.342118074835433,22.342118074819133,-3.709796830724139,-3.709797018296109,-3.7097970182961095,-3.8993714076719503,-3.899371407688251,-3.899371407688251
2016-08-05,216.41000366210935,218.17999267578125,11.390000343322754,9.18000030517578,22.542258741498067,94.2197359501062,0.39865877919245296,0.39865402409106565,0.3986540240910639,-3.879999933392976,-3.879999933629227,-3.879999933629227,-3.8999904897972217,-3.899990489797223,-3.899990489797223
2016-08-08,218.3999938964844,218.0500030517578,11.5,10.100000381469728,22.376041401867823,-16.621733963024354,4.093220552889751,4.0931399648035605,4.093139964802509,-3.8103711502961883,-3.8103711732530656,-3.8103711732530656,-3.899838823824465,-3.899838823825517,-3.899838823825517
2016-08-09,218.1300048828125,218.17999267578125,11.65999984741211,10.489999771118164,22.516274745518558,14.023334365073481,18.44509793055856,18.444838325142683,18.444838325140516,-3.3761999966778036,-3.3762000194284405,-3.3762000194284405,-3.8994807891617436,-3.899480789163911,-3.899480789163911
2016-08-10,218.30999755859375,217.63999938964844,12.050000190734863,10.68000030517578,22.192945919886203,-32.33288256323554,22.159410869167957,22.159109954169537,22.159109954154992,-3.7141807911325784,-3.7141809657310305,-3.714180965731031,-3.899398169959538,-3.8993981699740785,-3.8993981699740785
2016-08-11,218.2599945068359,218.6499938964844,11.68000030517578,9.739999771118164,22.857760412207593,66.48144923213906,13.803590486652924,13.80355621633227,13.803556216332217,-3.8400001703088744,-3.840000174910947,-3.840000174910947,-3.899931459358537,-3.8999314593585885,-3.8999314593585885
2016-08-12,218.2899932861328,218.4600067138672,11.550000190734863,9.539999961853027,22.613115544126934,-24.4644868080659,12.72677921943644,12.726760236929545,12.726760236929527,-3.8564287415591485,-3.8564287433804325,-3.8564287433804325,-3.8999620349861654,-3.8999620349861814,-3.8999620349861814
2016-08-15,218.88999938964844,219.08999633789065,11.8100004196167,9.720000267028809,23.151196047104527,53.80805029775928,12.197448941526106,12.197338156778924,12.197338156778917,-3.6818402119895053,-3.6818402124122653,-3.6818402124122653,-3.899778430505614,-3.899778430505621,-3.899778430505621
2016-08-16,218.6000061035156,217.9600067138672,12.640000343322754,10.869999885559082,22.498523908787597,-65.26721383169303,8.153722278996433,8.153162668539046,8.153162668534511,-3.6575981118111303,-3.657598705719575,-3.657598705719575,-3.8988807790716185,-3.898880779076154,-3.898880779076154
2016-08-17,218.0,218.3699951171875,12.1899995803833,10.760000228881836,22.61308484791097,11.456093912337195,20.134001340409263,20.133930886395646,20.13393088639092,-3.2804105784304722,-3.2804106164654536,-3.2804106164654536,-3.899859091958582,-3.8998590919633056,-3.8998590919633056
2016-08-18,218.33999633789065,218.86000061035156,11.43000030517578,9.899999618530272,22.72199202582523,10.890717791426141,3.348883091625728,3.34883451725114,3.3488345172509124,-3.829998226747824,-3.829998236000881,-3.829998236000881,-3.899902851250142,-3.89990285125037,-3.89990285125037
2016-08-19,218.30999755859375,218.5399932861328,11.34000015258789,9.399999618530272,22.38018236316685,-34.18096626583811,12.005956196999989,12.005943823942264,12.005943823942259,-3.865435863035429,-3.8654358639676474,-3.8654358639676474,-3.899975253884532,-3.8999752538845387,-3.8999752538845387
2016-08-22,218.2599945068359,218.52999877929688,12.270000457763672,10.949999809265137,22.60325697675349,22.30746135866397,23.871660930087707,23.871123432254073,23.871123432212265,-3.6435468181276787,-3.643547244773188,-3.64354724477319,-3.8989250042072987,-3.89892500424911,-3.89892500424911
2016-08-23,219.25,218.97000122070312,12.380000114440918,11.369999885559082,22.982973812392057,37.97168356385683,28.234790709355366,28.233507073728028,28.23350707341114,-3.490397790837829,-3.4903985415177976,-3.490398541517833,-3.897432727794656,-3.8974327281115495,-3.8974327281115495
2016-08-24,218.8000030517578,217.8500061035156,13.449999809265137,12.670000076293944,22.46816635692505,-51.480745546700746,40.55641978135611,40.54388787776159,40.543887869022804,-2.5627092293545672,-2.5627174371044497,-2.5627174371077945,-3.8749361665946016,-3.8749361753333864,-3.874936175333387
2016-08-25,217.3999938964844,217.6999969482422,13.630000114440918,12.770000457763672,22.39267617934331,-7.549017758173804,20.205468717760787,20.196959390504844,20.196959324614532,-2.781625743447144,-2.7816668237964266,-2.7816668238320155,-3.8829811478171705,-3.882981213707487,-3.882981213707487
2016-08-26,217.9199981689453,217.2899932861328,13.649999618530272,12.100000381469728,22.03841419487591,-35.42619844674029,33.130746212743816,33.123502994312894,33.12350299304982,-2.132897663141965,-2.1328996086114307,-2.1328996086117016,-3.8855135593489205,-3.885513560612,-3.885513560612
2016-08-29,217.44000244140625,218.36000061035156,12.9399995803833,11.140000343322754,22.46772312512693,42.93089302510218,9.064261004578636,9.063575358862272,9.06357535865944,-3.620291367359457,-3.620292122208906,-3.6202921222089204,-3.8986287079587783,-3.898628708161611,-3.898628708161611
2016-08-30,218.2599945068359,218.0,13.119999885559082,11.210000038146973,22.206524178602763,-26.119894652416775,26.31175348041772,26.310878785343213,26.310878785208097,-3.5672837941119844,-3.5672847394774467,-3.567284739477458,-3.898250609445612,-3.8982506095807343,-3.8982506095807343
2016-08-31,217.61000061035156,217.3800048828125,13.420000076293944,11.640000343322754,21.796103633464146,-41.042054513861714,12.491474717449249,12.489470568525237,12.489470565595587,-3.412869150524902,-3.4128737032316674,-3.412873703231675,-3.895991693363026,-3.8959916962926755,-3.8959916962926755
2016-09-01,217.3699951171875,217.38999938964844,13.479999542236328,11.890000343322754,21.790157388319255,-0.5946245144890838,13.820292775569316,13.817873086176514,13.81787308285333,-3.3364695727965152,-3.3364749669727054,-3.3364749669732987,-3.8951606112448456,-3.895160614568028,-3.895160614568028
2016-09-02,218.38999938964844,218.3699951171875,11.979999542236328,9.100000381469728,21.97921349413666,18.905610581740362,0.4271599423366643,0.42715518896991256,0.4271551889699108,-3.879798605738397,-3.8797986059653367,-3.8797986059653367,-3.8999904932664915,-3.899990493266493,-3.899990493266493
2016-09-06,218.6999969482422,219.02999877929688,12.020000457763672,9.979999542236328,22.43049459045035,45.128109631369284,15.34308679499228,15.342977862169063,15.342977862169041,-3.8007042755270377,-3.800704317463876,-3.800704317463876,-3.899782134353499,-3.8997821343535204,-3.8997821343535204
2016-09-07,218.83999633789065,219.0099945068359,11.9399995803833,9.800000190734863,22.355431575164154,-7.50630152861973,12.95426636484053,12.954153942707139,12.954153942707128,-3.79590775293626,-3.7959077534947903,-3.7959077534947903,-3.8997751557331832,-3.8997751557331926,-3.8997751557331926
2016-09-08,218.6199951171875,218.5099945068359,12.510000228881836,10.989999771118164,22.06548160737098,-28.99499677931736,8.911489601734333,8.91076054673164,8.910760546723543,-3.620651967717835,-3.6206528766747095,-3.6206528766747095,-3.8985418899703226,-3.8985418899784174,-3.8985418899784174
2016-09-09,216.97000122070312,213.27999877929688,17.5,18.780000686645508,20.839839330056314,-122.5642277314666,-218.7081891743002,-219.8594673841613,-219.86059168535164,22.463531576384824,22.43306536871409,22.433039401993724,-1.5940695150103483,-1.5951938162006947,-1.5951942034090023
2016-09-12,212.38999938964844,216.33999633789065,15.15999984741211,16.030000686645508,21.299825440155868,45.998611009955326,-220.0139256422889,-220.161406730919,-220.16145069694,1.6942382703991594,1.6905571805947437,1.6905569159118397,-3.6049059221323314,-3.6049498881533464,-3.6049498890014986
2016-09-13,214.83999633789065,213.22999572753903,17.850000381469727,19.549999237060547,20.791144364265463,-50.868107589040434,135.30100489178002,133.9339564048942,133.93202442675107,26.535911867932704,26.417577149622474,26.4175258900107,-1.1601044091200525,-1.1620363872631794,-1.1620372814037694
2016-09-14,213.2899932861328,213.1499938964844,18.13999938964844,19.3799991607666,20.874177882920968,8.303351865550468,131.88652684601604,130.82552241180915,130.82224964319124,14.115191933172708,14.038973742377186,14.038911483502746,-1.7681692496529138,-1.7714420182708417,-1.7714432101791164
2016-09-15,212.9600067138672,215.27999877929688,16.299999237060547,17.0,21.006974440143466,13.279655722249828,36.28297505377176,35.67430434416014,35.67423027730294,10.745335380738597,10.72709151280549,10.727090814776695,-2.682436368860829,-2.6825104357180374,-2.682510439499462
2016-09-16,213.47999572753903,213.3699951171875,15.369999885559082,15.270000457763672,19.1278075621248,-187.91668780186654,40.672776923011135,40.584624015383135,40.58460905132556,0.2306120244306058,0.2289190049574028,0.22891894110983024,-3.7236492921652076,-3.723664256222784,-3.723664256358136
2016-09-19,214.1300048828125,213.41000366210935,15.529999732971191,16.309999465942383,19.08162866335055,-4.617889877425085,83.88556940944189,83.67317013387212,83.67313265244772,8.368796740843475,8.362710578493042,8.362710290245401,-3.4750890010049584,-3.475126482429354,-3.4751264836234634
2016-09-20,214.41000366210935,213.4199981689453,15.920000076293944,17.219999313354492,19.259382172972174,17.775350962162406,63.61419490869405,63.25279589825825,63.25246839240922,5.518736968159587,5.503884529066717,5.5038805063673895,-3.176219381337792,-3.1765468871868245,-3.176546913934648
2016-09-21,214.2400054931641,215.82000732421875,13.300000190734863,12.829999923706056,19.62361652486697,36.42343518947975,40.50694528877967,40.49937804479778,40.49937800779461,-2.8256636740247023,-2.8256946147006086,-2.82569461471199,-3.8848654010267225,-3.8848654380298853,-3.884865438029887
2016-09-22,217.0,217.17999267578125,12.020000457763672,10.789999961853027,20.259641997894377,63.602547302740575,19.96304203837731,19.962974651525833,19.96297465152154,-3.2913710117063926,-3.2913710472364768,-3.2913710472364768,-3.8998652262841644,-3.8998652262884557,-3.8998652262884557
2016-09-23,216.72000122070312,215.9900054931641,12.289999961853027,11.390000343322754,19.297109563575624,-96.25324343187529,26.59021268170752,26.588700193744913,26.588700193711794,-3.486014921907311,-3.4860178257596806,-3.4860178257596823,-3.89697502397543,-3.8969750240085546,-3.8969750240085546
2016-09-26,215.02000427246097,214.2400054931641,14.5,15.670000076293944,18.7299663034791,-56.71432600965254,75.34837100271035,75.04683220626066,75.04682063454719,5.920725467364289,5.91957076263521,5.919570703385453,-3.2968876914879703,-3.2968992632014427,-3.296899263358851
2016-09-27,214.0500030517578,215.57000732421875,13.100000381469728,12.800000190734863,19.087191332449525,35.722502897042574,38.437169231254416,38.41347822889278,38.413478218895285,-1.4545487819207632,-1.4545566982905758,-1.4545566982950255,-3.852617965284258,-3.8526179752817487,-3.852617975281749
2016-09-28,215.8300018310547,216.63999938964844,12.390000343322754,11.720000267028809,19.687142516697875,59.99511842483507,28.414993764436943,28.412001671390065,28.412001671251524,-2.637051530346576,-2.637059883246601,-2.6370598832466143,-3.8940158134906184,-3.8940158136291614,-3.8940158136291614
2016-09-29,216.3999938964844,214.67999267578125,14.020000457763672,14.710000038146973,18.68295753588641,-100.41849808114662,37.10318089891681,37.03924828376529,37.03924157739172,-0.4365808831831268,-0.43757829808130877,-0.4375783163231919,-3.772114650573543,-3.772121356947107,-3.7721213569480128
2016-09-30,215.6499938964844,216.3000030517578,13.289999961853027,12.369999885559082,19.6237590085962,94.080147270979,16.954506586956747,16.949168955112683,16.949168926606156,-3.06582444385242,-3.0658461424738856,-3.0658461424741237,-3.8893246507922896,-3.8893246792988174,-3.8893246792988174
2016-10-03,215.82000732421875,215.77999877929688,13.56999969482422,13.0,19.17314716408127,-45.061184451492764,42.17997651035335,42.164443612590624,42.16444359767963,-0.9674120588793889,-0.9675285076062439,-0.9675285076133324,-3.8689341597415705,-3.868934174652563,-3.8689341746525643
2016-10-04,215.91000366210935,214.67999267578125,13.630000114440918,12.949999809265137,18.27986218863335,-89.32849754479228,41.249424250959905,41.23215115857992,41.23215114312814,-1.0863847812110756,-1.0863960689905943,-1.0863960689985266,-3.8654537688847115,-3.865453784336485,-3.865453784336487
2016-10-05,215.41000366210935,215.6300048828125,12.989999771118164,12.029999732971191,23.04525897373742,473.93967851040696,13.952428492721507,13.949875099731605,13.94987509560807,-3.3241916980785624,-3.3241977618181697,-3.3241977618190113,-3.894893201649593,-3.8948932057731276,-3.8948932057731276
2016-10-06,215.3699951171875,215.77999877929688,12.84000015258789,11.470000267028809,22.82065524013153,-22.460373360588903,10.462732801259486,10.461726545136498,10.461726544711928,-3.5500278580064353,-3.5500291743657924,-3.5500291743658288,-3.8979874864803095,-3.8979874869048805,-3.8979874869048805
2016-10-07,216.1000061035156,215.0399932861328,13.479999542236328,11.470000267028809,23.585992292017693,76.53370518861635,26.152909997814483,26.15148221944581,26.151482219315064,-2.813385451563423,-2.8133858361312396,-2.8133858361312516,-3.897144442870402,-3.897144443001151,-3.897144443001151
2016-10-10,216.16000366210935,216.16000366210935,13.380000114440918,10.8100004196167,23.6599173083749,7.392501635720805,20.59085993908886,20.590474985181203,20.590474985173095,-3.2395702763114578,-3.239570499300811,-3.2395704993008114,-3.899230092160358,-3.8992300921684695,-3.8992300921684695
2016-10-11,215.66000366210935,213.42999267578125,15.359999656677246,13.34000015258789,26.067793861689523,240.78765533146225,-66.25714843126133,-66.27509908080901,-66.27509954061267,-2.2557286771865916,-2.2558757248765025,-2.255875724896014,-3.864097321493661,-3.8640977812973074,-3.8640977812973114
2016-10-12,213.58999633789065,213.7100067138672,15.90999984741211,13.15999984741211,26.98464122816722,91.68473664776968,21.709309911579815,21.69765375217048,21.69765358339341,-2.6020112574175362,-2.6020848869319426,-2.6020848870751925,-3.8766871748501157,-3.876687343627186,-3.8766873436271867
2016-10-13,212.16000366210935,213.0099945068359,16.690000534057617,14.06999969482422,28.058217965415807,107.35767372485867,52.500943609773515,52.4721671599889,52.4721663865582,0.8382800329155256,0.8380247456207011,0.8380247450818477,-3.8424447801376873,-3.842445553568376,-3.8424455535687154
2016-10-14,214.1499938964844,213.1199951171875,16.1200008392334,12.9399995803833,27.117833423599805,-94.03845418160017,40.687000755656946,40.677599666689375,40.677599644892986,-1.1223091283920659,-1.1223508613724356,-1.1223508613847546,-3.881197756675695,-3.8811977784720795,-3.8811977784720817
2016-10-17,213.08999633789065,212.3800048828125,16.209999084472656,13.8100004196167,26.9971135847523,-12.071983884750637,49.60226377071881,49.53753022288809,49.53753004670558,0.28756982663730923,0.28737093441805683,0.2873709342040929,-3.7705323757906752,-3.7705325519731936,-3.770532551973299
2016-10-18,214.2400054931641,213.7100067138672,15.279999732971191,12.449999809265137,25.741800739292785,-125.5312845459514,36.372787682581524,36.36825453964677,36.36825452876324,-3.08777609964024,-3.0877896107404896,-3.0877896107426386,-3.8909336814798854,-3.890933692363418,-3.890933692363418
2016-10-19,214.02000427246097,214.27999877929688,14.40999984741211,11.970000267028809,24.450511431759068,-129.12893075337166,29.587824759003716,29.579595232455645,29.579595231985117,-2.499077164712582,-2.499078099684086,-2.499078099684157,-3.8835409454922645,-3.8835409459627925,-3.8835409459627925
2016-10-20,213.8699951171875,213.8800048828125,13.75,11.06999969482422,23.265204763621924,-118.53066681371445,21.173468000895873,21.172484052516367,21.172484052511614,-3.222119495223846,-3.222120842284978,-3.222120842284978,-3.898032103226733,-3.898032103231489,-3.898032103231489
2016-10-21,213.8800048828125,213.97999572753903,13.34000015258789,10.68000030517578,22.604898316516667,-66.03064471052562,17.830273583932893,17.829774853417803,17.829774853417184,-3.4270589640550475,-3.4270594038822235,-3.4270594038822235,-3.899002538967948,-3.8990025389685705,-3.8990025389685705
2016-10-24,215.0,214.88999938964844,13.020000457763672,11.350000381469728,22.241899993327408,-36.29983231892595,24.080152488124924,24.07661434128066,24.076614341240948,-2.9967057011366425,-2.996705868189636,-2.996705868189639,-3.892923706192342,-3.892923706232056,-3.892923706232056
2016-10-25,214.67999267578125,214.1699981689453,13.460000038146973,11.899999618530272,22.70681001920798,46.49100258805703,31.009269507230698,31.006633812375505,31.0066338068468,-3.3373867100709744,-3.337393807072912,-3.337393807072927,-3.894728593703503,-3.8947285992322076,-3.8947285992322076
2016-10-26,213.2100067138672,213.7400054931641,14.239999771118164,12.579999923706056,23.79881685563339,109.20068364254121,36.74688312794645,36.741756736995285,36.74175672332695,-1.6518686756145726,-1.6518848419940455,-1.6518848419966616,-3.8897471770926915,-3.889747190761019,-3.8897471907610193
2016-10-27,214.5800018310547,213.1699981689453,15.359999656677246,14.59000015258789,25.411949920886713,161.31330652533222,34.88972744655928,34.83485860198673,34.834853045975514,-0.7784887967913834,-0.7793197263938607,-0.7793197432827212,-3.7902456428187072,-3.790251198829927,-3.7902511988307763
2016-10-28,213.13999938964844,212.5399932861328,16.190000534057617,16.690000534057617,26.567110439875464,115.5160518988751,88.34947435392593,88.09118519504241,88.09112374594854,9.696077934235978,9.687782062840778,9.68778150368434,-3.3832373265235507,-3.383298775617409,-3.3832987784266764
2016-10-31,212.92999267578125,212.5500030517578,17.059999465942383,20.190000534057617,27.832284755973234,126.51743160977702,143.6366546250056,141.10183665791658,141.09866299900085,29.74001425191488,29.57218925386212,29.57208718753104,1.1791635607570683,1.175989901841369,1.1759876855729408
2016-11-01,212.92999267578125,211.0099945068359,18.559999465942383,22.86000061035156,29.913439233109088,208.1154477135854,191.88127599358916,186.05610622738544,186.02965250289418,52.06155458313314,51.443389079380516,51.441705619873616,7.829936349129378,7.803482624638109,7.803404149476835
2016-11-02,210.6499938964844,209.7400054931641,19.31999969482422,24.15999984741211,30.90073129317649,98.72920600674036,211.58498311343928,206.51396635437283,206.41391488647415,44.01545704689016,43.18487511236619,43.175880405534166,6.544017307491641,6.443965839592964,6.443356295725508
2016-11-03,209.9900054931641,208.77999877929688,22.079999923706055,27.899999618530273,35.1148047587055,421.4073465529012,285.6566057392548,270.0751086795514,269.486428589009,104.71499906974229,100.77458291809998,100.73171451633002,29.043486573890625,28.454806483348257,28.450022341320384
2016-11-04,208.91000366210935,208.5500030517578,22.510000228881836,28.81999969482422,35.717983577272406,60.31788185669029,302.1358450159378,284.47297130098025,283.73196508846013,114.75246956840435,110.08315132388098,109.9562189538648,33.67150694692824,32.930500734408135,32.92298415743825
2016-11-07,208.5500030517578,213.1499938964844,18.709999084472656,24.670000076293945,30.252133692984472,-546.5849884287934,-264.4441124925535,-269.80601304908265,-269.9163150217584,15.903209494668351,15.006418976454752,14.996324181482114,7.156813331265441,7.046511358589685,7.045810823792841
2016-11-08,212.69000244140625,214.11000061035156,18.739999771118164,25.309999465942383,30.448162327272627,19.602863428815454,237.7989108682519,230.6528347686816,230.44841984149627,56.41336422359204,55.03199518506823,55.008950726070964,11.00759204513401,10.803177117948668,10.80244725743471
2016-11-09,212.3699951171875,216.3800048828125,14.380000114440918,15.359999656677246,24.204519899137438,-624.3642428135189,-403.8308593250779,-403.91837604206984,-403.91838934682335,0.25313329804044127,0.2515156219717971,0.2515155701859033,-3.724926651451086,-3.7249399562045946,-3.724939956306097
2016-11-10,217.3000030517578,216.9199981689453,14.739999771118164,14.119999885559082,24.877372606000705,67.28527068632673,59.13407099392173,59.0948207358391,59.09481946543046,-1.2449800135124258,-1.2454245618619524,-1.245424564734007,-3.8214956726086142,-3.8214969430172534,-3.8214969430173187
2016-11-11,216.0800018310547,216.4199981689453,14.170000076293944,12.84000015258789,23.821382777971635,-105.59898280290696,40.36360759339264,40.353134253249536,40.353134235086124,-1.1807916696824838,-1.1808036977089418,-1.1808036977188099,-3.8790532652235434,-3.8790532833869493,-3.8790532833869515
2016-11-14,217.02999877929688,216.58999633789065,14.479999542236328,12.510000228881836,24.229476624696133,40.80938467244977,37.08463320135857,37.076630405089375,37.0766303987297,-1.6347834684908298,-1.634789267442577,-1.6347892674449884,-3.8839943883825816,-3.8839943947422566,-3.883994394742257
2016-11-15,217.0399932861328,218.27999877929688,13.369999885559082,10.640000343322754,23.08560199723064,-114.38746274654932,18.791597598532235,18.791203566521055,18.791203566518682,-3.3609460294222036,-3.360946052967292,-3.360946052967292,-3.8992119359705244,-3.899211935972898,-3.899211935972898
2016-11-16,217.55999755859375,217.8699951171875,13.720000267028809,9.520000457763672,23.422884893600994,33.7282896370354,1.744355763039751,1.7443357244088897,1.7443357244088329,-3.8595201863495183,-3.8595201891431006,-3.8595201891431006,-3.8999599227381063,-3.899959922738163,-3.899959922738163
2016-11-17,218.0500030517578,218.9900054931641,13.350000381469728,9.380000114440918,23.24401353609821,-17.88713575027856,9.651030838541432,9.651008735045044,9.651008735045044,-3.7572708285873153,-3.7572708287036205,-3.7572708287036205,-3.8999557930072237,-3.8999557930072246,-3.8999557930072246
2016-11-18,219.07000732421875,218.5,12.850000381469728,8.630000114440918,22.297351719260803,-94.66618168374055,5.467202684193106,5.467202551336717,5.467202551336717,-3.846846320159781,-3.8468463201618075,-3.8468463201618075,-3.899999734287223,-3.899999734287223,-3.899999734287223
2016-11-21,219.1699981689453,220.1499938964844,12.420000076293944,10.0,22.237012226174784,-6.033949308601905,15.177972978437777,15.177885144029448,15.177885144029238,-3.7988248119524397,-3.798824816607529,-3.798824816607529,-3.899824331182707,-3.8998243311829164,-3.8998243311829164
2016-11-22,220.5099945068359,220.5800018310547,12.40999984741211,10.199999809265137,22.37369125701212,13.667903083733535,4.985623210268869,4.985480407136222,4.985480407136192,-3.7822586687673563,-3.7822587329324113,-3.7822587329324113,-3.8997143937346155,-3.899714393734645,-3.899714393734645
2016-11-23,219.97999572753903,220.6999969482422,12.43000030517578,10.0600004196167,22.41875123784095,4.505998082883167,15.053577585962083,15.053562731835088,15.05356273183495,-3.5616721140076977,-3.561672117294309,-3.561672117294309,-3.8999702917455927,-3.8999702917457313,-3.8999702917457313
2016-11-25,221.1000061035156,221.52000427246097,12.34000015258789,10.43000030517578,22.59570339384142,17.695215600046765,18.946399607782574,18.94634373354708,18.946343733544218,-3.693263475226025,-3.6932635025568037,-3.6932635025568037,-3.899888251520429,-3.899888251523292,-3.899888251523292
2016-11-28,221.16000366210935,220.47999572753903,13.149999618530272,12.859999656677246,23.144069978133402,54.83665842919834,44.66850134408289,44.65445552499548,44.654455465004055,-2.375491044932666,-2.375519010329002,-2.3755190103770554,-3.871908181850902,-3.871908241842325,-3.871908241842325
2016-11-29,220.52000427246097,220.91000366210935,12.899999618530272,12.640000343322754,22.943129839933064,-20.09401382003375,20.620855170634442,20.611280582112805,20.611280579094576,-2.726111873360123,-2.7261643536062143,-2.7261643536074933,-3.880850813902043,-3.8808508169202716,-3.8808508169202716
2016-11-30,221.6300048828125,220.3800048828125,13.329999923706056,13.229999542236328,23.27977468055478,33.664484062171596,26.63665223163533,26.613685602971245,26.613685522674203,-2.00397328001306,-2.0041878465398195,-2.004187846571334,-3.85406650178068,-3.854066582077723,-3.854066582077735
2016-12-01,220.72999572753903,219.57000732421875,14.06999969482422,13.960000038146973,23.970434532111412,69.06598515566316,58.53590849996158,58.485169496886066,58.485169014642786,-0.9441875016013515,-0.9443274492954021,-0.9443274498158374,-3.798520547117899,-3.798521029361171,-3.7985210293615856
2016-12-02,219.6699981689453,219.67999267578125,14.119999885559082,13.640000343322754,24.043975942162604,7.354141005119175,29.55180845815738,29.51922524395109,29.519225067199734,-1.595896711150071,-1.596270599742668,-1.5962705998532858,-3.834833041333177,-3.834833218084537,-3.8348332180845945
2016-12-05,220.6499938964844,221.0,12.140000343322754,11.40999984741211,21.733549925550307,-231.0426016612297,12.24267714024415,12.24076914289588,12.240769142802469,-3.4275778487077284,-3.427582068467543,-3.4275820684675464,-3.896184005023229,-3.8961840051166416,-3.8961840051166416
2016-12-06,221.22000122070312,221.6999969482422,11.789999961853027,10.84000015258789,21.563386124136905,-17.016380141340193,23.726845652052027,23.726239838922517,23.726239838881618,-3.6241221319843957,-3.6241223127085003,-3.6241223127085025,-3.898788373618279,-3.8987883736591753,-3.8987883736591753
2016-12-07,221.52000427246097,224.6000061035156,12.220000267028809,11.789999961853027,23.566814472079557,200.3428347942652,-105.38249958898548,-105.38564314734528,-105.38564314749323,-3.26688751046435,-3.2668965004288477,-3.26689650042887,-3.893712882836553,-3.893712882984495,-3.893712882984495
2016-12-08,224.57000732421875,225.1499938964844,12.640000343322754,12.920000076293944,24.348467230622695,78.16527585431388,25.11460505106507,25.09601187365182,25.09601185511572,-2.206894314871014,-2.2069300565326633,-2.2069300565468932,-3.8628135895651856,-3.862813608101286,-3.8628136081012903
2016-12-09,225.41000366210935,226.5099945068359,11.75,11.100000381469728,24.03611824578895,-31.234898483374707,11.279768715772118,11.278464668516378,11.278464668505853,-3.500632316227621,-3.5006337490357717,-3.500633749035772,-3.8973919054569426,-3.8973919054674675,-3.8973919054674675
2016-12-12,226.3999938964844,226.25,12.640000343322754,12.25,24.814830379202135,77.87121334131868,20.101823764376213,20.09345865709603,20.093458655427703,-2.7919305825035896,-2.7919569008177203,-2.79195690081829,-3.8832697804346576,-3.883269782102982,-3.883269782102982
2016-12-13,227.02000427246097,227.7599945068359,12.720000267028809,12.25,25.75631984285156,94.14894636494253,40.45567998850777,40.452921211873296,40.45292119579302,-3.446338696626631,-3.44634994522084,-3.446349945220969,-3.8944823984902173,-3.8944824145705037,-3.8944824145705037
2016-12-14,227.41000366210935,225.8800048828125,13.1899995803833,12.84000015258789,25.198315277987973,-55.80045648635874,25.67290090637202,25.65398140803707,25.65398139251102,-2.1580101137040852,-2.158018909132629,-2.158018909143763,-3.8621609567519473,-3.8621609722779926,-3.8621609722779957
2016-12-15,226.16000366210935,226.80999755859375,12.789999961853027,11.850000381469728,25.203140642718267,0.4825364730294268,36.1324432410846,36.1307865638556,36.130786558336474,-3.0000874298450926,-3.0000927375525954,-3.0000927375526256,-3.8966866289846216,-3.8966866345037467,-3.8966866345037467
2016-12-16,226.0099945068359,225.0399932861328,12.199999809265137,10.670000076293944,23.46104578087487,-174.20948618433982,22.872467928837793,22.87232882189523,22.87232882187397,-3.817697168163978,-3.817697277574733,-3.817697277574733,-3.899721786051097,-3.8997217860723574,-3.8997217860723574
2016-12-19,225.25,225.52999877929688,11.710000038146973,9.949999809265137,23.057499070705617,-40.35467101692518,5.2791178602229625,5.279076418484484,5.279076418484477,-3.779249605629546,-3.7792496217044667,-3.7792496217044667,-3.899917116523023,-3.8999171165230306,-3.8999171165230306
2016-12-20,226.1499938964844,226.3999938964844,11.449999809265137,9.850000381469728,23.251633991676485,19.41349209708676,16.3200142050707,16.31998799076043,16.319987990759948,-3.77247333934647,-3.7724733475788446,-3.7724733475788446,-3.89994757137801,-3.899947571378492,-3.899947571378492
2016-12-21,226.25,225.77000427246097,11.270000457763672,9.329999923706056,22.633136041950706,-61.849794972577854,2.72712185933183,2.7271133232651987,2.7271133232651987,-3.8448218162608616,-3.844821817563605,-3.844821817563605,-3.8999829278667364,-3.8999829278667364,-3.8999829278667364
2016-12-22,225.6000061035156,225.3800048828125,11.43000030517578,9.34000015258789,22.54466288092057,-8.847316103013725,2.4487244473379084,2.4486897927568005,2.4486897927568005,-3.845994331315441,-3.845994331670732,-3.845994331670732,-3.899930690837785,-3.899930690837786,-3.899930690837786
2016-12-23,225.42999267578125,225.7100067138672,11.4399995803833,8.979999542236328,22.717647466931453,17.298458601088385,0.9220025837257815,0.9219942285344427,0.9219942285344427,-3.8733158325689185,-3.8733158330534003,-3.8733158330534003,-3.8999832896173228,-3.8999832896173228,-3.8999832896173228
2016-12-27,226.02000427246097,226.27000427246097,11.989999771118164,10.220000267028809,23.52727139832968,80.96239313982281,18.75996791196244,18.759918633086528,18.759918633084432,-3.854354970607291,-3.8543549924369076,-3.8543549924369076,-3.8999014422418856,-3.899901442243983,-3.899901442243983
2016-12-28,226.57000732421875,224.3999938964844,12.949999809265137,11.220000267028809,23.580280662871495,5.300926454181365,12.61024200692434,12.608223159814733,12.608223159769386,-3.4074575034445003,-3.4074582071698147,-3.407458207169819,-3.8959623056447477,-3.8959623056900954,-3.8959623056900954
2016-12-29,224.47999572753903,224.3500061035156,13.369999885559082,11.640000343322754,24.0337606816937,45.3480018822205,14.60498831966345,14.601919784186277,14.601919784057108,-3.270853750165254,-3.2708622069745568,-3.2708622069745754,-3.893862928658143,-3.893862928787313,-3.893862928787313
2016-12-30,224.72999572753903,223.52999877929688,14.039999961853027,12.68000030517578,24.438715825010632,40.49551433169327,24.136866600184753,24.11988230067478,24.119882285819976,-2.310499136730334,-2.3105174661105465,-2.3105174661204178,-3.8660313564156525,-3.8660313712704535,-3.8660313712704557
2017-01-03,225.0399932861328,225.2400054931641,12.850000381469728,11.989999771118164,23.67495744918685,-76.37583758237838,36.2665519266527,36.26495863716683,36.26495863225487,-2.8263601310555897,-2.8263650014986403,-2.8263650014986843,-3.896813406292367,-3.896813411204331,-3.896813411204331
2017-01-04,225.6199951171875,226.5800018310547,11.850000381469728,10.68000030517578,23.27036339753169,-40.45940516551596,9.09719469154071,9.096423986167126,9.096423986163918,-3.611571416247561,-3.611571510310543,-3.611571510310543,-3.8984585892432118,-3.89845858924642,-3.89845858924642
2017-01-05,226.27000427246097,226.3999938964844,11.670000076293944,9.949999809265137,22.92989901973661,-34.046437779507954,5.404288720614467,5.40423940895989,5.40423940895988,-3.7747521492240192,-3.774752170063297,-3.774752170063297,-3.8999013766908153,-3.899901376690826,-3.899901376690826
2017-01-06,226.52999877929688,227.2100067138672,11.31999969482422,9.1899995803833,23.03278244160183,10.288342186522215,1.8660933816119911,1.8660720706991238,1.8660720706991238,-3.857726363294175,-3.8577263633116763,-3.8577263633116763,-3.899957378174264,-3.899957378174264,-3.899957378174264
2017-01-09,226.91000366210935,226.4600067138672,11.5600004196167,9.4399995803833,22.706151926519155,-32.66305150826767,12.628354721587291,12.628349379994022,12.628349379994011,-3.780563558776334,-3.7805635593797713,-3.7805635593797713,-3.899989316813428,-3.899989316813439,-3.899989316813439
2017-01-10,226.47999572753903,226.4600067138672,11.489999771118164,8.880000114440918,22.596446008527096,-10.97059179920592,0.7307171694286199,0.7307097581401276,0.7307097581401276,-3.8754769578120905,-3.8754769578141484,-3.8754769578141484,-3.899985177423016,-3.899985177423016,-3.899985177423016
2017-01-11,226.36000061035156,227.1000061035156,11.260000228881836,8.880000114440918,22.726658211447678,13.021220292058189,0.788438216019351,0.788431580825991,0.788431580825991,-3.875592676600513,-3.8755926768413964,-3.8755926768413964,-3.8999867296132806,-3.8999867296132806,-3.8999867296132806
2017-01-12,226.5,226.52999877929688,11.539999961853027,9.31999969482422,22.62123094351825,-10.542726792942858,2.319552212660496,2.3195231451244833,2.3195231451244833,-3.8496495915786264,-3.849649591610124,-3.849649591610124,-3.8999418649279747,-3.8999418649279747,-3.8999418649279747
2017-01-13,226.72999572753903,227.0500030517578,11.229999542236328,8.989999771118164,22.59432655340744,-2.6904390110807697,1.8426084995449585,1.8426071894703053,1.8426071894703053,-3.857238896491887,-3.857238896537473,-3.857238896537473,-3.8999973798506935,-3.899997379850694,-3.899997379850694
2017-01-17,226.30999755859375,226.25,11.869999885559082,10.850000381469728,22.619542705393428,2.521615198598681,10.245339817147666,10.244432927694147,10.244432927691497,-3.5647156242952076,-3.5647161771979543,-3.5647161771979543,-3.898186221085014,-3.898186221087664,-3.898186221087664
2017-01-18,226.5399932861328,226.75,12.479999542236328,11.289999961853027,23.537253611228465,91.77109058350368,12.988374066928062,12.986192243327052,12.98619224327219,-3.383587727842918,-3.3835878799420316,-3.3835878799420374,-3.8956363526333955,-3.8956363526882587,-3.8956363526882587
2017-01-19,226.83999633789065,225.91000366210935,12.779999732971191,11.5,23.34431469913779,-19.293891209067482,32.06052382910535,32.05979791763089,32.059797917152515,-3.0826952059102988,-3.0826964647497657,-3.0826964647498536,-3.8985481756159555,-3.8985481760943252,-3.8985481760943252
2017-01-20,226.6999969482422,226.7400054931641,11.539999961853027,9.720000267028809,22.465026767715862,-87.92879314219277,4.699222778283632,4.69920857172851,4.699208571728489,-3.788255740479535,-3.7882557425270686,-3.7882557425270686,-3.899971586889692,-3.899971586889713,-3.899971586889713
2017-01-23,226.7400054931641,226.1499938964844,11.770000457763672,10.920000076293944,22.232471537336693,-23.25552303791696,11.662008325800263,11.661760726185417,11.661760726161466,-3.46277946254671,-3.4627796722841784,-3.4627796722841797,-3.899504800698455,-3.899504800722406,-3.899504800722406
2017-01-24,226.3999938964844,227.6000061035156,11.06999969482422,10.079999923706056,22.41321158202758,18.074004469088578,5.700804550294036,5.700623073904698,5.700623073904657,-3.7617199008510185,-3.761719960738971,-3.761719960738971,-3.8996370472212014,-3.899637047221244,-3.899637047221244
2017-01-25,228.6999969482422,229.57000732421875,10.8100004196167,10.0600004196167,23.51023435329767,109.70227712700904,6.8326260273216874,6.83258125298771,6.832581252987394,-3.712905460596721,-3.712905473614558,-3.712905473614558,-3.8999104513310994,-3.8999104513314147,-3.8999104513314147
2017-01-26,229.3999938964844,229.3300018310547,10.630000114440918,9.710000038146973,23.151209759139785,-35.90245941578836,4.530548297784371,4.530446136685541,4.530446136685532,-3.798241180212724,-3.7982411805281915,-3.7982411805281915,-3.8997956778023144,-3.899795677802323,-3.899795677802323
2017-01-27,229.4199981689453,228.97000122070312,10.579999923706056,9.359999656677246,22.816170316230526,-33.50394429092596,2.954685315316821,2.9546440622382573,2.9546440622382573,-3.8376048583561944,-3.837604858410839,-3.837604858410839,-3.899917493842872,-3.8999174938428727,-3.8999174938428727
2017-01-30,228.1699981689453,227.5500030517578,11.880000114440918,11.65999984741211,22.95306123064819,13.689091441766266,35.25961040589916,35.25814589294822,35.25814589278384,-3.0662786109049103,-3.0662829905990057,-3.06628299059902,-3.897070973604973,-3.8970709737693565,-3.8970709737693565
2017-01-31,226.97999572753903,227.52999877929688,11.989999771118164,11.770000457763672,23.01262949718935,5.956826654116298,34.79775031110788,34.79651287298582,34.796512870355805,-3.612000083901634,-3.612003280307552,-3.61200328030756,-3.8975251158658217,-3.897525118495843,-3.897525118495843
2017-02-01,227.52999877929688,227.6199951171875,11.8100004196167,12.039999961853027,22.85447136518475,-15.815813200460127,18.92381821011533,18.916569315667054,18.916569314256442,-2.895278637637193,-2.8952801663831815,-2.895280166383637,-3.885502206871603,-3.88550220828222,-3.88550220828222
2017-02-02,227.6199951171875,227.77000427246097,11.93000030517578,11.15999984741211,23.03095028786887,17.64789226841188,12.759872492862018,12.757734453973649,12.75773445392027,-3.394800361655998,-3.3948009747620493,-3.3948009747620547,-3.8957239220631243,-3.895723922116503,-3.895723922116503
2017-02-03,228.82000732421875,229.33999633789065,10.970000267028809,9.1899995803833,23.17471245961977,14.376217175090034,11.665557492597001,11.665554452667033,11.66555445266703,-3.821796658170176,-3.821796658380933,-3.821796658380933,-3.8999939201400546,-3.8999939201400564,-3.8999939201400564
2017-02-06,228.8699951171875,228.92999267578125,11.369999885559082,10.170000076293944,23.130538887927983,-4.417357169178615,19.552055525799716,19.552003701952913,19.552003701951442,-3.621450074113549,-3.6214500945609878,-3.6214500945609878,-3.899896352301985,-3.8998963523034584,-3.8998963523034584
2017-02-07,229.3800048828125,228.94000244140625,11.289999961853027,9.470000267028809,23.03096754747478,-9.95713404532026,3.4648497558920273,3.464820766516546,3.464820766516544,-3.8265540305178525,-3.8265540306047336,-3.8265540306047336,-3.8999420212490326,-3.899942021249034,-3.899942021249034
2017-02-08,228.94000244140625,229.2400054931641,11.449999809265137,9.600000381469728,23.343739083199956,31.27715357251759,14.5117050655273,14.511693510353966,14.511693510353899,-3.879191232525652,-3.879191234631024,-3.879191234631024,-3.899976889653132,-3.8999768896531983,-3.8999768896531983
2017-02-09,229.2400054931641,230.6000061035156,10.880000114440918,8.850000381469727,23.81413169437392,47.039261117396336,1.405910198008085,1.4059075868528534,1.4059075868528534,-3.8680627036544926,-3.868062703852332,-3.868062703852332,-3.899994777689537,-3.899994777689537,-3.899994777689537
2017-02-10,231.0,231.5099945068359,10.850000381469728,9.020000457763672,24.444633186948703,63.05014925747834,10.71439837402029,10.714395719842932,10.714395719842932,-3.8910510026036134,-3.891051002824428,-3.891051002824428,-3.8999946916452837,-3.8999946916452837,-3.8999946916452837
2017-02-13,232.0800018310547,232.77000427246097,11.06999969482422,9.31999969482422,25.475591778274353,103.09585913256498,13.584945632965377,13.58493594724998,13.58493594724998,-3.8819551999583046,-3.8819552016872807,-3.8819552016872807,-3.899980628569206,-3.899980628569206,-3.899980628569206
2017-02-14,232.55999755859375,233.6999969482422,10.739999771118164,8.9399995803833,25.963650454681733,48.80586764073804,1.8767512181872492,1.87674709320064,1.87674709320064,-3.857283836850104,-3.8572838368686533,-3.8572838368686533,-3.8999917500267816,-3.899991750026782,-3.899991750026782
2017-02-15,233.4499969482422,234.9199981689453,11.970000267028809,10.260000228881836,27.716574655045953,175.29242003642196,8.359342631760915,8.35899654310071,8.358996543099698,-3.653661967932656,-3.653661977123709,-3.653661977123709,-3.8993078226765534,-3.8993078226775655,-3.8993078226775655
2017-02-16,234.9499969482422,234.72000122070312,11.760000228881836,10.020000457763672,27.380469036438697,-33.610561860725596,20.44704084859201,20.446968835355683,20.446968835355655,-3.842187879968723,-3.842187917120418,-3.842187917120418,-3.899855973527255,-3.8998559735272824,-3.8998559735272824
2017-02-17,233.9499969482422,235.08999633789065,11.489999771118164,9.029999732971191,27.464172820809555,8.37037843708579,11.609145665619431,11.609141985079466,11.609141985079466,-3.88902689567356,-3.8890268960243124,-3.8890268960243124,-3.8999926389200703,-3.8999926389200703,-3.8999926389200703
2017-02-21,235.52000427246097,236.4900054931641,11.56999969482422,10.220000267028809,28.52324698839139,105.90741675818336,8.720461621643604,8.720435982357177,8.72043598235536,-3.633945451378497,-3.6339454651580696,-3.6339454651580696,-3.899948721421694,-3.899948721423511,-3.899948721423511
2017-02-22,236.02000427246097,236.27999877929688,11.739999771118164,10.390000343322754,28.41800331903138,-10.524366936000717,24.64714225022228,24.64693496692611,24.64693496692562,-3.7968378976270576,-3.7968381002659255,-3.7968381002659255,-3.899585433406199,-3.8995854334066853,-3.8995854334066853
2017-02-23,236.8800048828125,236.44000244140625,11.710000038146973,10.149999618530272,28.49755281303214,7.954949400075861,22.65156853654136,22.651452462132454,22.651452462132376,-3.822761955864849,-3.8227620060814673,-3.8227620060814673,-3.899767851181948,-3.899767851182024,-3.899767851182024
2017-02-24,235.4600067138672,236.7400054931641,11.470000267028809,9.40999984741211,28.574444081699454,7.6891268667313994,4.256057296285984,4.256055192860742,4.2560551928607335,-3.804774724576796,-3.8047747248685173,-3.8047747248685173,-3.899995793149492,-3.8999957931494995,-3.8999957931494995
2017-02-27,236.63999938964844,237.11000061035156,12.09000015258789,10.829999923706056,29.137808458498437,56.33643767989831,13.55010906337442,13.549504054777566,13.549504054690479,-3.3390317427968816,-3.3390319590501174,-3.3390319590501174,-3.898789982545031,-3.898789982632119,-3.898789982632119
2017-02-28,236.6699981689453,236.47000122070312,12.920000076293944,11.890000343322754,29.11521509991653,-2.2593358581907808,22.295966379961847,22.29241219309138,22.292412192757077,-2.5304335901467487,-2.5304384154701554,-2.530438415470212,-3.8928916252561634,-3.8928916255904658,-3.8928916255904658
2017-03-01,238.38999938964844,239.77999877929688,12.539999961853027,10.56999969482422,31.549229540457972,243.4014440541443,11.819750953945674,11.819678229674718,11.819678229662648,-3.468535996166475,-3.4685360569436243,-3.4685360569436243,-3.8998545514218756,-3.8998545514339464,-3.8998545514339464
2017-03-02,239.55999755859375,238.27000427246097,11.8100004196167,9.600000381469728,29.84929882071445,-169.99307197435235,6.201454016432443,6.201446123508498,6.201446123508495,-3.7399855436259655,-3.739985545934113,-3.739985545934113,-3.899984214152104,-3.8999842141521066,-3.8999842141521066
2017-03-03,238.1699981689453,238.4199981689453,10.960000038146973,8.5600004196167,29.536785615787032,-31.25132049274164,1.8875381526539918,1.8875358606721324,1.8875358606721324,-3.8919363959670226,-3.8919363959699083,-3.8919363959699083,-3.8999954160362815,-3.8999954160362815,-3.8999954160362815
2017-03-06,237.5,237.7100067138672,11.239999771118164,9.670000076293944,28.953507877788166,-58.32777379988663,6.015364756900766,6.015358084465451,6.015358084465353,-3.7482017961749743,-3.74820179792433,-3.74820179792433,-3.8999866551290765,-3.8999866551291738,-3.8999866551291738
2017-03-07,237.36000061035156,237.0,11.449999809265137,10.229999542236328,28.419767231880208,-53.37406459079581,9.337511380679553,9.337154029721692,9.337154029720343,-3.60982861311233,-3.6098286264825,-3.6098286264825,-3.899285298080235,-3.8992852980815824,-3.8992852980815824
2017-03-08,237.33999633789065,236.55999755859375,11.859999656677246,10.90999984741211,28.241486975709257,-17.828025617095022,14.053831323733055,14.052598661292196,14.052598661251428,-3.3210574346141213,-3.3210575935645883,-3.3210575935645883,-3.8975346749959785,-3.897534675036744,-3.897534675036744
2017-03-09,236.6999969482422,236.86000061035156,12.300000190734863,11.779999732971191,28.708239198047504,46.6752222338247,21.56993817686306,21.567017961931683,21.567017961716466,-2.608759392433705,-2.608763364947947,-2.6087633649479827,-3.894159569491592,-3.8941595697068068,-3.8941595697068068
2017-03-10,237.97000122070312,237.69000244140625,11.65999984741211,10.670000076293944,29.0140493911498,30.581019310229607,28.45663870876917,28.45621295097186,28.45621295096891,-3.742852238785564,-3.7428527198481354,-3.742852719848136,-3.8991484843965334,-3.8991484843994813,-3.8991484843994813
2017-03-13,237.6199951171875,237.80999755859375,11.350000381469728,10.779999732971191,28.867132825794478,-14.69165653553226,13.406952912795047,13.406806277770352,13.40680627776806,-3.3502134853627097,-3.35021368460526,-3.35021368460526,-3.899706729943735,-3.899706729946025,-3.899706729946025
2017-03-14,237.17999267578125,236.8999938964844,12.300000190734863,11.779999732971191,28.56397103445378,-30.3161791340699,22.053536615841878,22.049891305796976,22.049891304929197,-3.375837022494661,-3.375839229086867,-3.375839229087182,-3.892709377306855,-3.8927093781746374,-3.8927093781746374
2017-03-15,237.55999755859375,238.9499969482422,11.630000114440918,10.760000228881836,29.919959993550897,135.5988959097118,13.00134949667846,13.001224716530194,13.001224716475127,-3.3817010313043,-3.3817011856848125,-3.3817011856848125,-3.8997504395382734,-3.899750439593339,-3.899750439593339
2017-03-16,239.11000061035156,238.47999572753903,11.210000038146973,9.739999771118164,29.292112889543517,-62.784710400737964,8.253000573916509,8.252928509806699,8.25292850980667,-3.8442388845398,-3.8442388872813176,-3.8442388872813176,-3.899855871780294,-3.8998558717803236,-3.8998558717803236
2017-03-17,237.75,237.02999877929688,11.279999732971191,9.869999885559082,28.032697352359182,-125.9415537184335,8.293352020588364,8.293283533940233,8.293283533940224,-3.8401212906263895,-3.8401213022177134,-3.8401213022177134,-3.899863026703709,-3.8998630267037186,-3.8998630267037186
2017-03-20,237.02999877929688,236.77000427246097,11.34000015258789,10.229999542236328,27.7407692568811,-29.192809547808096,23.494681152720815,23.494518985049645,23.49451898504939,-3.8104418698035682,-3.810441888897822,-3.810441888897822,-3.8996756646568973,-3.8996756646571535,-3.8996756646571535
2017-03-21,237.47000122070312,233.72999572753903,12.470000267028809,14.229999542236328,25.894759289966547,-184.6009966914554,-207.52513834958182,-207.54844239330524,-207.54844555354626,1.4124095034947244,1.4120202415136944,1.41202024086257,-3.8533824318272196,-3.8533855920682134,-3.8533855920692095
2017-03-22,233.77000427246097,234.27999877929688,12.8100004196167,14.510000228881836,26.507629808260933,61.28705182943861,48.976299736212994,48.915670980901844,48.91566449042207,2.0188300653501035,2.0181968196465148,2.0181968173779996,-3.778723017928013,-3.7787295084077877,-3.7787295084112404
2017-03-23,234.27999877929688,234.02999877929688,13.119999885559082,15.140000343322754,26.492719782050234,-1.4910026210699812,55.9464300656427,55.81740425133155,55.81739306459354,3.5253136226818693,3.524288630091685,3.524288580472561,-3.6419148111364086,-3.641925997874413,-3.6419259978835017
2017-03-24,234.3800048828125,233.86000061035156,12.960000038146973,13.43000030517578,26.21310331994651,-27.961646210372493,35.48631353051258,35.45471400074572,35.45471374377927,-0.7133585075964723,-0.7134250417158499,-0.7134250421248236,-3.836800169566893,-3.8368004265333457,-3.836800426533354
2017-03-27,231.92999267578125,233.6199951171875,12.5,12.119999885559082,25.60100526727235,-61.20980526741597,41.982163093820446,41.97899502486059,41.97899502435349,-3.4009009328597704,-3.400914207814382,-3.4009142078145507,-3.893663860558987,-3.8936638610660856,-3.8936638610660856
2017-03-28,233.27000427246097,235.32000732421875,11.529999732971191,10.510000228881836,26.345448793043666,74.44435257713167,10.321745467410295,10.321398911181316,10.32139891117915,-3.5622432727542863,-3.5622432914740845,-3.5622432914740845,-3.8993068875355426,-3.899306887537708,-3.899306887537708
2017-03-29,234.9900054931641,235.5399932861328,11.420000076293944,10.079999923706056,26.437934471195437,9.248567815177111,21.056925125841964,21.056837432620966,21.056837432620917,-3.836153997257796,-3.836154049417492,-3.836154049417492,-3.8998246135578607,-3.89982461355791,-3.89982461355791
2017-03-30,235.47000122070312,236.2899932861328,11.539999961853027,9.579999923706056,27.095931047925767,65.799657673033,5.093789950984945,5.093786234330185,5.0937862343301585,-3.7798381409739195,-3.779838141676497,-3.779838141676497,-3.8999925666903996,-3.8999925666904263,-3.8999925666904263
2017-03-31,235.8999938964844,235.7400054931641,12.369999885559082,9.65999984741211,27.044615682749754,-5.131536517601276,17.553361513362354,17.55333144535613,17.55333144535613,-3.86394836088254,-3.8639483675048503,-3.8639483675048503,-3.899939863987538,-3.89993986398754,-3.89993986398754
2017-04-03,235.8000030517578,235.3300018310547,12.380000114440918,10.15999984741211,26.608054712974127,-43.6560969775627,9.984987336663284,9.984878751399698,9.984878751399654,-3.823797492537238,-3.8237975246795837,-3.8237975246795837,-3.8997828294726906,-3.899782829472736,-3.899782829472736
2017-04-04,235.0,235.47999572753903,11.789999961853027,9.510000228881836,26.370789047722766,-23.72656652513605,15.874502093506093,15.874482161498952,15.874482161498952,-3.872347859721746,-3.8723478649078835,-3.8723478649078835,-3.899960135985715,-3.8999601359857157,-3.8999601359857157
2017-04-05,236.2599945068359,234.77999877929688,12.890000343322754,11.890000343322754,26.400827566596234,3.003851887346798,21.991361539836255,21.986798620227816,21.98679861874823,-2.6075218393689874,-2.6075243369431287,-2.607524336943742,-3.8908741563443736,-3.890874157823957,-3.890874157823957
2017-04-06,234.94000244140625,235.44000244140625,12.390000343322754,10.270000457763672,26.59126027733695,19.043271074071555,22.881423430330813,22.88129339215486,22.88129339215474,-3.819121165022423,-3.8191212577861204,-3.8191212577861204,-3.89973992364772,-3.8997399236478456,-3.8997399236478456
2017-04-07,235.1499938964844,235.1999969482422,12.869999885559082,10.0600004196167,26.640672563247556,4.941228591060565,8.84007037118611,8.839954948309694,8.839954948309595,-3.8275353277681834,-3.827535332599334,-3.827535332599334,-3.899769154246871,-3.8997691542469717,-3.8997691542469717
2017-04-10,235.36000061035156,235.33999633789065,14.050000190734863,10.359999656677246,27.373235323188997,73.2562759941441,9.60875802795461,9.608367466321983,9.608367466319981,-3.596006247777048,-3.5960062636685355,-3.5960062636685355,-3.8992188767287432,-3.8992188767307443,-3.8992188767307443
2017-04-11,234.8999938964844,235.05999755859375,15.06999969482422,10.539999961853027,27.82863014475553,45.53948215665322,25.678196045099284,25.677963693596645,25.677963693596134,-3.7865474011858478,-3.7865476229998998,-3.7865476229998998,-3.8995352969931925,-3.8995352969937085,-3.8995352969937085
2017-04-12,234.7400054931641,234.02999877929688,15.770000457763672,10.90999984741211,27.582588853483458,-24.60412912720713,14.195934067484805,14.195412607265583,14.195412607137717,-3.288084559032203,-3.2880848525880104,-3.2880848525880104,-3.898957079177963,-3.8989570793058275,-3.8989570793058275
2017-04-13,233.63999938964844,232.5099945068359,15.960000038146973,12.75,26.66897341037624,-91.36154431072185,28.608191058449734,28.598516952294318,28.598516890619557,-1.7336387975796166,-1.7336613712167193,-1.7336613712190498,-3.8806516026648814,-3.880651664339641,-3.8806516643396414
2017-04-17,233.11000061035156,234.57000732421875,14.65999984741211,13.4399995803833,26.90549068836679,23.651727799055067,60.780018600616934,60.758542962452175,60.75854288149667,-2.4108612115763175,-2.411128880912506,-2.4111288810469835,-3.8570484808036576,-3.8570485617591586,-3.8570485617592585
2017-04-18,233.72000122070312,233.8699951171875,14.420000076293944,14.199999809265137,26.182558253374005,-72.2932434992785,44.76089737704946,44.7149188924943,44.71491587574716,1.1010334930086731,1.1006688068495585,1.1006688060862286,-3.8080339806457735,-3.808036997392919,-3.808036997393743
2017-04-19,234.52000427246097,233.44000244140625,14.93000030517578,16.200000762939453,26.195173417501607,1.261516412760244,69.5202066660076,69.40338454123241,69.4032943733105,7.297577700301025,7.293274956362826,7.293274855202869,-3.6660852449579657,-3.6661754128798756,-3.666175413455183
2017-04-20,234.1499938964844,235.33999633789065,14.149999618530272,15.829999923706056,27.007685071718363,81.25116542167561,98.62717359280454,98.43178715324038,98.43176738849529,1.6757641655139315,1.6732119165275945,1.6732117302602711,-3.5091678264255814,-3.509187591170671,-3.50918759124095
2017-04-21,235.25,234.58999633789065,14.630000114440918,17.09000015258789,26.716714354296702,-29.097071742166136,83.98355632149465,83.49798446568253,83.49780057767279,11.67161072719574,11.660919816888457,11.660916382531086,-2.928304612083208,-2.92848850009297,-2.9284885041806588
2017-04-24,237.17999267578125,237.1699981689453,10.84000015258789,9.960000038146973,26.758710577145308,4.199622284860638,8.52403042416253,8.52391031711733,8.523910317117226,-3.8259152567608394,-3.8259152610492895,-3.8259152610492895,-3.8997597859092847,-3.8997597859093913,-3.8997597859093913
2017-04-25,237.91000366210935,238.5500030517578,10.760000228881836,9.800000190734863,27.95522596296129,119.65153858159816,19.585073526916304,19.58501879272079,19.58501879272078,-3.84978219282827,-3.8497822101331485,-3.8497822101331485,-3.899890531608942,-3.8998905316089534,-3.8998905316089534
2017-04-26,238.5099945068359,238.3999938964844,10.850000381469728,9.789999961853027,27.813576923980666,-14.16490389806242,6.9184926775031155,6.918481750739224,6.918481750738939,-3.7137909661997512,-3.713790969927663,-3.713790969927663,-3.8999781464713656,-3.8999781464716494,-3.8999781464716494
2017-04-27,238.77000427246097,238.6000061035156,10.359999656677246,9.239999771118164,27.835268537970137,2.169161398947139,5.218204677980287,5.21819158297078,5.21819158297078,-3.87610390351687,-3.876103904425904,-3.876103904425904,-3.8999738099809846,-3.899973809980985,-3.899973809980985
2017-04-28,238.8999938964844,238.0800018310547,10.81999969482422,9.420000076293944,27.451487299690836,-38.37812382793011,16.48399286483553,16.48397138644328,16.48397138644328,-3.8701036681576166,-3.870103672054106,-3.870103672054106,-3.899957043215499,-3.8999570432155,-3.8999570432155
2017-05-01,238.67999267578125,238.67999267578125,10.109999656677246,9.489999771118164,27.736211600437635,28.472430074679878,5.911348753136199,5.911317487675808,5.911317487675808,-3.748444047549558,-3.7484440495015336,-3.7484440495015336,-3.8999374690792163,-3.8999374690792172,-3.8999374690792172
2017-05-02,238.83999633789065,238.77000427246097,10.59000015258789,10.489999771118164,27.90301105859453,16.67994581568948,13.502693866648206,13.502390800057016,13.502390800056189,-3.766136827702792,-3.7661370196753277,-3.7661370196753277,-3.899393866815136,-3.8993938668159642,-3.8993938668159642
2017-05-03,238.77000427246097,238.47999572753903,10.68000030517578,10.779999732971191,27.627694921007915,-27.531613758661422,14.873721611956059,14.873155682694419,14.873155682691111,-3.7066382894593257,-3.7066386717596735,-3.7066386717596735,-3.8988681414667927,-3.8988681414701025,-3.8988681414701025
2017-05-04,238.8300018310547,238.7599945068359,10.460000038146973,11.039999961853027,27.8034455993093,17.57506783013838,17.54197116752031,17.541063385909617,17.541063385895022,-3.6507939631068846,-3.6507949924359417,-3.650794992435943,-3.898184436734827,-3.898184436749428,-3.898184436749428
2017-05-05,239.19000244140625,239.6999969482422,10.56999969482422,11.4399995803833,28.678157291027375,87.47116917180762,19.86296029874289,19.86041208616433,19.86041208582578,-3.4742189953470435,-3.4742201085947126,-3.4742201085947135,-3.8949035738272224,-3.894903574165775,-3.894903574165775
2017-05-08,239.75,239.66000366210935,9.770000457763672,9.09000015258789,28.407204089231378,-27.095320179599724,4.524247626300179,4.524238080124801,4.524238080124801,-3.8797524690805596,-3.879752469551902,-3.879752469551902,-3.899980907649246,-3.899980907649246,-3.899980907649246
2017-05-09,239.9600067138672,239.44000244140625,9.960000038146973,9.3100004196167,28.20096753360489,-20.623655562648935,15.808711835194254,15.80869328843392,15.80869328843392,-3.8730528847860017,-3.873052884822994,-3.873052884822994,-3.899962906479335,-3.899962906479336,-3.899962906479336
2017-05-10,239.38999938964844,239.8699951171875,10.210000038146973,9.43000030517578,28.625860994994802,42.48934613899138,5.173614186557749,5.173610733749875,5.173610733749859,-3.779095085982356,-3.779095086552389,-3.779095086552389,-3.899993094384203,-3.8999930943842203,-3.8999930943842203
2017-05-11,239.3500061035156,239.3800048828125,10.600000381469728,10.350000381469728,28.209966633493664,-41.58943615011381,10.70223129087485,10.702184538915052,10.702184538911089,-3.5370444767116793,-3.537044506322037,-3.537044506322037,-3.899906496068516,-3.8999064960724783,-3.8999064960724783
2017-05-12,239.08999633789065,238.97999572753903,10.399999618530272,9.399999618530272,27.76362006298043,-44.6346570513235,16.66588090778523,16.665852989903634,16.665852989903634,-3.8672642464402296,-3.867264247025821,-3.867264247025821,-3.899944164236802,-3.8999441642368047,-3.8999441642368047
2017-05-15,239.47000122070312,240.3000030517578,10.420000076293944,9.15999984741211,28.93124653201204,116.76264690316103,3.8183839449885237,3.818382389265703,3.8183823892656985,-3.816285451039489,-3.8162854512240463,-3.8162854512240463,-3.8999968885543463,-3.8999968885543503,-3.8999968885543503
2017-05-16,240.63999938964844,240.0800018310547,10.649999618530272,8.960000038146973,28.73490761455542,-19.633891745661813,3.483091936039755,3.4830904936109217,3.4830904936109217,-3.8224719612367646,-3.8224719614044886,-3.8224719614044886,-3.899997115142334,-3.899997115142334,-3.899997115142334
2017-05-17,240.0800018310547,235.82000732421875,15.59000015258789,20.170000076293945,27.007937764549368,-172.69698500060537,-249.50781489095303,-251.81175663022557,-251.81856070142143,22.212989096588466,22.12283556676175,22.122466425637214,0.728303531187386,0.7214994599915308,0.7214968471232126
2017-05-18,235.72999572753903,236.77000427246097,14.65999984741211,16.670000076293945,27.180269548025528,17.23317834761602,78.81003891240293,78.46001586832277,78.45995526859815,10.180871773531456,10.171566339902203,10.171565627068574,-3.199772099320363,-3.1998326990449972,-3.1998327034934704
2017-05-19,237.3300018310547,238.30999755859375,12.039999961853027,10.979999542236328,27.35339763230515,17.312808427962167,14.609122084093341,14.607762869984102,14.607762869930033,-3.280762417340133,-3.2807626161776984,-3.2807626161776984,-3.8972815716193145,-3.8972815716733833,-3.8972815716733833
2017-05-22,238.8999938964844,239.52000427246097,10.93000030517578,9.390000343322754,28.08608518217731,73.26875498721606,16.218142755565488,16.218123062914607,16.218123062914607,-3.8715139072681293,-3.871513910672036,-3.871513910672036,-3.8999606146982364,-3.899960614698237,-3.899960614698237
2017-05-23,239.9499969482422,240.0500030517578,10.720000267028809,9.31999969482422,28.51793687893438,43.1851696757068,15.89439605838738,15.894377210192237,15.894377210192237,-3.8727112840618907,-3.8727112840994447,-3.8727112840994447,-3.8999623036097115,-3.8999623036097124,-3.8999623036097124
2017-05-24,240.32000732421875,240.61000061035156,10.020000457763672,8.5600004196167,28.923651541075806,40.57146621414276,1.582707412975437,1.5827072584052058,1.5827072584052058,-3.864503366052169,-3.864503366056283,-3.864503366056283,-3.899999690859537,-3.899999690859537,-3.899999690859537
2017-05-25,241.1999969482422,241.7599945068359,9.989999771118164,8.119999885559082,30.00934568790979,108.56941468339834,0.5415602039557736,0.5415594702394753,0.5415594702394753,-3.895665785393693,-3.8956657853939376,-3.8956657853939376,-3.8999985325674023,-3.8999985325674023,-3.8999985325674023
2017-05-26,241.5399932861328,241.7100067138672,9.8100004196167,7.599999904632568,29.917438602428003,-9.190708548178605,-1.327324955279535,-1.3273249578230253,-1.3273249578230253,-3.894166401522558,-3.894166401522568,-3.894166401522568,-3.8999999949130197,-3.8999999949130197,-3.8999999949130197
2017-05-30,241.33999633789065,241.5,10.380000114440918,9.039999961853027,29.665433142077035,-25.20054603509685,3.726754610252388,3.7267534498041925,3.7267534498041908,-3.820746518816905,-3.820746518914658,-3.820746518914658,-3.899997679103605,-3.899997679103606,-3.899997679103606
2017-05-31,241.83999633789065,241.44000244140625,10.40999984741211,8.710000038146973,29.583741132867733,-8.169200920930209,3.774922433946114,3.774919262781987,3.774919262781987,-3.889348507372906,-3.889348507373847,-3.889348507373847,-3.8999936576717453,-3.8999936576717453,-3.8999936576717453
2017-06-01,241.97000122070312,243.36000061035156,9.890000343322754,8.5,31.38693862193517,180.31974890674363,9.850908350600504,9.85090669465635,9.85090669465635,-3.8930070349225585,-3.8930070349229355,-3.8930070349229355,-3.8999966881116945,-3.8999966881116945,-3.8999966881116945
2017-06-02,243.4199981689453,244.1699981689453,9.75,8.470000267028809,32.152215105806896,76.52764838717268,1.4969090935194815,1.4969089183922843,1.4969089183922843,-3.864961501144782,-3.864961501150854,-3.864961501150854,-3.8999996497456073,-3.8999996497456073,-3.8999996497456073
2017-06-05,243.97000122070312,243.9900054931641,10.06999969482422,9.6899995803833,31.916938608466904,-23.527649733999212,20.84990211235956,20.8498207771422,20.849820777142163,-3.8383743398008514,-3.8383743404119013,-3.8383743404119013,-3.8998373295651634,-3.899837329565201,-3.899837329565201
2017-06-06,243.33999633789065,243.2100067138672,10.449999809265137,10.390000343322754,31.15152107629008,-76.54175321768228,12.197768801991822,12.19769027223264,12.197690272232512,-3.683740658203651,-3.6837407229770798,-3.6837407229770798,-3.8998429404812454,-3.8998429404813746,-3.8998429404813746
2017-06-07,243.6000061035156,243.66000366210935,10.390000343322754,10.130000114440918,31.56205725516086,41.05361788707782,10.584874385962937,10.584817530625893,10.584817530625804,-3.532422609387962,-3.532422656264919,-3.532422656264919,-3.8998862893256465,-3.8998862893257344,-3.8998862893257344
2017-06-08,243.77000427246097,243.77999877929688,10.15999984741211,9.619999885559082,31.639515535625556,7.745828046469683,8.421242313822358,8.421217961725148,8.421217961725139,-3.8417635747134606,-3.841763574990661,-3.841763574990661,-3.8999512958055558,-3.899951295805565,-3.899951295805565
2017-06-09,244.08999633789065,243.41000366210935,10.699999809265137,10.369999885559082,31.288592311255247,-35.09232243703089,14.046489096802295,14.046025813026711,14.046025813022714,-3.7386752854239758,-3.7386753029651634,-3.7386753029651634,-3.899073432436836,-3.899073432440835,-3.899073432440835
2017-06-12,243.1300048828125,243.36000061035156,11.460000038146973,11.350000381469728,31.230430167691647,-5.81621435635995,21.273057816105407,21.270351980708703,21.27035198031046,-3.4567936302321876,-3.4567941090902616,-3.4567941090902634,-3.8945883280118423,-3.8945883284100926,-3.8945883284100926
2017-06-13,243.97999572753903,244.5500030517578,10.420000076293944,9.350000381469728,32.286037274285654,105.56071065940067,17.584468299432828,17.58443504023164,17.584435040231632,-3.862841525213106,-3.862841525327115,-3.862841525327115,-3.8999334815976026,-3.899933481597606,-3.899933481597606
2017-06-14,244.86000061035156,244.2400054931641,10.640000343322754,9.90999984741211,31.96797277557996,-31.80644987056951,11.458109524390183,11.457965049873934,11.457965049873811,-3.8121562061768266,-3.8121562076933064,-3.8121562076933064,-3.89971105096713,-3.8997110509672526,-3.8997110509672526
2017-06-15,242.67999267578125,243.77000427246097,10.899999618530272,10.140000343322754,31.498395640650006,-46.95771349299527,10.812924176836042,10.812860174459606,10.812860174459408,-3.7791898964259243,-3.779189952187653,-3.779189952187653,-3.8998719952465337,-3.899871995246732,-3.899871995246732
2017-06-16,242.77000427246097,242.63999938964844,10.380000114440918,8.329999923706055,30.327807537073326,-117.05881035766801,1.8210327315099644,1.8210324350228877,1.8210324350228877,-3.8943190660558797,-3.894319066068566,-3.894319066068566,-3.8999994070258466,-3.8999994070258466,-3.8999994070258466
2017-06-19,243.58999633789065,244.66000366210935,10.369999885559082,8.520000457763672,32.24106506054023,191.32575234669034,1.8915386383998305,1.8915382915266985,1.8915382915266985,-3.856840293956017,-3.8568402939749955,-3.8568402939749955,-3.8999993062537355,-3.8999993062537355,-3.8999993062537355
2017-06-20,244.25,243.0099945068359,10.859999656677246,9.420000076293944,30.619413964014743,-162.1651096525486,6.597619928818965,6.597613447315352,6.597613447315323,-3.841692316438473,-3.841692316986814,-3.841692316986814,-3.89998703699269,-3.8999870369927176,-3.8999870369927176
2017-06-21,243.4600067138672,242.9499969482422,10.75,9.5600004196167,30.526602836814597,-9.281112720014661,6.70042680625091,6.700417649371607,6.700417649371607,-3.723815767100775,-3.723815769833813,-3.723815769833813,-3.8999816862413956,-3.899981686241396,-3.899981686241396
2017-06-22,242.9600067138672,242.83999633789065,10.479999542236328,9.229999542236328,30.37556698679767,-15.10358500169282,16.121038099372647,16.121017556686617,16.121017556686617,-3.8714531975924125,-3.871453197637042,-3.871453197637042,-3.8999589146279234,-3.8999589146279243,-3.8999589146279243
2017-06-23,242.91000366210935,243.1300048828125,10.020000457763672,8.380000114440918,30.61344783000943,23.78808432117623,3.0855164780555615,3.0855153857959703,3.0855153857959703,-3.8942759611914597,-3.89427596119161,-3.89427596119161,-3.899997815480818,-3.899997815480818,-3.899997815480818
2017-06-26,243.8999938964844,243.2899932861328,9.899999618530272,8.699999809265137,30.69281666572276,7.936883571332842,4.611699268381612,4.611695282446307,4.611695282446307,-3.8882494160670404,-3.888249416068779,-3.888249416068779,-3.899992028129391,-3.899992028129391,-3.899992028129391
2017-06-27,243.0399932861328,241.3300018310547,11.0600004196167,10.5,28.807048184676837,-188.5768481045922,29.19635221632845,29.195840626012455,29.195840626007346,-3.727891409723989,-3.7278914304282456,-3.7278914304282456,-3.8989768193526966,-3.898976819357801,-3.898976819357801
2017-06-28,242.5,243.4900054931641,10.029999732971191,8.489999771118164,30.84592739596177,203.88792112849325,1.462782800926517,1.4627826034235323,1.4627826034235323,-3.8648059154342103,-3.8648059154421555,-3.8648059154421555,-3.89999960499403,-3.89999960499403,-3.89999960499403
2017-06-29,243.66000366210935,241.3500061035156,11.4399995803833,11.369999885559082,28.80585044394673,-204.00769520150385,20.623766273801742,20.622902618829443,20.622902618751276,-3.422156371864915,-3.422159282451354,-3.4221592824513727,-3.8982726898208977,-3.8982726898990627,-3.8982726898990627
2017-06-30,242.27999877929688,241.8000030517578,11.18000030517578,9.93000030517578,29.193086031889578,38.723558794284685,9.038884469854597,9.03886235215654,9.038862352156022,-3.790748678718031,-3.790748687281349,-3.790748687281349,-3.8999557646023293,-3.8999557646028493,-3.8999557646028493
2017-07-03,242.8800048828125,242.2100067138672,11.220000267028809,10.210000038146973,29.515581875926006,32.24958440364283,13.218989907308247,13.218750215104558,13.21875021510405,-3.7838858434966545,-3.7838858476250983,-3.7838858476250983,-3.8995206155910997,-3.8995206155916073,-3.8995206155916073
2017-07-05,242.6300048828125,242.77000427246097,11.06999969482422,9.649999618530272,30.002617198928355,48.7035323002349,7.432464998232284,7.432449471177245,7.432449471177241,-3.6894490329933363,-3.6894490394586112,-3.6894490394586112,-3.89996894588991,-3.899968945889913,-3.899968945889913
2017-07-06,241.88999938964844,240.5500030517578,12.539999961853027,11.529999732971191,27.95626041693042,-204.6356781997936,23.741319426078483,23.73860948178337,23.738609481482136,-3.4404196073914357,-3.4404200152391606,-3.4404200152392397,-3.8945801105060776,-3.894580110807315,-3.894580110807315
2017-07-07,241.2100067138672,242.11000061035156,11.1899995803833,9.260000228881836,23.059235558975942,-492.30248579544775,5.317809894094006,5.317776730615771,5.317776730615767,-3.8640295610191444,-3.8640295613348385,-3.8640295613348385,-3.899933673043517,-3.89993367304352,-3.89993367304352
2017-07-10,242.11000061035156,242.3699951171875,11.109999656677246,9.899999618530272,22.920694229491914,-13.854132948402764,9.999424435467075,9.999281550881784,9.999281550881603,-3.817736523297561,-3.817736525222406,-3.817736525222406,-3.899714230828879,-3.8997142308290593,-3.8997142308290593
2017-07-11,242.3699951171875,242.19000244140625,10.890000343322754,9.369999885559082,22.444914967920113,-47.57792615718017,5.502604547145596,5.502600444155616,5.502600444155595,-3.768951337408348,-3.7689513381281428,-3.7689513381281428,-3.8999917940199786,-3.899991794020001,-3.899991794020001
2017-07-12,243.3000030517578,244.0099945068359,10.300000190734863,8.0600004196167,22.19472601138085,-25.018895653926165,0.23213260232876642,0.23213257667441844,0.23213257667441844,-3.894144604326471,-3.894144604326707,-3.894144604326707,-3.8999999486913044,-3.8999999486913044,-3.8999999486913044
2017-07-13,244.02000427246097,244.4199981689453,9.899999618530272,8.010000228881836,21.712571473795307,-48.21545375855436,6.9840480110534795,6.984047662070983,6.984047662070983,-3.897109786998071,-3.897109786998091,-3.897109786998091,-3.899999302035006,-3.899999302035006,-3.899999302035006
2017-07-14,244.4199981689453,245.55999755859375,9.510000228881836,7.550000190734863,21.64459016470414,-6.798130909116651,-1.27787033342514,-1.277870335518946,-1.277870335518946,-3.8941392436440316,-3.8941392436440383,-3.8941392436440383,-3.8999999958123883,-3.8999999958123883,-3.8999999958123883
2017-07-17,245.47000122070312,245.52999877929688,9.81999969482422,8.390000343322754,22.004214054162894,35.96238894587529,1.454438834953308,1.454438650174131,1.454438650174131,-3.86519752750238,-3.865197527509367,-3.865197527509367,-3.899999630441646,-3.899999630441646,-3.899999630441646
2017-07-18,245.05999755859375,245.66000366210935,9.890000343322754,8.4399995803833,22.144553744045034,14.033968988213985,3.1181093927801404,3.1181069470370613,3.1181069470370613,-3.891570740262275,-3.8915707402631083,-3.8915707402631083,-3.8999951085138416,-3.8999951085138416,-3.8999951085138416
2017-07-19,246.02000427246097,246.9900054931641,9.789999961853027,7.849999904632568,22.66286238172524,51.83086376802066,6.365682774041831,6.365682544124743,6.365682544124743,-3.897704117194094,-3.897704117194103,-3.897704117194103,-3.8999995401658247,-3.8999995401658247,-3.8999995401658247
2017-07-20,247.27999877929688,247.1000061035156,9.579999923706056,7.690000057220459,22.385735636124302,-27.71267456009383,-0.4620635351143645,-0.46206354270437977,-0.46206354270437977,-3.896779896811385,-3.8967798968114025,-3.8967798968114025,-3.8999999848199693,-3.8999999848199693,-3.8999999848199693
2017-07-21,246.44000244140625,246.8800048828125,9.359999656677246,7.099999904632568,21.914437437722647,-47.12981984016551,-2.125870370723403,-2.125870370910773,-2.125870370910773,-3.8978089054826017,-3.8978089054826017,-3.8978089054826017,-3.8999999996252606,-3.8999999996252606,-3.8999999996252606
2017-07-24,246.7899932861328,246.82000732421875,9.43000030517578,7.639999866485596,21.885450551554975,-2.898688616767231,-0.005421434202629083,-0.005421460111184828,-0.005421460111184828,-3.898532985680991,-3.898532985680992,-3.898532985680992,-3.899999948182888,-3.899999948182888,-3.899999948182888
2017-07-25,247.67999267578125,247.4199981689453,9.43000030517578,7.869999885559082,22.19123328673831,30.578273518333532,0.3201429873516499,0.3201429339502102,0.3201429339502102,-3.8965025823881554,-3.896502582388162,-3.896502582388162,-3.8999998931971214,-3.8999998931971214,-3.8999998931971214
2017-07-26,247.75,247.42999267578125,9.600000381469728,8.069999694824219,22.404906365691026,21.367307895271637,1.3543871140999277,1.3543869316703958,1.3543869316703958,-3.8952127987376226,-3.8952127987376546,-3.8952127987376546,-3.899999635140936,-3.899999635140936,-3.899999635140936
2017-07-27,247.9600067138672,247.1999969482422,10.109999656677246,9.029999732971191,22.98093242189303,57.602605620200364,7.83032350128981,7.830303828527157,7.830303828527155,-3.872114068457058,-3.872114068497764,-3.872114068497764,-3.899960654474694,-3.899960654474695,-3.899960654474695
2017-07-28,246.6499938964844,246.91000366210935,10.289999961853027,8.550000190734863,23.058928644208613,7.799622231558345,2.664594997899707,2.6645942665227604,2.6645942665227604,-3.885709324123233,-3.885709324124339,-3.885709324124339,-3.8999985372461072,-3.8999985372461072,-3.8999985372461072
2017-07-31,247.3699951171875,246.77000427246097,10.260000228881836,9.43000030517578,22.839805492536726,-21.912315167188723,6.909871156987155,6.9098621032656435,6.9098621032656435,-3.8123845127822933,-3.8123845144979853,-3.8123845144979853,-3.899981892556978,-3.8999818925569785,-3.8999818925569785
2017-08-01,247.4600067138672,247.32000732421875,10.09000015258789,8.930000305175781,22.84865179952463,0.884630698790545,4.1382269322416025,4.138225009386224,4.138225009386224,-3.808011722939284,-3.8080117231895496,-3.8080117231895496,-3.899996154289242,-3.899996154289242,-3.899996154289242
2017-08-02,247.47000122070312,247.44000244140625,10.279999732971191,8.680000305175781,23.15522938084837,30.657758132373658,2.957979014575275,2.9579782303912037,2.9579782303912037,-3.836841475604509,-3.836841475668459,-3.836841475668459,-3.899998431631856,-3.899998431631856,-3.899998431631856
2017-08-03,247.30999755859375,246.9600067138672,10.4399995803833,9.3100004196167,23.10279364027887,-5.243574056949996,6.373954999973671,6.373948754307227,6.373948754307227,-3.8341561953489864,-3.8341561960835864,-3.8341561960835864,-3.899987508667111,-3.899987508667111,-3.899987508667111
2017-08-04,247.52000427246097,247.41000366210935,10.029999732971191,8.579999923706055,22.710058273093736,-39.27353671851321,2.567705352896702,2.567704749089975,2.567704749089975,-3.8445275058724007,-3.84452750591662,-3.84452750591662,-3.8999987923865462,-3.8999987923865462,-3.8999987923865462
2017-08-07,247.4900054931641,247.8699951171875,9.93000030517578,8.430000305175781,22.721403305618225,1.1345032524488374,1.8979586193314262,1.8979583139822207,1.8979583139822207,-3.8576146103713906,-3.857614610386689,-3.857614610386689,-3.899999389301589,-3.899999389301589,-3.899999389301589
2017-08-08,247.5099945068359,247.2599945068359,10.960000038146973,10.5,23.85394887214307,113.2545566524847,14.197524946455639,14.197354615817,14.197354615815675,-3.2994889799642686,-3.29948922032158,-3.29948922032158,-3.89965933871874,-3.899659338720066,-3.899659338720066
2017-08-09,246.47000122070312,247.25,11.109999656677246,10.720000267028809,24.03701654534251,18.306767319943873,15.536475185156005,15.536236352125472,15.536236352122549,-3.1988744091246106,-3.198874801849846,-3.198874801849846,-3.8995223339301583,-3.8995223339330836,-3.8995223339330836
2017-08-10,246.2899932861328,243.7599945068359,16.040000915527344,17.829999923706055,30.575139209290654,653.8122663948144,59.64413049905503,59.07566620313244,59.07530206551678,12.391118824748409,12.364920128531322,12.364911167478228,-2.761978944555235,-2.762343082170906,-2.762343099087311
2017-08-11,244.02000427246097,244.1199951171875,15.510000228881836,15.529999732971191,29.750847242590126,-82.42919667005282,103.76984985357632,103.53292782956166,103.53289880684328,2.4173036486808828,2.415672995148344,2.415672969784561,-3.426068883452333,-3.426097906170728,-3.4260979062917776
2017-08-14,245.58999633789065,246.5399932861328,12.329999923706056,11.630000114440918,25.379465114758247,-437.1382127831879,23.431574140396123,23.43015033908567,23.43015033881685,-3.2087576536760913,-3.208763769572253,-3.2087637695723505,-3.8971523965726327,-3.897152396841455,-3.897152396841455
2017-08-15,246.97999572753903,246.5099945068359,12.039999961853027,10.40999984741211,24.87707171667705,-50.23933980811961,29.948323025439457,29.94776250299123,29.94776250298529,-3.7164274225287737,-3.7164274458113846,-3.7164274458113846,-3.898878955085724,-3.8988789550916674,-3.8988789550916674
2017-08-16,247.11000061035156,246.94000244140625,11.739999771118164,9.729999542236328,24.57887357170266,-29.819814497439268,10.194132487158193,10.194103525928005,10.194103525927792,-3.8142974095750506,-3.8142974117541666,-3.8142974117541666,-3.8999420775389857,-3.899942077539199,-3.899942077539199
2017-08-17,246.2400054931641,243.08999633789065,15.550000190734863,15.770000457763672,29.211253328671972,463.2379756969314,-106.62186079123742,-106.77226510368055,-106.77228000966262,3.8989406458109963,3.8956877927816063,3.895687686611307,-3.599146655077121,-3.599161561059197,-3.5991615617559947
2017-08-18,242.8999938964844,242.7100067138672,14.260000228881836,13.170000076293944,26.88148285471486,-232.97704739571117,41.332605540566206,41.306286510087226,41.306286403634275,-2.1841420429301155,-2.1841703622438216,-2.184170362417767,-3.8473616196831664,-3.84736172613612,-3.8473617261361235
2017-08-21,242.63999938964844,242.8999938964844,13.1899995803833,12.479999542236328,25.045434294699646,-183.60485600152145,30.684447748429022,30.679974190145217,30.679974180724805,-1.4322544526067826,-1.4322889544688406,-1.4322889544727904,-3.8910528551711634,-3.891052864591568,-3.891052864591568
2017-08-22,243.57000732421875,245.44000244140625,11.350000381469728,9.920000076293944,23.06839317532767,-197.70411193719752,9.086304615072835,9.086273506829368,9.086273506829349,-3.614223930577908,-3.6142239492208708,-3.6142239492208708,-3.8999377835130065,-3.899937783513026,-3.899937783513026
2017-08-23,244.3300018310547,244.55999755859375,12.25,11.140000343322754,24.062892579453163,99.44994041254915,18.462672840481282,18.462231760374138,18.46223176036454,-3.4310143318946187,-3.4310152348500447,-3.4310152348500456,-3.899117839756909,-3.8991178397665083,-3.8991178397665083
2017-08-24,245.0,243.9900054931641,12.229999542236328,10.329999923706056,23.767608717022313,-29.52838624308498,28.113394255639662,28.112986659196075,28.11298665919339,-3.747574065273766,-3.747574078361479,-3.747574078361479,-3.8991848071047657,-3.899184807107453,-3.899184807107453
2017-08-25,244.8999938964844,244.55999755859375,11.279999732971191,8.970000267028809,22.46602654244333,-130.15821745789822,6.175548794359342,6.175537810066048,6.175537810066048,-3.8793968989768683,-3.8793968989889236,-3.8793968989889236,-3.8999780314134114,-3.899978031413412,-3.899978031413412
2017-08-28,245.1699981689453,244.57000732421875,11.31999969482422,9.449999809265137,22.421980758393318,-4.404578405001303,7.467345076203063,7.4673359275095645,7.467335927509536,-3.8438068922540753,-3.8438068927830775,-3.8438068927830775,-3.8999817026129193,-3.8999817026129473,-3.8999817026129473
2017-08-29,243.05999755859375,244.8500061035156,11.699999809265137,9.8100004196167,23.090775988374546,66.87952299812281,21.911942661488837,21.91182816042268,21.91182816042258,-3.8268538115060604,-3.8268538127606275,-3.8268538127606275,-3.899770997867372,-3.8997709978674733,-3.8997709978674733
2017-08-30,244.8300018310547,246.0099945068359,11.220000267028809,9.149999618530272,22.836030764643482,-25.474522373106367,6.455436532755382,6.45542785966772,6.45542785966772,-3.8713651310787056,-3.8713651311074746,-3.8713651311074746,-3.899982653824675,-3.8999826538246753,-3.8999826538246753
2017-08-31,246.72000122070312,247.4900054931641,10.59000015258789,8.65999984741211,22.613306295936674,-22.272446870680795,3.5116733111666383,3.511671871887648,3.511671871887648,-3.8845219351042575,-3.884521935106265,-3.884521935106265,-3.89999712144202,-3.89999712144202,-3.89999712144202
2017-09-01,247.9199981689453,247.83999633789065,10.130000114440918,7.940000057220459,22.125795468312354,-48.75108276243196,2.050233634692326,2.0502334037783374,2.0502334037783374,-3.8969148899555344,-3.896914889955552,-3.896914889955552,-3.8999995381720223,-3.8999995381720223,-3.8999995381720223
2017-09-05,247.2599945068359,246.05999755859375,12.229999542236328,11.34000015258789,24.151785979507977,202.5990511195623,21.78426385083688,21.78340999372231,21.783409993682106,-3.3156074081569,-3.3156085750672535,-3.3156085750672606,-3.8982922856502475,-3.898292285690451,-3.898292285690451
2017-09-06,246.83999633789065,246.8999938964844,11.630000114440918,10.220000267028809,23.597908947865065,-55.387703164291224,14.034839404932194,14.034664976355879,14.034664976354852,-3.754087034797536,-3.7540870428358377,-3.7540870428358377,-3.8996511428442915,-3.899651142845319,-3.899651142845319
2017-09-07,247.25,246.8699951171875,11.550000190734863,9.75,23.427921459174527,-16.99874886905377,9.316400204966277,9.31637611154039,9.316376111540384,-3.793269831262766,-3.79326983553047,-3.79326983553047,-3.8999518131482076,-3.8999518131482116,-3.8999518131482116
2017-09-08,246.5399932861328,246.5800018310547,12.119999885559082,11.289999961853027,24.09840673262947,67.04852734549434,20.525196660054775,20.524399298220636,20.524399298158052,-2.734135381372073,-2.7341378956124696,-2.734137895612484,-3.8984052761439694,-3.898405276206554,-3.898405276206554
2017-09-11,248.0399932861328,249.2100067138672,10.729999542236328,9.010000228881836,23.339186894026902,-75.92198386025686,6.673347786765458,6.67332641662896,6.673326416628958,-3.87147968844928,-3.8714796885007186,-3.8714796885007186,-3.8999572597270005,-3.8999572597270014,-3.8999572597270014
2017-09-12,249.6300048828125,250.0500030517578,10.579999923706056,9.25,23.58793474164638,24.874784761947666,6.669262194842688,6.6692516619914315,6.66925166199143,-3.8436724213024287,-3.8436724214603544,-3.8436724214603544,-3.899978934297483,-3.899978934297484,-3.899978934297484
2017-09-13,249.72000122070312,250.1699981689453,10.5,9.380000114440918,23.51975228396543,-6.818245768094755,7.979593976013849,7.979573791471292,7.979573791471287,-3.8396344227760064,-3.839634423043579,-3.839634423043579,-3.8999596309148683,-3.899959630914873,-3.899959630914873
2017-09-14,249.8000030517578,250.08999633789065,10.4399995803833,9.289999961853027,23.35958521833799,-16.016706562744076,8.081037700486688,8.081017451682522,8.081017451682518,-3.85094778073782,-3.8509477809056487,-3.8509477809056487,-3.899959502391656,-3.8999595023916602,-3.8999595023916602
2017-09-15,248.69000244140625,249.19000244140625,10.170000076293944,8.300000190734863,22.448899885368014,-91.0685332969976,2.077963406880431,2.0779629872231506,2.0779629872231506,-3.8907000270052743,-3.8907000270055447,-3.8907000270055447,-3.899999160685439,-3.899999160685439,-3.899999160685439
2017-09-18,249.61000061035156,249.72000122070312,10.149999618530272,8.720000267028809,22.628802808608484,17.99029232404692,3.7648920762017886,3.7648903367207307,3.7648903367207307,-3.8747919443123253,-3.8747919443200898,-3.8747919443200898,-3.899996521037884,-3.899996521037884,-3.899996521037884
2017-09-19,250.0,249.97000122070312,10.18000030517578,9.09000015258789,22.780349412228958,15.154660362047423,17.28206168873423,17.282061001338327,17.282061001338327,-3.864506619602649,-3.8645066197029854,-3.8645066197029854,-3.8999986252081826,-3.8999986252081853,-3.8999986252081853
2017-09-20,250.07000732421875,250.05999755859375,9.779999732971191,8.949999809265137,22.308752480349966,-47.159693187899165,6.456572976551511,6.456568548998268,6.456568548998268,-3.869942530166597,-3.869942530229567,-3.869942530229567,-3.899991144893513,-3.899991144893513,-3.899991144893513
2017-09-21,249.8800048828125,249.38999938964844,9.670000076293944,8.4399995803833,21.728140811513832,-58.061166883613424,4.177457156765605,4.177455357493068,4.177455357493068,-3.8893473477014395,-3.889347347702558,-3.889347347702558,-3.899996401454927,-3.8999964014549273,-3.8999964014549273
2017-09-22,249.0500030517578,249.44000244140625,9.59000015258789,7.980000019073486,21.626339279020947,-10.180153249288537,1.8289868990480844,1.8289868001232588,1.8289868001232588,-3.89589270257934,-3.8958927025794083,-3.8958927025794083,-3.8999998021503473,-3.8999998021503473,-3.8999998021503473
2017-09-25,249.1499938964844,248.92999267578125,10.210000038146973,9.210000038146973,21.99102267563626,36.468339661531246,7.084213672426877,7.084206380994976,7.084206380994976,-3.8522287054253863,-3.85222870573087,-3.85222870573087,-3.899985417136197,-3.899985417136197,-3.899985417136197
2017-09-26,249.4199981689453,249.0800018310547,10.170000076293944,9.34000015258789,21.990524111151267,-0.049856448499241424,6.7625177783500146,6.7625088184770785,6.7625088184770785,-3.804596600788399,-3.804596602790296,-3.804596602790296,-3.8999820802541305,-3.8999820802541314,-3.8999820802541314
2017-09-27,249.8800048828125,250.0500030517578,9.869999885559082,9.029999732971191,22.164744237683543,17.422012653227625,7.323145262195499,7.323132725075581,7.323132725075579,-3.868772363677385,-3.8687723637238656,-3.8687723637238656,-3.8999749257601617,-3.8999749257601626,-3.8999749257601626
2017-09-28,249.72999572753903,250.3500061035156,9.550000190734863,8.390000343322754,21.940652994781168,-22.409124290237514,2.8176033907993343,2.8176025877577313,2.8176025877577313,-3.888905574853234,-3.8889055748538603,-3.8889055748538603,-3.8999983939167966,-3.8999983939167966,-3.8999983939167966
2017-09-29,250.33999633789065,251.22999572753903,9.510000228881836,7.949999809265137,22.433207604572353,49.25546097911848,0.5375476338708944,0.537547589446211,0.537547589446211,-3.8915929869510366,-3.891592986951458,-3.891592986951458,-3.899999911150634,-3.899999911150634,-3.899999911150634
2017-10-02,251.4900054931641,252.32000732421875,9.449999809265137,8.180000305175781,23.002788777344044,56.95811727716915,1.4296513776353645,1.429651192013429,1.429651192013429,-3.898715879875489,-3.89871587987551,-3.89871587987551,-3.8999996287561296,-3.8999996287561296,-3.8999996287561296
2017-10-03,252.32000732421875,252.86000061035156,9.510000228881836,8.039999961853027,23.40634296221129,40.35541848672466,1.1383102110749919,1.138310118336575,1.138310118336575,-3.8891893029455913,-3.8891893029467353,-3.8891893029467353,-3.8999998145231656,-3.8999998145231656,-3.8999998145231656
2017-10-04,252.69000244140625,253.16000366210935,9.630000114440918,8.020000457763672,23.70502110699131,29.867814478001975,1.4785675910637073,1.4785673672408048,1.4785673672408048,-3.8931846461966617,-3.893184646196748,-3.893184646196748,-3.8999995523541955,-3.8999995523541955,-3.8999995523541955
2017-10-05,253.5399932861328,254.66000366210935,9.1899995803833,7.809999942779541,24.340381751842994,63.53606448516835,0.36162558258442257,0.3616255292095669,0.3616255292095669,-3.899386296988654,-3.8993862969886557,-3.8993862969886557,-3.8999998932502904,-3.8999998932502904,-3.8999998932502904
2017-10-06,254.1499938964844,254.3699951171875,9.649999618530272,7.880000114440918,24.520319997430867,17.993824558787352,1.4194796906677327,1.419479603981225,1.419479603981225,-3.894319924371492,-3.894319924371688,-3.894319924371688,-3.8999998266269835,-3.8999998266269835,-3.8999998266269835
2017-10-09,254.6300048828125,253.9499969482422,10.329999923706056,9.34000015258789,24.800528142663516,28.020814523264903,8.351953589065555,8.351930180904233,8.351930180904224,-3.8165334652481886,-3.8165334654038734,-3.8165334654038734,-3.899953183677329,-3.899953183677338,-3.899953183677338
2017-10-10,254.6000061035156,254.6199951171875,10.079999923706056,8.720000267028809,24.980091816822835,17.95636741593185,4.60155638758561,4.601553306162179,4.601553306162179,-3.8656705526794664,-3.8656705526832162,-3.8656705526832162,-3.8999938371531377,-3.8999938371531377,-3.8999938371531377
2017-10-11,254.5099945068359,255.02000427246097,9.850000381469728,8.319999694824219,25.01160566771587,3.15138508930346,2.44708438452901,2.44708385402547,2.44708385402547,-3.8976588777072534,-3.8976588777073995,-3.8976588777073995,-3.899998938992921,-3.899998938992921,-3.899998938992921
2017-10-12,254.66000366210935,254.63999938964844,9.90999984741211,8.34000015258789,24.757331950897665,-25.427371681820432,2.978708569130063,2.9787076227735607,2.9787076227735607,-3.8843287589828623,-3.884328758983259,-3.884328758983259,-3.8999981072869945,-3.8999981072869945,-3.8999981072869945
2017-10-13,255.13999938964844,254.9499969482422,9.609999656677246,8.029999732971191,24.667064341786443,-9.026760911122267,2.21232752299625,2.212327496640812,2.212327496640812,-3.891783958559863,-3.8917839585605813,-3.8917839585605813,-3.899999947289124,-3.899999947289124,-3.899999947289124
2017-10-16,255.2100067138672,255.2899932861328,9.90999984741211,8.460000038146973,25.09035891470063,42.32945729141875,3.791231646581105,3.7912306676183203,3.7912306676183203,-3.878162309980101,-3.878162309999316,-3.878162309999316,-3.8999980420744307,-3.8999980420744307,-3.8999980420744307
2017-10-17,255.22999572753903,255.47000122070312,10.3100004196167,8.6899995803833,25.563169967589637,47.281105288900704,4.868075533173791,4.868073318021585,4.868073318021585,-3.866259451288145,-3.8662594513718593,-3.8662594513718593,-3.89999556969559,-3.89999556969559,-3.89999556969559
2017-10-18,255.8999938964844,255.72000122070312,10.06999969482422,8.369999885559082,25.484438856165987,-7.873111142365019,5.0283664330349875,5.02836636376435,5.02836636376435,-3.8862811412680567,-3.8862811412709473,-3.8862811412709473,-3.8999998614587263,-3.8999998614587263,-3.8999998614587263
2017-10-19,254.8300018310547,255.7899932861328,10.050000190734863,8.880000114440918,25.482316645388828,-0.2122210777159239,6.984660109021199,6.98464876563151,6.98464876563151,-3.866686063717983,-3.866686063766196,-3.866686063766196,-3.899977313220622,-3.899977313220622,-3.899977313220622
2017-10-20,256.70001220703125,257.1099853515625,9.970000267028809,8.40999984741211,26.37395178088599,89.1635135497161,3.829958535005118,3.8299567101203333,3.8299567101203333,-3.8811744238578934,-3.8811744238591723,-3.8811744238591723,-3.899996350230432,-3.899996350230432,-3.899996350230432
2017-10-23,257.4800109863281,256.1099853515625,11.06999969482422,10.770000457763672,26.537554145023527,16.36023641375388,20.04033300411885,20.039640247806695,20.03964024776665,-3.741328575579905,-3.7413286453233074,-3.741328645323308,-3.898614487255538,-3.8986144872955864,-3.8986144872955864
2017-10-24,256.6000061035156,256.55999755859375,11.15999984741211,10.479999542236328,26.906593842069014,36.9039697045487,17.437260587573455,17.43684344502352,17.436843445011057,-3.7850622601355184,-3.785062289932847,-3.785062289932847,-3.8991657148627343,-3.8991657148752026,-3.8991657148752026
2017-10-25,256.17999267578125,255.2899932861328,11.229999542236328,11.09000015258789,26.05207410989164,-85.45197321773728,23.80373919390682,23.803326600393802,23.80332660035244,-3.2796488465299554,-3.279650244874807,-3.279650244874807,-3.8991748128498718,-3.8991748128912325,-3.8991748128912325
2017-10-26,255.9900054931641,255.6199951171875,11.300000190734863,10.6899995803833,26.311206438321072,25.913232842943046,7.550794322081444,7.550663297968816,7.550663297966201,-3.522540064441321,-3.5225403103212614,-3.522540310321262,-3.899737951766901,-3.8997379517695143,-3.8997379517695143
2017-10-27,256.4700012207031,257.7099914550781,9.800000190734863,8.609999656677246,26.460448003723812,14.92415654027397,4.109361223063285,4.109359319949993,4.109359319949993,-3.89500657646746,-3.8950065764689334,-3.8950065764689334,-3.899996193773416,-3.899996193773416,-3.899996193773416
2017-10-30,256.4700012207031,256.75,10.5,9.8100004196167,26.203030774430474,-25.741722929333832,11.65343010611244,11.653356054511777,11.653356054511624,-3.8576318564990926,-3.8576318576963193,-3.8576318576963193,-3.8998518967982183,-3.8998518967983706,-3.8998518967983706
2017-10-31,257.17999267578125,257.1499938964844,10.18000030517578,9.31999969482422,26.19199597203029,-1.1034802400182286,9.397690162790049,9.397684293734946,9.397684293734946,-3.8104592587034487,-3.8104592611568773,-3.8104592611568773,-3.899988261889794,-3.899988261889795,-3.899988261889795
2017-11-01,258.0400085449219,257.489990234375,10.199999809265137,9.289999961853027,26.43385552822381,24.185955619351773,1.4851881191878347,1.4851840665460676,1.4851840665460667,-3.82263679920724,-3.822636800635995,-3.822636800635995,-3.899991894716463,-3.8999918947164636,-3.8999918947164636
2017-11-02,257.4100036621094,257.5899963378906,9.93000030517578,8.539999961853027,26.259083293164593,-17.477223505921557,3.9268182243244256,3.9268167044274858,3.9268167044274858,-3.8954962585852533,-3.8954962585861304,-3.8954962585861304,-3.89999696020612,-3.89999696020612,-3.89999696020612
2017-11-03,257.7699890136719,258.45001220703125,9.140000343322754,7.840000152587891,26.35311582139079,9.403252822619734,1.8103373364086401,1.8103373295466216,1.8103373295466216,-3.8943836483150416,-3.8943836483150758,-3.8943836483150758,-3.899999986275964,-3.899999986275964,-3.899999986275964
2017-11-06,258.29998779296875,258.8500061035156,9.399999618530272,8.09000015258789,26.756627800564274,40.35119791734836,2.164303139285951,2.1643028629669967,2.1643028629669967,-3.88371324297202,-3.8837132429720462,-3.8837132429720462,-3.8999994473620907,-3.8999994473620907,-3.8999994473620907
2017-11-07,258.9700012207031,258.6700134277344,9.890000343322754,8.829999923706055,26.91369839456531,15.707059400103418,0.01751884652177349,0.017518057956392497,0.017518057956392497,-3.8616784536833437,-3.861678453802826,-3.861678453802826,-3.899998422869238,-3.899998422869238,-3.899998422869238
2017-11-08,258.4700012207031,259.1099853515625,9.779999732971191,8.279999732971191,27.159152112908274,24.545371834296503,2.815037674176841,2.815036984604161,2.815036984604161,-3.897226222163036,-3.8972262221632623,-3.8972262221632623,-3.8999986208546407,-3.8999986208546407,-3.8999986208546407
2017-11-09,257.7300109863281,258.1700134277344,10.5,9.649999618530272,26.913682894084253,-24.546921882402017,11.930889342764322,11.930796246326532,11.930796246326528,-3.7688914373445703,-3.768891439200605,-3.768891439200605,-3.899813807124407,-3.899813807124409,-3.899813807124409
2017-11-10,257.7300109863281,258.0899963378906,11.289999961853027,10.3100004196167,27.48247000794678,56.87871138625269,17.231333507152293,17.2309203392661,17.230920339265914,-3.612266353350776,-3.6122663820246506,-3.6122663820246506,-3.899173664227049,-3.899173664227241,-3.899173664227241
2017-11-13,257.30999755859375,258.3299865722656,11.5,9.84000015258789,27.72806910805106,24.5599100104279,12.410617835446873,12.4105357279549,12.4105357279548,-3.6900960707659243,-3.6900960718918183,-3.6900960718918183,-3.899835785015755,-3.899835785015856,-3.899835785015856
2017-11-14,257.4100036621094,257.7300109863281,11.59000015258789,9.729999542236328,27.33048902706617,-39.75800809848877,11.346198127421193,11.346135269615113,11.346135269615024,-3.860850353261537,-3.8608503540810006,-3.8608503540810006,-3.899874284387575,-3.8998742843876633,-3.8998742843876633
2017-11-15,256.6199951171875,256.44000244140625,13.130000114440918,11.729999542236328,27.93329177423471,60.28027471685391,29.807481547953344,29.803568063259284,29.80356806011259,-3.460419788388542,-3.460421471693935,-3.460421471693983,-3.8921730211717955,-3.892173024318493,-3.892173024318493
2017-11-16,257.5199890136719,258.6199951171875,11.760000228881836,8.739999771118164,28.05247273648952,11.918096225480923,5.038984823313529,5.038981045186622,5.038981045186622,-3.892687175761679,-3.8926871757670947,-3.8926871757670947,-3.8999924437461866,-3.899992443746187,-3.899992443746187
2017-11-17,258.2200012207031,257.8599853515625,11.43000030517578,8.489999771118164,27.162467525042395,-89.00052114471251,4.391575344438891,4.391574927248568,4.391574927248568,-3.8720497165698253,-3.8720497165703542,-3.8720497165703542,-3.899999165619352,-3.899999165619352,-3.899999165619352
2017-11-20,258.1400146484375,258.29998779296875,10.649999618530272,8.600000381469727,26.727833893426222,-43.46336316161725,5.470207982876206,5.470207509317474,5.470207509317474,-3.870772991807464,-3.8707729918639684,-3.8707729918639684,-3.899999052882535,-3.899999052882535,-3.899999052882535
2017-11-21,259.17999267578125,259.989990234375,9.729999542236328,7.96999979019165,27.412815627947122,68.49817345208997,2.2636576908328134,2.2636576482067436,2.2636576482067436,-3.8897681654600844,-3.8897681654600973,-3.8897681654600973,-3.8999999147478595,-3.8999999147478595,-3.8999999147478595
2017-11-22,260.0,259.760009765625,9.880000114440918,7.869999885559082,27.280169540513604,-13.264608743351758,-2.1435004119248338,-2.1435004264280213,-2.1435004264280213,-3.893471467374832,-3.893471467375136,-3.893471467375136,-3.8999999709936257,-3.8999999709936257,-3.8999999709936257
2017-11-24,260.32000732421875,260.3599853515625,9.670000076293944,7.869999885559082,27.587801216422076,30.763167590847118,1.4438414697285245,1.4438413362258071,1.4438413362258071,-3.89882410841342,-3.898824108413427,-3.898824108413427,-3.899999732994565,-3.899999732994565,-3.899999732994565
2017-11-27,260.4100036621094,260.2300109863281,9.869999885559082,9.0,27.49447911485774,-9.332210156433618,7.1061320252204965,7.1061214847466,7.1061214847466,-3.8861743322629714,-3.8861743322938103,-3.8861743322938103,-3.8999789190522067,-3.8999789190522076,-3.8999789190522076
2017-11-28,260.760009765625,262.8699951171875,10.029999732971191,9.18000030517578,29.809344082332828,231.48649674750885,9.606647397365434,9.606644231194897,9.606644231194897,-3.8222193662363155,-3.822219366603499,-3.822219366603499,-3.899993667658926,-3.899993667658926,-3.899993667658926
2017-11-29,263.0199890136719,262.7099914550781,10.699999809265137,10.15999984741211,30.0101874920491,20.084340971627057,6.213728181714151,6.21365217450014,6.213652174499421,-3.607370082201383,-3.607370084940861,-3.607370084940861,-3.89984798556982,-3.899847985570538,-3.899847985570538
2017-11-30,263.760009765625,265.010009765625,11.279999732971191,11.380000114440918,32.2650027246178,225.48152325687028,30.618719789953424,30.617747412113452,30.617747411929635,-3.4241576855294356,-3.424159847534998,-3.424159847534999,-3.8980552437686087,-3.89805524395242,-3.89805524395242
2017-12-01,264.760009765625,264.4599914550781,11.43000030517578,11.979999542236328,31.85002126021276,-41.49814644050416,38.16150706846452,38.158637208204006,38.158637205713724,-3.0730892731609987,-3.073100311338164,-3.073100311338214,-3.894260272008131,-3.894260274498411,-3.894260274498411
2017-12-04,266.30999755859375,264.1400146484375,11.68000030517578,12.210000038146973,31.624250120389352,-22.57711398234079,40.57545554366593,40.56885502958346,40.568855027985656,-2.9759073814924437,-2.9759186695347046,-2.9759186695362896,-3.8867989670416465,-3.8867989686394506,-3.8867989686394506
2017-12-05,263.19000244140625,263.19000244140625,11.329999923706056,11.109999656677246,30.57822692026256,-104.60232001267933,26.972897480375316,26.972131434310292,26.972131434133367,-3.0720388078332888,-3.0720391869220114,-3.0720391869220123,-3.898467907339175,-3.898467907516101,-3.898467907516101
2017-12-06,263.29998779296875,263.239990234375,11.020000457763672,10.899999618530272,30.395727418050548,-18.24995022120106,24.04697562949037,24.04633194468135,24.046331944576032,-3.656518387372101,-3.656518579112563,-3.6565185791125634,-3.898712630066013,-3.8987126301713273,-3.8987126301713273
2017-12-07,264.07000732421875,264.07000732421875,10.15999984741211,9.510000228881836,30.624821859506966,22.9094441456418,3.296582616805594,3.2965662550390338,3.296566255039016,-3.7558867846337423,-3.755886785631837,-3.755886785631837,-3.899967276466825,-3.8999672764668434,-3.8999672764668434
2017-12-08,265.1600036621094,265.510009765625,9.579999923706056,8.4399995803833,31.653477832953023,102.86559734460567,5.70969541061368,5.709694752136199,5.709694752136199,-3.8660673757898305,-3.8660673757918445,-3.8660673757918445,-3.899998683045038,-3.899998683045038,-3.899998683045038
2017-12-11,266.30999755859375,266.30999755859375,9.34000015258789,8.789999961853027,32.22344839234798,56.99705593949602,7.269846303277852,7.269841848782624,7.269841848782624,-3.8859796165474614,-3.885979616570216,-3.885979616570216,-3.899991091009541,-3.899991091009541,-3.899991091009541
2017-12-12,267.2099914550781,266.7799987792969,9.920000076293944,9.239999771118164,32.81420375469097,59.07553623429891,11.13794637819855,11.13793179218178,11.13793179218178,-3.8645475628301718,-3.8645475631686477,-3.8645475631686477,-3.89997082796646,-3.89997082796646,-3.89997082796646
2017-12-13,267.05999755859375,266.75,10.18000030517578,9.350000381469728,32.847091690540864,3.288793584989236,3.040027352005932,3.0400136904574797,3.040013690457469,-3.766757141530009,-3.766757141663726,-3.766757141663726,-3.8999726769030625,-3.899972676903074,-3.899972676903074
2017-12-14,267.0899963378906,265.6600036621094,10.489999771118164,9.869999885559082,31.952249378884105,-89.48423116567596,5.630497630236279,5.630436908002105,5.630436908001682,-3.6394594396758073,-3.639459441557382,-3.639459441557382,-3.8998785555303876,-3.8998785555308095,-3.8998785555308095
2017-12-15,265.45001220703125,266.510009765625,9.420000076293944,8.25,32.31204421279438,35.979483391027856,3.745062032472636,3.745061041031553,3.745061041031553,-3.895760719792852,-3.8957607197936617,-3.8957607197936617,-3.8999980171178334,-3.8999980171178334,-3.8999980171178334
2017-12-18,268.1000061035156,268.20001220703125,9.529999732971191,8.050000190734863,33.8392672283853,152.722301559092,-1.1637369993494175,-1.163737152783936,-1.163737152783936,-3.8821089395249975,-3.882108939525041,-3.882108939525041,-3.899999693130963,-3.899999693130963,-3.899999693130963
2017-12-19,268.4800109863281,267.1700134277344,10.029999732971191,9.029999732971191,32.98978916551857,-84.947806286673,9.126874520013152,9.126873719330112,9.126873719330112,-3.875712374617295,-3.8757123748286557,-3.8757123748286557,-3.8999983986339206,-3.899998398633921,-3.899998398633921
2017-12-20,268.2699890136719,267.0299987792969,9.720000267028809,8.34000015258789,32.73211297515678,-25.767619036179212,5.080858591507118,5.080857620692006,5.080857620692006,-3.893275783438381,-3.8932757834401355,-3.8932757834401355,-3.899998058369776,-3.899998058369776,-3.899998058369776
2017-12-21,267.739990234375,267.5799865722656,9.619999885559082,7.630000114440918,33.187820072123756,45.57070969669752,1.9973857155280932,1.9973857040308882,1.9973857040308882,-3.8981171070903633,-3.8981171070904175,-3.8981171070904175,-3.899999977005591,-3.899999977005591,-3.899999977005591
2017-12-22,267.6000061035156,267.510009765625,9.899999618530272,7.510000228881836,33.17085377849352,-1.6966293630233054,0.9088542859503601,0.908854276315699,0.908854276315699,-3.899053342381967,-3.899053342381975,-3.899053342381975,-3.8999999807306778,-3.8999999807306778,-3.8999999807306778
2017-12-26,267.04998779296875,267.19000244140625,10.25,8.479999542236328,32.85718708451915,-31.36666939743762,-0.16725530202849503,-0.16725598779346562,-0.16725598779346562,-3.8649632509391303,-3.86496325093978,-3.86496325093978,-3.89999862847006,-3.89999862847006,-3.89999862847006
2017-12-27,267.3800048828125,267.32000732421875,10.470000267028809,9.710000038146973,33.01832894472172,16.114186020257648,14.143849722796931,14.143764957590376,14.143764957590369,-3.834243491013557,-3.834243494818937,-3.834243494818937,-3.8998304695868686,-3.8998304695868744,-3.8998304695868744
2017-12-28,267.8900146484375,267.8699951171875,10.18000030517578,9.270000457763672,33.401167921274904,38.2838976553181,2.735773633532771,2.7357644093743696,2.735764409374367,-3.7819388918515435,-3.7819388919077905,-3.7819388919077905,-3.8999815516831915,-3.899981551683195,-3.899981551683195
2017-12-29,268.5299987792969,266.8599853515625,11.039999961853027,10.420000076293944,32.747183705744135,-65.39842155307696,21.0415144678742,21.041457593004516,21.041457593003237,-3.719245025238571,-3.7192451335509435,-3.7192451335509435,-3.8998862502567833,-3.899886250258066,-3.899886250258066
2018-01-02,267.8399963378906,268.7699890136719,9.770000457763672,8.539999961853027,33.984566726802676,123.7383021058541,0.09066596060613819,0.09066526232765248,0.09066526232765248,-3.8829863355340084,-3.882986335534504,-3.882986335534504,-3.8999986034430285,-3.8999986034430285,-3.8999986034430285
2018-01-03,268.9599914550781,270.4700012207031,9.149999618530272,7.849999904632568,35.47368939102696,148.91226642242827,-1.6795971407871213,-1.679597185055334,-1.679597185055334,-3.889098488120313,-3.889098488120317,-3.889098488120317,-3.8999999114635746,-3.8999999114635746,-3.8999999114635746
2018-01-04,271.20001220703125,271.6099853515625,9.220000267028809,7.730000019073486,36.56350397048836,108.98145794614038,-1.492759715811316,-1.4927597950172924,-1.4927597950172924,-3.897744910635064,-3.8977449106350757,-3.8977449106350757,-3.8999998415880475,-3.8999998415880475,-3.8999998415880475
2018-01-05,272.510009765625,273.4200134277344,9.220000267028809,7.699999809265137,38.304953648805174,174.14496783168119,2.120943326336234,2.120943322682548,2.120943322682548,-3.898044788352666,-3.8980447883527436,-3.8980447883527436,-3.899999992692627,-3.899999992692627,-3.899999992692627
2018-01-08,273.30999755859375,273.9200134277344,9.520000457763672,7.900000095367432,38.742502960364604,43.754931155942955,3.367587541252485,3.36758753254888,3.36758753254888,-3.89663713415727,-3.8966371341574115,-3.8966371341574115,-3.8999999825927922,-3.8999999825927922,-3.8999999825927922
2018-01-09,274.3999938964844,274.5400085449219,10.079999923706056,8.350000381469727,39.38619280636554,64.36898460009388,5.8966580914423385,5.896657995853053,5.896657995853053,-3.8905688689976183,-3.8905688690047406,-3.8905688690047406,-3.8999998088214296,-3.8999998088214296,-3.8999998088214296
2018-01-10,273.67999267578125,274.1199951171875,9.81999969482422,7.849999904632568,38.915705352606025,-47.04874537595174,3.5369713797736626,3.5369713607557838,3.5369713607557838,-3.8958677922495197,-3.8958677922495277,-3.8958677922495277,-3.8999999619642423,-3.8999999619642423,-3.8999999619642423
2018-01-11,274.75,276.1199951171875,9.880000114440918,7.840000152587891,40.85167334243096,193.59679898249382,4.052257762512042,4.052257672622664,4.052257672622664,-3.8948902258993576,-3.8948902258993665,-3.8948902258993665,-3.8999998202212436,-3.8999998202212436,-3.8999998202212436
2018-01-12,276.4200134277344,277.9200134277344,10.15999984741211,8.680000305175781,42.61777683286146,176.61034904304955,8.475259797821566,8.475259288781492,8.475259288781492,-3.87974945233652,-3.879749452422115,-3.879749452422115,-3.899998981919853,-3.899998981919853,-3.899998981919853
2018-01-16,279.3500061035156,276.9700012207031,11.65999984741211,11.25,41.775454305594295,-84.23225272671644,29.303871455976356,29.30312606851085,29.303126068226398,-3.2474043861639768,-3.247404607276753,-3.2474046072767573,-3.8985092242156454,-3.8985092245000943,-3.8985092245000943
2018-01-17,278.0299987792969,279.6099853515625,11.90999984741211,11.65999984741211,44.33332393431037,255.78696287160767,21.891442766852776,21.886924249174044,21.886924248719602,-3.5021950790253475,-3.5021984949627574,-3.5021984949627685,-3.89096296327919,-3.8909629637336347,-3.8909629637336347
2018-01-18,279.4800109863281,279.1400146484375,12.220000267028809,12.369999885559082,43.9001928812973,-43.313105301307075,50.463917164356225,50.45893788917989,50.4589378593623,-2.2768771638567626,-2.2768832698790993,-2.2768832698820987,-3.8900413601945667,-3.8900413900121555,-3.8900413900121555
2018-01-19,279.79998779296875,280.4100036621094,11.270000457763672,10.40999984741211,44.97114484385272,107.09519625554194,12.051928875687599,12.051681967173355,12.051681967172604,-3.5396448265296634,-3.5396448876810895,-3.5396448876810895,-3.8995061829692568,-3.8995061829700086,-3.8995061829700086
2018-01-22,280.1700134277344,282.69000244140625,11.029999732971191,10.859999656677246,47.10751802958454,213.637318573182,16.06015955008165,16.059761104383156,16.059761104352937,-3.398916902431261,-3.39891750118246,-3.3989175011824604,-3.899203108512355,-3.899203108542574,-3.899203108542574
2018-01-23,282.739990234375,283.2900085449219,11.100000381469728,11.020000457763672,47.67697143114161,56.94534015570696,18.208822772504355,18.207904859202365,18.20790485917258,-3.2163948848767916,-3.2163952539629745,-3.216395253962975,-3.898164173306662,-3.8981641733364514,-3.8981641733364514
2018-01-24,284.0199890136719,283.17999267578125,11.470000267028809,11.449999809265137,47.56767766488032,-10.929376626128828,22.218198952707496,22.217667798217597,22.217667797714718,-3.489480635178167,-3.4894843112475877,-3.4894843112476006,-3.8989376895115684,-3.8989376900144492,-3.8989376900144492
2018-01-25,284.1600036621094,283.29998779296875,11.579999923706056,11.640000343322754,47.666535530388686,9.885786550836428,24.71408840860429,24.71184267164123,24.711842669992883,-3.3732196044531344,-3.3732208565759634,-3.373220856576028,-3.895508521128849,-3.8955085227771935,-3.8955085227771935
2018-01-26,284.25,286.5799865722656,11.079999923706056,10.460000038146973,50.852053485676166,318.551795528748,14.552823596746135,14.552601458930893,14.552601458919204,-3.527174311334226,-3.5271743358029486,-3.5271743358029486,-3.899555724334443,-3.89955572434613,-3.89955572434613
2018-01-29,285.92999267578125,284.67999267578125,13.84000015258789,14.90999984741211,49.16735974929034,-168.46937363858245,67.44823966530812,67.39122521724227,67.39121432205309,0.8716835391496183,0.8698121827072143,0.8698121654342197,-3.7859384182679077,-3.7859493134570905,-3.7859493134680315
2018-01-30,282.6000061035156,281.760009765625,14.789999961853027,16.200000762939453,46.54912063545733,-261.8239113833013,119.8460816802193,119.5681502785147,119.56811147222065,8.788192605816176,8.78315087155481,8.783150684311348,-3.3440207719704356,-3.344059578264498,-3.344059580177224
2018-01-31,282.7300109863281,281.8999938964844,13.539999961853027,13.859999656677246,46.37656508977571,-17.255554568161813,50.59221007972902,50.54923523721963,50.54923462225195,0.8333512744319851,0.8331120022864864,0.8331120020175806,-3.814048470078067,-3.814049085045746,-3.8140490850457867
2018-02-01,281.07000732421875,281.5799865722656,13.470000267028809,13.859999656677246,46.024549330640355,-35.20157591353552,48.95837697585216,48.922144546857645,48.9221437576108,-1.5193642497839712,-1.5198120283857897,-1.519812028826614,-3.8275327742701757,-3.827533563517021,-3.827533563517099
2018-02-02,280.0799865722656,275.45001220703125,17.309999465942383,18.86000061035156,41.73271159268026,-429.1837737960094,-178.5156873769643,-180.33692382510856,-180.33916512553506,15.194042697642365,15.105533435150486,15.105502820878021,-0.2508025035346968,-0.25304380396119885,-0.25304403690817834
2018-02-05,273.45001220703125,263.92999267578125,37.31999969482422,59.34000015258789,52.95318666908041,1122.0475076400148,-112.82847825291057,-149.0423880681169,-215.81575245499212,105.58339276500007,-9.99959307744159,-42.78841413008652,336.06671047554016,269.293346088665,252.7373726819487
2018-02-06,259.94000244140625,269.1300048828125,29.979999542236328,39.459999084472656,47.39943593941813,-555.3750729662277,-735.5068231067728,-678.8624718551155,-688.485615234966,-470.5574318338611,-501.7128436767342,-504.34142210723553,-85.09252986309258,-94.71567324294314,-95.7211942369433
2018-02-07,268.5,267.6700134277344,27.729999542236328,32.86000061035156,44.18907322879524,-321.03627106228953,501.7821978737503,474.08291002554677,471.40111653101167,197.80303324980335,185.59820698782303,185.11635591115262,59.961941142341765,57.28014764780681,57.14260892398556
2018-02-08,268.010009765625,257.6300048828125,33.459999084472656,41.439998626708984,45.463736952033756,127.46637232385183,-1009.2639708528446,-843.0249212528856,-858.8983169416831,-653.0366122641329,-682.423011114018,-687.2748428628851,-284.32240313640307,-300.19579882520054,-301.5473365636883
2018-02-09,260.79998779296875,261.5,29.059999465942383,31.63999938964844,42.101010929088474,-336.27260229452816,448.88155995631337,423.06923164163004,421.0529783119826,191.21381640862666,183.05723909298734,182.58690630107904,53.99716829638854,51.9809149667411,51.907547988352604
2018-02-12,263.8299865722656,265.3399963378906,25.61000061035156,26.829999923706055,40.25948505139584,-184.15258776926322,331.45764629960047,318.97935989066866,318.5206692945449,116.55418671263598,113.64153507680653,113.60335677802234,22.447536883702043,21.988846287578284,21.98389242088914
2018-02-13,263.9700012207031,266.0,24.969999313354492,25.290000915527344,39.939350688427425,-32.013436296841746,240.35131930627497,231.32180507797676,231.08307072581664,93.86740917311748,92.69443720451295,92.67882596347515,14.880581427393876,14.641847075233825,14.640065655112158
2018-02-14,264.30999755859375,269.5899963378906,19.260000228881836,18.729999542236328,37.538618177251294,-240.07325111761304,-370.79382512295757,-371.91336695731894,-371.91440018706885,15.748564844277455,15.686759632727528,15.686724543293463,-1.6578159639571677,-1.6588491937070984,-1.6588494197221886
2018-02-15,271.57000732421875,273.0299987792969,19.1299991607666,18.579999923706055,40.05601654264085,251.73983653895533,153.58759284678632,152.83608964574591,152.83431138557586,17.917019101332727,17.83200967505003,17.831990789571066,-2.3916584161164494,-2.393436676286502,-2.393436810046233
2018-02-16,272.32000732421875,273.1099853515625,19.459999084472656,18.68000030517578,40.25998673380624,20.397019116538928,157.47340719508432,156.05568531336988,156.05386466357183,18.760856610396864,18.70048585013943,18.700467638092974,-1.0590927094576417,-1.0609133592557018,-1.0609138851580253
2018-02-20,272.0299987792969,271.3999938964844,20.600000381469727,20.63999938964844,39.41732754724416,-84.26591865620736,155.22003331312263,152.30220605037294,152.29531421792328,46.733816920094874,46.544548699830486,46.54399181270997,1.9563549315373363,1.9494630990876818,1.9494547966257967
2018-02-21,271.8999938964844,270.04998779296875,20.020000457763672,20.010000228881836,37.94065935001799,-147.6668197226175,142.4949588249977,140.22891635251142,140.2194858092449,29.221368411588152,29.097005636376707,29.096762357604057,0.6603846049452198,0.6509540616786937,0.650951385403701
2018-02-22,271.1000061035156,270.3999938964844,18.719999313354492,18.1299991607666,37.3029423065897,-63.77170434282888,106.87402168308807,105.89113681911091,105.89028102336935,15.45236041637101,15.420019354175475,15.41999802714191,-1.9316625706012207,-1.9325183663427943,-1.9325184710794627
2018-02-23,271.7900085449219,274.7099914550781,16.489999771118164,14.979999542236328,39.703716603025484,240.07742964357845,57.89144175633273,57.76271528195271,57.76270149127482,2.417432218747834,2.416440648379546,2.416440629201027,-3.642505679177363,-3.642519469855257,-3.642519469864888
2018-02-26,275.92999267578125,277.8999938964844,15.800000190734863,15.15999984741211,42.20635959218484,250.2642989159355,63.305625414040584,63.12687068352023,63.12686441326293,4.0923854576438545,4.090576021735965,4.090575947077186,-3.5424717280181337,-3.5424779982754195,-3.542477998331847
2018-02-27,278.1099853515625,274.42999267578125,18.59000015258789,18.1200008392334,40.201906396275135,-200.44531959097043,1.0745066956427438,-0.15589830998544407,-0.15677185330214805,18.146834882724967,18.100065566589578,18.100057248217894,-1.436569208730599,-1.4374427520473345,-1.4374428020668724
2018-02-28,275.67999267578125,271.6499938964844,19.850000381469727,19.190000534057617,38.58722595720428,-161.46804390708525,-97.0415261394547,-98.23225631221692,-98.23704224356285,24.102999798674986,24.017737825256653,24.017661240407087,-1.5041798160253852,-1.508965747371307,-1.5089664287714109
2018-03-01,271.4100036621094,267.70001220703125,22.469999313354492,23.88999938964844,37.44369462137067,-114.35313358336145,11.996390049907793,6.521157776424827,6.416244869942625,64.78521568540847,63.46841099483576,63.46296054385524,7.366775534033408,7.261862627551212,7.2613388577056845
2018-03-02,265.79998779296875,269.0799865722656,19.59000015258789,18.8700008392334,36.315039435578164,-112.86551857925033,-62.3649765719238,-63.51296196933334,-63.51574436356187,17.92495853537863,17.836575478890907,17.83654783141111,-1.5956797127610578,-1.5984621069895772,-1.5984628768954368
2018-03-05,267.7300109863281,272.19000244140625,18.729999542236328,18.260000228881836,38.073947513998434,175.89080784202693,-294.60429971571136,-295.52072978811793,-295.52180993330944,14.905110180616086,14.845091371307236,14.845078803532077,-2.0638985857922467,-2.0649787309837278,-2.064979008922744
2018-03-06,273.29998779296875,272.8800048828125,18.36000061035156,17.229999542236328,38.39915294460532,32.52054306068857,129.5156425638867,128.80861016814347,128.80827456013444,10.965107816831527,10.945871275870184,10.945869622948852,-2.4849282987994448,-2.485263906808472,-2.4852639353707815
2018-03-07,270.4200134277344,272.7799987792969,17.760000228881836,16.709999084472656,37.978014540840846,-42.11384037644734,115.36964575426899,115.13943950435471,115.1393055397724,7.701141732836502,7.685220709258834,7.685220232977734,-3.4391855861346188,-3.439319550716931,-3.43931955748023
2018-03-08,273.54998779296875,274.1000061035156,16.540000915527344,15.859999656677246,38.57500389459422,59.698935375337214,103.28977120507697,103.14330680055235,103.14325294848162,5.16663306737904,5.158075876653539,5.158075741464014,-3.606909634321588,-3.606963486392325,-3.606963486531314
2018-03-09,275.70001220703125,278.8699951171875,14.640000343322754,13.529999732971191,42.42937197930196,385.4368084707744,-107.46327962647374,-107.48379816632821,-107.48379894495325,-0.6582554657933963,-0.6583898103716281,-0.6583898106867849,-3.8589605844158132,-3.858961363040854,-3.8589613630408897
2018-03-12,279.20001220703125,278.5199890136719,15.779999732971191,15.239999771118164,42.216723967244775,-21.264801205718697,68.0300486994175,67.9172821524807,67.91726703488628,4.192184669330672,4.189085508929617,4.189085480635033,-3.674421553277258,-3.674436670871682,-3.6744366708936296
2018-03-13,279.8399963378906,276.7200012207031,16.350000381469727,15.359999656677246,40.65173341458696,-156.4990552657818,13.641588207963386,13.488481212884986,13.488468425095958,5.247050963305078,5.244071244808438,5.244071223807849,-3.5937476459659905,-3.5937604337550138,-3.593760433925061
2018-03-14,277.80999755859375,275.29998779296875,17.229999542236328,17.280000686645508,39.59779787306575,-105.39355415212057,99.2935570645913,98.79260792356105,98.79237327198416,13.383531039729194,13.363060314494367,13.363054159584882,-2.89739769500382,-2.89763234658069,-2.89763236931568
2018-03-15,275.8800048828125,275.0,16.59000015258789,15.960000038146973,39.071321895419466,-52.64759776462853,75.4737815558671,75.155562513653,75.15553616576405,6.848353348125302,6.843619030697294,6.843618599470037,-3.2634828699901055,-3.263509217879051,-3.2635092185173322
2018-03-16,274.5,274.20001220703125,15.800000190734863,14.93000030517578,38.06444765025106,-100.68742451684045,87.57855366105876,87.50884794844825,87.5088375020259,2.27429759576174,2.27132850221862,2.2713284891635057,-3.760557235494028,-3.7605676819163767,-3.760567681922347
2018-03-19,273.3500061035156,270.489990234375,19.020000457763672,21.950000762939453,35.97869057933835,-208.5757070912713,128.07384381889167,124.8901034139889,124.8560341741763,45.665709034363445,45.21669286296042,45.215569461900486,2.569917284710229,2.5358480448976195,2.535771807272382
2018-03-20,270.94000244140625,270.95001220703125,18.200000762939453,19.700000762939453,35.90667038634916,-7.202019298918572,135.1003001429283,133.15200403784308,133.14496014862112,36.81768575412007,36.7200861618781,36.71992855115946,0.017728413565014645,0.010684524343067547,0.010683012626414357
2018-03-21,270.8999938964844,270.42999267578125,17.860000610351562,18.520000457763672,35.26212505289198,-64.45453334571809,113.25022585624703,112.09946149782658,112.09729080894269,18.38881842592049,18.34802638446967,18.347996229043886,-1.5919587275466882,-1.5941294164305813,-1.5941295794107693
2018-03-22,267.9100036621094,263.6700134277344,23.34000015258789,26.309999465942383,33.572901217824054,-168.92238350679278,7.24942406649213,-4.9466189273802055,-5.390513364291424,113.80992631598147,111.92322358373593,111.88672089173554,21.83021264733813,21.38631821042687,21.384180011806457
2018-03-23,264.1700134277344,258.04998779296875,24.8700008392334,28.219999313354492,31.49923285585217,-207.36683619718832,-422.02703871664636,-438.4019176162236,-439.2358315667885,-51.08356776897718,-55.15585279141265,-55.245714993770896,31.379335450444465,30.54542149987965,30.536203527555223
2018-03-26,262.1300048828125,265.1099853515625,21.030000686645508,22.280000686645508,32.54203053589201,104.27976800398397,197.74371458624108,193.8405596498358,193.79808468697092,55.94348257813792,55.472631962736344,55.471208085172755,4.03407585943116,3.99160089656631,3.9914872152042564
2018-03-27,266.1700134277344,260.6000061035156,22.5,22.950000762939453,30.5449286009569,-199.71019349351096,-437.64396545735985,-442.9566766007672,-443.03835058107336,-12.462610148916172,-13.20737380838098,-13.210932794165162,6.970825032826138,6.8891510525199315,6.8890242222999465
2018-03-28,260.75,259.8299865722656,22.8700008392334,24.940000534057617,30.275436449867442,-26.94921510894588,277.0430371271385,269.2936578140329,269.12549997121005,86.04515905841643,84.63085331761384,84.61175438914906,12.105805970361443,11.93764812753865,11.936792355345741
2018-03-29,261.1199951171875,263.1499938964844,19.969999313354492,20.56999969482422,30.234115599812846,-4.132085005459629,181.37744021428443,179.2863487532617,179.27505054445933,38.30956181848148,38.12803736599463,38.12781699348901,0.3161125834560643,0.3048143746536711,0.30480269673155114
2018-04-02,262.54998779296875,257.4700012207031,23.6200008392334,27.309999465942383,29.022183672519176,-121.19319272936693,-163.1034764415777,-180.98261359208084,-181.3548827069664,97.11891474002351,94.06905527335576,93.99310750664932,32.99096821315532,32.618699098269765,32.61343584565826
2018-04-03,258.8699951171875,260.7699890136719,21.100000381469727,23.479999542236328,28.957176276423652,-6.500739609552397,240.67775757736382,235.6373451968334,235.5680289527728,66.13304897197925,65.05409073698439,65.04747231788997,6.389503289144436,6.32018704508385,6.3199440420242645
2018-04-04,256.75,263.55999755859375,20.059999465942383,21.950000762939453,30.09316789433671,113.59916179130565,-708.4389375217401,-713.0303032711128,-713.0521429034313,-264.1173396127729,-264.46512659897775,-264.4665398697277,5.348344675272623,5.326505042953995,5.326473627902299
2018-04-05,265.54998779296875,265.6400146484375,18.940000534057617,19.93000030517578,30.94611942353706,85.29515292003502,173.0985586278853,171.21835143810335,171.21391726719668,23.919748777586534,23.763973577148263,23.76368080580479,-0.12627394599585795,-0.13070811690251816,-0.13071117037905067
2018-04-06,263.4200134277344,259.7200012207031,21.489999771118164,23.059999465942383,28.28270611962145,-266.34133039156075,-16.073009823381696,-23.272626390472233,-23.314481042568353,48.51290402293917,47.80813872171773,47.80328840303575,10.625190669373296,10.583336017277148,10.583204951597061
2018-04-09,261.3699951171875,261.0,21.770000457763672,23.829999923706055,45.166836129488104,1685.8130009866654,253.82185584824035,245.50880599396004,245.39224978018913,54.390151471278806,53.492846150359235,53.48531164811451,13.076473428963668,12.959917215192748,12.959682492342447
2018-04-10,264.2699890136719,265.1499938964844,20.469999313354492,20.920000076293945,43.681606901026655,-148.52292284614492,192.64221807224058,189.9469968716808,189.92704460403993,30.530700238900998,30.277611438817345,30.277113597686075,1.5503248429361314,1.530372575295246,1.5303640309714739
2018-04-11,263.4700012207031,263.760009765625,20.239999771118164,20.3700008392334,42.759745005774946,-92.1861895251709,179.9137975154969,176.76872980033002,176.76323825603015,25.816466645941375,25.63526408127901,25.63488456403941,2.40662293549432,2.4011313911944194,2.401127101172893
2018-04-12,265.260009765625,265.92999267578125,18.489999771118164,17.81999969482422,39.971904566351284,-278.7840439423661,131.0821973950327,130.36125745607202,130.36089482321597,11.35851339848065,11.326968892425773,11.326959997153299,-2.457032116590693,-2.457394749446759,-2.4573947850861995
2018-04-13,267.4100036621094,265.1499938964844,17.40999984741211,16.360000610351562,37.58276241483702,-238.9142151514264,105.80759627865558,105.44337386417926,105.44331555646367,5.5879270385019595,5.57866320663055,5.578662171825432,-3.1713802428238673,-3.171438550539466,-3.1714385522316957
2018-04-16,267.0,267.3299865722656,16.559999465942383,16.56999969482422,36.58797935102926,-99.4783063807759,76.62815456965322,76.28818822524093,76.28798263829773,12.306361487849356,12.30090516509046,12.300904446108268,-3.219450547108481,-3.219656134051672,-3.2196561351307933
2018-04-17,269.3299865722656,270.19000244140625,15.25,15.350000381469728,35.30746174723055,-128.05176037987138,90.24723815783602,90.06076182504576,90.0607505267657,2.6551362813042285,2.651862245946435,2.6518621250138628,-3.5270134393156556,-3.527024737595723,-3.527024737683595
2018-04-18,270.69000244140625,270.3900146484375,15.600000381469728,14.640000343322754,35.97588679733056,66.84250501000122,80.23599604460611,80.14231476793555,80.14230951227893,1.1607528886459448,1.160198992084939,1.1601989871554874,-3.71262167968419,-3.7126269353408,-3.712626935342425
2018-04-19,269.6499938964844,268.8900146484375,15.960000038146973,15.5,35.941047920804095,-3.4838876526464446,93.52422835774298,93.34199388313212,93.34197110366907,3.326968195577832,3.322170444598501,3.322170404348321,-3.5354627123002693,-3.535485491763329,-3.5354854917929415
2018-04-20,268.80999755859375,266.6099853515625,16.8799991607666,16.229999542236328,36.71993324041651,77.88853196124137,107.23508379290517,106.94716787715784,106.94707834478488,6.030570986209824,6.026637116344244,6.026636783848625,-3.3238995702845204,-3.3239891026574755,-3.3239891030247897
2018-04-23,267.260009765625,266.57000732421875,16.34000015258789,16.440000534057617,35.54335226194584,-117.65809784706676,107.77472907024564,107.42685533133846,107.4267961617221,5.9472921408279085,5.937545271664291,5.937544373069585,-3.204075008733518,-3.204134178349894,-3.2041341798842145
2018-04-24,267.7300109863281,262.9800109863281,18.020000457763672,19.170000076293945,37.50116400865254,195.7811746706696,-242.25014008752217,-243.6623988757126,-243.66524527622988,20.37544930929937,20.2612977837925,20.26124825460039,-1.0669388125633361,-1.0697852130806202,-1.069786682898302
2018-04-25,262.9100036621094,263.6300048828125,17.84000015258789,18.709999084472656,37.29463112806778,-20.653288058475994,106.82196012705832,105.8586725825069,105.85669533215479,24.096919724982058,24.022956072515278,24.022938346603688,-1.9674915860678588,-1.9694688364199662,-1.9694693610085654
2018-04-26,264.7900085449219,266.30999755859375,16.239999771118164,16.010000228881836,35.112409802731406,-218.22213253363714,98.79441391070594,98.58594555283996,98.58588521657131,4.344892482743262,4.337822049347338,4.337821935992512,-3.4828822725910302,-3.4829426088597017,-3.482942609816705
2018-04-27,267.0,266.55999755859375,15.40999984741211,14.4399995803833,33.623332767213654,-148.90770355177523,46.904159551121566,46.83899987756272,46.838994878822355,3.1710842752260717,3.170750211021012,3.170750207554434,-3.7696656566589124,-3.76967065539928,-3.769670655400045
2018-04-30,267.260009765625,264.510009765625,15.93000030517578,16.450000762939453,33.70929069368594,8.595792647228961,9.9576935036689,9.607587533054078,9.607527404768238,5.984970211361826,5.975121596570913,5.975120679554307,-3.1996076691796906,-3.1996677974655365,-3.1996677990432527
2018-05-01,263.8699951171875,264.9800109863281,15.489999771118164,15.699999809265137,33.003264541906745,-70.60261517791986,61.28074725839085,61.12222265148407,61.12218832817076,7.201281527872384,7.196082985708792,7.19608293280195,-3.5828478150596994,-3.5828821383730203,-3.582882138768625
2018-05-02,264.760009765625,263.20001220703125,15.970000267028809,16.530000686645508,33.263630094402046,26.036555249530124,107.52483413696355,107.22541086359604,107.22527610839555,6.084116644098209,6.07242357769235,6.072423224339834,-3.300749176452671,-3.3008839316531478,-3.3008839353900936
2018-05-03,262.260009765625,262.6199951171875,15.899999618530272,15.75,32.906202030418626,-35.742806398342,90.45767436325814,90.28156927274401,90.28151679891337,2.6707307355654413,2.667528651221735,2.6675285226393957,-3.5476323972453687,-3.547684871076017,-3.5476848711541744
2018-05-04,261.5199890136719,266.0199890136719,14.770000457763672,13.859999656677246,31.918428239453448,-98.77737909651785,-344.42692023574944,-344.49075193076135,-344.49075213405365,-1.452970217855584,-1.4531982167366233,-1.453198217641102,-3.772336000098971,-3.772336203391287,-3.7723362033913768
2018-05-07,266.8900146484375,266.9200134277344,14.75,14.220000267028809,32.08895382182841,17.052558237496385,44.11862509341495,44.06731974527229,44.06731710408459,2.445653317179856,2.445440504935373,2.4454405036049263,-3.797381380150939,-3.7973840213386483,-3.7973840213388588
2018-05-08,266.5,266.9200134277344,14.710000038146973,13.979999542236328,31.970200739667348,-11.875308216106362,65.22521731607281,65.13459404048706,65.13459352899875,-0.8535375710417936,-0.8539552863631004,-0.8539552892835669,-3.718751914362194,-3.7187524258505094,-3.71875242585096
2018-05-09,267.67999267578125,269.5,13.420000076293944,12.130000114440918,30.79230797348697,-117.78927661803777,40.91366948124922,40.9090700693642,40.90907006552357,-2.921418268631165,-2.9214360136131963,-2.9214360136133735,-3.8908011647080856,-3.8908011685487076,-3.8908011685487076
2018-05-10,270.3399963378906,272.0199890136719,13.229999542236328,12.43000030517578,31.685099198754074,89.27912252671035,45.7563146373167,45.74460884861656,45.74460884148068,-2.6450091052312725,-2.6450379211251454,-2.645037921125523,-3.8765884011920777,-3.8765884083279567,-3.8765884083279567
2018-05-11,272.1600036621094,272.8500061035156,12.649999618530272,11.239999771118164,31.168413171002584,-51.668602775149,16.4952800759878,16.493499945361535,16.493499945294026,-3.366291461285179,-3.3662921691099963,-3.366292169110016,-3.8964397385449403,-3.896439738612451,-3.896439738612451
2018-05-14,273.3399963378906,272.9800109863281,12.93000030517578,11.920000076293944,31.547093185731924,37.868001472934054,40.73737651499208,40.735813515381466,40.73581351355757,-2.963093324890883,-2.9631010802246163,-2.9631010802246696,-3.896873995307077,-3.8968739971309745,-3.8968739971309745
2018-05-15,271.5899963378906,271.1000061035156,14.630000114440918,14.289999961853027,33.310889768720855,176.3796582988931,74.53768346415181,74.50365466474439,74.5036523638637,0.334425053142148,0.3333354518957332,0.3333354503660386,-3.831935498541965,-3.8319377994226587,-3.831937799423021
2018-05-16,271.1400146484375,272.239990234375,13.420000076293944,12.359999656677246,31.83875183079195,-147.2137937928906,26.1859721145482,26.17716556950718,26.177165564301824,-2.5887527342862118,-2.5887640221908477,-2.5887640221956634,-3.8823868943018995,-3.882386899507253,-3.882386899507253
2018-05-17,271.94000244140625,272.010009765625,13.43000030517578,12.020000457763672,31.69062332362303,-14.812850716892001,22.72910626343483,22.724127592721224,22.72412759218782,-1.8387072754011018,-1.8387111371250477,-1.8387111371256228,-3.890042656972558,-3.890042657505967,-3.890042657505967
2018-05-18,271.6199951171875,271.3299865722656,13.420000076293944,11.479999542236328,31.28239988167293,-40.82234419500992,34.52120859950092,34.52042887113103,34.52042887062078,-3.264486152549467,-3.2644910429919793,-3.2644910429919873,-3.898440541729479,-3.898440542239722,-3.898440542239722
2018-05-21,273.010009765625,273.3699951171875,13.079999923706056,11.369999885559082,31.686878794148228,40.44789124752981,17.35847409829227,17.356478226940794,17.356478226889898,-2.572626316398291,-2.5726271378687233,-2.5726271378687517,-3.896008257144356,-3.896008257195254,-3.896008257195254
2018-05-22,273.9599914550781,272.6099853515625,13.220000267028809,10.920000076293944,31.44813221061895,-23.874658352927725,13.973023219902883,13.97210002327085,13.972100023264892,-3.325279243067574,-3.325279449887609,-3.325279449887611,-3.8981536067180604,-3.8981536067240197,-3.8981536067240197
2018-05-23,271.1700134277344,273.3599853515625,12.579999923706056,10.0600004196167,30.831938563386686,-61.61936472322651,7.8532823159931535,7.853120289583041,7.853120289582952,-3.7567211233815767,-3.756721133925347,-3.756721133925347,-3.8996759471795093,-3.899675947179598,-3.899675947179598
2018-05-24,272.9100036621094,272.79998779296875,12.529999732971191,10.329999923706056,30.39885562464523,-43.308293874145676,9.457942133770779,9.457695911414929,9.45769591141478,-3.6091298165146375,-3.6091298359125026,-3.6091298359125026,-3.8995075552878555,-3.899507555288005,-3.899507555288005
2018-05-25,272.1499938964844,272.1499938964844,13.220000267028809,11.460000038146973,31.070502713028432,67.16470883832031,18.287979239977766,18.2854503299964,18.285450329816094,-3.244751413293346,-3.244752716096385,-3.244752716096452,-3.894942179496351,-3.8949421796766557,-3.8949421796766557
2018-05-29,270.30999755859375,269.0199890136719,17.020000457763672,17.239999771118164,35.81091431495703,474.04116019285993,125.96783600169525,125.32423116351248,125.32396698229758,10.085232712595346,10.06872941152642,10.068728223865111,-2.611997721796371,-2.612261903011282,-2.612261922409055
2018-05-30,270.5,272.6099853515625,14.9399995803833,13.260000228881836,33.8194695436286,-199.14447713284318,57.40217568542285,57.39267248166173,57.392672351351074,-1.6645398767798958,-1.6647131514310387,-1.6647131514562954,-3.8809932015456776,-3.8809933318563345,-3.8809933318563745
2018-05-31,272.1499938964844,270.94000244140625,15.43000030517578,14.119999885559082,33.790641735269915,-2.8827808358684592,46.880703187410106,46.8136239261621,46.8136229028634,0.12513700581321086,0.12477220770671504,0.12477220348291773,-3.765838407605072,-3.7658394309037666,-3.765839430904713
2018-06-01,272.4100036621094,273.6000061035156,13.460000038146973,11.4399995803833,31.90091007819028,-188.97316570796363,33.96473725792805,33.96410392125345,33.96410392098816,-3.304396882778983,-3.304400257142852,-3.3044002571428557,-3.898733325854922,-3.8987333261202135,-3.8987333261202135
2018-06-04,274.5299987792969,274.8999938964844,12.739999771118164,12.020000457763672,31.434677390239187,-46.62326879510914,42.625253260069925,42.623070949897595,42.62307094494077,-2.830240250236865,-2.830245542550804,-2.8302455425510322,-3.8956353647848787,-3.895635369741703,-3.895635369741703
2018-06-05,275.04998779296875,275.1000061035156,12.399999618530272,11.68000030517578,31.0268054954365,-40.78718948026889,20.948030214525986,20.944124958946666,20.944124958630688,-2.9592897444244284,-2.9592924274629766,-2.9592924274629864,-3.892189487893418,-3.892189488209399,-3.892189488209399
2018-06-06,275.7900085449219,277.3999938964844,11.640000343322754,11.029999732971191,31.435138304272876,40.83328088363771,15.727011414362172,15.725748895408008,15.725748895398942,-3.3384618493703613,-3.338462155601568,-3.3384621556015706,-3.897474962064479,-3.8974749620735434,-3.8974749620735434
2018-06-07,277.95001220703125,277.3699951171875,12.130000114440918,11.899999618530272,32.002263245616625,56.712494134374936,24.099388757242792,24.093241875589776,24.09324187465473,-3.4131291494205422,-3.4131347314983116,-3.413134731498343,-3.8877062338888195,-3.887706234823868,-3.887706234823868
2018-06-08,276.8500061035156,278.19000244140625,12.18000030517578,11.5600004196167,32.56466132051705,56.23980749004218,20.525634732874643,20.52230110901381,20.522301108863566,-2.928717886893018,-2.9287196782991645,-2.928719678299271,-3.8933327518276,-3.8933327519778476,-3.8933327519778476
2018-06-11,278.44000244140625,278.55999755859375,12.350000381469728,12.529999732971191,32.89979934810731,33.513802759026134,52.11244487892535,52.10669775176164,52.10669771226734,-2.1475277111278475,-2.1475353298499016,-2.1475353298543745,-3.888505627189694,-3.8885056666839826,-3.8885056666839826
2018-06-12,279.0299987792969,278.9200134277344,12.34000015258789,12.029999732971191,33.085184437458324,18.53850893510156,25.9740019052594,25.965753610574907,25.96575360833257,-3.319927128715523,-3.319936798555257,-3.3199367985553643,-3.883503403903994,-3.8835034061463323,-3.8835034061463323
2018-06-13,279.19000244140625,278.0299987792969,12.9399995803833,12.65999984741211,33.234462549277445,14.927811181912176,33.60095645521758,33.593623434854955,33.59362340524343,-1.8567075188746545,-1.8567592415775147,-1.8567592415815373,-3.8853338704401783,-3.8853339000517,-3.8853339000517
2018-06-14,279.010009765625,278.7300109863281,12.119999885559082,11.039999961853027,32.59849668786748,-63.596586140996436,16.62627502361409,16.62455794509951,16.624557945066137,-3.6817120350818455,-3.6817126639173603,-3.6817126639173603,-3.8965658428707135,-3.8965658429040855,-3.8965658429040855
2018-06-15,276.6000061035156,277.1300048828125,11.979999542236328,10.84000015258789,31.31441933729314,-128.40773505743428,29.211292381468454,29.21096636653126,29.21096636646198,-3.483811310490256,-3.4838115096837616,-3.483811509683762,-3.8993479699177835,-3.899347969987062,-3.899347969987062
2018-06-18,275.489990234375,276.55999755859375,12.3100004196167,11.6899995803833,31.246781436995263,-6.7637900297874864,38.73574766431801,38.734435409334765,38.734435407813955,-3.0621913644307215,-3.0621920114293317,-3.0621920114293735,-3.897375485471077,-3.8973754869918866,-3.8973754869918866
2018-06-19,274.0,275.5,13.350000381469728,12.970000267028809,31.98117925455383,73.43978175585661,33.59185648544623,33.57158902204859,33.5715889984671,0.10106941809750047,0.10102433138512801,0.10102433131408439,-3.8594650024602375,-3.859465026041728,-3.8594650260417316
2018-06-20,276.2699890136719,275.9700012207031,12.789999961853027,12.15999984741211,31.435872809957317,-54.530644459651256,46.08847552220027,46.085625461579404,46.08562545697993,-2.6291284116189653,-2.629144047046599,-2.629144047046891,-3.89429986495986,-3.8942998695593327,-3.8942998695593327
2018-06-21,275.9599914550781,274.239990234375,14.640000343322754,14.5600004196167,33.08030764338811,164.44348334307932,54.77344367161217,54.66340428276676,54.66340243537221,2.3478266018826455,2.347025221681122,2.347025220220604,-3.6799156801045627,-3.6799175274991023,-3.6799175275061016
2018-06-22,275.6600036621094,274.739990234375,13.770000457763672,12.15999984741211,32.010132035877454,-107.01756075106559,45.89317602174437,45.8898408890903,45.88984087558587,-2.599528802083216,-2.599536266130274,-2.599536266131194,-3.8933296941785716,-3.893329707683,-3.893329707683
2018-06-25,273.44000244140625,271.0,17.329999923706055,17.68000030517578,35.614560393760726,360.4428357883272,137.73283694933957,137.25189039044494,137.25123311758793,13.293136618959165,13.248150009177555,13.248145500895463,-2.936135017547107,-2.936792290404107,-2.936792305768063
2018-06-26,271.6400146484375,271.6000061035156,15.920000076293944,15.15999984741211,33.525063066279245,-208.94973274814816,89.44130707974459,89.36223426681023,89.3622194871741,2.6234468865783986,2.6221700644926287,2.622170042803085,-3.7418100351843173,-3.741824814820449,-3.7418248148333078
2018-06-27,272.260009765625,269.3500061035156,17.90999984741211,17.90999984741211,35.80126607043189,227.62030041526486,11.974963981158508,11.015349924493547,11.014619910264326,14.24307595586332,14.211378402185725,14.21137351963535,-1.9785815353574199,-1.9793115495866578,-1.979311652461355
2018-06-28,269.2900085449219,270.8900146484375,16.850000381469727,15.829999923706056,34.60741184517059,-119.38542252613047,98.8219185348223,98.56625149704165,98.56622509907629,4.180938242564297,4.175199759069869,4.1751994232148135,-3.38858672945829,-3.3886131274236333,-3.3886131277850806
2018-06-29,272.1199951171875,271.2799987792969,16.09000015258789,14.93000030517578,33.49016893438605,-111.72429107845403,57.484184375454156,57.35069333307855,57.35068717958606,2.1546265967550307,2.153465280776854,2.1534652416431666,-3.6329994547109736,-3.6330056082034705,-3.633005608223585
2018-07-02,269.510009765625,271.8599853515625,15.600000381469728,14.420000076293944,32.812153228545014,-67.80157058410339,74.56352279625912,74.53016933151798,74.5301672243995,0.31993354580025013,0.318889268709019,0.3188892673589603,-3.8332867491462395,-3.8332888562647094,-3.8332888562700695
2018-07-03,272.8699951171875,270.8999938964844,16.139999389648438,15.170000076293944,33.181867246392926,36.97140178479117,61.10328475000117,60.94627740760625,60.946273143051464,3.379093469629402,3.377665938630514,3.3776658944529387,-3.5859725214599973,-3.5859767860147955,-3.5859767860433847
2018-07-05,272.1700134277344,273.1099853515625,14.970000267028809,14.140000343322754,32.28342296595633,-89.84442804365926,47.278690029183714,47.2093832356029,47.20938215606961,0.14439879877373585,0.14401171757349296,0.14401171715615924,-3.7613831742351804,-3.7613842537684787,-3.7613842537695756
2018-07-06,273.1400146484375,275.4200134277344,13.369999885559082,11.489999771118164,31.165991116605035,-111.74318493512985,18.859193474272168,18.856391339456508,18.85639133932117,-3.1977316345137394,-3.197733187758917,-3.197733187758919,-3.89439572996267,-3.894395730098005,-3.894395730098005
2018-07-09,276.54998779296875,277.8999938964844,12.6899995803833,10.789999961853027,31.665687483214185,49.96963666091503,28.393798155472012,28.39352486660789,28.393524866562252,-3.5149224332940636,-3.5149224797569287,-3.514922479756929,-3.8994534221348456,-3.8994534221804895,-3.8994534221804895
2018-07-10,278.4100036621094,278.8999938964844,12.640000343322754,10.65999984741211,32.218509129431,55.28216462168132,27.585488507132574,27.585276321320826,27.585276321301116,-3.548773622790052,-3.548773650056333,-3.548773650056333,-3.899575628317367,-3.899575628337079,-3.899575628337079
2018-07-11,277.1499938964844,276.8599853515625,13.630000114440918,11.800000190734863,32.13357826055661,-8.49308688743875,23.33711029413226,23.331221736712955,23.33122173573387,-2.8593359809235377,-2.859341598200863,-2.859341598200901,-3.888222882224136,-3.88822288320322,-3.88822288320322
2018-07-12,278.2799987792969,279.3699951171875,12.579999923706056,10.600000381469728,32.37438249199576,24.080423143914942,14.11092747730533,14.110745688715527,14.11074568870682,-3.563367420025365,-3.5633677016622314,-3.5633677016622314,-3.899636422794272,-3.8996364228029785,-3.8996364228029785
2018-07-13,279.1700134277344,279.5899963378906,12.18000030517578,10.06999969482422,32.0203221376332,-35.406035436255934,9.796480142127853,9.796419294564773,9.796419294564421,-3.6933331415820767,-3.693333175978616,-3.693333175978616,-3.8998783048727854,-3.8998783048731367,-3.8998783048731367
2018-07-16,279.6400146484375,279.3399963378906,12.829999923706056,11.5,32.46931699374624,44.8994856113039,39.14448515758377,39.14299975673773,39.14299975659731,-3.0274804119771117,-3.027481252131291,-3.0274812521313557,-3.8970291978866607,-3.8970291980270835,-3.8970291980270835
2018-07-17,278.4700012207031,280.4700012207031,12.0600004196167,10.5600004196167,32.33669910068531,-13.261789306093164,26.453038780461796,26.452860426071638,26.45286042605563,-3.58150582897904,-3.5815058503443544,-3.5815058503443544,-3.899643291171657,-3.8996432911876675,-3.8996432911876675
2018-07-18,280.55999755859375,281.05999755859375,12.100000381469728,10.029999732971191,32.76115403114516,42.445493045985216,21.730592627262098,21.730524269441744,21.73052426944168,-3.7032918413812523,-3.7032918457401225,-3.7032918457401225,-3.8998632843590926,-3.8998632843591587,-3.8998632843591587
2018-07-19,280.30999755859375,280.0,12.869999885559082,11.149999618530272,32.82573573370469,6.458170255952922,34.7007513614412,34.70008777459887,34.70008777440882,-3.2781687743876904,-3.2781689485218255,-3.278168948521828,-3.898672825745189,-3.8986728259352357,-3.8986728259352357
2018-07-20,279.7699890136719,279.67999267578125,12.859999656677246,11.010000228881836,32.55142306917549,-27.4312664529198,16.962072895701212,16.9613054977672,16.96130549775014,-3.274662685323252,-3.2746631581818977,-3.2746631581818977,-3.8984652040807877,-3.8984652040978545,-3.8984652040978545
2018-07-23,279.45001220703125,280.20001220703125,12.619999885559082,11.34000015258789,32.498096738151034,-5.332633102445783,36.314960594532316,36.31404174609735,36.3140417455108,-3.191175727716372,-3.191176070934439,-3.1911760709344508,-3.8981623013704065,-3.898162301956963,-3.898162301956963
2018-07-24,281.7900085449219,281.6099853515625,12.40999984741211,11.149999618530272,33.22542175728322,72.73250191321878,18.809964377232966,18.8087823819655,18.808782381914718,-3.126476936339092,-3.1264778749252673,-3.1264778749252677,-3.8976360093127176,-3.8976360093635054,-3.8976360093635054
2018-07-25,281.3299865722656,284.010009765625,12.289999961853027,11.270000457763672,34.845438790663984,162.0017033380762,34.6564221738715,34.65552528741265,34.65552528700983,-3.1834309109167007,-3.183431208619059,-3.1834312086190666,-3.8982062258738357,-3.898206226276662,-3.898206226276662
2018-07-26,283.20001220703125,283.3399963378906,12.140000343322754,11.06999969482422,34.15072044237672,-69.47183482872603,19.099204993013046,19.098462572065856,19.09846257191476,-3.229693770823467,-3.229693960164909,-3.2296939601649113,-3.898515157652332,-3.898515157803425,-3.898515157803425
2018-07-27,283.7099914550781,281.4200134277344,13.029999732971191,11.59000015258789,33.62135831876327,-52.93621236134527,24.16525778154962,24.16276923344313,24.162769233002173,-2.7788285496233005,-2.7788305640131563,-2.778830564013165,-3.8950229024641465,-3.895022902905108,-3.895022902905108
2018-07-30,281.510009765625,279.95001220703125,14.260000228881836,13.56999969482422,33.922689866675306,30.13315479120351,70.6421843245327,70.61635651960452,70.61635641344873,-0.19445423549499052,-0.19455190005875078,-0.19455190063831473,-3.8483440716759794,-3.8483441778317835,-3.8483441778318705
2018-07-31,280.80999755859375,281.3299865722656,12.829999923706056,11.640000343322754,33.15824742156744,-76.44424451078677,22.974328802901262,22.971739745532545,22.971739745147495,-2.7606892721744343,-2.760692686851662,-2.7606926868516704,-3.8948218841074134,-3.894821884492467,-3.894821884492467
2018-08-01,281.55999755859375,280.8599853515625,13.149999618530272,12.289999961853027,33.133308201669536,-2.4939219897902376,50.835678846087276,50.830345524968216,50.830345522889935,-2.2367915000326675,-2.2367985862048005,-2.2367985862088293,-3.889333351527046,-3.8893333536053305,-3.8893333536053305
2018-08-02,279.3900146484375,282.3900146484375,12.1899995803833,10.510000228881836,33.18484096612499,5.153276445545174,-51.66466943055219,-51.66483292393118,-51.66483292394147,-3.588574801464134,-3.588574818532916,-3.588574818532916,-3.899673013211153,-3.899673013221443,-3.899673013221443
2018-08-03,282.5299987792969,283.6000061035156,11.640000343322754,9.579999923706056,33.56075470095787,37.59137348328849,17.792205329883288,17.7921816954752,17.7921816954752,-3.7809831368392457,-3.7809831375351566,-3.7809831375351566,-3.899952731183822,-3.8999527311838236,-3.8999527311838236
2018-08-06,283.6400146484375,284.6400146484375,11.270000457763672,9.739999771118164,33.963228053259435,40.24733523015627,20.247673502165654,20.24762383700407,20.247623837004063,-3.7332958553526363,-3.7332958578822373,-3.7332958578822373,-3.899900669676796,-3.899900669676807,-3.899900669676807
2018-08-07,285.3900146484375,285.5799865722656,10.93000030517578,9.130000114440918,34.44535309671272,48.21250434532871,14.413148654268275,14.413141839190905,14.413141839190905,-3.8309512321073558,-3.8309512321783696,-3.8309512321783696,-3.899986369845264,-3.8999863698452644,-3.8999863698452644
2018-08-08,285.3900146484375,285.4599914550781,10.850000381469728,8.859999656677246,34.250463895992624,-19.48892007200982,12.06505010585139,12.065047367069829,12.065047367069829,-3.8549480325992,-3.854948032613864,-3.854948032613864,-3.8999945224368795,-3.8999945224368795,-3.8999945224368795
2018-08-09,285.5299987792969,285.07000732421875,11.270000457763672,9.460000038146973,34.195284831142544,-5.517906485007984,17.60390294005272,17.603880608043603,17.603880608043603,-3.784089435716261,-3.7840894363450976,-3.7840894363450976,-3.8999553359817645,-3.899955335981766,-3.899955335981766
2018-08-10,283.45001220703125,283.1600036621094,13.15999984741211,13.09000015258789,34.35587463755566,16.058980641311393,64.24337811926284,64.2272736230262,64.22727359261715,-0.9658302073556277,-0.9658734428273443,-0.965873442941442,-3.867790916299503,-3.867790946708558,-3.8677909467085683
2018-08-13,283.4700012207031,282.1000061035156,14.779999732971191,15.34000015258789,35.222722868123874,86.68482305682161,103.79146057526313,103.64418552217779,103.64417786698304,5.233562445163631,5.231831759533549,5.2318316455080645,-3.6054269278773856,-3.6054345830721224,-3.6054345831946915
2018-08-14,282.9200134277344,283.8999938964844,13.3100004196167,12.619999885559082,34.860807151277896,-36.19157168459779,34.2448992392269,34.23141957823449,34.231419554619585,-2.837743247169678,-2.8377899809026403,-2.8377899809056775,-3.8730406071704557,-3.8730406307853595,-3.8730406307853595
2018-08-15,282.3800048828125,281.7799987792969,14.640000343322754,15.010000228881836,34.746073243094706,-11.473390818319018,96.65274989803723,96.54708294835349,96.54706468527182,3.8264461081147676,3.825471082102414,3.8254710466245836,-3.6886113113081627,-3.6886295743898385,-3.6886295744162823
2018-08-16,283.3999938964844,284.05999755859375,13.449999809265137,12.920000076293944,35.02235220005192,27.62789569572135,61.54477509285396,61.53192050071092,61.53192048457485,-1.2660957412757958,-1.266124652672711,-1.266124652723052,-3.874290767305708,-3.874290783441767,-3.8742907834417704
2018-08-17,283.8299865722656,285.05999755859375,12.640000343322754,11.56999969482422,34.97758907011815,-4.476312993377007,23.440801042571792,23.437894722105845,23.43789472160808,-3.448629586135417,-3.4486321608638026,-3.448632160863815,-3.894187357574809,-3.8941873580725774,-3.8941873580725774
2018-08-20,285.57000732421875,285.6700134277344,12.489999771118164,11.420000076293944,35.19572534235537,21.81362722372171,40.90688842013966,40.905089951403674,40.90508995127437,-2.9319361945244538,-2.931937329068562,-2.931937329068565,-3.8964030621401142,-3.8964030622694157,-3.8964030622694157
2018-08-21,286.25,286.3399963378906,12.859999656677246,11.550000190734863,35.988867892636165,79.31425502807983,25.296905043693876,25.294788815368833,25.29478881525528,-2.797882004165006,-2.797883216926077,-2.797883216926164,-3.89576754300925,-3.8957675431228016,-3.8957675431228016
2018-08-22,285.8800048828125,286.1700134277344,12.25,10.770000457763672,35.31466960293186,-67.41982897043073,16.587452708808215,16.586518389418607,16.58651838939719,-3.687078335173702,-3.6870786948420244,-3.6870786948420244,-3.898131361156543,-3.89813136117796,-3.89813136117796
2018-08-23,285.9700012207031,285.7900085449219,12.40999984741211,10.800000190734863,35.095784995253084,-21.888460767877405,16.832242848406544,16.832086430679,16.832086430646036,-3.6772188992169883,-3.677219533700223,-3.6772195337002236,-3.899687164446013,-3.899687164478975,-3.899687164478975
2018-08-24,286.44000244140625,287.510009765625,11.989999771118164,10.170000076293944,36.13294539957604,103.71604043229539,25.343348239520957,25.343209451822034,25.343209451821885,-3.6154815861508154,-3.6154815996026626,-3.6154815996026626,-3.899722424601706,-3.899722424601855,-3.899722424601855
2018-08-27,288.8599853515625,289.7799987792969,12.15999984741211,10.229999542236328,38.03412799046428,190.118259088824,13.032869817679467,13.032821497511735,13.03282149750992,-3.7727828834119874,-3.7727829611675556,-3.7727829611675556,-3.899903359659096,-3.8999033596609096,-3.8999033596609096
2018-08-28,290.29998779296875,289.9200134277344,12.5,10.199999809265137,38.33478738045387,30.06593899895904,14.603538850671024,14.60334096685654,14.603340966856285,-3.7294030908610507,-3.729403112052445,-3.729403112052445,-3.899604232370263,-3.899604232370517,-3.899604232370517
2018-08-29,290.1600036621094,291.4800109863281,12.25,9.770000457763672,39.4688389310221,113.40515505682305,10.335191211486094,10.335167277394833,10.335167277394822,-3.8164210707972823,-3.8164210741483098,-3.8164210741483098,-3.899952131817443,-3.8999521318174537,-3.8999521318174537
2018-08-30,290.94000244140625,290.29998779296875,13.529999732971191,11.489999771118164,39.29452916369891,-17.430976732318726,25.36716206281377,25.366264411058573,25.366264409766053,-3.354889465013941,-3.354889982467821,-3.354889982467876,-3.8982046926120355,-3.89820469390456,-3.89820469390456
2018-08-31,289.8399963378906,290.30999755859375,12.859999656677246,11.010000228881836,38.78018488671188,-51.43442769870319,20.237670377991975,20.237355767630433,20.237355767526715,-3.5733386083498173,-3.573339665681747,-3.5733396656817487,-3.8993707789657495,-3.8993707790694736,-3.8993707790694736
2018-09-04,289.8399963378906,289.80999755859375,13.15999984741211,11.970000267028809,38.40250275377735,-37.7682132934531,30.314964837961895,30.313113643626373,30.313113638691796,-3.097005838885623,-3.097018948881264,-3.097018948881666,-3.896297596525222,-3.896297601459798,-3.896297601459798
2018-09-05,289.4100036621094,289.0299987792969,13.90999984741211,12.649999618530272,38.29303339532324,-10.946935845410621,61.49714650573471,61.4842987957932,61.48429877964944,-1.2692661210973886,-1.269295070917098,-1.2692950709195596,-3.874304531685703,-3.8743045478294693,-3.8743045478294698
2018-09-06,289.1499938964844,288.1600036621094,14.649999618530272,13.460000038146973,38.1890593403193,-10.397405500394541,49.164562679177116,49.14808525473762,49.14808511968426,-1.484296102240371,-1.4844311290167114,-1.484431129517402,-3.867044745960666,-3.8670448810140297,-3.8670448810141185
2018-09-07,286.9800109863281,287.6000061035156,14.880000114440918,13.489999771118164,37.92109132896842,-26.796801135087378,47.57847690499927,47.56481572843885,47.56481518968149,-1.6767810713408817,-1.6771377474464781,-1.6771377477001828,-3.8726760306069434,-3.8726765693643084,-3.872676569364346
2018-09-10,288.739990234375,288.1000061035156,14.15999984741211,12.56999969482422,37.528178389570705,-39.291293939771776,37.3440770281343,37.33013782815804,37.3301378038336,-2.6296635180001244,-2.6297000671026955,-2.6297000671067963,-3.8721215270741784,-3.8721215513986165,-3.8721215513986165
2018-09-11,287.3699951171875,289.04998779296875,13.220000267028809,11.0,37.51325164986649,-1.4926739704215208,21.437691388253988,21.4368466682525,21.436846668238523,-3.209103922288279,-3.2091041996447602,-3.2091041996447602,-3.8983105599551022,-3.898310559969077,-3.898310559969077
2018-09-12,289.05999755859375,289.1199951171875,13.140000343322754,10.670000076293944,37.469632981352746,-4.36186685137443,16.860764691544013,16.86059724872979,16.860597248727565,-3.6735207671070365,-3.6735208012489826,-3.673520801248983,-3.8996651143648777,-3.8996651143671017,-3.8996651143671017
2018-09-13,290.32000732421875,290.8299865722656,12.369999885559082,10.029999732971191,38.37636108026069,90.67280989079478,13.407329033432104,13.407196815247845,13.40719681524775,-3.613587117170248,-3.6135871279739353,-3.6135871279739353,-3.8997355636311966,-3.8997355636312907,-3.8997355636312907
2018-09-14,291.05999755859375,290.8800048828125,12.06999969482422,9.93000030517578,38.21197970791407,-16.43813723466252,11.372742718380366,11.372709752063246,11.372709752063207,-3.800357261991175,-3.8003572642638064,-3.8003572642638064,-3.8999340673656433,-3.899934067365682,-3.899934067365682
2018-09-17,290.82000732421875,289.3399963378906,13.68000030517578,13.5,37.810734034049744,-40.124567386432375,50.432228294934525,50.41565555485792,50.41565502494925,-1.3963422681784627,-1.3966262398385805,-1.3966262401471443,-3.8668529301206154,-3.866853460029287,-3.8668534600293425
2018-09-18,289.5799865722656,290.9100036621094,12.789999961853027,11.739999771118164,38.485931712782254,67.51976787325091,47.80346299790721,47.79951351555561,47.79951351459474,-2.470475193650837,-2.470479472352045,-2.470479472352091,-3.892101032414192,-3.8921010333750594,-3.8921010333750594
2018-09-19,290.9700012207031,291.2200012207031,11.75,11.449999809265137,38.1528547425884,-33.307697019385074,24.964298633833295,24.96344689043397,24.96344689038083,-3.3721554031232777,-3.372155886360908,-3.372155886360958,-3.898296513041922,-3.898296513095067,-3.898296513095067
2018-09-20,292.6400146484375,293.5799865722656,11.800000190734863,11.039999961853027,40.25837036105441,210.55156184660078,22.656541960315707,22.65492356632516,22.654923566226664,-2.9877425522492205,-2.9877435126646485,-2.9877435126646503,-3.8967632117234037,-3.8967632118219044,-3.8967632118219044
2018-09-21,293.0899963378906,291.989990234375,11.68000030517578,10.630000114440918,38.732515971963124,-152.5854389091286,17.92940756614827,17.929187131906616,17.929187131904605,-3.640608898206675,-3.6406089523517338,-3.6406089523517338,-3.8995591315106455,-3.899559131512659,-3.899559131512659
2018-09-24,291.3399963378906,291.0199890136719,12.199999809265137,11.630000114440918,38.00673492933424,-72.57810426288813,29.208889606755854,29.205574237589254,29.205574237142933,-2.545793271403514,-2.545796066550269,-2.5457960665502846,-3.8933692603278387,-3.8933692607741546,-3.8933692607741546
2018-09-25,291.5299987792969,290.75,12.420000076293944,11.760000228881836,37.84757804738673,-15.915688194750999,49.07861891669917,49.07420517774817,49.07420517652256,-2.379732712006374,-2.3797377699953253,-2.3797377699953906,-3.891172518421181,-3.8911725196467892,-3.8911725196467892
2018-09-26,290.9100036621094,289.8800048828125,12.890000343322754,12.699999809265137,37.330370785464666,-51.72072619220671,39.53029004444636,39.52423940839763,39.52423933455564,-2.4359950563640433,-2.436006951939991,-2.4360069519580776,-3.887898506376572,-3.887898580218562,-3.8878985802185633
2018-09-27,290.4100036621094,290.69000244140625,12.40999984741211,12.09000015258789,37.70845569711837,37.80849116537013,53.316333601771866,53.309979168934845,53.309979166246684,-2.049470317040623,-2.049479135349195,-2.0494791353493937,-3.887291126261481,-3.8872911289496415,-3.8872911289496415
2018-09-28,289.989990234375,290.7200012207031,12.119999885559082,11.170000076293944,37.54295719984514,-16.549849727322652,21.732116357542388,21.73164300812968,21.73164300777743,-3.510490891065159,-3.5104910760627823,-3.5104910760627908,-3.899053300117818,-3.8990533004700705,-3.8990533004700705
2018-10-01,292.1099853515625,291.7300109863281,12.0,11.1899995803833,38.26254087587385,71.95836760287122,23.086268616229184,23.085614773855404,23.085614773800394,-3.44902269238213,-3.449023022489169,-3.4490230224891696,-3.89869231508741,-3.8986923151424198,-3.8986923151424198
2018-10-02,291.55999755859375,291.55999755859375,12.050000190734863,11.130000114440918,38.09490542761361,-16.7635448260242,40.09635665780522,40.09474264365317,40.09474264355732,-2.9804013624089043,-2.980402299133284,-2.980402299133286,-3.8967719714083606,-3.89677197150421,-3.89677197150421
2018-10-03,292.739990234375,291.7200012207031,11.609999656677246,10.8100004196167,38.007423580456226,-8.74818471573846,19.764673635530336,19.764409262607522,19.764409262559617,-3.5939949887204286,-3.5939956042275143,-3.5939956042275147,-3.899471254010657,-3.8994712540585637,-3.8994712540585637
2018-10-04,291.17999267578125,289.44000244140625,14.220000267028809,15.420000076293944,37.47734324262723,-53.008033782899844,80.95250093563297,80.82897263486547,80.82895700733273,3.234388985831025,3.2313399359721746,3.2313399044456004,-3.6528965157820097,-3.65291214331474,-3.652912143343009
2018-10-05,289.69000244140625,287.82000732421875,14.81999969482422,14.859999656677246,36.595637911564104,-88.17053310631238,70.86777672321021,70.72629106372808,70.7262833299977,4.934348389202867,4.932656216613207,4.932656202787884,-3.6170054798155977,-3.617013213545987,-3.617013213555639
2018-10-08,287.04998779296875,287.82000732421875,15.6899995803833,14.920000076293944,37.14411023209993,54.84723205358293,68.65887691671473,68.59591719974884,68.59590281178264,1.0864944859372851,1.0852583387981083,1.085258312618695,-3.7740374021131156,-3.7740517900793273,-3.7740517900981536
2018-10-09,287.3900146484375,287.3999938964844,15.949999809265137,14.399999618530272,36.9962434024769,-14.786682962303388,90.16938888719815,90.09187704201406,90.09187558742498,2.6764161521251717,2.675832702971692,2.6758327016578036,-3.744971945863237,-3.7449734004523143,-3.7449734004527637
2018-10-10,286.8299865722656,278.29998779296875,22.959999084472656,25.979999542236328,39.290446401620386,229.42029991434865,-833.0913794954876,-846.2076399613695,-846.5039883745179,-451.90757844473933,-454.21099802185057,-454.2462917584436,23.22867249859563,22.93232408544722,22.92995994707138
2018-10-11,277.0799865722656,272.1700134277344,24.979999542236328,29.579999923706055,39.36902085812629,7.857445650590478,16.55627925715543,-9.467405973266215,-10.52846607970109,155.29014221831076,149.218663641564,149.07310432958155,51.433208521578315,50.37214841514343,50.338158116008316
2018-10-12,276.7699890136719,275.95001220703125,21.309999465942383,22.84000015258789,35.907722530147126,-346.1298327979165,209.3130247462443,204.49106787907323,204.44669868592223,58.5898078617639,57.903986055239734,57.89979605307187,5.877438647384945,5.833069454233936,5.832930391554264
2018-10-15,275.54998779296875,274.3999938964844,21.299999237060547,23.90999984741211,34.94809795291934,-95.96245772277854,281.4041968096318,275.2935956892609,275.15927718291874,68.92226598272345,67.87889041704035,67.87109382280335,8.725088205310133,8.590769698968067,8.590460207488174
2018-10-16,276.6000061035156,280.3999938964844,17.6200008392334,17.850000381469727,33.507016292329034,-144.10816605903065,-134.35390475114545,-134.9664852146262,-134.96764787670472,15.550561510306581,15.51837311166573,15.518362714526111,-2.671350945219336,-2.672513607297844,-2.6725136544910826
2018-10-17,280.44000244140625,280.45001220703125,17.399999618530273,17.75,33.22931695831411,-27.769933401492608,148.28975574251766,147.64404595933277,147.64309206563735,16.227779969578734,16.20843136172637,16.208420598451376,-2.605718606663098,-2.6066725003585294,-2.6066725489853457
2018-10-18,279.3999938964844,276.3999938964844,20.059999465942383,22.309999465942383,34.041489610812434,81.2172652498326,129.95074539276592,125.74571082213316,125.69952706567764,54.04052226243049,53.652830821426086,53.65030553620404,4.648824886075063,4.6026411296195455,4.6025729864086244
2018-10-19,277.1300048828125,276.25,19.88999938964844,21.1299991607666,33.67823327650494,-36.32563343074935,173.83458228950462,169.83127572321578,169.8162899706274,41.211175022894516,40.89290506875526,40.892301964182295,4.1515988205238425,4.136613067935469,4.136603594541766
2018-10-22,277.0,275.010009765625,19.63999938964844,20.670000076293945,32.53529001817509,-114.29432583298507,163.45258358037913,160.09015747648834,160.08059597538693,25.224883037656703,24.98708401239226,24.98685825748243,2.8535789934397178,2.844017492338269,2.844003399180763
2018-10-23,270.95001220703125,273.6099853515625,20.709999084472656,23.43000030517578,33.15743942685742,62.21494086823327,212.7011457665383,205.9974519981934,205.89915910910767,77.74128361307689,77.01927865423225,77.01287849694675,9.802904112400482,9.704611223314766,9.704398901671096
2018-10-24,273.3299865722656,265.32000732421875,25.229999542236328,31.90999984741211,36.29876585867726,314.13264318198344,-644.5762742038875,-670.9824651562536,-673.4197514574893,-347.3748785575869,-356.53122547506746,-356.9464220694565,56.50814346405299,54.070857162817404,53.97748493867464
2018-10-25,267.3800048828125,270.0799865722656,24.219999313354492,29.6200008392334,36.198865154183466,-9.990070449379118,397.90921721442805,375.3963340740068,374.37167549489936,138.86676491916793,132.69038024833574,132.47649688095993,44.28247194742737,43.257813368319916,43.23056347223928
2018-10-26,265.9200134277344,265.3299865722656,24.15999984741211,29.88999938964844,34.6385180926699,-156.03470615135677,357.89014513225226,335.9702579765824,334.48568347786744,168.4364400537199,163.67007057668917,163.47591708774442,44.45299011640431,42.96841561768929,42.948835046566565
2018-10-29,268.79998779296875,263.8599853515625,24.700000762939453,31.030000686645508,34.71134931920972,7.283122653981877,30.26320900602834,2.7846485356125026,1.0118104435769357,164.2067539211116,157.62075983245919,157.27818105651332,56.499852056131424,54.727013964095825,54.6863197131943
2018-10-30,263.6700134277344,267.7699890136719,23.350000381469727,28.8700008392334,33.814384178690375,-89.69651405193417,28.551980832166784,10.239382108678333,9.516760382198544,121.38158803298059,116.61205168193143,116.4370698759179,34.94182967696328,34.21920795048347,34.203123682713795
2018-10-31,270.6499938964844,270.6300048828125,21.229999542236328,25.15999984741211,31.914240819102574,-190.01433595878012,304.6562798791349,294.3891861967418,294.1795266079304,79.73464631807175,77.66312477454844,77.64854624391512,17.265902626028954,17.056243037217598,17.05533316881246
2018-11-01,271.6000061035156,273.510009765625,19.34000015258789,21.540000915527344,30.655263289462695,-125.89775296398784,217.5691720643338,214.8927414649679,214.86757956001546,40.797116224898225,40.30160121742407,40.3008309101479,1.528403527757841,1.5032416228053567,1.5032227586643163
2018-11-02,274.75,271.8900146484375,19.510000228881836,21.170000076293945,30.076804560809208,-57.845872865348724,195.01694113464634,191.26794322079795,191.24302622932686,39.99772172500678,39.719332603227166,39.71856042039667,3.6727995383906036,3.6478825469194947,3.6478649752361987
2018-11-05,272.44000244140625,273.3900146484375,19.959999084472656,21.6299991607666,31.006804884196768,93.000032338756,220.81670816103954,218.02990349261404,218.00347478048099,42.026202692988285,41.506745457519074,41.50594382161938,1.752940969775441,1.7265122576423115,1.7264970997631455
2018-11-06,273.32000732421875,275.1199951171875,19.90999984741211,21.6200008392334,31.649934829186336,64.31299449895675,222.54964261813015,219.70879696689948,219.68207302590073,42.51262280416192,42.1359407398862,42.13514622921204,1.8620114737522933,1.8352875327535658,1.8352380904125338
2018-11-07,277.55999755859375,281.010009765625,16.360000610351562,15.539999961853027,31.115633118820078,-53.43017103662575,-100.34597446966337,-100.48280735037415,-100.48285387196051,4.838134606292682,4.8365634119467895,4.83656330247034,-3.626194673507886,-3.6262411950942472,-3.6262411951980846
2018-11-08,280.1099853515625,280.5,16.719999313354492,15.5600004196167,31.057111539117315,-5.852157970276295,73.13887368867256,72.98295420995699,72.98292843957526,5.726180338777429,5.721724771834394,5.721724711694156,-3.58808373122673,-3.5881095016084465,-3.5881095016740994
2018-11-09,279.0299987792969,277.760009765625,17.360000610351562,15.630000114440918,29.962989392836747,-109.41221462805686,73.12694312625473,72.8340454978695,72.83402186147273,1.7750861615562794,1.7708263419699914,1.7708262890211532,-3.3141338338920785,-3.3141574702888623,-3.3141574703379053
2018-11-12,277.19000244140625,272.57000732421875,20.450000762939453,20.690000534057617,30.61622755441512,65.3238161578372,-122.17467698297847,-124.45031175383637,-124.46126576449956,37.00523247470237,36.74925412480235,36.74887454739783,0.6841472456222251,0.6731932349590588,0.6731880124238758
2018-11-13,273.0899963378906,272.05999755859375,20.020000457763672,19.3799991607666,29.802067010174,-81.4160544241119,132.23079770713503,130.37727457546268,130.37491734920124,24.433204624724354,24.342024501757756,24.341877974573542,-0.18587786934435213,-0.188235095605775,-0.18823649175822066
2018-11-14,274.1600036621094,270.20001220703125,21.25,21.38999938964844,30.465465085473525,66.33980752995257,14.676301320453623,10.614545247280219,10.598926847571569,41.38367172834803,41.05701667744416,41.056387706367985,4.270467453943759,4.254849054235105,4.254815688551721
2018-11-15,268.7799987792969,273.0199890136719,19.979999542236328,19.5,29.984267324769647,-48.11977607038784,-233.31186375142832,-234.99068379512667,-234.99508945422275,23.21061214807935,23.135771620026027,23.135682881685774,-0.5291409222215102,-0.5335465813176152,-0.533547252291878
2018-11-16,271.7900085449219,273.7300109863281,18.13999938964844,16.350000381469727,28.129134487521924,-185.5132837247723,78.14939496539354,77.79715789446227,77.7970219340402,7.141305464891477,7.1358005065099235,7.135800002008654,-3.195117974361045,-3.1952539347831084,-3.195253935619841
2018-11-19,273.04998779296875,269.1000061035156,20.100000381469727,20.43000030517578,28.206197715582803,7.70632280608794,-27.40253047080364,-30.187300890401055,-30.19349807470838,32.69074091543752,32.514918153977526,32.514429586030275,1.6881533345387894,1.681956150231466,1.681949169734155
2018-11-20,265.3599853515625,264.1199951171875,22.479999542236328,23.6299991607666,29.58204219318401,137.58444776012055,255.4706692450964,248.94383983365952,248.8783436277507,56.052022849507615,55.09401257489141,55.08735513065121,9.350965174833929,9.285468968925082,9.285196751491169
2018-11-21,265.8599853515625,265.0199890136719,20.799999237060547,19.86000061035156,27.613533332217315,-196.85088609666934,131.2198962731215,129.44208245886767,129.4346871030748,35.0411046249749,34.86717530157975,34.86706172963355,-0.3221729996566438,-0.32956835544952723,-0.3295727901691361
2018-11-23,263.17999267578125,263.25,21.520000457763672,21.420000076293945,27.886202155899383,27.26688236820678,202.27612402821813,199.22170562800568,199.19611374654278,48.12844564461121,47.81061551323237,47.80991440719799,2.285655083321493,2.2600632018586504,2.2600489930811296
2018-11-26,265.7799987792969,267.5,18.899999618530273,20.040000915527344,25.586373466636644,-229.9828689262739,177.34405799900372,175.4280802935839,175.42217328652572,25.522684117076516,25.33777391026652,25.337639687328725,-0.05030812564986542,-0.056215132708040016,-0.05622028002036972
2018-11-27,266.3399963378906,268.3999938964844,19.020000457763672,21.329999923706055,25.947332244049335,36.09587774126908,204.82751181513044,201.46488833328715,201.45071430415072,35.07551545441655,34.72973524100474,34.7287734970652,2.867829585088616,2.8536555559521677,2.853635385251769
2018-11-28,269.6000061035156,274.5799865722656,18.489999771118164,22.059999465942383,27.924121962667996,197.67897186186616,-288.87517473504437,-293.32084137300876,-293.3532617844331,44.157736950165635,43.56974557318161,43.568645745762545,5.088862538289826,5.056442126865486,5.056352798901241
2018-11-29,273.7099914550781,273.9800109863281,18.790000915527344,22.1299991607666,27.858553816772073,-6.5568145895923635,235.75863162306973,232.23801683425935,232.19309460421644,48.215368704200664,47.7763650648919,47.77461912680469,3.2761560596276498,3.2312338295847303,3.2311806015654643
2018-11-30,273.80999755859375,275.6499938964844,18.06999969482422,21.459999084472656,27.877385703132518,1.8831886360445083,175.27094301534302,171.2380951846554,171.22410858492537,42.30476681994285,41.991621459412144,41.990604706605346,4.207729740290755,4.193743140560725,4.193718392743518
2018-12-03,280.2799987792969,279.29998779296875,16.440000534057617,17.209999084472656,28.277411026628485,40.00253234959672,102.03063384878682,101.56197454396204,101.56157554830102,13.158249601723563,13.130982009951948,13.13097920817287,-2.961484372310415,-2.9618833679714376,-2.9618833783237446
2018-12-04,278.3699951171875,270.25,20.739999771118164,25.100000381469727,27.92112535627591,-35.628567035257674,-831.9852241431294,-840.7617142875495,-840.9680499220207,-463.4344048100996,-464.66019972571814,-464.6800834378737,14.275090697326744,14.068755062855585,14.067724115572295
2018-12-06,265.9200134277344,269.8399963378906,21.190000534057617,25.11000061035156,28.070455055768377,14.93296994924691,72.5082361321332,63.47685363139568,63.238662954812746,93.93504238785658,92.76521411346617,92.74986463007916,14.879382696046461,14.641192019463515,14.640511907801956
2018-12-07,269.4599914550781,263.57000732421875,23.229999542236328,27.420000076293945,28.520977885959496,45.05228301911188,-330.02677325509853,-341.9775038635227,-342.4865592044568,22.49046572472519,18.636431142419568,18.587457177045543,21.554746748343824,21.045691407409755,21.037007518472272
2018-12-10,263.3699951171875,264.07000732421875,22.63999938964844,25.530000686645508,27.599935409662123,-92.1042476297373,296.70965972105057,286.8283193543745,286.66106009857094,75.3773052183481,73.58421251715126,73.55678123897282,16.368444655034217,16.20118539923064,16.199860684721543
2018-12-11,267.6600036621094,264.1300048828125,21.760000228881836,23.489999771118164,26.485201850214395,-111.47335594477283,83.05454032439062,76.68689608306424,76.61232878686648,57.130798482265185,56.104712388276205,56.09984837839794,9.060094000041023,8.985526703843272,8.985158982957467
2018-12-12,267.4700012207031,265.4599914550781,21.459999084472656,22.86000061035156,26.36220219825077,-12.29996519636245,241.63640404736674,235.92767141692465,235.8809405792034,50.01464925459586,49.254875548542614,49.25308213763837,7.658137248028103,7.61140641030685,7.611246623619332
2018-12-13,266.5199890136719,265.3699951171875,20.649999618530273,20.56999969482422,25.313172486599726,-104.90297116510447,188.19647489809995,185.69794541880364,185.68970699187494,29.096860510640937,28.86045140571545,28.86019886982247,1.1218002000832143,1.1135617731544887,1.1135531199381425
2018-12-14,262.9599914550781,260.4700012207031,21.6299991607666,21.469999313354492,25.321338677107903,0.8166190508177351,157.440133991746,154.43184734482847,154.408250574045,48.02035320851323,47.62953350506343,47.62892962465605,2.187481599216399,2.1638848284329413,2.163845500409187
2018-12-17,259.3999938964844,255.36000061035156,24.520000457763672,27.06999969482422,27.87793219512767,255.6593518019767,0.3139012768485525,-15.575513150178852,-16.05775244111179,89.52813761069388,86.9630406403535,86.90941386382981,29.335415158362792,28.85317586742986,28.849902010474544
2018-12-18,257.20001220703125,255.0800018310547,25.579999923706055,28.36000061035156,28.94712679970749,106.91946045798204,351.94985527492656,337.21625669840563,336.5470459081708,130.7815113302836,125.93082403998233,125.84171685460089,27.61212997695999,26.94291918672512,26.930587554043818
2018-12-19,255.1699981689453,251.2599945068359,25.579999923706055,26.649999618530273,28.918312524004534,-2.881427570295614,-39.58688601563181,-53.21162215919009,-53.52338449110515,102.32363511339878,99.45499872401459,99.39714127093765,24.295025460988555,23.983263129073478,23.97985583900573
2018-12-20,249.86000061035156,247.1699981689453,28.3799991607666,30.420000076293945,32.24876551080958,333.04529868050423,388.6086081701304,365.4573912263919,364.0138355478636,149.21007577176266,143.03461965195083,142.8035848668059,46.85407569596637,45.41052001743811,45.37072347549725
2018-12-21,246.7400054931641,240.6999969482422,30.11000061035156,33.7400016784668,35.148502419404835,289.97369085952585,-196.6254281261778,-229.80469365041185,-232.80586709006442,-61.10639666286775,-71.86552404392818,-72.49217197951312,71.8767181630252,68.87554472337254,68.74109033201874
2018-12-24,239.0399932861328,234.33999633789065,36.06999969482422,42.400001525878906,42.233887281296134,708.5384861891299,220.78549271156774,147.48127938127058,134.07238018658992,344.6183976893216,318.8665524910437,312.95748717290496,187.75214667149984,174.3432474768192,172.8700791121368
2018-12-26,235.97000122070312,246.17999267578125,30.40999984741211,34.709999084472656,33.69733493496719,-853.6552346328947,-1431.8108924488724,-1151.8947472591499,-1155.2002555098384,-958.5565964455036,-856.4544447322103,-857.500352039686,-553.0823356204088,-556.3878438710971,-556.6252225785782
2018-12-27,242.57000732421875,248.07000732421875,29.959999084472656,33.880001068115234,32.83978117555061,-85.75537594165752,-163.02444194025995,-194.43850531445375,-197.06201157031384,15.838007450990125,3.0327754042273423,2.230646277364304,67.2264794710009,64.60297321514089,64.4656207664615
2018-12-28,249.5800018310547,247.75,28.34000015258789,31.020000457763672,31.06290520189674,-177.68759736538726,400.86194468848737,376.2001414410342,374.58914689931316,159.7012752115418,152.6929279865283,152.41072693046144,50.39689354474958,48.78589900302854,48.73977347909565
2018-12-31,249.55999755859375,249.9199981689453,25.420000076293945,27.350000381469727,27.388786997758046,-367.41182041386935,309.342262675065,295.6341312950872,295.1637361930136,104.59102586723935,101.68193690162092,101.62909297641983,24.94443953619146,24.474044434117992,24.468407417378515
2019-01-02,245.97999572753903,250.17999267578125,23.219999313354492,23.020000457763672,24.87016010894341,-251.86268888146373,-176.74055495511456,-183.38453858865722,-183.45908571830896,48.81528119950939,48.27034798735225,48.267974215254654,9.61214558106987,9.537598451418079,9.537419586863733
2019-01-03,248.22999572753903,244.2100067138672,25.450000762939453,26.959999084472656,28.144734727507952,327.4574618564543,-60.42629832832705,-72.80738201157816,-73.17080953166183,96.85597871561572,94.29440009813882,94.24717146885459,21.962410833331717,21.598983313248063,21.59567404477412
2019-01-04,247.58999633789065,252.38999938964844,21.3799991607666,21.270000457763672,22.51378336465335,-563.0951362854603,-305.86097610299817,-308.6202041275972,-308.63503517093545,35.71700533554043,35.29278775210767,35.29166794898048,1.6629919412903948,1.648160897952164,1.6481466467236485
2019-01-07,252.69000244140625,254.3800048828125,21.399999618530273,21.68000030517578,22.05627060898655,-45.751275566679794,189.93965863939866,186.21384076834318,186.18461169547987,42.40516677763306,42.026217468077945,42.02517699112965,3.6394651329704724,3.6102360601071695,3.6101886868684403
2019-01-08,256.82000732421875,256.7699890136719,20.469999313354492,20.56999969482422,20.96377569806326,-109.24949109232927,174.3844352437611,172.59777309260028,172.59037080605665,35.267730546247535,35.01694270161034,35.0165649120093,-0.30445383060220443,-0.3118561171458114,-0.31186111891257795
2019-01-09,257.55999755859375,257.9700012207031,19.979999542236328,19.18000030517578,40.92744162659331,1993.766592853005,146.71071475462654,145.04394999792294,145.03917908586143,15.570000777626786,15.50629312618876,15.50623900609993,-0.5521565027591064,-0.5569274148206471,-0.5569278306901304
2019-01-10,256.260009765625,258.8800048828125,19.5,17.8799991607666,40.112458140033525,-81.49834865597825,121.09439215617617,120.23836515159437,120.23775114731953,16.32972188586246,16.310255304434563,16.31025074028534,-2.1861037560904393,-2.1867177603652825,-2.186717834338138
2019-01-11,257.67999267578125,258.9800109863281,18.190000534057617,16.100000381469727,37.48732101600787,-262.5137124025656,91.93236263965053,91.59242331792689,91.5923906869191,7.57375760948174,7.569413259781472,7.569412945334776,-3.2200234626018838,-3.220056093609661,-3.2200560939188296
2019-01-14,256.8599853515625,257.3999938964844,19.06999969482422,17.56999969482422,38.73412886417954,124.68078481716702,118.13885816218793,117.72503874391043,117.7247406139161,14.172268410153828,14.140900476082814,14.140893751010866,-3.0714667167904066,-3.0717648467847267,-3.071764865675136
2019-01-15,257.82000732421875,260.3500061035156,18.600000381469727,16.84000015258789,38.407525738747395,-32.66031254321433,35.93390677291112,35.66123817903801,35.66112438230428,10.736842644408911,10.719720463850857,10.719718565336553,-3.354321411990637,-3.354435208724383,-3.3544352120783425
2019-01-16,260.8299865722656,260.9800109863281,19.040000915527344,16.729999542236328,39.37254714078999,96.50214020425949,107.55216427036848,107.26389691694685,107.26376729920385,11.140864780120166,11.12891521238806,11.128912961281495,-3.3230764272809106,-3.3232060450239276,-3.323206049239508
2019-01-17,260.010009765625,262.9599914550781,18.059999465942383,15.75,37.94619750803054,-142.63496327594538,58.74799903170649,58.60692430825373,58.606895196515865,6.476380519777054,6.46955432200601,6.469554277744182,-3.6177632168713543,-3.6177923286092177,-3.617792328945731
2019-01-18,264.9800109863281,266.4599914550781,17.799999237060547,15.220000267028809,38.50874636934779,56.25488613172536,55.539574995587785,55.42367713034679,55.42365889620475,5.520953401588779,5.5200690894878885,5.520069067216582,-3.668149567062774,-3.668167801204809,-3.668167801214519
2019-01-22,264.82000732421875,262.8599853515625,20.799999237060547,21.56999969482422,42.94862061907608,443.9874249728291,209.03506255784663,205.7633934482532,205.73609764909193,50.66536608899256,50.25119297274724,50.250475904671006,2.7253463755760716,2.6980505764148317,2.6980103273805485
2019-01-23,264.010009765625,263.4100036621094,19.520000457763672,19.36000061035156,40.565344231449615,-238.32763876264664,119.53391166657894,118.16849477672298,118.16411664221484,29.646607703420166,29.591520168986342,29.591463861700475,-1.156025270595006,-1.1604034051031613,-1.1604055871344272
2019-01-24,263.2099914550781,263.54998779296875,18.88999938964844,18.09000015258789,39.33648145231135,-122.8862779138268,133.99796087772933,133.24136005202732,133.24006913217565,20.452611642182,20.41733374344488,20.417323503712566,-2.382925454956317,-2.3842163748079965,-2.3842164195021875
2019-01-25,265.6099853515625,265.7799987792969,17.420000076293945,16.350000381469727,37.185436475397594,-215.10449769137523,103.97922313753348,103.69401184228298,103.69395163312817,5.300209116604183,5.291127428665426,5.291127194769841,-3.32939677637079,-3.32945698552561,-3.329456987413523
2019-01-28,263.3900146484375,263.760009765625,18.8700008392334,19.3799991607666,39.13521689916334,194.97804237657448,158.583318882206,157.08334890944968,157.0813311025966,19.150540602254324,19.055985958291565,19.0558801901523,-0.8940043836003833,-0.896022190453492,-0.8960229405107629
2019-01-29,263.9200134277344,263.4100036621094,19.1299991607666,19.850000381469727,39.47382646169794,33.86095625346002,128.22602166690154,126.5571840711618,126.5506102448987,33.667126330647406,33.50279955611216,33.50270163076416,-0.5425918035642474,-0.5491656298273573,-0.5491694718070423
2019-01-30,265.1000061035156,267.5799865722656,17.65999984741211,17.31999969482422,37.999546298468104,-147.42801632298352,86.72764068603374,86.21493540658403,86.21440281512528,16.038554837094395,16.027501511347964,16.027498648688464,-2.8729916410332494,-2.873524232492017,-2.8735242410556463
2019-01-31,267.510009765625,269.92999267578125,16.56999969482422,15.510000228881836,36.87128380990046,-112.82624885676427,90.82052727807843,90.73815431864664,90.73813906931835,2.8255585424668634,2.8217839586536897,2.8217839360383774,-3.7352083326377508,-3.7352235819660393,-3.735223582137306
2019-02-01,270.1499938964844,270.05999755859375,16.139999389648438,14.130000114440918,36.10523727427292,-76.60465356275381,45.686777772807005,45.625357982466966,45.625357166996224,-0.07103202002479314,-0.07134647414857431,-0.07134647733207622,-3.777157972905752,-3.777158788376494,-3.7771587883771383
2019-02-04,270.1099853515625,271.9599914550781,15.729999542236328,13.579999923706056,36.07819010467931,-2.7047169593615195,38.764019001077955,38.72952935221352,38.72952915493163,-1.0411864200339456,-1.0413030533683827,-1.0413030538344383,-3.831020110425345,-3.831020307707228,-3.831020307707275
2019-02-05,272.44000244140625,273.1000061035156,15.56999969482422,13.579999923706056,36.29445867001641,21.62685653371028,63.64495635687204,63.62960001215445,63.629599655013344,-1.0334690591433517,-1.0338080732573194,-1.0338080733627155,-3.869286239141475,-3.8692865962825755,-3.8692865962825844
2019-02-06,272.7900085449219,272.739990234375,15.380000114440918,12.729999542236328,35.74863123422483,-54.58274357915798,30.651855596023573,30.63817071790635,30.6381706411267,-1.9939178695884308,-1.9939383013425616,-1.9939383013532455,-3.8726300134266083,-3.8726300902062536,-3.8726300902062536
2019-02-07,270.94000244140625,270.1400146484375,16.3700008392334,14.890000343322754,36.24073852139705,49.21072871722174,55.59519233392822,55.47984193323356,55.47982783907647,5.526302290418926,5.525437923091424,5.52543790266779,-3.6692569161137367,-3.669271010270823,-3.6692710102793873
2019-02-08,268.75,270.4700012207031,15.720000267028809,13.609999656677246,35.18854889397977,-105.21896274172775,62.9589070856666,62.92826571210765,62.92826525807288,-1.0569285258246461,-1.0570101945961894,-1.0570101947638157,-3.8387158907777184,-3.8387163448124957,-3.8387163448125077
2019-02-11,271.20001220703125,270.6199951171875,15.970000267028809,14.670000076293944,35.53868255189087,35.01336579111012,53.77466425873219,53.66667311466784,53.666669879883614,1.2139272995462003,1.2131027641310643,1.213102743742283,-3.684008007494517,-3.684011242278742,-3.6840112422867772
2019-02-12,272.4200134277344,274.1000061035156,15.43000030517578,13.470000267028809,36.20621795794469,66.75354060538154,61.960126173587604,61.94673940523456,61.94673914727132,-1.218822034484845,-1.219098970156816,-1.219098970222662,-3.8732256894038057,-3.8732259473670423,-3.873225947367172
2019-02-13,275.0299987792969,274.989990234375,15.649999618530272,13.489999771118164,36.97044576462075,76.4227806676061,40.32374724600942,40.284969925202304,40.28496979317091,-0.653941116102577,-0.6540797517395949,-0.6540797517957966,-3.822444962291386,-3.822445094322774,-3.822445094322847
2019-02-14,273.7799987792969,274.3800048828125,16.219999313354492,14.109999656677246,37.55705722486499,58.66114602442423,47.67202724331314,47.606462960960364,47.60646011207671,0.4556334858600426,0.45532399964611425,0.4553239976554355,-3.7688628886421798,-3.768865737525838,-3.7688657375262746
2019-02-15,276.3599853515625,277.3699951171875,14.90999984741211,12.18000030517578,36.975692370551045,-58.13648543139465,45.954292316959105,45.95135540221792,45.95135539435817,-2.6282031610415117,-2.6282232172583937,-2.6282232172588262,-3.894126146938377,-3.8941261547981276,-3.8941261547981276
2019-02-19,276.4800109863281,277.8500061035156,14.880000114440918,13.380000114440918,37.01024937298004,3.4557002428996952,63.62858849410542,63.61304571310712,63.61304533511588,-1.0282463429829658,-1.028287766790982,-1.0282877669054304,-3.8689133040296304,-3.8689136820208687,-3.8689136820208785
2019-02-20,277.80999755859375,278.4100036621094,14.020000457763672,12.600000381469728,36.01458157329016,-99.56677996898833,31.66083143566319,31.652332999746243,31.652332991090198,-1.837314434558424,-1.8373400699829805,-1.8373400700000566,-3.8830031021979625,-3.8830031108540064,-3.8830031108540073
2019-02-21,277.70001220703125,277.4200134277344,14.460000038146973,13.18000030517578,36.03141341013879,1.6831836848631099,62.57279983341524,62.55748210485417,62.55748205685608,-1.1061285522379642,-1.1062120082785358,-1.1062120084017604,-3.8693643988835458,-3.8693644468816357,-3.8693644468816455
2019-02-22,278.1099853515625,279.1400146484375,13.510000228881836,11.489999771118164,35.6507273919723,-38.068601816648595,20.586894370476834,20.58314083041089,20.583140830119866,-3.0445461295783507,-3.044548680796069,-3.0445486807960744,-3.892492918995033,-3.892492919286055,-3.892492919286055
2019-02-25,280.7300109863281,279.5199890136719,14.850000381469728,14.0600004196167,37.65687091242667,200.61435204543656,51.97528730577979,51.927773290559855,51.92777249972379,1.084526553380333,1.0840223966504432,1.0840223962651638,-3.8049695970481547,-3.804970387884225,-3.8049703878854837
2019-02-26,279.1300048828125,279.32000732421875,15.170000076293944,14.199999809265137,37.959281397831894,30.24104854052254,52.52565715846093,52.48079591390821,52.480794346376776,1.177407938474368,1.176710607362244,1.1767106062021844,-3.8102728082993145,-3.810274375830755,-3.810274375831063
2019-02-27,278.5199890136719,279.20001220703125,14.699999809265137,13.140000343322754,37.149773376288536,-80.95080215433583,61.474736248176235,61.461398726472616,61.46139844944984,-1.252814747200357,-1.2528472921476745,-1.2528472922210678,-3.8733241255244235,-3.8733244025471874,-3.8733244025471927
2019-02-28,278.9599914550781,278.67999267578125,14.779999732971191,13.18000030517578,36.90864134665451,-24.113202963402358,38.758538509546625,38.72539201088227,38.725391929718185,-2.4955001688757,-2.495603154985899,-2.4956031550035753,-3.833706759178934,-3.833706840343017,-3.8337068403430483
2019-03-01,280.44000244140625,280.4200134277344,13.56999969482422,11.329999923706056,36.240525872246124,-66.81154744083884,36.70473896223852,36.70377384501652,36.703773844376435,-3.1725690868673415,-3.1725694569999017,-3.1725694569999154,-3.898069763635745,-3.8980697642758275,-3.8980697642758275
2019-03-04,281.6000061035156,279.3999938964844,14.630000114440918,13.399999618530272,36.928806111707054,68.828023946093,68.27344588851153,68.2508923140849,68.25089216256136,-0.46961274966527533,-0.4696928715723274,-0.4696928719799178,-3.8548923965759974,-3.8548925480995244,-3.8548925480995764
2019-03-05,279.5400085449219,279.0199890136719,14.739999771118164,13.359999656677246,36.80978630293286,-11.90198087741976,65.77069904828454,65.75213142877834,65.75213132437642,-0.7762910495939446,-0.7763480088380055,-0.7763480090506061,-3.8628644477817535,-3.8628645521836824,-3.8628645521837046
2019-03-06,279.1499938964844,277.3299865722656,15.739999771118164,14.989999771118164,37.28326119980632,47.34748968734621,63.90346008746669,63.811014131476504,63.81100550799439,3.42972228542022,3.4275768165709266,3.427576803691676,-3.7150822175496017,-3.7150908410317283,-3.715090841039606
2019-03-07,276.8299865722656,275.010009765625,16.59000015258789,16.149999618530273,37.361319229381664,7.8058029575345245,79.52019606351428,79.14517411099214,79.14513558376397,7.684245481202101,7.678074301445195,7.67807364186681,-3.1498405099582945,-3.149879037186457,-3.1498790382907673
2019-03-08,272.94000244140625,274.4599914550781,16.049999237060547,14.630000114440918,36.16572250410829,-119.55967252733757,53.53272536822548,53.43136164622942,53.43136017281504,2.03150524741078,2.030812106767197,2.0308120934559843,-3.6972681357504062,-3.697269609164796,-3.697269609169565
2019-03-11,275.260009765625,278.44000244140625,14.329999923706056,13.399999618530272,35.585317727000614,-58.04047771076739,-24.26576920462189,-24.280277255970624,-24.280277433518755,-1.0569063767188402,-1.05707322060108,-1.0570732206586744,-3.8709833646581426,-3.8709835422062633,-3.8709835422062673
2019-03-12,279.05999755859375,279.489990234375,13.770000457763672,12.729999542236328,35.41045106610375,-17.486666089686764,33.680036306075316,33.659246319293814,33.65924629299159,-2.8638179593873465,-2.8638660110010408,-2.863866011004598,-3.8584199475303107,-3.858419973832541,-3.8584199738325413
2019-03-13,280.4800109863281,281.3399963378906,13.40999984741211,12.529999732971191,36.10229452178892,69.18434556851736,53.4758997915274,53.46925856767356,53.469258564295934,-2.026010732897762,-2.0260206441364597,-2.0260206441439745,-3.8867175421594515,-3.886717545537078,-3.886717545537078
2019-03-14,281.3699951171875,281.1600036621094,13.5,12.520000457763672,36.050962653546684,-5.133186824223657,54.03718897400536,54.03050243805092,54.03050239678905,-1.9926787550880973,-1.9926881899588318,-1.9926881899646833,-3.8866268043055237,-3.8866268455673842,-3.8866268455673847
2019-03-15,280.5400085449219,281.30999755859375,12.880000114440918,11.220000267028809,35.335974088403454,-71.498856514323,35.48503847604999,35.484179753585906,35.48417975353801,-3.2248464591173818,-3.2248467813078747,-3.2248467813078854,-3.898282554928123,-3.8982825549760225,-3.8982825549760225
2019-03-18,281.54998779296875,282.3299865722656,13.100000381469728,12.529999732971191,36.17750276629339,84.15286778899329,54.35645031471438,54.3490566224255,54.3490566177043,-1.9388768033410804,-1.938889024302443,-1.938889024313836,-3.885212601258645,-3.885212605979844,-3.8852126059798446
2019-03-19,283.510009765625,282.3999938964844,13.5600004196167,13.529999732971191,36.73793396455032,56.043119825693566,71.57240182740824,71.54493733173327,71.54493720843104,-0.07612090578588404,-0.07622900023922341,-0.07622900028246526,-3.8450706387430125,-3.845070762045246,-3.8450707620453572
2019-03-20,282.1600036621094,281.54998779296875,13.90999984741211,13.489999771118164,36.55804450887853,-17.988945567179115,45.22052226978965,45.19599808432504,45.19599765892525,-0.165214550528066,-0.1655103080770699,-0.1655103082577849,-3.850950352871361,-3.8509507782711485,-3.850950778271171
2019-03-21,280.6400146484375,284.7300109863281,13.630000114440918,13.109999656677246,38.36090661202964,180.28621031511065,-282.853190800161,-282.86893339201623,-282.8689334494525,-1.0531614321001523,-1.053205878873857,-1.0532058790068213,-3.8685146439805833,-3.8685147014168826,-3.8685147014168937
2019-03-22,283.2200012207031,279.25,16.479999542236328,16.850000381469727,38.613964643406334,25.305803137669614,-51.73305527159274,-52.15488958096433,-52.155179776912355,12.2510749138463,12.241822433679134,12.241820641858512,-3.0554607776400102,-3.0557509735880335,-3.055750978845609
2019-03-25,278.8699951171875,279.0400085449219,16.329999923706055,16.40999984741211,38.111615845986556,-50.23487974197778,85.58177577371578,85.10358028095696,85.10350674168183,9.535794446885513,9.526425259296792,9.526425011550835,-2.9433883864378756,-2.9434619257129926,-2.9434619291193687
2019-03-26,280.989990234375,281.1199951171875,14.68000030517578,13.949999809265137,36.99436550044678,-111.72503455397731,49.96281321757651,49.88206752960073,49.88206668315508,-1.4277085101553273,-1.428185436000418,-1.4281854364855597,-3.7385060847112435,-3.738506931156893,-3.7385069311569845
2019-03-27,281.1099853515625,279.6499938964844,15.149999618530272,14.699999809265137,36.67397441240951,-32.0391088037276,60.94571518787796,60.86593988043469,60.86593433091324,-0.04274563865737502,-0.044357573449595566,-0.04435758036501447,-3.740432736539746,-3.7404382860611913,-3.7404382860643235
2019-03-28,280.3500061035156,280.7099914550781,14.43000030517578,13.699999809265137,36.30611233996856,-36.78620724409498,72.01313160149033,71.9861569332735,71.98615606117066,-0.05319124726883828,-0.05328969463853195,-0.053289695154775885,-3.8460480472575993,-3.846048919360438,-3.8460489193605145
2019-03-29,282.3900146484375,282.4800109863281,13.710000038146973,12.34000015258789,36.518494943366285,21.238260339772808,51.96456576848801,51.95902080612614,51.959020804253136,-2.1665392952970004,-2.166546245682741,-2.1665462456861153,-3.8889100696572463,-3.888910071530248,-3.888910071530248
2019-04-01,284.70001220703125,285.8299865722656,13.399999618530272,12.109999656677246,38.41509071766599,189.65957742997048,30.179326250746115,30.173591770292326,30.173591767720758,-2.1973744741949326,-2.1973827070365637,-2.1973827070367626,-3.8885310313777226,-3.8885310339492936,-3.8885310339492936
2019-04-02,286.0400085449219,285.9700012207031,13.359999656677246,11.859999656677246,38.4322276096839,1.7136892017909133,27.32062587704486,27.319319114148307,27.319319110551426,-3.2501914642517247,-3.250204684468749,-3.250204684468957,-3.89738646341624,-3.897386467013126,-3.897386467013126
2019-04-03,287.32000732421875,286.4200134277344,13.739999771118164,12.289999961853027,39.12499678157736,69.27691718934597,34.627639407657625,34.62068200313607,34.62068200020824,-1.9420809230713025,-1.9420906899319306,-1.942090689932149,-3.886085182173403,-3.8860851851012286,-3.8860851851012286
2019-04-04,286.7799987792969,287.17999267578125,13.579999923706056,11.579999923706056,39.47730215595751,35.23053743801512,24.951204870904654,24.9479140944346,24.947914093842776,-3.384230349023789,-3.3842335562610155,-3.3842335562610373,-3.893418445284405,-3.893418445876229,-3.893418445876229
2019-04-05,287.9200134277344,288.57000732421875,12.81999969482422,10.119999885559082,39.76781956820701,29.05174122494998,11.843420942584013,11.843386526725466,11.843386526724379,-3.794478564888674,-3.7944786205060392,-3.7944786205060392,-3.899931168279645,-3.899931168280734,-3.899931168280734
2019-04-08,288.1000061035156,288.7900085449219,13.18000030517578,10.739999771118164,40.14654844182196,37.872887361495344,17.300262040937007,17.300070910749056,17.300070910746406,-3.6593900492438216,-3.6593901751968656,-3.659390175196866,-3.8996177396161396,-3.8996177396187943,-3.8996177396187943
2019-04-09,287.7200012207031,287.30999755859375,14.279999732971191,11.779999732971191,40.083818991967476,-6.272944985448703,27.803069238059628,27.79871088432366,27.79871088306522,-2.4172660203273564,-2.4172711974048147,-2.417271197404877,-3.8912832887527338,-3.8912832900111787,-3.8912832900111787
2019-04-10,287.7699890136719,288.2900085449219,13.300000190734863,10.140000343322754,39.78382123236494,-29.999775960253316,12.299043995980037,12.298803885984858,12.298803885984247,-3.7890571071129133,-3.7890571435632037,-3.7890571435632037,-3.899519780007811,-3.89951978000842,-3.89951978000842
2019-04-11,288.8299865722656,288.2099914550781,13.020000457763672,10.520000457763672,39.415489556903324,-36.83316754616186,15.485164188767248,15.484517431811605,15.484517431803871,-3.7177235516361424,-3.717723746910514,-3.717723746910514,-3.8987064860655134,-3.8987064860732477,-3.8987064860732477
2019-04-12,290.0,290.1600036621094,12.010000228881836,9.739999771118164,40.107817623365136,69.23280664618119,9.60940475995489,9.609388662955368,9.609388662955146,-3.8294536232548717,-3.8294536239238974,-3.8294536239238974,-3.899967806000291,-3.899967806000514,-3.899967806000514
2019-04-15,290.239990234375,289.9700012207031,12.31999969482422,10.609999656677246,40.069804296201276,-3.8013327163859856,17.634290698872164,17.633797314379493,17.63379731437717,-3.6459206571509353,-3.6459207538371365,-3.6459207538371365,-3.8990132310076913,-3.8990132310100134,-3.8990132310100134
2019-04-16,290.95001220703125,290.1600036621094,12.18000030517578,10.760000228881836,40.07987053903896,1.0066242837680761,18.136846834970406,18.13663512022203,18.13663512016476,-3.639020324037139,-3.6390203714000444,-3.639020371400045,-3.8995765703314507,-3.8995765703887186,-3.8995765703887186
2019-04-17,291.3999938964844,289.45001220703125,12.600000381469728,11.0,39.787857089439555,-29.2013449599402,23.28532667739094,23.284191900376214,23.284191900344602,-3.1065614353238185,-3.1065619046507584,-3.106561904650759,-3.897730445875708,-3.8977304459073228,-3.8977304459073228
2019-04-18,290.1000061035156,290.0199890136719,12.09000015258789,9.93000030517578,39.81639370688375,2.853661744419611,11.248107799073845,11.248075358010645,11.248075358010615,-3.8019037842407113,-3.801903786471552,-3.801903786471552,-3.8999351178735058,-3.8999351178735364,-3.8999351178735364
2019-04-22,289.1700134277344,290.2699890136719,12.420000076293944,11.630000114440918,40.11583488326352,29.944117637976575,26.79765224066574,26.7963834676964,26.79638346745478,-3.269837165170255,-3.269839313751646,-3.2698393137516515,-3.8974624533364546,-3.8974624535780764,-3.8974624535780764
2019-04-23,290.67999267578125,292.8800048828125,12.279999732971191,11.640000343322754,42.181869546890454,206.60346636269367,27.855748503272373,27.851726779358394,27.851726778333024,-2.471169024824099,-2.4711735257627647,-2.4711735257628122,-3.891956549095922,-3.8919565501212903,-3.8919565501212903
2019-04-24,292.7900085449219,292.2300109863281,13.140000343322754,12.539999961853027,42.21339452646261,3.1524979572154166,38.87549613023988,38.87013383890543,38.87013379596255,-2.5029360669435423,-2.502945171750029,-2.502945171758938,-3.889275288502453,-3.8892753314453348,-3.889275331445335
2019-04-25,292.1199951171875,292.04998779296875,13.25,12.359999656677246,42.10894719853047,-10.444732793213518,36.33909230248042,36.33451927262907,36.334519266233805,-2.666297885503876,-2.6663060304506674,-2.666306030451179,-3.8908539211114994,-3.8908539275067673,-3.8908539275067673
2019-04-26,292.1000061035156,293.4100036621094,12.729999542236328,11.8100004196167,42.823356321418935,71.44091228884619,29.719911919292088,29.717989172731542,29.71798917229848,-3.112336284616754,-3.1123382374939315,-3.112338237493958,-3.896154505579707,-3.8961545060127714,-3.8961545060127714
2019-04-29,293.510009765625,293.8699951171875,13.109999656677246,12.520000457763672,43.3590993621788,53.574304075986845,62.29635036174452,62.28221209362122,62.28221207077255,-1.1680289627219573,-1.1680644044907522,-1.1680644044947588,-3.871723395207384,-3.8717234180560536,-3.871723418056054
2019-04-30,293.489990234375,294.0199890136719,13.119999885559082,12.4399995803833,43.452540650123474,9.34412879446711,60.931348264964434,60.918731081304976,60.91873106448433,-1.3151073265602449,-1.3151363798039353,-1.3151363798065443,-3.8747655822191414,-3.8747655990397862,-3.8747655990397862
2019-05-01,294.7200012207031,291.80999755859375,14.800000190734863,14.949999809265137,42.974844616731055,-47.76960333924194,38.181500724005176,38.09255547798231,38.092539740279115,2.2509094823742375,2.25000024157955,2.2500002046004948,-3.722062294738525,-3.7220780324417317,-3.722078032477113
2019-05-02,291.67999267578125,291.17999267578125,14.420000076293944,13.920000076293944,42.090942490961396,-88.39021257696587,57.98667352407844,57.91965372863542,57.91965250312902,-0.5223891811428354,-0.5228826225039893,-0.5228826235512987,-3.7659567325938212,-3.765957958100223,-3.7659579581005294
2019-05-03,292.82000732421875,294.0299987792969,12.869999885559082,10.960000038146973,43.169108533065604,107.81660421042076,20.902108720445796,20.901751229343184,20.901751229215797,-3.550096645449434,-3.550096746640458,-3.55009674664046,-3.899285017412618,-3.8992850175400027,-3.8992850175400027
2019-05-06,289.25,292.82000732421875,15.4399995803833,15.449999809265137,44.109098945731375,93.99904126657717,-83.58522293373342,-83.78803876643725,-83.78805278435112,3.136620948310992,3.1338487781108917,3.1338487496406984,-3.4943262800501826,-3.494340297964048,-3.4943402982308993
2019-05-07,290.1499938964844,287.92999267578125,19.31999969482422,20.739999771118164,44.94620585394464,83.7106908213265,184.0225531909236,181.73977495486895,181.72807493096164,33.41412041362969,33.15507121668163,33.15476051372641,0.7007069632538068,0.6890069393465135,0.6889901349235732
2019-05-08,287.5299987792969,287.5299987792969,19.399999618530273,21.329999923706055,44.73349355457796,-21.27122993666788,241.27301302403757,237.48072824522504,237.4629918476166,50.32807643143318,49.99701824962451,49.99642105435858,3.7378179305072843,3.7200815328988783,3.720068481786873
2019-05-09,285.2300109863281,286.6600036621094,19.100000381469727,21.86000061035156,43.7460477803829,-98.74457741950593,202.67676381962204,198.44610909591864,198.40410950007856,54.39767266137047,54.011314642751756,54.009536678593065,4.687457088543585,4.645457492703487,4.645407886549524
2019-05-10,285.6199951171875,288.1000061035156,16.040000915527344,16.56999969482422,41.00753779637932,-273.8509984003585,110.88135293759575,110.48088063094968,110.4807866826243,11.52097726354123,11.511820900959947,11.511820451900224,-3.0987735382210193,-3.098867486546434,-3.0988674877166282
2019-05-13,282.4200134277344,280.8599853515625,20.549999237060547,22.760000228881836,42.14146445640479,113.39266600254732,266.9840856908138,261.7566956623921,261.7207961259954,61.74434786102852,61.20248429473961,61.19871272906065,6.662933898208101,6.627034361811413,6.626882671523669
2019-05-14,281.989990234375,283.3999938964844,18.059999465942383,18.760000228881836,40.10850649966622,-203.29579567385707,131.7897384342765,129.96732616391498,129.96515426640082,15.243189600440632,15.15551456430673,15.155485800865817,-0.248659128964686,-0.2508310264788287,-0.2508312390520584
2019-05-15,281.5899963378906,285.05999755859375,16.440000534057617,16.309999465942383,39.102928217426005,-100.5578282240215,-91.18764742014899,-91.47461951365437,-91.47469312522335,9.013287573242726,9.00798330019591,9.00798224700046,-3.325834971766836,-3.325908583335804,-3.325908585507616
2019-05-16,285.8399963378906,287.70001220703125,15.289999961853027,15.0600004196167,39.61900784123416,51.60796238081531,69.98994106749247,69.83429425180849,69.83428096849823,1.2338183250129875,1.2318073004679118,1.2318072785151477,-3.5886665186564377,-3.5886798019666966,-3.5886798019816446
2019-05-17,285.1400146484375,285.8399963378906,15.960000038146973,16.260000228881836,38.96946282248801,-64.95450187461458,89.40296631838923,89.08859728494267,89.08846484301583,4.861748097800879,4.85615478490929,4.85615418973658,-3.270864603673453,-3.2709970456002884,-3.2709970468179215
2019-05-20,284.05999755859375,283.95001220703125,16.309999465942383,16.81999969482422,37.93983214720535,-102.9630675282661,97.6791260113986,97.23572888824052,97.23547801103325,6.6190512052840855,6.5985900015447285,6.598588558896335,-3.0124531100455263,-3.012703987252774,-3.0127039912582854
2019-05-21,285.8299865722656,286.510009765625,14.949999809265137,14.5,38.15603532288626,21.620317568090996,61.431025671215245,61.33351133880324,61.33350713717406,-0.036550147390053134,-0.03748203732313371,-0.03748204165162328,-3.704958730283333,-3.704962931912504,-3.704962931914215
2019-05-22,285.45001220703125,285.6300048828125,14.75,13.920000076293944,37.26824628208539,-88.77890408008682,79.78110918226638,79.73623158978523,79.73623119367184,1.0412322769950109,1.0409925091042398,1.0409925088852443,-3.810243626695147,-3.810244022808523,-3.810244022809325
2019-05-23,283.1600036621094,282.1400146484375,16.920000076293945,17.399999618530273,37.355731998830784,8.748571674539107,107.57796409978205,106.98704544108507,106.98648689454328,8.984942440221348,8.950425070304208,8.95042060693326,-2.716486989190793,-2.717045535732587,-2.7170455536624942
2019-05-24,283.739990234375,282.7799987792969,15.850000381469728,15.359999656677246,36.41768831176441,-93.80436870663758,73.4643875012718,73.2956820775882,73.29566420400457,5.767879787836064,5.765601540430374,5.765601508958174,-3.5625355318114664,-3.5625534053950885,-3.5625534054185692
2019-05-28,283.0899963378906,280.1499938964844,17.5,17.979999542236328,36.60222314074679,18.453482898237894,117.84835436867836,117.02568456861441,117.02462796857739,11.581430429819322,11.528068560913088,11.528057800809952,-2.2514904257257022,-2.252547025762719,-2.252547083774225
2019-05-29,278.9100036621094,278.2699890136719,17.899999618530273,18.34000015258789,36.0239685517363,-57.82545890104842,119.78841107736238,118.42253322464794,118.42149454218372,20.740642385906625,20.6865697775847,20.686559643623553,-1.1651273395887078,-1.1661660220529257,-1.1661663245806744
2019-05-30,279.1099853515625,279.0299987792969,17.299999237060547,17.1200008392334,35.58464069474608,-43.9327856990225,98.22895013688019,97.47035530638973,97.47008947445902,12.658706710316773,12.637625109289479,12.637623526617768,-2.3820128270514553,-2.3822786589821634,-2.3822786643739504
2019-05-31,276.20001220703125,275.2699890136719,18.709999084472656,19.0,35.493215193002115,-9.142550174396291,129.81609002920666,128.0467339261785,128.044559799406,22.907021335754386,22.821465577566208,22.82142555263701,-0.3547646292385682,-0.3569387560110546,-0.3569390174562823
2019-06-03,275.30999755859375,274.57000732421875,18.86000061035156,19.260000228881836,35.169455285525814,-32.37599074763011,173.45654284971386,172.29256018368375,172.28846270763103,24.103480889740148,23.99948209642352,23.999425326550153,-1.5597409349488385,-1.563838411001564,-1.5638388459073824
2019-06-04,277.1199951171875,280.5299987792969,16.969999313354492,16.649999618530273,35.71668298953929,54.722770401347276,-17.810373527874475,-18.35200077547674,-18.35211675583875,9.644108822679435,9.632019578228778,9.632019080398228,-2.816397560330733,-2.816513540692759,-2.8165135418189795
2019-06-05,282.3299865722656,282.9599914550781,16.09000015258789,14.899999618530272,36.12582240534761,40.91394158083261,94.78243301921198,94.68662922171607,94.68661566923105,3.469393425062453,3.4685779337985325,3.468577910243881,-3.7083517475061747,-3.7083652999912204,-3.7083653000068573
2019-06-06,283.2900085449219,284.79998779296875,15.93000030517578,14.880000114440918,37.11820131758681,99.23789122391966,66.73947959976792,66.64089295358775,66.64087957773107,3.600267644885329,3.599423341677902,3.599423318351719,-3.7027865800243847,-3.7027999558810643,-3.702799955896149
2019-06-07,285.92999267578125,287.6499938964844,16.299999237060547,15.020000457763672,39.42854982696867,231.03485093818605,69.15666556609987,69.09358906362051,69.09357556878547,1.1377463212041263,1.1355917031824845,1.135591679857991,-3.7738065104871157,-3.773820005322162,-3.7738200053385045
2019-06-10,289.3699951171875,288.9700012207031,15.9399995803833,15.25,39.86709087370864,43.854104673997085,78.59604561530448,78.42235584659508,78.42234529017145,6.1203756933271745,6.118164249851214,6.1181642294145995,-3.552588793259236,-3.5525993496828665,-3.552599349699889
2019-06-11,290.989990234375,288.8999938964844,15.989999771118164,15.149999618530272,39.80827372279655,-5.8817150912091165,75.48809095484995,75.39740193974896,75.39739752116145,2.1990932012386866,2.198079522320435,2.1980794503047463,-3.7186087138164505,-3.718613132403975,-3.71861313247698
2019-06-12,288.6400146484375,288.3900146484375,15.90999984741211,14.65999984741211,39.30389599892517,-50.43777238713787,67.32967439446028,67.21806219108225,67.218057932792,3.9193597869329597,3.9182224820842455,3.9182224760405813,-3.6767628183634504,-3.6767670766537015,-3.6767670766569527
2019-06-13,289.3999938964844,289.5799865722656,15.81999969482422,14.59000015258789,40.04840821280785,74.4512213882679,95.54632555202296,95.44553123431095,95.44552841937013,3.629266250747855,3.628361086811524,3.6283610835173317,-3.6984029197490056,-3.6984057346898145,-3.6984057346913315
2019-06-14,289.260009765625,289.260009765625,15.279999732971191,13.5600004196167,39.274109125793245,-77.42990870146045,51.511211771114354,51.47416880172717,51.47416860846919,-1.2100543823407013,-1.2102156172210616,-1.210215617293894,-3.825913481451656,-3.8259136747096423,-3.825913674709652
2019-06-17,289.5199890136719,289.3699951171875,15.350000381469728,14.989999771118164,39.26302164506577,-1.1087480727475452,103.30018649601732,103.15467032862716,103.15466269492933,5.1505798654214825,5.148865345949625,5.148865332371928,-3.6089447640967056,-3.6089523977945306,-3.6089523978043627
2019-06-18,291.3900146484375,292.3999938964844,15.149999618530272,15.289999961853027,41.42226341567345,215.92417706076787,81.29492824158993,81.10015268287354,81.10013848491684,6.729969042179263,6.727284382383045,6.727284351382837,-3.5104062886085914,-3.5104204865652995,-3.5104204865947977
2019-06-19,292.54998779296875,293.05999755859375,14.329999923706056,13.869999885559082,41.32470104705669,-9.75623686167566,85.17034477522819,85.10835092018046,85.1083499718772,1.8923353080718481,1.8919136081999843,1.8919136074596086,-3.7760094449941812,-3.776010393297422,-3.7760103932976237
2019-06-20,296.0400085449219,295.8599853515625,14.75,14.770000457763672,43.90577391802701,258.1072870970317,73.57523587445688,73.49253728257662,73.49253363903479,1.8837975806885794,1.88291480698759,1.88291480088753,-3.7345918856014038,-3.734595529143246,-3.7345955291474326
2019-06-21,294.1300048828125,294.0,15.399999618530272,14.829999923706056,42.75403489901635,-115.17390190106624,73.37534127596359,73.2920577373484,73.29205384758053,1.8717413952766373,1.8708307759800036,1.870830769287462,-3.7334212534507034,-3.733425143218581,-3.7334251432236782
2019-06-24,294.2300109863281,293.6400146484375,15.260000228881836,15.800000190734863,42.21214534886758,-54.18895501487668,90.7033116342206,90.51086478657744,90.51082265686695,5.181343800657208,5.177807514925279,5.177807385546728,-3.5149799150248007,-3.5150220447352885,-3.515022044921098
2019-06-25,293.70001220703125,290.760009765625,16.280000686645508,17.010000228881836,40.69326461525666,-151.88807336109207,64.12819860470805,63.732337181175744,63.73196488475538,9.99978977462414,9.976600189368426,9.976597180488534,-3.1071602265282556,-3.1075325229486355,-3.107532535330607
2019-06-26,291.75,290.4700012207031,16.209999084472656,16.799999237060547,40.358094345333235,-33.51702699234238,105.7038099273437,105.38410227128924,105.38384799941875,8.421874734839255,8.404053148850114,8.40405137085104,-3.2598218539000317,-3.2600761257705204,-3.260076131897038
2019-06-27,291.30999755859375,291.5,15.81999969482422,16.34000015258789,40.77392627639563,41.583193106239236,98.41944857784567,98.01209729667613,98.01201524466461,6.861539941497371,6.8526557797601,6.852655438056264,-3.0850512795502625,-3.085133331561781,-3.0851333322538275
2019-06-28,292.5799865722656,293.0,15.079999923706056,15.670000076293944,41.365861380136536,59.19351037409086,88.00051204813124,87.72013253536028,87.72009372362683,8.865717797091657,8.860636958001193,8.860636827576862,-3.339124538669604,-3.3391633504030365,-3.3391633505990916
2019-07-01,296.67999267578125,295.6600036621094,14.0600004196167,12.510000228881836,42.840123296380554,147.42619162440178,41.322553366981765,41.31585298236306,41.31585297716584,-2.311130822948364,-2.311143201369818,-2.3111432013811797,-3.8865992151709166,-3.8865992203681374,-3.8865992203681383
2019-07-02,295.6099853515625,296.42999267578125,12.93000030517578,10.420000076293944,42.938573178392765,9.844988201221128,17.971294355574095,17.970704659095766,17.970704659088604,-3.656673301867439,-3.65667347363032,-3.65667347363032,-3.8988206070218547,-3.8988206070290228,-3.8988206070290228
2019-07-03,297.17999267578125,298.79998779296875,12.56999969482422,9.90999984741211,44.94006611790325,200.14929395104843,13.327870594393081,13.327804065543946,13.32780406554385,-3.7600531058511804,-3.7600531131727313,-3.7600531131727313,-3.8998669423014496,-3.8998669423015433,-3.8998669423015433
2019-07-05,297.44000244140625,298.4599914550781,13.279999732971191,10.56999969482422,44.8106700440998,-12.939607380344853,21.71912332662155,21.718351370799105,21.718351370786742,-3.5017441829709908,-3.50174443267536,-3.50174443267536,-3.89845608831801,-3.898456088330375,-3.898456088330375
2019-07-08,297.010009765625,296.82000732421875,13.960000038146973,11.119999885559082,43.50974502269535,-130.09250214044528,23.978210308015804,23.977479944455915,23.977479944418583,-3.4151247952080803,-3.415125176198493,-3.4151251761984938,-3.898539272768221,-3.8985392728055563,-3.8985392728055563
2019-07-09,295.5400085449219,297.19000244140625,14.09000015258789,11.079999923706056,43.8580078921032,34.82628694078542,41.4396867440617,41.43779800277746,41.43779800263744,-2.9030275503843685,-2.9030287589097363,-2.9030287589097394,-3.896222517011468,-3.896222517151488,-3.896222517151488
2019-07-10,298.3699951171875,298.6099853515625,13.029999732971191,9.9399995803833,44.6622850834457,80.42771913425,15.39752224267818,15.397402674436583,15.39740267443627,-3.7099784523463826,-3.709978470253627,-3.709978470253627,-3.8997608635158736,-3.8997608635161836,-3.8997608635161836
2019-07-11,299.32000732421875,299.30999755859375,12.93000030517578,10.079999923706056,45.23842859330568,57.614350985997476,16.418226408841505,16.418066984670936,16.418066984670226,-3.681754914046787,-3.6817549440871673,-3.6817549440871673,-3.8996811516567242,-3.8996811516574366,-3.8996811516574366
2019-07-12,299.8500061035156,300.6499938964844,12.390000343322754,9.880000114440918,46.300843074633065,106.24144813273873,13.25713767434445,13.25708624460181,13.257086244601771,-3.768329225273866,-3.768329229277925,-3.768329229277925,-3.8998971405146006,-3.899897140514638,-3.899897140514638
2019-07-15,301.1300048828125,300.75,12.68000030517578,11.010000228881836,46.36628810969667,6.5445035063604,24.842682093372765,24.841783316174514,24.84178331610935,-3.3692891165691075,-3.369289673006377,-3.3692896730063784,-3.8982024454080046,-3.898202445473169,-3.898202445473169
2019-07-16,300.6499938964844,299.7799987792969,12.859999656677246,11.710000038146973,45.46987171368342,-89.6416396013251,33.45012270405677,33.44751284232624,33.44751284188178,-2.9153991583477934,-2.915401651046812,-2.915401651046831,-3.8947802752055694,-3.894780275650024,-3.894780275650024
2019-07-17,299.75,297.739990234375,13.970000267028809,13.420000076293944,43.95992722666922,-150.99444870141951,55.53274313944835,55.50835719727896,55.508357052770116,-0.8128567810402192,-0.8129663094663506,-0.8129663095298358,-3.8512276821346214,-3.851227826643471,-3.8512278266434814
2019-07-18,297.19000244140625,298.8299865722656,13.529999732971191,12.68000030517578,44.73619824402843,77.62710173592069,43.691881807607565,43.68173793238999,43.68173790700866,-2.0351476392158494,-2.035177893148716,-2.035177893154735,-3.8797121734208737,-3.879712198802204,-3.8797121988022045
2019-07-19,300.0400085449219,297.1700134277344,14.449999809265137,13.5600004196167,43.58105676201423,-115.51414820142014,57.36488153998042,57.33466404825586,57.334663718985915,-0.5310982381928158,-0.5312710237076339,-0.5312710239265908,-3.839564028740895,-3.839564358010837,-3.8395643580108882
2019-07-22,297.6099853515625,297.8999938964844,13.529999732971191,13.640000343322754,43.72632282746627,14.526606545204146,58.56961142482466,58.54028443888659,58.54028338041214,-0.4549908371293694,-0.4551314290942905,-0.45513142995006994,-3.841342852699806,-3.8413439111742553,-3.841343911174494
2019-07-23,299.1400146484375,300.0299987792969,12.609999656677246,12.81999969482422,45.38237474794102,165.6051920474752,46.42619975968273,46.41329527164845,46.41329522679471,-1.7736444804898168,-1.7736888726583677,-1.7736888726718938,-3.8741908893702006,-3.8741909342239387,-3.87419093422394
2019-07-24,299.19000244140625,301.44000244140625,12.06999969482422,12.1899995803833,46.57134391084228,118.89691629012589,38.33256707070858,38.32672647851104,38.32672647192951,-2.504824917926607,-2.504837162018446,-2.5048371620193546,-3.8883187958603362,-3.8883188024418653,-3.8883188024418653
2019-07-25,300.94000244140625,300.0,12.739999771118164,12.529999732971191,45.31608589568541,-125.52580151568691,42.90830070411716,42.899616524589426,42.899616509783705,-2.1381484805966506,-2.138170230845353,-2.13817023084831,-3.8826315965273777,-3.882631611333095,-3.882631611333095
2019-07-26,300.760009765625,302.010009765625,12.15999984741211,11.539999961853027,47.069770184689936,175.3684289004525,30.69611826844976,30.694237469737303,30.694237469487156,-3.0801389469803158,-3.080140497572901,-3.080140497572911,-3.8962384018246494,-3.8962384020747978,-3.8962384020747978
2019-07-29,301.8800048828125,301.4599914550781,12.829999923706056,12.670000076293944,46.57938581139224,-49.03843732976938,45.453232848781084,45.44236175670617,45.44236173297819,-1.905092911518846,-1.9051235212199913,-1.9051235212255904,-3.8782577446662296,-3.8782577683942088,-3.878257768394209
2019-07-30,299.9100036621094,300.7200012207031,13.9399995803833,14.460000038146973,46.150093119752164,-42.92926916400788,71.48173866862449,71.41003999605945,71.41003764713132,1.5048505152127927,1.5041740929143579,1.5041740896797915,-3.7565956080800342,-3.756597957008169,-3.756597957010002
2019-07-31,300.989990234375,297.42999267578125,16.1200008392334,18.40999984741211,44.09058348728324,-205.95096324689237,34.217810764890736,33.112276790054125,33.110806154534224,20.590416472749567,20.53588832906233,20.535865881170707,-1.6845195404894047,-1.685990176009288,-1.685990377098511
2019-08-01,297.6000061035156,294.8399963378906,17.8700008392334,19.31999969482422,42.97645949733228,-111.41239899509614,133.34734872527747,131.7996466607354,131.79365473005444,26.197580287104365,26.10874072787064,26.108604766088312,-0.7866144443756471,-0.7926063750566033,-0.7926082531397269
2019-08-02,293.8500061035156,292.6199951171875,17.610000610351562,17.690000534057617,40.9831632018496,-199.32962954826792,124.60587093421,124.01254143155414,124.01220882964941,13.385146869414585,13.365148241212426,13.365135832447935,-2.7123429513259274,-2.7126755532306657,-2.712675632446226
2019-08-05,288.0899963378906,283.82000732421875,24.59000015258789,29.13999938964844,41.722911552097386,73.97483502477868,155.78866979360285,137.79674491385992,136.442287437154,137.4277340048727,132.03761690592657,131.83766695395275,36.21738531687459,34.86292784016866,34.839704396736046
2019-08-06,285.9100036621094,287.79998779296875,20.170000076293945,21.84000015258789,39.38077397414875,-234.2137577948634,202.68569828800312,198.11915630036765,198.0812751534258,40.10092284327329,39.64595027975683,39.64447450073927,5.346839821481007,5.308958674539136,5.308921213513191
2019-08-07,284.3999938964844,287.9700012207031,19.489999771118164,20.950000762939453,38.79104700342206,-58.97269707266943,32.36804479521702,29.324003726859587,29.313661228884072,43.95874755203549,43.72777341051686,43.7269705281897,2.2191618047972206,2.208819306821672,2.2088019175046467
2019-08-08,289.6199951171875,293.6199951171875,16.90999984741211,16.770000457763672,40.94490003363062,215.3853030208559,-19.73717905556843,-20.26018725876269,-20.260364463264388,13.917460034865242,13.903361051003051,13.903359974292202,-2.853451970454252,-2.8536291749559535,-2.853629178173338
2019-08-09,292.5799865722656,291.6199951171875,17.969999313354492,17.75,40.041260001331665,-90.36400322989522,126.76513482976443,125.77795320637051,125.77716661636893,21.361061134064776,21.3220140686835,21.322005706119775,-1.9232768385263173,-1.9240634285279308,-1.9240634767546874
2019-08-12,289.9599914550781,288.07000732421875,21.09000015258789,22.450000762939453,39.94536160055494,-9.589840077672562,222.30168459161612,218.2693250136784,218.21404405812547,48.81289715400418,48.40220288308427,48.39870917034742,4.3309121375739785,4.275631182021037,4.275514520850768
2019-08-13,287.739990234375,292.54998779296875,17.520000457763672,17.489999771118164,40.19597877796722,25.06171774122805,-195.43920667832558,-196.20907403851103,-196.20953568082035,18.010572856531795,17.983872355788918,17.983868280855226,-2.358880290930565,-2.359341933239885,-2.3593419538300306
2019-08-14,288.07000732421875,283.8999938964844,22.100000381469727,24.420000076293945,38.18788870192071,-200.8090076046507,46.54437712699734,39.75563661792899,39.55348492607259,69.49947486727385,68.18109831691137,68.16607541314785,10.286335905280147,10.08418421342374,10.083385171682783
2019-08-15,284.8800048828125,284.6499938964844,21.18000030517578,22.450000762939453,37.610367322151596,-57.752137976911655,214.971570865767,209.65065893926536,209.5969168338185,45.12051674786678,44.54360623237631,44.541227099489674,6.903259605749424,6.849517500302527,6.849447707856472
2019-08-16,286.4800109863281,288.8500061035156,18.469999313354492,18.36000061035156,37.893557248288495,28.318992613689886,169.716035045922,168.623968814857,168.62300369700708,22.893831784213205,22.848438358872336,22.848427423468344,-1.7129719778433827,-1.7139370956932933,-1.713937164514848
2019-08-19,292.19000244140625,292.3299865722656,16.8799991607666,17.200000762939453,39.24793068907058,135.43734407820835,113.92518330915476,113.47871727761411,113.47841512458446,10.64092054608067,10.619049475073545,10.619047503289577,-3.0061614579105083,-3.006463610940143,-3.0064636175797697
2019-08-20,291.7699890136719,290.0899963378906,17.5,18.43000030517578,37.82663302638304,-142.1297662687536,137.22535369859148,136.39739230792236,136.395477615761,17.07534851710094,17.00492134824362,17.004892406794184,-2.238332404320079,-2.2402470964814034,-2.240247342430818
2019-08-21,292.4800109863281,292.45001220703125,15.800000190734863,16.09000015258789,38.60901442636997,78.23813999869245,128.48334005299398,128.1190201107751,128.11895072355554,10.852384517990519,10.844735656644517,10.844735369658263,-3.1711519522191027,-3.1712213394386977,-3.171221340000149
2019-08-22,293.2300109863281,292.3599853515625,16.68000030517578,16.709999084472656,38.97820910886796,36.91946824979908,106.18463113097926,105.83776582274434,105.8376007741844,8.701626793044564,8.687159906288441,8.68715904005939,-3.2057742309990935,-3.2059392795590336,-3.205939281842779
2019-08-23,290.9200134277344,284.8500061035156,19.8700008392334,21.549999237060547,35.815252265512086,-316.29568433558717,-426.9619370756356,-430.01784787072665,-430.04890105885323,10.703786646637178,10.437092877084822,10.435768272287879,2.305106443913391,2.274053255786825,2.274011501378923
2019-08-26,287.2699890136719,288.0,19.31999969482422,19.81999969482422,37.24265369189364,142.74014263815573,161.43516344168833,159.29453257390406,159.29017429647885,35.36396045930863,35.233544164653615,35.23346181445535,0.3943478608147597,0.38998958338955436,0.3899858192498762
2019-08-27,289.5400085449219,286.8699951171875,20.309999465942383,20.809999465942383,37.21149798567865,-3.115570621499586,206.09049930812253,202.75400361002917,202.74075216949663,46.422739308688584,46.152028430370855,46.151627222934216,2.812769002615486,2.79951756208291,2.7995098012661312
2019-08-28,286.1400146484375,288.8900146484375,19.350000381469727,19.15999984741211,37.75178752418681,54.02895385081621,145.13010942894013,143.54655661921944,143.5418177303225,19.52046074013218,19.441172544540805,19.441085772822703,-0.7186749521845126,-0.7234138410814754,-0.7234147616222475
2019-08-29,291.7200012207031,292.5799865722656,17.8799991607666,16.850000381469727,39.46338809868974,171.16005745029312,107.09040174308818,106.48137147778314,106.48110891520203,8.679986342470247,8.661736274902887,8.661734415350367,-2.681151762039061,-2.6814143246201847,-2.681414331156005
2019-08-30,294.2200012207031,292.45001220703125,18.979999542236328,18.600000381469727,40.00535190840395,54.19638097142112,144.46199254260188,143.4293605274256,143.427384035367,19.48790025251818,19.437581616327357,19.43755458517552,-1.8288058632557358,-1.8307823553143159,-1.8307825653835281
2019-09-03,290.57000732421875,290.739990234375,19.65999984741211,19.06999969482422,38.89135132386995,-111.40005845340042,192.14666053362006,190.40983901859684,190.40688584409273,30.725945901076038,30.629572413804233,30.629520851233664,-0.4174958594557636,-0.4204490339598448,-0.42044956294357094
2019-09-04,293.1400146484375,294.0400085449219,17.329999923706055,15.600000381469728,39.97886111473082,108.75097908608709,85.5162439465564,85.36456663803435,85.36455062079277,4.0999461823814505,4.097558349662678,4.097558286811249,-3.5965973310262993,-3.596613348267879,-3.596613348336161
2019-09-05,296.7900085449219,297.82000732421875,16.270000457763672,14.59000015258789,42.716925263344066,273.80641486132475,71.506003481115,71.43605538565325,71.43605339925044,1.4804401457851606,1.4798131248233508,1.4798131223774522,-3.760097849864262,-3.7600998362670706,-3.760099836268335
2019-09-06,298.1700134277344,298.04998779296875,15.0,12.390000343322754,42.448816993406965,-26.81082699371018,40.24512714098427,40.23798713826907,40.23798712751316,-2.3475017071219693,-2.347518689989707,-2.3475186899915315,-3.8857199623018572,-3.8857199730577716,-3.8857199730577716
2019-09-09,299.1400146484375,298.20001220703125,15.270000457763672,13.65999984741211,42.53633879498492,8.752180157795664,58.71305446030566,58.67901202206853,58.67901155981651,-0.3373194712809484,-0.33753422557172374,-0.33753422591920845,-3.83191373676942,-3.831914199021442,-3.8319141990215324
2019-09-10,297.3599853515625,298.1300048828125,15.199999809265137,13.760000228881836,42.40733354153966,-12.900525344526415,61.07892003503681,61.037474077584385,61.03747332390517,0.016885599241482918,0.01658432473541671,0.01658432403265664,-3.8171058240569278,-3.817106577736141,-3.8171065777363333
2019-09-11,298.4700012207031,300.25,14.609999656677246,13.130000114440918,44.194627234089246,178.72936925495893,54.06643931728185,54.02943683691898,54.029436592687034,0.5712031994562761,0.5710290477756983,0.5710290476660749,-3.8259943065783673,-3.8259945508103193,-3.8259945508103352
2019-09-12,301.25,301.2900085449219,14.220000267028809,13.100000381469728,45.067281975795865,87.26547417066186,52.5806641768612,52.558523407230304,52.55852323992814,-1.0874504976343968,-1.0875588262476517,-1.0875588263293903,-3.8557179588316757,-3.8557181261338407,-3.8557181261338536
2019-09-13,301.7799987792969,301.0899963378906,13.739999771118164,12.619999885559082,44.75814994841758,-30.91320273782827,45.05265647665777,45.04254298748844,45.04254297031253,-1.9571881884544433,-1.9572140738378523,-1.9572140738412482,-3.8797729701336094,-3.8797729873095155,-3.879772987309516
2019-09-16,299.8399963378906,300.1600036621094,14.670000076293944,14.600000381469728,43.92467644307404,-83.34735053435409,73.92604154694892,73.84518839605146,73.84518545061806,1.8944330557776166,1.893627406950313,1.8936274026511475,-3.738284861896852,-3.7382878073302557,-3.7382878073329153
2019-09-17,299.94000244140625,300.9200134277344,14.4399995803833,14.539999961853027,44.56482767402128,64.01512309472395,72.81246605285955,72.73477342583216,72.73477051046771,1.7315440927157075,1.7307671320757079,1.7307671276830012,-3.7446059998437002,-3.7446089152081363,-3.7446089152108755
2019-09-18,300.489990234375,301.1000061035156,13.949999809265137,14.130000114440918,44.61962996661517,5.480229259389091,71.13091428292371,71.10452871813023,71.10452826744579,1.5618189135376985,1.5616382222031877,1.5616382217707478,-3.8472275183592255,-3.8472279690436637,-3.8472279690438245
2019-09-19,301.5299987792969,301.0799865722656,14.050000190734863,13.18000030517578,44.579194331825335,-4.043563478983714,55.221842057208164,55.212514731021805,55.21251468954788,-2.3934564823421125,-2.3934913307066163,-2.3934913307229824,-3.8813452232054972,-3.881345264679416,-3.8813452646794184
2019-09-20,300.3599853515625,298.2799987792969,15.31999969482422,14.68000030517578,42.14330360912197,-243.58907227033626,78.21949918931445,78.10902311990667,78.10901529278928,2.7659356727061644,2.7644702085833934,2.7644701917316468,-3.6790243797885958,-3.6790322069059838,-3.679032206920535
2019-09-23,297.54998779296875,298.2099914550781,14.90999984741211,9.829999923706056,41.85307382652644,-29.022978259553156,13.928305893871068,13.92813489375307,13.92813489375279,-3.7619543619270086,-3.7619543823525112,-3.7619543823525112,-3.899657999763161,-3.8996579997634417,-3.8996579997634417
2019-09-24,299.4100036621094,295.8699951171875,17.049999237060547,17.729999542236328,40.302367969640976,-155.07058568854646,109.30663093870292,108.4701435881597,108.46927685524382,16.719896172472765,16.683282736236556,16.68327152853292,-2.2244248625680934,-2.2252915954839625,-2.2252916746826075
2019-09-25,295.9599914550781,297.6199951171875,15.960000038146973,15.300000190734863,41.4790251234003,117.66571537593222,82.32040080795159,82.19362531584896,82.19361581326696,3.430854954884949,3.429130614627427,3.4291305920745945,-3.6464205079775027,-3.6464300105595058,-3.646430010583254
2019-09-26,297.6300048828125,297.0,16.06999969482422,15.199999809265137,40.89465006689183,-58.437505650847044,83.73789884930541,83.61033345438075,83.6103261257441,3.6091929321328777,3.6075942548512696,3.607594169560566,-3.6448472239110257,-3.64485455254768,-3.6448545526575695
2019-09-27,297.8299865722656,295.3999938964844,17.219999313354492,16.770000457763672,39.78750537363801,-110.71446932538151,111.24561547459575,110.85429781128279,110.85417365163669,9.81198812143568,9.801733011646716,9.801732277420697,-3.11699218765918,-3.1171163473052625,-3.1171163495641356
2019-09-30,295.9700012207031,296.7699890136719,16.239999771118164,15.279999732971191,40.54191916391768,75.44137902796706,81.98976635906232,81.86474111249936,81.86473185473498,3.3710672306472844,3.369377070290156,3.369377048484326,-3.649921733512871,-3.6499309912772433,-3.6499309912999456
2019-10-01,297.739990234375,293.239990234375,18.559999465942383,18.940000534057617,38.248262518114245,-229.36566458034378,-196.01183747769917,-197.30016162144852,-197.30206419418067,23.042876017445046,22.975487676149143,22.975457746721915,-1.3176431587897453,-1.3195457315218944,-1.3195460100212197
2019-10-02,291.5,288.05999755859375,20.559999465942383,21.709999084472656,35.201009384162546,-304.7253133951699,70.20098269302656,65.48395289299864,65.45503035123487,57.785753221820194,57.32040632416961,57.319250393683326,5.6209192793092235,5.591996737545408,5.591966059681214
2019-10-03,287.80999755859375,290.4200134277344,19.1200008392334,19.479999542236328,36.07945370594403,87.84443217814868,154.02857102467038,152.01378386791404,152.00935711528686,22.212761846876546,22.08813223561397,22.088017313231184,0.14285837218453246,0.13843161955734296,0.13843035266266757
2019-10-04,291.1400146484375,294.3500061035156,17.040000915527344,16.270000457763672,38.41001784574912,233.05641398050838,25.346550792564052,25.116856037605267,25.116787762944384,6.1539423009486995,6.149305641666253,6.149305400534999,-3.4404056648845533,-3.440473939545427,-3.4404739399505115
2019-10-07,293.4700012207031,293.0799865722656,17.860000610351562,17.700000762939453,37.43242093409111,-97.75969116580043,164.6682573658958,163.6953128945452,163.69458531292628,21.25029155842995,21.21269300003832,21.212685652236722,-1.9519281912464288,-1.9526557728653378,-1.952655813263656
2019-10-08,291.0400085449219,288.5299987792969,20.280000686645508,20.290000915527344,34.86717524014576,-256.524569394535,175.00147290513573,173.07037101499714,173.06508230309407,29.89148642106582,29.760173138151877,29.759982238482905,-0.021904581692013814,-0.02719329359508027,-0.027201793661444817
2019-10-09,290.75,291.2699890136719,18.63999938964844,18.260000228881836,36.10592471261474,123.87494724689745,133.16726053296432,131.9120693703404,131.91061434160903,15.687742834062403,15.629312773951495,15.629292941943623,-1.3852521394507855,-1.386707168182149,-1.3867073178831393
2019-10-10,291.17999267578125,293.239990234375,17.56999969482422,17.780000686645508,37.28062432986289,117.46996172481516,123.84633318752725,123.24442458565053,123.24382555415997,13.31901733002145,13.284355462562635,13.284350373567873,-2.6943856325429225,-2.6949846640334894,-2.694984687110006
2019-10-11,296.2699890136719,296.2799987792969,15.579999923706056,15.279999732971191,37.439841419598125,13.321708973523608,83.8988595594333,83.75531071350424,83.7552961862516,3.815653216216994,3.813431827545654,3.813431786886751,-3.6128587262301832,-3.612873253482823,-3.6128732535340737
2019-10-14,295.92999267578125,295.95001220703125,14.56999969482422,14.010000228881836,34.9649489467013,-247.48924728968262,61.22221965546044,61.1838219405468,61.18382140227566,-0.03730346354322833,-0.03755040406210908,-0.03755040449127911,-3.823202955358931,-3.8232034936300665,-3.823203493630195
2019-10-15,297.1000061035156,298.8800048828125,13.539999961853027,12.300000190734863,33.618619107646836,-134.63298390544622,38.111020091890026,38.105467983144806,38.10546797741467,-2.5308958072649244,-2.5309069075445465,-2.530906907545324,-3.8888957653191545,-3.888895771049292,-3.888895771049292
2019-10-16,298.3699951171875,298.3999938964844,13.68000030517578,11.920000076293944,33.703257090282364,8.463798263552746,36.2685788371978,36.26383928363222,36.263839279983905,-2.6565340916447244,-2.6565426818097073,-2.656542681810067,-3.890520881923891,-3.8905208855722058,-3.8905208855722058
2019-10-17,299.67999267578125,299.2799987792969,13.789999961853027,11.899999618530272,34.19666653958696,49.34094493045933,35.0780798208288,35.07481482716621,35.074814826324435,-2.8010259209036334,-2.8010296270875976,-2.8010296270876447,-3.8934700101495063,-3.893470010991273,-3.893470010991273
2019-10-18,298.69000244140625,297.9700012207031,14.25,12.350000381469728,34.68756487097308,49.08983313861199,40.24156542436572,40.23557153936723,40.23557153537511,-2.4016739646724536,-2.4016842934052525,-2.4016842934056672,-3.8880122180266667,-3.8880122220187827,-3.8880122220187827
2019-10-21,299.4200134277344,299.989990234375,14.0,12.609999656677246,34.699934016196295,1.236914522321797,46.52712642419072,46.51356867083039,46.513568623095274,-1.7399658845897408,-1.7400140519754794,-1.7400140519885445,-3.8728843500739965,-3.872884397809113,-3.872884397809114
2019-10-22,300.5799865722656,299.010009765625,14.460000038146973,13.300000190734863,35.282315829447754,58.23818132514589,55.79215242142572,55.76847173629682,55.768471630402566,-0.811680371040508,-0.8117777103301407,-0.8117777103645665,-3.8526383120594434,-3.852638417953689,-3.8526384179536937
2019-10-23,298.7300109863281,299.8800048828125,14.010000228881836,12.270000457763672,34.581540109919246,-70.0775719528508,38.936760586652724,38.93148716351825,38.93148716039094,-2.504261683301599,-2.504270216627434,-2.5042702166277433,-3.889453144349119,-3.8894531474764302,-3.8894531474764302
2019-10-24,300.9100036621094,300.3699951171875,13.710000038146973,11.890000343322754,34.082318367727765,-49.92217421914802,34.54676780147346,34.54338785711169,34.54338785569406,-2.8168695576681264,-2.816874085689763,-2.816874085689877,-3.8932401070235545,-3.8932401084411876,-3.8932401084411876
2019-10-25,299.739990234375,301.6000061035156,12.649999618530272,10.329999923706056,32.33702574695185,-174.52926207759134,17.58701281505104,17.58685435202476,17.58685435202431,-3.663001285192155,-3.663001308718058,-3.663001308718058,-3.899683073946089,-3.8996830739465373,-3.8996830739465373
2019-10-28,302.94000244140625,303.29998779296875,13.109999656677246,11.699999809265137,33.84732487257395,151.02991256220974,33.153751235162495,33.150886182376475,33.15088618139598,-2.9095801172584177,-2.909583616437812,-2.90958361643788,-3.894269891486481,-3.894269892466972,-3.894269892466972
2019-10-29,303.0,303.2099914550781,13.199999809265137,11.75,33.93955155428236,9.222668170841075,33.846053632545264,33.842839565426296,33.84283956403508,-2.8574432723390446,-2.857447626326146,-2.8574476263262563,-3.8935718615884247,-3.8935718629796385,-3.8935718629796385
2019-10-30,303.42999267578125,304.1400146484375,12.329999923706056,10.670000076293944,32.597762837061936,-134.17887172204246,24.797114382136897,24.79697873639676,24.796978736395097,-3.3663571676067288,-3.3663572035222713,-3.3663572035222713,-3.8997287085147376,-3.8997287085164016,-3.8997287085164016
2019-10-31,304.1300048828125,303.3299865722656,13.220000267028809,11.579999923706056,33.93390347444347,133.61406373815328,32.73159997250839,32.72867468887436,32.72867468768454,-2.9221150780480505,-2.922118964687649,-2.9221189646877335,-3.8941494291624776,-3.8941494303522997,-3.8941494303522997
2019-11-01,304.9200134277344,306.1400146484375,12.300000190734863,9.84000015258789,33.425755302793064,-50.81481716504044,14.22532869152033,14.225255248823286,14.22525524882318,-3.7455501338080817,-3.7455501416078807,-3.7455501416078807,-3.8998531146055955,-3.8998531146057016,-3.8998531146057016
2019-11-04,307.8500061035156,307.3699951171875,12.829999923706056,11.079999923706056,34.90020315198721,147.44478491941493,28.023256870853565,28.021938058640394,28.021938058533784,-3.2256147014449286,-3.225615613103221,-3.2256156131032245,-3.897362375253826,-3.8973623753604416,-3.8973623753604416
2019-11-05,307.5899963378906,307.0299987792969,13.100000381469728,10.989999771118164,35.18502500704393,28.482185505671964,28.494779926921346,28.494349731669665,28.49434973163995,-3.6148665468460073,-3.6148667980820575,-3.6148667980820584,-3.899139609407482,-3.8991396094371997,-3.8991396094371997
2019-11-06,307.0299987792969,307.1000061035156,12.619999885559082,9.470000267028809,34.27503386309998,-90.99911439439552,11.761639200948961,11.761602618496694,11.761602618496672,-3.7939824682419063,-3.793982470867857,-3.793982470867857,-3.8999268350953975,-3.8999268350954184,-3.8999268350954184
2019-11-07,308.57000732421875,308.17999267578125,12.729999542236328,10.15999984741211,34.99225278898447,71.72189258844952,8.34686028900537,8.34678931174136,8.346789311740968,-3.7898649111209464,-3.7898649245323295,-3.7898649245323295,-3.899858045470805,-3.899858045471195,-3.899858045471195
2019-11-08,307.79998779296875,308.94000244140625,12.06999969482422,9.31999969482422,34.1767806125158,-81.54721764686741,10.893825571289137,10.893803874801629,10.893803874801625,-3.8128589002548527,-3.812858900833754,-3.812858900833754,-3.8999566070249765,-3.8999566070249796,-3.8999566070249796
2019-11-11,307.4200134277344,308.3500061035156,12.6899995803833,10.6899995803833,34.816003553134806,63.922294061900686,26.41098251302374,26.410789766847735,26.410789766843983,-3.7077700109858007,-3.7077700739137875,-3.707770073913788,-3.8996145076367315,-3.8996145076404876,-3.8996145076404876
2019-11-12,308.75,309.0,12.68000030517578,10.800000190734863,35.0992910541281,28.328750099329625,25.574607323707156,25.574205019365365,25.574205019341328,-3.355928162903856,-3.35592838907773,-3.3559283890777305,-3.8991953912443,-3.899195391268342,-3.899195391268342
2019-11-13,307.9100036621094,309.1000061035156,13.0,10.970000267028809,35.677716978996216,57.842592486811384,26.66719014167795,26.666094835448618,26.666094835361925,-3.292685200694324,-3.292685898255249,-3.292685898255251,-3.8978093872812627,-3.897809387367954,-3.897809387367954
2019-11-14,308.7900085449219,309.54998779296875,13.050000190734863,11.229999542236328,35.9602183111751,28.250133217888163,30.425338892526305,30.42350164455678,30.42350164435718,-3.0937272471211164,-3.0937281981360467,-3.0937281981360556,-3.8963255034621636,-3.896325503661759,-3.896325503661759
2019-11-15,311.0199890136719,311.7900085449219,12.050000190734863,9.670000076293944,35.48237651843117,-47.78417927439307,14.497041610945233,14.496955938392526,14.496955938392523,-3.7368208836981776,-3.7368208944651395,-3.7368208944651395,-3.899828654894576,-3.8998286548945793,-3.8998286548945793
2019-11-18,311.5299987792969,312.0199890136719,12.460000038146973,10.18000030517578,36.15485031799377,67.24737995626029,9.04642398927943,9.046334399746776,9.046334399746106,-3.774483687722199,-3.7744837069874384,-3.7744837069874384,-3.8998208209326806,-3.8998208209333485,-3.8998208209333485
2019-11-19,312.67999267578125,311.92999267578125,12.859999656677246,10.25,36.72247055576456,56.76202377707895,21.4566099435875,21.45646510606708,21.456465106064975,-3.741514288192561,-3.7415143312596344,-3.7415143312596344,-3.8997103249528426,-3.899710324954944,-3.899710324954944
2019-11-20,311.2799987792969,310.7699890136719,12.779999732971191,10.199999809265137,35.86807753804513,-85.43930177194312,21.041658178221894,21.041577866054098,21.041577866053778,-3.7741663583267266,-3.774166371472462,-3.774166371472462,-3.899839375663448,-3.899839375663771,-3.899839375663771
2019-11-21,310.8900146484375,310.2699890136719,13.130000114440918,10.5600004196167,36.14532651996595,27.724898192082037,23.260600407576398,23.260003945508338,23.260003945491697,-3.45275710963849,-3.4527572972739087,-3.4527572972739087,-3.8988070758139575,-3.8988070758305997,-3.8988070758305997
2019-11-22,311.0899963378906,310.9599914550781,12.34000015258789,9.220000267028809,35.13508894905671,-101.023757090924,10.903997020047942,10.903968931953903,10.903968931953903,-3.808156716749129,-3.8081567168788824,-3.8081567168788824,-3.899943823811921,-3.899943823811921,-3.899943823811921
2019-11-25,311.9800109863281,313.3699951171875,11.869999885559082,9.760000228881836,35.71428715334431,57.919820428760005,15.530757793694248,15.530646628644872,15.530646628644865,-3.7122954480847135,-3.7122954643094257,-3.7122954643094257,-3.8997776699012334,-3.8997776699012388,-3.8997776699012388
2019-11-26,313.4100036621094,314.0799865722656,11.539999961853027,9.5,35.631881481730844,-8.24056716134649,5.165745871830094,5.165731079013524,5.165731079013517,-3.84951001649851,-3.849510017436741,-3.849510017436741,-3.899970414366836,-3.8999704143668437,-3.8999704143668437
2019-11-27,314.6099853515625,315.4800109863281,11.75,9.899999618530272,36.82968587914699,119.78043974161494,8.025116609922929,8.025052741532777,8.025052741532482,-3.7963408575049207,-3.796340868814571,-3.796340868814571,-3.8998722632188096,-3.899872263219106,-3.899872263219106
2019-11-29,314.8599853515625,314.30999755859375,12.619999885559082,11.359999656677246,37.284433912084474,45.47480329374807,34.587302032720416,34.58531086821475,34.58531086815541,-2.818230905611773,-2.8182338699603013,-2.818233869960304,-3.8960176708106435,-3.896017670869979,-3.896017670869979
2019-12-02,314.5899963378906,311.6400146484375,14.90999984741211,15.300000190734863,39.446348688547815,216.1914776463341,71.2284419207501,71.07728499743337,71.0772595676542,3.156392234715006,3.153494285677608,3.1534941799017924,-3.5976098639536223,-3.597635293732793,-3.597635293757925
2019-12-03,308.6499938964844,309.54998779296875,15.960000038146973,16.860000610351562,40.2668270178943,82.04783293464857,126.06035004296032,125.68219274933426,125.6819878793984,7.994686636976521,7.982441701263889,7.982439879233269,-3.1430707767620327,-3.1432756466978873,-3.143275655423949
2019-12-04,310.70001220703125,311.4599914550781,14.800000190734863,14.920000076293944,39.043966235399566,-122.28607824947346,89.59294679535644,89.49386864851739,89.49385845567772,1.6225105523178973,1.6209900090849612,1.6209899786459196,-3.701813127681483,-3.7018233205211453,-3.7018233205616227
2019-12-05,312.2300109863281,312.0199890136719,14.520000457763672,13.9399995803833,38.79398211365216,-24.99841217474028,73.56332065501886,73.52602601398533,73.52602523864012,1.9292372746025572,1.9289497086855736,1.9289497079927695,-3.8254083918963393,-3.8254091672415336,-3.8254091672418746
2019-12-06,314.1199951171875,314.8699951171875,13.619999885559082,12.8100004196167,38.863945710937,6.996359728483981,55.44026183317921,55.42889767072784,55.42889764702196,-0.7603764397958792,-0.7604166559403365,-0.760416655949955,-3.87727160397962,-3.8772716276854964,-3.8772716276854977
2019-12-09,314.44000244140625,313.8800048828125,15.859999656677246,17.059999465942383,41.91124143430493,304.7295723367924,101.7925657229361,101.29326434881415,101.29291438773339,10.192817468737273,10.174508197009999,10.174504568693823,-2.9003473077231217,-2.900697268803887,-2.900697289067427
2019-12-10,313.82000732421875,313.5299987792969,15.68000030517578,16.239999771118164,41.34926578132614,-56.19756529787878,117.7668874702496,117.44380572242675,117.44376420743238,11.544375768149134,11.534639092250563,11.534638860659122,-3.253711957299637,-3.2537534722940253,-3.253753472984529
2019-12-11,314.0299987792969,314.4200134277344,14.989999771118164,15.270000457763672,40.591419666712326,-75.78461146138125,98.47820674314679,98.22332673180239,98.22331781677697,6.810909155052059,6.809680150094341,6.809680119470949,-3.3902132320833904,-3.390222147108818,-3.3902221471593355
2019-12-12,314.42999267578125,317.1300048828125,13.9399995803833,14.670000076293944,40.44920457676117,-14.221508995115784,60.81849939495557,60.73435696148973,60.73435083422735,1.2212048748511064,1.2200900324390327,1.2200900176080038,-3.7316967512330863,-3.7317028784954713,-3.731702878511497
2019-12-13,316.8699951171875,317.32000732421875,12.630000114440918,12.40999984741211,38.57391571761096,-187.528885915021,50.55994678467585,50.54935279637382,50.54935279094665,-1.3730692358463648,-1.3730766678760071,-1.3730766678773012,-3.8788120071144307,-3.8788120125416037,-3.878812012541604
2019-12-16,319.2200012207031,319.5,12.140000343322754,11.630000114440918,39.2828321671198,70.89164495088411,41.43921214276659,41.4366229956564,41.436622994727806,-3.114171783020068,-3.1141739015917325,-3.1141739015918404,-3.894821702993827,-3.8948217039224184,-3.8948217039224184
2019-12-17,319.9200134277344,319.57000732421875,12.289999961853027,11.15999984741211,39.47990829900487,19.70761318850691,34.22187980710867,34.221458427678236,34.22145842761652,-2.8383618050939834,-2.838362136625544,-2.8383621366255465,-3.899157240953978,-3.8991572410156987,-3.8991572410156987
2019-12-18,320.0,319.5899963378906,12.579999923706056,10.300000190734863,39.82698557355506,34.707727455019466,23.72623994321524,23.72617377909132,23.72617377909038,-3.4270829679443016,-3.427082986204341,-3.427082986204341,-3.8998676717493406,-3.899867671750277,-3.899867671750277
2019-12-19,319.79998779296875,320.8999938964844,12.5,9.390000343322754,40.612354560300524,78.53689867454605,14.528738157835646,14.528701419201232,14.528701419201232,-3.822721303904754,-3.8227213040899013,-3.8227213040899013,-3.899926522731167,-3.899926522731168,-3.899926522731168
2019-12-20,320.4599914550781,320.7300109863281,12.510000228881836,9.270000457763672,40.45405355708504,-15.830100321548457,5.0467710233648795,5.046756508185069,5.0467565081850605,-3.8506900899010748,-3.8506900908443633,-3.8506900908443633,-3.8999709696403535,-3.8999709696403606,-3.8999709696403606
2019-12-23,321.5899963378906,321.2200012207031,12.609999656677246,9.829999923706056,40.79141050933412,33.73569522490811,8.956205498084502,8.956116038652508,8.956116038652487,-3.775660127745133,-3.775660147144177,-3.775660147144177,-3.8998210811359466,-3.89982108113597,-3.89982108113597
2019-12-24,321.4700012207031,321.2300109863281,12.670000076293944,9.5600004196167,40.82588442254139,3.447391320727178,6.955571424431948,6.955534254043421,6.955534254043419,-3.819701937798298,-3.819701942207551,-3.819701942207551,-3.899925659222942,-3.899925659222943,-3.899925659222943
2019-12-26,321.6499938964844,322.94000244140625,12.649999618530272,9.9399995803833,41.96292334000425,113.70389174628599,9.939647025646709,9.939517570174617,9.939517570174564,-3.749979849735748,-3.749979853068541,-3.749979853068541,-3.8997410890556576,-3.899741089055711,-3.899741089055711
2019-12-27,323.739990234375,322.8599853515625,13.43000030517578,11.0,42.819414384344995,85.64910443407427,34.43443898007422,34.4329063568431,34.432906356806974,-3.342903560479959,-3.342903816755367,-3.3429038167553684,-3.896934753429392,-3.896934753465514,-3.896934753465514
2019-12-30,322.95001220703125,321.0799865722656,14.81999969482422,13.770000457763672,43.32614257820738,50.67281938623864,77.57119617778241,77.54580044773348,77.54579973592702,0.5706350419502044,0.5704203736050895,0.5704203726247723,-3.8492064044826457,-3.8492071162891044,-3.8492071162891435
2019-12-31,320.5299987792969,321.8599853515625,13.779999732971191,13.260000228881836,42.360231817241505,-96.59107609658761,44.26235116347589,44.235195061132586,44.235194961343346,-1.1876138731822663,-1.1878036169753403,-1.18780361701217,-3.8456874959456298,-3.8456875957348755,-3.8456875957348853
2020-01-02,323.5400085449219,324.8699951171875,12.470000267028809,10.600000381469728,42.89474224067234,53.4510423430838,15.372334790076868,15.371779143546418,15.37177914354452,-3.5700583922791713,-3.570058761857694,-3.570058761857694,-3.8988887069334046,-3.8988887069353027,-3.8988887069353027
2020-01-03,321.1600036621094,322.4100036621094,14.020000457763672,12.779999732971191,42.90481012787085,1.0067887198509595,59.77222106362771,59.75677720311336,59.756777147627965,-1.8397701608157893,-1.8398055309278272,-1.8398055309580688,-3.8691121125150976,-3.869112168000489,-3.869112168000489
2020-01-06,320.489990234375,323.6400146484375,13.850000381469728,12.420000076293944,43.40003016098637,49.52200331155154,33.27599145205737,33.26662950311936,33.26662949991587,-2.3819076938914163,-2.3819419664404524,-2.381941966441289,-3.881276092513526,-3.8812760957170145,-3.8812760957170145
2020-01-07,323.0199890136719,322.7300109863281,13.789999961853027,12.34000015258789,42.62076848034742,-77.92616806389461,53.17415607356221,53.169988069725434,53.16998805696344,-1.0504263273978203,-1.0504392600652994,-1.0504392600694548,-3.8916639540404643,-3.8916639668024517,-3.8916639668024517
2020-01-08,322.94000244140625,324.45001220703125,13.449999809265137,12.220000267028809,43.39961904767346,77.88505673260389,51.14188213062806,51.138558766671956,51.138558759552815,-2.1880529935264454,-2.1880617838417846,-2.1880617838436613,-3.893353250730371,-3.893353257849511,-3.893353257849511
2020-01-09,326.1600036621094,326.6499938964844,12.539999961853027,10.859999656677246,44.038871209064425,63.925216139096364,33.744988567437176,33.74454480510599,33.744544805026926,-3.40908049616178,-3.409080885365442,-3.409080885365442,-3.899112475100439,-3.8991124751795025,-3.8991124751795025
2020-01-10,327.2900085449219,325.7099914550781,12.5600004196167,10.56999969482422,43.26973569904431,-76.91355100201136,16.30291750737694,16.30259618087338,16.30259618087188,-3.540700860434145,-3.5407010906304572,-3.5407010906304572,-3.8993573469883773,-3.899357346989878,-3.899357346989878
2020-01-13,326.3900146484375,327.95001220703125,12.31999969482422,10.050000190734863,44.688026796344616,141.82910973003047,11.475583374064518,11.475402213086609,11.47540221308653,-3.7124526442143635,-3.7124526863391707,-3.7124526863391707,-3.8996376780439475,-3.8996376780440234,-3.8996376780440234
2020-01-14,327.4700012207031,327.45001220703125,12.390000343322754,10.18000030517578,44.30148042554054,-38.65463708040764,12.777093686466463,12.776816401822865,12.776816401822591,-3.669029857033646,-3.669029862976622,-3.669029862976622,-3.8994454307119857,-3.899445430712259,-3.899445430712259
2020-01-15,327.3500061035156,328.19000244140625,12.420000076293944,9.6899995803833,44.88545546531281,58.39750397722696,9.049243704630022,9.04916531902786,9.049165319027855,-3.77784393610826,-3.777843945928952,-3.777843945928952,-3.899843228795659,-3.899843228795666,-3.899843228795666
2020-01-16,329.70001220703125,330.9200134277344,12.31999969482422,9.710000038146973,47.020025149064324,213.4569683751515,10.248472152286439,10.248444071439717,10.24844407143967,-3.741077567314196,-3.741077570809561,-3.741077570809561,-3.89994383830641,-3.899943838306458,-3.899943838306458
2020-01-17,331.70001220703125,331.95001220703125,12.100000381469728,9.039999961853027,47.67884380862483,65.88186595605094,6.0759383984278,6.075934169079892,6.075934169079892,-3.8328945120425666,-3.832894512126926,-3.832894512126926,-3.899991541304181,-3.899991541304182,-3.899991541304182
2020-01-21,330.8999938964844,331.29998779296875,12.850000381469728,11.380000114440918,47.560047875532526,-11.879593309230785,42.69486105951868,42.693556229447964,42.69355622874415,-3.4680556870839796,-3.4680576464693846,-3.468057646469388,-3.8973903377471264,-3.8973903384509376,-3.8973903384509376
2020-01-22,332.239990234375,331.3399963378906,12.90999984741211,11.029999732971191,47.598983060068065,3.8935184535539236,22.622864180272337,22.62185199032259,22.621851990288782,-3.2167745083545984,-3.216774699867348,-3.21677469986735,-3.8979756199990776,-3.897975620032888,-3.897975620032888
2020-01-23,330.6300048828125,331.7200012207031,12.979999542236328,11.399999618530272,47.929483009562695,33.04999494946301,26.058820829222938,26.057438497659774,26.05743849730559,-2.9633830551945226,-2.963383927623732,-2.963383927623772,-3.897235335811119,-3.8972353361653043,-3.8972353361653043
2020-01-24,332.44000244140625,328.7699890136719,14.5600004196167,14.649999618530272,47.088243438347746,-84.1239571214949,27.876774278748876,27.759444453231787,27.759439288463867,3.653131058750126,3.652381825546766,3.6523818096055374,-3.6653248546535955,-3.665330019421531,-3.665330019424342
2020-01-27,323.0299987792969,323.5,18.229999542236328,21.299999237060547,48.133901617796916,104.56581794491697,250.36877696815478,247.2521312400916,247.2266173121556,62.36853337374394,62.026174821877355,62.02486656622805,2.4098769246106766,2.3843629966747217,2.384348440823076
2020-01-28,325.05999755859375,326.8900146484375,16.280000686645508,18.34000015258789,47.56228307728681,-57.16185405101086,178.16571014504677,177.24830715630443,177.2463606711745,22.22032044473096,22.165644502254104,22.16562967517921,-2.059354187536532,-2.0613006726664684,-2.0613007991916934
2020-01-29,328.3800048828125,326.6199951171875,16.389999389648438,18.1200008392334,47.456631385576124,-10.565169171068334,139.0481341748168,137.69543738998757,137.69451993127953,21.375799304956956,21.345927469430336,21.345910412761384,-1.1918534968454333,-1.192770955553455,-1.1927711413430582
2020-01-30,324.3599853515625,327.67999267578125,15.489999771118164,16.40999984741211,47.02147268340041,-43.51587021757126,99.41817377638468,98.96046994837553,98.96040794105204,9.537139032380901,9.526015481462094,9.52601501227042,-2.9844063160277123,-2.9844683233512366,-2.98446832534572
2020-01-31,327.0,321.7300109863281,18.84000015258789,21.65999984741211,47.71964611088987,69.81734274894578,-186.7992960009797,-190.66428835066947,-190.70395951242278,41.277098424706516,40.80484479810821,40.804001036420345,3.9490946494795622,3.909423487726258,3.909391351293962
2020-02-03,323.3500061035156,324.1199951171875,17.969999313354492,19.229999542236328,47.653797073824045,-6.584903706582423,157.48917119502872,155.5130191643819,155.51072902577437,27.86325117489376,27.752947558588993,27.752890213155816,0.05917729389808857,0.05688715529059607,0.056886216437916914
2020-02-04,328.07000732421875,329.05999755859375,16.049999237060547,15.8100004196167,48.400971500662216,74.71744268381713,123.51600902736374,123.30655896988776,123.30647843583947,7.905133467195155,7.899371765827681,7.8993716658464415,-3.4808582819473317,-3.4809388159956285,-3.4809388163142465
2020-02-05,332.2699890136719,332.8599853515625,15.149999618530272,13.6899995803833,50.234446322855035,183.34748221928194,58.081165005307525,58.03930810946811,58.03930765752358,0.7425268008321426,0.7423852994067879,0.7423852988610289,-3.8162848524875157,-3.8162853044320313,-3.8162853044320584
2020-02-06,333.9100036621094,333.9800109863281,14.960000038146973,12.979999542236328,50.885660680380376,65.12143575253404,71.28048322724545,71.26370017694869,71.26370014782154,-2.1032013661126867,-2.103311916759945,-2.1033119167804006,-3.8664338120250163,-3.8664338411521513,-3.866433841152157
2020-02-07,332.82000732421875,332.20001220703125,15.470000267028809,13.729999542236328,49.93786596252872,-94.77947178516573,60.58582452910439,60.54832746423923,60.5483262824197,1.2616027142418584,1.2612232235680114,1.2612232233082086,-3.8250023248106046,-3.8250035066301358,-3.8250035066302894
2020-02-10,331.2300109863281,334.67999267578125,15.039999961853027,12.890000343322754,51.31408507280213,137.62191102734107,45.54158664380273,45.5259048500985,45.52590481028618,-1.069551470509786,-1.0696582697753776,-1.0696582697957115,-3.8686362931545535,-3.868636332966872,-3.868636332966877
2020-02-11,336.1600036621094,335.260009765625,15.18000030517578,13.039999961853027,51.86019800888988,54.61129360877521,51.025571914480274,51.003136612858185,51.00313654159067,-1.8230662627574041,-1.823120178455166,-1.8231201785220499,-3.8551291829532692,-3.8551292542207825,-3.855129254220784
2020-02-12,336.8299865722656,337.4200134277344,13.739999771118164,10.84000015258789,52.43998680528401,57.97887963941264,23.466466151237718,23.465795437898812,23.465795437891906,-3.596968620401661,-3.5969690730502566,-3.596969073050257,-3.898658573301471,-3.8986585733083756,-3.8986585733083756
2020-02-13,335.8599853515625,337.05999755859375,14.149999618530272,11.829999923706056,52.386557295792436,-5.342950949157199,52.56013460223998,52.55644876747852,52.5564487668946,-3.127702197906177,-3.1277092725365274,-3.1277092725366353,-3.8926283287253227,-3.8926283293092396,-3.8926283293092396
2020-02-14,337.510009765625,337.6000061035156,13.68000030517578,10.979999542236328,52.460769127334494,7.421183154205835,23.58874264746285,23.588379230115876,23.588379230005934,-3.1396459769122083,-3.1396463655677467,-3.1396463655677467,-3.8992731649762136,-3.899273165086157,-3.899273165086157
2020-02-18,336.510009765625,336.7300109863281,14.829999923706056,13.020000457763672,52.39991601065464,-6.085311667985138,49.965377207944165,49.95561709021211,49.95561693336598,-0.4350591090192184,-0.435122058544708,-0.4351220585575657,-3.880479293997507,-3.880479450843624,-3.880479450843628
2020-02-19,337.7900085449219,338.3399963378906,14.380000114440918,11.880000114440918,53.36346757109614,96.35515604414948,35.985678092447365,35.98126292878952,35.9812629279675,-3.038814160024364,-3.038822443993158,-3.0388224439933245,-3.891169670218256,-3.891169671040279,-3.891169671040279
2020-02-20,337.739990234375,336.95001220703125,15.5600004196167,13.859999656677246,53.09843287155929,-26.5034699536848,65.34382217382493,65.2905084770476,65.29050803712335,2.0839913931097147,2.0835898516974938,2.0835898510678827,-3.793371286670961,-3.7933717265952183,-3.7933717265957507
2020-02-21,335.4700012207031,333.4800109863281,17.079999923706055,15.770000457763672,51.81333463879454,-128.5098232764753,97.1336072210527,96.98257151510158,96.98251465742712,9.04917195698875,9.04509107002882,9.045090997267453,-3.597758014335669,-3.597814872010127,-3.5978148722563743
2020-02-24,323.1400146484375,322.4200134277344,25.030000686645508,31.899999618530273,55.88993443168634,407.65997928918057,576.1121529194219,544.2079858995402,541.2981059890159,223.98540701763864,213.36750746008337,212.88155098546224,68.91079822159108,66.00091831106685,65.91168664142201
2020-02-25,323.94000244140625,312.6499938964844,27.850000381469727,36.349998474121094,56.30141822580215,41.148379411581004,-1068.6785455835156,-986.3892366453027,-994.2275854286356,-537.1322847040416,-558.53525878074,-560.9495860579879,-143.69513546161676,-151.5334842449495,-151.93633486397118
2020-02-26,314.17999267578125,311.5,27.559999465942383,34.84000015258789,55.25579141752435,-104.56268082778024,652.4968906313637,604.163340638383,599.5638597645607,308.10385675581387,290.2940027171972,289.0592199729128,107.45985930583251,102.86037843201022,102.57305884379316
2020-02-27,305.4599914550781,297.510009765625,39.15999984741211,54.7400016784668,72.08014362451428,1682.435220698993,381.7375841374877,236.8889436976042,187.11806655604923,510.7541440800618,422.97843094856444,396.58900632579304,483.85244595515167,434.0815688135966,420.9913419941916
2020-02-28,288.70001220703125,296.260009765625,40.11000061035156,52.900001525878906,73.38300164986062,130.2858025346339,353.7524972855495,210.2808874283132,166.220890394535,332.9113783296952,250.2200811731014,229.14458587758176,450.53467894184587,406.47468190806757,396.81465796364887
2020-03-02,298.2099914550781,309.0899963378906,33.41999816894531,42.16999816894531,64.16792989017407,-921.5071759686552,-975.5198487329848,-849.8750721345668,-865.8624491443669,-565.9847028534907,-604.6705130756361,-610.5595049341815,-200.91181471858417,-216.89919172838424,-218.84003299815967
2020-03-03,309.5,300.239990234375,36.81999969482422,47.34000015258789,67.70715059511889,353.92207049448245,-132.99499081039187,-242.80213678817586,-272.10062600269714,42.73514998136762,-16.501868282825193,-29.783483411632112,322.69416439036115,293.3956751758398,287.8694254847645
2020-03-04,306.1199951171875,312.8599853515625,31.989999771118164,37.060001373291016,62.6358747248339,-507.12758702849925,-65.28498777457322,-126.92471900680354,-135.80947299706304,172.3062543824868,147.43386539996482,144.7455081415634,147.66143659561527,138.77668260535577,138.2567273167953
2020-03-05,304.9800109863281,302.4599914550781,39.619998931884766,48.630001068115234,72.91742828196094,1028.155355712704,1130.0577368069582,1006.1698215248958,971.2873358298124,672.3250360250967,603.7473697605826,587.452813225148,372.93350582417355,338.05102012909026,331.05340532443614
2020-03-06,293.1499938964844,297.4599914550781,41.939998626708984,48.54999923706055,75.7465703163439,282.91420343829685,762.5448964155803,649.3827806142813,620.9846821139056,611.2647235621631,553.2064266820688,538.3528965755936,328.3069396218957,299.90884112152014,293.8577809882181
2020-03-09,275.29998779296875,274.2300109863281,54.459999084472656,70.30000305175781,93.73540509944975,1798.8834783105845,1833.1355434496531,1647.9562906345684,1539.9130695839847,1280.8374204800607,1135.9036626277,1071.915684524666,861.5254019422489,753.482180891665,717.0176107196207
2020-03-10,284.6400146484375,288.4200134277344,47.29999923706055,57.38999938964844,82.85633036369875,-1087.9074735751005,1138.4807061105662,976.434153752553,922.5843589182637,903.8072028134624,809.6026559850208,778.0329026673094,542.9915995938649,489.1418047595754,473.4213426673765
2020-03-11,280.70001220703125,274.3599853515625,53.900001525878906,68.20999908447266,92.40336014257912,954.7029778880371,995.0323111592398,799.8964621915286,707.5913698811569,1108.7741342522293,975.9735131968986,918.9607343334814,826.6147812287892,734.3096889184175,695.4535012841865
2020-03-12,256.0,248.11000061035156,75.47000122070312,103.55999755859376,125.36842882485749,3296.506868227837,1807.6818410308476,1542.2807350632397,1365.029007171409,1765.3812645286707,1537.6564030850816,1389.7980615489698,1777.5272070692936,1600.2754791774628,1490.0601209943009
2020-03-13,263.0899963378906,269.32000732421875,57.83000183105469,69.87000274658203,98.16051339683156,-2720.7915428025926,977.2074242191431,793.3162814241298,695.5124927273189,979.411351296063,837.990209348156,781.7200531153212,820.1640106615625,722.3602219647518,684.7306167736448
2020-03-16,241.17999267578125,239.8500061035156,82.69000244140625,106.66000366210938,134.82678349691383,3666.6270100082274,2825.337472518119,2545.9930788548745,2360.086897720064,2262.3071434307362,2031.7411480781027,1895.7297908389346,1850.3860863317557,1664.479905196945,1549.7331769637372
2020-03-17,245.0399932861328,252.8000030517578,75.91000366210938,92.93000030517578,124.88610456753655,-994.0678929377284,1244.746530056726,1069.947961742164,913.013900925831,1274.0988339876985,1081.4051121312127,969.3918688260949,1315.1456003465619,1158.211539530229,1070.506064764405
2020-03-18,236.25,240.0,76.44999694824219,97.22000122070312,125.30604346257154,41.99388950349885,2226.8152067189094,1970.4244138082381,1823.670437188918,1961.5062725209675,1773.0702974372648,1645.3792981513793,1499.3488032602677,1352.5948266409475,1257.1786902087222
2020-03-19,239.25,240.5099945068359,72.0,91.0199966430664,118.64826311202098,-665.7780350550553,2256.0482211095364,2010.920632668153,1875.5798070872563,1725.3548120189976,1533.1193292071816,1432.8335263137071,1352.0676706783704,1216.7268450974736,1132.7528686310295
2020-03-20,242.52999877929688,228.8000030517578,66.04000091552734,83.47000122070312,111.49411712057088,-715.4145991450107,-851.8969350468565,-569.6454362401224,-561.9092323544206,-666.4683685957888,-421.11112379206565,-513.4455030831396,-266.33206313893237,-258.59585925323057,-318.1623300877716
2020-03-23,228.19000244140625,222.9499969482422,61.59000015258789,78.76000213623047,106.4712778256548,-502.2839294916082,1190.7884289104709,1003.4847826489463,901.3648616139175,1109.436843640713,952.9806950369397,889.3335957549494,920.4986216756987,818.37870064067,768.9751643793965
2020-03-24,234.4199981689453,243.1499938964844,61.66999816894531,78.04000091552734,102.55955532968302,-391.1722495971773,317.4302316653554,341.1023115483916,227.27513419344373,508.9659668824369,369.71664193134524,296.82937929463515,527.3367898168432,413.5096124618954,362.7673176355846
2020-03-25,244.8699951171875,246.7899932861328,63.95000076293945,81.30000305175781,105.26719248981453,270.76371601315117,1988.9013295451932,1763.0364163585327,1637.8455165130326,1457.4425195830288,1296.5011251965157,1220.2161844039363,1128.143650972929,1002.952751127429,941.9608542625843
2020-03-26,249.52000427246097,261.20001220703125,61.0,73.61000061035156,100.10141092845957,-516.5781561354961,-514.383866202086,-289.7590681777375,-388.65931496363316,-96.82958183255067,-108.97391215259042,-181.1731287387831,42.33094136073682,-56.569305425158795,-99.5739501728423
2020-03-27,253.27000427246097,253.4199981689453,65.54000091552734,72.33000183105469,106.81541774644408,671.4006817984512,1740.3118544230224,1545.258907387803,1446.7596019801308,1253.9894047094215,1113.1074425726295,1042.7140751224717,877.6977355333871,779.1984301257148,734.5399986614581
2020-03-30,255.6999969482422,261.6499938964844,57.08000183105469,62.79999923706055,93.22856512294267,-1358.6852623501413,698.4291106168295,534.8102336150722,459.6118882278537,831.4964918393075,730.0756753268312,691.0441657143944,640.5819301141781,565.3835847269596,543.0046525627406
2020-03-31,260.55999755859375,257.75,53.540000915527344,60.15999984741211,87.89059354868587,-533.7971574256799,1326.6381422449122,1158.8544638067276,1095.5475708186884,855.7543512301828,759.5825520714685,723.9972142805261,592.708803057552,529.4019100695127,511.6860273400565
2020-04-01,247.97999572753903,246.1499938964844,57.060001373291016,61.33000183105469,94.06817186419569,617.757831550982,1417.862008184212,1254.5582016517697,1187.4416356966622,875.3149568764807,776.9620478754614,741.5892669031615,612.3141923799393,545.1976264248319,523.1315144347882
2020-04-02,245.19000244140625,251.8300018310547,50.90999984741211,52.810001373291016,84.35117834193386,-971.699352226183,252.0718884804468,145.05991017653233,105.03449067868168,256.0509531705479,190.47400674615892,173.67131690612356,364.2139532765544,324.1885337787038,314.76844737991564
2020-04-03,250.7599945068359,248.19000244140625,46.79999923706055,46.65999984741211,79.09644004692387,-525.4738295009986,858.7372275070715,767.2431351591518,744.2034598429036,493.06559323721314,445.01375258609386,435.1136426349393,261.9103669953224,238.87069167907424,234.85166633041428
2020-04-06,257.8399963378906,264.8599853515625,45.2400016784668,47.02000045776367,73.78814085361368,-530.829919331019,-75.54250150862515,-163.92359397968337,-186.9673709227921,163.56896818292748,107.7249652836359,97.2324953746259,256.4216795291614,233.37790258605264,229.17274945977485
2020-04-07,274.2099914550781,265.1300048828125,46.70000076293945,48.34000015258789,75.78738878318583,199.92479295721495,-296.43101436011443,-327.5895184845325,-353.42416419502206,-192.03357101953443,-250.42732391902658,-263.2484057987396,156.4082845691885,130.5736388586989,124.59384865712184
2020-04-08,267.9599914550781,274.0299987792969,43.349998474121094,42.459999084472656,70.08257890141451,-570.4809881771325,127.893381080751,52.45534344212108,34.44814006823342,240.2820255240458,207.89420129976378,202.16010402534363,206.55514879424604,188.5479454203584,186.86962032380782
2020-04-09,277.5799865722656,278.20001220703125,41.66999816894531,40.41999816894531,67.27590938865484,-280.6669512759669,772.760389077847,709.1457080829308,695.0756514078569,380.28157696489177,354.1131927961326,349.62732559509135,169.46749575421262,155.3974390791387,154.16562059841198
2020-04-13,277.1400146484375,275.6600036621094,41.16999816894531,41.7400016784668,65.81859887802517,-145.7310510629668,756.793192435474,671.6452162294844,657.8881553290857,418.3844091957029,382.32847586133875,376.9571064815622,212.75550667508304,198.99844577468448,197.43925001938325
2020-04-14,280.9800109863281,283.7900085449219,37.7599983215332,38.810001373291016,60.434542058938476,-538.4056819086695,678.1016248837824,605.8261965085695,595.9634778604061,317.7249775767482,288.85903844274577,286.08710513394885,172.51315302561392,162.65043437745035,161.94777979674066
2020-04-15,277.57000732421875,277.760009765625,40.84000015258789,41.63999938964844,64.95072476208647,451.618270314799,813.1490935514515,744.0182900573518,727.4867485379837,410.2977196000582,380.6482553436629,375.07724284576375,189.19378545388807,172.66224393451992,171.03554850971827
2020-04-16,279.1499938964844,279.1000061035156,40.11000061035156,40.4900016784668,63.65573922366255,-129.49855384239157,712.9598306505999,645.2405428037704,633.1594269224441,394.2617606852069,360.56618004170303,356.84359358335865,171.835333573318,159.75421769199167,158.50215607072835
2020-04-17,285.3800048828125,286.6400146484375,38.150001525878906,36.18000030517578,60.73615332541108,-291.95858982514693,668.3636653738157,615.8479859232399,610.4014549354225,304.76147769219784,286.06029140346277,284.7032551707664,118.80561375658637,113.35908276876904,112.93050778123349
2020-04-20,282.6099853515625,281.5899963378906,43.83000183105469,44.0,68.7670141843375,803.0860858926417,920.0148915637635,829.0372282171885,812.5674294923995,491.8125355693219,450.63024461770186,443.2797366882462,237.62202668520555,221.15222796041652,218.04334741443787
2020-04-21,276.7300109863281,273.0400085449219,45.40999984741211,45.459999084472656,70.88733089848824,212.03167141507464,746.3814768714423,655.9668129004592,635.0989636890638,513.7424350120925,465.0501881184773,455.3435171570792,250.8917627413737,230.0239135299784,226.61232635196367
2020-04-22,278.3500061035156,279.1000061035156,41.97999954223633,40.209999084472656,65.48305267402391,-540.4278224464335,769.7912695111414,704.3406751421157,692.7682088996914,383.8680569139967,352.02582413916775,347.677063011894,165.4486307364335,153.8761644940092,152.7247113742755
2020-04-23,280.489990234375,279.0799865722656,41.380001068115234,39.349998474121094,64.39053571267338,-109.25169613505261,751.091222313663,686.013771801476,677.6490811111812,364.2806421706791,339.9507565169384,336.01579812469123,154.634897909239,146.27020721894428,145.22560262357365
2020-04-24,280.7300109863281,282.9700012207031,35.93000030517578,31.719999313354492,55.953538177431696,-843.6997535241687,449.22969799029426,419.46766366794606,417.2652157044452,201.39639782118618,191.1932749549687,190.81229239018893,62.491546831177295,60.28909886767649,60.20349620190387
2020-04-27,285.1199951171875,287.04998779296875,33.290000915527344,31.40999984741211,51.588323017057306,-436.521516037439,453.69271807177665,423.40857479567643,421.0029827285314,171.41520788328495,163.1800844276406,162.74467217554985,64.07881978263411,61.673227715489055,61.609421603036274
2020-04-28,291.0199890136719,285.7300109863281,33.56999969482422,32.439998626708984,51.80257524454039,21.42522274830867,43.276774734096584,11.666608153591499,9.520870215578606,200.7590143191717,191.83024823504456,191.07278525998393,66.15261402260414,64.0068760845912,63.87743606860767
2020-04-29,291.5299987792969,293.2099914550781,31.229999542236328,29.65999984741211,48.6740245205457,-312.85507239946924,483.16792348675045,456.66367414166496,455.34459172222927,181.28903412578532,174.59983421951233,174.39546118375281,53.14203340560169,51.822950986166,51.79773098409068
2020-04-30,291.7099914550781,290.4800109863281,34.150001525878906,32.880001068115234,52.717093114639056,404.3068594093356,521.666935524876,481.151606232631,477.86263391179045,214.14105165790374,201.4015534893875,200.7012744893976,87.37735016631497,84.08837784547433,83.96418883056441
2020-05-01,285.30999755859375,282.7900085449219,37.189998626708984,35.56999969482422,56.72789084009584,401.0797725456783,582.2815603543736,532.746222721993,527.9358216841258,290.7564798751382,274.09013539275577,272.48479272913283,110.67300509976096,105.86260406189368,105.51730323520944
2020-05-04,280.739990234375,283.57000732421875,35.970001220703125,35.45000076293945,54.42064119984934,-230.72496402464964,560.74467943002,515.3656074491854,510.1360737099569,279.37759606863415,260.58408954904274,259.3525531878784,103.64592752264748,98.41639378341902,98.05997803869329
2020-05-05,286.6400146484375,286.19000244140625,33.61000061035156,33.189998626708984,50.80905410178994,-361.15870980594025,513.7628703952133,474.5437230106969,471.5080511342908,242.2208938900336,230.10219650213241,229.47027411870226,84.05504948047987,81.0193776040737,80.88683611257386
2020-05-06,288.0400085449219,284.25,34.119998931884766,33.97999954223633,51.357275459081976,54.82213572920358,383.91808050793816,349.2344289971942,344.44866547254696,227.43193732553038,213.54718131790062,212.45237088072605,80.46480725826251,75.67904373361537,75.4703358246105
2020-05-07,287.75,287.67999267578125,31.440000534057617,29.75,47.32184746064328,-403.5427998438692,414.0500447834523,388.4894592516182,387.25239816660195,147.37144135800017,141.00424125946475,140.81336255121707,51.018867162810956,49.781806077794734,49.75318023235394
2020-05-08,291.0899963378906,292.44000244140625,27.979999542236328,24.88999938964844,42.35412556131507,-496.7721899328211,284.9894232700464,276.73676788400144,276.5528687268691,78.16084464209366,76.91973842203042,76.90612664915768,13.161569336904973,12.977670179772668,12.976152234126369
2020-05-11,290.3399963378906,292.5,27.56999969482422,26.170000076293945,41.342229663840925,-101.18958974741474,321.5708451209016,307.3683428670307,307.0352399027136,117.95211090829324,115.38986787837543,115.35843464372749,25.510924023152604,25.17782105883554,25.175631166067205
2020-05-12,293.7900085449219,286.6700134277344,33.040000915527344,33.36000061035156,48.89026149525317,754.8031831412245,-330.1991762096053,-365.97724239045635,-369.89931255438,-40.377156286561025,-51.66391442337804,-52.55182068412892,79.94057285532386,76.0185026914002,75.84960727288967
2020-05-13,286.05999755859375,281.6000061035156,35.279998779296875,34.630001068115234,51.933091614777325,304.28301195241545,266.64348350151795,230.34138723304093,225.11291042750804,235.99182870734796,221.19181982043654,219.9574736745649,85.13968271884733,79.91120591331443,79.66717879398848
2020-05-14,278.95001220703125,284.9700012207031,32.61000061035156,31.65999984741211,47.906404202539164,-402.6687412238161,-146.49210779251604,-181.8811058519724,-183.9502839629564,165.55422274319747,155.83510022729885,155.48117722642476,73.33842363708285,71.2692455260988,71.18611365441915
2020-05-15,282.3699951171875,286.2799987792969,31.88999938964844,29.709999084472656,46.733037046750454,-117.33671557887106,200.38866211950554,177.7239150561027,176.3125739595155,164.63561319316142,159.30576858850395,159.08996308098344,45.75777129303204,44.34643019644478,44.315231579079935
2020-05-18,293.04998779296875,295.0,29.299999237060547,27.6200008392334,43.222790978132025,-351.02460686184287,362.71139528663525,347.24670503532883,346.7533521686991,119.48028926742916,116.2980760340992,116.23995382454069,28.53026275898258,28.036909892352796,28.03002962704334
2020-05-19,294.3500061035156,291.9700012207031,30.530000686645508,28.030000686645508,44.500704541556786,127.79135634247609,383.94687971334065,362.53932720285127,361.7205168526607,130.3739497879716,125.56478374856661,125.45865403848575,41.40359042565986,40.58478007546928,40.57414930435036
2020-05-20,295.82000732421875,296.92999267578125,27.989999771118164,24.93000030517578,41.32643584410441,-317.42686974523764,296.5607621614405,287.3855554101352,287.2284772140524,83.81642098775151,82.38670706731949,82.3744677223404,14.923755813594925,14.766677617512078,14.765978075478818
2020-05-21,296.7900085449219,294.8800048828125,29.530000686645508,26.149999618530273,43.09404402837913,176.7608184274721,331.8320786167968,319.51967871125964,319.2244560783517,102.29154472570231,100.05818400991254,100.02954413759474,21.616725057750173,21.321502424842222,21.319421782801186
2020-05-22,294.57000732421875,295.44000244140625,28.15999984741211,23.469999313354492,41.0497846465295,-204.42593818496277,260.569082078226,252.1962544107295,252.08975184203376,83.22679000977885,82.08325706624984,82.07639468907433,13.16610413371828,13.059601565022495,13.059288117018175
2020-05-26,301.92999267578125,299.0799865722656,28.010000228881836,25.5,40.88339466122332,-16.63899853061821,325.6791542489518,313.9068781095481,313.63427450148,99.08627745741819,96.98857227223913,96.96250332256002,20.467991578480024,20.19538797041197,20.193516277687642
2020-05-27,302.1199951171875,303.5299987792969,27.6200008392334,25.170000076293945,41.228769955819345,34.53752945960247,317.33833669725794,306.2806812385227,306.03670562576235,94.78559456103831,92.86337831798082,92.84051342485645,18.95208567883526,18.70811006607493,18.70649772811123
2020-05-28,304.6499938964844,302.9700012207031,28.59000015258789,26.020000457763672,42.28641214301783,105.7642187198482,348.3112946975581,334.33454634359475,334.0525125142174,110.52688870003989,108.50919297263718,108.47930632632617,24.906949727007714,24.624915897630345,24.622473310297693
2020-05-29,302.4599914550781,304.32000732421875,27.510000228881836,24.59000015258789,40.99983955461194,-128.6572588405889,302.7182909541678,295.42603129542414,295.3053057411199,67.93060971013955,66.82069398748908,66.81118731233194,11.048362582241387,10.927637027937168,10.927082326993734
2020-06-01,303.6199951171875,305.54998779296875,28.229999542236328,27.079999923706055,41.89172866125085,89.18891066389136,376.6298692918292,359.66798800311574,359.24048302658093,126.21235957216521,123.48902634872353,123.43725729749507,31.321091556538832,30.893586580003998,30.888671289036814
2020-06-02,306.54998779296875,308.0799865722656,26.84000015258789,25.059999465942383,40.67278364582326,-121.89450154275931,271.2040953120834,262.25990774579657,262.0725428040509,78.13242505181623,76.62000548208901,76.60280091319338,14.554060676472476,14.366695734726845,14.365501489222522
2020-06-03,310.239990234375,312.17999267578125,25.65999984741211,23.969999313354492,40.527591564517095,-14.519208130616335,300.3381695795924,293.05333237310964,292.9369509675997,86.83098946049462,85.734786644761,85.725992659022,11.020271932791276,10.903890527281321,10.903406700689802
2020-06-04,311.1099853515625,311.3599853515625,25.809999465942383,23.559999465942383,40.250565133140896,-27.702643137619987,292.57111926810336,283.594199254062,283.49922938588446,81.5401991266414,80.58201035330234,80.57710297816992,14.339531744444558,14.244561876266955,14.24430148373971
2020-06-05,317.2300109863281,319.3399963378906,24.520000457763672,22.6299991607666,42.225095010419025,197.45298772781297,277.8387665817891,272.03119892340527,271.9783222507039,58.19781725930035,57.422275886889075,57.41875302728117,7.874278999943021,7.821402327241675,7.821231152232526
2020-06-08,320.2200012207031,323.20001220703125,25.809999465942383,25.18000030517578,45.40704467483741,318.1949664418383,317.03042172127044,305.11589775555484,304.8673687392889,94.77155764806996,93.02919513903203,93.00219034676942,20.678029168211133,20.42950015194522,20.428371624905978
2020-06-09,320.29998779296875,320.7900085449219,27.56999969482422,26.920000076293945,45.99809928165082,59.105460681341526,354.88299518512514,337.79652864913874,337.24829736146785,122.15720255811534,119.04452142587127,118.99830815946669,31.93160657769507,31.383375290024226,31.378739065065723
2020-06-10,321.4200134277344,319.0,27.56999969482422,27.100000381469727,44.96163982386817,-103.64594577826551,362.73009212778965,344.75090281914083,344.12065054743425,127.54434597983698,123.28991073643022,123.23459915086487,33.96689739143782,33.336645119731216,33.33075920430304
2020-06-11,311.4599914550781,300.6099853515625,40.790000915527344,42.060001373291016,55.82701652509853,1086.5376701230362,-785.019616472747,-728.9082248268958,-745.8638426080929,-429.5010318853008,-469.0929040623404,-475.60411660427866,-57.87552486799437,-74.83114264919152,-77.09891218103587
2020-06-12,308.239990234375,304.2099914550781,36.09000015258789,36.52000045776367,50.157249488205025,-566.9767036893504,539.2164780739746,477.2126414119316,470.46828950741354,333.0887301359471,312.8687948242888,310.93274820977905,141.84309296835332,135.09874106383538,134.61619646840816
2020-06-15,298.0199890136719,307.04998779296875,34.400001525878906,35.97999954223633,48.106246545954576,-205.10029422504488,-578.9413713641819,-625.0966986138895,-631.0317150854621,-316.0277593995337,-334.91783224577205,-336.5075650041824,107.3511084202334,101.41609194866074,101.05066760828845
2020-06-16,315.4800109863281,312.9599914550781,33.66999816894531,35.380001068115234,48.906435587518104,80.01890415635273,611.7767175310236,561.2051894687363,554.624692580496,287.49906768996885,268.11031784074413,266.25010731850506,117.83308082228753,111.25258393404721,110.98028117555404
2020-06-17,314.07000732421875,311.6600036621094,33.470001220703125,33.97999954223633,48.000790141111324,-90.56454464067798,630.4829564570247,577.9969374648601,574.2351133443852,286.63975385726985,271.04393215746,270.09730893574516,112.99059829672233,109.22877417624737,109.02419188898179
2020-06-18,310.010009765625,311.7799987792969,32.939998626708984,32.04999923706055,47.18914467979744,-81.1645461313887,549.7562498065437,510.200359782133,507.56475572693114,235.04111750571474,222.17971819606444,221.7449935110548,83.35243237194794,80.71682831674615,80.64037722980629
2020-06-19,314.1700134277344,308.6400146484375,35.119998931884766,33.91999816894531,48.70690752128965,151.7762841492214,148.6082821567139,104.8255276102855,101.07569273160269,285.6753960261535,270.2496460035106,269.303579503597,95.55080118868827,91.80096631000546,91.59559176409205
2020-06-22,307.989990234375,310.6199951171875,31.770000457763672,31.229999542236328,44.586911114236784,-411.99964070528665,515.9379330541788,481.8286812162013,479.21068857788373,212.78121914597006,202.41516629821442,201.88399753926888,72.31563499020322,69.6976423518856,69.65065150229323
2020-06-23,313.489990234375,312.04998779296875,31.3700008392334,30.290000915527344,44.43047374153127,-15.643737270551128,438.2092693750858,411.40037682470734,409.61443263972035,172.76414026825148,165.09110507460161,164.74809722647285,55.2375513908472,53.451607205860256,53.397992858586676
2020-06-24,309.8399963378906,304.0899963378906,33.84000015258789,33.25,44.8163903893886,38.59166478573286,7.779673205612317,-37.40767647393695,-41.13137076865193,259.21749278182347,246.39063105147977,245.49205561724025,98.02261690518338,94.29892261046838,94.17625109669211
2020-06-25,303.4700012207031,307.3500061035156,32.220001220703125,30.920000076293945,43.51126980306233,-130.5120586326268,357.13244810118175,331.71460012313094,330.11252138801854,165.91384097146968,158.82028649531273,158.52609041030837,51.87700510120318,50.27492636609082,50.230505733228696
2020-06-26,306.1600036621094,300.04998779296875,34.72999954223633,33.310001373291016,44.62319599435236,111.19261912900242,-11.443335473373958,-54.303543430977214,-58.52744949580784,254.50030072583186,239.6431758307371,238.91023239155166,94.91849947553126,90.6945934107007,90.55560885410524
2020-06-29,301.4100036621094,304.4599914550781,31.780000686645508,30.420000076293945,41.3845955701473,-323.86004242050603,379.7538034583548,351.3834100530353,349.55640663286977,184.85085661236602,176.89894340873053,176.56137489935932,58.41404316201628,56.58703974185076,56.55663130012006
2020-06-30,303.989990234375,308.3599853515625,30.43000030517578,29.13999938964844,40.72782355863093,-65.67720115163667,165.48912645931392,141.53220801142064,140.2972482620536,163.31286531798193,157.189554903314,156.9920386866171,47.79551234542025,46.56055259605328,46.53518672181231
2020-07-01,309.57000732421875,310.5199890136719,28.6200008392334,25.200000762939453,39.186933138468305,-154.08904201626257,281.4058114846069,271.59231660072754,271.3645653871288,83.32336550613233,81.58533365529345,81.56301237348458,16.415256438551573,16.187505224952773,16.1858386027425
2020-07-02,314.239990234375,312.2300109863281,27.68000030517578,22.63999938964844,38.61621307334026,-57.07200651280431,272.37154905117836,266.9264827621033,266.8639423367351,55.815574913230755,55.10837313274645,55.10539311642075,7.178170196341982,7.11562977097379,7.1154910235633135
2020-07-06,316.3699951171875,317.04998779296875,27.940000534057617,25.229999542236328,40.39227287494974,177.60598016094775,296.99628049000563,285.84383185932467,285.5522466108152,91.28466734762334,89.19232076694021,89.16759837081779,19.28257704434901,18.99099179583959,18.990019649024234
2020-07-07,315.3800048828125,313.7799987792969,29.43000030517578,26.84000015258789,40.341991863359056,-5.028101159068399,340.1208420860362,324.7301139017611,324.16146026542987,114.69584131726093,111.31087766518975,111.25000324316643,28.606867450570896,28.03821381423967,28.031746279151932
2020-07-08,314.6099853515625,316.17999267578125,28.079999923706055,23.670000076293945,39.79002385079366,-55.19680125653963,251.73285748743842,244.32437317953304,244.19696689069661,68.55199186288218,67.40840055545281,67.39809175837017,11.300031256753037,11.17262496791662,11.172344008105748
2020-07-09,316.8399963378906,314.3800048828125,29.260000228881836,25.549999237060547,40.05503486321888,26.50110124252194,359.79638713139536,347.2812404698333,347.04027211029063,118.03040165663097,116.29276827717082,116.26753650316869,21.85930374051175,21.61833538096908,21.616306472822878
2020-07-10,314.30999755859375,317.5899963378906,27.290000915527344,22.59000015258789,39.332184336782674,-72.28505264362042,153.7692402173915,148.40619213220992,148.344907301443,55.18456390369702,54.49080154970946,54.48779611750431,7.010372540544303,6.94908770977738,6.94894711724714
2020-07-13,320.1300048828125,314.8399963378906,32.189998626708984,30.309999465942383,79.54480916495504,4018.6624828172367,86.67761406870348,56.66944663323751,54.948090129990995,184.61354629763204,177.497781970823,177.1582876961515,61.38860687675879,59.66725037351223,59.631627047057464
2020-07-14,313.29998779296875,318.9200134277344,29.520000457763672,27.780000686645508,73.97338837805124,-557.14207869038,-165.37599068465954,-183.1408088958604,-183.90090789706855,127.27860632867058,123.11703302139838,123.00904670201548,33.94078858886796,33.18068958765972,33.17048144549218
2020-07-15,322.4100036621094,321.8500061035156,27.760000228881836,25.219999313354492,70.42602592154333,-354.7362456507912,310.0427883399298,297.4737241948056,297.2935303026646,98.23749029618352,95.77237274779586,95.75387375204939,21.783135877952382,21.602941985811405,21.601471168339472
2020-07-16,319.7900085449219,320.7900085449219,28.0,25.850000381469727,70.61500495222865,18.89790306853172,376.0657787674747,362.09717798774636,361.78779156320235,104.9708067848616,102.8871449659018,102.85227413795522,24.973109965722415,24.663723541178364,24.661144777529337
2020-07-17,321.8800048828125,321.7200012207031,25.68000030517578,22.15999984741211,65.22696361059472,-538.8041341633923,271.4934853004858,267.44335509307746,267.40054570270456,57.41921893796293,56.9178363195271,56.915279031636786,4.328979159288799,4.28616976891591,4.286072932942584
2020-07-20,321.42999267578125,324.32000732421875,24.459999084472656,22.520000457763672,62.84649665470829,-238.04669558864333,234.41643722605946,228.25807074585182,228.22305668520443,60.21347827400236,59.36100935941506,59.358860132542205,8.522064096069661,8.487050035422179,8.486953798060032
2020-07-21,326.45001220703125,325.010009765625,24.84000015258789,23.329999923706055,63.8755605922199,102.90639375116086,265.50947570215095,256.96760717447773,256.89272197507444,74.53124425122404,73.82763188072074,73.82176999685653,13.409422948171342,13.334537748768048,13.334194481578352
2020-07-22,324.6199951171875,326.8599853515625,24.31999969482422,21.649999618530273,63.17362797921834,-70.193261300156,218.04068827010343,212.9422118148542,212.91880936406284,52.60638662959152,52.18178478087192,52.180493464160044,6.367313947060591,6.343911496269204,6.343860276206851
2020-07-23,326.4700012207031,322.9599914550781,26.079999923706055,24.100000381469727,66.00304745305603,282.9419473837689,278.9799869202106,268.57455131339793,268.45644751977807,85.23859366447668,84.25991713268674,84.24921982331487,17.267395693029208,17.14929189940929,17.148554751160695
2020-07-24,320.95001220703125,320.8800048828125,25.84000015258789,22.700000762939453,64.75297483513589,-125.00726179201394,284.4237395245355,279.6997092518953,279.6400523982451,79.06921481958882,78.43630595097738,78.43229395812577,5.727559646725755,5.667902793075495,5.667726669207733
2020-07-27,321.6300048828125,323.2200012207031,24.739999771118164,22.3799991607666,62.56811034103785,-218.48644940980364,231.58699561188152,225.59709305885966,225.54946136488982,59.01165739440435,58.18311481063697,58.18097587782049,8.22299315835985,8.175361464389985,8.175263831052801
2020-07-28,322.42999267578125,321.1700134277344,25.440000534057617,23.540000915527344,63.53336717814008,96.52568371022312,263.32766507272237,254.96964053754388,254.89858669891387,74.12353455919784,72.77780452921326,72.77234819589746,13.030153312364531,12.959099473734602,12.958785689187676
2020-07-29,322.1199951171875,325.1199951171875,24.100000381469727,21.93000030517578,61.49082987874084,-204.25372993992426,241.98574969640873,238.15607906039892,238.11631274613214,54.165158626982006,53.697439093710265,53.69505712624629,3.8787624241387544,3.838996109871948,3.838955393297172
2020-07-30,321.8999938964844,323.9599914550781,24.760000228881836,22.790000915527344,62.579254074489086,108.84241957482459,288.8257457291259,283.87450176813456,283.80929200978386,65.13745030173865,64.460646777605,64.45616069663009,6.198714204538852,6.133504446188153,6.133305513009125
2020-07-31,325.8999938964844,326.5199890136719,24.459999084472656,20.61000061035156,62.61267573485645,3.3421660367366712,236.91939684193383,234.35776410983382,234.34129862697046,43.420959518442025,43.16775524179785,43.16715625390814,1.2726804756197856,1.2562149927564175,1.2562088067294797
2020-08-03,328.32000732421875,328.7900085449219,24.280000686645508,20.950000762939453,62.71686656112857,10.419082627211651,205.16080165441224,201.91094365728978,201.89613656523187,47.33314552184854,46.964426357152426,46.96374980065821,2.6441946601769466,2.629387568119027,2.6293684401948045
2020-08-04,327.8599853515625,330.05999755859375,23.760000228881836,20.440000534057617,61.903220162210985,-81.36463989175837,235.7658421177164,233.24955273070427,233.23746507247543,42.71996824794022,42.47437066991442,42.47415748393403,1.1688583289735863,1.1567706707447494,1.1567651453023284
2020-08-05,331.4700012207031,332.1099853515625,22.989999771118164,19.020000457763672,60.86290918300436,-104.03109792066232,163.46531996905932,161.24021829736,161.23705558708767,30.06679334696352,29.99511136234839,29.995021802966406,0.5596926965062599,0.5565299862339126,0.5565295788366038
2020-08-06,331.4800109863281,334.3299865722656,22.649999618530273,19.399999618530273,60.92618131326367,6.327213025930689,172.5245414837007,169.91381027058057,169.90915649985476,33.51030614926743,33.4158156848122,33.41566605120097,1.3354262187949892,1.3307724480691778,1.3307716213713077
2020-08-07,333.2799987792969,334.57000732421875,22.209999084472656,18.079999923706055,59.97503143205161,-95.11498812120607,144.02453370773182,142.95803318591763,142.95687707499258,23.17447010312309,23.138730428014668,23.138711945092183,-1.763530448525794,-1.7646865594508365,-1.7646866178059222
2020-08-10,335.05999755859375,335.57000732421875,22.1299991607666,18.8799991607666,59.98831337919272,1.328194714110964,205.93483137358228,204.35753448513535,204.35551176485518,21.72279914857659,21.599556155826377,21.599500184351598,-0.7393371760203977,-0.741359896300541,-0.7413601916965491
2020-08-11,336.8500061035156,332.79998779296875,24.030000686645508,21.88999938964844,62.95148577434138,296.31723951486606,205.53232612868723,200.36583614827862,200.3362706725653,50.28990545131932,49.745317044285414,49.74347646303527,6.521898811376129,6.492333335662741,6.492259215379711
2020-08-12,335.44000244140625,337.44000244140625,22.280000686645508,18.899999618530273,60.981434296251365,-197.00514780900136,164.7177749463573,163.64749196072674,163.64401943046585,30.99297719464078,30.91595883858517,30.915930667975076,-1.7490150160613402,-1.7524875463222291,-1.7524880202797748
2020-08-13,336.6099853515625,336.8299865722656,22.1299991607666,18.540000915527344,60.30230058127172,-67.91337149796419,158.6397078138198,157.2461669014226,157.2433803719092,28.59378466664875,28.52905078084725,28.52902961656838,-1.1045575875294018,-1.1073441170428229,-1.1073444500841143
2020-08-14,336.4100036621094,336.8399963378906,22.049999237060547,17.8700008392334,60.05352025450321,-24.87803267685109,142.29313553098035,141.65825855830008,141.65710152750674,22.77242154028295,22.737228166539417,22.737222467289975,-2.6267747748088617,-2.627931805602191,-2.627931868085432
2020-08-17,337.94000244140625,337.9100036621094,21.350000381469727,17.600000381469727,58.814110162351284,-123.94100921519282,176.95720112722654,176.07221996221702,176.0717226667222,14.146806887528788,14.108568366992133,14.10855973441861,-2.128545726809346,-2.129043022304159,-2.129043041199462
2020-08-18,338.3399963378906,338.6400146484375,21.510000228881836,17.81999969482422,59.415033448195246,60.09232858439617,144.04665522251247,142.95506008138423,142.95414498663231,23.200905587391006,23.164591686109688,23.164585860438613,-1.7140642429966202,-1.7149793377485452,-1.7149794012452881
2020-08-19,339.04998779296875,337.2300109863281,22.540000915527344,19.229999542236328,60.867432071930295,145.239862373505,221.17799192102225,219.14017009955492,219.13651862214098,26.032238500033905,25.959179487934897,25.959058231934144,0.1866002113592602,0.18294873394529265,0.1829480219023365
2020-08-20,335.3599853515625,338.2799987792969,22.719999313354492,18.850000381469727,61.6416095102891,77.41774383588051,164.1772843595799,162.51049749146614,162.50731682158658,30.508134806506952,30.435248057158795,30.435174022759647,-0.5568830862057896,-0.5600637560853614,-0.5600641453892292
2020-08-21,337.9200134277344,339.4800109863281,22.540000915527344,18.010000228881836,61.73126818166071,8.965867137160899,187.34247610656553,186.24431240938384,186.24348912065997,16.681941138079544,16.629296761176086,16.629280034794107,-1.7012025994443674,-1.7020258881682229,-1.7020259348401514
2020-08-24,342.1199951171875,342.9200134277344,22.3700008392334,18.809999465942383,62.797395675628664,106.61274939679544,173.5539914289124,171.711532663624,171.70859357645938,24.18038303731749,24.11824015242783,24.118205653040576,-0.20626374751926102,-0.2092028346838548,-0.2092033214778155
2020-08-25,343.5299987792969,344.1199951171875,22.030000686645508,18.09000015258789,62.63538337300413,-16.201230262453237,156.108011738716,155.21282422570252,155.21206533064264,27.782900006527143,27.723605898355274,27.72358879186671,-2.107348119684821,-2.1081070147447094,-2.1081070711116174
2020-08-26,344.760009765625,347.57000732421875,23.270000457763672,19.959999084472656,66.85006764581364,421.46842728095066,205.41546974585754,203.11602982402533,203.10702753582555,35.29087952897854,35.14634253990648,35.1460390926888,0.7258962247370206,0.71689393653726,0.7168907645634839
2020-08-27,348.510009765625,348.3299865722656,24.469999313354492,20.190000534057617,69.58097106732599,273.0903421512352,215.91261792800532,213.24720086952158,213.23831316305947,52.561562811870914,52.26490243290288,52.26447979814823,1.457510305529338,1.4486225990672486,1.448618243047517
2020-08-28,349.44000244140625,350.5799865722656,22.959999084472656,17.1299991607666,67.70419049211296,-187.6780575213033,140.56110174326648,139.95141104044995,139.95110877119043,15.928143177292865,15.903178797311172,15.903174307725925,-2.679711755158923,-2.680014024418451,-2.6800140348949064
2020-08-31,350.3500061035156,349.30999755859375,26.40999984741211,21.100000381469727,73.6681228887407,596.393239662774,243.84422766285138,239.96605718097445,239.9462458499269,51.81638355188856,51.42761416789286,51.42663894182215,3.9158256140120473,3.8960142829645363,3.895997400284707
2020-09-01,350.2099914550781,352.6000061035156,26.1200008392334,19.649999618530273,74.694321045817,102.61981570763083,204.8908636900737,202.6801124165552,202.67471990201915,35.68586991864545,35.527887889863344,35.52772161702284,0.5376848445248612,0.5322923299888433,0.5322907454393944
2020-09-02,354.6700134277344,357.70001220703125,26.56999969482422,20.709999084472656,78.28880408611099,359.448304029398,240.6119479174302,236.83725627916337,236.81743382357357,49.34929218934968,49.114433232828674,49.11398544337279,3.7089057074637486,3.6890832518739485,3.6890648980348537
2020-09-03,355.8699951171875,345.3900146484375,33.599998474121094,30.450000762939453,86.80708370183656,851.8279615725576,-764.0559544395722,-793.1729591955847,-794.9296135130091,-498.98243231458537,-508.7078585982859,-509.1134986516809,59.741639902751224,57.98498558532673,57.93965521801065
2020-09-04,346.1300048828125,342.57000732421875,30.75,29.40999984741211,79.30332543575717,-750.3758266079387,410.92611838303395,385.19972752997376,383.57707515754026,182.07182311058003,175.5839866799564,175.38818354751496,52.521164157212034,50.89851178477859,50.86533584799508
2020-09-08,336.7099914550781,333.2099914550781,31.459999084472656,32.90999984741211,76.76654330341296,-253.67821323442143,595.3567894557017,551.0664366262752,547.7955955862911,275.7409453758723,262.26845114667844,261.42254601066776,94.97250470667345,91.70166366668948,91.5448411503719
2020-09-09,337.54998779296875,339.7900085449219,28.809999465942383,29.09000015258789,73.40824698734906,-335.82963160638997,460.04278024102484,438.6872894899656,437.2103281871828,189.63213707401383,183.36526978851072,183.20457583657932,43.316991355708616,41.840030052925776,41.81516111287721
2020-09-10,341.82000732421875,333.8900146484375,29.709999084472656,30.43000030517578,72.94685030948159,-46.13966778674694,-297.1868444006839,-331.42352203177455,-333.3529402786537,-24.61284620736842,-33.9717290322482,-34.323476660920136,70.49182350086363,68.56240525398445,68.51942701841486
2020-09-11,335.82000732421875,334.05999755859375,26.8700008392334,26.329999923706055,66.74884003445742,-619.8010275024174,372.4236394669807,356.6715753793436,356.3153883489335,110.32166102272524,107.40369931918107,107.35610300002242,28.685715079866448,28.32952804945635,28.325198717551707
2020-09-14,337.489990234375,338.4599914550781,25.850000381469727,25.059999465942383,66.05989586983465,-68.89441646227681,333.2843462583809,323.7600523971422,323.46173485857975,112.8624896250591,110.92917891985051,110.9125063518751,16.04794948198893,15.749631943426452,15.74816443103567
2020-09-15,341.1199951171875,340.1700134277344,25.59000015258789,24.219999313354492,66.16509500032406,10.51991304894102,320.16346549045244,309.33330457248985,309.1708829596021,83.66465428773371,82.49361354889125,82.48358311748783,18.249416635924064,18.086995023036323,18.086385697705225
2020-09-16,341.510009765625,338.82000732421875,26.040000915527344,23.770000457763672,66.41383403739839,24.873903707432987,303.7639119506905,296.2861511911668,296.1997856176693,96.54196540791887,95.20779060256282,95.19963343348401,11.316410992348239,11.230045418850702,11.22944837781076
2020-09-17,333.55999755859375,335.8399963378906,26.459999084472656,24.950000762939453,65.96191753717902,-45.19165002193688,324.12199070801006,312.8915969971208,312.6429012591839,106.3321303447161,104.64944756935678,104.6324079504442,19.310127949992882,19.061432212055927,19.06034926649597
2020-09-18,335.3699951171875,330.6499938964844,25.829999923706055,24.020000457763672,62.55450560567111,-340.7411931507909,31.015135739188587,21.519287454110682,21.360217924913464,93.63259268249934,92.41130869806203,92.39852771889745,15.570301192313421,15.411231663116203,15.410766684741917
2020-09-21,325.70001220703125,326.9700012207031,27.780000686645508,28.11000061035156,65.21122021282686,265.6714607155749,405.6810189951845,382.2484084879422,381.50205616156165,151.54256339458667,146.82409088951843,146.70231100934237,45.253024145685,44.50667181930449,44.49049524595488
2020-09-22,328.57000732421875,330.29998779296875,26.86000061035156,25.950000762939453,64.22972711999489,-98.14930928319683,345.8353499671329,329.4938932199472,329.1604382453831,116.45116826338025,114.38142123459437,114.33962886510201,29.79010237021565,29.456647395651537,29.454381209136834
2020-09-23,330.8999938964844,322.6400146484375,28.579999923706055,27.969999313354492,65.46486204850244,123.51349285075486,-604.309860313405,-623.9977012568561,-624.8743607217996,-139.90191114353786,-145.06784140921667,-145.16221916743402,38.14229202873109,37.26563256378766,37.253472234571014
2020-09-24,321.2200012207031,323.5,28.510000228881836,27.649999618530273,65.44141624508052,-2.3445803421921596,435.6247718339798,415.74901049778094,415.01122896804725,136.15982357446921,132.32570812339088,132.21313018557927,38.088776098422535,37.35099456868877,37.343075349387604
2020-09-25,322.5799865722656,328.7300109863281,26.3799991607666,24.56999969482422,62.360984572408356,-308.04316726721623,-253.80271465688227,-264.7138369814407,-264.8476441539,88.9057940939196,86.8945595720172,86.88184645038534,18.326463831626278,18.19265665916697,18.19172497090063
2020-09-28,333.2200012207031,334.19000244140625,26.190000534057617,25.209999084472656,63.6294291077113,126.84445353029474,331.8202382403304,319.8718648173216,319.60524505225385,110.28803047233005,108.49762304270254,108.47362311166157,20.79998223998784,20.533362474920104,20.53224078178465
2020-09-29,333.9700012207031,332.3699951171875,26.270000457763672,25.989999771118164,63.00507259054818,-62.43565171631218,411.35620693679175,397.09726067803285,396.8065840470235,103.22421863184493,100.04682361322224,100.00977222016397,25.501194635103886,25.21051800409456,25.206768754419933
2020-09-30,333.0899963378906,334.8900146484375,26.3700008392334,25.770000457763672,64.07149689107169,106.64243005235079,402.38389340577,388.92466486161914,388.6649208059423,98.92565157485396,95.99354886880379,95.96125658430721,23.807268964785855,23.5475249091091,23.54433810869937
2020-10-01,337.69000244140625,337.0400085449219,26.700000762939453,24.799999237060547,65.51059366375748,143.90967726857866,329.19799364146786,317.5353088586931,317.3548570389368,109.28292780180176,107.46968915696421,107.45439182287298,19.970727615374507,19.790275795618257,19.788943518194323
2020-10-02,331.70001220703125,333.8399963378906,27.6299991607666,24.63999938964844,66.07902865559386,56.84349918363836,311.47268950383875,301.45082411398,301.2451931610953,99.64555128856972,98.18943916851818,98.17672603926734,16.76301413193378,16.557383179049125,16.55658725850381
2020-10-05,336.05999755859375,339.760009765625,27.959999084472656,23.510000228881836,68.7927330947453,271.3704439151442,186.83911798480764,178.61517171997767,178.52761234408328,69.26661863007902,68.25289731122224,68.2451272757841,12.81132689323435,12.723767517339953,12.723515824390395
2020-10-06,339.9100036621094,334.92999267578125,29.479999542236328,25.079999923706055,69.8932743608925,110.05412661472036,-17.388899846531764,-30.27221033047612,-30.50447906310042,94.78275700533214,93.25596713098035,93.22870590134994,22.56670241452582,22.33443368190151,22.33334352799215
2020-10-07,338.1199951171875,340.760009765625,28.059999465942383,21.739999771118164,69.20200983281637,-69.12645280761325,243.292517117392,238.16992140558946,238.1393466083125,49.71959841937157,49.24298766436183,49.24100949456246,6.43701239473898,6.406437597462057,6.406405411494159
2020-10-08,342.8500061035156,343.7799987792969,26.36000061035156,19.940000534057617,67.05908280490631,-214.2927027910062,203.65387292361046,200.69987537528655,200.69170123959807,33.97512155916846,33.84148745166336,33.841205715459985,2.032525883409745,2.024351747721293,2.024348954641659
2020-10-09,345.55999755859375,346.8500061035156,25.0,18.850000381469727,65.83141290737558,-122.76698975307312,177.23167338340104,175.8390962277161,175.83700521547374,35.97411857197992,35.85970034566643,35.859635822584686,-1.1085716223039062,-1.1106626345462587,-1.1106629777389387
2020-10-12,349.5899963378906,352.42999267578125,25.06999969482422,20.299999237060547,68.64196538156659,281.0552474191013,220.76726628532685,217.8939031860769,217.88321392287756,41.89137288677137,41.67690834615663,41.67666340019252,1.8788124187735669,1.8681231555742297,1.868117012642955
2020-10-13,352.2799987792969,350.1300048828125,26.06999969482422,21.38999938964844,69.14731052378853,50.534514222194105,255.58482431745674,251.11893885329272,251.09220121750153,56.33838761155588,55.86766120393337,55.86626901765519,5.112067239321105,5.085329603529903,5.085301808759343
2020-10-14,350.75,347.92999267578125,26.399999618530273,21.299999237060547,68.53477352004596,-61.25370037425739,251.21070506351586,246.88978817078558,246.86271341948944,53.448719891443055,53.0544356742272,53.05357133585157,4.823154803013756,4.796080051717615,4.796047805219525
2020-10-15,343.7099914550781,347.5,26.969999313354492,21.3799991607666,69.30174615011845,76.69726300724875,141.12201287290526,137.32110535523293,137.29374902221187,49.633705818167236,49.12844440622643,49.12717000600017,3.7839524858720193,3.7565961528509666,3.7565733396153327
2020-10-16,348.9599914550781,347.2900085449219,27.40999984741211,21.63999938964844,69.93437232645105,63.26261763326073,259.99483615352136,255.17416913192707,255.1302610016463,56.09728758551717,55.64491469686225,55.64371024352643,5.873232032381864,5.829323902101114,5.8292660529308655
2020-10-19,348.6499938964844,342.010009765625,29.18000030517578,24.649999618530273,70.6224511953921,68.8078868941048,-252.1081669787128,-262.8428611197014,-263.03532019867566,98.3448702009301,96.69469424708522,96.68106579609406,18.149658406201226,17.957199327226924,17.956236565766368
2020-10-20,343.4599914550781,343.3800048828125,29.350000381469727,24.56999969482422,71.44031034478267,81.78591493905714,331.62349531343995,322.0903523987014,321.9445624683528,111.90732289811719,110.01628832420262,110.00039572693967,15.60538407915235,15.45959414880373,15.4590199454325
2020-10-21,343.3299865722656,342.7300109863281,28.649999618530273,23.200000762939453,69.66044408349492,-177.98662612877507,290.9675259298281,284.4383379225919,284.33161281911686,72.70220588933368,71.60357470352405,71.59822123315605,9.479454501538616,9.372729398063559,9.372428557915494
2020-10-22,342.9599914550781,344.6099853515625,28.11000061035156,24.059999465942383,69.34508221368854,-31.536186980638092,370.8937981629949,360.2150281561875,360.06083779911353,82.95830959589347,81.820979789003,81.81386186601057,17.92171975972736,17.76752940265343,17.766993713308416
2020-10-23,345.92999267578125,345.7799987792969,27.549999237060547,24.290000915527344,68.70661692477218,-63.84652889163647,333.6647581510698,321.7990000044798,321.6050822058272,89.39393695218992,88.04512818850897,88.03531167534709,20.415653205163217,20.221735406510604,20.220941872902443
2020-10-26,342.1300048828125,339.3900146484375,32.459999084472656,35.90999984741211,75.21787520543474,651.125828066256,728.5290634824693,664.4747130347064,657.1395636658526,326.52807002883276,306.6936299126735,304.8157974524012,147.575252896572,140.24010352771825,139.80138723459967
2020-10-27,339.760009765625,338.2200012207031,33.349998474121094,37.290000915527344,76.4201673724691,120.22921670343578,771.0860886851117,700.2874548597182,691.3649689594107,360.9134065261808,333.50742703695477,330.9410435463845,166.3204043363185,157.39791843601097,156.81343726613892
2020-10-28,332.1000061035156,326.6600036621094,40.279998779296875,47.900001525878906,86.62575385595744,1020.5586483488346,765.935411182617,635.415592540336,605.8573194496242,662.2274104761035,587.7367997596006,572.8749390776859,368.8204637812758,339.262190690564,332.4716448096339
2020-10-29,326.9100036621094,329.9800109863281,37.59000015258789,44.34000015258789,81.93113286352052,-469.4620992436924,1057.8321525172335,960.7421256696844,934.8119091748229,572.2953948183088,517.9646582737734,509.9251196314466,278.7295503968698,252.79933390200839,249.61954082730418
2020-10-30,328.2799987792969,326.5400085449219,38.02000045776367,44.33000183105469,81.64662250403336,-28.45103594871574,993.3492452238946,891.1374282615828,868.6729417946207,577.4438307595796,523.5223480216878,513.5183321248371,279.28912730691627,256.82464083995427,253.38335632654363
2020-11-02,330.20001220703125,330.20001220703125,37.130001068115234,43.86000061035156,80.45689582363273,-118.9726680400625,985.1510547460174,884.2922775804911,862.3479454911496,570.870545687505,516.6271775617032,508.273150806226,274.4704991166646,252.526167027323,249.2105182236523
2020-11-03,333.69000244140625,336.0299987792969,35.54999923706055,43.20000076293945,79.05269717650815,-140.41986471245878,976.1128677585178,876.736240891666,854.5298880371259,556.7627747431386,510.4778960471456,502.62585662099326,270.24116560798797,248.03481275344797,245.3616489201724
2020-11-04,340.8599853515625,343.5400085449219,29.56999969482422,32.459999084472656,70.14521626623653,-890.7480910271615,594.385070851005,550.4229219905293,547.1300462320822,240.94016279612762,227.32291387471224,226.61377378447722,94.23451028207751,90.9416345236305,90.83286378229204
2020-11-05,349.239990234375,350.239990234375,27.579999923706055,28.09000015258789,69.52761544187373,-61.76008243627962,459.69317338798845,437.85074818761734,437.0087789572398,160.9092206358083,155.88025736237825,155.75714513997735,42.34498441260534,41.50301518222782,41.49166801249991
2020-11-06,349.92999267578125,350.1600036621094,24.86000061035156,23.959999084472656,64.54304329687163,-498.45721450021045,329.7969844959506,320.2940711440661,320.14144086846164,88.59887540571015,87.27781724028121,87.26840203081231,15.565725354719172,15.413095079114749,15.412426668766818
2020-11-09,363.9700012207031,354.55999755859375,25.75,26.709999084472656,68.229394630965,368.63513340933736,-695.5437517160267,-712.6481386855243,-713.2395774675297,-334.64289996025417,-337.4928510989482,-337.5466605545988,32.10242142540449,31.51098264339916,31.50455457345253
2020-11-10,353.489990234375,354.0400085449219,24.799999237060547,24.43000030517578,66.22943052720387,-199.99641037611298,349.13067993521645,338.166511688462,337.96898516534014,81.1193119717453,79.81567009088714,79.80467019782894,18.623835691284555,18.42630916816273,18.42533748758843
2020-11-11,356.3999938964844,356.6700134277344,23.450000762939453,21.59000015258789,65.52479292583284,-70.46376013710329,268.2345480391836,263.04531231099685,263.00718946696577,47.498301116268685,47.11132110284405,47.11023995337602,6.592985858752547,6.5548630147214855,6.554814408892481
2020-11-12,355.5799865722656,353.2099914550781,25.350000381469727,23.8799991607666,66.47336642275467,94.85734969218242,336.4567283662935,326.5110500299068,326.3492965800109,75.53601360072258,74.41652718047662,74.40813256954655,16.478717416648095,16.316963966752162,16.316264180669442
2020-11-13,355.2699890136719,358.1000061035156,23.100000381469727,21.010000228881836,65.70142195944638,-77.19444633082873,249.89826019800358,245.73052490419332,245.70766393460897,53.8589657738247,53.43570218157909,53.43518853190598,4.5041088952858725,4.481247925701499,4.481229463440696
2020-11-16,360.9800109863281,362.5700073242187,22.450000762939453,19.329999923706055,67.44994080061177,174.85188411653922,171.28699571203967,169.52671954904912,169.52213178163484,37.93248804385882,37.75506473284846,37.75500221440411,-0.3656793131069982,-0.37026708052126267,-0.3702687666412108
2020-11-17,359.9700012207031,360.6199951171875,22.709999084472656,18.809999465942383,66.41215437832967,-103.7786422282096,157.30139610421966,155.9556312690682,155.9530969765198,32.23825272609369,32.11835182874018,32.11832467557034,-1.200865661069102,-1.203399953617497,-1.203400550590887
2020-11-18,360.9100036621094,356.2799987792969,23.84000015258789,19.59000015258789,65.23567891716918,-117.64754611604928,33.67412058559151,31.710776171541447,31.705045625424702,40.54393349557612,40.38507274441124,40.38498844953028,0.043887753061790935,0.038157206945065525,0.038154778256180855
2020-11-19,355.6000061035156,357.7799987792969,23.11000061035156,19.260000228881836,64.9634645206738,-27.22143964953858,201.96382566046447,199.80632221175014,199.80068820106771,25.1250970899829,25.031742684827563,25.031667358319588,0.43191484497590515,0.4262808342934594,0.4262788624826124
2020-11-20,357.5,355.3299865722656,23.700000762939453,19.86000061035156,64.2409930079175,-72.24715127563002,220.78675994480852,217.92639448202027,217.91604218271354,30.933025462400806,30.78591505172006,30.78574020517972,1.8517928063778228,1.8414405070711055,1.8414388462362332
2020-11-23,357.2799987792969,357.4599914550781,22.65999984741211,19.579999923706055,63.72198598636079,-51.90070215567033,213.12453430419112,210.59846397187331,210.59281987433206,39.079357087144594,38.96206861988574,38.96196429008155,1.1690806539650413,1.1634365564238331,1.163433991043406
2020-11-24,360.2099914550781,363.2200012207031,21.63999938964844,18.399999618530273,66.1276278840107,240.56418976499145,185.62064968728157,184.47522601673253,184.47333984910466,28.96373209482244,28.90903985441146,28.909017106912977,-1.6034930388914135,-1.6053792065192694,-1.6053795788931433
2020-11-25,363.1300048828125,362.6600036621094,21.25,17.139999389648438,65.13728206260086,-99.03458214098464,122.89282846428914,122.28374507630751,122.28328897633021,19.595800716945888,19.57517349320102,19.575171010288813,-2.6804649032434424,-2.68092100322074,-2.6809210101745213
2020-11-27,363.8399963378906,363.6700134277344,20.84000015258789,18.25,65.18671538759497,4.943332499411213,187.7292893450257,186.61412829835916,186.61252443974868,28.840796138148086,28.77419430071531,28.77418047903045,-1.664865625780818,-1.6664694843913193,-1.6664697194085
2020-11-30,362.8299865722656,362.05999755859375,20.56999969482422,19.8700008392334,63.44053095583869,-174.61844317562836,230.1912989713535,227.88253873270594,227.87452027951477,44.77981467205481,44.583462113299795,44.583329412071265,0.741587343055409,0.7335688898642756,0.7335650548896355
2020-12-01,365.5700073242187,366.0199890136719,20.770000457763672,19.8700008392334,66.53267962395456,309.2148668115875,232.77343359279578,230.2871721116166,230.28091760965253,35.248641443392124,35.049006189304706,35.04886320946599,1.0912975194660062,1.0850430175019126,1.085039334178953
2020-12-02,364.8200073242187,366.7900085449219,21.170000076293945,19.290000915527344,67.50382439842588,97.11447744713126,216.93878244960328,215.056864185193,215.05176889295632,39.60830019111431,39.46408295955252,39.46401301629627,-0.12087240756763995,-0.12596769980431954,-0.12596942874436845
2020-12-03,366.6799926757813,366.69000244140625,21.280000686645508,19.350000381469727,67.479895957855,-2.392844057087018,220.25327155096264,218.22639489529868,218.22214596195067,31.13327506198147,30.980676221702844,30.98059564094273,0.1665058906359489,0.1622569572879442,0.16225503090059767
2020-12-04,367.3200073242187,369.8500061035156,20.790000915527344,17.959999084472656,69.25815322697738,177.82572691223777,182.87381839369414,181.74680779589224,181.7460190111059,19.6421626307552,19.59070353983367,19.590685561251235,-1.6436121662382206,-1.6444009510245743,-1.6444010456226716
2020-12-07,369.0199890136719,369.0899963378906,21.299999237060547,18.739999771118164,69.00444348503419,-25.37097419431973,167.0879776158817,165.455129262172,165.45121327552954,36.11882895054162,36.051621385808815,36.05157125218248,-0.6225542853307937,-0.6264702719732753,-0.6264706210668591
2020-12-08,367.7200012207031,370.1700134277344,20.68000030517578,18.170000076293945,69.09134024447272,8.689675943853103,189.6719337636822,188.48783010635023,188.48652582451663,21.766461223821608,21.697582116457966,21.697566906007083,-1.5278790904929127,-1.5291833723265387,-1.5291836221061255
2020-12-09,370.8800048828125,366.8500061035156,22.270000457763672,19.989999771118164,68.2933252775166,-79.80149669561172,172.1787391428542,169.2755331792061,169.2649318026163,40.230844397548,40.062419746903196,40.06214741431533,1.9382258195451048,1.9276244429552793,1.927621189214764
2020-12-10,365.3699951171875,366.7300109863281,22.520000457763672,19.670000076293945,68.42462561903487,13.13003415182692,226.83714416197574,224.4378830714358,224.4331561174272,33.084716445805114,32.91624610099381,32.916062461344715,0.9127094827907278,0.9079825287821333,0.9079803824036912
2020-12-11,364.8999938964844,366.2999877929687,23.309999465942383,20.450000762939453,69.01046401679977,58.583839776490265,205.6815531182913,202.62609394231734,202.6110721009944,52.92941375316711,52.62525442770578,52.62493054480714,2.2560192169396904,2.240997375616776,2.240985595884869
2020-12-14,368.6400146484375,364.6600036621094,24.719999313354492,23.670000076293945,69.42969269795789,41.922868115811696,287.0406750957734,277.8103328843437,277.69149995263126,85.08187125589396,83.61600469083396,83.60790731074995,14.918876203221503,14.80004327150906,14.79947926032346
2020-12-15,367.3999938964844,369.5899963378906,22.88999938964844,20.190000534057617,70.54688181298535,111.71891150274575,244.87568521879612,241.7723975859093,241.76379747097437,39.314179391633715,39.06324891930679,39.0628494174041,2.332393787613988,2.3237936726790718,2.3237876145550285
2020-12-16,369.8200073242187,370.1700134277344,22.5,18.799999237060547,70.44942647952008,-9.745533346526258,169.72924029453048,168.03469135764686,168.03156479897325,28.051412924210005,27.981534073102516,27.981483945232192,-0.5015214319327095,-0.5046479906063448,-0.5046483300191218
2020-12-17,371.94000244140625,372.239990234375,21.93000030517578,18.6200008392334,71.33699289283325,88.75664133131664,167.69767679301026,166.0519698134033,166.05058823384985,36.33459746932593,36.26726305630653,36.26721421805308,-0.6044403016206918,-0.6058218811741418,-0.6058222146628194
2020-12-18,370.9700012207031,369.1799926757813,21.56999969482422,16.700000762939453,68.50101971388344,-283.5973178949814,120.71020893826959,120.14510898994858,120.14500571198076,18.79788559998395,18.78615986142392,18.78615810853217,-2.769490257681752,-2.7695935356496015,-2.7695935395738163
2020-12-21,364.9700012207031,367.8599853515625,25.15999984741211,21.559999465942383,71.52532318800147,302.4303474118028,236.19180400545906,231.61485705537098,231.57835395755845,67.29475847366199,66.94134570289819,66.94021538003184,5.363468831538423,5.326965733725894,5.326943861984033
2020-12-22,368.2099914550781,367.239990234375,24.229999542236328,19.90999984741211,69.816646366475,-170.8676821526467,238.6721263882587,235.93744381754607,235.9308348811077,37.00665680613142,36.84995659136638,36.84969687812165,1.589201409552543,1.582592473114163,1.582589320562815
2020-12-23,368.2799987792969,367.5700073242187,23.309999465942383,19.200000762939453,68.84468469033551,-97.1961676139486,218.19748157479802,216.13871870843462,216.13536969826473,30.214514787360976,30.07927994533412,30.079167454457426,0.22757616997538754,0.22422715980548968,0.22422602429444805
2020-12-24,368.0799865722656,369.0,21.530000686645508,17.1200008392334,67.8388255942125,-100.5859096123018,127.43010250987791,126.74606074705787,126.74548032516768,21.12297134287587,21.10664631805787,21.106642863551784,-2.5301751793257203,-2.530755601215919,-2.5307556110037277
2020-12-28,371.739990234375,372.1700134277344,21.700000762939453,20.049999237060547,70.17587358914894,233.7047994936441,248.52146054088178,245.49275001460217,245.481978254401,40.79866880325427,40.6203782193821,40.620142173066384,2.189746609977256,2.1789748497761483,2.178971424613648
2020-12-29,373.80999755859375,371.4599914550781,23.079999923706055,21.469999313354492,70.96239248431209,78.65188951631552,248.58119773426137,243.30010418483369,243.27871069627614,59.00068627272404,58.56425791668221,58.56292855682319,6.726468526773507,6.705075038215977,6.705041397975926
2020-12-30,372.3399963378906,371.989990234375,22.770000457763672,21.309999465942383,70.95636557153601,-0.602691277607903,285.5259317202897,281.89222623090905,281.86536452943096,55.10733478367961,54.68616739293271,54.68537180631962,3.448108110448059,3.4212464089699974,3.4212090714184864
2020-12-31,371.7799987792969,373.8800048828125,22.75,21.200000762939453,72.32693500114158,137.05694296055668,283.49658636508985,278.87213248430083,278.84423623909373,54.05864734300811,53.704828962476306,53.70394566493561,5.432655517976114,5.404759272768995,5.40473960535528
2021-01-04,375.30999755859375,368.7900085449219,26.969999313354492,27.38999938964844,73.01669304187563,68.97580407340484,-145.1631185804628,-164.00410043975901,-164.82223553813927,159.16516353022976,154.56270966184624,154.47535682733704,36.257494360167016,35.43935926178669,35.432362911264505
2021-01-05,368.1000061035156,371.3299865722656,25.34000015258789,24.290000915527344,72.73902452258216,-27.76685192934707,323.68063730992503,312.896714310137,312.744057817162,113.45223605524482,112.07923699805112,112.06486162180883,18.127721527849154,17.975065034874092,17.974430879308635
2021-01-06,369.7099914550781,373.5499877929687,25.06999969482422,23.770000457763672,73.98218894342776,124.31644208456021,250.91468528393716,241.28898392296665,241.15536096760084,87.90063810041958,86.31960709221138,86.31024650506848,15.753303912686055,15.619680957320258,15.619337287053183
2021-01-07,376.1000061035156,379.1000061035156,22.3700008392334,19.420000076293945,75.62849101887815,164.6302075450393,194.48392220734237,191.8665677707357,191.86220391137445,36.506030144667875,36.361337694456715,36.36124267018493,1.347807796342404,1.3434439369811289,1.343441488695313
2021-01-08,380.5899963378906,381.260009765625,21.559999465942383,18.34000015258789,76.7164770497667,108.7986030888544,210.57743807417233,209.32375922290737,209.32229112747726,28.065654791342155,28.015341963319557,28.015304259777942,-1.3882372094640032,-1.3897053048941115,-1.3897055721304623
2021-01-11,377.8500061035156,378.69000244140625,24.079999923706055,21.690000534057617,76.50191199312658,-21.45650566401116,261.879363714487,255.76415227935624,255.7337968566978,65.1340191178269,64.58049687583284,64.57946370311916,8.421654326238837,8.391298903580417,8.39124385169877
2021-01-12,378.8900146484375,378.7699890136719,23.329999923706055,20.649999618530273,75.79565899935352,-70.6252993773063,232.7925277185774,228.39599511646972,228.38186670192945,52.679719334279525,52.35208106070723,52.35171835206562,4.935496992804506,4.921368578264252,4.921353064682203
2021-01-13,378.69000244140625,379.7900085449219,22.209999084472656,18.90999984741211,75.61270791776684,-18.295108158667972,224.7799197341706,223.17398124648864,223.17143582550753,32.7562369372941,32.65143618936062,32.65135423076365,-0.6804845069849197,-0.6830299279660199,-0.6830306795237449
2021-01-14,380.5899963378906,378.4599914550781,23.25,21.170000076293945,75.30742047716981,-30.528744059702717,295.7501020406739,291.60681703336894,291.5846479775357,59.26039899831941,58.9260093140385,58.92475287720033,4.45315987580828,4.430990819975051,4.430963259060972
2021-01-15,376.7200012207031,375.7000122070313,24.34000015258789,21.690000534057617,74.0294130407487,-127.80074364211202,305.9495156441633,301.2937846641356,301.2654867990575,63.71917107127282,63.18753117908735,63.18570332897301,5.496492525420971,5.468194660342908,5.468149011865636
2021-01-19,378.3399963378906,378.6499938964844,23.239999771118164,21.8799991607666,75.04279780029339,101.33847595446923,314.1975315963,309.2082005757574,309.1666234788807,67.10285764192429,66.43626426934502,66.43427454640927,6.203540570387299,6.161963473510568,6.16191442242342
2021-01-20,381.1099853515625,383.8900146484375,21.579999923706055,18.850000381469727,78.16052193957987,311.772413928648,185.30792338959444,183.70005619236017,183.69688504212118,24.44752266994388,24.33102457105803,24.330976890981283,-0.6747509302253176,-0.677922080464278,-0.6779224886351405
2021-01-21,384.489990234375,384.239990234375,21.31999969482422,18.229999542236328,78.23239611793323,7.187417835336873,212.51495723862033,211.22669046997513,211.22561481250492,28.63191858710286,28.579908468915193,28.579896589807,-1.3202386664056904,-1.3213143238758844,-1.3213145985045767
2021-01-22,382.25,382.8800048828125,21.90999984741211,18.420000076293945,77.36261204384775,-86.97840740854872,176.18446471033866,174.85401996499115,174.85171401121053,29.4387304042691,29.385240217192752,29.385209152454088,-1.2321919540571238,-1.2344979078377465,-1.2344981391375929
2021-01-25,383.6700134277344,384.3900146484375,23.190000534057617,20.65999984741211,79.33872177884246,197.6109734994708,240.4086552353333,236.71296838709657,236.7001502079271,55.070834330522295,54.79017833988461,54.789731296890444,3.529850092062164,3.517031912892678,3.5170246287539655
2021-01-26,385.4100036621094,383.7900085449219,23.020000457763672,20.459999084472656,78.62677577511454,-71.19460037279168,281.3562881328371,277.8731048551041,277.86249127820463,53.32923685057436,53.077835588223245,53.07756560334286,3.0982421850988873,3.0876286081995,3.087616976283014
2021-01-27,380.2200012207031,374.4100036621094,37.209999084472656,41.63999938964844,87.13586729488998,850.9091519775438,719.347358048431,618.178641860524,598.5963127119467,576.3333920014551,525.489618596143,518.7372239469919,264.6529050608363,245.07057591225882,242.78484057927892
2021-01-28,376.3599853515625,377.6300048828125,30.209999084472656,30.0,80.33415041783748,-680.17168770525,597.8093543584771,568.1073272296907,566.0415078203379,218.90960761584944,209.9697506131416,209.6609258862491,61.81245183011077,59.746632420758075,59.71014015986183
2021-01-29,375.6300048828125,370.0700073242187,33.09000015258789,32.630001068115234,78.57313523409186,-176.1015183745613,313.36958975572406,271.19175458354175,266.9655265911869,283.3509586652811,268.8969360451749,268.0691536524512,93.54018597632293,89.31395798396814,89.1822092959698
2021-02-01,373.7200012207031,376.2300109863281,30.239999771118164,28.989999771118164,78.86250909627418,28.93738621823161,556.8442378684862,527.4046897320044,525.9572099854028,191.1733758434418,184.64254337831855,184.44646202542978,59.39430147733761,57.946821730735955,57.92279937358353
2021-02-02,379.6499938964844,381.5499877929687,25.559999465942383,22.440000534057617,78.15847406865099,-70.40350276231919,335.1678995422003,328.9581121667725,328.9040801848478,76.27124017154564,75.63979133967759,75.63572258368637,8.682060608882784,8.628028626958107,8.627898698461578
2021-02-03,382.44000244140625,381.8500061035156,22.90999984741211,18.969999313354492,76.27481056211931,-188.36635065316756,231.1863348161737,229.43524754793083,229.43307126805476,34.76568952172391,34.6811694173255,34.68108630858867,-0.39129394599027556,-0.3934702258663503,-0.39347111848242156
2021-02-04,382.9599914550781,386.19000244140625,21.770000457763672,17.479999542236328,79.28670253977164,301.18919776523256,151.91936873276686,150.99595997688806,150.99530103965876,14.967950240346616,14.92704298426465,14.927037684352653,-2.051205609817428,-2.051864547046733,-2.0518645692920896
2021-02-05,388.2000122070313,387.7099914550781,20.8700008392334,15.520000457763672,80.1314593286227,84.47567888510576,111.25624464580314,110.99385848783415,110.99383790910068,5.966380838150519,5.962619362387606,5.962619169479442,-3.375165947055849,-3.3751865257893234,-3.375186526057913
2021-02-08,389.2699890136719,390.510009765625,21.239999771118164,16.56999969482422,82.68195322309927,255.0493894476574,137.50108609665722,136.94100292843274,136.94086713355347,11.561267870408104,11.5480862970779,11.548085646720141,-2.779426274258165,-2.7795620691374405,-2.7795620706891238
2021-02-09,389.6099853515625,390.25,21.6299991607666,17.09000015258789,82.55915432795429,-12.279889514498166,150.82404465676476,150.0244699688691,150.0241078714323,21.01487916830679,20.99040075986634,20.990398070337662,-2.299764301092929,-2.300126398529743,-2.300126408798163
2021-02-10,392.1199951171875,390.0799865722656,21.989999771118164,17.68000030517578,82.51117856606065,-4.797576189363895,167.72309607190658,166.90591176166225,166.9051753319241,19.355588928980637,19.326481476076587,19.326475063280768,-2.263421999932362,-2.2641584296704935,-2.264158459791386
2021-02-11,391.239990234375,390.7099914550781,21.25,17.09000015258789,82.68900621891258,17.782765285193136,152.38420300253253,151.57334189618723,151.57301531492058,15.206940056309529,15.18298353494219,15.182981371637643,-2.277298021098166,-2.2776246023648143,-2.277624609835177
2021-02-12,389.8500061035156,392.6400146484375,19.969999313354492,15.050000190734863,83.95170058393643,126.26943650238474,101.39857071728036,101.28277491249037,101.28275771664526,4.103828127513168,4.100772868063057,4.100772828748928,-3.668356802772811,-3.6683739986178945,-3.6683739986552135
2021-02-16,393.9599914550781,392.2999877929687,21.459999084472656,19.31999969482422,83.94625165645112,-0.5448927485304011,215.0154797123739,213.09789158717845,213.09434184634145,34.12065529530315,34.010956126329425,34.010888993402354,-0.054172213054895835,-0.05772195389192358,-0.057722725143077636
2021-02-17,390.4200134277344,392.3900146484375,21.5,18.40999984741211,83.98601504101845,3.9763384567322646,226.0259325661377,224.41560035475996,224.41382751097163,33.0104328958867,32.9366501923009,32.936626979241375,-0.6740165261430082,-0.6757893699313509,-0.6757895431749974
2021-02-18,389.5899963378906,390.7200012207031,22.489999771118164,19.459999084472656,82.80881785419685,-117.71971868216013,257.0516759083679,254.47552666988818,254.47001368551716,44.07132065858859,43.91332218465234,43.91320947122403,1.268841606737987,1.2633286223669895,1.2633272301936636
2021-02-19,392.0700073242187,390.0299987792969,22.049999237060547,18.329999923706055,81.91525466389675,-89.35631903000996,184.9015342117073,183.7509304792928,183.74978470618518,24.376577923453908,24.326914807173956,24.32689612621894,-1.5953548535535615,-1.596500626661212,-1.5965007474210569
2021-02-22,387.05999755859375,387.0299987792969,23.450000762939453,21.219999313354492,79.68906600097802,-222.61886629187302,260.69857092839516,257.10506730782754,257.07194579305195,51.2237856215463,50.82087226558209,50.819681008620606,3.386455290584448,3.353333775808891,3.353305945181062
2021-02-23,384.6600036621094,387.5,23.11000061035156,21.299999237060547,79.85709432576749,16.802832478947494,261.16592447664334,256.44148695445114,256.4191707942701,64.18864959674485,63.77652647779379,63.775572839301056,5.615882511829742,5.593566351648747,5.593546697510918
2021-02-24,386.3299865722656,391.7699890136719,21.34000015258789,18.350000381469727,82.93631113710137,307.9216811333879,-173.8346725773562,-175.25199950612105,-175.2532783458746,30.544774647122594,30.485146134340944,30.48513154336632,-1.0615086532250846,-1.0627874929786478,-1.0627878163032802
2021-02-25,390.4100036621094,382.3299865722656,28.88999938964844,31.809999465942383,79.25460814443082,-368.17029926705516,-217.38478962685141,-263.2631417962266,-266.42320011136235,158.08818060840647,144.6790026161637,144.0766004462264,97.62247101163834,94.46241269650257,94.36855451189864
2021-02-26,384.3500061035156,380.3599853515625,27.950000762939453,29.420000076293945,76.79181351153714,-246.27946328936758,471.5508611950808,440.8755856911693,439.5515145564241,218.11576302588276,210.9039513656241,210.63567434165415,61.52141678931027,60.19734565456516,60.16473425629098
2021-03-01,385.5899963378906,389.5799865722656,23.350000381469727,22.700000762939453,81.42388064411108,463.2067132573937,239.2587646244674,231.8214159190378,231.76023575042666,85.40717530344584,84.57354149551549,84.57054645097826,11.15859420223931,11.097414033628157,11.09729538449867
2021-03-02,389.8200073242187,386.5400085449219,24.100000381469727,23.170000076293945,78.9992281236845,-242.46525204265765,327.06649639540444,319.97816240319315,319.8754520787797,79.72133012661307,78.53690982783358,78.53075929075031,10.585675098131201,10.482964773717693,10.482672896687642
2021-03-03,385.7900085449219,381.4200134277344,26.670000076293945,26.8799991607666,76.14100784025203,-285.8220283432473,333.3636019867205,313.16082898141497,312.469540970193,139.59431461328467,135.66484943505606,135.59127998766448,38.59706689081321,37.90577887959134,37.89991072500048
2021-03-04,381.2200012207031,376.7000122070313,28.56999969482422,29.299999237060547,73.75573108162016,-238.52767586318748,466.4033725760896,437.77412089857745,436.23608597974163,211.47378244011566,203.1944038221606,202.9710789363463,58.06256069050521,56.52452577166936,56.49473046813899
2021-03-05,380.4599914550781,383.6300048828125,24.65999984741211,23.829999923706055,76.51793056303806,276.2199481417909,382.89292699621376,373.6627374129924,373.5057420717477,98.47287402125995,97.30853288404232,97.29652298623844,15.032949389856222,14.875954048611538,14.875426361098585
2021-03-08,384.6600036621094,381.7200012207031,25.469999313354492,25.700000762939453,75.10559310186261,-141.23374611754542,405.07837869939124,389.44466063919253,389.12670142848754,137.69954015078815,135.07562325439588,135.04134874988875,28.327769297917065,28.009810087212117,28.00766628782941
2021-03-09,385.8500061035156,387.1700134277344,24.030000686645508,24.11000061035156,78.99108591634729,388.5492814484678,352.51184142738936,341.39805233583945,341.20790430912643,90.5265098658692,88.95344801607611,88.94071604684396,18.899827824262786,18.709679797549747,18.70907847022562
2021-03-10,389.69000244140625,389.5799865722656,22.559999465942383,20.979999542236328,80.48927430802661,149.81883916793208,259.60236204922825,254.93768826825075,254.91593738958622,63.6565496133015,63.25190130732552,63.251160528202384,5.494649371955113,5.472898493290593,5.472882104256021
2021-03-11,392.2300109863281,393.5299987792969,21.90999984741211,20.010000228881836,83.9047667350638,341.54924270371936,233.5980385811405,231.039776132362,231.0304463189023,40.921142773843535,40.68734860330977,40.68713009468397,1.2445238021888825,1.2351939887292156,1.2351908341532827
2021-03-12,392.0700073242187,394.05999755859375,20.690000534057617,17.40999984741211,84.03610771014182,13.134097507801812,160.40848712753635,159.71556785309767,159.7152091617321,17.31813324014218,17.295833447692672,17.295829636102376,-2.513085332163099,-2.5134440235286744,-2.5134440384827315
2021-03-15,394.3299865722656,396.4100036621094,20.030000686645508,17.739999771118164,86.02357806010595,198.7470349964127,173.74635614029012,172.49283357175216,172.49187988817079,21.079221963893723,21.03030374969436,21.030294058760077,-1.3900936494716891,-1.3910473330530468,-1.3910473872888547
2021-03-16,397.0700073242187,395.9100036621094,19.790000915527344,17.93000030517578,85.45146062676346,-57.21174333424841,180.25294980437698,179.20108178951273,179.20015069888635,22.97062420382599,22.927532566787917,22.927521568989988,-1.7934704792157992,-1.7944015698422007,-1.7944016429004694
2021-03-17,394.5299987792969,397.260009765625,19.229999542236328,16.690000534057617,86.64150964500007,119.0049018236607,181.45935442503398,180.75362691782635,180.75336512824558,19.42441729369135,19.404590932368535,19.404589234651418,-2.487759600100795,-2.488021389681559,-2.488021395262119
2021-03-18,394.4800109863281,391.4800109863281,21.579999923706055,20.329999923706055,81.47417208062987,-516.73375643702,292.41238558018057,288.4363238644219,288.42177144039505,57.826124029894395,57.515145926467355,57.51472824960962,4.095803558588296,4.081251134561398,4.081243516922277
2021-03-19,389.8800048828125,389.4800109863281,20.950000762939453,18.280000686645508,79.35562674189558,-211.85453387342932,180.60766835082651,179.56433502223896,179.56238753767144,23.030052479021236,22.954140897005132,22.954113302434877,-1.8074901953006193,-1.8094376798681293,-1.8094379111397116
2021-03-22,390.0299987792969,392.5899963378906,18.8799991607666,16.399999618530273,81.8112138437947,245.5587101899127,132.74540245027856,132.40406421160108,132.40396178089162,10.418211072348447,10.41101169315781,10.411010408267039,-3.2170162203422232,-3.2171186510516696,-3.217118654443157
2021-03-23,391.9100036621094,389.5,20.299999237060547,18.3700008392334,79.01193072850484,-279.92831152898674,185.59351743948338,184.44120646260802,184.44010910410142,24.51821344103628,24.46921977163933,24.46918228952633,-1.5920849952179994,-1.5931823537246004,-1.593182678890769
2021-03-24,391.0,387.5199890136719,21.200000762939453,19.06999969482422,77.28163643305699,-173.02942954478482,203.81417678028595,202.21044524899972,202.20805157589098,30.36056395959737,30.277451888431678,30.277335820282772,-0.6853520228470935,-0.6877456959558197,-0.6877469943388355
2021-03-25,385.9800109863281,389.7000122070313,19.809999465942383,17.15999984741211,79.0093673574854,172.7730924428414,146.99626007943849,146.49808999768138,146.4975675961756,13.818400322794313,13.783469754290136,13.783465907715739,-2.9020925883634723,-2.902614989869283,-2.902615004404232
2021-03-26,390.9299926757813,395.9800109863281,18.86000061035156,16.31999969482422,84.95858788723271,594.9220529747308,-64.3852360363566,-64.71184347981573,-64.71201511243619,10.130347071383571,10.123733308817531,10.123732349870881,-3.2462702074211487,-3.246441840041597,-3.2464418426413406
2021-03-29,394.3999938964844,395.7799987792969,20.739999771118164,18.850000381469727,84.86351771475807,-9.507017247463523,205.25108418910958,203.0929449426059,203.08945597024876,39.64201999629671,39.52453236120329,39.5244739288489,0.42674714154417703,0.4232581691870312,0.42325759204414126
2021-03-30,394.4200134277344,394.7300109863281,19.61000061035156,17.280000686645508,83.64171537502585,-122.18023397322213,162.58973263604219,161.60730050868068,161.6067483169466,24.155234719013656,24.121865462287076,24.121860805486286,-1.9334791072114412,-1.934031298945518,-1.9340313198998962
2021-03-31,395.3399963378906,396.3299865722656,19.399999618530273,15.619999885559082,85.14487646672406,150.31610916982032,121.16729827756619,120.91852112766156,120.91847687898688,7.994338229073058,7.988213892499546,7.98821375236305,-3.4023129535486767,-3.4023572022233646,-3.402357202429376
2021-04-01,398.3999938964844,400.6099853515625,17.329999923706055,12.970000267028809,89.20718944886416,406.23129821400994,67.525474535179,67.50193271756537,67.50193258892395,-0.583720651783513,-0.5838208488301295,-0.5838208488797427,-3.8529159788484897,-3.852916107489903,-3.852916107489909
2021-04-05,403.4599914550781,406.3599853515625,17.90999984741211,15.649999618530272,94.802174487449,559.4985038584838,130.78589947300426,130.60040518364374,130.6003815964075,5.419997921957176,5.416841396447122,5.4168413147727215,-3.52894065916581,-3.528964246402051,-3.5289642465368667
2021-04-06,405.760009765625,406.1199951171875,18.1200008392334,15.710000038146973,94.53232379516503,-26.985069228396696,131.64777861838144,131.3270188328281,131.3269784101492,10.083057727187153,10.076816072121106,10.076815899133729,-3.2583591598085984,-3.258399582487502,-3.258399582836832
2021-04-07,405.94000244140625,406.5899963378906,17.15999984741211,14.130000114440918,94.944349291567,41.20254964019665,94.03016100979802,93.94373303978138,93.94373050053171,2.904823715532089,2.9040490671992547,2.904049063949868,-3.7271364422127458,-3.72713898146241,-3.7271389814640754
2021-04-08,407.9299926757813,408.5199890136719,16.950000762939453,13.9399995803833,96.83247145181062,188.81221602436256,91.34320907520409,91.26658254563006,91.26658065592007,2.4826815016113155,2.4820458859181542,2.482045883873921,-3.7467412717190887,-3.74674316142908,-3.746743161430035
2021-04-09,408.3900146484375,411.489990234375,16.690000534057617,13.1899995803833,99.76143595128575,292.89644994751285,78.15688064705002,78.13773944511229,78.13773933134216,-1.2155172730196457,-1.2155997931102154,-1.2155997931644205,-3.8617172548141028,-3.861717368584243,-3.8617173685842525
2021-04-12,410.8500061035156,411.6400146484375,16.90999984741211,14.239999771118164,99.8085973388917,4.716138760595356,100.45212233033827,100.3406596149735,100.34065598642391,3.940522792741869,3.9396766999493353,3.93967669878276,-3.677063683619817,-3.6770673121694095,-3.6770673121700153
2021-04-13,411.5299987792969,412.8599853515625,16.649999618530273,13.779999732971191,100.99145552400458,118.28581851128774,67.12065574112945,67.07675972860879,67.07675886308856,0.27943167704298766,0.2791089334387795,0.27910893255086755,-3.812205378396919,-3.812206243917156,-3.8122062439175064
2021-04-14,412.8299865722656,411.4500122070313,16.989999771118164,14.100000381469728,56.29808785977045,-4471.936766423413,98.80941349709674,98.73710200482265,98.73709900189795,3.6640104035580157,3.663266765041219,3.663266764154441,-3.755368006676401,-3.755371009601118,-3.7553710096015402
2021-04-15,413.739990234375,415.8699951171875,16.56999969482422,14.220000267028809,56.22186346062642,-7.622439914402435,102.62209840616228,102.54202012082011,102.54201637640901,1.8623615231266033,1.8614947163126514,1.8614947150273817,-3.739832196080322,-3.7398359404914285,-3.739835940492111
2021-04-16,417.25,417.260009765625,16.25,12.970000267028809,55.628367815996114,-59.3495644630309,78.14830436971889,78.12791926101484,78.1279191678182,-1.092378805662106,-1.092466214606524,-1.0924662146553157,-3.859229503001965,-3.8592295961986065,-3.8592295961986154
2021-04-19,416.260009765625,415.2099914550781,17.290000915527344,15.420000076293944,57.89552088823146,226.71530722353452,135.17691066728128,134.95325869744903,134.95323312441516,6.54102874811384,6.536926637986033,6.536926532296938,-3.452619340610911,-3.4526449136447677,-3.4526449138524176
2021-04-20,413.9100036621094,412.1700134277344,18.68000030517578,17.329999923706055,61.22293370490027,332.74128166688115,183.49717133462724,182.64644987806864,182.64610118438517,23.948712596020677,23.912947858548478,23.91294432874848,-2.197510944875354,-2.1978596385588,-2.197859658877704
2021-04-21,411.510009765625,416.0700073242187,17.5,14.789999961853027,58.63534699930463,-258.75867055956405,73.1015514915247,72.98461316335103,72.98460486773958,3.2887152547676717,3.28718570684316,3.287185687238627,-3.666098456756604,-3.666106752368055,-3.6661067523886173
2021-04-22,415.8900146484375,412.2699890136719,18.709999084472656,16.770000457763672,61.17039642474222,253.50494254375917,169.95771737125585,169.32043006885914,169.3202567486319,19.93515312690962,19.923555710804145,19.92355434350315,-2.6249054167404777,-2.6250787369677497,-2.625078742895826
2021-04-23,412.8699951171875,416.739990234375,17.329999923706055,14.06999969482422,58.16670678446954,-300.36896402726825,98.07587213097874,98.0039967783525,98.00399602663728,3.550676656030511,3.5499382779299786,3.549938277073897,-3.756247039600674,-3.756247791315897,-3.7562477913162997
2021-04-26,417.44000244140625,417.6099853515625,17.639999389648438,14.8100004196167,59.13152838201003,96.48215975404923,91.960841453361,91.81932671763482,91.81931431632354,4.122298983841317,4.1202555872366045,4.120255555902803,-3.61693332459323,-3.616945725904513,-3.6169457259113713
2021-04-27,417.9299926757813,417.5199890136719,17.559999465942383,14.550000190734863,58.77899903197613,-35.25293500339046,113.53904786628127,113.40371392764078,113.40371028738298,6.352308102591174,6.351523649497857,6.351523642148367,-3.6293212019257695,-3.6293248421835753,-3.62932484219019
2021-04-28,417.80999755859375,417.3999938964844,17.280000686645508,13.619999885559082,57.81835339942765,-96.06456325484771,91.70757209919903,91.65547866436347,91.65547832584787,0.6289834787675641,0.6288277522592383,0.6288277519758498,-3.795812114781816,-3.7958124532974127,-3.7958124532975073
2021-04-29,420.3200073242187,420.05999755859375,17.610000610351562,13.960000038146973,59.61048653618158,179.21331367539324,76.34180023031371,76.272658368235,76.27265657380529,1.5315985259243883,1.5309618482607323,1.5309618477509144,-3.761710892552737,-3.7617126869824444,-3.7617126869826847
2021-04-30,417.6300048828125,417.2999877929687,18.61000061035156,15.529999732971191,61.60845307274218,199.79665365605968,108.66353591834469,108.3980156683611,108.3979941375394,7.430523600796146,7.42485081845982,7.424850743286536,-3.3688949071958456,-3.3689164380175534,-3.3689164381415084
2021-05-03,419.4299926757813,418.2000122070313,18.309999465942383,16.170000076293945,60.731329070141754,-87.7124002600425,125.08332915710207,124.655401170972,124.65527101708074,11.061193348596257,11.04947515434975,11.049474883127923,-3.0437535636010855,-3.043883717492368,-3.043883718314018
2021-05-04,416.0700073242187,415.6199951171875,19.479999542236328,17.75,63.37145235691651,264.01232867747524,198.45508246309814,197.41394872139648,197.41320280412862,28.737123634692132,28.705511308560816,28.705501263320755,-1.8154945272906042,-1.8162404445584972,-1.816240523725777
2021-05-05,417.3800048828125,415.75,19.149999618530273,17.56999969482422,62.32465288232754,-104.67994745889655,158.83875428351814,157.87374316559232,157.87278092580172,20.003836100448794,19.962186890605388,19.962175973712746,-1.9670909702112054,-1.9680532100018011,-1.9680532348567092
2021-05-06,415.8299865722656,419.0700073242187,18.38999938964844,16.040000915527344,60.98886667603787,-133.57862062896686,149.96423266544716,149.57629428586594,149.57624222277354,14.522844736116069,14.512364167238344,14.512363901682031,-3.123967049448118,-3.12401911254047,-3.124019113244577
2021-05-07,419.8900146484375,422.1199951171875,16.690000534057617,14.09000015258789,56.9994794385932,-398.93872374446744,104.06511633191879,103.97225441130927,103.97225298859917,2.3251484204317103,2.3247358699086504,2.3247358678766847,-3.714271890646988,-3.714273313357113,-3.7142733133583317
2021-05-10,422.5,417.94000244140625,19.65999984741211,19.68000030517578,64.04269361849316,704.3214179899962,213.8310049443163,210.8406568633805,210.83535632945663,42.57358115700243,42.3326303093891,42.33247943060383,2.0966062399458494,2.0913057060219318,2.09130288067034
2021-05-11,413.1000061035156,414.2099914550781,21.84000015258789,22.030000686645508,69.42914502902971,538.6451410536552,332.91903447314934,325.31844793331356,325.2798708368066,81.96878634768304,81.29835094422221,81.29635832844123,11.417122320576162,11.378545224069162,11.378472609095178
2021-05-12,411.2300109863281,405.4100036621094,27.59000015258789,29.549999237060547,84.8132090471153,1538.4064018085583,296.25703563174727,265.06032603262133,263.33431432498617,239.19017090406257,230.97432841870923,230.68629481146857,63.773719302664354,62.04770759502919,62.01399307089918
2021-05-13,407.0700073242187,410.2799987792969,23.1299991607666,23.209999084472656,72.17366461595458,-1263.9544431160716,362.56597949275215,352.9408988531844,352.8119460247513,96.26335046316694,94.92661162059758,94.91788355449022,15.737689038206709,15.608736209773587,15.608513273227357
2021-05-14,413.2099914550781,416.5799865722656,18.809999465942383,17.40999984741211,60.74346008392996,-1143.0204532024618,185.72450832734185,184.9292734621407,184.92868455948545,24.780512248956036,24.750267369528764,24.75026221459163,-2.307763461707833,-2.3083523643631314,-2.3083523976708937
2021-05-17,415.3900146484375,415.5199890136719,19.719999313354492,18.829999923706055,62.85770484351147,211.424475958151,191.1112524769611,189.3459034530637,189.34218597607966,30.135262716778108,30.028722254182718,30.028654614642882,-0.35814672708409834,-0.3618642040681559,-0.36186513544748156
2021-05-18,415.7999877929687,411.94000244140625,21.34000015258789,20.989999771118164,66.66010882701417,380.24039835026997,288.72185215586467,284.2360120384689,284.218009497765,55.34099859016512,54.88654037076784,54.88584473605615,5.125742535221228,5.107739994517356,5.107721772632116
2021-05-19,406.9200134277344,410.8599853515625,22.18000030517578,21.209999084472656,68.82010152722816,215.99927002139907,293.749700592115,288.5558619844262,288.5231887240727,64.6681705885215,64.15297490147256,64.1516252775496,6.585800331840481,6.5531270714869745,6.553092629418483
2021-05-20,411.7999877929687,415.2799987792969,20.670000076293945,18.559999465942383,65.31879417187633,-350.1307355351827,217.09657407766804,215.5900273762591,215.58716668011277,34.90058102554197,34.81458188610997,34.8145592417457,-0.8783238428244622,-0.8811845389708042,-0.8811847609385857
2021-05-21,416.8699951171875,414.94000244140625,20.149999618530273,17.1200008392334,63.59080116582746,-172.79930060488766,181.03458500560987,180.23491857383593,180.2346164218189,23.172949576797123,23.15580153017602,23.155798648127686,-2.299760633809502,-2.300062785826518,-2.3000628013569644
2021-05-24,417.3399963378906,419.1700134277344,18.399999618530273,14.670000076293944,59.4485474494368,-414.22537163906554,88.95128538572031,88.82792728164809,88.82792024014692,3.568318302583716,3.5667049848014836,3.5667049667187527,-3.653262667342198,-3.6532697088433514,-3.6532697088466426
2021-05-25,420.3299865722656,418.239990234375,18.84000015258789,15.789999961853027,60.33569559196033,88.71481425235288,116.81441242390616,116.48171307074465,116.48164531697749,9.117629226952277,9.109852856761048,9.10985274929183,-3.2343980316348477,-3.234465785402016,-3.234465785648907
2021-05-26,418.8699951171875,419.0700073242187,17.360000610351562,13.84000015258789,56.24630692925777,-408.9388662702561,97.41374297835222,97.34392420723289,97.34392351223609,1.415222272086167,1.4149699655240466,1.4149699647594414,-3.7603603727699664,-3.760361067766739,-3.760361067767084
2021-05-27,420.1700134277344,419.2900085449219,16.739999771118164,13.029999732971191,54.46573912175623,-178.05678075015408,80.83856123219162,80.8138964222087,80.8138962951675,-0.770422948251209,-0.7704977778753808,-0.7704977779509594,-3.8506699989105604,-3.850670125951763,-3.8506701259517646
2021-05-28,420.9700012207031,420.0400085449219,16.760000228881836,12.729999542236328,54.699518964625355,23.37798428691258,74.29520512153472,74.28555133155791,74.28555129035757,0.1422073888695241,0.14217223015099556,0.14217223013461044,-3.8806922964453685,-3.880692337645698,-3.8806923376457
2021-06-01,422.5700073242187,419.6700134277344,17.899999618530273,15.0,57.46149114837314,276.1972183747787,100.42337068692004,100.22487699834696,100.22486948888269,5.740550470347763,5.736993838642999,5.736993815643023,-3.50299009436138,-3.5029976038256754,-3.5029976038588786
2021-06-02,420.3699951171875,420.3299865722656,17.479999542236328,13.699999809265137,56.40689557340011,-105.45955749730354,71.11002531231452,71.05685241873232,71.05685138482322,0.7892341857848031,0.7888115017691337,0.7888115015490502,-3.793651111108072,-3.793652145017165,-3.793652145017245
2021-06-03,417.8500061035156,418.7699890136719,18.040000915527344,15.18000030517578,57.385020340997016,97.81247675969098,129.33189857739234,129.11280222243903,129.11278967488292,6.186159219535067,6.184281110380427,6.184281071613118,-3.461769647251791,-3.4617821948078964,-3.46178219486565
2021-06-04,420.75,422.6000061035156,16.420000076293945,12.699999809265137,54.10139893685718,-328.36214041398364,73.88653983889081,73.86704884290042,73.86704881501785,-1.2517004665433498,-1.251728977098625,-1.2517289771078435,-3.861017924371537,-3.861017952254103,-3.8610179522541044
2021-06-07,422.5899963378906,422.19000244140625,16.420000076293945,13.90999984741211,53.69276187905473,-40.86370578024514,77.01920577632558,76.9445603726173,76.94455971550327,1.6838885758188988,1.683130862733691,1.6831308618815353,-3.7507072212400514,-3.750707878354062,-3.7507078783545142
2021-06-08,423.1099853515625,422.2799987792969,17.06999969482422,15.43000030517578,55.43373173907062,174.09698600158947,141.0573070089433,140.87235344546622,140.87231815981897,7.9275904368853425,7.923864551882858,7.923864389230355,-3.529987015887465,-3.5300223015346925,-3.5300223016069188
2021-06-09,423.1799926757813,421.6499938964844,17.889999389648438,17.09000015258789,57.39328126155766,195.95495224870376,187.9650091540742,187.35829964935965,187.3578051679443,18.268890399034667,18.245379555703742,18.245377497705995,-2.6850975137801156,-2.685591995195481,-2.6855920060436276
2021-06-10,422.9599914550781,423.6099853515625,16.100000381469727,13.829999923706056,53.11940428664815,-427.38769749095127,100.25667389620483,100.21699670397665,100.21699566800231,3.9449259295140777,3.944598645987252,3.944598644656919,-3.8206425076203883,-3.8206435435947053,-3.820643543594798
2021-06-11,424.2000122070313,424.30999755859375,15.649999618530272,13.0600004196167,52.109896891240254,-100.95073954078941,84.39370143995225,84.37502678482434,84.3750265796588,-0.4537876631573736,-0.4538918947212114,-0.45389189474297176,-3.862650074247538,-3.862650279413097,-3.8626502794131006
2021-06-14,424.4299926757813,425.260009765625,16.389999389648438,14.920000076293944,54.23132740254401,212.14305113037568,99.87988200000407,99.68854604303422,99.68853964898517,5.598803507621653,5.5962583255849445,5.596258307358845,-3.517308903838921,-3.5173152978879507,-3.5173152979127122
2021-06-15,425.4200134277344,424.4800109863281,17.020000457763672,15.920000076293944,55.52400785264604,129.26804501020257,124.529458341143,124.10853073428709,124.10848565416191,10.923599662597688,10.914792483264854,10.914792231216325,-3.058009543683317,-3.0580546238084723,-3.058054624551584
2021-06-16,424.6300048828125,422.1099853515625,18.149999618530273,17.940000534057617,57.63403945404079,211.0031601394752,177.7816816965841,176.36052116707341,176.35958804519527,25.84836543494648,25.80074466646517,25.80072961786815,-1.0548791356981781,-1.0558122575763278,-1.0558124041243224
2021-06-17,421.6700134277344,421.9700012207031,17.75,16.670000076293945,56.39164895408811,-124.23904999526769,140.46009625694924,139.80786218075417,139.80767050445664,14.993645226410484,14.98078446095206,14.980783218592643,-2.594956801193576,-2.5951484774911058,-2.595148483332337
2021-06-18,417.0899963378906,414.9200134277344,20.700000762939453,20.13999938964844,62.39387422491444,600.222527082633,274.43526338282294,271.1974042228606,271.18740476814804,56.910448584302,56.71320317716674,56.71287541907186,2.6057380651594437,2.5957386104468574,2.5957314837186747
2021-06-21,416.7999877929687,420.8599853515625,17.889999389648438,16.829999923706055,56.01994262525213,-637.3931599662313,172.86117083653798,172.20250009543375,172.20230870957994,15.04244743594836,15.018586064143063,15.018584531959595,-2.5820843398414333,-2.582275725695231,-2.582275732491442
2021-06-22,420.8500061035156,423.1099853515625,16.65999984741211,14.579999923706056,53.40802590094586,-261.1916724306269,116.85853169302995,116.71272224360423,116.71271772668575,4.121415886970405,4.120489988629082,4.12048997896172,-3.6083675503654202,-3.6083720672839084,-3.608372067293155
2021-06-23,423.19000244140625,422.6000061035156,16.31999969482422,13.630000114440918,52.215218139711595,-119.28077612342634,96.54770137983103,96.51287045889235,96.51286961162545,0.8902944184108614,0.8900168510444368,0.8900168508657078,-3.8303356163217903,-3.830336463588686,-3.830336463588747
2021-06-24,424.8900146484375,425.1000061035156,15.970000267028809,12.770000457763672,52.20277782339659,-1.244031631500775,77.65532290258551,77.64362409906596,77.64362403879673,-0.7431841439283295,-0.7432307225536516,-0.7432307225798542,-3.8766022121531867,-3.8766022724224287,-3.876602272422429
2021-06-25,425.8999938964844,426.6099853515625,15.619999885559082,11.859999656677246,51.85701314501813,-34.576467837845826,59.57593841672114,59.572748015297876,59.57274801229759,-2.206890055341314,-2.2068959517018385,-2.206895951702278,-3.8936191881526288,-3.893619191152913,-3.893619191152913
2021-06-28,427.1700134277344,427.4700012207031,15.760000228881836,11.920000076293944,52.34521024617173,48.81971011536024,62.12130088565194,62.11704445466241,62.11704445353818,-2.2699329066404084,-2.2699428986471277,-2.269942898647267,-3.891487134648217,-3.8914871357724494,-3.8914871357724494
2021-06-29,427.8800048828125,427.7000122070313,16.020000457763672,11.859999656677246,53.02577772562174,68.0567479450005,60.66762104972573,60.664151709934664,60.664151706737506,-2.1489959381200747,-2.1490026257548136,-2.149002625754867,-3.893061310826376,-3.893061314023536,-3.893061314023536
2021-06-30,427.2099914550781,428.05999755859375,15.829999923706056,11.109999656677246,52.61889378235695,-40.68839432647877,47.2306469366485,47.22954412625863,47.22954412622415,-3.1005017648428055,-3.10050293196374,-3.1005029319637414,-3.8977943791168266,-3.897794379151313,-3.897794379151313
2021-07-01,428.8699951171875,430.4299926757813,15.479999542236328,11.43000030517578,52.77178672030553,15.289293794857883,52.954062262682704,52.95231811295509,52.95231811231404,-2.64226480223736,-2.642267018181624,-2.642267018181629,-3.896511698621607,-3.8965116992626583,-3.8965116992626583
2021-07-02,431.6700134277344,433.7200012207031,15.06999969482422,10.399999618530272,53.37202244783647,60.023572753094356,23.46725690745022,23.467009723976496,23.467009723972303,-3.4448492705090437,-3.444849323555529,-3.444849323555529,-3.899505633039967,-3.8995056330441638,-3.8995056330441638
2021-07-06,433.7799987792969,432.9299926757813,16.440000534057617,13.760000228881836,55.91686249599465,254.48400481581785,82.43177838384813,82.37949621910566,82.3794948298673,2.5706545024551968,2.5703064519638454,2.5703064515296834,-3.7954315027992904,-3.795432892037648,-3.7954328920378697
2021-07-07,433.6600036621094,434.4599914550781,16.200000762939453,13.06999969482422,56.01927477205835,10.241227606370273,67.42580821184671,67.40195474272818,67.40195455065546,0.34091074813805555,0.34082286843790666,0.3408228684126744,-3.8522924855447713,-3.852292677617483,-3.8522926776174886
2021-07-08,428.7799987792969,430.9200134277344,19.0,17.239999771118164,61.221296032627436,520.2021260569084,163.55178868630983,162.82137423137715,162.82085148459245,21.631494215897064,21.601430659728607,21.60142819188939,-2.4376028034048494,-2.438125550189531,-2.438125565647989
2021-07-09,432.5299987792969,435.5199890136719,16.18000030517578,13.020000457763672,56.34758040260283,-487.37156300246056,65.32543718484801,65.30336214731925,65.30336202109922,0.048875635802782647,0.04880933150034128,0.048809331410174295,-3.8558495462824083,-3.8558496725024316,-3.8558496725024343
2021-07-12,435.4299926757813,437.0799865722656,16.170000076293945,13.520000457763672,56.89380607466528,54.62256720624481,77.14138281466231,77.08793446964968,77.08793390420415,1.674491958740707,1.6742998922579257,1.6742998921470384,-3.7931016136380293,-3.7931021790835553,-3.7931021790836
2021-07-13,436.239990234375,435.5899963378906,17.1200008392334,14.979999542236328,58.25443411875749,136.06280440922092,111.23972478700476,111.04542667515908,111.04541530823336,7.885362601268984,7.883446092961307,7.883446047270388,-3.511369675479615,-3.511381042405319,-3.51138104242262
2021-07-14,437.3999938964844,436.239990234375,16.329999923706055,13.449999809265137,56.639179118359266,-161.52550003982213,76.92606715996473,76.90124246677142,76.90124193296005,1.64073499148365,1.6405492629070562,1.6405492628057825,-3.850349012179118,-3.8503495459905017,-3.8503495459905412
2021-07-15,434.80999755859375,434.75,17.010000228881836,14.550000190734863,57.38486365735682,74.56845389975513,101.04692153487288,100.92920983794161,100.92920705873833,2.7048942430739853,2.703605584871216,2.703605578212068,-3.6645682685051506,-3.6645710477084554,-3.6645710477159392
2021-07-16,436.010009765625,431.3399963378906,18.450000762939453,16.299999237060547,59.210828669206705,182.59650118498882,46.715535924511116,46.22717356883884,46.22707728696011,10.977701051636604,10.961179574952665,10.961178784452743,-2.922986440440522,-2.9230827223192577,-2.9230827231788328
2021-07-19,426.19000244140625,424.9700012207031,22.5,22.149999618530273,66.90187523755688,769.1046568350174,358.79542425881857,352.70092260144565,352.6320360197955,78.85743521041071,78.0799999004727,78.0775289675485,8.495920368173715,8.427033786523586,8.426948039190554
2021-07-20,425.6799926757813,431.05999755859375,19.729999542236328,17.860000610351562,61.89975392472529,-500.21213128315907,-34.98188875256823,-36.38753046718844,-36.38844998205351,25.62504864561791,25.578804987636033,25.578790183433895,-1.0859575961192958,-1.0868771109843611,-1.0868772543320766
2021-07-21,432.3399963378906,434.5499877929687,17.90999984741211,14.649999618530272,58.876715173627915,-302.3038751097374,99.97235356122613,99.83581282228627,99.83580687544077,5.6035437221432485,5.602533427555825,5.602533412695694,-3.6269006815731344,-3.6269066284186504,-3.6269066284221965
2021-07-22,434.739990234375,435.4599914550781,17.690000534057617,14.06999969482422,58.69935787462042,-17.735729900749675,89.57800014166219,89.50378093442347,89.50377800073674,3.772376012770648,3.771788451811843,3.7717884504896357,-3.7515527844595824,-3.751555718146316,-3.751555718147239
2021-07-23,437.5199890136719,439.94000244140625,17.200000762939453,12.869999885559082,59.80829918827973,110.89413136593151,65.26691175992251,65.25442416078522,65.25442403766576,0.040915005481909184,0.04084960144442196,0.04084960143228322,-3.875024432367061,-3.8750245554865184,-3.875024555486521
2021-07-26,439.30999755859375,441.0199890136719,17.579999923706055,14.010000228881836,60.97325135774088,116.49521694611451,90.63043887993106,90.53793551859458,90.53793361974346,3.8621771382272962,3.861651599417865,3.8616515985981845,-3.7149875807718553,-3.7149894796229894,-3.7149894796235814
2021-07-27,439.9100036621094,439.010009765625,19.36000061035156,17.15999984741211,63.91710300964422,294.3851651903344,209.59069322029345,208.68203769992925,208.68163128315055,17.580865109616035,17.562834157246364,17.562828855694868,-2.081469674790423,-2.0818760915691494,-2.0818761029508144
2021-07-28,439.6799926757813,438.8299865722656,18.309999465942383,14.81999969482422,61.27091422317285,-264.618878647137,110.43669655317117,110.31890810891304,110.31890155047407,7.8478611904284605,7.84570300498158,7.845702987338905,-3.6644034360773063,-3.6644099945162605,-3.664409994546111
2021-07-29,439.8200073242187,440.6499938964844,17.700000762939453,13.649999618530272,60.75214469166559,-51.876953150726024,84.4711395087414,84.41415481086224,84.41415434686111,0.48213310815775756,0.48172192084458576,0.48172192028138916,-3.7860292122381685,-3.7860296762392895,-3.7860296762393357
2021-07-30,437.9100036621094,438.510009765625,18.239999771118164,14.359999656677246,60.745153366221246,-0.699132544434633,125.83268100471199,125.72311682879663,125.72311435785625,2.411111406890898,2.4098817856005885,2.409881779810844,-3.680864235345105,-3.6808667062854674,-3.6808667062864977
2021-08-02,440.3399963378906,437.5899963378906,19.459999084472656,16.209999084472656,62.819748810510134,207.45954442888888,146.2008098806083,145.85814612746913,145.8580074760627,16.51951382929044,16.508871390443268,16.508870983273283,-3.2142565343801155,-3.214395185786513,-3.214395187493964
2021-08-03,438.44000244140625,441.1499938964844,18.040000915527344,13.68000030517578,61.296281715422325,-152.34670950878098,82.53502273214463,82.50118065600452,82.50117956743738,2.5244785681502764,2.5241752605346717,2.5241752602487875,-3.832312582017903,-3.832313670585051,-3.832313670585202
2021-08-04,439.7799987792969,438.9800109863281,17.969999313354492,13.619999885559082,59.87847534660608,-141.7806368816244,83.47576977332422,83.42074831034924,83.42074789792395,0.40648409522274953,0.40610782007448876,0.40610781960334386,-3.7899558367740958,-3.7899562491993795,-3.7899562491994163
2021-08-05,440.2200012207031,441.760009765625,17.280000686645508,13.25,59.77868958500079,-9.978576160528974,74.9623738478823,74.92072478528844,74.92072452183169,-0.3065164769999611,-0.30665640366274616,-0.30665640371075575,-3.816701084441947,-3.8167013478987113,-3.8167013478987264
2021-08-06,442.1000061035156,442.489990234375,16.149999618530273,10.960000038146973,57.73317176242189,-204.55178225789012,34.94535878541563,34.94382137910351,34.94382137903799,-3.318399262719323,-3.318399556236259,-3.318399556236259,-3.896925187179194,-3.8969251872447153,-3.8969251872447153
2021-08-09,442.4599914550781,442.1300048828125,16.719999313354492,12.75,58.429269565842304,69.60978034204146,65.65729142462904,65.6446621122775,65.64466209066651,0.08153277906583334,0.08146721509597077,0.08146721508414423,-3.874741310463975,-3.8747413320749575,-3.8747413320749597
2021-08-10,442.6099853515625,442.6799926757813,16.790000915527344,13.229999542236328,58.80485787822458,37.5588312382277,75.97365251354974,75.94910808844098,75.94910797181896,1.5355321862970905,1.5353423083898479,1.535342308276869,-3.85091079991644,-3.8509109165384467,-3.850910916538452
2021-08-11,443.8200073242187,443.7799987792969,16.170000076293945,11.6899995803833,58.11141013681342,-69.34477414111626,48.086928070382115,48.08172293364627,48.08172293250565,-2.7359958422437103,-2.7359980977486353,-2.735998097748812,-3.8895897231064507,-3.8895897242470676,-3.8895897242470676
2021-08-12,443.6199951171875,445.1099853515625,15.59000015258789,11.539999961853027,57.7242378726812,-38.717226413221795,44.2893486850011,44.28705948355021,44.28705948318822,-2.1605764496445734,-2.160581146677992,-2.160581146678039,-3.8954215960122633,-3.8954215963742476,-3.8954215963742476
2021-08-13,445.5899963378906,445.9200134277344,15.449999809265137,11.210000038146973,57.89825266975953,17.401479707832834,39.57052186594556,39.569157735476495,39.56915773537674,-3.0881553404716513,-3.088157410557657,-3.088157410557665,-3.897271738762621,-3.8972717388623725,-3.8972717388623725
2021-08-16,444.5299987792969,446.9700012207031,16.1200008392334,13.06999969482422,59.57936195659251,168.1109286832978,73.55618320392117,73.53516537300028,73.5351652958444,1.1670541477593046,1.166907086751423,1.166907086686356,-3.857964106690568,-3.857964183846456,-3.8579641838464585
2021-08-17,444.239990234375,444.0400085449219,17.90999984741211,16.290000915527344,61.25520515809576,167.58432015032554,152.61840580093894,152.21822595870893,152.2180465443487,13.069303612866102,13.059513875961978,13.059513268536746,-3.099102064482092,-3.099281478842298,-3.099281481501387
2021-08-18,442.9599914550781,439.1799926757813,21.56999969482422,23.1200008392334,66.71062788915005,545.5422731054284,427.98015523609433,417.5320127966348,417.41879469689127,92.88002524684661,91.85018326782026,91.84550131417484,17.336742997986157,17.22352489824273,17.22325712442725
2021-08-19,436.2699890136719,439.8599853515625,21.670000076293945,21.239999771118164,67.14442187644084,43.37939872907981,297.2532303265638,291.84984490357044,291.8228215225638,72.23203940158281,71.78038338587334,71.77895202942075,6.987916058569251,6.960892677562599,6.960867657992917
2021-08-20,440.2300109863281,443.3599853515625,18.559999465942383,15.100000381469728,61.92963146695841,-521.4790409482432,117.61806687105471,117.37988952909376,117.37987108330668,5.8245326274821885,5.8218199350111615,5.821819912087111,-3.423589978594199,-3.423608424381257,-3.423608424422161
2021-08-23,445.1600036621094,447.260009765625,17.149999618530273,14.020000457763672,61.08849160847237,-84.1139858486045,95.66708206740559,95.60691746054519,95.60691498233041,2.189689179494362,2.1892171700844223,2.1892171689406634,-3.779663351631853,-3.779665829846624,-3.779665829847625
2021-08-24,447.9700012207031,447.9700012207031,17.219999313354492,13.9399995803833,61.57417684986608,48.56852413937105,98.30622734631572,98.20555554033997,98.20555348301326,2.09816445209069,2.097741470110569,2.0977414692419014,-3.698650216066233,-3.698652273392929,-3.6986522733936513
2021-08-25,448.1700134277344,448.9100036621094,16.790000915527344,12.989999771118164,61.27548602832981,-29.86908215362689,74.63751140936078,74.61679197367778,74.61679191782068,-0.4005154947549978,-0.40060301246147123,-0.40060301249734387,-3.8585609610626914,-3.858561016919787,-3.858561016919788
2021-08-26,448.6099853515625,446.260009765625,18.84000015258789,17.110000610351562,63.54264613629792,226.71601079681096,180.8332687851279,180.05398214989242,180.05357731731803,19.962104560654282,19.939146951234278,19.939144667964648,-2.340212186730982,-2.3406170193053777,-2.3406170343302923
2021-08-27,447.1199951171875,450.25,16.389999389648438,12.31999969482422,61.25705727687587,-228.55888594220488,60.652895518851885,60.64475445499672,60.64475443023,-1.765390620612259,-1.7654091690886622,-1.7654091690901232,-3.883717797989537,-3.8837178227562545,-3.883717822756255
2021-08-30,450.9700012207031,452.2300109863281,16.190000534057617,12.0,62.00074438842044,74.3687111544574,58.59817160609759,58.589763707757704,58.58976370636328,-2.1307042920740473,-2.1307138063176447,-2.1307138063180044,-3.8831841991369624,-3.88318420053139,-3.88318420053139
2021-08-31,452.1300048828125,451.55999755859375,16.479999542236328,12.75,61.94332001808766,-5.742437033278236,72.16476205402347,72.14704599162766,72.14704595535025,-0.7044338776046701,-0.704498966605736,-0.704498966625108,-3.8645677663761338,-3.8645678026535517,-3.864567802653552
2021-09-01,452.55999755859375,451.7999877929687,16.110000610351562,11.75,61.39256035628432,-55.075966180334035,51.91466524114279,51.91008820531519,51.91008820340827,-2.3588455971468174,-2.3588482666345563,-2.3588482666346025,-3.8908459226240324,-3.890845924530956,-3.890845924530956
2021-09-02,453.3200073242187,453.19000244140625,16.40999984741211,12.729999542236328,62.77306759018535,138.0507233901028,71.69217557499894,71.67421848098839,71.67421843597751,-0.5298980121959156,-0.529978834526605,-0.5299788345309278,-3.8640856769462353,-3.8640857219571223,-3.864085721957123
2021-09-03,451.9800109863281,453.0799865722656,16.40999984741211,11.65999984741211,62.60749244733444,-16.5575142850912,52.82784250824421,52.825948338254264,52.82594833785212,-2.529071546979048,-2.5290757992794415,-2.529075799279509,-3.896211658813661,-3.8962116592158114,-3.8962116592158114
2021-09-07,452.7099914550781,451.4599914550781,18.13999938964844,15.329999923706056,64.15141065662336,154.39182092889183,135.0075125346591,134.7460255667894,134.74599264709016,8.83966995747298,8.835922674291682,8.835922612589378,-3.3769273046823547,-3.3769602243815844,-3.3769602245417776
2021-09-08,450.8900146484375,450.9100036621094,17.959999084472656,14.75,63.36999177098588,-78.14188856374784,119.61607982138925,119.45048297466573,119.45047131328758,5.594801449757989,5.593157679991819,5.593157666929978,-3.5687713223496043,-3.5687829837277554,-3.5687829837507206
2021-09-09,450.7000122070313,448.9800109863281,18.799999237060547,16.549999237060547,63.61413598333634,24.41442123504629,167.1351598957771,166.5476963525468,166.54748068915308,16.168691518770316,16.154501471633168,16.154500562736906,-2.724425908823198,-2.7246415722169486,-2.724641577061938
2021-09-10,451.0400085449219,445.44000244140625,20.950000762939453,22.579999923706055,65.75031662161697,213.6180638280635,59.84374956376183,51.64811429997484,51.59013140672878,90.7705422076233,89.79093853135271,89.78663612742986,12.665556550370427,12.6075736571244,12.607461265786869
2021-09-13,448.6400146484375,446.5799865722656,19.3700008392334,20.200000762939453,62.85110367210794,-289.92129495090353,280.3038752854392,276.7954721567805,276.78316952580013,52.704771641660315,52.452212515177656,52.45193306285942,3.153733746398549,3.141431115418209,3.141424583970343
2021-09-14,448.1199951171875,444.1700134277344,19.459999084472656,19.43000030517578,61.543372721231194,-130.77309508767456,254.06712563092415,251.5828642226834,251.57777466402496,42.80677380380724,42.647495064300934,42.647365625654224,1.0838002123792103,1.0787106537207647,1.0787077472227713
2021-09-15,444.6199951171875,447.8800048828125,18.18000030517578,16.200000762939453,61.14607822985009,-39.72944913811034,150.52811659430432,150.13405714815977,150.1339730895859,12.379710377122384,12.366144992223317,12.366144250743526,-3.1116289293097554,-3.1117129878836316,-3.111712988776801
2021-09-16,447.3200073242187,447.1700134277344,18.690000534057617,16.639999389648438,61.56257251763952,41.64942877894333,165.4524365042055,164.9045741072205,164.90441106735437,16.411304856655875,16.39478537542533,16.39478384802993,-2.8037860781653725,-2.8039491180315226,-2.8039491207869016
2021-09-17,444.9200134277344,441.3999938964844,20.809999465942383,19.65999984741211,62.48168279634156,91.91102787020355,259.1880618269949,255.79325351451004,255.7844089361473,43.64449296659414,43.48110109254492,43.480971518899054,2.9161589968625785,2.907314418499845,2.9073115397095055
2021-09-20,434.8800048828125,434.0400085449219,25.709999084472656,27.700000762939453,69.58476471063236,710.3081914290797,598.516507071251,572.4440074347955,571.613337078875,177.08419436631098,171.53900587468667,171.4134723973951,50.777981086472785,49.94731073055231,49.93372100508066
2021-09-21,436.5299987792969,433.6300048828125,24.36000061035156,25.1299991607666,66.20234812183338,-338.2416588798975,438.17975877328087,425.19821615593935,424.8282290646081,144.57420903283437,142.04846957767975,142.02536570618955,23.178801958491185,22.808814867159924,22.80689948158136
2021-09-22,436.0499877929687,437.8599853515625,20.8700008392334,19.459999084472656,60.235093525712,-596.7254596121379,280.22564606318264,277.5547865301536,277.5495409961925,37.15711890895163,36.93494916132278,36.934787677653546,1.4574596929168315,1.4522141589558197,1.4522128174231073
2021-09-23,439.8500061035156,443.1799926757813,18.6299991607666,17.079999923706055,58.348813228679006,-188.62802970329966,171.9142478780838,171.05106849311716,171.05071595048082,16.984855727080628,16.954872467824003,16.954868601954956,-2.1725835762905428,-2.1729361189268452,-2.1729361275491823
2021-09-24,441.44000244140625,443.9100036621094,17.75,15.239999771118164,56.99950728081488,-134.93059478641243,121.68517745952045,121.51663576806149,121.51662503332187,10.308392847883,10.304766007568292,10.304765960214892,-3.5628844125376227,-3.562895147277241,-3.5628951473857886
2021-09-27,442.80999755859375,442.6400146484375,18.760000228881836,16.959999084472656,57.849775992559245,85.02687117443628,171.40835156278027,170.54920512957423,170.54886182206587,16.935851572985243,16.919664610618682,16.91966095799311,-2.1806771869323702,-2.1810204944407383,-2.1810205024842038
2021-09-28,439.69000244140625,433.7200012207031,23.25,24.559999465942383,62.751531759944726,490.1755767385481,167.6066426710825,155.63348997417285,155.40933776796808,136.65011478556292,134.42247014924195,134.40390793282444,20.72315316704416,20.49900096083939,20.497539290500498
2021-09-29,435.19000244140625,434.4500122070313,22.559999465942383,21.790000915527344,61.40736396672284,-134.41677932218852,314.81458359347084,308.48969654852533,308.4516179563121,66.12782892318712,65.54284302503119,65.54060583956024,8.86414874619969,8.826070153986413,8.826023886058596
2021-09-30,436.0199890136719,429.1400146484375,23.13999938964844,23.030000686645508,60.43438962704303,-97.29743396798085,-161.7272258689686,-170.95309437684352,-171.03966951634013,85.88668905554285,84.46733612546008,84.46083527241616,14.811972990391917,14.725397850895378,14.725227873608363
2021-10-01,430.9800109863281,434.239990234375,21.100000381469727,19.770000457763672,57.90528014343204,-252.91094836109949,282.85197316856215,280.10163986444877,280.0961015069931,37.950243307578894,37.718861795177624,37.718689162791414,1.6172925125262507,1.6117541550705976,1.6117505445725016
2021-10-04,433.0,428.6400146484375,22.959999084472656,23.040000915527344,59.278432229749654,137.31520863176172,332.4913394913089,323.656299168298,323.57799945725344,83.40612297013044,82.07578605497525,82.07007774136618,14.005908338488686,13.927608627444142,13.927299269006069
2021-10-05,430.239990234375,433.1000061035156,21.299999237060547,20.31999969482422,57.30738084558115,-197.10513841685042,256.97493312028286,253.50910247129744,253.49665700746007,54.99905503678043,54.666333292022514,54.66595259933858,3.069027797285357,3.0565823334480022,3.0565722982385344
2021-10-06,429.2699890136719,434.8999938964844,21.0,19.540000915527344,57.338386330648746,3.1005485067595373,50.69780209948404,48.21214129824127,48.20630771379448,44.52000206132637,44.31799703057923,44.31783147375046,1.0888308063097325,1.0829972218628887,1.0829944051296536
2021-10-07,438.3900146484375,438.6600036621094,19.540000915527344,18.1299991607666,56.06154736552175,-127.68389651269985,198.83802884920973,197.75842582466427,197.75673586589508,33.024997718325984,32.963595351305045,32.963580755430094,-1.735723576536726,-1.7374135353059152,-1.7374137013261515
2021-10-08,439.4800109863281,437.8599853515625,18.770000457763672,16.739999771118164,54.017386987596865,-204.41603779248823,159.8277555398952,159.33987567475916,159.33949243994593,20.454813786706367,20.436268559436932,20.43626721528876,-2.9230905414876225,-2.923473776300871,-2.9234737842343623
2021-10-11,437.1600036621094,434.69000244140625,20.0,19.75,54.53912566095413,52.17386733572624,249.22597382680652,246.11562492577735,246.10803003588086,41.02425210111241,40.83472777534753,40.8344617717637,2.343490247536928,2.3358953576404087,2.3358927658139246
2021-10-12,435.6700134277344,433.6199951171875,19.850000381469727,19.40999984741211,53.61223876883747,-92.68868921166558,235.82630092358752,233.26015992442714,233.25241319829365,46.680130192997545,46.52543233846069,46.52531120382506,1.2555281069362323,1.2477813808027474,1.247779404129787
2021-10-13,434.7099914550781,435.1799926757813,18.63999938964844,17.450000762939453,51.811745819268026,-180.04929495694455,175.64281186113334,174.69327358562165,174.69238690862434,25.324874499567713,25.291948512023517,25.291943128666247,-1.998263302843707,-1.9991499798410004,-1.999150018221216
2021-10-14,439.0799865722656,442.5,16.860000610351562,14.800000190734863,52.47959079694178,66.78449776737523,139.05050935721852,138.87741464632987,138.8774064938355,4.234375500040608,4.232690831587172,4.232690802411884,-3.553786120711777,-3.5537942732061176,-3.553794273215413
2021-10-15,444.75,445.8699951171875,16.299999237060547,13.239999771118164,53.610815466220544,113.12246692787653,78.29484769211919,78.26626296972384,78.26626275601159,-0.15333225237165005,-0.15342215356858402,-0.15342215375933854,-3.842829914072476,-3.8428301277847385,-3.842830127784749
2021-10-18,443.9700012207031,447.19000244140625,16.309999465942383,13.90999984741211,54.21949350660857,60.86780403880283,119.07934014194866,118.9927899963264,118.9927885701669,1.6043437976733266,1.604017695117828,1.6040176946025806,-3.7268954302759205,-3.726896856435406,-3.7268968564357765
2021-10-19,448.9200134277344,450.6400146484375,15.699999809265137,13.34000015258789,55.665519997384045,144.60264907754734,84.65556714307344,84.6149862855012,84.6149858776018,0.3975860269051905,0.39743678244849523,0.3974367823473077,-3.818837061157177,-3.818837469056581,-3.8188374690566267
2021-10-20,451.1300048828125,452.4100036621094,15.489999771118164,12.6899995803833,56.60248951882053,93.69695214364882,70.31134079724012,70.29554886717155,70.29554883986734,-0.8890015668052551,-0.889055749802349,-0.8890557498156451,-3.8684160579501974,-3.8684160852544123,-3.8684160852544123
2021-10-21,451.7699890136719,453.5899963378906,15.010000228881836,11.8100004196167,56.81360060101692,21.111108219638908,53.648284924451964,53.64272557711111,53.64272557388589,-2.360402408682783,-2.3604077551874227,-2.360407755187518,-3.888881295642621,-3.888881298867847,-3.888881298867847
2021-10-22,453.1300048828125,453.1199951171875,15.43000030517578,11.979999542236328,56.885828847879914,7.222824686299134,57.14891346082576,57.14267069093952,57.142670688839,-2.0314465159836312,-2.031458737914039,-2.0314587379146456,-3.887514453925963,-3.8875144560264783,-3.8875144560264783
2021-10-25,454.2799987792969,455.5499877929687,15.239999771118164,13.09000015258789,58.2762810325948,139.04521847148885,80.20927174209811,80.18027859635069,80.18027845652838,0.3672504951013025,0.3670854654006357,0.36708546537906095,-3.8420132890382432,-3.8420134288605503,-3.8420134288605574
2021-10-26,457.2000122070313,455.9599914550781,15.979999542236328,14.329999923706056,59.38216926503231,110.58882324375077,112.21904511556134,112.13822969802726,112.13822660338651,4.845969752873808,4.844569513169359,4.844569510724531,-3.7383598810006284,-3.7383629756413517,-3.738362975644349
2021-10-27,456.4500122070313,453.94000244140625,16.979999542236328,15.15999984741211,59.05549402105249,-32.667524397982106,132.93303814244192,132.69366823270198,132.69364380659698,5.166477776998111,5.164245077191282,5.164245042222495,-3.421186901933052,-3.4212113280380625,-3.421211328128734
2021-10-28,455.4599914550781,458.3200073242187,16.530000686645508,14.3100004196167,61.684874841164486,262.93808201119975,109.84571564901077,109.7339747285485,109.73397068947236,1.9005150269757802,1.8998978015169161,1.8998977988033214,-3.6765060418363933,-3.676510080912555,-3.6765100809160924
2021-10-29,455.8699951171875,459.25,16.260000228881836,13.670000076293944,62.010191966215466,32.53171250509794,96.52840110140053,96.49269499269016,96.49269459530979,1.9843110954028562,1.9839278263261262,1.983927825661139,-3.8285865904378586,-3.8285869878182486,-3.8285869878183245
2021-11-01,460.2999877929687,460.0400085449219,16.40999984741211,15.020000457763672,62.53883039289303,52.8638426677567,132.66878978433647,132.49853292947114,132.49851533496022,5.096478161816497,5.09438766242922,5.094387634204963,-3.5594335066941176,-3.5594511012050583,-3.55945110121921
2021-11-02,460.2200012207031,461.8999938964844,16.030000686645508,14.739999771118164,63.54901672084685,101.01863279538179,125.31910995944631,125.18924518961884,125.18923590852378,7.251830252275129,7.250451380652693,7.250451369009676,-3.6402426169947817,-3.640251898089839,-3.640251898111549
2021-11-03,461.2999877929687,464.7200012207031,15.100000381469728,13.100000381469728,64.97348369567031,142.446697482346,84.92190780471435,84.89615514698228,84.89615492963068,-0.7987636513195073,-0.7988542093876627,-0.7988542094395559,-3.8484940324810424,-3.8484942498326404,-3.8484942498326435
2021-11-04,465.3599853515625,466.9100036621094,15.4399995803833,13.039999961853027,67.06500421535935,209.15205196890412,86.07752094118042,86.04910618523206,86.04910611972102,-0.6859636408653595,-0.6860671793715518,-0.6860671794388953,-3.8431702915701274,-3.843170357081166,-3.8431703570811706
2021-11-05,469.2799987792969,468.5299987792969,16.479999542236328,13.149999618530272,69.25583848244605,219.08342670867,91.4787545677545,91.44362989780056,91.44362978205167,-0.18514416801158573,-0.18529808755666766,-0.1852980876939494,-3.8297503128454307,-3.829750428594315,-3.829750428594326
2021-11-08,469.7000122070313,468.9299926757813,17.219999313354492,14.43000030517578,70.00986047360668,75.40219911606272,125.33957782746904,125.22140310543253,125.22139845188357,4.077125394759118,4.075481625962423,4.075481620863968,-3.6636365952751744,-3.663641248824141,-3.663641248825769
2021-11-09,469.3200073242187,467.3800048828125,17.780000686645508,15.1899995803833,69.17825705460808,-83.1603418998597,145.59541535590725,145.34587027686092,145.34585444000314,7.253754809559364,7.249867814394385,7.24986772606985,-3.40086233111826,-3.400878167976046,-3.4008781680479463
2021-11-10,465.5799865722656,463.6199951171875,18.729999542236328,15.949999809265137,67.12204566639491,-205.62113882131712,164.28847474113311,163.91810626002456,163.91804618206888,10.861994574069392,10.852915829648305,10.852915632227253,-3.159082801451353,-3.159142879407026,-3.159142880228523
2021-11-11,465.2099914550781,463.7699890136719,17.65999984741211,14.300000190734863,65.95088459987667,-117.11610665182377,117.83498341687411,117.73514743912959,117.73514241527468,2.8975377350587364,2.8966390081123796,2.8966390037334175,-3.7003129729422737,-3.700317996797194,-3.700317996798502
2021-11-12,465.1199951171875,467.2699890136719,16.290000915527344,11.989999771118164,67.45074298539743,149.98583855207528,45.43028360308011,45.424267348258326,45.42426734158213,-1.5135981375882688,-1.5136069954309428,-1.5136069954312905,-3.8879674703278444,-3.8879674770040364,-3.8879674770040364
2021-11-15,468.6400146484375,467.4299926757813,16.489999771118164,12.199999809265137,67.51001938322118,5.927639782375138,69.60520610813192,69.59667594559976,69.59667593739184,-1.9668198186668624,-1.9668452791810347,-1.9668452791816584,-3.882939650311905,-3.8829396585198235,-3.8829396585198235
2021-11-16,467.1499938964844,469.2799987792969,16.3700008392334,11.9399995803833,68.92216127565132,141.21418924301423,45.5774403444315,45.57130558366118,45.57130558228423,-1.4953032820317276,-1.4953091566404146,-1.4953091566407863,-3.8877304743285306,-3.88773047570547,-3.88773047570547
2021-11-17,469.0,468.1400146484375,17.110000610351562,11.510000228881836,68.47283089171859,-44.93303839327325,38.82620682945901,38.823134192940316,38.823134191676594,-2.1664236673472694,-2.166425415610049,-2.1664254156100817,-3.89385472317143,-3.893854724435157,-3.893854724435157
2021-11-18,469.239990234375,469.7300109863281,17.59000015258789,12.43000030517578,70.14517904035347,167.23481486348817,74.8278347095622,74.81379343339806,74.81379342218887,-1.63520472032992,-1.635228814375655,-1.6352288143818807,-3.8719174140441246,-3.871917425253329,-3.8719174252533293
2021-11-19,469.6099853515625,468.8900146484375,17.90999984741211,12.449999809265137,69.63609257679367,-50.90864635597967,75.54293099325041,75.53027632370463,75.53027630363985,-1.5380960208107068,-1.5381418317705817,-1.5381418317726627,-3.8746906007141155,-3.874690620778892,-3.8746906207788925
2021-11-22,470.8900146484375,467.5700073242187,19.170000076293945,16.059999465942383,69.48626485641051,-14.982772038315773,140.95123067259541,140.496182046384,140.49605898839724,13.22228884441307,13.214755424171889,13.214754927637122,-2.9895335713570748,-2.9896566293438713,-2.989656630097122
2021-11-23,467.2200012207031,468.19000244140625,19.3799991607666,16.350000381469727,70.0950332782464,60.87684218358902,178.33159574479427,177.7975793212847,177.79747519528456,13.686210384645948,13.67247059650805,13.672469611299542,-2.83165476908733,-2.8317588950874955,-2.8317588970518552
2021-11-24,466.05999755859375,469.44000244140625,18.579999923706055,14.81999969482422,70.23952634661211,14.449306836570486,104.75366200681295,104.59670821191193,104.5966946006889,8.479217233147423,8.477888249468114,8.477888231538145,-3.586051576502577,-3.586065187725615,-3.5860651877343797
2021-11-26,462.3399963378906,458.9700012207031,28.6200008392334,30.600000381469727,75.94124991613278,570.1723569520666,740.7997740065961,698.9362439268007,696.084214268882,270.12990600247144,258.2806777373735,257.7682544555298,88.57487940098136,85.7228497430627,85.65978816636715
2021-11-29,464.0700073242187,464.6000061035156,22.959999084472656,21.43000030517578,70.79765814004716,-514.3591776085614,304.14960866490554,298.58353670997707,298.54325886117283,81.60990161563551,81.04398953644461,81.04269589878015,7.353067051727352,7.312789202923124,7.312759345645844
2021-11-30,462.0,455.55999755859375,27.190000534057617,28.3799991607666,70.91409389217645,11.643575212929136,291.23798144436694,261.9355913834094,260.59656589305274,236.24457046152477,227.76944093601645,227.60979969330523,58.79407745356771,57.45505196321094,57.43108251375896
2021-12-01,461.6400146484375,450.5,31.1200008392334,33.93000030517578,74.55592138322882,364.1827491052368,-390.46228656424927,-461.61975465960217,-467.96112902255925,72.6842671295104,50.85460496046347,49.25056216881953,158.30387439745894,151.96250003450174,151.68227790874806
2021-12-02,450.7300109863281,457.3999938964844,27.950000762939453,28.040000915527344,72.82486527628598,-173.10561069428445,114.55659859090353,86.0443165737992,84.88803176763518,208.59827755001052,202.19268032748394,202.04518110083578,56.64628117658963,55.489996370425615,55.472486468575525
2021-12-03,459.1700134277344,453.4200134277344,30.670000076293945,31.700000762939453,74.8499434316742,202.5078155388229,467.67080097756536,420.597943925806,417.03163206441315,327.84938048760137,313.68531953010387,312.98092862021645,101.33167076680408,97.76535890541119,97.63867503450393
2021-12-06,456.1300048828125,458.7900085449219,27.18000030517578,27.290000915527344,71.73949273511312,-311.0450696561088,572.4178690891735,549.8344270914833,549.0472756045632,198.03865627960434,192.2449393131751,192.11780045915754,43.658116257126274,42.870964770206136,42.8610892525891
2021-12-07,464.4100036621094,468.2799987792969,21.88999938964844,20.829999923706055,71.22251225247234,-51.698048264077556,327.02666148169783,322.33787943391314,322.3203075484724,58.94128703617089,58.52390763972019,58.522955338231526,5.530327854909691,5.512755969468875,5.512739938357678
2021-12-08,468.7000122070313,469.5199890136719,19.899999618530273,17.5,70.10813054048646,-111.43817119858852,216.83733913912673,215.7730326627918,215.7722805511583,23.265279525624287,23.216490633773624,23.21648400303596,-1.769130642602001,-1.7698827542355087,-1.7698827775112136
2021-12-09,468.1499938964844,466.3500061035156,21.579999923706055,20.489999771118164,69.15931305699243,-94.88174834940253,277.62200172853045,273.3463528245311,273.3319231818154,56.591083133263645,56.300092416050965,56.29949739903845,4.694615121135721,4.68018547841997,4.680176018392771
2021-12-10,469.2300109863281,470.739990234375,18.690000534057617,15.699999809265137,69.90517065116364,74.58575941712127,160.71698252796546,160.35977075654841,160.35973181579408,10.033927813303483,10.028652821966114,10.028652548436376,-3.1854596339006154,-3.1854985746549747,-3.185498574989051
2021-12-13,470.19000244140625,466.5700073242187,20.309999465942383,18.540000915527344,67.56322752964408,-234.1943121519563,215.1295541742248,213.18600489057658,213.18370714674262,33.639439991388194,33.55680947390868,33.556754588640686,-0.006006996377138307,-0.008304740211085626,-0.008305141815708073
2021-12-14,463.0899963378906,463.3599853515625,21.88999938964844,21.020000457763672,66.60305608417629,-96.01714454677932,288.07076018881526,283.3188771655028,283.29018318152333,74.13105178381912,73.68857023065657,73.68775929101714,5.689896119041652,5.661202135062165,5.661186097993898
2021-12-15,463.4200134277344,470.6000061035156,19.290000915527344,16.780000686645508,69.77193618718614,316.88801030098546,-332.82591686851424,-333.69682801663583,-333.6970089917813,15.694559957417544,15.675281257379977,15.675278831934301,-2.1576347614896543,-2.1578157366350474,-2.157815742245332
2021-12-16,472.5700073242187,466.4500122070313,20.56999969482422,18.760000228881836,67.37306018696046,-239.8876000225684,-46.16769795543625,-47.84971582721698,-47.85336428456122,37.16882164719144,37.02602052166318,37.0259700341293,-0.5250177075664215,-0.5286661649106335,-0.5286665571756508
2021-12-17,461.5499877929687,459.8699951171875,21.56999969482422,19.350000381469727,63.27147833508015,-410.15818518803115,269.9672496071286,266.8673198413094,266.8631130685827,38.72649829498779,38.569423697712374,38.56927335149252,2.3124840560669746,2.3082772833403116,2.3082758813337216
2021-12-20,454.4800109863281,454.9800109863281,22.8700008392334,22.209999084472656,60.984824826187875,-228.66535088922717,362.6128917603176,354.9233601567649,354.855376056984,72.44417953044118,71.7635373398782,71.76106604700539,11.683394020732555,11.615409920951661,11.615283808079466
2021-12-21,458.6099853515625,463.05999755859375,21.010000228881836,18.829999923706055,64.54927117030026,356.4446344112383,236.0716615091155,233.720424613812,233.71758094077026,31.945522521441596,31.844839343859903,31.844774619516578,0.8110063276660142,0.8081626546242706,0.8081621486598198
2021-12-22,462.7900085449219,467.69000244140625,18.6299991607666,14.760000228881836,66.11842669174175,156.91555214414876,-8.965384477445534,-9.096545422873067,-9.096553395184412,7.521286010837878,7.519236937294275,7.5192369292304395,-3.6376541921641556,-3.6376621644754965,-3.6376621644910814
2021-12-23,468.75,470.6000061035156,17.959999084472656,13.710000038146973,68.09342482599234,197.49981342505976,105.94332694095722,105.88721611828683,105.88721525944202,1.4803974444892383,1.4801747049632308,1.4801747045103095,-3.7877757781245665,-3.7877766369693893,-3.7877766369694528
2021-12-27,472.05999755859375,477.260009765625,17.68000030517578,14.479999542236328,73.61980127717926,552.637645118692,49.041464622122504,48.904363974121004,48.9043611950499,4.517291556188509,4.516231502350237,4.516231490943815,-3.625790366769396,-3.6257931458405217,-3.6257931458452655
2021-12-28,477.7200012207031,476.8699951171875,17.540000915527344,14.399999618530272,73.12245172843363,-49.734954874563186,131.34909232343938,131.24775617040743,131.24775357861265,5.001828532700046,5.000752075938461,5.000752067059336,-3.6973199185403174,-3.6973225103350935,-3.697322510338899
2021-12-29,476.9800109863281,477.4800109863281,16.950000762939453,12.850000381469728,73.37535295808044,25.29012296468096,67.26639676479535,67.23823834584577,67.23823829615029,-1.546358339283199,-1.5464320772919575,-1.546432077301171,-3.843683013014374,-3.8436830627098684,-3.8436830627098724
2021-12-30,477.9299926757813,476.1600036621094,17.329999923706055,13.859999656677246,72.2263466888936,-114.90062691868417,90.20861626970444,90.12095538509624,90.1209545369632,3.139780036942457,3.139289512026907,3.1392895115374717,-3.7246756863827177,-3.7246765345157655,-3.7246765345163384
2021-12-31,475.6400146484375,474.9599914550781,17.219999313354492,13.260000228881836,70.99616384928002,-123.01828396135761,98.87469386529153,98.84691954564047,98.84691916093274,0.6470978574308672,0.6469622539646407,0.6469622538287343,-3.844450206574706,-3.844450591282416,-3.8444505912824303
2022-01-03,476.2999877929687,477.7099914550781,16.600000381469727,13.520000457763672,73.12386307360454,212.7699224324516,105.63661836632413,105.60116265373952,105.60116217489526,1.362650575053304,1.3623265809316187,1.3623265807026694,-3.829087138297856,-3.8290876171421244,-3.829087617142154
2022-01-04,479.2200012207031,477.5499877929687,16.90999984741211,13.880000114440918,73.00527332490853,-11.858974869601013,92.39001701005932,92.33247912175732,92.33247779697004,2.8860650079928725,2.8854253928962184,2.885425391982613,-3.7849202490335005,-3.7849215738207826,-3.7849215738209954
2022-01-05,477.1600036621094,468.3800048828125,19.729999542236328,18.06999969482422,66.07728969693898,-692.7983627969553,-515.4738732427568,-517.2289235100634,-517.2303394656461,31.553041893634784,31.4831450028654,31.483127241062768,-0.3856513168148221,-0.38706727239754457,-0.3870673663370403
2022-01-06,467.8900146484375,467.94000244140625,19.61000061035156,17.059999465942383,65.51673555854009,-56.0554138398885,166.35526688105705,165.54299088632,165.54253297661572,25.602786140093578,25.58325429090514,25.583251123092523,-2.2740742545857353,-2.274532164290039,-2.2745321732324273
2022-01-07,467.9500122070313,466.0899963378906,18.760000228881836,15.399999618530272,63.27195675860354,-224.47787999365545,120.66880714490594,120.40746114648181,120.40741897783236,12.294803940431452,12.291763474286556,12.291763387232562,-3.3771814969825167,-3.3772236656319667,-3.3772236657055834
2022-01-10,462.7000122070313,465.510009765625,19.399999618530273,17.90999984741211,62.886249717996265,-38.57070406072722,222.7894894391453,221.61279031025722,221.61158581873914,24.879819306933854,24.822859811010836,24.82283801903992,-1.542987947465987,-1.5441924389840875,-1.5441925457172254
2022-01-11,465.2300109863281,469.75,18.40999984741211,16.59000015258789,65.91234636710058,302.6096649104318,183.51482318219973,182.9170671959996,182.91676667413105,14.841196130687921,14.824756803662064,14.824755385311095,-2.7035864523815007,-2.703886974250061,-2.70388697745423
2022-01-12,471.5899963378906,471.0199890136719,17.6200008392334,14.68000030517578,66.60843179045256,69.6085423351974,133.27682199001646,133.17053392078103,133.1705258798286,5.277375700612231,5.274989035372549,5.274989025445517,-3.6873997386577337,-3.6874077796101385,-3.6874077796148734
2022-01-13,472.19000244140625,464.5299987792969,20.309999465942383,18.790000915527344,62.35861351419886,-424.9818276253699,-268.17278949924867,-270.44116738406126,-270.44446947178403,37.25438643452668,37.14843715103922,37.148395702717266,0.6466642844347321,0.6433621967119736,0.6433614461746027
2022-01-14,461.19000244140625,464.7200012207031,19.190000534057617,17.309999465942383,71.13231419130827,874.770067710941,201.56810898807245,200.72535098716833,200.72470512857765,25.965514142964345,25.93675103146984,25.93674619455622,-2.21254629203177,-2.2131921506224645,-2.2131921940850345
2022-01-18,459.739990234375,456.489990234375,22.790000915527344,24.170000076293945,81.86631734006988,1073.4003148761617,448.9971610206837,437.28462855065163,437.0931874136664,129.53557077316253,127.69061771736645,127.67375699578602,20.10186706180837,19.91042592482321,19.90960078427731
2022-01-19,458.1300048828125,451.75,23.850000381469727,23.959999084472656,84.81285169505719,294.6534354987307,-12.5565192935538,-23.489070892190817,-23.660897481014793,124.01644297094538,121.96742773171208,121.95588307264698,18.482792239683555,18.310965650859707,18.310230209417334
2022-01-20,453.75,446.75,25.59000015258789,26.729999542236328,90.25352717058013,544.0675475522937,95.5854862945889,72.38649666945986,71.63378353209171,180.42063931117727,175.74106708049592,175.6594389524746,44.7723027455737,44.019589608205564,44.01421431604136
2022-01-21,445.55999755859375,437.9800109863281,28.850000381469727,30.86000061035156,100.80583446628455,1055.2307295704422,101.31832869447962,59.45231036592353,56.893394459568796,309.3911634699129,295.91637373625815,295.3568886973893,87.71145257857646,85.15253667222167,85.08580910226304
2022-01-24,432.0299987792969,439.8399963378906,29.899999618530273,35.81999969482422,104.14572739498212,333.9892928697566,195.6132363606082,121.0978908135894,113.48458998588453,403.62477116506204,373.8474780514957,371.5563029295842,169.79897379112364,162.18567296341885,161.59474781399356
2022-01-25,433.05999755859375,434.4700012207031,31.15999984741211,37.18000030517578,108.00733020115084,386.1602806168719,1035.033909078345,949.8705461483327,939.8531145550118,452.74015594688933,416.6976305717304,413.41873435974696,199.36645270898077,189.34902111565975,188.42340278753713
2022-01-26,440.7200012207031,433.3800048828125,31.959999084472656,37.400001525878906,110.53675445640692,252.94242552560888,477.29127662341017,395.29442840511365,383.3529414412602,479.2777106992849,443.31738151917455,439.8211266375823,198.52531510122674,186.5838281373733,185.76090306627074
2022-01-27,438.260009765625,431.239990234375,30.489999771118164,33.029998779296875,105.34743522849129,-518.9319227915632,236.93351498649074,178.3463421744631,173.61149746325438,327.50468755787205,309.2735279836021,308.31479580381887,128.1040833502754,123.36923863906662,123.16463871925437
2022-01-28,432.6799926757813,441.9500122070313,27.65999984741211,28.1299991607666,96.04774503031155,-929.9690198179746,-436.7009032149907,-463.8933337261782,-465.0870982146052,19.492640909102406,13.598884667206482,13.45803038608914,54.112177880737384,52.918413392310306,52.90315302808954
2022-01-31,441.239990234375,449.9100036621094,24.829999923706055,25.329999923706055,86.61719211401879,-943.0552916292754,-321.7931736182205,-339.51637283223783,-339.88805673868717,133.97942573250768,131.04656485271877,131.01694350872992,32.668196734742345,32.2965128282931,32.29426857567867
2022-02-01,450.6799926757813,452.9500122070313,21.959999084472656,21.100000381469727,76.89825443507772,-971.8937678941074,315.4621343617979,310.37029659167695,310.3420665215506,66.60773336362898,66.15617972694164,66.1552933860406,6.368450440417039,6.3402203702907,6.340192146149112
2022-02-02,455.5,457.3500061035156,22.09000015258789,21.600000381469727,77.884888422599,98.66339875212873,341.5202289267795,335.078381789019,335.032195393185,64.12632554743661,63.61359514346582,63.612150053467,9.122446644901538,9.07626024906752,9.076195875870122
2022-02-03,450.9500122070313,446.6000061035156,24.350000381469727,24.11000061035156,84.27341477050206,638.8526347903053,432.09440476860334,419.3500921565652,419.1366256294115,119.08708969341573,117.24229404297296,117.22803515048238,22.230663930924365,22.01719740377061,22.01665165417046
2022-02-04,446.3500061035156,448.7000122070313,23.219999313354492,21.86000061035156,80.45484114182958,-381.8573628672482,334.8989853005204,328.8534530110899,328.8140770482718,75.91765761516008,75.26494947410139,75.26253938603712,8.309334745151796,8.269958782333669,8.269911369472105
2022-02-07,449.510009765625,447.260009765625,22.86000061035156,21.61000061035156,78.75289436937214,-170.19467724574326,331.35168705132844,325.4684036033262,325.43048067985313,74.18703092819116,73.40986972963216,73.40754376466451,7.9804735507899895,7.942550627316935,7.9425046783088575
2022-02-08,446.7300109863281,450.94000244140625,21.440000534057617,20.06999969482422,74.11361919945392,-463.92751699182213,273.39858235093294,270.14828860872234,270.1377543025373,49.76484593903751,49.54366557787088,49.54344408523911,2.6322055285491768,2.621671222364113,2.621666180906315
2022-02-09,455.2200012207031,457.5400085449219,19.959999084472656,18.670000076293945,69.79862210425446,-431.4997095199459,238.20697445954676,236.1974003785708,236.1948674085348,37.70737820150537,37.58936161816334,37.58932876832917,0.12674854466299923,0.12421557462701571,0.12421508377157764
2022-02-10,451.3399963378906,449.3200073242187,23.90999984741211,23.709999084472656,82.19898310929733,1240.0361005042869,414.5653495772393,403.33075298814776,403.1775605256698,112.70772236431249,111.05218354761051,111.03995748146073,19.03029065226938,18.87709818979137,18.876591984246346
2022-02-11,449.4100036621094,440.4599914550781,27.36000061035156,26.84000015258789,93.12877313818754,1092.979002889021,-369.60521752865,-391.96602517414834,-392.6440486465913,178.28771881938198,173.63124971925672,173.54476433527415,42.8760037289418,42.1979802564989,42.19123308719727
2022-02-14,439.9200134277344,439.0199890136719,28.329999923706055,27.6200008392334,95.92018240587404,279.1409267686504,608.8389157109765,581.6167912984515,580.6975678698371,181.49265490363533,176.78130102674905,176.63893879602546,53.333111173804596,52.41388774519035,52.403535333208836
2022-02-15,443.7300109863281,446.1000061035156,25.700000762939453,24.489999771118164,87.39141912067416,-852.8763285199886,429.8218938175331,417.3536002912744,417.10914067441604,119.49356616308256,117.12827192586826,117.10736939581597,21.772930328799546,21.528470711941196,21.527483771179696
2022-02-16,443.9299926757813,446.6000061035156,24.290000915527344,21.31999969482422,82.54109032905194,-485.0328791622218,314.93677402530295,308.7859649586443,308.75159610078873,64.98424543828828,64.54978711063812,64.54890954337434,8.504821775090518,8.470452917234969,8.470420567451523
2022-02-17,443.2200012207031,437.05999755859375,28.11000061035156,27.690000534057617,94.71346734808145,1217.2377019029511,170.97946331179173,146.76462488586918,145.71090757068058,188.6934908378978,183.47493152401407,183.35048936100597,47.731807389568,46.678090074379476,46.66450014021926
2022-02-18,437.3299865722656,434.2300109863281,27.75,26.030000686645508,93.33912753082765,-137.4339817253798,479.0070122156209,459.3266185476131,458.85707679324133,165.51093817622586,162.07847639530522,162.03790557151027,36.88094702759225,36.41140527322052,36.40756927791431
2022-02-22,431.8900146484375,429.5700073242187,28.809999465942383,28.6200008392334,96.30797948337471,296.88519525470554,629.9026440302592,600.650470159477,599.2217320837959,195.36922268559357,187.52661147003667,187.34795462474023,58.96304556424266,57.534307488561645,57.51028183151577
2022-02-23,432.6600036621094,421.9500122070313,31.020000457763672,30.709999084472656,103.52487017237772,721.6890689003009,-545.9539400739453,-586.6439360709921,-589.3791816881347,-131.45230208312574,-142.2713367390618,-142.70990370707247,85.88044998114596,83.1452043640033,83.08102956376459
2022-02-24,411.0199890136719,428.2999877929687,30.31999969482422,30.040000915527344,100.93531329990398,-258.9556872473736,-2550.662679554824,-2060.378032445059,-2062.0343441790956,-1736.9432728003283,-1618.0589452263823,-1618.3473086683189,-979.3754087517016,-981.0317204857384,-981.0728766004114
2022-02-25,429.6099853515625,437.75,27.59000015258789,26.149999618530273,91.9627599314816,-897.2553368422382,-281.3101227499846,-302.9291119282514,-303.42500141967776,158.01684232897043,154.923796535918,154.86220899004334,40.83703400469367,40.341144513267416,40.33736367634716
2022-02-28,432.0299987792969,436.6300048828125,30.149999618530273,31.5,99.89034244516569,792.7582513684087,632.9288274052936,587.284902495307,584.5350413816594,271.19869089251335,256.4720698624217,255.8654892471461,95.97714526980073,93.22728415615316,93.11550242382928
2022-03-01,435.0400085449219,429.9800109863281,33.31999969482422,34.79999923706055,109.83599141556206,994.5648970396377,721.8438212551947,652.8675875276525,646.372631343259,378.2272024324408,351.5642553458488,349.70186670475664,154.94254250881798,148.44758632442426,147.9916430505478
2022-03-02,432.3699951171875,437.8900146484375,30.739999771118164,30.790000915527344,101.56902481784371,-826.6966597718351,488.9401985843152,447.45470217186795,444.7237051262716,279.8395690638221,269.0393159364276,268.5461099686377,87.45244820596571,84.72145116036937,84.65965986823707
2022-03-03,440.4700012207031,435.7099914550781,30.479999542236328,30.020000457763672,100.49854810236309,-107.04767154806234,593.6877359380338,559.0413402520503,556.8015175485862,273.97086509472206,263.49868653865076,263.1524765934965,72.28464444507087,70.04482174160678,69.98791425993558
2022-03-04,431.75,432.1700134277344,31.979999542236328,31.11000061035156,105.10778665213726,460.9238549774176,679.1417278280003,636.5809290134428,633.5611016678109,288.456325728209,276.80610223375515,276.3037162754317,90.54784569844031,87.52801835280845,87.4400705022239
2022-03-07,431.5499877929687,419.4299926757813,36.45000076293945,38.56999969482422,118.82056598710895,1371.2779334971685,-473.2689365833691,-577.2344873666808,-591.7697763762981,-181.5185753595488,-217.7230577915719,-222.72526718427392,251.1641512479288,236.62886223831163,235.52884845476584
2022-03-08,419.6199951171875,416.25,35.130001068115234,36.65999984741211,114.73019581049877,-409.0370176610179,896.6811500257643,816.7890757120631,807.0425392462388,437.6173369825791,404.87281653467574,402.3551938001924,187.19121048063838,177.44467401481413,176.78778675289558
2022-03-09,425.1400146484375,427.4100036621094,32.45000076293945,33.439998626708984,105.84034472404957,-888.9851086449198,824.3545989718099,771.4707124309283,765.8031176280108,345.2998341630698,326.4012496360365,325.2590325680436,119.51034030916699,113.84274550624932,113.63570609445114
2022-03-10,422.5199890136719,425.4800109863281,30.229999542236328,30.010000228881836,98.7906005805697,-704.974414347987,608.2755137935206,569.6602257925664,567.9189057437886,242.9106371222241,231.7917872213935,231.4723371545068,78.70205245698355,76.9607324082057,76.91193843920597
2022-03-11,428.1199951171875,420.0700073242187,30.75,30.6299991607666,100.59779715734413,180.71965767744302,-78.92813779769185,-117.52852122463601,-119.87440924774319,269.29289543940854,257.5597233484119,257.16687587311867,80.53805248000901,78.19216445690185,78.12632959450978
2022-03-14,420.8900146484375,417.0,31.770000457763672,34.22999954223633,103.54619959825021,294.84024409060794,844.9120338361853,789.3559290808109,783.2326547072942,359.67447537672933,339.748324929959,338.14018779164917,126.55798544012487,120.43471106660809,120.11686271138076
2022-03-15,419.7699890136719,426.1700134277344,29.829999923706055,30.709999084472656,96.81737512523205,-672.8824473018165,256.35826915569965,215.03687596286923,212.59360836965678,254.98563772626298,244.7408483080324,244.26654533789036,86.2757661307158,83.83249853750337,83.76544677605342
2022-03-16,429.8900146484375,435.6199951171875,26.670000076293945,26.510000228881836,86.49404216545977,-1032.3332959772274,211.1635504533673,191.7996876418092,191.18790971254194,168.25029734019378,163.97568922337402,163.9203954609859,36.679478657197336,36.06770072793005,36.06224150433647
2022-03-17,433.5899963378906,441.0700073242187,25.670000076293945,24.940000534057617,83.22644621525623,-326.75959502035425,-186.9357957481148,-201.41515135617038,-201.72870879716086,137.0883846388092,134.8575308607551,134.83516451618667,26.003733395621623,25.690175954631158,25.68872812212183
2022-03-18,438.0,444.5199890136719,23.8700008392334,22.190000534057617,77.43627333327146,-579.0172881984773,-121.94090958251977,-129.35874068218303,-129.41174825836896,73.63906071493678,73.04870835731506,73.04530558776888,11.094898604370748,11.0418910281848,11.041819859794058
2022-03-21,444.3399963378906,444.3900146484375,23.530000686645508,22.729999542236328,75.97757778180858,-145.86955514628812,363.19009953483953,355.493685171922,355.42677491688346,88.63021780686285,87.48250906582415,87.47766971100273,11.69426508252623,11.627354827487741,11.627119765166496
2022-03-22,445.8599853515625,449.5899963378906,22.940000534057617,22.56999969482422,74.26208201175226,-171.54957700563216,361.85173577970994,354.1446495456518,354.0580272843067,86.0207747034829,85.16910555137339,85.16592054675961,11.77452829547245,11.68790603412734,11.687743095981748
2022-03-23,446.9100036621094,443.7999877929687,23.56999969482422,23.209999084472656,75.8454232209371,158.33412091848516,390.25137027828833,378.94446429636224,378.8103782866494,98.05634936191268,96.88893168926153,96.88302869377135,19.117137893261138,18.983051883548207,18.98269617178117
2022-03-24,445.94000244140625,450.489990234375,21.670000076293945,20.420000076293945,70.00643913609645,-583.8984084840661,188.77879183926402,184.13910077267192,184.1209566580212,53.79262416816541,53.51881433291227,53.51845666446128,5.433845699876777,5.415701585226101,5.415691178718413
2022-03-25,451.1600036621094,452.69000244140625,20.809999465942383,18.450000762939453,67.3192377980254,-268.72013380710484,225.90735501157266,224.23859294806357,224.23653307509414,33.366775216919116,33.27976768996638,33.27972788333698,-0.5562955412876467,-0.5583554142570968,-0.5583556518488226
2022-03-28,452.05999755859375,455.9100036621094,19.6299991607666,17.81999969482422,63.551713961944614,-376.7523836080784,207.3966170112392,206.49059642901554,206.489855909126,27.26792425484357,27.21535592464928,27.215341554130795,-2.0857371099036905,-2.0864776297932393,-2.086477685119632
2022-03-29,460.0199890136719,461.5499877929687,18.899999618530273,17.540000915527344,61.9645526920165,-158.71612699281172,171.86464856739434,170.94823433252176,170.94748521962532,27.496518067177405,27.443239560009253,27.443234532848493,-2.0649240252856447,-2.0656731381820794,-2.0656731936082706
2022-03-30,460.3399963378906,458.7000122070313,19.329999923706055,17.43000030517578,62.76061068704979,79.60579950332942,204.11046872013114,202.92847772186363,202.92768130857303,19.724250112826134,19.6925059555085,19.692499676802633,-1.5336287037799479,-1.5344251170705814,-1.5344251370081974
2022-03-31,457.8900146484375,451.6400146484375,20.559999465942383,18.399999618530273,65.75777345792645,299.7162770876656,-37.94111277228221,-39.32443724631443,-39.32626358844978,35.460303364608116,35.36280569209809,35.36276488401583,-1.12787124893114,-1.129697591066488,-1.129697849927807
2022-04-01,453.30999755859375,452.9200134277344,19.6299991607666,16.0,62.79729954569558,-296.0473912230867,153.39936368330018,152.98838582721942,152.98830338080344,13.451993924288649,13.441467457586155,13.441467266759412,-3.0777969461990398,-3.0778793926150048,-3.077879393412205
2022-04-04,453.1300048828125,456.7999877929687,18.56999969482422,15.760000228881836,59.539961897518054,-325.73376481775256,147.2797922994845,146.93461098755577,146.9345730340741,11.551888253140936,11.544583369796866,11.544583082373448,-3.2095235148560697,-3.2095614683377263,-3.209561468618224
2022-04-05,455.2200012207031,451.0299987792969,21.030000686645508,18.6200008392334,66.64123515361928,710.1273256101223,236.55360712603274,234.59120926789782,234.5888111027136,37.146224187547176,37.032447438619734,37.03241701477531,0.03199154924389225,0.029593384059722005,0.029592938263115265
2022-04-06,446.8900146484375,446.5199890136719,22.100000381469727,19.63999938964844,69.63561329669133,299.4378143072055,260.4455410359397,257.6519555223889,257.64262554487163,44.43672433236461,44.26653950261063,44.26640057189379,1.7151703548832566,1.7058403773659654,1.7058372457872633
2022-04-07,445.5899963378906,448.7699890136719,21.549999237060547,19.049999237060547,67.9007050009285,-173.49082957628355,237.22694566026425,235.2064143118594,235.20287316389408,37.33504533440205,37.17558026878853,37.17547614110323,0.15168829982786836,0.14814715186252858,0.14814643217451273
2022-04-08,447.9700012207031,447.5700073242187,21.15999984741211,17.299999237060547,66.50537686587171,-139.53281350567863,188.8331229765687,187.6531445103617,187.65238015603833,21.15235340050358,21.124178967188705,21.12417489338077,-1.5377498972967834,-1.538514251620167,-1.5385142873930429
2022-04-11,444.1099853515625,439.9200134277344,24.3700008392334,22.850000381469727,75.97233567197765,946.6958806105936,354.2321557138452,344.31985104225794,344.21739686135516,89.49630395743189,88.54438297550907,88.5402487380455,16.232664972133975,16.130210791231164,16.12997989491818
2022-04-12,443.0799865722656,438.2900085449219,24.260000228881836,22.489999771118164,75.53875858339927,-43.35770885783745,213.0055719197819,204.20850086507616,204.1301795844914,82.5585401338689,81.77475537834577,81.77192190143684,13.929536084525088,13.851214803940328,13.851071489526833
2022-04-13,438.0299987792969,443.30999755859375,21.81999969482422,19.149999618530273,67.89247703849338,-764.6281544905889,10.569022339603388,8.148600097579331,8.144440451682536,34.70650451349689,34.57713235005467,34.57701392645661,0.9533257483405881,0.9491661024437894,0.9491653269765035
2022-04-14,443.5499877929687,437.7900085449219,22.700000762939453,19.34000015258789,70.57980082997449,268.73237914811057,1.659303785096725,-0.5473039142172755,-0.5515921069882825,49.972860010714754,49.79133987309909,49.79120628386877,0.5260833855088602,0.5217951927378666,0.521794056663194
2022-04-18,436.80999755859375,437.9700012207031,22.170000076293945,20.8799991607666,68.51640265475157,-206.33981752229147,286.72967395779176,282.0471987761531,282.02906629409307,54.35323633268893,53.94699311640935,53.94618194335638,5.519417024148458,5.501284542088456,5.501261473630249
2022-04-19,437.8599853515625,445.0400085449219,21.3700008392334,20.700000762939453,65.83945264539625,-267.69500093553233,-325.2791522315878,-329.74854561057055,-329.76500335556756,52.647796434780176,52.26545507933655,52.264738152703664,5.088185900614134,5.071728155617178,5.071719522184383
2022-04-20,446.9200134277344,444.7099914550781,20.31999969482422,19.299999237060547,62.523825632643394,-331.5627012752856,250.13260580227478,247.10038991593592,247.09357514391561,40.45517209901116,40.31966206531565,40.31957248684656,2.184881494977655,2.1780667229573716,2.1780649209468823
2022-04-21,448.5400085449219,438.05999755859375,22.68000030517578,22.209999084472656,69.69633149656192,717.2505863918531,-836.266232547114,-843.3080394047838,-843.3645941824491,-304.9546870699329,-305.9686466714454,-305.9725823916538,10.353557322919267,10.297002545254006,10.296909490738019
2022-04-22,436.9100036621094,426.0400085449219,28.209999084472656,29.06999969482422,86.70262686646973,1700.6295369907803,-727.6280205726666,-761.2747948032295,-762.7126335614698,-178.40655203104583,-186.5354929112908,-186.7930510634585,67.80894806636915,66.37110930812882,66.33741966429038
2022-04-25,423.6700134277344,428.510009765625,27.020000457763672,28.950000762939453,82.62531193762311,-407.73149288466186,465.4488692022424,432.1164829906511,430.8387371325893,216.12359802219402,208.77582041590932,208.56021608443226,66.68749543660753,65.40974957854579,65.38011029373997
2022-04-26,425.8299865722656,416.1000061035156,33.52000045776367,37.7400016784668,102.23286657694155,1960.7554639318437,-148.23364941783467,-229.49980558135243,-242.7130061916545,309.6183584442828,274.6306111184135,270.8303949531352,201.0407006355832,187.82750002528104,186.95501347715955
2022-04-27,417.239990234375,417.2699890136719,31.600000381469727,34.81999969482422,96.58383468993247,-564.9031887009073,866.6585359132392,801.2568956793133,794.6810876419898,371.09111851778687,346.9608309441325,345.16808629356956,147.91270914447117,141.3369011071476,140.9201903249905
2022-04-28,422.2900085449219,427.80999755859375,29.989999771118164,32.25,90.8122179777792,-577.1616712153275,543.0929038877073,491.8226220410901,487.76047363273915,302.8463728257897,288.0106166195541,287.28763839396646,111.2398735322734,107.1777251239226,107.04288684393589
2022-04-29,423.5899963378906,412.0,33.400001525878906,36.11000061035156,101.96815383228014,1115.593585450094,-513.1656301627578,-592.8009739984661,-600.9215428161122,-173.67493534044647,-201.28764031477513,-203.67233534263812,181.65754716777067,173.53697835012457,172.91433705202448
2022-05-02,412.0700073242187,414.4800109863281,32.34000015258789,35.400001525878906,98.24438216010256,-372.3771672177577,882.0262217882574,806.4155880701785,799.7002367262054,412.31027906046336,387.6204793650659,385.8087097633409,168.78209061684763,162.06673927287463,161.64430551695241
2022-05-03,415.010009765625,416.3800048828125,29.25,31.61000061035156,89.38117812821292,-886.3204031889637,720.4463641550992,669.3567144072632,666.4823548981323,300.89138232045235,289.3811776897574,288.7864991854487,107.21684489874778,104.34248538961671,104.2395858995382
2022-05-04,417.0799865722656,429.05999755859375,25.420000076293945,26.15999984741211,76.81222796472105,-1256.8950163491877,-1119.4721388853604,-1137.8176217069351,-1138.2679390082365,-646.6150582510156,-649.6150794789537,-649.6669301389499,34.155942271639525,33.70562497033821,33.70095956720693
2022-05-05,424.5499877929687,413.80999755859375,31.200000762939453,33.25,94.80596513914713,1799.3737174426087,-480.3977689184988,-540.239513581861,-544.6869234471651,-100.52262961122946,-118.51131336102546,-119.61126432022574,129.82935804810134,125.38194818279723,125.15152980211988
2022-05-06,411.1000061035156,411.3399963378906,30.190000534057617,29.790000915527344,92.41684861855049,-238.91165205966445,629.1457493514089,591.0879070477922,589.2350687146284,244.83886338671047,236.12102813026854,235.85758811522103,77.8860197758166,76.03318144265288,75.99633038086868
2022-05-09,405.1000061035156,398.1700134277344,34.75,36.650001525878906,106.61834214794179,1420.14935293913,345.49507888921073,268.099179106445,257.8479380945792,437.25065262590516,406.8990867339563,403.86981383109026,184.01104599218382,173.75980498031797,172.99536745746164
2022-05-10,404.489990234375,399.0899963378906,32.9900016784668,34.70000076293945,101.83716417296607,-478.1177974975719,566.9365400162528,510.1686923703776,504.2708984025364,334.63656131796125,314.7337377499954,313.25291163621245,128.3100689153934,122.41227494755225,122.09495156894468
2022-05-11,398.0700073242187,392.75,32.560001373291016,33.91999816894531,102.42555479531235,58.83906223462816,511.8966705455455,456.3139171356797,451.1001690386997,333.21390322990464,314.58410534574017,313.3620440696533,123.65071926116485,118.43697116418484,118.19507631774685
2022-05-12,389.3699951171875,392.3399963378906,31.770000457763672,33.31999969482422,100.54739933862132,-187.8155456691033,713.6661856487011,659.3049974059488,654.7926047980753,332.3160212383467,315.0250757810177,314.0567114484876,118.88672449555361,114.37433188768026,114.2038808479474
2022-05-13,396.7099914550781,401.7200012207031,28.8700008392334,29.3799991607666,90.5351810392246,-1001.2218299396721,425.68930593510305,395.63241820959536,394.2189930242182,209.79161572555947,202.37668262874777,202.163619151917,60.56978175276969,59.15635656739248,59.11813184227112
2022-05-16,399.9800109863281,400.0899963378906,27.469999313354492,28.520000457763672,87.34517236079147,-319.0008678433131,544.4007758861596,517.2513995578239,516.0807097215086,194.88358038625148,188.48335534407298,188.31617703316843,53.96793808338137,52.79724824706604,52.77833933608901
2022-05-17,406.5299987792969,408.3200073242187,26.100000381469727,26.920000076293945,81.30280078951044,-604.2371571281024,441.807522914957,423.2875862709994,422.6914025498983,144.67192670757507,140.86096086049793,140.78944793361669,34.94857767059454,34.352393949493475,34.34570602730235
2022-05-18,403.5,391.8599853515625,30.959999084472656,32.29999923706055,98.07443450364218,1677.1633714131738,-783.9299059968314,-826.3339836577744,-829.6042052124739,-362.4141694473689,-375.3930744961706,-376.0739888184403,91.0803507231014,87.81012916840197,87.69183624604318
2022-05-19,388.6199951171875,389.4599914550781,29.350000381469727,30.690000534057617,95.22111117257076,-285.33233310714223,603.5492742709758,564.6396611261081,562.3864899878224,258.4999526835969,248.00063405128802,247.61475763519704,80.841727970538,78.58855683225238,78.53486756356705
2022-05-20,393.25,389.6300048828125,29.43000030517578,29.190000534057617,95.22262082363035,0.15096510595924428,552.3572058786771,524.4611345579331,522.9228431773981,201.12946354658737,193.04998896282572,192.82240427069578,56.58709686247227,55.04880548193741,55.02230348951948
2022-05-23,392.8299865722656,396.9200134277344,28.479999542236328,28.979999542236328,90.02305902441876,-519.9561799211594,542.3005918317768,515.8102543264263,514.311846875487,193.53086100018808,187.31840818147205,187.0923836039807,53.65819447473898,52.15978702379966,52.13256744778398
2022-05-24,392.55999755859375,393.8900146484375,29.450000762939453,29.479999542236328,93.2055461421769,318.2487117758143,626.9012325558831,592.7898015902744,591.0926930145941,235.06268897641272,226.46428985227664,226.2004992406714,69.51319781007264,67.81608923439254,67.78336139955864
2022-05-25,392.30999755859375,397.3699951171875,28.3700008392334,27.3700008392334,89.38571778439135,-381.98283577855534,210.80866846426943,186.8405862106766,186.05920547511397,159.43071020234268,154.42573954052799,154.33401554949896,46.405107869298675,45.623727133736,45.6154927576164
2022-05-26,398.6700134277344,405.30999755859375,27.5,25.670000076293945,84.5845744155724,-480.11433688189413,-28.497085108377924,-43.940476847245364,-44.28383376569783,132.16913132487466,129.45935753776183,129.4277355015531,28.023349674218053,27.679992755765632,27.677832228113402
2022-05-27,407.9100036621094,415.260009765625,25.719999313354492,23.1299991607666,77.29409161501226,-729.0482800560142,-290.733928230388,-300.2260114372666,-300.34861953559783,95.53610401584214,94.23425806536628,94.22735879594316,15.453012529316828,15.330404430985594,15.330063950345421
2022-05-31,413.5499877929687,412.9299926757813,26.190000534057617,25.90999984741211,78.59701112737454,130.291951236228,421.20844627844997,404.69920604728725,404.2296773905638,133.50450438514747,130.2927987878154,130.24059961188078,30.540463954363965,30.07093529764058,30.066476894775697
2022-06-01,415.1700134277344,409.5899963378906,25.690000534057617,25.1200008392334,78.25214418812989,-34.48669392446533,165.9261805429464,151.7321500498532,151.46700109071963,141.26373642899776,138.74084087782768,138.7149562156107,25.2893241712826,25.024175212148997,25.022238811299417
2022-06-02,409.4200134277344,417.3900146484375,24.719999313354492,23.56999969482422,73.54939400421921,-470.27501839106804,-348.5972626455121,-357.3693241992799,-357.49163985891494,86.9092338361075,85.67106581061668,85.66249739927375,14.01237995414141,13.890064294506358,13.88962814422595
2022-06-03,412.3999938964844,410.5400085449219,24.790000915527344,23.049999237060547,75.60034842874099,205.09544245217768,317.5925600741375,309.6497001899507,309.5510243327071,81.35424725165163,80.28955706265671,80.28314745744837,12.282645828811765,12.183969971568152,12.183670576494213
2022-06-06,414.7799987792969,411.7900085449219,25.06999969482422,25.56999969482422,75.53858483711821,-6.1763591622778335,464.40444326652766,448.53112917507525,448.2218316541114,129.01965111691328,125.99190390774442,125.96099821655761,28.781596666899233,28.47229914593528,28.469946856831157
2022-06-07,408.1000061035156,415.739990234375,24.020000457763672,24.229999542236328,71.73105528591498,-380.7529551203231,-346.5059909756489,-359.2979552285635,-359.46297539762554,115.71611905731727,113.6636034300175,113.65117960736396,22.18102564857299,22.016005479511044,22.015327437504148
2022-06-08,413.9299926757813,411.2200012207031,23.959999084472656,23.90999984741211,72.91135528385136,118.02999979363875,402.0260927640155,389.19871550052784,389.07105709063075,115.52290419531444,113.83772574730858,113.82807565286429,22.139349323099125,22.011690913201974,22.011151793618502
2022-06-09,409.3399963378906,401.44000244140625,26.09000015258789,27.540000915527344,81.1559566085893,824.4601324737943,-183.77890522793714,-205.38517180865168,-206.1950234640607,161.44728193777357,156.67502428473588,156.56880553604256,41.775062466946316,40.96521081153718,40.95427734845082
2022-06-10,394.8800048828125,389.7999877929687,27.75,28.780000686645508,89.43799809720917,828.2041488619868,300.2551343758364,273.61211707740284,272.49380453993035,192.3623810389319,186.15294269555204,185.99748563681115,52.79317240486299,51.6748598673905,51.65766871239334
2022-06-13,379.8500061035156,375.0,34.02000045776367,38.86000061035156,108.10611476296934,1866.8116665760167,712.5894980993637,629.5096411994836,616.6972711157468,480.92169386145633,443.0700745843663,439.2588633322987,204.6475510612582,191.8351809775215,190.58665910755911
2022-06-14,376.8500061035156,373.8699951171875,32.689998626708984,36.95000076293945,106.02006295398068,-208.60518089886568,827.2131411823318,748.6622788630073,739.858617324905,410.841228877346,382.52281565638594,379.6308616953457,181.7174942840524,172.91383274595012,172.2388620582264
2022-06-15,377.3599853515625,379.2000122070313,29.6200008392334,32.529998779296875,97.63181789715928,-838.8245056821404,701.2788598612117,658.289836894634,654.6989090466985,284.8078008888853,269.88442773531057,269.06555197638687,93.2435016283848,89.65257378044939,89.52471768346048
2022-06-16,370.510009765625,366.6499938964844,32.95000076293945,36.58000183105469,109.9549429705214,1232.312507336212,771.8051080265225,710.695151212431,702.1448654156538,384.3976120908861,355.23330983616313,353.06184006498364,146.15868443371116,137.60839863693386,136.9013490905245
2022-06-17,365.510009765625,365.8599853515625,31.1299991607666,30.399999618530273,107.27245154899053,-268.24914215308695,590.9967619881561,551.7314997537854,549.9516690277577,209.28442783432124,199.85316029515175,199.41994813848908,80.12764642791223,78.3478157018844,78.29602624627604
2022-06-21,371.8900146484375,375.0700073242187,30.190000534057617,30.3799991607666,100.23275373992281,-703.9697809067718,544.350283914508,508.9750032483803,506.7922135640785,220.43556619977457,211.7876035628767,211.38316184332965,73.54856157683857,71.36577189253684,71.31659395168292
2022-06-22,370.6199951171875,374.3900146484375,28.950000762939453,28.299999237060547,98.4274054743113,-180.53482656115136,443.65554536525786,418.29309128344045,417.2550237109972,172.18151670035132,165.64414931879023,165.52063119714643,49.97966825690873,48.94160068446544,48.92817785130292
2022-06-23,376.6400146484375,378.05999755859375,29.049999237060547,28.290000915527344,96.4792374712006,-194.81680031106947,533.8177690422078,511.1243297533331,509.90398254601257,180.40939343074098,174.60816495184974,174.45386369060793,45.19329392961922,43.97294672229874,43.95789764852698
2022-06-24,381.3999938964844,390.0799865722656,27.229999542236328,26.040000915527344,86.94034997577663,-953.8887495423978,-552.9043445650157,-568.6811686847102,-569.1490813382248,-76.36907654748256,-79.02746137723292,-79.08073595960902,29.06845635886078,28.60054370534605,28.596861367795505
2022-06-27,391.0499877929687,388.5899963378906,26.950000762939453,25.809999465942383,86.8836121816509,-5.673779412572344,419.82852135749977,405.5248700626865,405.22432337349716,125.19759563824499,122.76314863197611,122.72899375541965,25.620288109511918,25.319741420322664,25.31596871229396
2022-06-28,390.2300109863281,380.6499938964844,28.36000061035156,27.18000030517578,93.45250130445444,656.888912280354,-598.2020969479622,-620.7586707512427,-621.4392475548049,-117.86183415277786,-122.41484015402877,-122.49022934001023,43.274099116661006,42.593522313098866,42.587159397732606
2022-06-29,381.2300109863281,380.3399963378906,28.15999984741211,26.559999465942383,93.19665773510195,-25.584356935249275,426.6261930035318,409.0821055397896,408.52132805141775,150.90269604143614,146.82687074698129,146.76968618907986,32.885850010752165,32.325072522380374,32.319970712700005
2022-06-30,376.239990234375,377.25,28.709999084472656,26.86000061035156,95.7482635078638,255.1605772761846,424.8557133030925,407.4971608005219,406.94681601852665,149.83397707675877,145.8259436422678,145.75873622488467,32.48300466563963,31.93265988364439,31.927730063115348
2022-07-01,376.55999755859375,381.239990234375,26.700000762939453,23.559999465942383,90.11799155628215,-563.0271951581648,117.65303247389248,109.61117696550426,109.465271791366,90.26656922558418,89.31755062350021,89.30911890293869,12.622435164540148,12.476529990401906,12.476194302024473
2022-07-05,375.8800048828125,381.9599914550781,27.540000915527344,27.34000015258789,90.75709132785114,63.909977156899345,52.18977825902599,29.072192508733224,28.446142670835044,160.09334217947062,155.65888880361715,155.5586858549094,44.24317324610526,43.61712340820703,43.60720456832562
2022-07-06,382.1099853515625,383.25,26.729999542236328,25.950000762939453,88.62386695230055,-213.3224375550597,406.93550261402754,391.2279218947161,390.79462531556135,118.33999642116618,114.92488293451093,114.8849431779922,28.823271308624633,28.38997472946994,28.387247642784054
2022-07-07,385.1199951171875,388.989990234375,26.079999923706055,24.790000915527344,84.26627693102841,-435.7590021272131,373.835684287622,361.17195732075174,360.89607876434184,100.99387721436554,99.11589142937723,99.09424385156943,22.2587919138478,21.98291335743788,21.98168089316085
2022-07-08,387.2699890136719,388.6700134277344,24.63999938964844,21.90999984741211,81.97014149561096,-229.61354354174546,284.5134164135839,278.5459926588544,278.510660607505,74.68448531196444,74.10285606548086,74.1014893200314,8.141083423796026,8.105751372446552,8.105671475050604
2022-07-11,385.8500061035156,384.2300109863281,26.170000076293945,24.459999084472656,86.77480814748351,480.46666518725516,364.33277804413143,352.2290565667114,352.00017617650263,96.17227630907466,94.37824939045275,94.3618489916602,20.99659643391871,20.767716043709967,20.7668794846349
2022-07-12,383.6499938964844,380.8299865722656,27.290000915527344,27.1299991607666,90.44133628784223,366.65281403587215,509.53700982142607,488.95104114154753,488.37382716503475,165.4632259911577,161.47277734969762,161.39681660487972,39.021841613057966,38.44462763654523,38.438576736607196
2022-07-13,375.1000061035156,378.8299865722656,26.81999969482422,25.940000534057617,90.86319298710754,42.18566992653052,393.47797679104593,375.9710492603169,375.62628359312885,130.74859907433805,127.83222200227496,127.79552150751755,32.159597618968036,31.81483195177998,31.811024146220696
2022-07-14,373.6099853515625,377.9100036621094,26.399999618530273,25.219999313354492,90.76271287111285,-10.04801159946851,233.6055554997633,221.91461855123939,221.59798347798954,115.33276161092219,113.16192456373417,113.13748268870603,20.43588214598207,20.119247072732207,20.117883600273892
2022-07-15,382.5499877929687,385.1300048828125,24.229999542236328,22.13999938964844,83.01276827988065,-774.9944591232207,330.5111148403624,324.5777208746838,324.5411108234077,74.13171996171653,73.5468358035192,73.5449220571566,8.076929183778285,8.040319132502166,8.04021546252018
2022-07-18,388.3800048828125,381.9500122070313,25.299999237060547,25.600000381469727,86.37620473356162,336.34364536809755,0.889645456223823,-15.12785453061832,-15.454201945232557,140.19005744040612,137.4842367765861,137.45595099755616,29.119510693548335,28.793163278934102,28.79134788987014
2022-07-19,386.0799865722656,392.2699890136719,24.5,26.200000762939453,78.86245113929537,-751.3753594266248,-32.067264874422136,-46.337426777335395,-46.87847381970116,126.95420103169923,123.85331223376913,123.7994789524304,26.275526006157108,25.73447896379129,25.730468710162405
2022-07-20,392.4700012207031,394.7699890136719,23.8799991607666,25.18000030517578,76.3660786348546,-249.6372504440771,458.3668820753699,442.86218314649403,442.5557608644229,137.13397762162305,134.5530942419392,134.52686979688076,28.033635379233125,27.727213097161993,27.7255590804362
2022-07-21,394.1600036621094,398.7900085449219,23.11000061035156,23.440000534057617,72.78328639491095,-358.27922399436574,186.91789405579075,178.53217573155652,178.43540904990738,87.87480949665633,86.78847177927747,86.78106785810907,13.162663323471955,13.065896641822759,13.065587972211693
2022-07-22,398.9200134277344,395.0899963378906,23.030000686645508,22.09000015258789,74.6821748590606,189.88884641496497,308.5798631108989,302.55731182384443,302.5119235967161,71.11909293325581,70.47149317104763,70.46938153000423,8.281469163583711,8.23608093645537,8.236013657627272
2022-07-25,395.75,395.5700073242187,23.36000061035156,23.09000015258789,74.7071885482497,2.5013689189108845,336.24695188588277,328.5402249766232,328.4641812381708,83.5607215502497,82.62482430661676,82.61747027494714,11.742560103407316,11.666516364954848,11.666191576374176
2022-07-26,393.8399963378906,390.8900146484375,24.690000534057617,24.950000762939453,79.43181547070341,472.4626922453709,395.83424498156813,383.6530292051578,383.4444752554668,112.65976461824654,110.77110205078871,110.7441229263694,21.093379111387044,20.884825161696035,20.883066458028118
2022-07-27,394.3599853515625,401.0400085449219,23.239999771118164,22.13999938964844,71.3018025036569,-813.0012967046512,-302.63802138881675,-309.89303010584985,-309.9488500379934,69.49608420565772,68.70307729563916,68.70050489100583,10.777717937492026,10.721898005348441,10.72181779647642
2022-07-28,401.8900146484375,406.0700073242187,22.329999923706055,20.809999465942383,67.03079491827118,-427.10075853857177,258.34928883319907,254.23776574813294,254.21840390826551,55.70521239462964,55.34687174706278,55.346208763726864,4.381176430167056,4.361814590299597,4.361799679145198
2022-07-29,407.5799865722656,411.989990234375,21.329999923706055,18.56999969482422,62.24450835969135,-478.6286558579832,212.965219824792,211.63590477259123,211.6338232598746,24.770958629458697,24.7011666313685,24.701130273613167,-1.2351242107705618,-1.2372057234871932,-1.237206105703879
2022-08-01,409.1499938964844,410.7699890136719,22.84000015258789,21.940000534057617,65.30180996871881,305.7301609027462,322.72735859679125,315.7831347942629,315.74259310175114,77.35163574507648,76.77508556697735,76.77320119206307,10.110252341745536,10.069710649233791,10.06965078438956
2022-08-02,409.1199951171875,408.05999755859375,23.93000030517578,23.25,68.43592640944414,313.41164407253217,368.3002545176314,358.188535090609,358.0919673692286,99.08874529179514,97.65121600361707,97.64516743356648,16.61383628766584,16.517268566285487,16.51703735069129
2022-08-03,410.2999877929687,414.4500122070313,21.950000762939453,20.559999465942383,61.80074258001892,-663.5183829425216,188.37695164539224,185.04904751069293,185.03426786919366,45.906640366305936,45.62525908995544,45.6247662587516,2.8001796991346763,2.785400057635451,2.7853892241907
2022-08-04,414.3699951171875,414.1700134277344,21.440000534057617,19.690000534057617,60.88840618395625,-91.23363960626705,214.64313564018462,212.10456882296228,212.09630787432343,38.36369665854038,38.17733227858257,38.177105574538075,1.2019275844652233,1.193666635826375,1.1936629345569774
2022-08-05,409.6600036621094,413.4700012207031,21.149999618530273,19.31999969482422,60.59901805112885,-28.938813282739773,237.87097151295407,235.86560929850373,235.8603792351405,32.60597615678949,32.47367421371237,32.47354718251763,0.12642043970411976,0.12119037634089747,0.12118843613280195
2022-08-08,415.25,412.989990234375,21.290000915527344,19.93000030517578,60.81098274108378,21.196468995492523,265.51818007233476,262.66349248130194,262.6553056283503,41.52260859715582,41.30132094882495,41.30106657977772,1.8339512724079423,1.8257644194562177,1.8257592424693776
2022-08-09,412.2200012207031,411.3500061035156,21.770000457763672,20.809999465942383,62.36093313284658,154.9950391762806,289.1258437034373,285.3284173859297,285.30898019168455,63.245282204469255,62.90225667846544,62.90167285217016,3.7532095583328076,3.73377236408769,3.733757253747478
2022-08-10,418.7799987792969,419.989990234375,19.739999771118164,17.59000015258789,54.58276537476826,-777.8167758078325,197.27320189072435,196.20809554205488,196.2074824953185,21.137608414608344,21.109163251352257,21.109155912972206,-1.7679480180193723,-1.7685610647557808,-1.7685611128994174
2022-08-11,422.989990234375,419.989990234375,20.200000762939453,18.030000686645508,55.34291389486397,76.01485200957114,215.21352351358388,214.2019612383058,214.20052150982377,34.46479752918912,34.41416238801631,34.414138391640606,-1.872556050848,-1.873995779330039,-1.873995850378662
2022-08-12,422.0299987792969,427.1000061035156,19.530000686645508,16.780000686645508,51.11713230962451,-422.578158523946,-42.9705428617482,-43.441607264484254,-43.44188028402959,22.12559694099678,22.10989840296918,22.109895832373553,-2.9570521259795632,-2.957325145524896,-2.9573251488289785
2022-08-15,424.7699890136719,428.8599853515625,19.950000762939453,18.540000915527344,51.02230133008666,-9.483097953784636,233.75829669442018,232.39683925684315,232.39423974333465,31.905995106496015,31.82764250232993,31.827598929070803,-1.1692860020567073,-1.1718855155652115,-1.1718857096470638
2022-08-16,427.7300109863281,429.7000122070313,19.690000534057617,18.600000381469727,50.10865477001323,-91.36465600734311,200.66391162212764,199.1664540584009,199.16398837855888,33.70955682742024,33.619258791507065,33.61920337555,-0.897687016771167,-0.9001526966131603,-0.900152968686303
2022-08-17,425.9100036621094,426.6499938964844,19.899999618530273,18.63999938964844,51.48768167243901,137.90269024257782,238.17716723256558,236.70397688783012,236.70078302615545,33.90735691393232,33.817964874938745,33.81790392846279,-0.9440368280736062,-0.9472306897482996,-0.9472309888806265
2022-08-18,426.8599853515625,427.8900146484375,19.559999465942383,17.670000076293945,50.2651361987767,-122.25454736623078,209.2068541112711,208.3085755409974,208.307505040833,24.864870549132903,24.82317874472708,24.8231649044923,-2.1002312415356625,-2.101301741700053,-2.101301780840801
2022-08-19,424.9800109863281,422.1400146484375,20.600000381469727,18.239999771118164,54.379412309298814,411.42761105221126,224.31886548817974,223.13591964688217,223.13390245910887,29.83233680350127,29.768057374565323,29.76802345660378,-1.5280563596675076,-1.5300735474408338,-1.530073678910043
2022-08-22,417.0499877929687,413.3500061035156,23.799999237060547,22.850000381469727,63.60615727657466,922.6744967275849,367.5327626913189,359.39704731158037,359.32067791697096,99.0750973078559,98.23478909052149,98.22987063647722,12.601228638169532,12.524859243560103,12.524629425678922
2022-08-23,412.8999938964844,412.3500061035156,24.11000061035156,23.350000381469727,64.48229182786574,87.61345512910736,379.302974704159,368.36539734852636,368.2775777482802,104.08976232105161,102.77970218336088,102.77385056038058,18.23946517405694,18.151645573810768,18.15136196514578
2022-08-24,412.1099853515625,413.6700134277344,22.81999969482422,21.200000762939453,61.56143382334925,-292.08580045164894,302.70588294227025,296.968704906843,296.94261871788666,68.46620075007282,68.04148016546057,68.04065135361631,7.652685419652094,7.626599230695758,7.626575643102207
2022-08-25,415.239990234375,419.510009765625,21.780000686645508,20.34000015258789,56.99365205941234,-456.77817639369067,176.75515279149923,173.39127634530925,173.37955223982397,46.25175437109096,45.96712184675313,45.966710922067385,2.8629540236399844,2.8512299181547105,2.8512203136986383
2022-08-26,419.3900146484375,405.30999755859375,25.559999465942383,23.899999618530273,69.94373235679554,1295.0080297383195,-1746.280216455895,-1588.457092808947,-1588.6253626208465,-1035.8995632513452,-1037.680910482112,-1037.6894533646612,-319.0399771694315,-319.20824698133106,-319.2087331731863
2022-08-29,402.2000122070313,402.6300048828125,26.209999084472656,24.760000228881836,72.00327616562052,205.95438088249836,408.2512385232608,394.92630543274777,394.6632565558274,119.26303200911025,117.06127335853104,117.03827300165744,23.543521827730963,23.28047295081052,23.27897275045963
2022-08-30,403.8500061035156,398.2099914550781,26.209999084472656,24.40999984741211,74.32552156924835,232.22454036278322,40.63357442583563,28.2161797405495,27.997989987403678,114.0948090440221,112.13910014368916,112.12168272937889,21.592416859131276,21.37422710598546,21.37320920216103
2022-08-31,399.9299926757813,395.1799926757813,25.8700008392334,23.690000534057617,75.5473136188582,122.17920496098458,200.6753510766982,190.92599329393258,190.79559274093359,97.20370278559447,95.84731412454201,95.8385343615836,15.991192622150892,15.86079206915189,15.860367339383215
2022-09-01,392.8900146484375,396.4200134277344,25.559999465942383,23.760000228881836,74.28801760576778,-125.92960130904203,352.6658076831931,343.7999701433724,343.69462453312656,91.38553402248891,90.21907176370921,90.20750775416894,14.14947942857057,14.044133818324747,14.043545247806732
2022-09-02,400.2799987792969,392.239990234375,25.469999313354492,22.969999313354492,76.70865242902248,242.06348232547015,-410.12101418667675,-418.3236361645249,-418.41705948015067,86.51383949645188,85.457674433342,85.45190793213024,12.786274345433013,12.69285102980721,12.692597731568275
2022-09-06,393.1300048828125,390.760009765625,26.90999984741211,26.989999771118164,79.08652672799562,237.78742989731398,467.9508012248025,449.0516134800757,448.5013610319946,151.19148257598152,147.47795586585698,147.40278228592877,35.56796550307873,35.01771305499761,35.01145622140226
2022-09-07,390.4299926757813,397.7799987792969,24.63999938964844,24.049999237060547,71.71938034745097,-736.7146380544654,-343.67365136904874,-355.19514167942594,-355.35373358168283,113.0736594749323,111.44229706593657,111.43157317684121,19.620311222552964,19.461719320296083,19.461201504585368
2022-09-08,395.3900146484375,400.3800048828125,23.61000061035156,22.84000015258789,68.6957733285996,-302.3607018851365,54.73267203673823,45.68741709472374,45.59543411342936,80.83681205426353,79.71744557513472,79.71235381148193,14.467045688756153,14.375062707461796,14.374867193450358
2022-09-09,402.739990234375,406.6000061035156,22.790000915527344,21.709999084472656,63.72786598380961,-496.79073447899924,303.42551710803195,297.7333606546329,297.69446583899224,68.75169940452157,68.16354506904442,68.1618725115273,7.601142701290605,7.562247885649883,7.56219945022192
2022-09-12,408.7799987792969,410.9700012207031,23.8700008392334,25.260000228881836,62.51054879914848,-121.73171846611268,441.3939922801406,425.1127793793234,424.79719702264873,135.9350099488163,133.53623069463129,133.50509428407133,29.616219522570745,29.300637165896056,29.298291116668743
2022-09-13,401.8299865722656,393.1000061035156,27.270000457763672,29.13999938964844,77.37594704772081,1486.5398248572333,-405.4132065953743,-436.09358282287405,-437.59329151078265,32.84209769088268,25.177861709143393,24.947025882416277,62.045493742473234,60.54578505456451,60.51747989529914
2022-09-14,394.4700012207031,394.6000061035156,26.15999984741211,27.280000686645508,74.98859655718383,-238.73504905369884,544.0181327154312,519.7717825495623,518.9610191479933,185.1263584679996,180.01322004505946,179.91587144096115,47.05210963001885,46.241346228449814,46.232344731326215
2022-09-15,392.9599914550781,390.1199951171875,26.270000457763672,27.11000061035156,77.99604809131083,300.7451534127,471.62555795370747,452.4032200412245,451.8433800258988,153.1071787899215,149.3007639978075,149.2382005651632,36.25158125574774,35.69174124042196,35.6826543501954
2022-09-16,384.1400146484375,385.55999755859375,26.299999237060547,27.059999465942383,81.14835649035318,315.23083990423544,451.3925252730063,431.20981179419164,430.473130327514,140.93216686201774,137.0701914269858,136.98808557003576,38.696444370264004,37.95976290358639,37.95279724264655
2022-09-19,382.260009765625,388.5499877929687,25.760000228881836,27.780000686645508,78.26158278041392,-288.6773709939263,-36.84111564329327,-59.27368532591831,-60.211666062205566,177.07288787916562,172.51381527220397,172.39901917601117,43.81690936745596,42.878928631168726,42.86636950759212
2022-09-20,385.05999755859375,384.0899963378906,27.15999984741211,30.38999938964844,82.76167144046954,450.0088660055624,579.3489293708232,543.9426665099721,541.613390478798,216.08766564843333,204.97909230405904,204.59266981211314,74.05596448952535,71.72668845835128,71.67532101293232
2022-09-21,386.1099853515625,377.3900146484375,27.989999771118164,30.34000015258789,88.40997515874051,564.8303718270967,-341.3165139676609,-376.8366288235441,-379.19812577483975,92.95134175293761,83.78909835918972,83.39465848622606,74.38494424187995,72.02344729058426,71.97056716899374
2022-09-22,376.5799865722656,374.2200012207031,27.350000381469727,27.670000076293945,90.3008377794925,189.08626207519887,510.4100371636754,490.14501394361974,489.1779321180246,166.86657926141615,161.94025858430675,161.8280812738273,39.561073923008,38.593992097412894,38.58414247331851
2022-09-23,370.5799865722656,367.9500122070313,29.920000076293945,30.25,97.13555514592228,683.4717366429786,589.533682761301,560.7266239834681,558.7662409186325,215.61501934265956,205.4213442323171,205.12951291660264,59.719967577266644,57.75958451243103,57.71851239039206
2022-09-26,366.4100036621094,364.30999755859375,32.2599983215332,34.13999938964844,101.56057561499959,442.502046907731,734.6389607577853,680.7809547688045,675.9826694411813,304.21043525175423,285.1739921108565,283.8606644936653,119.03367098381496,114.2353856561918,113.96894880696405
2022-09-27,368.0199890136719,363.3800048828125,32.599998474121094,33.4900016784668,102.4717370081437,91.11613931441127,526.9219273060651,477.43677714103774,472.1457015376075,323.0804409110176,308.28831849570884,307.2276096711031,111.48929623137694,106.19822062794674,106.02133054742414
2022-09-28,364.3800048828125,370.5299987792969,30.18000030517578,31.15999984741211,95.00667970985589,-746.5057298287818,104.55247895140239,67.81974266833771,65.6725545206951,224.62852891533555,213.85553173578617,213.30812719301952,76.21980596837983,74.07261782073725,74.0028502249835
2022-09-29,366.80999755859375,362.7900085449219,31.84000015258789,32.66999816894531,102.26640164668126,725.9721936825372,635.6606012473466,590.5487046533708,587.0304298802095,267.86959198303765,252.55055870743044,251.77314060423623,97.38514004511816,93.86686527195688,93.70066098348624
2022-09-30,361.7999877929687,357.17999267578125,31.6200008392334,31.190000534057617,106.67407067861643,440.7669031935171,439.5970364685871,404.7948965843792,402.26523406032936,251.29185028279824,240.5902492888109,240.19863980839582,73.5099566164931,70.98029409244334,70.90930697683218
2022-10-03,361.0799865722656,366.6099853515625,30.100000381469727,30.649999618530273,97.80496488083043,-886.9105797786005,199.2479656402432,167.20720473084643,165.04723548551206,236.41145673421906,227.172197303499,226.850208537921,66.86140863073044,64.70143938539601,64.63534782492951
2022-10-04,372.3999938964844,377.9700012207031,29.06999969482422,29.81999969482422,87.98993145555704,-981.5033425273384,184.73616492938,157.20491004794164,155.44357827815165,208.80750740766385,199.2686344342508,199.0166391424892,56.57900690746704,54.81767513767709,54.77386637043528
2022-10-05,373.3900146484375,377.0899963378906,28.549999237060547,28.809999465942383,88.21879007064672,22.885861508967764,525.71035878491,502.0354602387755,500.72664717298926,186.3358558311142,179.87435760381976,179.7080229536335,47.425826302900646,46.1170132371145,46.100644325688684
2022-10-06,375.6199951171875,373.2000122070313,30.520000457763672,31.299999237060547,92.64256844452697,442.37783738802534,646.3004380464637,610.7598732730548,607.758421754375,249.08783150549414,237.83940084386535,237.31786731870434,76.40741226343876,73.40596074475893,73.33345303944841
2022-10-07,368.9700012207031,362.7900085449219,31.36000061035156,30.549999237060547,101.52776948756369,888.5201043036716,99.66239608653048,65.02560139609145,62.47517436594979,248.21458532784644,239.67903134410147,239.28438742486313,73.17222210094286,70.62179507080126,70.57341568623158
2022-10-10,363.9599914550781,360.0199890136719,32.45000076293945,32.220001220703125,104.31145340646798,278.36839189042877,588.1249633554775,547.3271594082173,543.8050679824416,279.5532236250427,268.56744907322417,267.9470814785014,88.65515816641457,85.13306674063895,85.00375568178937
2022-10-11,358.239990234375,357.739990234375,33.630001068115234,34.65999984741211,106.82235665579648,251.0903249328507,724.7492563267239,673.7502073357433,668.1972028146619,333.36142976189933,315.28141801100753,313.901496073288,115.75776007373545,110.20475555265398,109.88212339471846
2022-10-12,358.1700134277344,356.55999755859375,33.56999969482422,34.61000061035156,107.72551498089085,90.31583250943669,722.8247048711738,672.1922374047489,666.7327515610995,335.15870378283097,313.65086443774794,312.29744329142,114.71043229991498,109.25094645626552,108.93892188387247
2022-10-13,349.2099914550781,365.9700012207031,31.940000534057617,31.510000228881836,98.92442756209218,-880.1087418798672,-2610.486486738935,-2050.2505062860973,-2052.7643862961377,-2056.28301210841,-1770.119433224363,-1770.6290255412603,-1116.6051488944345,-1119.1190289044748,-1119.1930444362374
2022-10-14,368.5499877929687,357.6300048828125,32.02000045776367,29.670000076293945,105.94746628971015,702.3038727617973,-912.4674778141591,-938.1213370714528,-939.6584944163477,-475.56229861191264,-484.2235651791796,-484.43580065375977,52.14291224319662,50.60575489830168,50.56478295110292
2022-10-17,364.010009765625,366.8200073242187,31.3700008392334,30.600000381469727,90.33780058530411,-1563.566570440604,528.2775980358173,495.3571286303327,493.08390745871014,239.35549256131404,231.4572019376463,231.11326371134663,68.97667127864692,66.70345010702437,66.63200434085032
2022-10-18,375.1300048828125,371.1300048828125,30.5,28.989999771118164,88.86470488567107,-147.3095699633035,502.36963365178775,471.9765675013539,470.8137678424073,193.72964299865987,186.90812436467152,186.72145125533973,60.46093510154247,59.29813544259587,59.269505389853485
2022-10-19,368.989990234375,368.5,30.760000228881836,28.670000076293945,88.80016735169389,-6.453753397718742,473.12192644982696,447.03599501012206,445.61001231286656,203.45368579069302,197.94887325550374,197.7690885550183,52.60190444199974,51.17592174474421,51.15871765953001
2022-10-20,368.0299987792969,365.4100036621094,29.979999542236328,27.8700008392334,85.77875757545723,-302.1409776236652,442.32211106289617,419.8118965001347,418.75706679849463,183.99204732702398,179.60990691430112,179.49135069752535,44.3154282809468,43.26059857930666,43.2505018398248
2022-10-21,365.1199951171875,374.2900085449219,29.690000534057617,28.459999084472656,87.12690334675227,134.81457712950373,-602.6520673150063,-626.6805505004609,-627.892647861029,-264.6246344969392,-270.62622708791974,-270.77084469692954,47.840762929453014,46.62866556888477,46.612941099652
2022-10-24,375.8900146484375,378.8699951171875,29.850000381469727,31.65999984741211,88.59631993463444,146.9416587882165,606.2552231495582,561.6298083309356,558.999911064885,259.85894062709974,247.74924495877545,247.12245621984468,93.5662405286134,90.93634326256284,90.82905056710206
2022-10-25,378.7900085449219,384.9200134277344,28.459999084472656,30.670000076293945,86.715291600365,-188.10283342694305,187.30565583459523,152.7529538791186,150.62679835987765,240.45706625339753,229.90732551178237,229.5679244390024,71.77796410121294,69.65180858197203,69.58781828849138
2022-10-26,381.6199951171875,382.0199890136719,27.280000686645508,29.31999969482422,82.36627648502304,-434.901511534197,587.5213703474016,558.4858745047837,556.9954367045692,211.03537032812417,204.22743010446678,204.01982567129733,58.74466907917845,57.25423127896389,57.220353896922184
2022-10-27,383.0700073242187,379.9800109863281,27.38999938964844,29.770000457763672,81.86488168643903,-50.13947985840019,549.3016557444927,517.7087828218037,515.8648151750741,197.94471539039304,188.52332195503587,188.241003155956,64.92132866148971,63.07736101476011,63.04309685083518
2022-10-28,379.8699951171875,389.0199890136719,25.75,27.809999465942383,80.66026307415225,-120.46186122867795,-536.3760384604309,-558.6708748861291,-559.514405787772,-227.84850740528307,-233.34907211756976,-233.44648940093853,43.26284257955387,42.41931167791089,42.40518702416169
2022-10-31,386.44000244140625,386.2099914550781,25.8799991607666,29.799999237060547,79.5823078216529,-107.79552524993505,620.9178308104173,587.5887901577358,585.9999924144595,231.27266920087652,222.9887127638203,222.74762699646004,67.66025195847777,66.07145421520131,66.02663809151682
2022-11-01,390.1400146484375,384.5199890136719,25.809999465942383,30.510000228881836,78.65143634759859,-93.08714740543138,298.2274537227065,265.4231780991445,263.2879596547983,226.7306613382456,216.448951560268,216.0952771300436,68.3198743662266,66.18465592188053,66.11686983882781
2022-11-02,383.8999938964844,374.8699951171875,25.86000061035156,29.3700008392334,75.4431903417395,-320.82460058590954,-489.1647079805624,-519.5801238531279,-521.2150342654531,-35.875719309046545,-44.568315071527685,-44.80624155920119,61.9176392815719,60.282728869246604,60.25571346336755
2022-11-03,371.4700012207031,371.010009765625,25.299999237060547,28.399999618530273,72.71984415719618,-272.3346184543317,523.0200671400514,501.49871940638144,500.42167758706773,175.42232902122205,168.66296539991237,168.53339157222211,42.43311097935107,41.35606916003735,41.33640792080768
2022-11-04,377.0,376.3500061035156,24.549999237060547,27.040000915527344,72.14585122763259,-57.39929295635875,436.3329623018847,414.10011548773633,413.5199948137474,131.58355052999232,127.36236612543004,127.30308962653166,42.33282050469555,41.752699830706554,41.74380557530683
2022-11-07,377.7099914550781,379.9500122070313,24.350000381469727,27.15999984741211,72.4981246943093,35.227346667670645,495.23411898682747,476.2107226485903,475.602680191725,158.2969607131211,153.9306851735404,153.8377429283267,35.99442077693709,35.386378320071756,35.37857186396854
2022-11-08,381.1099853515625,382.0,25.540000915527344,28.700000762939453,76.27837019790637,378.02455035970723,503.33006900503267,477.3231385631061,476.08205607667225,171.0660847135325,163.9396808446578,163.77394419603016,51.88930888285881,50.64822639642492,50.631019384774525
2022-11-09,379.9299926757813,374.1300048828125,26.09000015258789,28.899999618530273,75.10873568041544,-116.9634517490934,138.4431487015659,106.79189782240317,105.52510993041052,173.15239965530427,165.8894272884663,165.72181845680973,63.25564461945232,61.98885672745974,61.97145651253084
2022-11-10,388.0499877929687,394.69000244140625,23.530000686645508,24.459999084472656,76.06070904760759,95.19733671921529,-171.70318588295888,-181.4871324654477,-181.7403129712419,98.46973149478775,96.68528859205577,96.66614645013641,16.43056692640004,16.17738642060582,16.17634359463112
2022-11-11,395.5899963378906,398.510009765625,22.520000457763672,21.309999465942383,75.32594195688743,-73.47670907201547,280.4921198861806,274.73629259752914,274.7019612870892,58.48484484921199,57.92602016077149,57.924658099556154,7.714756228016851,7.680424917576925,7.68038901881174
2022-11-14,396.6600036621094,395.1199951171875,23.729999542236328,21.190000534057617,76.36552032823633,103.95783713488953,276.60122124242037,272.33970317216864,272.30618029840736,57.31931032797131,56.944361770844736,56.94303482495099,4.7237093086081074,4.690186434846792,4.690151593202371
2022-11-15,401.1499938964844,398.489990234375,24.540000915527344,21.799999237060547,79.876753383432,351.12330551956745,303.5559503985759,297.7771138663445,297.7342518129768,69.0432717727675,68.42884423998593,68.42684519751369,7.78645091026241,7.743588856894771,7.743524983563836
2022-11-16,396.7799987792969,395.4500122070313,24.11000061035156,19.670000076293945,77.2657320529308,-261.10213305012024,229.6319519404354,227.26799854038418,227.26254916459214,39.192199963759016,39.042109023238574,39.04199252165321,0.8442595427973698,0.8388101670053816,0.8388086288311438
2022-11-17,390.4599914550781,394.239990234375,23.93000030517578,19.739999771118164,76.15627869980472,-110.9453353126085,218.8969969578347,215.9816326782997,215.9745143984256,47.71519407864034,47.524851358726046,47.524694311121024,1.9520897745759855,1.9449714947019148,1.9449693695019254
2022-11-18,397.739990234375,396.0299987792969,23.1200008392334,18.34000015258789,74.89375275956918,-126.2525940235534,192.7360865161791,191.43657171897604,191.43520331219236,26.66396825252594,26.605711843764702,26.60569434239494,-1.2968647976850853,-1.298233204468774,-1.2982333336531928
2022-11-21,394.6400146484375,394.5899963378906,22.36000061035156,19.510000228881836,72.05568008090104,-283.8072678668141,223.41645267853065,220.4821612774588,220.47466694712116,36.67737542493292,36.48273044424769,36.482558466905125,1.9910730447055887,1.9835787143679138,1.9835762972967252
2022-11-22,396.6300048828125,399.8999938964844,21.290000915527344,19.030000686645508,72.11167410777625,5.599402687521149,211.5560704079497,209.77887729176842,209.77372945073617,32.835827911250306,32.68534710478995,32.68524440936881,-0.33016655999392297,-0.33531440102616106,-0.3353156291700006
2022-11-23,399.5499877929687,402.4200134277344,20.350000381469727,16.90999984741211,71.27614610125897,-83.55280065172792,157.442916262326,156.82530563939295,156.8250824437998,16.324783907270046,16.307389952593837,16.307388585197636,-2.66410915423192,-2.664332349825096,-2.6643323541992285
2022-11-25,401.8299865722656,402.3299865722656,20.5,17.059999465942383,71.38576913470135,10.962303344237512,162.28049391062274,161.57273777347396,161.57239309801693,17.732894702002405,17.710491092829734,17.710488388902057,-2.4834536650885135,-2.4837983405455626,-2.4837983519597957
2022-11-28,399.0899963378906,395.9100036621094,22.209999084472656,20.06999969482422,71.66792277285703,28.215363815567684,245.0796093648751,242.110120312381,242.10037985961816,45.073421270994565,44.85445466388685,44.85418650987302,2.0682135697202577,2.0584731169573773,2.058468415194527
2022-11-29,396.0499877929687,395.2300109863281,21.88999938964844,20.38999938964844,70.4758121010495,-119.21106718075265,249.9930174727474,246.8339283537383,246.82281824745132,46.93034530618459,46.68983191571884,46.689512386427204,2.451526261528609,2.440416155241607,2.4404102542456467
2022-11-30,395.489990234375,407.6799926757813,20.579999923706055,18.8700008392334,74.26170060780939,378.5888506759889,-1556.5769537698416,-1490.8178231229595,-1490.8217143556478,-895.5071130703628,-895.6326814202148,-895.6327502441948,-135.40658543129305,-135.41047666398143,-135.41047738543284
2022-12-01,408.7699890136719,407.3800048828125,19.84000015258789,18.3799991607666,72.43799662721216,-182.37039805972302,208.2150222747861,206.5141873329623,206.51219599022386,31.697828585408367,31.63104726518059,31.631012516113515,-0.4923550077186447,-0.4943463504571266,-0.4943467105947441
2022-12-02,402.25,406.9100036621094,19.059999465942383,17.950000762939453,70.45851568886074,-197.9480938351415,6.228929066272206,4.990158170211348,4.988753011301453,25.47526412939925,25.41872672444091,25.418707210876292,-1.4182422697656554,-1.4196474286755634,-1.4196475824681438
2022-12-05,403.9500122070313,399.5899963378906,20.75,23.809999465942383,69.53763264744029,-92.08830414204527,295.2386894398076,284.5267191695441,284.36649763810277,103.38926676536023,101.82232172962347,101.81072778969742,18.0064315137556,17.846209982314242,17.84560188351238
2022-12-06,399.4200134277344,393.8299865722656,22.170000076293945,27.079999923706055,69.7945747519124,25.694210447211674,255.47069834442053,234.27630122124242,233.5600798059016,163.41947741377973,158.96173573114677,158.87297824977858,40.663397163296146,39.94717574795536,39.938570077266164
2022-12-07,392.94000244140625,393.1600036621094,22.68000030517578,28.06999969482422,70.5987954495388,80.42206976263913,507.57165717007916,484.5731300961316,483.75631750058596,173.38578149892268,168.40093021972078,168.2973441091812,44.5977874649274,43.78097486938172,43.764315450215726
2022-12-08,395.1400146484375,396.239990234375,22.290000915527344,26.739999771118164,71.05666032821179,45.786487867299286,463.80992713540064,445.3229770196895,444.7967265625863,148.91253884368078,145.30669553046405,145.2486824187939,34.66748482291305,34.141234365809964,34.13630827920112
2022-12-09,394.94000244140625,393.2799987792969,22.829999923706055,26.479999542236328,70.81517441227803,-24.148591593376523,453.33304059133627,435.93374484267537,435.4788836153741,143.03576914268425,139.76314646764988,139.71599868786393,32.27435779472312,31.81949656742197,31.815792240232362
2022-12-12,394.1099853515625,398.9500122070313,25.0,29.540000915527344,78.3639633745676,754.8788962289577,377.89309094207243,347.94032655608686,346.49394804806144,209.01278719554549,201.5776964410677,201.35382007632657,60.443304411869924,58.99692590384455,58.964301453035866
2022-12-13,410.2200012207031,401.9700012207031,22.549999237060547,23.700000762939453,74.12252622403028,-424.14371505373225,-421.15781646594337,-430.355998902153,-430.4881429570081,102.10807561336445,100.7880300384752,100.77870677969295,14.894224111359383,14.762080056504255,14.761604869803582
2022-12-14,401.6099853515625,399.3999938964844,21.13999938964844,20.200000762939453,69.48617549281829,-463.63507312119907,254.0352044033464,250.776238556574,250.76539247435,48.26296968315552,48.01783192312289,48.01754409417874,2.6504825390831463,2.639636456859165,2.639632257622278
2022-12-15,394.2999877929687,389.6300048828125,22.829999923706055,21.729999542236328,68.56652477906745,-91.96507137508405,216.16881921246664,211.1033054164627,211.0619238007046,63.49602207843281,62.84882542368968,62.847128230124206,6.355311325018533,6.313929709260455,6.313883425385331
2022-12-16,385.1799926757813,383.2699890136719,22.6200008392334,20.510000228881836,65.34366136397819,-322.28634150892645,238.00813064839596,234.48103748543684,234.46265775747867,42.21621279948376,41.96324227520839,41.962704051186165,3.2093552463257486,3.19097551836757,3.1909656070629433
2022-12-19,383.4700012207031,380.0199890136719,22.420000076293945,20.829999923706055,63.34628448966393,-199.73768743142557,289.74868004053747,285.89316483026886,285.8795929143325,56.73583140442557,56.43999016905063,56.43914351152245,3.851804472081529,3.838232556145144,3.8382131236699744
2022-12-20,379.2300109863281,380.5400085449219,21.479999542236328,19.780000686645508,61.11660702998752,-222.96774596764095,208.57952932631548,206.25860725457522,206.25095270980194,41.74915784575874,41.538851841197335,41.53868917155852,0.7648146670700022,0.7571601222967654,0.7571578261618628
2022-12-21,383.25,386.2300109863281,20.06999969482422,17.579999923706055,59.92196740031453,-119.46396296729915,155.80118493397262,154.92719942627986,154.92628184535928,22.544994714019303,22.517872779662483,22.51786411505006,-2.1492761142343757,-2.1501936951549565,-2.1501937376942717
2022-12-22,383.0499877929687,380.7200012207031,21.969999313354492,19.84000015258789,62.1910800049241,226.91126046095746,215.01294176065082,212.39990251520106,212.39100014374822,34.047026608971734,33.81076321661141,33.81056712557253,1.3527934498249614,1.3438910783720637,1.3438884636255555
2022-12-23,379.6499938964844,382.9100036621094,20.8700008392334,17.489999771118164,60.254407932829125,-193.66720720949786,185.90382079660432,185.11975901430506,185.1192729375781,20.715305762328498,20.691443065136063,20.69143356763002,-2.330418076927163,-2.330904153654126,-2.3309041964184862
2022-12-27,382.7900085449219,381.3999938964844,21.649999618530273,19.770000457763672,61.170536990385,91.6129057555878,212.9168680444649,210.3083557811467,210.30076640166564,44.248834735551796,44.08521112249319,44.085060358535074,1.3397980374808443,1.332208657999784,1.3322068674389964
2022-12-28,381.3299865722656,376.6600036621094,22.13999938964844,20.8799991607666,60.609646868093236,-56.08901222917666,19.82458513899418,16.08765458495693,16.06526676597821,55.876590411245836,55.5963206831139,55.595605724458025,3.6410724942419375,3.618684675263168,3.618668700397687
2022-12-29,379.6300048828125,383.44000244140625,21.440000534057617,20.489999771118164,61.25656005878038,64.69131906871439,185.05766028474395,181.88092670465417,181.86877248271918,50.18708477659568,49.966301628977,49.9657108297813,2.4899605178979023,2.477806295962928,2.4777960660800806
2022-12-30,380.6400146484375,382.4299926757813,21.670000076293945,21.13999938964844,61.31468902245602,5.812896367564235,295.1042091675795,290.981745921581,290.95996777503063,59.02297194666296,58.69026068016701,58.689003493523344,4.41034399904121,4.388565852490835,4.388538167019842
2023-01-03,384.3699951171875,380.8200073242187,22.899999618530273,25.079999923706055,63.27481744308412,196.0128420628095,399.61580694114184,386.1703805367297,385.9493438498362,125.02108423161994,122.96582724956092,122.93795627268305,23.659186202476846,23.43814951558339,23.436411294087435
2023-01-04,383.1799926757813,383.760009765625,22.010000228881836,23.920000076293945,62.14444046621547,-113.03769768686465,340.75764013032403,330.8692872794636,330.7026977654099,103.14133849866248,101.85997923710337,101.84902200801604,16.37800820501939,16.211418690965658,16.21090780565177
2023-01-05,381.7200012207031,379.3800048828125,22.459999084472656,24.540000915527344,61.49521412796713,-64.92263382483401,358.5260602052524,347.0661920180937,346.8613680998957,112.6531602895617,111.01034758877825,110.99639710980543,19.638006308857754,19.433182390659695,19.43191783020182
2023-01-06,382.6099853515625,388.0799865722656,21.1299991607666,21.56999969482422,61.69930820043609,20.409407246896194,-103.76207692295218,-108.71973901271546,-108.74440214893805,66.19692666329445,65.75370720527171,65.75260093533451,6.089476579898875,6.0648134436762895,6.0647591237418315
2023-01-09,390.3699951171875,387.8599853515625,21.969999313354492,23.040000915527344,63.23753797399267,153.822977355658,327.4375719097053,318.6257822753727,318.53919119146155,95.32157984717405,94.24752027727287,94.24283300781818,13.983879743218646,13.897288659307454,13.897113009060794
2023-01-10,387.25,390.5799865722656,20.579999923706055,21.5,61.21730896962809,-202.02290043645803,271.6049813913938,266.3848706924397,266.3589213163293,68.72932736303012,68.25934276688433,68.25757301761298,6.618211438167945,6.592262062057545,6.592214768049912
2023-01-11,392.2300109863281,395.5199890136719,21.09000015258789,22.40999984741211,64.68288122272189,346.55722530937965,307.68366901184106,301.6635107413038,301.6029046572195,71.09298829939671,70.2472315983581,70.24439922187084,8.322402928595114,8.261796844510771,8.261707497319366
2023-01-12,396.6700134277344,396.9599914550781,18.829999923706055,16.459999084472656,60.59786524559928,-408.5015977122609,141.8270022761489,141.40487344011333,141.40477770611747,12.418850554147946,12.409263638729191,12.409262146200719,-3.0554551119187443,-3.0555508459146203,-3.0555508505887756
2023-01-13,393.6199951171875,398.5,18.350000381469727,14.81999969482422,60.43263879093685,-16.52264546624309,0.683452655698372,0.49736674760322597,0.4973556586210046,7.4424015353945645,7.440096350475747,7.440096328902587,-3.527794916811704,-3.5278060057939187,-3.5278060058110374
2023-01-17,398.4800109863281,397.7699890136719,19.36000061035156,16.610000610351562,61.691254408253,125.86156173161527,150.46185691742733,149.72291861676064,149.72263236512117,20.055665414259877,20.03444892901016,20.034447029401605,-2.421264624425497,-2.4215508760649724,-2.421550882505861
2023-01-18,399.010009765625,391.489990234375,20.34000015258789,17.239999771118164,60.36263538646615,-132.86190217868494,-538.2168924138066,-538.9601526907658,-538.9605645722945,18.21509659625967,18.19036465232341,18.19036107384366,-2.4122437512171486,-2.4126556327458872,-2.4126556495052083
2023-01-19,389.3599853515625,388.6400146484375,20.520000457763672,18.280000686645508,59.31112355009539,-105.15118363707643,182.41691068247033,180.94621784355923,180.94481054014244,31.23608776018866,31.172641038721004,31.172624322859498,-0.9543920761808886,-0.9557993795976891,-0.9557994915086172
2023-01-20,390.1000061035156,395.8800048828125,19.850000381469727,18.260000228881836,61.38454431703096,207.34207669355698,-195.3860444926445,-196.44772218310018,-196.449059539407,23.092998549702806,23.04908277509142,23.04906819650722,-1.772631680400964,-1.7739690367077543,-1.7739693266269936
2023-01-23,396.7200012207031,400.6300048828125,19.809999465942383,21.25,63.682014944100914,229.74706270699556,278.2321630122972,273.8679980746983,273.84657298322855,58.02531007986164,57.636053355297925,57.635309344603364,4.892724258549119,4.871299167079393,4.871259472985686
2023-01-24,398.8800048828125,400.2000122070313,19.200000762939453,21.84000015258789,62.144809820193245,-153.72051239076683,300.3679560943806,294.8200567394666,294.782431791664,67.49952610490935,66.93007287193856,66.92844227199865,7.308817333288372,7.271192385485781,7.271144472927446
2023-01-25,395.9500122070313,400.3500061035156,19.079999923706055,22.010000228881836,61.91185098422416,-23.295883596908595,230.58796272953097,225.0141060566381,224.9756328574892,67.63598756644518,67.06026425604733,67.05856776593947,7.3632858070236775,7.32481260787476,7.324761668926159
2023-01-26,403.1300048828125,404.75,18.729999542236328,21.049999237060547,63.87525372571301,196.34027414888493,282.4826433979474,277.8367961350738,277.8103599376451,60.01820908379082,59.57958246148857,59.57854417711665,5.471084932029697,5.444648734601019,5.444621469119527
2023-01-27,403.6600036621094,405.6799926757813,18.510000228881836,20.030000686645508,63.99383507098143,11.858134526842434,251.56605754484326,248.39804840458928,248.39024378216936,47.33371756993191,47.098655394985414,47.09843688299243,2.4594439488946858,2.4516393264747585,2.4516353931099735
2023-01-30,402.7999877929687,400.5899963378906,19.940000534057617,22.420000076293945,63.266354822833705,-72.7480248147728,327.00870099715553,319.8900865320888,319.82570306533853,79.33306539848705,78.5002158690093,78.4968790742555,10.530738219598016,10.46635475284776,10.466235179810077
2023-01-31,401.1300048828125,406.4800109863281,19.399999618530273,21.739999771118164,65.75453169749707,248.81768746633668,5.457149774456896,-0.19951271322454467,-0.24029768079246416,68.11690427853075,67.52288624102749,67.5210200614035,7.535855004468308,7.495070036900335,7.495011680502669
2023-02-01,405.2099914550781,410.7999877929687,17.8700008392334,18.559999465942383,65.97963823966815,22.51065421710763,-150.6944205042882,-152.4706501694677,-152.47379280634084,32.28761784601817,32.188524407504765,32.18850086363168,-0.33811213281120356,-0.3412547696843151,-0.3412549784173118
2023-02-02,414.8599853515625,416.7799987792969,18.729999542236328,19.1299991607666,71.53042458581734,555.0786346149196,238.70160836681058,236.57833799846819,236.57520642405996,42.741864987744115,42.59601769626719,42.59595053378406,0.3559381822978658,0.35280660788963925,0.3528057004707348
2023-02-03,411.5899963378906,412.3500061035156,18.329999923706055,17.760000228881836,67.6439339053515,-388.64906804658403,157.5815619315992,156.62704538512682,156.62604742823973,19.719787431562864,19.678002724410405,19.67798929566176,-1.9879727231102482,-1.98897067999733,-1.9889707844249913
2023-02-06,409.7900085449219,409.8299865722656,19.43000030517578,20.670000076293945,67.46566964732601,-17.826425802549295,280.140973011757,276.58074259112834,276.56214178981696,59.16570104819901,58.84496160903448,58.8442536265433,3.27631724354429,3.2577164422328337,3.2576984438755954
2023-02-07,408.8699951171875,415.19000244140625,18.65999984741211,19.6200008392334,69.86275296428546,239.70833169594528,-192.18372464678353,-195.1524807676292,-195.15996778474948,45.2404392483341,45.02502927671715,45.02482036832126,2.059984399632615,2.0524973825123043,2.052493680399744
2023-02-08,413.1300048828125,410.6499938964844,19.6299991607666,21.0,68.17655772403106,-168.61952402544063,296.4969451169018,292.33934008084566,292.32148526609865,66.36043157738435,65.96900039423242,65.96828529173868,4.468833106617145,4.450978291870131,4.4509587665466
2023-02-09,414.4100036621094,407.0899963378906,20.709999084472656,22.739999771118164,67.68217820949731,-49.43795145337475,-271.08654196551356,-278.58322681873267,-278.67053019698915,78.27623028926757,77.30040072883367,77.29495687296476,11.355939417928074,11.26863603967159,11.268416252828267
2023-02-10,405.8599853515625,408.0400085449219,20.530000686645508,21.5,67.8586133879036,17.643517840629386,301.58195582655276,295.97028812056465,295.9318759574073,68.01640860398254,67.43758782278047,67.43591932864014,7.43870544831687,7.400293285159531,7.400248783746564
2023-02-13,408.7200012207031,412.8299865722656,20.34000015258789,21.40999984741211,70.38291173309885,252.42983451952483,302.89705966474304,298.37587108711153,298.3450480312692,68.90827668791415,68.44850791059194,68.44711981805028,5.234975028589011,5.204151972746658,5.204109075369242
2023-02-14,411.239990234375,412.6400146484375,18.90999984741211,17.719999313354492,67.84870632390094,-253.42054091979094,192.4049028856096,191.50053640301633,191.4997393726755,26.887850810588432,26.850729779802407,26.85072046665588,-2.0888757691670143,-2.089672799507882,-2.089672857715266
2023-02-15,410.3500061035156,413.9800109863281,18.229999542236328,16.020000457763672,67.6895584606018,-15.914786329913966,145.70559408253396,145.40752585571533,145.40745956789115,8.32448632814873,8.317923152369913,8.317922827683445,-3.303664680462566,-3.3037309682867484,-3.3037309690959713
2023-02-16,408.7900085449219,408.2799987792969,20.170000076293945,19.329999923706055,66.81384534420911,-87.57131163926886,236.89623278157345,234.27404032325947,234.26861675164471,41.81411720145513,41.67947015240042,41.67933543508672,1.3606619235862532,1.3552383519714981,1.355236254632847
2023-02-17,406.05999755859375,407.260009765625,20.020000457763672,16.940000534057617,65.8044827267897,-100.93626174194128,163.8889983091374,163.14118068678644,163.14075818514596,18.262248687948762,18.237167919825346,18.23716420733932,-2.403097197888699,-2.4035196995291797,-2.403519717025146
2023-02-21,403.05999755859375,399.0899963378906,22.8700008392334,21.13999938964844,65.9744211348835,16.99384080937989,285.0200813247909,280.2577474241298,280.23013192326164,61.042912580118404,60.58886318748804,60.58776936456841,5.707601399276047,5.679985898407896,5.6799568731022045
2023-02-22,399.5199890136719,398.5400085449219,22.290000915527344,19.200000762939453,64.42504870190564,-154.93724329778615,221.5209315437332,219.45701560210824,219.4503806697291,36.1723646940957,36.0534513437792,36.05330814247531,0.24774232469319024,0.2411073923140732,0.2411055109550606
2023-02-23,401.55999755859375,400.6600036621094,21.13999938964844,18.11000061035156,63.262668083195265,-116.23806187103725,192.42872042140746,191.1518872378586,191.1510056741379,26.471180877930074,26.43284463630497,26.432833253644887,-1.3436886872621536,-1.344570250982832,-1.3445703358079415
2023-02-24,395.4200134277344,396.3800048828125,21.670000076293945,18.3799991607666,61.84931980451729,-141.33482786779723,193.58518367030842,191.80886308563197,191.80663713325865,35.09947971349126,35.013212183553,35.01318055222818,-0.34068019730340104,-0.3429061496767414,-0.34290640841452547
2023-02-27,399.8699951171875,397.7300109863281,20.950000762939453,19.3700008392334,60.85677493705141,-99.2544867465881,224.96615368396192,222.74699664874095,222.74217397310454,37.56260979852786,37.42575004130647,37.425649949566846,0.5527859290215833,0.5479632533851726,0.54796197621343
2023-02-28,397.2300109863281,396.260009765625,20.700000762939453,19.59000015258789,59.47787955871813,-137.8895378333283,228.60784634615592,226.22254255965504,226.21640821241118,39.045337263584194,38.88812399275643,38.88797878929622,0.889016999644638,0.8828826524007569,0.8828805242059872
2023-03-01,395.4100036621094,394.739990234375,20.579999923706055,19.59000015258789,58.335433660677225,-114.24458980409042,228.25394341359177,225.2273302239019,225.21967001405181,48.88482186384581,48.6836487573466,48.68347688838367,2.176214112683592,2.1685539028335192,2.16855153502709
2023-03-02,392.6799926757813,397.80999755859375,19.59000015258789,18.709999084472656,58.05350707181921,-28.192658885801336,35.40431038676452,33.40061492256092,33.397470395277445,27.96775483974651,27.860978823837712,27.860926163156357,0.11682605044745831,0.11368152316397762,0.11368100977700824
2023-03-03,399.7099914550781,404.19000244140625,18.489999771118164,17.760000228881836,59.96201357772439,190.850650590518,141.25943744877358,140.25554198304246,140.25479757568476,22.523097884022853,22.484544687360746,22.48453714932384,-1.889975718409195,-1.8907201257669186,-1.890720168451788
2023-03-06,405.0499877929687,404.4700012207031,18.61000061035156,19.600000381469727,60.07335464528683,11.134106756243511,239.57399144963287,236.82040363802557,236.81225788968297,42.98019697097764,42.786091967654855,42.785883101027395,1.6316229925548704,1.6234772442122631,1.6234738695029982
2023-03-07,404.4200134277344,398.2699890136719,19.59000015258789,20.959999084472656,57.831632593472506,-224.1722051814321,-63.29068439046862,-66.75757705196594,-66.77413627998904,47.057052384235384,46.755163840321295,46.754578359056424,3.0835044181995315,3.0669451901764404,3.0669313889013754
2023-03-08,398.3900146484375,398.9200134277344,19.11000061035156,20.56999969482422,57.26280606403866,-56.882652943384926,261.48534943346806,257.7902383034444,257.7736443962964,51.598756818496646,51.286426098777255,51.285861693335846,3.540044664766783,3.5234507576188125,3.5234371982157064
2023-03-09,399.739990234375,391.55999755859375,22.61000061035156,25.459999084472656,59.88963370336327,262.6827639324617,-460.0686357207062,-475.0195014105824,-475.3418256967622,41.25796424788113,38.672954062642326,38.643749063227226,26.974607742728182,26.652283456548354,26.65031966699435
2023-03-10,390.989990234375,385.9100036621094,24.799999237060547,26.86000061035156,61.85483986844933,196.52061650860588,239.44767444276064,221.63206911459477,221.15516398674174,145.31649515316622,141.96067816858897,141.86896665886027,33.18581430458836,32.7089091767354,32.700974818052025
2023-03-13,381.80999755859375,385.3599853515625,26.520000457763672,30.93000030517578,64.87541634375386,302.0576475304523,590.7891925330139,553.6926590284537,551.2039581737575,253.27563941494307,241.57782563339825,241.163620815169,77.92887787930232,75.44017702460623,75.38457023052877
2023-03-14,390.5,391.7300109863281,23.729999542236328,25.969999313354492,61.61834179163367,-325.7074552120187,483.16531778677466,465.2914541949005,464.8719637192552,150.6372990599464,147.42451477644414,147.3843337214627,33.114865002663976,32.695374527018735,32.69249249995593
2023-03-15,385.8900146484375,389.2799987792969,26.13999938964844,29.309999465942383,65.33964909678087,372.13073051472065,540.3466126987383,509.51575590538823,507.8329493565345,190.81963388399552,183.33054406625754,183.08334998756177,62.89627567321016,61.21346912435647,61.1849550157033
2023-03-16,386.8200073242187,396.1099853515625,22.989999771118164,24.61000061035156,62.03595463158281,-330.36944651980633,-650.3983667662835,-663.1408167688743,-663.3473856002315,-122.31467645841606,-124.24342463897305,-124.2623079522924,22.2076141578942,22.00104532653699,22.0000439243438
2023-03-17,393.2200012207031,389.989990234375,25.510000228881836,27.010000228881836,64.07304739520245,203.709276361964,469.3578194672055,450.41723149058265,449.72691411399023,152.03327006813603,148.2606825275036,148.1835724513518,36.0717647138077,35.381447337215434,35.374924297366185
2023-03-20,390.7999877929687,393.739990234375,24.149999618530273,25.899999618530273,62.63943202101406,-143.3615374188392,422.60791653437707,408.2539691952342,407.82159639929193,127.28442247701463,124.03467687071951,123.99203146386864,26.114568101522956,25.68219530558065,25.679018615407138
2023-03-21,397.239990234375,398.9100036621094,21.3799991607666,22.84000015258789,59.96816332098874,-267.12687000253226,331.30868045899217,323.8189014959153,323.7424711642587,81.57074801182658,80.65268387775139,80.64828924179403,11.309383964168044,11.232953632511425,11.232775391767234
2023-03-22,398.7300109863281,392.1099853515625,22.260000228881836,23.75,57.9533300453044,-201.48332756843388,-213.16719389132984,-222.88053591463964,-223.0067556133996,97.15561147477489,95.81730663006432,95.80906850519554,15.90649138968089,15.780271690920882,15.779889276413192
2023-03-23,395.0899963378906,393.1700134277344,22.61000061035156,23.11000061035156,59.02006332563623,106.67332803318317,335.4039282087625,327.6774714384655,327.5971603796639,83.37645904749036,82.41949880431162,82.41485350817675,11.79441677664303,11.714105717841361,11.713915821516904
2023-03-24,391.8399963378906,395.75,21.739999771118164,20.6200008392334,58.57604393770568,-44.40193879305525,250.314814188447,247.1822263326161,247.16314165844042,46.94335049997295,46.70852548188826,46.70789945333818,2.4224692773847014,2.4033846032090302,2.40337142371789
2023-03-27,398.1199951171875,396.489990234375,20.600000381469727,19.309999465942383,56.5827089034282,-199.33350342774787,221.01316940047195,218.8919613771748,218.88734637087964,36.28504702174669,36.155075348922985,36.15497767827267,0.3562648622528197,0.3516498559577048,0.35164859041609464
2023-03-28,395.7699890136719,395.6000061035156,19.969999313354492,18.329999923706055,54.87185479064456,-171.0854112783636,189.7831749073907,188.5494628433135,188.54823676175647,25.75099387182427,25.69717217343367,25.697156984069252,-1.4288965507980151,-1.4301226323550682,-1.430122991141924
2023-03-29,399.9299926757813,401.3500061035156,19.1200008392334,17.170000076293945,56.74859096806614,187.67361774215772,162.91219450122298,162.1881518114569,162.18777459024435,17.944195493463155,17.920685998544876,17.92068286925354,-2.450782914852991,-2.451160136065532,-2.4511601500578934
2023-03-30,404.0899963378906,403.7000122070313,19.020000457763672,17.299999237060547,58.00217708748299,125.35861194168518,171.52831912798294,170.64526736001704,170.64464242266283,20.422035154624325,20.389306802618975,20.38930043428423,-2.132021545381515,-2.1326464827357627,-2.1326465182769203
2023-03-31,404.6600036621094,409.3900146484375,18.700000762939453,16.510000228881836,61.32086109067835,331.8684003195358,73.61708350615467,73.07465949424895,73.07453278892609,14.845897126449747,14.83602645397095,14.836025631437787,-2.814771852011079,-2.8148985573339402,-2.8148985600702265
2023-04-03,408.8500061035156,410.9500122070313,18.549999237060547,17.030000686645508,61.97171981292263,65.08587222442799,169.43686134880977,168.60764182699137,168.60724005099868,19.72358931305419,19.701815154024764,19.701811191781985,-2.2403555653997445,-2.2407573413924453,-2.2407573623875496
2023-04-04,411.6199951171875,408.6700134277344,19.0,17.420000076293945,60.8665137656751,-110.52060472475276,184.47098567687718,183.67907279382948,183.67840982266995,17.275781114751332,17.24443756096806,17.244429823470718,-2.3141851676020164,-2.3148481387615334,-2.314848189702798
2023-04-05,407.9100036621094,407.6000061035156,19.079999923706055,16.989999771118164,60.142917400296994,-72.3596365378107,167.176344603506,166.38265338676464,166.38219194611716,19.11738666197524,19.090271291876597,19.09026762601922,-2.311233188061243,-2.311694628708736,-2.311694647546564
2023-04-06,406.7699890136719,409.19000244140625,18.399999618530273,15.68000030517578,60.23492301446001,9.200561416301412,131.83242823360217,131.50957198660248,131.50953055673696,10.125999393582255,10.12147791176013,10.121477733032474,-3.2541632153126723,-3.254204645178191,-3.2542046455419884
2023-04-10,406.6099853515625,409.6099853515625,18.969999313354492,16.799999237060547,60.93512305872236,70.02000442623526,161.62368542940723,161.14784883770693,161.1476372405631,11.896024638024738,11.881863704517718,11.881862059662039,-2.9476920048204867,-2.947903601964312,-2.9479036087467847
2023-04-11,410.260009765625,409.7200012207031,19.100000381469727,16.860000610351562,61.095090597096544,15.996753837418254,167.2554494104839,166.72862573461157,166.72839072867754,19.342466788388826,19.32654128842738,19.326539510367546,-2.8456476084972224,-2.845882614431252,-2.845882621749905
2023-04-12,411.8699951171875,408.0499877929687,19.09000015258789,15.899999618530272,59.81110480920708,-128.39857878894634,142.24983258453634,141.81405495069998,141.81396349241183,12.588621677361724,12.580819301117879,12.580819160774363,-3.028170356533475,-3.0282618148216125,-3.0282618151314136
2023-04-13,409.1799926757813,413.4700012207031,17.799999237060547,14.649999618530272,62.08028762697897,226.91828177718918,15.306541792662523,15.143060480944973,15.143056450306771,5.603305021728975,5.602308288671502,5.60230828196066,-3.5730252846353046,-3.5730293152735046,-3.5730293152785
2023-04-14,412.80999755859375,412.4599914550781,17.06999969482422,13.350000381469728,60.39534852095981,-168.4939106019165,82.19289169134144,82.16026696472872,82.16026649493828,1.13313295684861,1.132923805613098,1.132923805557132,-3.834749137403223,-3.8347496071936624,-3.834749607193674
2023-04-17,412.3699951171875,413.94000244140625,16.950000762939453,14.510000228881836,61.201012791887514,80.56642709277071,110.17590519708396,110.08488850719287,110.08488419318564,2.401465321740411,2.4004652609615764,2.4004652531351036,-3.7179536781774596,-3.7179579921847163,-3.7179579921909203
2023-04-18,415.5799865722656,414.2099914550781,16.829999923706055,14.710000038146973,61.21709086897581,1.6078077088295117,88.64975139151177,88.52376337518767,88.52375327194068,3.5699000992687875,3.5681611501205017,3.5681611440503582,-3.647993657596756,-3.6480037608437548,-3.648003760848442
2023-04-19,412.2200012207031,414.1400146484375,16.459999084472656,14.300000190734863,60.716968571063546,-50.012229791226304,103.81124339089783,103.7375366691848,103.73753428297542,4.622180749938442,4.621490099313256,4.62149009635017,-3.752579397939966,-3.7525817841493603,-3.7525817841512956
2023-04-20,411.2099914550781,411.8800048828125,17.170000076293945,15.130000114440918,59.572548271078844,-114.44202999847022,122.78074887110553,122.62900273590145,122.62898982298728,8.311047053585032,8.30885427498249,8.308854241626122,-3.5964689907323133,-3.596481903646482,-3.596481903685486
2023-04-21,412.19000244140625,412.2000122070313,16.770000457763672,14.880000114440918,59.31921177840292,-25.33364926759276,117.40077420669209,117.27449113954678,117.27448284678036,7.1942836067746345,7.192655521756073,7.192655506040936,-3.6474089873580358,-3.647417280124444,-3.6474172801418208
2023-04-24,411.989990234375,412.6300048828125,16.889999389648438,16.649999618530273,59.5496398200634,23.042804166048114,162.4705380277115,161.74998227282867,161.74986105710076,17.84585847991407,17.822416872549248,17.822416012257918,-2.458524833223359,-2.4586460489512536,-2.45864605222701
2023-04-25,410.5799865722656,406.0799865722656,18.760000228881836,19.079999923706055,56.7594901040688,-279.0149715994595,192.14632882118048,190.33059212114247,190.32645505700165,30.567861193776572,30.454950894221646,30.454859084195704,-0.25611160122770604,-0.2602486653685254,-0.26024993411125186
2023-04-26,406.7200012207031,404.3599853515625,18.84000015258789,19.280000686645508,55.58221923428539,-117.72708697834133,232.6650398402639,230.20248785032717,230.19796451213998,40.22621200839389,40.107248628263,40.107143533577265,1.0386785592249321,1.0341552210376959,1.0341536995184715
2023-04-27,407.0,412.4100036621094,17.030000686645508,17.219999313354492,59.28079514008774,369.85759058023507,-109.50199188592799,-110.39670596048964,-110.39733241148743,20.66463547854358,20.63153201174729,20.631525708789006,-2.108692393177873,-2.10931884417567,-2.109318879077457
2023-04-28,411.489990234375,415.9299926757813,15.779999732971191,15.529999732971191,60.94726050239774,166.64653623099994,103.04425671669615,102.82828360041029,102.82824995011727,6.239422701360331,6.235395680640371,6.23539554834187,-3.467952815795332,-3.4679864660883517,-3.4679864663396422
2023-05-01,415.4700012207031,415.510009765625,16.079999923706055,16.06999969482422,60.62901624075869,-31.824426163905173,118.98970024403313,118.62926312241281,118.62915600090341,9.65143153069899,9.642434497560258,9.64243386087168,-3.1788043909881374,-3.1789115124975265,-3.1789115129118604
2023-05-02,414.7699890136719,410.8399963378906,17.780000686645508,18.61000061035156,58.43489704607889,-219.41191946798,190.75593858014048,189.11758013138794,189.11586291820348,28.387156820965814,28.289682929358342,28.28965348821717,-0.6181305354051525,-0.6198477485896174,-0.61984805776002
2023-05-03,411.3599853515625,408.0199890136719,18.34000015258789,18.489999771118164,56.87093655144947,-156.396049462942,216.12946376266203,214.762258143849,214.76016611978773,25.40070901556488,25.32918037694332,25.32914500637103,-1.1593116071926408,-1.1614036312539446,-1.1614039922443657
2023-05-04,406.9299926757813,405.1300048828125,20.09000015258789,19.8799991607666,56.986205004879224,11.526845342975633,250.9583050029159,247.77821042128775,247.76723763953052,47.23883777819267,46.99790078230966,46.997592952132734,2.4931229301800055,2.4821501484227806,2.482145008008456
2023-05-05,408.9100036621094,412.6300048828125,17.190000534057617,15.34000015258789,58.974554536634976,198.83495317557518,125.04582553387564,124.77829465857505,124.77826423916096,8.683890824527301,8.679119569533837,8.679119453927866,-3.3648469910470453,-3.3648774104611245,-3.3648774104976322
2023-05-08,412.9700012207031,412.739990234375,16.979999542236328,15.239999771118164,58.620521846151036,-35.40326904839404,126.33271847215877,126.05248927234638,126.05247829670458,8.977089287129866,8.973028455535356,8.973028422328436,-3.3395086733075274,-3.339519648949343,-3.3395196489967662
2023-05-09,411.1300048828125,410.9299926757813,17.709999084472656,16.399999618530273,57.8290786122906,-79.14432338604342,155.1683250746672,154.5518623621844,154.55174439182886,15.932414614812567,15.922287354659789,15.922286803061153,-2.6667206584761955,-2.6668386288317554,-2.666838630662288
2023-05-10,413.8800048828125,412.8500061035156,16.940000534057617,14.59000015258789,58.513544030277544,68.44654179869423,111.09738803760659,110.97663344083801,110.9766306509883,5.8718779491681286,5.87019776274377,5.870197757650402,-3.658482436901272,-3.6584852267510004,-3.6584852267551256
2023-05-11,411.9500122070313,412.1300048828125,16.93000030517578,14.489999771118164,57.84303108338297,-67.05129468945756,107.10781165604702,106.96148073533732,106.96147868796231,5.139234716020573,5.1378215600513535,5.137821556660219,-3.6073320164483085,-3.6073340638233167,-3.607334063825737
2023-05-12,413.4200134277344,411.5899963378906,17.030000686645508,14.09000015258789,57.42309441806434,-41.99366653186303,74.19238961658434,74.12930127290008,74.12929938127219,1.2347245079388065,1.2341618156463179,1.2341618130886776,-3.77381763774362,-3.773819529371508,-3.773819529372918
2023-05-15,412.2200012207031,413.010009765625,17.1200008392334,14.640000343322754,58.409308000404465,98.62135823401275,111.83224409699585,111.7305248012285,111.7305197115618,6.105557115768844,6.104398876443717,6.1043988681470385,-3.6965461394427352,-3.696551229109444,-3.6965512291169205
2023-05-16,411.8599853515625,410.25,17.989999771118164,15.989999771118164,56.9825635056363,-142.67444947681653,144.6199256649559,144.15667310779196,144.1565685383726,13.162561627418656,13.153999111025579,13.153998939298278,-2.973181176206752,-2.973285745626089,-2.9732857460285165
2023-05-17,412.3500061035156,415.2300109863281,16.8700008392334,14.670000076293944,59.865519530262574,288.29560246262747,113.76661313096426,113.66133868582256,113.66133270472818,2.936573244020124,2.9353168106099687,2.9353167984375004,-3.689433166400928,-3.6894391474953157,-3.689439147506143
2023-05-18,414.8999938964844,419.2300109863281,16.049999237060547,14.0600004196167,62.62182909498132,275.6309564718748,53.39966454278088,53.32228974955199,53.322288855746784,3.779612797019004,3.7787820712436027,3.778782070156309,-3.745247732124928,-3.7452486259301487,-3.7452486259306967
2023-05-19,420.1700134277344,418.6199951171875,16.809999465942383,14.25,62.54327869153107,-7.855040345025088,108.78157849950917,108.689864630049,108.68986177427692,2.4953434333782223,2.4946993993770405,2.4946993940367843,-3.71656369376157,-3.7165665495336455,-3.7165665495342806
2023-05-22,418.6400146484375,418.7900085449219,17.209999084472656,15.520000457763672,62.75903533021365,21.575663868257777,109.34516790696475,109.07339019678038,109.07336746108561,7.577048326209535,7.571158345710408,7.5711582645172335,-3.3563763721349766,-3.3563991078297315,-3.3563991079670754
2023-05-23,417.0799865722656,414.0899963378906,18.530000686645508,17.3700008392334,59.901616550794124,-285.74187794195257,188.61630121576738,187.7556858515499,187.75520166619404,25.606952796749574,25.583633464883434,25.583627849550005,-2.177316603791111,-2.177800789146986,-2.1778008263823847
2023-05-24,412.4200134277344,411.0899963378906,20.030000686645508,19.770000457763672,59.030525656664246,-87.10908941298783,214.2145049346712,211.6852729629048,211.6769882727551,38.231463820326006,38.045504034493135,38.045274618242324,1.183330288723175,1.1750455985734432,1.17504150709558
2023-05-25,414.739990234375,414.6499938964844,19.13999938964844,18.459999084472656,60.74172954143304,171.12038847687927,218.2771013820481,216.76442752937592,216.76157536561914,26.9349885169011,26.848822665062855,26.84879979607046,-0.8660951373717354,-0.8689473011285127,-0.8689475231279618
2023-05-26,415.3299865722656,420.0199890136719,17.950000762939453,17.239999771118164,64.04849452778195,330.6764986348917,-19.649308585510713,-20.407378129033198,-20.40792826706491,16.919490032657578,16.891067929711113,16.89106290307531,-2.382210403129262,-2.382760541160975,-2.3827605730711516
2023-05-30,422.0299987792969,420.1799926757813,17.459999084472656,16.510000228881836,63.53046962935757,-51.802489842438604,169.34138820313913,168.948086758979,168.9479033625329,19.883227474520147,19.87134610309616,19.871344600701462,-3.1128469176149176,-3.113030314060988,-3.113030315636527
2023-05-31,418.2799987792969,417.8500061035156,17.940000534057617,16.850000381469727,61.80569650510779,-172.47731242497792,176.24215650112612,175.59893324893048,175.5986409784635,15.071394919658422,15.049559790621133,15.049556917749237,-2.612676672259801,-2.6129689427268055,-2.612968946709432
2023-06-01,418.0899963378906,421.8200073242187,15.649999618530272,13.979999542236328,63.804781117620095,199.90846125123056,100.31862432080305,100.25225553773268,100.25225436008856,3.981495025622503,3.981144473868265,3.981144472266754,-3.76725890092426,-3.7672600785683867,-3.7672600785692705
2023-06-02,424.5,427.9200134277344,14.600000381469728,12.739999771118164,69.04652313885691,524.1742021236817,55.545432009074155,55.52447535681177,55.52447533192876,-1.1014472116624696,-1.1015449887099282,-1.101544988719935,-3.8580866208262083,-3.8580866457092142,-3.858086645709216
2023-06-05,428.2799987792969,427.1000061035156,14.729999542236328,14.140000343322754,68.14486354182155,-90.1659597035362,85.6820178010995,85.60872179163984,85.60872046951734,3.0044035848917767,3.003506313581572,3.0035063114874614,-3.7534040147087837,-3.753405336831288,-3.7534053368327434
2023-06-06,426.6700134277344,428.0299987792969,13.960000038146973,13.829999923706056,68.78421118734116,63.934764551960654,78.45614579967446,78.375246579987,78.37524575409725,1.9166902515780349,1.9163261537622551,1.9163261526088302,-3.738199082955575,-3.738199908845325,-3.7381999088454156
2023-06-07,428.44000244140625,426.5499877929687,13.9399995803833,13.859999656677246,67.30400811749836,-148.02030698428013,79.6521897095412,79.569434349917,79.56943356979241,2.0579985284057525,2.0577592094375365,2.057759208375357,-3.734486940376006,-3.7344877205005957,-3.7344877205012033
2023-06-08,426.6199951171875,429.1300048828125,13.649999618530272,13.59000015258789,69.68907477551127,238.50666580129172,73.29243228098856,73.23026407046274,73.2302636525663,1.13990236815041,1.1396647760493845,1.139664775590413,-3.7756623252584154,-3.7756627431548644,-3.7756627431550642
2023-06-09,429.9599914550781,429.8999938964844,13.829999923706056,13.289999961853027,70.42277405526113,73.36992797498567,92.7996991494698,92.77199275439041,92.77199235054655,-1.00043013827877,-1.000615590513163,-1.0006155905782546,-3.8445859983095603,-3.8445864021534204,-3.844586402153439
2023-06-12,430.9200134277344,433.7999877929687,15.010000228881836,15.350000381469728,74.28767369987182,386.4899644610688,146.13284820659217,145.92296121664373,145.922924638275,5.247101769016794,5.242686939081006,5.242686889566249,-3.4801162846897253,-3.4801528630584397,-3.480152863160865
2023-06-13,435.3200073242187,436.6600036621094,14.609999656677246,14.399999618530272,76.954105828759,266.64321288871804,96.54672788563767,96.42830289754662,96.42829867819728,4.943785014171041,4.9429862342176385,4.942986224969173,-3.6631373657643604,-3.6631415851136917,-3.6631415851155396
2023-06-14,437.010009765625,437.1799926757813,13.880000114440918,12.710000038146973,77.3263721115344,37.22662827753993,84.34914060983839,84.33127801007959,84.33127798017509,-1.6372922329936963,-1.6373857891572787,-1.6373857891726153,-3.864274710768913,-3.86427474067341,-3.8642747406734106
2023-06-15,436.3299865722656,442.6000061035156,14.5,13.579999923706056,82.68812175684269,536.1749645308294,-240.91260888011692,-240.96793621086422,-240.96793685450118,1.9533819550731106,1.953167207413406,1.9531672072826165,-3.7893434075943184,-3.7893440512312755,-3.7893440512313314
2023-06-16,443.0199890136719,439.4599914550781,13.539999961853027,11.329999923706056,79.45985267878997,-322.8269078052719,58.23326901643625,58.230314106376575,58.23031410604799,-3.062336068932956,-3.062336974904728,-3.0623369749047304,-3.894090178894879,-3.8940901792234675,-3.8940901792234675
2023-06-20,437.4500122070313,437.1799926757813,13.880000114440918,12.920000076293944,77.05994189404593,-239.9910784744037,66.12426760447093,66.1112648426301,66.1112647130112,0.14001940704822768,0.13995085374600702,0.1399508537329428,-3.8739940874616288,-3.873994217080529,-3.873994217080532
2023-06-21,436.1600036621094,434.94000244140625,13.199999809265137,12.029999732971191,74.745675418837,-231.42664752089388,49.52629900907014,49.51902265811884,49.51902265471248,-2.5402346139312617,-2.54024174282325,-2.5402417428240422,-3.8854472878783155,-3.885447291284686,-3.885447291284686
2023-06-22,433.9500122070313,436.510009765625,12.90999984741211,11.149999618530272,76.23890185890055,149.32264400635518,50.20179379774396,50.20042270552242,50.20042270547706,-3.3452595542028147,-3.3452611059966717,-3.3452611059966744,-3.897257815420837,-3.8972578154662054,-3.8972578154662054
2023-06-23,432.9299926757813,433.2099914550781,13.4399995803833,11.609999656677246,72.96974632686268,-326.9155532037871,58.43886974603789,58.43594477908997,58.43594477878626,-3.0600281585328153,-3.0600333314891195,-3.0600333314891506,-3.8941500651930268,-3.894150065496744,-3.894150065496744
2023-06-26,432.6199951171875,431.44000244140625,14.25,12.68000030517578,71.18529902764547,-178.44472992172058,59.16543931868115,59.15138652310617,59.15138647103661,-0.6840067827125793,-0.6840422670505779,-0.6840422670543713,-3.8718942526413493,-3.871894304710909,-3.8718943047109096
2023-06-27,432.3500061035156,436.1700134277344,13.739999771118164,12.050000190734863,75.74289931619413,455.7600288548656,47.45617074170767,47.448796161097235,47.44879615708883,-1.912393399718777,-1.9123996400028143,-1.9123996400036116,-3.885250826753905,-3.885250830762312,-3.885250830762312
2023-06-28,435.0499877929687,436.3900146484375,13.43000030517578,11.739999771118164,75.8958017999356,15.290248374147097,62.34179019423471,62.33760604800566,62.33760604719138,-2.8894897342810753,-2.889499201199877,-2.8894992011999934,-3.8916317050990648,-3.891631705913341,-3.891631705913341
2023-06-29,435.9599914550781,438.1099853515625,13.539999961853027,11.75,77.56509194721903,166.92901472834336,62.87592022940708,62.87167247855084,62.871672477756285,-2.872619663620858,-2.872629121385689,-2.8726291213858026,-3.8915044959038485,-3.891504496698399,-3.891504496698399
2023-06-30,441.44000244140625,443.2799987792969,13.59000015258789,11.529999732971191,82.66281860898978,509.772666177075,42.79678254539419,42.79493149594764,42.79493149575317,-2.2982697033190522,-2.298272918803388,-2.2982729188034092,-3.8962979005235034,-3.896297900717968,-3.896297900717968
2023-07-03,442.9200134277344,443.7900085449219,13.56999969482422,12.0,83.04549436978792,38.26757607981364,54.041397259990504,54.03318036388894,54.03318035989685,-2.4177258145939935,-2.4177310925493067,-2.4177310925502873,-3.88356619582061,-3.8835661998126967,-3.8835661998126967
2023-07-05,441.9100036621094,443.1300048828125,14.18000030517578,12.56999969482422,82.32781696633944,-71.76774034484765,64.17880564855338,64.16140830973231,64.16140828380478,-1.6539235299040311,-1.653943161973749,-1.6539431619859126,-3.8652052445752636,-3.8652052705027997,-3.8652052705027997
2023-07-06,439.4200134277344,439.6600036621094,15.4399995803833,13.960000038146973,78.93095944504512,-339.6857521294322,89.40324114849591,89.35592222231038,89.35592025975511,3.6776220712237553,3.6771138042886378,3.6771138034662396,-3.805356259961395,-3.8053582225166664,-3.8053582225172575
2023-07-07,438.6300048828125,438.5499877929687,14.829999923706056,12.600000381469728,77.73845019033774,-119.25092547073746,60.987845871643266,60.9783267260862,60.978326710493185,-0.4696600757209035,-0.46970382244619735,-0.4697038224514696,-3.880961662106797,-3.880961677699817,-3.8809616776998177
2023-07-10,438.1799926757813,439.6600036621094,15.06999969482422,13.5,78.72023794523506,98.17877548973115,79.122007233523,79.07175371604598,79.0717533012982,0.10279535662285255,0.10259770720272421,0.1025977066741266,-3.7994917208025587,-3.799492135550324,-3.799492135550361
2023-07-11,440.4500122070313,442.4599914550781,14.84000015258789,13.699999809265137,81.43751795394613,271.72800087110716,84.34657714342931,84.3093925625593,84.30939137773984,2.8228210131157603,2.8224693912286423,2.822469390839869,-3.825627283800922,-3.8256284686203825,-3.8256284686206063
2023-07-12,446.3900146484375,446.0199890136719,13.539999961853027,11.380000114440918,84.89907490625195,346.1556952305827,42.42911975275742,42.42737214195589,42.427372141796276,-2.8227544284179147,-2.822757309353766,-2.822757309353782,-3.896504777918086,-3.8965047780777056,-3.8965047780777056
2023-07-13,447.8999938964844,449.55999755859375,13.609999656677246,12.130000114440918,88.39304755696824,349.39726507162874,58.793994204172186,58.785507161904356,58.78550715188326,-2.0721271869271662,-2.0721373185179486,-2.072137318518349,-3.8830258854010506,-3.883025895422148,-3.883025895422148
2023-07-14,450.4800109863281,449.2799987792969,13.34000015258789,11.899999618530272,88.07023166091898,-32.28158960492635,53.52958015879758,53.52444491153975,53.52444490912249,-2.021541870957774,-2.02155514521579,-2.0215551452158556,-3.8897294982325548,-3.8897295006498243,-3.8897295006498243
2023-07-17,449.1300048828125,450.8399963378906,13.479999542236328,13.09000015258789,89.50929420274878,143.90625418297986,77.60677634707822,77.58241035521385,77.5824102751956,-0.12922599166744808,-0.12933454030939728,-0.1293345403652193,-3.85126777621647,-3.851267856234718,-3.85126785623472
2023-07-18,450.5,454.19000244140625,13.300000190734863,13.149999618530272,92.81586524188104,330.65710391322654,78.97231331786502,78.94398311245658,78.94398295760412,-1.2802363582177274,-1.2802966022247984,-1.280296602250738,-3.843339124625699,-3.8433392794781644,-3.8433392794781733
2023-07-19,455.010009765625,455.2000122070313,13.760000228881836,13.359999656677246,51.04203839203734,-4179.98268498437,65.13203031381039,65.10705800773812,65.1070578214389,0.9751374825933263,0.9749098949297812,0.974909894683643,-3.8500548289577226,-3.8500550152569395,-3.8500550152569586
2023-07-20,454.1700134277344,452.1799926757813,13.989999771118164,13.56999969482422,50.959434946517575,-8.260344551976573,91.54732696526894,91.49728701491316,91.49728663817335,1.6380367885697078,1.637682881200643,1.637682880574479,-3.799918969068791,-3.799919345808603,-3.799919345808669
2023-07-21,453.9599914550781,452.1799926757813,13.600000381469728,12.5,49.55068473798437,-140.87502085332062,70.08922754615178,70.08152980007286,70.08152978884695,-1.1727240564175934,-1.1727609683744706,-1.17276096838029,-3.8846044741644468,-3.8846044853903487,-3.8846044853903487
2023-07-24,453.3699951171875,454.2000122070313,13.90999984741211,13.40999984741211,50.91145442643986,136.07696884554912,86.65453385034097,86.61347244399465,86.6134720956568,1.2990022006014792,1.29889254285124,1.2988925427698614,-3.8178761422936804,-3.8178764906315314,-3.817876490631572
2023-07-25,453.9200134277344,455.44000244140625,13.859999656677246,13.489999771118164,51.00982824366426,9.837381722439886,91.42327893252971,91.39586981468878,91.39586959414049,1.2375663572411,1.23730826683442,1.2373082665277177,-3.845181102673184,-3.8451813232214813,-3.845181323221508
2023-07-26,454.4700012207031,455.510009765625,13.1899995803833,11.739999771118164,48.70243187933062,-230.73963643336413,52.47887560688862,52.47419151146015,52.47419150955481,-2.9548699813056762,-2.9548726776937486,-2.9548726776937952,-3.8906318034270178,-3.890631805332369,-3.890631805332369
2023-07-27,459.0199890136719,452.489990234375,14.40999984741211,13.470000267028809,51.95472483695687,325.22929576262527,-232.3175138724023,-232.35017235948206,-232.35017270945923,1.675349531193647,1.6750060654059808,1.6750060653053875,-3.8346819759087314,-3.834682325885928,-3.8346823258859875
2023-07-28,455.8800048828125,456.9200134277344,13.329999923706056,11.229999542236328,49.44905131851351,-250.56735184433592,45.92082559527101,45.919831632968915,45.91983163289101,-2.8845374476357866,-2.884538957874461,-2.8845389578744687,-3.898012075162091,-3.898012075239998,-3.898012075239998
2023-07-31,457.4100036621094,457.7900085449219,13.630000114440918,12.619999885559082,50.4952776572145,104.62263387009898,71.67268078361651,71.65439007910604,71.65439002878045,-1.846912284960987,-1.8469399327862566,-1.8469399327913774,-3.863418440002299,-3.863418490327881,-3.8634184903278825
2023-08-01,456.2699890136719,456.4800109863281,13.93000030517578,13.010000228881836,51.023032598932815,52.77549417183138,79.72737370383017,79.69918078882768,79.69918068120464,0.2969903727924228,0.29693468923715205,0.29693468921797894,-3.843613847125888,-3.8436139547489216,-3.8436139547489283
2023-08-02,453.25,450.1300048828125,16.09000015258789,15.399999618530272,56.69296938858784,566.9936789655026,136.85969323649078,136.5972114132652,136.59718364137348,9.621130230821706,9.616046572158114,9.616046430578782,-3.3749530375457955,-3.374980809437538,-3.3749808095468095
2023-08-03,448.0400085449219,448.8399963378906,15.920000076293944,15.0600004196167,55.78180071800037,-91.11686705874718,124.53017621233079,124.25864109552825,124.25861746595731,6.661950593920546,6.659593274395354,6.659593245398003,-3.356858877488044,-3.3568825070590167,-3.35688250712369
2023-08-04,450.7200012207031,446.80999755859375,17.100000381469727,16.09000015258789,59.37322818374278,359.1427465742413,154.1265901770414,153.6919549295019,153.69184700646218,12.983455465186593,12.97483417691515,12.97483384044453,-3.0304057316450907,-3.030513654684797,-3.030513656070373
2023-08-07,448.7099914550781,450.7099914550781,15.770000457763672,14.68000030517578,55.31652501122102,-405.67031725217646,114.57474623153155,114.437826970488,114.43781974759477,5.009994446172833,5.008713266667947,5.008713259670444,-3.6261398092028942,-3.6261470320961,-3.6261470321062164
2023-08-08,448.0799865722656,448.75,15.989999771118164,14.8100004196167,55.59785533791603,28.13303266950129,117.74113172977724,117.60039152662472,117.60037642106357,5.540557992552875,5.53884872458171,5.538848709254802,-3.618474276926138,-3.618489382487296,-3.6184893825157407
2023-08-09,449.0299987792969,445.75,15.960000038146973,15.329999923706056,54.91612241482528,-68.1732923090749,132.47939495363576,132.25436274088432,132.25432169947865,8.181968500727868,8.178475934163185,8.178475870421325,-3.4498124497480744,-3.449853491153739,-3.4498534913310865
2023-08-10,448.19000244140625,445.9100036621094,15.850000381469728,15.380000114440918,54.487457278574766,-42.86651362505154,131.95056478588936,131.7248952473862,131.72487641807237,8.466225618402676,8.462344024589482,8.462343942471621,-3.448604434893125,-3.4486232642069536,-3.4486232642599615
2023-08-11,443.9700012207031,445.6499938964844,14.84000015258789,13.630000114440918,50.95287850791206,-353.4578770662705,111.77126026943613,111.70610122878618,111.70610051836456,0.7872447897660466,0.7870453074911481,0.7870453073020176,-3.769679787435015,-3.7696804978566174,-3.7696804978567195
2023-08-14,444.7000122070313,448.1099853515625,14.81999969482422,14.56999969482422,51.060247396432175,10.736888852011361,108.52546976872209,108.4154906328325,108.4154863246354,4.020435036401278,4.018490624931548,4.018490610771125,-3.680028803617252,-3.68003311181436,-3.680033111818445
2023-08-15,446.2699890136719,442.8900146484375,16.459999084472656,16.559999465942383,55.746493032069566,468.6245635637391,162.19432643848472,161.6882605508805,161.68812775579414,15.447896990100128,15.433606913790866,15.433605775276535,-2.887469833921032,-2.8876026290074117,-2.8876026308778595
2023-08-16,442.4599914550781,439.6400146484375,16.780000686645508,16.360000610351562,56.43146735677104,68.49743247014715,152.36750670171193,151.9610450656821,151.9609593031714,18.28430542000003,18.27030874087371,18.270307990280727,-3.086819429452981,-3.0869051919637003,-3.086905195615435
2023-08-17,441.1600036621094,436.2900085449219,17.889999389648438,17.469999313354492,59.859908888254324,342.8441531483287,41.71180863436991,40.56695267070018,40.56620174328631,20.605756404410798,20.568218823673917,20.568213987959517,-1.6080351820166285,-1.6087861094305125,-1.6087861455644576
2023-08-18,433.3699951171875,436.5,17.299999237060547,16.540000915527344,57.81942703713301,-204.04818511213136,148.22451747643248,147.64499437641445,147.64480165495462,17.02754455195288,17.015997739805016,17.01599616924559,-2.7403756289877466,-2.7405683504475826,-2.7405683526464664
2023-08-21,437.5499877929687,439.3399963378906,17.1299991607666,16.81999969482422,57.168636104306415,-65.07909328265953,160.1280655630735,159.63353640615372,159.6331336886355,20.569727006842456,20.550659891202493,20.550658430325946,-2.90973350707473,-2.9101362245929727,-2.910136233436629
2023-08-22,441.1799926757813,438.1499938964844,16.969999313354492,16.389999389648438,56.4774712998302,-69.1164804476216,152.75627191619955,152.15090854378982,152.15074009800955,12.885875755960802,12.872786672120322,12.872786106749556,-2.688767910678807,-2.6889363564590845,-2.6889363588460453
2023-08-23,439.25,443.0299987792969,15.979999542236328,15.34000015258789,53.509489701577195,-296.79815982530044,122.73892577919781,122.45762055147851,122.45759288992699,6.8020174574031405,6.79845393774122,6.798453896838092,-3.337306559638747,-3.337334221190291,-3.337334221279639
2023-08-24,444.69000244140625,436.8900146484375,17.200000762939453,16.100000381469727,57.012541033715934,350.3051332138739,-473.80503108096974,-474.17875862375905,-474.17883440068,11.703366383578675,11.690771060196617,11.690770412131405,-3.1523175813250197,-3.1523933582459325,-3.1523933590238493
2023-08-25,438.6799926757813,439.9700012207031,15.68000030517578,13.779999732971191,52.076701016310494,-493.58400174054395,85.59068606168802,85.52773238911058,85.52773185653332,3.0730778339480365,3.0726500944599673,3.0726500938395827,-3.774091057112209,-3.774091589689457,-3.774091589689851
2023-08-28,442.239990234375,442.760009765625,15.079999923706056,13.529999732971191,50.1043076853982,-197.2393330912297,82.16910654008807,82.13719377381443,82.13719310619916,0.5452086697185186,0.5449441052081507,0.5449441050239177,-3.836172464606682,-3.8361731322219463,-3.836173132222031
2023-08-29,442.6499938964844,449.1600036621094,14.449999809265137,13.300000190734863,48.86935501251776,-123.49526728804392,-354.34136002913664,-354.36851705938324,-354.36851725652457,-0.1248153238987757,-0.12503878272069846,-0.12503878287984627,-3.8456853480828666,-3.8456855452241667,-3.845685545224175
2023-08-30,449.510009765625,451.010009765625,13.880000114440918,12.420000076293944,47.29291441292705,-157.64405995907111,63.10720709250629,63.0964736869167,63.09647367203028,-1.4499612720910946,-1.450012615717906,-1.450012615725024,-3.878533144161542,-3.8785331590479717,-3.8785331590479717
2023-08-31,451.6499938964844,450.3500061035156,13.56999969482422,11.789999961853027,46.06879484332694,-122.41195696001057,52.54084427758269,52.53590347080733,52.535903468425865,-2.36728052638753,-2.367285348277512,-2.367285348277578,-3.8901183793048717,-3.8901183816863307,-3.8901183816863307
2023-09-01,453.1700134277344,451.19000244140625,13.09000015258789,10.449999809265137,44.61190193277912,-145.6892910547822,30.93961795085763,30.939247632148096,30.939247632145744,-3.44014641321825,-3.4401465533350297,-3.4401465533350297,-3.899259362573887,-3.8992593625762404,-3.8992593625762404
2023-09-05,450.7300109863281,449.239990234375,14.010000228881836,12.890000343322754,46.91146985896407,229.9567926184949,74.41179478941618,74.38887955738824,74.38887945607618,-0.5500192412276066,-0.5500817147321686,-0.5500817147467831,-3.8541692320079655,-3.8541693333200113,-3.8541693333200153
2023-09-06,448.3999938964844,446.2200012207031,14.449999809265137,13.100000381469728,47.77385015331299,86.23802943489238,76.49265906003035,76.46844671833324,76.46844661866098,0.09428465827392873,0.09414639850546536,0.09414639841815209,-3.8515750175889982,-3.8515751172612616,-3.851575117261266
2023-09-07,443.1099853515625,444.8500061035156,14.399999618530272,13.100000381469728,47.35223119480648,-42.161895850651376,74.19999626597368,74.16305173184489,74.1630515431895,-0.5218168851837719,-0.5218939672345271,-0.5218939672657488,-3.8261103657761995,-3.8261105544315965,-3.826110554431605
2023-09-08,444.8999938964844,445.5199890136719,13.84000015258789,12.380000114440918,45.54199706857969,-181.02341262267885,62.02276290254708,62.00767894834659,62.0076789304109,-1.823112392989597,-1.8231276080530856,-1.8231276080540173,-3.8698320377919315,-3.869832055727631,-3.869832055727631
2023-09-11,448.239990234375,448.4500122070313,13.800000190734863,13.270000457763672,45.63798260027346,9.598553169377055,80.42536737636149,80.39627103941679,80.39627090227995,0.3378434022631147,0.33768283914819897,0.3376828390238149,-3.8418069147001,-3.8418070518369327,-3.84180705183694
2023-09-12,446.9500122070313,445.989990234375,14.229999542236328,14.050000190734863,46.57168503985494,93.37024395814808,99.92170659943987,99.81356948968593,99.81356706250862,2.3528590501554154,2.3523824336809263,2.3523824325811713,-3.6837184989572633,-3.6837209261345634,-3.6837209261355444
2023-09-13,446.2200012207031,446.510009765625,13.479999542236328,12.470000267028809,44.15021428679293,-242.14707530620103,62.60500791197975,62.595374887622846,62.59537487870276,-1.5069905167126403,-1.507017991350451,-1.5070179913536954,-3.880733924525961,-3.8807339334460424,-3.8807339334460433
2023-09-14,449.0700073242187,450.3599853515625,12.81999969482422,11.800000190734863,42.63027445397606,-151.9939832816874,52.137793914007105,52.13375871891591,52.13375871808254,-2.433531475222236,-2.433537026720866,-2.4335370267209857,-3.891929607317493,-3.8919296081508588,-3.8919296081508588
2023-09-15,447.1400146484375,443.3699951171875,13.789999961853027,12.510000228881836,44.62083617847884,199.05617245027827,64.29336543742403,64.28273537957975,64.28273533224896,-1.438084470195613,-1.4381136527523593,-1.438113652756087,-3.8787397423190715,-3.878739789649856,-3.878739789649857
2023-09-18,443.0499877929687,443.6300048828125,14.0,13.619999885559082,45.102370479480896,48.153430100205696,110.94594817121092,110.8820981213174,110.8820974158308,0.7143290164583771,0.7141327308249616,0.7141327306369103,-3.772297783752917,-3.7722984892394917,-3.772298489239592
2023-09-19,442.6799926757813,442.7099914550781,14.109999656677246,14.229999542236328,45.294372987411606,19.20025079307095,98.69326274584668,98.61878697790112,98.61878477659137,2.5379568340690586,2.53689090593528,2.5368909018389427,-3.751041860177363,-3.7510440614871365,-3.7510440614878844
2023-09-20,444.010009765625,438.6400146484375,15.140000343322754,15.270000457763672,48.260911804422875,296.6538817011269,-115.1082014131646,-115.39421989905375,-115.39424644454397,6.994828858565034,6.992263033900473,6.992262999645668,-3.3278833915096664,-3.327909936999852,-3.327909937080328
2023-09-21,435.7000122070313,431.3900146484375,17.540000915527344,18.8799991607666,55.776064499265516,751.5152694842641,219.40281702422732,217.37969832284034,217.37502556081904,40.43505225150615,40.32744277667757,40.32738424195003,0.16025807154365523,0.15558530952235472,0.15558451530233341
2023-09-22,432.4500122070313,430.4200134277344,17.200000762939453,17.510000228881836,54.67985947883369,-109.62050204318246,174.0391975025816,173.00974673105452,173.00900848640129,24.67605032783085,24.646524658237126,24.64651393360782,-1.8388836436485607,-1.8396218883017972,-1.8396219147473327
2023-09-25,429.1700134277344,432.2300109863281,16.899999618530273,17.559999465942383,53.42311570027306,-125.6743778560633,209.33052406606706,208.40825559564828,208.4076574443703,24.078401308996234,24.03385656937131,24.033850151459674,-2.0536684442790616,-2.054266595557003,-2.0542666492399944
2023-09-26,429.0899963378906,425.8800048828125,18.940000534057617,19.850000381469727,60.02175236615395,659.8636665880889,282.85388404377755,280.0904913932922,280.0829246760786,48.50518723908594,48.27040252987537,48.270219220056546,1.6494972456739658,1.6419305284603487,1.6419265976049733
2023-09-27,427.0899963378906,426.0499877929687,18.219999313354492,18.920000076293945,57.73448236353417,-228.72700026197776,249.08929697304242,247.33370936976502,247.32886363076847,36.6353467776265,36.516992863452586,36.51694682052125,-0.37428555724168167,-0.37913129623822917,-0.37913196929948256
2023-09-28,425.4800109863281,428.5199890136719,17.34000015258789,17.6299991607666,54.75559889914712,-297.8883464387053,169.68419343983436,168.47456997031068,168.47396275709292,23.27443247782223,23.22700730909623,23.22699898272805,-1.4789312172149471,-1.4795384304327288,-1.4795384984606317
2023-09-29,431.6700134277344,427.4800109863281,17.520000457763672,17.200000762939453,55.31225513411255,55.66562349654305,164.9561546594174,164.19045896800057,164.18992418004092,21.999687436007214,21.976640976839263,21.976638348005217,-2.3670042076263433,-2.3675389955859787,-2.3675390108063095
2023-10-02,426.6199951171875,427.30999755859375,17.610000610351562,17.610000610351562,55.358135006546775,4.587987243422731,170.8071994792624,169.56006189676998,169.55938205115652,23.662501161753404,23.624049382082454,23.62403954936351,-1.4036850445572244,-1.4043648901706751,-1.404364974709586
2023-10-03,425.05999755859375,421.5899963378906,19.780000686645508,19.899999618530273,62.40231649243049,704.4181485883712,278.1409431727447,275.5431296695309,275.531963277016,46.88750278760256,46.673410467601144,46.67322083768199,1.3291354493048884,1.3179690567899849,1.3179659687375933
2023-10-04,422.0700073242187,424.6600036621094,18.579999923706055,18.299999237060547,58.37898210530062,-402.33343871298644,222.47155343740093,221.31758136419043,221.31562673953928,28.240870527580157,28.17851651050036,28.17847994011197,-1.5861915519738914,-1.5881461766250675,-1.588146319172563
2023-10-05,424.3599853515625,424.5,18.489999771118164,18.36000061035156,58.04591211919268,-33.30699861079438,189.0661902384621,187.3614416771241,187.3601027005285,29.41658686509379,29.33878502831785,29.338761476278044,-0.4864851776086683,-0.48782415420430114,-0.4878244108453256
2023-10-06,421.9700012207031,429.5400085449219,17.450000762939453,16.290000915527344,54.359270664839556,-368.6641454353122,-545.0018758693604,-545.3359284343697,-545.3360536823883,18.077590059713486,18.068426713963476,18.068425823737464,-3.2315191236295417,-3.2316443716479766,-3.2316443724134625
2023-10-09,427.5799865722656,432.2900085449219,17.700000762939453,17.8799991607666,54.703731519869336,34.44608550297801,121.40635305354765,119.9473466019798,119.94636710555967,26.331962009218962,26.296349235440786,26.296333281699916,-0.9790484551417458,-0.9800279515618859,-0.9800280023818231
2023-10-10,432.94000244140625,434.5400085449219,17.030000686645508,17.110000610351562,52.510883172031726,-219.28483478376108,199.52295901427559,198.77081248302468,198.77054937008097,15.31373986596846,15.281816170247494,15.281813172769878,-2.3949175384337327,-2.3951806513774407,-2.3951806714552033
2023-10-11,435.6400146484375,436.3200073242187,16.09000015258789,15.170000076293944,49.53523271537574,-297.5650456655984,115.47050398262469,115.26390828662674,115.26388137964766,8.927504384418478,8.924703609324924,8.924703574301981,-3.4867278868867335,-3.4867547938658254,-3.486754793925847
2023-10-12,436.9500122070313,433.6600036621094,16.690000534057617,15.869999885559082,51.33526478883118,180.00320734554407,167.0084454929702,166.64007119295388,166.64002333452885,8.74491201000032,8.73657151210286,8.73657120392881,-3.1631078239798804,-3.163155682404934,-3.16315568264239
2023-10-13,435.2099914550781,431.5,19.31999969482422,18.760000228881836,59.26204792417818,792.6783135346994,214.93460192084825,212.97854247041568,212.97589860162202,38.52067037971137,38.43174490776934,38.431678826243946,0.02005166314018636,0.01740779434648676,0.01740740906843463
2023-10-16,433.8200073242187,436.0400085449219,17.209999084472656,17.190000534057617,52.516749908623666,-674.5298015554511,168.06435640923596,167.26415540017695,167.2638634151778,23.00848350077537,22.98212766527473,22.982124294887207,-2.2987219611208625,-2.299013946120004,-2.299013968041202
2023-10-17,432.80999755859375,436.0199890136719,17.8799991607666,17.709999084472656,54.45171213277291,193.49622241492455,181.5803910788057,180.5285542002928,180.5273669142051,27.278364418589533,27.238095268538977,27.23808727633601,-1.79276417556971,-1.7939514616574233,-1.7939515313709369
2023-10-18,434.19000244140625,430.2099914550781,19.219999313354492,18.899999618530273,58.54907107498735,409.73589422144414,217.98160295941915,215.94237686257665,215.93947628798398,39.633870198427836,39.538394011725494,39.53831936021518,0.18715528843990725,0.18425471384725522,0.1842542568807115
2023-10-19,430.9500122070313,426.4299926757813,21.399999618530273,21.459999084472656,65.1314671483922,658.2396073404851,227.95787234757714,222.7654535887842,222.72587124376028,58.38291266803,57.77903806824862,57.77786164399956,6.603709121982609,6.564126776958682,6.564085260779054
2023-10-20,425.9800109863281,421.19000244140625,21.709999084472656,20.760000228881836,66.45977156827851,132.8304419886308,146.65528354140048,142.95484790286488,142.93144649248615,59.653590532646625,59.2896683735888,59.2892371715909,3.5711104160799625,3.547709005701237,3.547697372672043
2023-10-23,419.6099853515625,420.4599914550781,20.3700008392334,20.690000534057617,62.45805589515814,-400.17156731203727,253.2296197590844,249.0031275212511,248.98715469189736,53.37185742733395,52.960335860680864,52.959871453967104,4.6009390778525,4.584966248498812,4.58495421310125
2023-10-24,422.6499938964844,423.6300048828125,18.969999313354492,19.309999465942383,57.9244158393569,-453.3640055801243,215.2789124530244,212.67895042909473,212.6737880917543,38.65801224238627,38.5298058441216,38.52970261942036,1.3154163085833037,1.3102539712428678,1.310252221713009
2023-10-25,421.8900146484375,417.5499877929687,20.190000534057617,20.489999771118164,62.27557642552702,435.1160586170124,202.69579648378684,199.6197907206773,199.604238560613,53.01242302796438,52.738891312361794,52.738313857435855,2.2987079830390265,2.2831558229747753,2.283142498365959
2023-10-26,416.4500122070313,412.5499877929687,20.68000030517578,20.799999237060547,64.59430423199012,231.87278064631016,251.43092633707292,247.326568440054,247.30259763485557,52.560423466319385,52.169133900508676,52.16829407332947,4.380658146936565,4.356687341738146,4.35667736465488
2023-10-27,414.19000244140625,410.6799926757813,21.270000457763672,21.36000061035156,66.53536147514052,194.10572431503965,310.6684792505435,305.86174498916387,305.8364896923031,72.65248563912712,72.16213247028216,72.16099151021929,5.789341462897404,5.764086166036661,5.764050494753162
2023-10-30,413.55999755859375,415.5899963378906,19.75,20.649999618530273,61.04631557433146,-548.904590080906,242.46652725727458,238.76329580622132,238.74375326549094,49.032223948710964,48.69583070826525,48.695090180081095,3.5651150254947117,3.5455724847643513,3.5455643188931143
2023-10-31,416.1799926757813,418.2000122070313,18.13999938964844,19.020000457763672,56.02589538348653,-502.04201908449306,237.601819108884,235.64039145464065,235.63698723867012,32.46901183859035,32.34571457520679,32.34563650958794,0.03307133195708545,0.02966711598652738,0.02966599081532406
2023-11-01,419.2000122070313,422.6600036621094,16.8700008392334,16.8700008392334,51.53760640573,-448.82889777565254,177.2899106578219,176.62265881116795,176.62236119164984,15.51400383465725,15.497586222628277,15.497583287182481,-2.564603435558274,-2.5649010550763585,-2.564901059269536
2023-11-02,426.5799865722656,430.760009765625,15.65999984741211,15.15999984741211,46.82352917566746,-471.4077230062543,107.43792882692578,107.18451308778512,107.18449932400374,7.156789301417174,7.154098917875393,7.15409886591603,-3.3931272300884756,-3.3931409938698436,-3.3931409939652015
2023-11-03,433.1400146484375,434.69000244140625,14.90999984741211,13.710000038146973,44.250294409963715,-257.3234765703745,105.79261764570381,105.74028826073284,105.74028780596525,0.202737108562709,0.2022167419086065,0.20221674130575273,-3.795339865754339,-3.795340320521906,-3.795340320522236
2023-11-06,435.4700012207031,435.69000244140625,14.890000343322754,14.529999732971191,43.90662028540703,-34.3674124556685,99.51157973328714,99.43689976806532,99.43689337848129,5.557868022743406,5.5568276427202825,5.55682763899374,-3.7506209007918883,-3.7506272903759124,-3.7506272903800513
2023-11-07,435.69000244140625,436.9299926757813,14.8100004196167,14.43000030517578,43.54567207825994,-36.09482071470893,98.12560131400444,98.01726705140342,98.01726051947962,5.335211732192899,5.33417947572695,5.334179471369685,-3.683311879013873,-3.683318410937674,-3.6833184109418964
2023-11-08,437.5499877929687,437.25,14.449999809265137,13.829999923706056,42.41234208632255,-113.33299919373871,85.36482093619838,85.3249557864388,85.3249541352118,3.0128472127532104,3.0124479752586035,3.012447974730362,-3.8202647467988213,-3.820266398025825,-3.8202663980261535
2023-11-09,438.4299926757813,433.8399963378906,15.289999961853027,14.699999809265137,44.940458467235004,252.81163809124507,73.83282113236037,73.7371821487197,73.73717135027209,6.813924556470349,6.81241096393069,6.812410956060303,-3.708689637343386,-3.708700435790972,-3.708700435801812
2023-11-10,435.9800109863281,440.6099853515625,14.170000076293944,12.779999732971191,41.41409450223574,-352.63639649992626,-36.78288201481882,-36.80150539821784,-36.801505430807275,-1.5793631728034194,-1.5794624635514185,-1.5794624635686674,-3.8627531354336413,-3.8627531680230702,-3.862753168023074
2023-11-13,439.2300109863281,440.19000244140625,14.760000228881836,13.800000190734863,42.88208854528793,146.79940430521867,86.12845164286377,86.05595502319456,86.05595399218834,1.016306721532776,1.0159466199069866,1.01594661955812,-3.755003667642325,-3.755004698648541,-3.7550046986487335
2023-11-14,446.3200073242187,448.7300109863281,14.15999984741211,12.869999885559082,41.673505946349735,-120.85825989381931,70.452533763932,70.4358939270158,70.43589388933938,-0.6582532954337128,-0.6583253426283227,-0.6583253426527627,-3.8667202131383456,-3.866720250814765,-3.866720250814766
2023-11-15,450.1099853515625,449.6799926757813,14.18000030517578,11.890000343322754,41.78150438964934,10.799844329960706,54.05124171326302,54.04642506767811,54.046425066300834,-2.2734372948686934,-2.2734451411389944,-2.273445141139238,-3.8903667046983648,-3.8903667060756453,-3.8903667060756453
2023-11-16,449.2200012207031,450.2300109863281,14.31999969482422,11.8100004196167,42.183534311586385,40.20299219370429,51.600146222348194,51.59611635155858,51.59611635053253,-2.3602424508707807,-2.3602493376506493,-2.3602493376508296,-3.8919402553426448,-3.8919402563686876,-3.8919402563686876
2023-11-17,450.239990234375,450.7900085449219,13.800000190734863,10.670000076293944,40.68964521439972,-149.3889097186667,32.93552668352993,32.93501492476793,32.93501492476182,-3.3429540370456827,-3.342954304630571,-3.342954304630571,-3.8989764824576922,-3.8989764824637905,-3.8989764824637905
2023-11-20,450.5299987792969,454.260009765625,13.40999984741211,11.140000343322754,39.99483775532818,-69.48074590715407,40.28293273677462,40.2814843352496,40.28148433513807,-3.0306589431780893,-3.0306596104055243,-3.0306596104055252,-3.897103196615369,-3.897103196726903,-3.897103196726903
2023-11-21,453.1799926757813,453.2699890136719,13.350000381469728,11.470000267028809,39.52764055787816,-46.71971974500195,47.47545173326203,47.472732090911116,47.472732090548824,-2.6535624067018526,-2.6535658772396475,-2.653565877239691,-3.8945607142113206,-3.894560714573602,-3.894560714573602
2023-11-22,454.9800109863281,455.0199890136719,12.850000381469728,9.960000038146973,38.42339467937845,-110.42458784997109,14.542330361181707,14.542273500779375,14.542273500779293,-3.644165609314788,-3.6441656274249636,-3.6441656274249636,-3.899886279195094,-3.8998862791951767,-3.8998862791951767
2023-11-24,455.0700073242187,455.2999877929687,12.460000038146973,9.829999923706056,37.23680960467942,-118.65850746990247,23.446527960890194,23.446484226907863,23.44648422690782,-3.6772224763598533,-3.677222488693596,-3.677222488693596,-3.8999125320352035,-3.8999125320352483,-3.8999125320352483
2023-11-27,454.6499938964844,454.4800109863281,12.6899995803833,11.270000457763672,37.435080705711755,19.82711010323328,44.58978653374544,44.587413611768106,44.5874136113767,-2.8555501007268207,-2.855550976135194,-2.8555509761351985,-3.8952541548711066,-3.8952541552625144,-3.8952541552625144
2023-11-28,454.0799865722656,454.9299926757813,12.6899995803833,11.520000457763672,37.45701067267987,2.1929966968116332,49.32623917087681,49.324521917028115,49.32452191669385,-2.605758345278394,-2.605762085737529,-2.605762085737581,-3.896565491299801,-3.8965654916340657,-3.8965654916340657
2023-11-29,457.1499938964844,454.6099853515625,12.979999542236328,12.050000190734863,38.10286674006946,64.58560673895875,60.478424260205266,60.473534076335206,60.473534072177564,-1.7514201383475,-1.7514391719041211,-1.751439171904309,-3.8902196197869716,-3.89021962394461,-3.89021962394461
2023-11-30,455.4800109863281,456.3999938964844,12.920000076293944,12.300000190734863,38.28563384592027,18.276710585081446,63.93037087919162,63.919096792034445,63.919096775697575,-2.348501632611988,-2.3485139352626585,-2.348513935263682,-3.877451776675039,-3.8774517930119083,-3.8774517930119083
2023-12-01,455.7699890136719,459.1000061035156,12.630000114440918,11.979999542236328,38.16841350884786,-11.722033707241053,58.89549121159569,58.88711867671226,58.88711867515767,-1.981369962951492,-1.9813808047173196,-1.9813808047177108,-3.8832549255693682,-3.883254927123962,-3.883254927123962
2023-12-04,455.6000061035156,456.69000244140625,13.079999923706056,13.460000038146973,38.45259570174966,28.418219290179536,89.63917720432487,89.58990119547363,89.58990058550594,-0.3169359830758336,-0.31709407517084065,-0.31709407535437073,-3.8014461523941363,-3.8014467623618184,-3.8014467623619286
2023-12-05,455.260009765625,456.6000061035156,12.850000381469728,13.529999732971191,37.71754086742931,-73.50548343203513,90.9788674957612,90.92936269644798,90.92936228183412,1.7050142662219647,1.7046387589208907,1.7046387587869614,-3.8009891575317742,-3.8009895721456375,-3.800989572145713
2023-12-06,458.80999755859375,454.760009765625,12.970000267028809,13.670000076293944,37.51197211064556,-20.55687567837481,98.11230859598697,98.07317463914137,98.07317416666899,2.284173961821998,2.2838504780410736,2.2838504772701693,-3.821730668891414,-3.8217311413637747,-3.8217311413638764
2023-12-07,456.9100036621094,458.2300109863281,13.0600004196167,13.729999542236328,38.550575032151414,103.86029215058556,99.11035047922282,99.07058251219937,99.07058198781895,2.296395621752402,2.295940121137038,2.2959401202159366,-3.8204624928114894,-3.8204630171918907,-3.820463017192016
2023-12-08,457.4599914550781,460.2000122070313,12.350000381469728,12.210000038146973,37.1733810102632,-137.7194021888215,63.16132837293153,63.15069160025323,63.15069158629726,-2.396479399050619,-2.3964904494602792,-2.396490449461094,-3.8787264127755026,-3.878726426731476,-3.878726426731476
2023-12-11,459.69000244140625,461.989990234375,12.630000114440918,12.68000030517578,38.24631136925129,107.29303589880885,75.08073930767496,75.05712875792088,75.05712873287976,-1.5648500002907717,-1.564895771378504,-1.5648957713933012,-3.8527788253685005,-3.8527788504096168,-3.852778850409617
2023-12-12,461.6300048828125,464.1000061035156,12.06999969482422,11.640000343322754,37.51331874359573,-73.29926256555552,54.45965621477164,54.45390269392525,54.45390269331242,-2.851531054535397,-2.8515350646356183,-2.851535064635721,-3.888492956468743,-3.8884929570815725,-3.8884929570815725
2023-12-13,464.489990234375,470.5,12.1899995803833,12.43000030517578,40.54690757998057,303.3588836384837,-228.2247952376908,-228.24350503883863,-228.24350504885004,-1.830962694061732,-1.8309920571276987,-1.8309920571335816,-3.862580367670187,-3.86258037768159,-3.86258037768159
2023-12-14,472.5,472.010009765625,12.479999542236328,12.289999961853027,41.88136163527396,133.4454055293392,73.35001748414896,73.34350977252667,73.34350975970963,-1.715052150739139,-1.7150867724543604,-1.7150867724554733,-3.886984538304296,-3.886984551121337,-3.886984551121337
2023-12-15,469.489990234375,469.3299865722656,12.279999732971191,10.869999885559082,40.02564458996895,-185.57170453050134,43.353795746583465,43.353331653275646,43.35333165324912,-3.3161686299234154,-3.3161692412613544,-3.3161692412613544,-3.8990718133047966,-3.899071813331319,-3.899071813331319
2023-12-18,470.9800109863281,471.9700012207031,12.5600004196167,11.4399995803833,41.692239747678045,166.65951577090965,38.4546698329703,38.451733867054365,38.4517338669015,-2.201140435359973,-2.2011420410102316,-2.201142041010259,-3.8941280677095307,-3.8941280678623955,-3.8941280678623955
2023-12-19,472.5299987792969,474.8399963378906,12.529999732971191,11.25,43.02680949980919,133.4569752131145,51.77766541908754,51.776502588029274,51.776502587795086,-2.982683983935041,-2.9826865036201733,-2.982686503620177,-3.897674337180915,-3.8976743374151006,-3.8976743374151006
2023-12-20,473.9599914550781,468.260009765625,13.670000076293944,13.670000076293944,42.44105441805186,-58.57550817573269,-64.79852081709309,-64.86302841957414,-64.863028820113,2.1115076695217185,2.1112120209505596,2.1112120200611404,-3.7709835934208438,-3.7709839939596983,-3.770983993959853
2023-12-21,471.3299865722656,472.7000122070313,13.649999618530272,13.109999656677246,44.29193147998592,185.08770619340567,91.77641577514476,91.7396594234131,91.73965929594787,-0.14804433236552983,-0.14816670874020899,-0.14816670876850146,-3.82648691414098,-3.826487041606201,-3.8264870416062147
2023-12-22,473.8599853515625,473.6499938964844,13.029999732971191,11.5600004196167,43.246508329757916,-104.54231502280038,41.54518624610978,41.54129127232813,41.54129127204428,-2.527499612239654,-2.52750209257068,-2.5275020925707405,-3.892210051585168,-3.8922100518690184,-3.8922100518690184
2023-12-26,474.0700073242187,475.6499938964844,12.989999771118164,12.449999809265137,43.83706001883462,59.05516890767046,57.87086925512985,57.855120044241,57.855120032276524,-1.324130599152658,-1.3241589253866017,-1.3241589253879607,-3.8685015423288815,-3.8685015542933625,-3.868501554293363
2023-12-27,475.44000244140625,476.510009765625,12.43000030517578,11.229999542236328,43.02840434714821,-80.86556716864095,52.607551791672485,52.60633145098356,52.60633145073698,-2.9510363096107417,-2.9510384902350397,-2.951038490235044,-3.8975593178824033,-3.897559318128984,-3.897559318128984
2023-12-28,476.8800048828125,476.69000244140625,12.470000267028809,11.229999542236328,43.125288301623,9.688395447479081,37.32138972068908,37.3188724647286,37.31887246463558,-2.7933694525827115,-2.7933706375874165,-2.7933706375874303,-3.894965487799975,-3.89496548789299,-3.89496548789299
2023-12-29,476.489990234375,475.30999755859375,12.449999809265137,10.670000076293944,42.22178445705258,-90.35038445704231,42.632522048290596,42.63209683390429,42.632096833882976,-3.340556639223756,-3.3405567213406453,-3.3405567213406453,-3.899149571163434,-3.899149571184754,-3.899149571184754
2024-01-02,472.1600036621094,472.6499938964844,13.199999809265137,12.59000015258789,42.09727223311607,-12.451222393650596,59.92451450986341,59.90610108826176,59.90610106509863,-1.190339532163624,-1.1903770777417262,-1.190377077757029,-3.8631730873073216,-3.8631731104704494,-3.8631731104704503
2024-01-03,470.4299926757813,468.7900085449219,14.039999961853027,13.239999771118164,42.173540282123184,7.626804900711193,94.2346090177989,94.21329810332733,94.21329791180727,0.11833084252968451,0.11812394889975675,0.11812394884872823,-3.8573775964966077,-3.8573777880166733,-3.857377788016702
2024-01-04,468.2999877929687,467.2799987792969,14.130000114440918,13.0600004196167,41.672649664853054,-50.08906172701302,88.60473090125939,88.57375980075109,88.5737597173518,-0.45987494158367337,-0.4599983486885848,-0.4599983487787309,-3.8380575487855553,-3.8380576321848436,-3.8380576321848503
2024-01-05,467.489990234375,467.9200134277344,13.350000381469728,11.710000038146973,39.988331091211506,-168.43185736415478,58.33093951448207,58.32884790212504,58.328847901212704,-2.665405402886397,-2.6654115351518772,-2.665411535151904,-3.895816772548951,-3.895816773461291,-3.895816773461291
2024-01-08,468.4299926757813,474.6000061035156,13.079999923706056,11.699999809265137,42.25646586101817,226.81347698066645,-261.44636158387334,-261.45183231149076,-261.45183231236314,-2.6583732710767443,-2.6583792948302207,-2.6583792948302456,-3.889058542147994,-3.889058543020375,-3.889058543020375
2024-01-09,471.8699951171875,473.8800048828125,12.760000228881836,11.350000381469728,41.10453388576741,-115.19319752507613,37.3395204911187,37.33700519594657,37.337005195307576,-2.7974683726349125,-2.797469553543868,-2.7974695535438823,-3.8949694077387575,-3.894969408377752,-3.894969408377752
2024-01-10,474.1600036621094,476.55999755859375,12.6899995803833,11.09000015258789,42.32503264299173,122.04987572243198,34.610853880001116,34.60884873002325,34.6088487299619,-3.0840300117183546,-3.08403088963017,-3.0840308896301707,-3.895989699860207,-3.8959896999215626,-3.8959896999215626
2024-01-11,477.5899963378906,476.3500061035156,12.4399995803833,10.75,41.61046284187172,-71.45698011200068,44.75895557595288,44.75838906295019,44.75838906290634,-3.262317793871731,-3.2623179310149317,-3.262317931014932,-3.898866973863068,-3.8988669739069186,-3.8988669739069186
2024-01-12,477.8399963378906,476.6799926757813,12.699999809265137,10.520000457763672,42.22771376551361,61.72509236418904,27.085558612156838,27.084900656506484,27.084900656503812,-3.3440763193679626,-3.344076435670892,-3.344076435670892,-3.898684088691265,-3.898684088693942,-3.898684088693942
2024-01-16,475.260009765625,474.9299926757813,13.84000015258789,12.640000343322754,43.255545801375206,102.78320358615929,83.2369981953224,83.22567228494941,83.22567225211671,-0.9511900604032304,-0.9512449666896439,-0.9512449666948388,-3.877348080755906,-3.8773481135886114,-3.877348113588612
2024-01-17,471.8200073242187,472.2900085449219,14.789999961853027,13.31999969482422,43.94976446431315,69.42186629379421,74.22171471850352,74.18134225961367,74.18134183121214,0.67511174094306,0.6749816824518682,0.6749816822886476,-3.819253797015608,-3.8192542254171653,-3.8192542254171817
2024-01-18,474.010009765625,476.489990234375,14.130000114440918,12.65999984741211,44.46658464026082,51.68201759476716,61.82542673316609,61.80516440094454,61.80516437893446,0.49480119241184095,0.4947584827184537,0.49475848269896794,-3.8594752695266408,-3.859475291536725,-3.859475291536726
2024-01-19,477.6499938964844,482.4299926757813,13.300000190734863,11.81999969482422,46.14437788297252,167.77932427117008,-19.613430049541655,-19.61757706198569,-19.61757706291379,-2.1801751724688447,-2.180181047455842,-2.180181047456106,-3.8917059723276295,-3.8917059732557284,-3.8917059732557284
2024-01-22,484.010009765625,483.4500122070313,13.1899995803833,13.18000030517578,46.30592255992855,16.154467695602648,78.53842718838987,78.51930027561713,78.51930003856482,-0.5283808717050471,-0.5285887308509274,-0.5285887309330075,-3.8617454632975456,-3.8617457003498563,-3.861745700349865
2024-01-23,484.010009765625,484.8599853515625,12.550000190734863,12.489999771118164,46.05047435832475,-25.5448201603798,63.68520130643247,63.677622628071255,63.67762259873346,-1.823000846656543,-1.8230527769526073,-1.823052776956965,-3.884842555264161,-3.8848425846019667,-3.884842584601967
2024-01-24,487.80999755859375,485.3900146484375,13.140000343322754,13.579999923706056,47.29897725138531,124.85028930605608,90.3008303460443,90.23873241333298,90.23873177124692,0.6998522849848454,0.6995002974769502,0.6995002970718343,-3.77580220831898,-3.7758028504050354,-3.7758028504051104
2024-01-25,487.5799865722656,488.0299987792969,13.449999809265137,13.739999771118164,49.50262921922203,220.365196783672,120.24611224371034,120.1790019464335,120.17900121761778,3.317032412499432,3.3166444196675906,3.316644419201401,-3.765777218998902,-3.765777947814606,-3.7657779478147075
2024-01-26,487.5899963378906,487.4100036621094,13.260000228881836,13.06999969482422,48.67598196070742,-82.66472585146118,102.1859047993543,102.15388519528584,102.15388507637485,1.0104120740064602,1.0102973142477225,1.0102973142105984,-3.8359604351300955,-3.835960554041089,-3.8359605540410926
2024-01-29,487.7300109863281,491.2699890136719,13.600000381469728,13.949999809265137,51.63506370485115,295.9081744143731,99.51562233317293,99.42819222975264,99.42819077144712,4.336581133062321,4.335969329635539,4.335969328419479,-3.7251354182418064,-3.7251368765473254,-3.725136876547685
2024-01-30,490.55999755859375,490.8900146484375,13.3100004196167,13.720000267028809,50.835661129284574,-79.94025755665746,121.96469521529168,121.8934028635122,121.89340202796357,3.556511594005367,3.55608481732352,3.556084816760899,-3.7574127897947873,-3.7574136253433914,-3.7574136253435224
2024-01-31,488.6199951171875,482.8800048828125,14.350000381469728,14.550000190734863,47.14831039039062,-368.73507388939544,-107.87665751745035,-108.02864873872912,-108.02865413862864,7.176899939418783,7.175409756783983,7.175409749231115,-3.5960013577316565,-3.5960067576311663,-3.5960067576352697
2024-02-01,484.6300048828125,489.2000122070313,13.880000114440918,13.279999732971191,50.329865213180085,318.1554822789465,65.75436434033224,65.71659044253055,65.71659026052018,1.4370769237603405,1.4369249649115003,1.4369249648376634,-3.824451658365508,-3.8244518403758647,-3.8244518403758723
2024-02-02,489.6499938964844,494.3500061035156,13.850000381469728,13.039999961853027,53.872595197620385,354.27299844402995,79.37228556218201,79.33858950065347,79.33858936309846,1.1263487449681575,1.1262226900559407,1.1262226900107617,-3.832607464277884,-3.8326076018328847,-3.832607601832889
2024-02-05,493.7000122070313,492.5499877929687,13.670000076293944,13.350000381469728,52.01268634927713,-185.99088483432524,88.95232354395556,88.92135762566639,88.92135715924941,0.5304717794520215,0.5301862645722757,0.5301862643251862,-3.8380667641706014,-3.838067230587593,-3.8380672305876353
2024-02-06,493.5199890136719,493.9800109863281,13.0600004196167,12.460000038146973,52.16184602768412,14.91596784069884,90.25031069135851,90.23264493608852,90.23264490985113,-0.2683185410996236,-0.268360700710776,-0.2683607007152613,-3.864668410747895,-3.8646684369852826,-3.8646684369852826
2024-02-07,496.2900085449219,498.1000061035156,12.829999923706056,11.960000038146973,55.04564868264007,288.38026549559504,60.2754628941234,60.26918026990473,60.26918026614127,-2.0489479674371225,-2.0489579069340786,-2.0489579069344313,-3.8874347402722607,-3.8874347440357298,-3.8874347440357298
2024-02-08,498.1000061035156,498.3200073242187,12.789999961853027,11.600000381469728,55.09718947057275,5.154078793268013,52.99541566393213,52.992029404728186,52.99202940393017,-2.541211906367123,-2.5412154092565924,-2.5412154092566333,-3.8932274791980577,-3.893227479996077,-3.893227479996077
2024-02-09,498.8399963378906,501.2000122070313,12.93000030517578,11.609999656677246,57.533923892760214,243.67344221874632,53.2576586017911,53.25443724828049,53.254437247686475,-2.5452523702111125,-2.5452553559902418,-2.5452553559902693,-3.8935572911967427,-3.893557291790756,-3.893557291790756
2024-02-12,501.1700134277344,500.9800109863281,13.93000030517578,13.029999732971191,58.18666862277809,65.27447300178792,86.20691839881218,86.17752748234835,86.17752732639319,0.295107445290693,0.2949855332774822,0.2949855332142679,-3.841217699206819,-3.841217855161992,-3.841217855162
2024-02-13,494.5299987792969,494.0799865722656,15.850000381469728,15.0,55.53626202063778,-265.0406602140315,163.53706532595263,163.28300434667025,163.28298635255774,10.709115532867722,10.705716037045745,10.70571599732498,-3.3918240589856725,-3.391842053098206,-3.391842053135549
2024-02-14,496.7900085449219,498.5700073242187,14.380000114440918,12.920000076293944,56.64779623272571,111.15342120879319,80.42256054977649,80.40228193303025,80.40228188103967,-0.37138732717094936,-0.3714486511263866,-0.37144865114007963,-3.859442610535788,-3.859442662526362,-3.859442662526363
2024-02-15,499.2900085449219,502.010009765625,14.010000228881836,12.470000267028809,58.841928475578314,219.41322428526036,72.77934253249578,72.76493533689047,72.76493530840199,-1.0390610874312642,-1.0390997711955063,-1.0390997712012986,-3.871185523323943,-3.871185551812434,-3.871185551812434
2024-02-16,501.7000122070313,499.510009765625,14.239999771118164,12.56999969482422,57.021193870009256,-182.0734605569058,75.5063853298387,75.49132517253312,75.49132514942457,-0.860088880189013,-0.8601254196812245,-0.8601254196855503,-3.869879616063187,-3.8698796391717454,-3.8698796391717454
2024-02-20,497.7200012207031,496.760009765625,15.420000076293944,14.850000381469728,56.06063470646944,-96.05591635398127,131.21560174436226,131.05587158580667,131.05586424647066,6.688798661682661,6.687032075583492,6.687032063141425,-3.5805176648533026,-3.580525004189327,-3.580525004198495
2024-02-21,495.4200134277344,497.2099914550781,15.34000015258789,14.649999618530272,56.178401379624916,11.776667315547229,125.84919097006235,125.65823445595856,125.6582258347803,8.700262055301186,8.698163221812838,8.698163207668737,-3.5180611082289093,-3.5180697294071877,-3.5180697294167587
2024-02-22,504.010009765625,507.5,14.539999961853027,13.170000076293944,63.30426930378967,712.5867924164752,90.91663091494195,90.88069205834694,90.88069182125071,0.8075225612204999,0.8073581049032512,0.8073581047895271,-3.8281215755212075,-3.8281218126174514,-3.8281218126174696
2024-02-23,509.2699890136719,507.8500061035156,13.75,11.920000076293944,62.80629020607178,-49.797909771788795,65.82862965351752,65.82428092979302,65.82428092778386,-1.632149289377077,-1.6321552950385327,-1.6321552950387144,-3.891302546523521,-3.8913025485326784,-3.8913025485326784
2024-02-26,508.2999877929687,505.989990234375,13.739999771118164,13.130000114440918,60.95295404594711,-185.33361601246696,94.00859475414366,93.9853537710989,93.98535365668594,1.2264750594747271,1.2263823306545758,1.2263823306067376,-3.853517690671602,-3.8535178050845618,-3.853517805084569
2024-02-27,506.7000122070313,506.9299926757813,13.43000030517578,12.84000015258789,61.4251754060551,47.22213601079872,84.83336564817246,84.8162894979475,84.81628943085596,0.07639554118660419,0.07633441272367358,0.07633441270066577,-3.8658474982754556,-3.8658475653669893,-3.865847565366992
2024-02-28,505.3299865722656,506.260009765625,13.84000015258789,13.520000457763672,61.10504723039052,-32.01281756645784,102.24381675607735,102.18206579148627,102.18206550568443,2.292406261625856,2.292234570275542,2.292234570105803,-3.776497213412212,-3.7764974992140363,-3.7764974992140736
2024-02-29,508.0700073242187,508.0799865722656,13.399999618530272,12.479999542236328,62.25161972347487,114.65724930843493,76.9061371695857,76.88852838958651,76.88852834623688,-0.6804808556724624,-0.6805327254398508,-0.6805327254417595,-3.864782309952728,-3.864782353302355,-3.864782353302355
2024-03-01,508.9800109863281,512.8499755859375,13.109999656677246,11.81999969482422,66.26169817784175,401.0078454366884,62.412233656565554,62.40537936538701,62.405379361222096,-1.9218094561987105,-1.9218202702434097,-1.9218202702434652,-3.886291405148156,-3.8862914093130674,-3.8862914093130674
2024-03-04,512.030029296875,512.2999877929688,13.489999771118164,13.229999542236328,65.77352472640277,-48.817345143898194,97.77615641115514,97.7270504533144,97.72705032780365,1.6521413073712674,1.6520117409951203,1.6520117409303179,-3.8017877077862283,-3.801787833296987,-3.8017878332969985
2024-03-05,510.239990234375,507.1799926757813,14.460000038146973,14.880000114440918,61.9161893494019,-385.73353770008725,143.38168803066327,143.22888620792935,143.22887678021993,9.103521678790472,9.101617078704674,9.10161705873358,-3.594368071346532,-3.594377499055903,-3.59437749907506
2024-03-06,510.5499877929687,509.75,14.5,14.880000114440918,64.07362855673011,215.7439207328217,115.5267259526541,115.36754480873573,115.36753300062446,5.700156768180706,5.698029614006433,5.698029585482962,-3.581602287738108,-3.581614095849378,-3.581614095879823
2024-03-07,513.1400146484375,514.8099975585938,14.4399995803833,14.550000190734863,68.41340213057666,433.9773573846543,135.5502358184214,135.42787034812204,135.4278661590932,7.588929360363254,7.587618334295982,7.587618326434837,-3.6552564922960387,-3.6552606813248576,-3.65526068133111
2024-03-08,515.4600219726562,511.7200012207031,14.739999771118164,14.630000114440918,65.80748440547917,-260.5917725097484,112.48157171104113,112.33925435182877,112.33924556978235,5.155768112937665,5.154011468036318,5.154011449237899,-3.615338935424187,-3.6153477174705944,-3.6153477174745565
2024-03-11,510.4800109863281,511.2799987792969,15.220000267028809,16.459999084472656,65.5401082965113,-26.737610896786634,160.36975012240467,159.8409252058667,159.84074334470134,14.954434163656819,14.940326764635218,14.940325579790857,-2.8418045713447055,-2.8419864325100983,-2.841986436537837
2024-03-12,513.4500122070312,516.780029296875,13.84000015258789,14.06999969482422,69.476142957913,393.6034661401692,96.57861887846892,96.49963997291047,96.49963775238767,2.6526930831932116,2.6520082372095306,2.6520082343516247,-3.7420355273102492,-3.7420377478330513,-3.742037747834539
2024-03-13,517.1099853515625,515.969970703125,13.75,14.100000381469728,68.6103848653289,-86.57580925841017,125.5385422173284,125.45009814705563,125.4500962719421,5.808395169077949,5.8078522177901135,5.807852215175627,-3.7231062341094834,-3.7231081092229923,-3.723108109224468
2024-03-14,516.969970703125,514.9500122070312,14.399999618530272,14.869999885559082,67.96552217782033,-64.48626875085637,148.02310138262612,147.81472408283315,147.81471505805033,9.942637327450601,9.941003689365532,9.941003667235806,-3.48321832599177,-3.483227350774592,-3.4832273507991918
2024-03-15,510.2099914550781,509.8299865722656,14.40999984741211,14.15999984741211,63.320921200064156,-464.46009777561767,122.30787636846111,122.23044282022597,122.23044094725114,5.291297427446198,5.290661826027682,5.290661823862278,-3.745127284602154,-3.7451291575770025,-3.745129157578022
2024-03-18,514.0,512.8599853515625,14.329999923706056,14.5,65.72242533040209,240.15041303379334,134.44096398958143,134.25906890239168,134.25906540327094,7.3376614961906625,7.336817212712569,7.336817206595619,-3.536199328244576,-3.536202827365286,-3.536202827369858
2024-03-19,512.1500244140625,515.7100219726562,13.81999969482422,13.640000343322754,67.97032479630735,224.7899465905263,109.10996564862626,109.0626093149739,109.0626087553164,3.227462167060713,3.2271786706160572,3.2271786702469694,-3.805285653722462,-3.805286213379962,-3.805286213380074
2024-03-20,515.77001953125,520.47998046875,13.039999961853027,11.579999923706056,72.08169564319296,411.1370846885606,60.70907142861797,60.70518123225067,60.705181231873134,-2.630165419574803,-2.6301710379845824,-2.6301710379846046,-3.8922196061327865,-3.8922196065103227,-3.8922196065103227
2024-03-21,523.3900146484375,522.2000122070312,12.920000076293944,11.170000076293944,73.6335742585793,155.1878615386343,39.95189558562789,39.94978282276908,39.94978282270993,-2.952973065849444,-2.9529746281195037,-2.952974628119506,-3.8957744741049276,-3.8957744741640785,-3.8957744741640785
2024-03-22,522.1099853515625,521.2100219726562,13.0600004196167,10.859999656677246,72.65978561041534,-97.37886481639606,48.88632610625803,48.88568362127636,48.88568362123082,-3.2101864673858276,-3.2101868439361985,-3.2101868439361994,-3.8987150299000275,-3.898715029945571,-3.898715029945571
2024-03-25,519.7999877929688,519.77001953125,13.1899995803833,11.470000267028809,71.12990960645669,-152.98760039586483,60.20687168695253,60.20303384110428,60.203033840746095,-2.6407097724908004,-2.6407113726017437,-2.640711372601764,-3.8923243072289315,-3.8923243075871223,-3.8923243075871223
2024-03-26,521.22998046875,518.8099975585938,13.239999771118164,11.59000015258789,70.16540380584114,-96.45058006155551,64.3389437993726,64.33499506510155,64.33499506380414,-2.565196413043835,-2.5652001018675077,-2.5652001018675232,-3.892102527565675,-3.8921025288630813,-3.8921025288630813
2024-03-27,521.7100219726562,523.1699829101562,12.779999732971191,10.529999732971191,74.17152674222261,400.6122936381473,29.743787922810753,29.74311525078671,29.743115250782786,-3.3953413022329038,-3.3953413785191646,-3.3953413785191646,-3.8986546559401454,-3.898654655944066,-3.898654655944066
2024-03-28,523.2100219726562,523.0700073242188,13.010000228881836,10.5600004196167,74.06631889836464,-10.520784385796844,43.96149290685957,43.96088243029892,43.9608824302853,-3.3944060855261395,-3.3944062528418275,-3.3944062528418275,-3.8987790468378263,-3.8987790468514487,-3.8987790468514487
2024-04-01,523.8300170898438,522.1599731445312,13.649999618530272,12.619999885559082,73.10212409787366,-96.41948004909864,89.5348346672698,89.52280885427149,89.52280881627402,-0.5690988243726363,-0.5691375423611378,-0.5691375423730296,-3.875948260010982,-3.8759482980084496,-3.875948298008451
2024-04-02,518.239990234375,518.8400268554688,14.609999656677246,14.029999732971191,70.21255038054403,-288.95737173296254,125.0582883857289,124.97348300686184,124.97348106457952,2.979633555591241,2.978894309233831,2.978894306505145,-3.730383415417941,-3.730385357700292,-3.730385357700602
2024-04-03,517.719970703125,519.4099731445312,14.329999923706056,13.270000457763672,70.56795007432737,35.539969378334035,102.88972909618222,102.84901376374441,102.84901360565203,0.606658340633218,0.6064118780934455,0.6064118780082648,-3.818568860847143,-3.8185690189395323,-3.818569018939549
2024-04-04,523.52001953125,513.0700073242188,16.350000381469727,17.139999389648438,65.73786988853197,-483.00801857953957,-790.4302443489124,-791.4911095767499,-791.4914884349483,24.136501686213045,24.094392717356065,24.09438884386612,-1.777132902391314,-1.7775117605897472,-1.777511783035862
2024-04-05,514.4600219726562,518.4299926757812,16.030000686645508,15.460000038146973,70.25657410175089,451.87042132189106,134.58190064827718,134.30279293761203,134.30275122267787,9.267441077274505,9.262315465182683,9.262315306851423,-3.3416594330162575,-3.341701147950424,-3.3417011482340855
2024-04-08,519.1500244140625,518.719970703125,15.1899995803833,14.5600004196167,69.89003892305172,-36.65351786991664,140.94875785265418,140.80453076428776,140.80452457060898,5.3364990173613265,5.335261861220111,5.335261847863718,-3.6115272421933793,-3.611533435872182,-3.6115334358846476
2024-04-09,520.5,519.3200073242188,14.979999542236328,14.699999809265137,70.29168794911438,40.164902606265684,118.28213108339756,118.10916553496065,118.10916102571804,6.17385434765054,6.171447098464048,6.1714470887059125,-3.5540553753699182,-3.554059884612549,-3.554059884622004
2024-04-10,513.47998046875,514.1199951171875,15.800000190734863,15.8100004196167,65.79860700160205,-449.30809475123255,143.84749398144464,143.49039426253614,143.49032025695806,11.20805915691636,11.200469590203147,11.200469242908195,-3.185578543025094,-3.1856525486031666,-3.1856525494110635
2024-04-11,515.6799926757812,518.0,14.90999984741211,14.18000030517578,68.8789347725198,308.0327770917748,126.88343236050272,126.78481125117293,126.78480721246464,3.43152371230957,3.4305154614747053,3.4305154597024465,-3.702745665212852,-3.702749703921141,-3.7027497039220503
2024-04-12,514.3699951171875,510.8500061035156,17.309999465942383,17.329999923706055,63.68446158658638,-519.4473185933418,191.73104619595165,190.7493665464872,190.74864846055428,23.006980006048266,22.970083846442826,22.970076306995296,-1.9344863148887874,-1.9352044008217224,-1.935204443616144
2024-04-15,515.1300048828125,504.4500122070313,19.229999542236328,20.760000228881836,59.73880759963024,-394.5653986956138,-750.3358611462353,-755.2507426047683,-755.2710440409315,-31.30178498174004,-31.745234529425552,-31.74599626980322,5.990725002885419,5.970423566722246,5.970404311510515
2024-04-16,504.94000244140625,503.5299987792969,18.399999618530273,19.239999771118164,58.09374124595856,-164.50663536716803,284.57778042138,281.71220274618526,281.705596681705,48.83428729750389,48.65321918559148,48.653075922398955,1.8509792950049189,1.8443732305246945,1.8443713135508055
2024-04-17,506.0499877929687,500.5499877929687,18.209999084472656,18.100000381469727,55.460476527430075,-263.3264718528487,154.36194875173226,152.6447541910065,152.64264048316397,35.25377680624964,35.172079501436954,35.17204875450248,-0.45926897628612906,-0.46138268412866434,-0.46138294370583877
2024-04-18,501.9800109863281,499.5199890136719,18.0,17.8799991607666,54.33114520332327,-112.93313241068077,231.32633162988935,229.9141928764207,229.91285858100935,31.161490515120946,31.101733875205923,31.10171755271412,-1.0717192664426367,-1.073053561853953,-1.0730536753149487
2024-04-19,499.44000244140625,495.1600036621094,18.709999084472656,18.1299991607666,74.02200500967726,1966.4859806353993,239.4347012931938,237.80219028923133,237.80017086847428,33.86294735936443,33.785594564429246,33.78556490887484,-0.6289189876415411,-0.6309384083986211,-0.6309386557829453
2024-04-22,497.8299865722656,499.7200012207031,16.940000534057617,17.450000762939453,68.33108056443376,-569.0924445243496,211.6441216376109,210.62625500112964,210.62564988395894,25.326007781773576,25.290853450816684,25.290848016089846,-1.8624512952558314,-1.8630564124265305,-1.863056439182929
2024-04-23,501.7799987792969,505.6499938964844,15.6899995803833,16.25,65.60507856946631,-272.6001994967447,176.88566969200133,176.3650222527582,176.3648978373761,16.236275704285866,16.224282260544385,16.224281645062497,-2.8583318707607246,-2.858456286142803,-2.8584562876783863
2024-04-24,506.55999755859375,505.4100036621094,15.970000267028809,16.290000915527344,66.43584393534738,83.07653658810636,151.68202212626048,151.24605958196642,151.24593952074352,12.963110156647152,12.952612777619782,12.952612097320818,-3.0277147218798097,-3.027834783102714,-3.0278347850571543
2024-04-25,499.1799926757813,503.489990234375,15.369999885559082,15.8100004196167,63.51131375514228,-292.4530180205096,161.06016236626346,160.68356447908545,160.6834981367087,12.737770617111595,12.73030155706016,12.730301283502056,-3.146605196923776,-3.1466715393005256,-3.1466715398305
2024-04-26,506.3500061035156,508.260009765625,15.029999732971191,14.670000076293944,63.97115362290086,45.98398677585749,134.70048235657777,134.58569490978232,134.58568980457355,7.4860925590253125,7.484865474514564,7.484865465650943,-3.6704097907628825,-3.6704148959716556,-3.6704148959783103
2024-04-29,510.0899963378906,510.05999755859375,14.670000076293944,15.109999656677246,63.18100951186523,-79.01441110356302,149.54268901808234,149.26273835820172,149.2627244029353,10.275147265907037,10.2705521879021,10.27055215932345,-3.3400568143367884,-3.34007076960323,-3.3400707696374567
2024-04-30,508.55999755859375,501.9800109863281,15.649999618530272,16.65999984741211,63.56654869776028,38.55391858950554,-39.30200971556544,-39.88702382503658,-39.887257931626756,16.022611671878828,16.005944265306944,16.005942577848593,-2.7292694420791968,-2.7295035486693773,-2.729503555072016
2024-05-01,501.3800048828125,500.3500061035156,15.390000343322754,15.90999984741211,62.01638808520531,-155.01606125549756,167.69598446353908,167.2496922145284,167.2495898972526,14.283092712985978,14.273144559695949,14.27314406385202,-3.0071085467459513,-3.0072108640217845,-3.007210865156881
2024-05-02,504.1499938964844,505.0299987792969,14.68000030517578,14.859999656677246,60.97927035693763,-103.7117728267674,137.12423559175375,136.92411611548,136.92410119923258,7.872432276571304,7.869729010160057,7.869728975230558,-3.4997162986052137,-3.4997312148526194,-3.4997312148876327
2024-05-03,511.1600036621094,511.2900085449219,13.489999771118164,12.0,59.36411161105801,-161.51587458796257,67.97781392936515,67.96739716726617,67.96739716439802,-1.468655291264834,-1.468663232296466,-1.4686632322967377,-3.879166467197568,-3.8791664700657242,-3.8791664700657242
2024-05-06,513.75,516.5700073242188,13.489999771118164,13.130000114440918,61.63795036084841,227.38387497904,96.42878688740889,96.3976316212159,96.39763134307358,-0.010421508194804474,-0.010582734953181294,-0.010582734987115927,-3.8376886331870814,-3.8376889113293706,-3.8376889113293755
2024-05-07,517.5599975585938,517.1400146484375,13.229999542236328,12.760000228881836,61.019712537597925,-61.82378232504817,68.62347177352711,68.60282048363909,68.60282038434363,-0.7558631060522552,-0.7559440214278412,-0.7559440214358251,-3.85869712233755,-3.8586972216330135,-3.8586972216330144
2024-05-08,515.260009765625,517.1900024414062,13.0,12.479999542236328,60.241696954976675,-77.80155826212507,81.96257298845416,81.95016362540571,81.95016360424191,-1.4599085292065417,-1.4599416010492412,-1.4599416010546786,-3.8751812104116974,-3.8751812315755,-3.8751812315755005
2024-05-09,517.3800048828125,520.1699829101562,12.6899995803833,11.920000076293944,60.82134124175734,57.96442867806633,51.1770384878979,51.17108124091445,51.171081236256704,-2.262482307039188,-2.2624926787497777,-2.2624926787503465,-3.8880854920598558,-3.8880854967176,-3.8880854967176
2024-05-10,521.8099975585938,520.8400268554688,12.550000190734863,11.81999969482422,60.702180039801064,-11.9161201956274,68.97843916256416,68.97122577151518,68.97122576968414,-2.1369522306547086,-2.136957102300234,-2.1369571023004266,-3.885573212408915,-3.885573214239968,-3.885573214239968
2024-05-13,522.5599975585938,520.9099731445312,13.600000381469728,13.710000038146973,63.65506700878254,295.2886968981474,93.86662233336764,93.79492756363315,93.79492704706854,2.2851311042637166,2.2845353950711536,2.2845353945564337,-3.7566089108365817,-3.7566094274011936,-3.7566094274013944
2024-05-14,521.1099853515625,523.2999877929688,13.420000076293944,13.3100004196167,64.34874125242398,69.36742436414391,106.32022894155114,106.291601268354,106.29160094074464,0.8665961456510702,0.8664328595249424,0.8664328592857071,-3.84274367077763,-3.842743998386985,-3.842743998386996
2024-05-15,525.8300170898438,529.780029296875,12.449999809265137,11.420000076293944,65.484785273345,113.60440209210196,61.94437059965906,61.942424365990355,61.94242436546504,-2.5335612323706904,-2.5335633012509815,-2.5335633012510153,-3.8961075310866193,-3.8961075316119396,-3.8961075316119396
2024-05-16,529.8800048828125,528.6900024414062,12.420000076293944,10.960000038146973,64.62169981245945,-86.3085460885543,53.84846914876047,53.84749813764838,53.847498137550225,-2.9093143313989946,-2.9093150158843026,-2.909315015884303,-3.8980579774813524,-3.8980579775795072,-3.8980579775795072
2024-05-17,528.8099975585938,529.4500122070312,11.989999771118164,9.670000076293944,63.91931414643008,-70.23856660293717,29.674697996903298,29.67465569848023,29.674655698480173,-3.6788888792959615,-3.6788888833875957,-3.6788888833875957,-3.8999154031537007,-3.8999154031537535,-3.8999154031537535
2024-05-20,529.5700073242188,530.0599975585938,12.149999618530272,10.529999732971191,64.50031171253285,58.09975661027664,31.70927206531369,31.70842846979683,31.70842846979071,-3.3247600100491344,-3.324760091856657,-3.324760091856657,-3.8983128089479187,-3.8983128089540324,-3.8983128089540324
2024-05-21,529.280029296875,531.3599853515625,11.859999656677246,10.079999923706056,64.5758084776894,7.54967651565579,24.859451524386323,24.859271636738747,24.859271636738505,-3.5698329275199527,-3.5698329760912886,-3.5698329760912886,-3.8996402247041173,-3.899640224704364,-3.899640224704364
2024-05-22,530.6500244140625,529.8300170898438,12.289999961853027,11.140000343322754,64.55009580731208,-2.5712670377330937,42.57452807494654,42.57314558718369,42.573145587023625,-2.7940367503555503,-2.794037517709924,-2.794037517709932,-3.8972350239941056,-3.8972350241541696,-3.8972350241541696
2024-05-23,532.9600219726562,525.9600219726562,12.770000457763672,10.789999961853027,63.3005105593456,-124.95852479664791,-356.3519982464675,-356.35280449013004,-356.35280449014016,-3.407696307564647,-3.4076968278227007,-3.4076968278227007,-3.8983875126445406,-3.8983875126546685,-3.8983875126546685
2024-05-24,527.8499755859375,529.4400024414062,11.93000030517578,9.1899995803833,63.2209618911144,-7.954866823119744,22.20516106335881,22.20515158738238,22.20515158738238,-3.7873032114052205,-3.7873032117704537,-3.7873032117704537,-3.899981048047143,-3.899981048047145,-3.899981048047145
2024-05-28,530.27001953125,529.8099975585938,12.920000076293944,11.510000228881836,65.69659771729381,247.56358261794134,48.96946957454034,48.96617638143074,48.96617638099358,-2.4228080954475955,-2.42281338700434,-2.4228133870043713,-3.8934136124693004,-3.89341361290647,-3.89341361290647
2024-05-29,525.6799926757812,526.0999755859375,14.279999732971191,13.40999984741211,67.1643443064692,146.7746589175391,88.848969958236,88.79021741914977,88.79021709243227,1.6177839490369523,1.6175823892711882,1.6175823889975103,-3.7824939416747996,-3.782494268392292,-3.7824942683923775
2024-05-30,524.52001953125,522.6099853515625,14.470000267028809,13.670000076293944,65.71893334515829,-144.54109613109125,94.06029110108956,93.9884146187238,93.98841410876207,2.3048971592415555,2.3045953169102384,2.304595316405381,-3.7562455053826955,-3.7562460153444306,-3.7562460153446273
2024-05-31,523.5900268554688,527.3699951171875,12.920000076293944,11.68000030517578,63.91830973757291,-180.06236075853792,49.54604426544677,49.54057503301375,49.540575032239225,-2.3595147724068437,-2.3595181728221215,-2.3595181728221917,-3.889061532810384,-3.889061533584912,-3.889061533584912
2024-06-03,529.02001953125,527.7999877929688,13.109999656677246,13.90999984741211,64.44693485658708,52.86251190141655,129.0290882857843,128.9607878757353,128.9607855598027,1.62035623621931,1.6197197716273433,1.619719770782316,-3.763392232102882,-3.7633945480354827,-3.7633945480359197
2024-06-04,526.4600219726562,528.3900146484375,13.15999984741211,14.279999732971191,64.86183316804652,41.48983114594387,111.2795577564815,111.1430178327876,111.14301537911807,4.951675088624064,4.951068627562885,4.951068623318703,-3.6269127915940054,-3.626915245263546,-3.6269152452667344
2024-06-05,530.77001953125,534.6699829101562,12.630000114440918,13.989999771118164,67.53403648882953,267.2203320783012,107.62390714914935,107.54863189674731,107.54862973401981,4.419603863540935,4.4188914872171665,4.418891486269919,-3.7494430070118265,-3.7494451697393543,-3.7494451697398703
2024-06-06,534.97998046875,534.6599731445312,12.579999923706056,13.470000267028809,67.32743808887122,-20.659839995830964,120.48077233631878,120.43100680920641,120.43100650530386,0.7367880953775554,0.7364052734086206,0.7364052731237667,-3.800468034067336,-3.8004683379698774,-3.8004683379699835
2024-06-07,533.6599731445312,534.010009765625,12.220000267028809,12.329999923706056,65.94871853744071,-137.87195514305068,67.94359927897816,67.93262118341289,67.93262116167128,-0.8118651018677316,-0.8118876286070513,-0.8118876286082735,-3.878043743644662,-3.8780437653862654,-3.8780437653862654
2024-06-10,533.1799926757812,535.6599731445312,12.739999771118164,12.850000381469728,68.07395545673724,212.5236919296526,79.56026884647828,79.53615343475312,79.53615336805214,0.38058809363008805,0.38053532304929316,0.38053532302126136,-3.851768976446757,-3.851769043147732,-3.851769043147733
2024-06-11,534.0700073242188,536.9500122070312,12.850000381469728,12.869999885559082,69.14653136525227,107.25759085150344,102.94157915292598,102.91715044959835,102.91715039462744,-0.7887111831806388,-0.788836902805448,-0.7888369028334754,-3.8511424284320275,-3.851142483402925,-3.8511424834029304
2024-06-12,541.6300048828125,541.3599853515625,12.039999961853027,10.399999618530272,70.51523695943764,136.87055941853714,33.56969844021696,33.56941451483,33.56941451482826,-3.245687136517936,-3.2456872657973337,-3.2456872657973337,-3.8994321492208566,-3.8994321492226005,-3.8994321492226005
2024-06-13,543.1500244140625,542.4500122070312,11.9399995803833,10.279999732971191,71.0723051997233,55.706824028565904,32.136154560200794,32.135689004995484,32.135689004992834,-3.5393421805465697,-3.53934222026144,-3.53934222026144,-3.899068889581425,-3.899068889584082,-3.899068889584082
2024-06-14,540.8800048828125,542.780029296875,12.65999984741211,11.0,72.69731542179228,162.50102220689797,45.10502026212556,45.103395979152324,45.103395979097066,-3.1775424583371565,-3.1775427846114037,-3.177542784611406,-3.8967514338877627,-3.896751433943012,-3.896751433943012
2024-06-17,542.0800170898438,547.0999755859375,12.75,11.9399995803833,75.9189414971056,322.1626075313324,63.80809029773949,63.79924836249939,63.79924835810457,-2.120262126834091,-2.120268772194058,-2.1202687721942084,-3.8823161163353563,-3.8823161207301693,-3.8823161207301693
2024-06-18,547.1599731445312,548.489990234375,12.300000190734863,11.119999885559082,76.08968242029712,17.074092319151646,48.57963482889022,48.57826757887748,48.57826757882592,-2.9371063325259796,-2.9371072970932497,-2.9371072970932524,-3.8972654998198464,-3.8972654998714003,-3.8972654998714003
2024-06-20,549.4400024414062,547.0,13.279999732971191,12.359999656677246,76.65497322921993,56.52908089228106,76.47399312731594,76.4621500761364,76.46215006248852,-0.8862191253837048,-0.8862570456082315,-0.8862570456130339,-3.876313856697293,-3.8763138703451787,-3.8763138703451787
2024-06-21,544.4000244140625,544.510009765625,13.199999809265137,10.960000038146973,74.54680655810812,-210.81666711118174,44.00850944055196,44.00757934724342,44.00757934721768,-2.72604024700951,-2.726041053925317,-2.726041053925318,-3.8981398133056846,-3.8981398133314276,-3.8981398133314276
2024-06-24,544.3300170898438,542.739990234375,13.329999923706056,11.829999923706056,73.27599533045728,-127.08112276508388,61.698444936383005,61.694075642281724,61.69407564117521,-2.1099752547206965,-2.1099845131646853,-2.10998451316485,-3.8912614084778925,-3.8912614095844082,-3.8912614095844082
2024-06-25,543.989990234375,544.8300170898438,12.84000015258789,11.100000381469728,73.72903218681397,45.303685635668955,63.36370143840552,63.361418065109696,63.36141806496884,-3.0408290909766125,-3.0408297066529215,-3.0408297066529224,-3.8954332529857596,-3.8954332531266265,-3.8954332531266265
2024-06-26,543.6900024414062,545.510009765625,12.550000190734863,10.510000228881836,73.60425901453797,-12.477317227599372,36.293761564900244,36.293346156252966,36.29334615624857,-3.4446318638755855,-3.4446321026142392,-3.4446321026142392,-3.8991691826922468,-3.8991691826966464,-3.8991691826966464
2024-06-27,545.3699951171875,546.3699951171875,12.239999771118164,10.489999771118164,73.62098878742492,1.6729772886947103,35.92136256126917,35.92100849647537,35.9210084964731,-3.375849542962804,-3.375849713743492,-3.375849713743492,-3.899291870405587,-3.8992918704078603,-3.8992918704078603
2024-06-28,547.1599731445312,544.219970703125,12.4399995803833,10.539999961853027,72.24559065706461,-137.53981303603098,37.77206640448556,37.771652728135635,37.77165272813307,-3.3688352071790817,-3.3688353480222224,-3.3688353480222224,-3.8991726472924664,-3.8991726472950314,-3.8991726472950314
2024-07-01,545.6300048828125,545.3400268554688,12.220000267028809,10.93000030517578,72.46977358070369,22.41829236390771,44.29850633868346,44.297476971201235,44.29747697116412,-3.1493862727124284,-3.1493872757217662,-3.149387275721768,-3.897941264924206,-3.897941264961326,-3.897941264961326
2024-07-02,543.7000122070312,549.010009765625,12.029999732971191,10.600000381469728,74.99030732670255,252.05337459988613,35.88922336533177,35.88871458234412,35.88871458233684,-3.3966995844223984,-3.3966999145603385,-3.3966999145603385,-3.898982434002841,-3.8989824340101285,-3.8989824340101285
2024-07-03,548.6900024414062,551.4600219726562,12.09000015258789,10.720000267028809,77.01525515419232,202.49478274897683,41.745108029381626,41.74431400492916,41.744314004909604,-3.2621302841054027,-3.262130468638577,-3.262130468638577,-3.898411951036408,-3.898411951055958,-3.898411951055958
2024-07-05,551.77001953125,554.6400146484375,12.479999542236328,10.8100004196167,80.10039331825823,308.513816406591,44.94817164864619,44.94703457491271,44.947034574865235,-3.157640582892041,-3.1576409086416204,-3.1576409086416204,-3.897725852390613,-3.897725852438095,-3.897725852438095
2024-07-08,555.4400024414062,555.280029296875,12.369999885559082,11.050000190734863,80.24208871140202,14.169539314379165,50.09580596629499,50.094085631715906,50.094085631596535,-3.2472524207700877,-3.2472529030700263,-3.2472529030700272,-3.8965593304837163,-3.8965593306030857,-3.8965593306030857
2024-07-09,556.260009765625,555.8200073242188,12.510000228881836,11.109999656677246,80.82718299536731,58.50942839652902,51.78923565862812,51.78733139417057,51.78733139405282,-2.735406723454185,-2.735407257713514,-2.735407257713515,-3.8961914707316447,-3.8961914708493985,-3.8961914708493985
2024-07-10,557.0700073242188,561.3200073242188,12.850000381469728,12.0,85.87899150811705,505.18085127497443,54.812141722117374,54.80656226593973,54.8065622621779,-1.4842689149920432,-1.4842861386017554,-1.4842861386027497,-3.8888410763592023,-3.8888410801210416,-3.8888410801210416
2024-07-11,561.4400024414062,556.47998046875,12.920000076293944,11.420000076293944,81.84726104847546,-403.17304596415937,60.56243619514964,60.55831535150717,60.55831535131674,-2.843545337896312,-2.8435475000313826,-2.843547500031404,-3.891758312143777,-3.8917583123342085,-3.8917583123342085
2024-07-12,557.6300048828125,559.989990234375,12.460000038146973,10.550000190734863,84.06220846446485,221.49474159893856,41.55859461217049,41.5578309810614,41.55783098105858,-3.4888059764448895,-3.488806101677119,-3.488806101677119,-3.8984727377733592,-3.898472737776178,-3.898472737776178
2024-07-15,562.030029296875,561.530029296875,13.119999885559082,12.18000030517578,86.06020401114239,199.79955466775436,60.72983879599821,60.72133919044442,60.72133918038546,-0.9134356383461322,-0.9134498805073821,-0.9134498805080629,-3.883000758715527,-3.8830007687744823,-3.8830007687744823
2024-07-16,562.8699951171875,564.8599853515625,13.1899995803833,11.800000190734863,88.91879734058575,285.8593329443366,71.79041893031169,71.78578160585724,71.78578160370975,-1.661764619403931,-1.6617745683485268,-1.6617745683486032,-3.890725344648618,-3.8907253467961,-3.8907253467961
2024-07-17,558.7999877929688,556.9400024414062,14.479999542236328,13.15999984741211,84.34283057800862,-457.59667625771385,104.20848062920412,104.18096019991579,104.1809600539851,1.5504440544559772,1.5502913507638798,1.5502913506356162,-3.8449587036312587,-3.8449588495619507,-3.8449588495619604
2024-07-18,558.510009765625,552.6599731445312,15.93000030517578,14.899999618530272,83.87710476398945,-46.57258140191658,87.42764470382674,87.1857313059123,87.18571178361415,6.599730742563342,6.59752621475393,6.5975261878886275,-3.4161146372348465,-3.416134159533019,-3.416134159546943
2024-07-19,552.4199829101562,548.989990234375,16.520000457763672,15.039999961853027,82.50139593510875,-137.5708828880704,154.56036845987688,154.32582284197937,154.325805192576,10.184950810982995,10.182881569881532,10.1828815467252,-3.4308558158635485,-3.4308734652668758,-3.430873465310688
2024-07-22,553.0,554.6500244140625,14.90999984741211,14.789999961853027,82.92711996191855,42.572402680980304,120.6392977206511,120.50388018566703,120.5038733316207,8.261446935586779,8.259061704784592,8.259061681079926,-3.6291443678615884,-3.629151221907915,-3.6291512219183613
2024-07-23,554.5399780273438,553.780029296875,14.720000267028809,14.609999656677246,81.81468052449637,-111.24394374221822,142.86011544288627,142.68711135242447,142.68710239994695,4.738932423854839,4.737668153708688,4.737668144741898,-3.553964961605316,-3.55397391408283,-3.553973914095684
2024-07-24,548.8599853515625,541.22998046875,18.040000915527344,19.790000915527344,80.69786208287904,-111.68184416173261,-25.726903831684687,-29.4556486395049,-29.46692895719719,58.87225050378266,58.627780207042996,58.627547714621194,3.591345258580761,3.5800649408884597,3.5800600445995174
2024-07-25,541.3499755859375,538.4099731445312,18.459999084472656,19.81999969482422,80.0330291001081,-66.4832982770946,316.67742903986095,313.43022898960726,313.41789877059847,66.48631427960925,66.21268201780454,66.21243641039717,2.631405588521413,2.6190753695125775,2.6190704261480438
2024-07-26,542.280029296875,544.4400024414062,16.389999389648438,16.809999465942383,78.4202505148753,-161.2778585232789,204.26056997638364,203.5764442574877,203.57603301168913,20.977164143616655,20.951812180315713,20.951810162324954,-2.530514792508689,-2.5309260383072902,-2.530926049075178
2024-07-29,546.02001953125,544.760009765625,16.600000381469727,17.389999389648438,78.81337143644213,39.3120921566819,267.48991022880335,266.0933767817321,266.09245116253993,27.19375655785828,27.15750391956479,27.157498310327455,-1.1041561115237752,-1.1050817307158987,-1.1050817763014793
2024-07-30,546.260009765625,542.0,17.690000534057617,18.899999618530273,79.59403173005418,78.06602936120584,287.0476471053689,284.7217479516086,284.71821156322557,45.3779814279477,45.24543514083364,45.24535906980514,0.7624113101515384,0.7588749217684772,0.7588736426434624
2024-07-31,548.97998046875,550.8099975585938,16.360000610351562,16.510000228881836,82.19864511517066,260.46133851164797,203.79087858538867,202.91632331583529,202.9160187415765,19.744433751761193,19.727879227758145,19.727878066925875,-2.149975719965599,-2.1502802942244092,-2.1502803002747983
2024-08-01,552.5700073242188,543.010009765625,18.59000015258789,19.540000915527344,82.26028853794146,6.164342277079982,-476.09345054022185,-479.5542911597048,-479.5634609999298,57.26924352426585,57.09242829917976,57.09227579666826,3.049200581718215,3.0400307414932604,3.0400274676509547
2024-08-02,535.75,532.9000244140625,23.38999938964844,23.309999465942383,90.14854591651311,788.8257378571652,459.3928458509104,447.30170951822413,447.1779873325163,131.35408928462334,129.79993824052653,129.79082307442607,20.65478861404931,20.53106642834149,20.530616946213293
2024-08-05,511.6400146484375,517.3800048828125,38.56999969482422,42.790000915527344,131.5468356352026,4139.828971868948,1445.5919367478346,1299.9914152997176,1269.4824788247467,789.4176353108543,719.0864281486835,706.9837073815967,392.58492206344897,362.07598558847803,357.831384246496
2024-08-06,519.219970703125,522.1500244140625,27.709999084472656,28.93000030517578,98.31493580980941,-3323.1899825393184,752.8057703180148,714.3695982266419,712.6016280192538,260.06548255720014,251.4344939791291,251.1455694076314,78.36056550464544,76.59259529725735,76.56472742000109
2024-08-07,528.469970703125,518.6599731445312,27.850000381469727,29.260000228881836,97.35727486016398,-95.76609496454296,-129.73591095754514,-174.0660321216898,-176.00316922450213,284.864182144443,275.79405242430244,275.45865993844046,90.70186551537299,88.76472841256067,88.72166387860067
2024-08-08,523.9099731445312,530.6500244140625,23.790000915527344,23.899999618530273,89.3979708712564,-795.9303988907578,182.07129316877118,169.83595887463187,169.62401328549655,133.6863310176065,131.7859706838027,131.7708482131133,21.208205107962726,20.996259518827387,20.99569374836897
2024-08-09,529.8099975585938,532.989990234375,20.3700008392334,20.059999465942383,80.47470598367948,-892.326488757692,353.26540110092157,349.51263238991635,349.4985460729991,64.23315286180174,63.915641683299064,63.91536493508597,3.6478136852187957,3.6337273683014857,3.6337215982760025
2024-08-12,534.2100219726562,533.27001953125,20.709999084472656,21.920000076293945,81.16270401833714,68.79980346576531,394.56559984649823,386.61181740026797,386.56064318416725,99.75262863827741,98.99017905639887,98.98725475389762,12.161288172960818,12.110113956860024,12.110047114656611
2024-08-13,536.530029296875,542.0399780273438,18.1200008392334,18.56999969482422,79.0811091155452,-208.15949027919345,253.23949029205968,251.54146943097504,251.53769438134415,45.374199210157514,45.270542315516956,45.27050502450087,-0.49263168665597323,-0.49640673628685805,-0.49640721704077606
2024-08-14,542.8499755859375,543.75,16.190000534057617,15.789999961853027,75.53465935019452,-354.6449765350687,171.97397576306608,171.50091952223616,171.5008515811087,12.71672521062114,12.710914162256037,12.710913784932059,-2.9536836937875033,-2.953751634914988,-2.9537516353050766
2024-08-15,549.5,553.0700073242188,15.229999542236328,14.369999885559082,80.12804480546916,459.33854552746425,131.34334783580147,131.22106047991403,131.2210565914357,8.652566079723481,8.650760897247673,8.650760887294032,-3.655413622781653,-3.6554175112599734,-3.655417511262812
2024-08-16,551.4199829101562,554.3099975585938,14.800000190734863,12.970000267028809,80.21482314596693,8.677834049777289,93.03805943234177,93.0100326590729,93.01003255004062,0.7530999109029963,0.7529554783817041,0.7529554783646173,-3.8439461263654313,-3.843946235397713,-3.843946235397717
2024-08-19,554.72998046875,559.6099853515625,14.649999618530272,14.119999885559082,83.90285258649574,368.80294405288083,128.7217556171048,128.606280742512,128.60627711315473,4.995170931229296,4.994304225895338,4.994304223402294,-3.6690393627408495,-3.6690429920981384,-3.669042992098695
2024-08-20,559.1500244140625,558.7000122070312,15.880000114440918,15.850000381469728,85.1250857894972,122.22332030014655,188.5151328007437,188.1350627554797,188.13498558913807,16.86255063969132,16.85546421921144,16.855463982421774,-3.139628408031979,-3.1397055743736138,-3.1397055751786604
2024-08-21,559.77001953125,560.6199951171875,16.270000457763672,15.649999618530272,87.19586241025405,207.07766207568454,182.69626185126572,182.37825819474764,182.37821260527454,15.218423974852266,15.211683864068684,15.211683603399278,-3.2638559176548165,-3.2639015071279256,-3.263901507424513
2024-08-22,562.5599975585938,556.219970703125,17.549999237060547,16.549999237060547,86.23226014710255,-96.36022631515004,60.95424573856018,60.08140738514356,60.081236498737596,18.36668747375616,18.348057850860442,18.348055985674797,-2.1538106216841424,-2.153981508090097,-2.1539815121783388
2024-08-23,559.530029296875,562.1300048828125,15.859999656677246,13.6899995803833,87.49020695839721,125.79468112946586,118.70777972232936,118.62715116256189,118.6271506011638,1.676233739707059,1.6758842060354207,1.675884205362058,-3.7387411962705737,-3.7387417576686457,-3.738741757668742
2024-08-26,563.1799926757812,560.7899780273438,16.149999618530273,14.869999885559082,86.63651849939617,-85.36884590010345,158.81645188975605,158.6254284391861,158.6254124961501,10.553118187720626,10.550812578878865,10.550812555847047,-3.517905269713634,-3.517921212749651,-3.517921212762456
2024-08-27,559.489990234375,561.5599975585938,15.43000030517578,14.170000076293944,85.97547222933488,-66.10462700612914,133.06803864073828,132.9392345313337,132.9392301796697,3.4032984256892966,3.4025343582611,3.4025343550563445,-3.6423787261963856,-3.642383077860406,-3.6423830778612025
2024-08-28,561.2100219726562,558.2999877929688,17.110000610351562,16.639999389648438,86.25682257588467,28.135034654978597,218.7862785026815,218.09568336973652,218.09537922306387,24.599629315138564,24.58126380380918,24.581262187074365,-2.517897266070177,-2.518201412742818,-2.518201422083435
2024-08-29,560.3099975585938,558.3499755859375,15.649999618530272,13.729999542236328,83.60311023442412,-265.37123414605475,120.39572671458082,120.31257715973727,120.31257594653533,1.8280614061366292,1.8277080339757656,1.827708033344214,-3.733697250706841,-3.733698463908775,-3.7336984639088655
2024-08-30,560.77001953125,563.6799926757812,15.0,12.899999618530272,86.7900760045577,318.69657701335825,98.11726301711673,98.09628633463193,98.09628625985326,0.8652830978880353,0.865185143636781,0.8651851435848155,-3.8580464106943593,-3.8580464854730403,-3.858046485473043
2024-09-03,560.469970703125,552.0800170898438,20.719999313354492,20.06999969482422,88.90965892394694,211.95829193892308,-227.75820178035437,-232.54780050500162,-232.56390987501442,58.89867023470558,58.60209198247498,58.60168777683947,5.727541222660326,5.711431852647541,5.711426632033076
2024-09-04,550.2000122070312,550.9500122070312,21.31999969482422,20.43000030517578,89.47774100510594,56.80820811590053,356.0178700664845,351.2810845077556,351.2635397160943,70.36362032004287,69.9724063389226,69.97178560032978,5.626233983863029,5.608689192201666,5.608679696032192
2024-09-05,550.8900146484375,549.6099853515625,19.899999618530273,19.540000915527344,85.19062889761042,-428.7112107495517,321.18506790270385,317.7094436641053,317.6997710457098,56.18825838209382,55.97016907435221,55.96998216708101,3.0802775225051597,3.0706049041095813,3.0706011742844117
2024-09-06,549.9400024414062,540.3599853515625,22.3799991607666,22.260000228881836,85.74749144280398,55.686254519355316,-289.6553051843647,-298.79694021534704,-298.87876518162545,103.87635742332614,102.87920948321077,102.8755692323133,14.629224247348665,14.547399281070208,14.54723959388429
2024-09-09,544.6500244140625,546.4099731445312,19.450000762939453,19.670000076293945,81.62601247560586,-412.1478967198115,315.8805682091778,312.618193892386,312.61004572499616,54.99024568088684,54.71148652743333,54.71121559703605,2.6492019569929033,2.6410537896030712,2.6410508493276446
2024-09-10,548.3599853515625,548.7899780273438,19.079999923706055,19.690000534057617,82.18245507560822,55.64426000023559,321.7355762647229,318.30755676905113,318.29886785533085,57.93954973893844,57.694508077479405,57.694252022345154,2.9821143275679267,2.9734254138476306,2.973422548978702
2024-09-11,548.7000122070312,554.4199829101562,17.690000534057617,17.8799991607666,83.01656442128348,83.41093456752589,167.22604810724846,165.73212642086924,165.73072246638176,33.360811642557124,33.3031506650869,33.303137933592666,-0.9079444058898023,-0.9093483603772943,-0.9093484796727269
2024-09-12,555.010009765625,559.0900268554688,17.06999969482422,16.75,85.20430671383923,218.7742292555754,183.0873725116364,182.4467443722007,182.44649842038805,23.613852645275323,23.58825630799624,23.5882535307042,-2.618005846644336,-2.618251798456976,-2.6182518048057446
2024-09-13,559.7100219726562,562.010009765625,16.559999465942383,15.800000190734863,86.50163763942645,129.7330925587218,187.48713694329285,187.1315316196939,187.13147379399345,16.409334648278772,16.401497575621853,16.4014972268645,-3.1886158743685318,-3.188673700068975,-3.188673700513064
2024-09-16,561.739990234375,562.8400268554688,17.139999389648438,17.190000534057617,87.78446112619719,128.2823486770738,240.5187809946336,239.57377560658838,239.57322099259233,30.2042533492845,30.168425920543555,30.16841892861462,-2.0083253104017915,-2.0088799243978546,-2.008879948237628
2024-09-17,565.0999755859375,563.0700073242188,17.610000610351562,18.09000015258789,88.63641392277773,85.1952796580548,242.13240030790277,240.43923996759085,240.4370031031187,42.57420241476543,42.51327836786973,42.51325521981229,-0.5069683152949911,-0.5092051797671244,-0.5092053166535835
2024-09-18,563.739990234375,561.4000244140625,18.229999542236328,17.950000762939453,88.33636742976623,-30.00464930115072,272.5595557189522,271.05141283909074,271.0498082755745,32.65170549758034,32.57826148407326,32.57824756208464,-0.8789000861902245,-0.8805046497065092,-0.88050480421713
2024-09-19,571.010009765625,570.97998046875,16.329999923706055,14.65999984741211,92.87675786631095,454.0390436544726,130.66666764482036,130.48266888663642,130.4826639621692,10.356252934888703,10.354647253683943,10.354647235033601,-3.5319877102018165,-3.5319926346690553,-3.5319926346785904
2024-09-20,567.8400268554688,568.25,16.149999618530273,13.199999809265137,90.2685385361263,-260.8219330184653,87.68443221886672,87.64703807278494,87.64703780209985,0.9636846307395901,0.9635750338650073,0.9635750337794544,-3.8252108957811775,-3.8252111664662647,-3.8252111664662714
2024-09-23,569.3400268554688,569.6699829101562,15.890000343322754,14.350000381469728,90.84548419956997,57.69456634436665,146.57343846800936,146.42890102490395,146.42889761128646,5.231433409436617,5.230025390000538,5.230025387080387,-3.610914872925575,-3.610918286543052,-3.6109182865467684
2024-09-24,570.47998046875,571.2999877929688,15.390000343322754,14.119999885559082,91.55483940486448,70.93552052945142,140.0430959270692,139.96804659920576,139.9680442333768,4.343733686809568,4.342651092632796,4.342651090857933,-3.7498942467802205,-3.7498966126092,-3.749896612611178
2024-09-25,571.1400146484375,570.0399780273438,15.40999984741211,14.239999771118164,90.40568827813455,-114.9151126729933,118.67817022834656,118.54925815641502,118.54925553987329,4.966149526491066,4.965242605664564,4.965242599462597,-3.642168006505346,-3.642170623047077,-3.6421706230492203
2024-09-26,574.3800048828125,572.2999877929688,15.369999885559082,14.5600004196167,92.22800545812044,182.23171799858875,157.62669757236623,157.50143112537668,157.50142376920135,6.931753300450849,6.929874533848654,6.92987452528155,-3.649445037483491,-3.6494523936587853,-3.649452393662608
2024-09-27,573.3900146484375,571.469970703125,16.959999084472656,15.739999771118164,93.35828298915017,113.02775310297335,198.02029734099133,197.68738014434643,197.68731161433615,14.301446648362278,14.29308676858376,14.293086575088696,-3.233960015952253,-3.234028545962544,-3.2340285462049225
2024-09-30,570.4199829101562,573.760009765625,16.729999542236328,16.649999618530273,94.69894211173872,134.06591225885478,228.7286575954529,228.1269097317337,228.12664698571263,21.141475445800843,21.11625022319042,21.116248959921982,-2.6957160097815387,-2.695978755802613,-2.695978764041575
2024-10-01,573.4000244140625,568.6199951171875,19.260000228881836,19.549999237060547,94.07996102721948,-61.898108451923406,351.59884864999594,348.56131093062857,348.5519128747933,57.75894805147374,57.523261993898,57.52308375878756,2.203275633114427,2.1938775772791503,2.1938755684679982
2024-10-02,567.7100219726562,568.8599853515625,18.899999618530273,18.760000228881836,93.56970168501812,-51.02593422013655,310.78053205413596,308.3587175197591,308.3548822270146,44.096809724664055,43.94627633181808,43.94621577966944,0.9551378723651158,0.9513025796206263,0.9513016045075107
2024-10-03,567.3599853515625,567.8200073242188,20.489999771118164,20.40999984741211,95.32800779487815,175.83061098600297,381.35676248226486,376.3232428855108,376.3064009186255,68.23985871525181,67.82050752778875,67.81982291986031,6.217601261905314,6.200759295019996,6.200747240870436
2024-10-04,572.3499755859375,572.97998046875,19.209999084472656,16.479999542236328,97.06058897044412,173.25811755659686,224.43559342624636,223.8809455947911,223.88073103816822,20.095996324538234,20.078062479223497,20.07806153685936,-2.7900606503063976,-2.7902752069292927,-2.79027521256741
2024-10-07,571.2999877929688,567.7999877929688,22.63999938964844,20.0,98.73606797646094,167.5479006016829,369.3310627428426,364.8226021551493,364.8095144763157,63.726845461436916,63.43252319888112,63.43224466987254,5.156205689412621,5.143118010579002,5.143110851760644
2024-10-08,570.4199829101562,573.1699829101562,21.420000076293945,18.0,100.29107897417319,155.50109977122446,281.8638705631343,280.50623662396856,280.5046266780644,35.272227114865025,35.18690647377853,35.18689085383232,-1.179901694580181,-1.1815116404843211,-1.1815118369418713
2024-10-09,573.1599731445312,577.1400146484375,20.86000061035156,16.40999984741211,102.29003269759798,199.89537234247905,190.14874102224564,189.4089214750534,189.4087348409237,19.736361360118984,19.720371731403404,19.72037098312566,-2.419800990997486,-2.4199876251271935,-2.419987629203485
2024-10-10,575.77001953125,576.1300048828125,20.93000030517578,15.489999771118164,101.4899180806179,-80.01146169800819,160.84097084699073,160.53539008859028,160.53536097785317,13.290593293857844,13.285135323944816,13.285135150748564,-3.288751150374567,-3.28878026111165,-3.288780261316068
2024-10-11,576.0499877929688,579.5800170898438,20.459999084472656,14.329999923706056,103.37155856293847,188.16404823205772,124.6597001454576,124.50543497795852,124.50543175587572,6.046799207478578,6.045594153350331,6.045594150231507,-3.591459998740114,-3.5914632208228996,-3.591463220827354
2024-10-14,581.219970703125,584.3200073242188,19.700000762939453,14.640000343322754,105.8735804430946,250.20218801561214,138.69626896178357,138.5397267691688,138.53971722065938,8.355458476778763,8.352991553489131,8.352991539317651,-3.586886969217412,-3.586896517726839,-3.586896517735102
2024-10-15,584.5900268554688,579.780029296875,20.63999938964844,14.880000114440918,103.31732986574858,-255.62505773460202,177.99578568890644,177.77935732709267,177.77934704892286,10.467816608697264,10.4654048251137,10.465404805548479,-3.467112441825231,-3.4671227199950287,-3.4671227200076395
2024-10-16,579.780029296875,582.2999877929688,19.579999923706055,14.25,103.8177686707548,50.043880500622606,124.92434712374086,124.80946322145545,124.8094604908251,6.299210129235556,6.298089882842628,6.2980898804463035,-3.670224003528618,-3.6702267341589714,-3.670226734162143
2024-10-17,585.9099731445312,582.3499755859375,19.11000061035156,13.850000381469728,103.16719029765645,-65.05783730983552,117.27567081360122,117.18206164999721,117.18206002496362,2.6304076098303977,2.629773806511942,2.629773805331551,-3.7127767976902795,-3.7127784227238783,-3.712778422724183
2024-10-18,584.0700073242188,584.5900268554688,18.030000686645508,12.380000114440918,103.77362219935978,60.64319017033313,76.33463656195988,76.32155774180667,76.32155771686811,-1.467562643591827,-1.4676097429211805,-1.4676097429245996,-3.8738422848779246,-3.8738423098164843,-3.8738423098164843
2024-10-21,583.8499755859375,583.6300048828125,18.3700008392334,14.390000343322754,103.00638156896876,-76.72406303910151,132.17151122638901,132.02472063015398,132.02471571867528,4.641425689860856,4.640109988815784,4.6401099833417145,-3.6064040730867593,-3.606408984565459,-3.6064089845678184
2024-10-22,581.0499877929688,583.3200073242188,18.200000762939453,14.550000190734863,102.45948623887432,-54.68953300944435,135.18693310683526,134.9768472530856,134.97684037969614,5.12138396573827,5.119378279871617,5.119378270935263,-3.479807672318852,-3.4798145457083036,-3.479814545712775
2024-10-23,581.260009765625,577.989990234375,19.239999771118164,16.489999771118164,99.039228269765,-342.0257969109315,201.46344789007392,200.80309239853298,200.80283405297894,22.53162161002777,22.517374730129717,22.51737334027517,-2.578513969091286,-2.578772314645332,-2.5787723183669007
2024-10-24,579.97998046875,579.239990234375,19.079999923706055,16.670000076293945,99.77241060434577,73.31823345807607,205.94619958292878,204.9780438693446,204.9777662756513,18.590982667859585,18.566617559737537,18.566616054424365,-1.9628557796612318,-1.9631333733545118,-1.9631333773846917
2024-10-25,581.510009765625,579.0399780273438,20.329999923706055,18.489999771118164,101.09700180118097,132.45911968352004,317.1795584695966,315.0659806897147,315.06376960118354,46.12922089962182,46.035223351290995,46.03516199946381,0.33379030978250146,0.3315792212513138,0.33157872644892983
2024-10-28,582.5800170898438,580.8300170898438,19.799999237060547,21.170000076293945,101.54067301711251,44.36712159315448,441.0418669102324,434.46654580057924,434.4366687406833,92.18438560321913,91.62041052933542,91.61924906438999,9.340401521197686,9.310524461301737,9.310481760746207
2024-10-29,579.8499755859375,581.77001953125,19.34000015258789,21.770000457763672,101.67085307300037,13.018005588786252,418.13948416018496,410.2337219805088,410.17958591929647,103.219788297264,102.32481788600303,102.32272893457413,12.074213658366073,12.020077597153813,12.019983915526616
2024-10-30,581.2899780273438,580.010009765625,20.350000381469727,23.59000015258789,101.32565128280825,-34.520179019212094,508.9846236292203,495.47297478669134,495.2776374448643,145.05610809815988,143.33975806487672,143.3274314956735,23.711109748834076,23.51577240700709,23.51517281306488
2024-10-31,575.5599975585938,568.6400146484375,23.15999984741211,26.049999237060547,96.71605914534163,-460.95921374666204,403.68758073609445,380.69586319386303,379.9909031817353,205.39490214788373,200.827769178838,200.76122453070602,44.212359311403496,43.50739929927578,43.502735690125554
2024-11-01,571.3200073242188,571.0399780273438,21.8799991607666,23.469999313354492,96.20631659240208,-50.97425529395565,534.373306370027,520.42750364045,520.2600083913449,132.71753971852436,130.9830764059182,130.97380137728,24.495814769720504,24.328319520615253,24.32774536971806
2024-11-04,571.1799926757812,569.8099975585938,21.979999542236328,25.770000457763672,95.02038581072527,-118.59307816768023,600.0995687244499,576.13410500412,575.583626262494,191.85646407791475,187.8739825436186,187.81082033424306,45.69506746642447,45.144588724798645,45.1403625557933
2024-11-05,570.739990234375,576.7000122070312,20.489999771118164,24.700000762939453,98.09144997753067,307.10641668053995,456.2569802054886,437.65924288210954,437.3159745571993,162.90010949788152,160.22397956968754,160.19870836740893,34.32970929830685,33.9864409733966,33.98496720327195
2024-11-06,589.2000122070312,591.0399780273438,16.270000457763672,15.850000381469728,106.56340302152768,847.1953043997005,186.08784110548626,185.59481646406934,185.59475136288756,14.330455472987742,14.321655552922968,14.321655339285686,-2.9137554106586174,-2.9138205118403526,-2.913820512827766
2024-11-07,593.0800170898438,595.6099853515625,15.199999809265137,13.84000015258789,110.3073841838676,374.3981162339921,122.26184086317699,122.19312369552223,122.19312279488466,3.314058440604799,3.313632098374023,3.313632097695388,-3.7625629627772663,-3.7625638634148104,-3.762563863414997
2024-11-08,596.1699829101562,598.1900024414062,14.9399995803833,13.09000015258789,112.63188263067295,232.44984468053502,102.51565088901698,102.4829535162344,102.48295336090806,0.9420896397019325,0.9419606830656218,0.9419606830067071,-3.834604788455784,-3.834604943782134,-3.834604943782141
2024-11-11,599.8099975585938,598.760009765625,14.970000267028809,14.0,112.99505813067431,36.31755000013612,131.93229533250283,131.8406904320704,131.8406888346139,4.605776843601788,4.605124911436885,4.60512490997648,-3.716785406764,-3.7167870042205102,-3.7167870042210254
2024-11-12,598.6799926757812,596.9000244140625,14.710000038146973,13.920000076293944,111.04733548260035,-194.7722648073963,128.88620053731464,128.8045284669206,128.80452733203822,4.144135323317968,4.14360642993365,4.143606429044736,-3.7366524545640067,-3.7366535894463766,-3.736653589446645
2024-11-13,597.3699951171875,597.1900024414062,14.020000457763672,12.8100004196167,111.08043264442209,3.309716182174327,96.52278909440737,96.49695099979108,96.49695089873532,0.3405064915613494,0.34041684556529805,0.3404168455372645,-3.848323507600095,-3.8483236086558645,-3.848323608655867
2024-11-14,597.3200073242188,593.3499755859375,14.3100004196167,13.130000114440918,107.35540261160423,-372.50300328178554,105.19767556030519,105.16040739985802,105.16040718059983,1.2589522362340597,1.258790094207706,1.2587900941141736,-3.825463021331128,-3.825463240589299,-3.8254632405893116
2024-11-15,589.719970703125,585.75,16.139999389648438,14.8100004196167,100.84861174341475,-650.6790868189483,150.50101806329374,150.26754288027797,150.26753015979978,7.475672808224619,7.472909518160929,7.472909494547306,-3.433011472480594,-3.433024192958802,-3.4330241929765606
2024-11-18,586.219970703125,588.1500244140625,15.579999923706056,13.979999542236328,102.57654914275257,172.79373993378186,122.17702629717685,122.08348553747248,122.08348439335553,3.3262640785103166,3.3256868802100232,3.3256868775282253,-3.7129150482378055,-3.712916192354754,-3.7129161923556278
2024-11-19,584.7100219726562,590.2999877929688,16.350000381469727,14.239999771118164,104.90801372091605,233.14645781634766,128.45468507326882,128.32950159920088,128.32949876349164,6.799787527992773,6.798786272807444,6.798786269645312,-3.649624544732966,-3.6496273804422232,-3.6496273804433623
2024-11-20,590.3800048828125,590.5,17.15999984741211,15.079999923706056,105.46185943024027,55.38457093242215,161.60719850240042,161.32552433390816,161.3255063288941,12.747975341137609,12.744365782236907,12.744365744879874,-3.3365976478729626,-3.3366156528870183,-3.3366156529204574
2024-11-21,593.4000244140625,593.6699829101562,16.8700008392334,14.149999618530272,108.18886058060957,272.7001150369304,133.86209047188171,133.72959998993915,133.72959707857737,7.250290845934934,7.249237520454614,7.249237517451382,-3.635010302025941,-3.6350132133877318,-3.635013213388918
2024-11-22,593.6599731445312,595.510009765625,15.239999771118164,11.460000038146973,109.20320827909701,101.43476984874411,59.36964526595129,59.364845200419644,59.364845199525156,-2.585290800946633,-2.585295354770605,-2.5852953547706417,-3.8903998662532366,-3.8903998671477105,-3.8903998671477105
2024-11-25,599.52001953125,597.530029296875,14.600000381469728,12.3100004196167,110.7937468741279,159.05385950308926,83.5610185354535,83.54923391337104,83.54923388603922,-0.9555803214998133,-0.9556012116249479,-0.9556012116294834,-3.8764306738396193,-3.8764307011714427,-3.8764307011714427
2024-11-26,598.7999877929688,600.6500244140625,14.100000381469728,11.729999542236328,113.6916313849652,289.7884510837301,67.64252952377706,67.63778653225927,67.63778653108702,-2.092936079318264,-2.0929410942282702,-2.092941094228337,-3.890514013447661,-3.8905140146199084,-3.8905140146199084
2024-11-27,600.4600219726562,598.8300170898438,14.100000381469728,10.75,111.84135467416749,-185.0276710797715,48.675773012452,48.674584466496874,48.674584466452025,-3.0487064334718617,-3.0487069948684846,-3.0487069948684855,-3.8976229079551916,-3.8976229080000473,-3.8976229080000473
2024-11-29,599.6599731445312,602.5499877929688,13.510000228881836,10.890000343322754,115.30832503082098,346.69703566534906,49.450147833893915,49.44909868725784,49.44909868723372,-3.052494395924861,-3.0524947825201063,-3.0524947825201068,-3.8979017066555075,-3.897901706679621,-3.897901706679621
2024-12-02,602.969970703125,603.6300048828125,13.34000015258789,11.859999656677246,116.18859003085097,88.02650000299934,72.81858756383028,72.81168419533516,72.81168419206111,-1.7322996320758581,-1.7323093683081248,-1.7323093683084014,-3.886193253187604,-3.886193256461654,-3.886193256461654
2024-12-03,603.3900146484375,603.9099731445312,13.300000190734863,11.869999885559082,116.40573167306474,21.71416422137611,75.0490001152177,75.04048683179093,75.0404868302526,-1.53558030930175,-1.5355855487441379,-1.535585548744253,-3.882973428531501,-3.8829734300698258,-3.8829734300698258
2024-12-04,605.6300048828125,607.6599731445312,13.449999809265137,11.600000381469728,120.08414624743914,367.84145743744006,68.1242016317631,68.12102741481384,68.12102741397311,-2.076013796341904,-2.076017206715423,-2.0760172067154716,-3.8936515635792874,-3.8936515644200123,-3.8936515644200123
2024-12-05,607.6599731445312,606.6599731445312,13.539999961853027,11.68000030517578,119.0410376872975,-104.31085601416328,70.94405993163404,70.94012963078458,70.94012962937072,-1.8886594105037724,-1.88866425785845,-1.888664257858549,-3.89213939405946,-3.892139395473332,-3.892139395473332
2024-12-06,607.4400024414062,607.8099975585938,12.770000457763672,10.380000114440918,120.08132036725564,104.0282679958139,30.0054576113955,30.00518545057958,30.005185450577592,-3.538088370298998,-3.5380884288030847,-3.5380884288030847,-3.8994556783622,-3.8994556783641925,-3.8994556783641925
2024-12-09,607.6900024414062,604.6799926757812,14.1899995803833,12.970000267028809,116.90760953780963,-317.37108294460086,105.99596284482993,105.97041100024117,105.97041087554416,1.2538121811876595,1.2537112685880993,1.2537112685386074,-3.8488959367314632,-3.8488960614284684,-3.8488960614284746
2024-12-10,605.3699951171875,602.7999877929688,14.18000030517578,13.289999961853027,114.98784147687778,-191.97680609318581,115.48552328463889,115.45257643316276,115.4525762311367,2.4889171383383957,2.488772531484302,2.4887725313875873,-3.8341056909695554,-3.834105892995599,-3.834105892995615
2024-12-11,605.780029296875,607.4600219726562,13.579999923706056,12.039999961853027,119.49843954972079,451.059807284301,78.8678527051657,78.85831242573606,78.85831242001885,-1.3039446645950017,-1.3039604757736991,-1.3039604757743763,-3.8809194239890585,-3.8809194297062723,-3.8809194297062723
2024-12-12,606.5800170898438,604.3300170898438,13.920000076293944,11.93000030517578,116.35985214513845,-313.85874045823385,77.0542279544332,77.04872009545281,77.04872009234137,-2.1795258875628516,-2.1795341717377923,-2.1795341717380925,-3.8889842727048802,-3.8889842758163127,-3.8889842758163127
2024-12-13,606.4000244140625,604.2100219726562,13.8100004196167,10.899999618530272,116.17374286149828,-18.610928364016388,53.6698077114141,53.669005214208006,53.66900521418089,-3.2640899627099644,-3.2640903039944233,-3.264090303994424,-3.89839500550648,-3.89839500553359,-3.89839500553359
2024-12-16,606.0,606.7899780273438,14.6899995803833,12.0600004196167,118.63746969224019,246.3726830741905,79.49776276349233,79.4874351363317,79.48743512747441,-1.2321566319586665,-1.232175619260894,-1.2321756192619961,-3.879344719106871,-3.879344727964152,-3.879344727964152
2024-12-17,604.1900024414062,604.2899780273438,15.869999885559082,13.390000343322754,116.27128267518668,-236.61870170535053,116.66852370878263,116.61146746808778,116.61146687725528,2.6063578993683283,2.6060389380677416,2.6060389376933255,-3.7858857461125512,-3.7858863369450426,-3.785886336945124
2024-12-18,603.97998046875,586.280029296875,27.6200008392334,35.41999816894531,108.58273943575294,-768.8543239433741,-1073.8731237493375,-1175.3117104270777,-1186.9601891507882,-556.3222856070178,-593.6138810069133,-596.7108218309211,236.11194791419004,224.4634691904795,223.7582288692064
2024-12-19,591.3599853515625,586.0999755859375,24.09000015258789,23.719999313354492,104.1748224054594,-440.79170302935466,536.4608323032336,520.817263131801,520.6156179238529,158.76581408129698,156.6176298829914,156.60451884606377,27.99389510449963,27.792249896551574,27.79164336487478
2024-12-20,581.77001953125,591.1500244140625,18.36000061035156,15.949999809265137,104.18588505290542,1.1062647446024698,-448.024863187007,-448.5104068359768,-448.5104945737132,18.18367675433568,18.174586186470428,18.174585890378765,-2.9286494846686804,-2.9287372224050428,-2.9287372237992346
2024-12-23,590.8900146484375,594.6900024414062,16.780000686645508,14.760000228881836,106.72254536329771,253.66603103922927,149.4830443169871,149.32763998562734,149.3276260611645,7.358578263427793,7.357019703077761,7.357019676477858,-3.5891495638303264,-3.5891634882931456,-3.589163488313726
2024-12-24,596.0599975585938,601.2999877929688,14.270000457763672,10.890000343322754,112.6903562837623,596.7810920464586,47.940773394227506,47.93975049276211,47.93975049273073,-3.0944563606752906,-3.0944567868223714,-3.094456786822372,-3.8979541969750864,-3.897954197006456,-3.897954197006456
2024-12-26,599.5,601.3400268554688,14.729999542236328,11.630000114440918,112.65592474734598,-3.4431536416320796,84.68960353310699,84.68247998009751,84.68247997785468,-1.4490158235734745,-1.4490243273672472,-1.4490243273673844,-3.8857528872525617,-3.885752889495389,-3.885752889495389
2024-12-27,597.5399780273438,595.010009765625,15.949999809265137,13.3100004196167,106.55244065584738,-610.3484091498601,110.18415413330332,110.1211886338496,110.1211881335674,3.6067321173786473,3.6064154312939083,3.6064154310320315,-3.7740675002458306,-3.774068000528018,-3.774068000528063
2024-12-30,587.8900146484375,588.219970703125,17.399999618530273,15.8100004196167,100.19079972187434,-636.1640933973035,182.60444599898258,182.25677743165593,182.25669390226489,13.537568024451224,13.527747821410527,13.527747479054367,-3.204412275477554,-3.2044958048686087,-3.204495805433946
2024-12-31,589.9099731445312,586.0800170898438,17.350000381469727,15.149999618530272,98.05774286830317,-213.30568535711762,161.65463764494643,161.4404544731761,161.44042568161365,9.482000634338611,9.479375669131324,9.479375591849685,-3.4715472815358854,-3.471576073098329,-3.4715760731770153
2025-01-02,589.3900146484375,584.6400146484375,17.93000030517578,16.260000228881836,96.76508860068526,-129.26542676179054,202.25829309350468,201.59521206962083,201.59507142892457,22.507004010071668,22.49249204919164,22.492491411257625,-2.5734160259065306,-2.573556666602788,-2.5735566680151143
2025-01-03,587.530029296875,591.9500122070312,16.1299991607666,13.4399995803833,103.13514092993033,637.005232924507,131.35074782988346,131.29421289165737,131.2942125055644,3.197374111381121,3.197108697905345,3.1971086977214878,-3.7869289652686917,-3.7869293513616995,-3.7869293513617284
2025-01-06,596.27001953125,595.3599853515625,16.040000915527344,14.199999809265137,106.25348516092072,311.8344230990388,136.68674157635186,136.5748773745186,136.57487435666306,5.406662223567215,5.405704077998783,5.405704074406229,-3.6762625427618882,-3.6762655606174404,-3.6762655606190764
2025-01-07,597.4199829101562,588.6300048828125,17.81999969482422,16.100000381469727,100.09258425223791,-616.0900908682805,-269.443937559478,-270.00448995021856,-270.00464599042766,18.49660309308541,18.481050839620593,18.48105010387748,-2.7784270928033292,-2.7785831330124906,-2.7785831347085415
2025-01-08,588.7000122070312,589.489990234375,17.700000762939453,16.149999618530273,100.79833231814435,70.57480659064339,196.0423074073664,195.41356407620853,195.41342991874035,21.56659228457069,21.55290005415013,21.55289943970981,-2.642110861272137,-2.642245018740347,-2.64224502007618
2025-01-10,585.8800048828125,580.489990234375,19.540000915527344,17.829999923706055,92.95248635881981,-784.5845959324536,256.5529811729224,254.8720374288932,254.87042666796575,31.614889441256814,31.548109771019597,31.548092984466983,-0.5332799412937459,-0.5348907022212304,-0.534890798175867
2025-01-13,575.77001953125,581.3900146484375,19.190000534057617,18.700000762939453,93.3040286479119,35.15422890920945,278.7651323796134,276.5751687672143,276.5721864567643,46.95659450494242,46.832815952875286,46.832741978177424,0.4888760742863063,0.4858937638363914,0.4858931244657061
2025-01-14,584.3599853515625,582.1900024414062,18.709999084472656,18.149999618530273,93.7391395610762,43.51109131642943,306.3708250285936,304.52234842495335,304.520779042139,42.61929117101134,42.54411139525369,42.544076435130734,-0.198337880986736,-0.19990726380112767,-0.19990751822872888
2025-01-15,590.3300170898438,592.780029296875,16.1200008392334,13.9399995803833,103.14883301892657,940.9693457850367,124.57568529740405,124.47595899840366,124.47595758559561,5.729376616865409,5.728723211907255,5.728723210812673,-3.7005431635741326,-3.7005445763821805,-3.7005445763824945
2025-01-16,594.1699829101562,591.6400146484375,16.600000381469727,14.880000114440918,102.0411385715296,-110.76944473969661,156.78210403329905,156.58808522827252,156.5880743509119,8.677926065694367,8.675621394459979,8.675621371287942,-3.511929757812249,-3.5119406351728486,-3.5119406351904883
2025-01-17,596.9600219726562,597.5800170898438,15.970000267028809,14.130000114440918,107.73355967254076,569.2421101011164,133.90640965837616,133.80714661237096,133.80714454262048,4.9257947471829,4.9250342349699014,4.9250342328414884,-3.701467698735607,-3.7014697684860938,-3.701469768486934
2025-01-21,600.6699829101562,603.0499877929688,15.0600004196167,14.3100004196167,73.19236890229848,-3456.719077024228,142.9568113954092,142.8306720064727,142.83066878314847,6.246989634249482,6.245916128154169,6.245916124419507,-3.647711552149037,-3.647714775473243,-3.6477147754750163
2025-01-22,605.9199829101562,606.4400024414062,15.100000381469728,13.56999969482422,74.1669655056885,97.45966033900118,122.72955386731351,122.66116950522786,122.66116867673021,3.3459772255622244,3.3455653402139243,3.345565339618487,-3.7632287903352752,-3.7632296188329386,-3.763229618833094
2025-01-23,605.7999877929688,609.75,15.020000457763672,13.420000076293944,74.66655993950258,49.959443381408164,118.06736675573983,118.01031285822471,118.0103123526083,2.715655835663048,2.715355539973885,2.715355539690526,-3.7858906881203156,-3.785891193736733,-3.7858911937367954
2025-01-24,609.8099975585938,607.969970703125,14.850000381469728,12.880000114440918,73.26525233774817,-140.13076017544108,104.41183834986151,104.3783004921838,104.37830036843692,1.0952052708694833,1.095105083868174,1.0951050838199503,-3.8329239134039508,-3.8329240371508333,-3.832924037150839
2025-01-27,594.8099975585938,599.3699951171875,17.899999618530273,18.450000762939453,84.71854301175918,1145.3290674011014,292.69630858756994,290.6899021595545,290.6876154948359,42.55434825745797,42.46171018007138,42.461650471441665,0.11967450181285688,0.11738783709425782,0.11738728656124842
2025-01-28,600.6199951171875,604.52001953125,16.40999984741211,16.639999389648438,78.96023011164456,-575.8312900114618,226.89031150995064,226.10314982924612,226.10290142666494,23.636674712004606,23.616054984381464,23.616053530492024,-2.324931417586317,-2.325179820167519,-2.325179824587866
2025-01-29,603.719970703125,601.8099975585938,16.559999465942383,16.40999984741211,78.88509714291234,-7.513296873221975,220.88430326610387,220.16831731644487,220.16811281028592,22.1671762126224,22.149301449761495,22.14930042301249,-2.467414572895514,-2.4676190790544608,-2.4676190821576505
2025-01-30,603.9600219726562,605.0399780273438,15.84000015258789,14.979999542236328,76.28864486285991,-259.6452280052432,168.0407485317739,167.789384708967,167.7893659686095,10.677584000268098,10.674172793736247,10.674172749629376,-3.3972161331767285,-3.3972348735342135,-3.3972348735798876
2025-01-31,607.5,601.8200073242188,16.43000030517578,15.850000381469728,78.07250323391474,178.38583710548335,172.67937243949507,172.2823759444513,172.28230424449222,13.666796693666141,13.658863190768118,13.658862883233256,-3.1057919081065677,-3.1058636080656226,-3.105863608708533
2025-02-03,592.6699829101562,597.77001953125,18.6200008392334,19.3799991607666,86.852160772851,877.9657538936249,330.77971765311213,326.99147521205305,326.982825888673,54.97989010531818,54.74141054782157,54.74122469425015,3.7024401548741306,3.693790831494086,3.6937883973851298
2025-02-04,597.8300170898438,601.780029296875,17.209999084472656,17.0,81.14424593942627,-570.7914833424724,237.28797295958697,236.34514810261666,236.3447465969201,26.409689364652095,26.381669712246392,26.381666798670068,-2.0131457353077105,-2.0135472410042423,-2.013547252224873
2025-02-05,600.6400146484375,604.219970703125,15.770000457763672,14.880000114440918,75.11013798506423,-603.4107954362042,162.22115615153805,162.0095332392997,162.00952220584747,9.514354437469052,9.511873683512071,9.511873663315537,-3.476721075117737,-3.476732108569991,-3.476732108586275
2025-02-06,605.989990234375,606.3200073242188,15.5,14.149999618530272,74.33543574136576,-77.47022436984707,141.47249207099557,141.34737526103598,141.34737164831208,6.084622020355962,6.083512527409789,6.083512522836513,-3.6497555419022687,-3.6497591546261603,-3.6497591546284482
2025-02-07,606.8900146484375,600.77001953125,16.540000915527344,14.670000076293944,77.55267214884111,321.72364074753546,113.71172210368928,113.5082636564588,113.50825258818014,9.125816321887179,9.12341223781967,9.123412217744129,-3.4930499006516165,-3.4930609689302963,-3.4930609689474226
2025-02-10,604.030029296875,604.8499755859375,15.8100004196167,13.760000228881836,74.89687815106436,-265.57939977767546,127.49190706957441,127.4104717534733,127.41047043631019,4.01788468371766,4.017328273104335,4.017328271965296,-3.73712541630741,-3.7371267334704976,-3.7371267334708604
2025-02-11,602.5499877929688,605.3099975585938,16.020000457763672,13.829999923706056,75.8369142223205,94.00360712561451,129.42324183394638,129.36470436059506,129.36470351169086,2.211489823397385,2.2111135567610063,2.2111135560556914,-3.7829225065841428,-3.7829233554883346,-3.7829233554885513
2025-02-12,599.2000122070312,603.3599853515625,15.890000343322754,13.510000228881836,74.66664692317872,-117.02672991417842,116.96868879841561,116.91090646999186,116.91090585693496,2.646541938291848,2.646215593682797,2.6462155932877405,-3.784433503981545,-3.78443411703842,-3.784434117038507
2025-02-13,604.47998046875,609.72998046875,15.100000381469728,12.3100004196167,72.77178510524536,-189.48618179333607,66.9974307281257,66.98849931141048,66.98849930188985,-1.663125522130866,-1.6631433483238234,-1.6631433483252547,-3.882137138007653,-3.8821371475282893,-3.8821371475282893
2025-02-14,609.9400024414062,609.7000122070312,14.770000457763672,11.5600004196167,71.21321254755637,-155.857255768899,68.68694475692718,68.68169421342155,68.68169421188824,-2.0143223873926437,-2.0143285326070473,-2.014328532607065,-3.88949890838885,-3.889498909922156,-3.889498909922156
2025-02-18,610.8800048828125,611.489990234375,15.350000381469728,13.199999809265137,73.84465988738972,263.14473398333575,114.6577334091051,114.60688622432178,114.60688586880266,2.3020968023196895,2.3018914929199354,2.3018914928648524,-3.7983045638759707,-3.7983049193950675,-3.798304919395076
2025-02-19,610.0800170898438,612.9299926757812,15.270000457763672,13.0600004196167,73.84055211339299,-0.41077739967363414,110.15440277269423,110.11041916562964,110.11041905336626,1.7919637241652033,1.7917580560272777,1.7917580559895594,-3.8120324490807054,-3.812032561344081,-3.812032561344086
2025-02-20,611.5399780273438,610.3800048828125,15.65999984741211,13.460000038146973,74.63043408149844,78.98819681054476,100.49677205675428,100.4482810076405,100.44828046841326,1.6222999046007098,1.6220228307004856,1.6220228303252124,-3.8030162840904698,-3.803016823317715,-3.803016823317809
2025-02-21,610.1599731445312,599.9400024414062,18.209999084472656,17.0,83.19230868769847,856.1874606200035,-560.3023180801418,-561.4945215884998,-561.4949476911986,30.442422020369236,30.414452048046044,30.414448717474336,-1.5143146346312362,-1.5147407373300243,-1.5147407508488402
2025-02-24,602.02001953125,597.2100219726562,18.979999542236328,18.299999237060547,85.721575889289,252.92672015905282,295.74095908876666,293.6414376958482,293.6388049279751,43.61797593062327,43.51720891317963,43.517170157973155,0.30694208715842475,0.3043093192853359,0.3043089867228401
2025-02-25,597.1500244140625,594.239990234375,19.43000030517578,19.290000915527344,87.10210839394631,138.05325046573103,332.42373907029776,329.27862655936053,329.27191057565466,55.99557835653208,55.80439366317739,55.804253358837954,2.4103783518228106,2.4036623681169136,2.403660575241439
2025-02-26,595.9299926757812,594.5399780273438,19.100000381469727,18.8799991607666,85.55824722925988,-154.3861164686433,312.41163396574547,309.8843595011766,309.88040127574186,49.03287695239628,48.89866856895967,48.89860148640728,1.1664256429899886,1.162467417555197,1.1624667383878773
2025-02-27,596.8499755859375,585.0499877929688,21.1299991607666,20.950000762939453,93.24058956713242,768.2342337872541,-782.7811573554062,-788.7989617269226,-788.8265381903117,84.19241348134904,83.67455401245994,83.67362421121311,8.218399883013447,8.190823419624358,8.190802839440364
2025-02-28,585.5599975585938,594.1799926757812,19.6299991607666,18.8799991607666,87.58192941463744,-565.8660152494974,-295.9978512008752,-298.7164596379944,-298.7204453769408,53.74589743943913,53.60534388063351,53.605279761263226,1.5491760523840652,1.545190313437672,1.5451896596986696
2025-03-03,596.1799926757812,583.77001953125,22.780000686645508,23.959999084472656,99.78736164452056,1220.5432229883115,-690.1761658038602,-705.3845217679095,-705.6023034065227,105.2882286554975,103.11263302477059,103.09715570033141,27.17245547488264,26.954673836269528,26.953875178937857
2025-03-04,579.7100219726562,576.8599853515625,23.510000228881836,24.790000915527344,102.36667126652128,257.93096220007214,565.9192716282467,547.7057925972588,547.3689336882993,175.42037299055315,172.24134605680146,172.20670759711933,33.54358048755224,33.206721578592784,33.204709222751454
2025-03-05,576.6900024414062,583.0599975585938,21.93000030517578,22.899999618530273,95.73676346676893,-662.9907799752345,302.98429427787977,292.2913342004694,292.18566761939485,124.86566339608851,123.43965701268652,123.43203059509077,17.80376120313285,17.698094622058292,17.697814320340377
2025-03-06,575.47998046875,572.7100219726562,24.8700008392334,26.790000915527344,107.77047017790898,1203.3706711140042,715.718153098611,688.9999411382981,688.0422476843128,227.43724775903692,221.48506745397026,221.38458290869525,52.433386696333955,51.475693242348605,51.467771420206724
2025-03-07,570.9000244140625,575.9199829101562,23.3700008392334,23.790000915527344,101.28021941630598,-649.0250761602994,499.1771462713377,484.30831930781295,484.0905118595588,140.95165435623926,139.0562888125071,139.04087017605588,26.493055038035884,26.275247589781706,26.274588865532756
2025-03-10,567.5900268554688,560.5800170898438,27.86000061035156,31.190000534057617,119.75844348615053,1847.8224069844543,665.8385284271484,607.7903060648488,604.057531965629,364.6703438112679,347.1780435850526,346.45828751538096,123.77263858595248,120.03986448673245,119.91539030989343
2025-03-11,559.4000244140625,555.9199829101562,26.920000076293945,28.93000030517578,115.89431913264855,-386.4124353501978,799.6128693709986,756.1577814231429,754.2146981481708,270.69047182955046,261.14811994108504,260.86126661878654,88.9271615642117,86.98407828923969,86.95507047928082
2025-03-12,562.1699829101562,558.8699951171875,24.229999542236328,25.260000228881836,104.46758975157323,-1142.672938107532,605.7999169455728,586.327933719866,585.8726786707006,188.81742269590114,185.41865412317296,185.38321262629296,36.416376106137534,35.96112105697195,35.95891106191289
2025-03-13,558.489990234375,551.4199829101562,24.65999984741211,25.36000061035156,106.7561530575922,228.85633060189718,288.74655847693003,266.7193026607611,266.19188557042975,165.98163192682858,162.630999403754,162.58993783960983,41.743668728733304,41.21625163840193,41.21395500203652
2025-03-14,556.1099853515625,562.8099975585938,21.770000457763672,21.770000457763672,93.74980049927217,-1300.6352558320032,262.41482764751225,255.5198402254397,255.47051237761733,99.13274867538938,98.23392097934436,98.23087045081049,10.03817392626849,9.988846078446032,9.988774256924552
2025-03-17,562.7899780273438,567.1500244140625,20.510000228881836,21.299999237060547,87.86803643025561,-588.1764069016555,414.81455744691004,408.46641261326886,408.4267365956042,94.4777532682594,93.818175563372,93.81696759623344,8.91544603473268,8.875770017068035,8.87572725783179
2025-03-18,564.7999877929688,561.02001953125,21.700000762939453,22.59000015258789,93.08583102309456,521.7794592838942,478.850306491036,468.96216563959126,468.8581520464961,123.7530124429577,122.46693677732289,122.46236498888544,16.189003218489766,16.08498962539464,16.084762790738793
2025-03-19,562.8300170898438,567.1300048828125,19.899999618530273,19.790000915527344,85.09072109428297,-799.5109928811587,348.1749381319787,344.6101067073993,344.5989005612171,66.79186968590288,66.51448740517979,66.51427674375368,3.2632957238781515,3.25208957769596,3.252084766057015
2025-03-20,563.3300170898438,565.489990234375,19.799999237060547,19.459999084472656,84.67105755425979,-41.966354002317985,333.60634919547437,330.38240918341035,330.37277151512984,51.304207179513746,51.09443152148946,51.09423117738831,2.5767991283976963,2.567161460117224,2.5671594270907656
2025-03-21,559.280029296875,563.97998046875,19.280000686645508,18.579999923706055,82.54932717903498,-212.17303752248142,291.8577587681725,289.39312311434514,289.38974744914395,47.03154758088522,46.93159603948617,46.93154931489974,1.0394003190151064,1.0360246538139553,1.0360239819009225
2025-03-24,570.7999877929688,574.0800170898438,17.479999542236328,18.559999465942383,74.11783372114976,-843.149345788521,267.14905453134315,264.83674034261463,264.83317121709297,42.95690600637374,42.8583600497062,42.858305802906145,0.735336912425196,0.7317677869035872,0.7317674007794492
2025-03-25,575.2999877929688,575.4600219726562,17.149999618530273,18.010000228881836,72.59177229032491,-152.60614308248535,288.6803717811093,287.20454106265345,287.2026536569428,37.21258669593038,37.13457333448347,37.1345542296704,-0.9426760307341433,-0.9445634364447901,-0.944563541517252
2025-03-26,575.1900024414062,568.5900268554688,18.329999923706055,19.959999084472656,77.70426396296264,511.2491672637731,249.34487597408057,244.70260077513979,244.690927366984,65.35071646853507,65.04425196320061,65.04395068066215,5.419593730646108,5.407920322490323,5.407912620126787
2025-03-27,567.1799926757812,567.0800170898438,18.690000534057617,20.030000686645508,79.1817674874541,147.75035244914534,364.561987542609,360.296706983479,360.28515292524474,61.9516805532543,61.68368365125311,61.68328354672985,4.665239950613531,4.65368589237924,4.653680340431318
2025-03-28,565.530029296875,555.6599731445312,21.649999618530273,22.690000534057617,92.20852790855383,1302.6760421099739,-381.9237106948348,-394.1895090325403,-394.2813003554516,110.38044345422301,109.05564983254257,109.04850017985665,20.90766510333423,20.815873780422926,20.815642456838425
2025-03-31,549.8300170898438,559.3900146484375,22.280000686645508,25.13999938964844,93.88235455891237,167.3826650358535,-303.1331947004194,-322.52514832408536,-322.9351450010535,170.79797079965138,167.59210815163544,167.55842276665837,36.121650350836234,35.711653673868106,35.709074762253586
2025-04-01,557.4500122070312,560.969970703125,21.770000457763672,24.459999084472656,91.55686969973547,-232.54848591768962,556.649294712998,538.9394158541205,538.6108521520191,142.54861342078786,140.17160246733297,140.1501645421142,32.51008990353848,32.181526201436924,32.17998063223084
2025-04-02,555.0499877929688,564.52001953125,21.510000228881836,24.290000915527344,90.07377583629528,-148.3093863440189,-213.20573984009354,-227.42464875514855,-227.65645186342047,155.18885691647557,152.59701092045592,152.5740111386354,25.23632130603611,25.00451819776417,25.00348826554638
2025-04-03,545.1099853515625,536.7000122070312,30.020000457763672,34.099998474121094,126.37534153908351,3630.1565702788225,400.69757434733424,316.6693363808529,308.4832447429482,461.2910126884687,435.4984762245768,433.80072211086224,189.92999680868868,181.74390517078405,181.34915029391544
2025-04-04,523.6699829101562,505.2799987792969,45.310001373291016,57.16999816894531,186.6174713839031,6024.21298448196,-347.49281189974664,-374.5311615767539,-473.09516209652554,68.31675653965462,-109.11277426738287,-166.42744087102952,461.78420610911905,363.2202055893474,332.63193718811175
2025-04-07,489.19000244140625,504.3800048828125,46.97999954223633,62.58000183105469,191.8944287026539,527.6957318750789,566.2600394673804,286.90582167037934,160.90004118380122,716.6199687482775,507.757257630764,433.4685667719681,1116.159360948967,990.1535804623892,944.6165900334693
2025-04-08,521.8599853515625,496.4800109863281,52.33000183105469,67.62999725341797,211.29656427165068,1940.2135568996782,-1808.2159529356531,-1204.970432180873,-1376.0682091700348,-1112.7508053641463,-906.6452009339399,-1020.8729957944355,-413.24466111993684,-584.3424381090986,-650.5845389243982
2025-04-09,493.44000244140625,548.6199951171875,33.619998931884766,40.060001373291016,137.77027187784975,-7352.629239380093,-12824.145470051855,-11951.22267847223,-10972.257039676304,-11988.127893212419,-11043.374175935523,-10050.390538029362,-10866.076966358462,-9887.111327562536,-8889.169651936525
2025-04-10,532.1699829101562,524.5800170898438,40.720001220703125,50.43000030517578,166.30971588842687,2853.9444010577113,1638.5582504704162,1411.7316849000683,1344.2731528592226,1272.8921599972132,1137.2880775981205,1105.4176357510719,704.6628830154317,637.2043509745861,622.1727276858035
2025-04-11,523.010009765625,533.9400024414062,37.560001373291016,43.31999969482422,153.45109242772213,-1285.8623460704734,411.89071083249064,262.73785507338266,228.36834275651987,712.4059380667733,638.2777813162722,624.3786902679782,410.88123637958665,376.511724062724,372.48597961002287
2025-04-14,544.0499877929688,539.1199951171875,30.88999938964844,34.20000076293945,127.3468809796176,-2610.4211448104534,1127.0905711004111,1042.790405054609,1034.561512756594,462.51611590070013,436.60945831174854,434.9021063470227,190.60919653201017,182.38030423399528,181.9832862809649
2025-04-15,539.6699829101562,537.6099853515625,30.1200008392334,29.940000534057617,124.53743813460619,-280.9442845011404,797.3836267850891,754.6869399724197,752.2117045710864,328.70647663203476,316.22648452605523,315.81085729575705,89.11916794748896,86.64393254615567,86.57789163640022
2025-04-16,531.6799926757812,525.6599731445312,32.63999938964844,33.220001220703125,135.5884571562415,1105.1019021635311,891.5023039157037,822.9837861362566,816.6720925143808,431.6149355645651,410.11526566440324,408.8196330964204,152.8089146104917,146.49722098861582,146.2566107744957
2025-04-17,527.6400146484375,526.4099731445312,29.649999618530273,27.649999618530273,124.65809232558487,-1093.0364830656629,652.9134644358697,619.102551899079,618.0113218698795,235.29727054226606,228.40422739490288,228.24637433818702,67.0347475353976,65.9435175061981,65.93052018801825
2025-04-21,521.1599731445312,513.8800048828125,33.81999969482422,36.560001373291016,141.33710708256146,1667.9014756976585,762.7743423432103,664.4854071680724,652.1797030372372,540.5548959201114,505.2858891002776,501.59445279197126,232.07525089635064,219.76954676551537,218.97609753813987
2025-04-22,520.1400146484375,527.25,30.56999969482422,33.13999938964844,126.88271325945928,-1445.439382310218,534.5637751822659,465.68036938449336,459.75966529352144,403.9635818383068,383.23813575345775,381.82719924871344,152.32347422964355,146.40277013867177,146.17642558812838
2025-04-23,540.4299926757812,535.4199829101562,28.450000762939453,30.739999771118164,117.50653778103725,-937.6175478422027,843.0843374500471,795.0574617207656,791.7138271773371,358.18689174945445,343.33599410835035,342.7682326462003,102.47869946477749,99.13506492134894,99.03819899615085
2025-04-24,536.719970703125,546.6900024414062,26.469999313354492,28.280000686645508,108.13284040553975,-937.36973754975,-232.57309590241513,-268.55953897282404,-269.89827156453055,268.37128148818584,260.29081409366927,260.080020410407,72.16140229233208,70.82266970062544,70.79870421575359
2025-04-25,546.6500244140625,550.6400146484375,24.84000015258789,24.63999938964844,101.32670812077745,-680.6132284762299,542.2113497282462,525.6586484242792,525.370009012446,154.63393871815387,152.1112484001479,152.08163112924274,30.075475675036856,29.786836263203497,29.785453419466847
2025-04-28,551.3900146484375,550.8499755859375,25.149999618530273,26.469999313354492,101.98909024169694,66.23821209194887,644.9927627881569,619.078078116142,618.338204989811,210.45224481054203,205.2401950011019,205.1511125905361,50.169389760207174,49.429516633876105,49.42273939094292
2025-04-29,548.9099731445312,554.3200073242188,24.170000076293945,24.950000762939453,97.6928343261147,-429.6255915582236,499.933962673693,481.47904823087606,481.1082028484401,164.82383471445365,161.86087374295204,161.83161276849413,34.1289386292329,33.75809324679698,33.75590638310068
2025-04-30,547.5700073242188,554.5399780273438,24.700000762939453,25.06999969482422,99.48432991859761,179.1495592482903,257.1219126510293,238.65260161994644,238.28957681672998,167.32233968019307,163.6796736768913,163.63985103728731,34.13380831103217,33.77078350781571,33.768749996530865
2025-05-01,560.3699951171875,558.469970703125,24.600000381469727,24.81999969482422,98.47400365805956,-101.03262605380507,581.3901451018777,561.4835535858448,561.120247458969,154.39491761437966,151.5569541959739,151.52730156807664,37.00756613461867,36.64426000774277,36.642774487000125
2025-05-02,564.72998046875,566.760009765625,22.68000030517578,21.219999313354492,90.26815356289501,-820.585009516455,414.1847703777745,407.8481123376264,407.8151687992614,81.18895504531298,80.53745583866572,80.53627877586501,8.87226930148596,8.839325763121053,8.839284899533903
2025-05-05,562.5700073242188,563.510009765625,23.63999938964844,22.729999542236328,93.72675767653195,345.86041136369374,482.3282509559849,470.3207473228738,470.2329274357712,108.76845816749216,107.48556814172639,107.47879941278741,20.37911569494895,20.291295807846396,20.29107969937933
2025-05-06,557.9299926757812,558.7999877929688,24.760000228881836,24.13999938964844,98.2442859793222,451.7528302790254,489.5078392044594,475.417102577702,475.1919705070348,154.431317088571,151.8781551293377,151.85856025935598,24.959758012597973,24.734625941930737,24.733664387883948
2025-05-07,560.1500244140625,561.1500244140625,23.549999237060547,22.690000534057617,93.31441836520443,-492.9867614117768,474.444051664551,464.71987102787364,464.61609049679976,122.03219049491992,120.85376947662817,120.84835275842211,15.860485592054529,15.756705060980584,15.756444240107411
2025-05-08,565.239990234375,565.0599975585938,22.479999542236328,21.6299991607666,88.75457347694805,-455.98448882563787,433.7279681624796,426.2540578492699,426.21255110673945,88.68542464489374,87.90578540968188,87.90361461278142,11.17250901497881,11.131002272448375,11.130946237103348
2025-05-09,566.47998046875,564.3400268554688,21.899999618530273,20.8700008392334,86.5025621086555,-225.2011368292557,400.7339981388373,394.7716652271202,394.74691901799935,75.64778781151132,75.10628095012751,75.10512123355873,8.098976535638677,8.07423032651775,8.074206303316162
2025-05-12,581.469970703125,582.989990234375,18.38999938964844,17.969999313354492,71.74923488045448,-1475.3327228201015,294.92962882511864,293.315501652302,293.3143298595067,39.139942556730475,39.07891814134607,39.078891438581834,-0.6682297814743281,-0.6694015742695942,-0.6694017391040545
2025-05-13,583.4099731445312,586.8400268554688,18.219999313354492,17.40999984741211,71.06807980074751,-68.11550797069685,274.0249277980653,272.8053628827482,272.8047637357005,32.97405938780929,32.93526545354252,32.935255317844685,-1.459072574810834,-1.4596717218586064,-1.4596717729956836
2025-05-14,587.8099975585938,587.5900268554688,18.6200008392334,17.530000686645508,72.52395641307294,145.5876612325426,247.0449377327112,245.58374566514422,245.58275770995306,28.947154652967058,28.893940892383213,28.893930257004612,-0.9746518424039534,-0.9756397975951745,-0.9756398498911549
2025-05-15,585.5599975585938,590.4600219726562,17.829999923706055,15.880000114440918,69.50036580759155,-302.3590605481388,215.82245973488614,215.34158457526178,215.34151576730181,18.184811417057233,18.176031691441246,18.17603144836906,-2.938043255628621,-2.938112063588623,-2.938112064002859
2025-05-16,591.25,594.2000122070312,17.239999771118164,14.350000381469728,67.4168892831463,-208.34765244452456,137.53727258549318,137.38653602976495,137.38653229541225,5.5274426826074485,5.526169589062091,5.526169584916621,-3.5985156854800184,-3.59851941983269,-3.5985194198345196
2025-05-19,588.0999755859375,594.8499755859375,18.13999938964844,16.809999465942383,70.5645866802991,314.7697397152797,49.57033833849015,48.85240194396878,48.852120316896894,21.981979408286016,21.95801570549068,21.958012280602922,-2.463282294106391,-2.4635639211782676,-2.463563933056635
2025-05-20,593.0900268554688,592.8499755859375,18.09000015258789,16.56999969482422,70.0223040105459,-54.228266975320594,215.80879919263822,215.1365646934798,215.13636919421987,21.052925215809466,21.036208320952404,21.036207048629308,-2.5549444937047303,-2.5551399929646643,-2.555139996364205
2025-05-21,588.4400024414062,582.8599853515625,20.8700008392334,19.559999465942383,79.98548091040072,996.317689985483,346.7967691021502,342.9923514856082,342.9838994640888,66.07270989302623,65.83522332601854,65.83504650257147,3.734198079024276,3.7257460575049492,3.7257437972648235
2025-05-22,582.6599731445312,583.0900268554688,20.280000686645508,18.420000076293945,77.59150717727198,-239.3973733128746,316.1769307456581,314.07390303628665,314.07118240145195,45.87545905446546,45.781300668300084,45.78126712468751,0.31421887603191756,0.31149824119718694,0.31149772360855454
2025-05-23,575.97998046875,579.1099853515625,22.290000915527344,20.6299991607666,85.01783332099956,742.6326143727579,361.11290256296735,355.1283946601309,355.10802186689716,78.6720090713651,78.21799479552344,78.21743870818494,8.130192469319777,8.10981967608606,8.109800249873064
2025-05-27,586.0700073242188,591.1500244140625,18.959999084472656,17.899999618530273,72.19869979060974,-1281.913353038982,259.3324636611915,258.0107834210558,258.00890167101534,32.59901586183349,32.53679681972225,32.53677558380561,-1.2509938739414883,-1.2528756239819834,-1.252875755869654
2025-05-28,591.5599975585938,587.72998046875,19.309999465942383,18.190000534057617,73.164736512498,96.60367218882584,317.9066413939997,315.7711067479276,315.7688285988009,46.386432941793736,46.29062931910723,46.29059956009794,0.3779044017077009,0.37562625258102145,0.3756260318554263
2025-05-29,593.0599975585938,590.0499877929688,19.18000030517578,17.84000015258789,72.65655730070938,-50.817921178861525,265.4048013755272,263.9685948525525,263.9674768800845,34.339273638144554,34.28369500585519,34.283682861113704,-1.024232801187381,-1.0253507736553322,-1.025350852140404
2025-05-30,588.9299926757812,589.3900146484375,18.56999969482422,16.739999771118164,70.16522896643693,-249.13283342724526,217.52119260279792,216.8360802477482,216.83570179757066,21.42435922352597,21.39689929419415,21.39689651844563,-2.52863991244209,-2.5290183626196145,-2.5290183715948666
2025-06-02,587.760009765625,592.7100219726562,18.36000061035156,17.639999389648438,69.17726299023542,-98.7965976201508,251.42008778752,249.88005032262973,249.8789431178561,30.133723091048687,30.07603737861738,30.076026131623784,-0.8166032623740231,-0.8177104671476627,-0.8177105316555444
2025-06-03,592.3400268554688,596.0900268554688,17.690000534057617,16.6200008392334,66.85655085582954,-232.07121344058805,218.33580791507114,217.45350788508424,217.45323481965792,21.718873027788405,21.69597022434649,21.695968648010897,-2.1345807298790547,-2.134853795305365,-2.1348537999281074
2025-06-04,596.9600219726562,595.9299926757812,17.610000610351562,16.040000915527344,66.3952825600179,-46.12682958116352,199.72694058334298,199.23124278607318,199.23114992687704,17.24551292896713,17.235355755444843,17.235355356519747,-2.9083258253770494,-2.90841868457318,-2.908418685404842
2025-06-05,597.6300048828125,593.0499877929688,18.479999542236328,17.34000015258789,69.21494427699474,281.9661716976839,251.1317834713666,249.98322028580483,249.98261629142706,30.09073829740425,30.05298516773192,30.05297511755498,-1.6010614867893462,-1.601665481167129,-1.6016655341515085
2025-06-06,598.6599731445312,599.1400146484375,16.770000457763672,14.199999809265137,63.38956970792566,-582.5374569069083,137.86069386141813,137.752444743901,137.75244252413432,5.454017534505249,5.453182271662943,5.45318226943167,-3.683495105663072,-3.683497325429747,-3.6834973254306482
2025-06-09,599.719970703125,599.6799926757812,17.15999984741211,15.380000114440918,64.49320543116954,110.36357232438831,178.64237997606315,178.32822345382056,178.3281941793149,12.677795628292342,12.673042549493038,12.673042470752298,-3.271599131704093,-3.271628406209759,-3.2716284063076664
2025-06-10,600.219970703125,603.0800170898438,16.950000762939453,15.15999984741211,64.13122941270734,-36.197601846220095,171.8699275053397,171.588682509692,171.5886562458887,11.481374182130214,11.477175648992247,11.477175577673485,-3.3374312170406664,-3.3374574808439608,-3.3374574809286597
2025-06-11,604.1900024414062,601.3599853515625,17.260000228881836,15.420000076293944,64.83358440910206,70.23549963947175,184.6051708182115,184.23365132196633,184.2336013545525,14.035740033738142,14.029205078196435,14.029204905764763,-3.156811104452741,-3.156861071866567,-3.1568610721383807
2025-06-12,600.010009765625,603.75,18.020000457763672,16.1200008392334,67.88771865128354,305.4134242181476,205.8243213480021,205.26600291397443,205.26587883921314,18.65515500626489,18.6428173463703,18.642816750757156,-2.7829909034463634,-2.783114978207675,-2.7831149796124626
2025-06-13,598.5,597.0,20.81999969482422,19.260000228881836,77.01201721576308,912.4298564479545,376.2023234966749,372.3412569790545,372.3324554493094,66.62155510462367,66.37788591825434,66.3776986089163,3.8485449256787714,3.8397433959336347,3.839740962296884
2025-06-16,600.4000244140625,602.6799926757812,19.11000061035156,17.8700008392334,71.05692310819194,-595.5094107571142,277.4361897630745,275.72836010722415,275.72661170523537,38.067329885601175,37.99292232608215,37.99289960262459,-0.4790949854550859,-0.48084338744380695,-0.4808435530682864
2025-06-17,600.2100219726562,597.530029296875,21.600000381469727,21.86000061035156,79.22626109128748,816.9337983095545,457.4567803589057,448.781361194306,448.7170226191777,105.58247944289819,104.66002969386683,104.6570297362266,13.644141739420123,13.57980316429182,13.579707302296514
2025-06-18,598.4400024414062,597.4400024414062,20.13999938964844,19.1299991607666,73.72945632190272,-549.6804769384767,329.0104647486584,325.94134571250794,325.9337352583804,54.97308211855946,54.75188184055852,54.751729151446696,2.261075004224095,2.253464550096557,2.2534626936471227
2025-06-20,598.3800048828125,594.280029296875,20.6200008392334,18.31999969482422,74.79741320465723,106.79568827545154,293.57260844587915,291.4939661960807,291.4912423007646,43.08432912916756,42.983150841050104,42.98310923052422,0.2654572851269368,0.2627333898108093,0.2627330232889946
2025-06-23,595.0399780273438,600.1500244140625,19.829999923706055,17.920000076293945,72.11519220464709,-268.2221000010145,271.04767506925356,269.5010704412706,269.49975198837825,35.996117300055616,35.9337409390567,35.933725770035515,-0.8028350910144932,-0.8041535439067995,-0.8041536420202546
2025-06-24,604.3300170898438,606.780029296875,17.479999542236328,15.399999618530272,64.68408821107582,-743.110399357127,184.82580406497019,184.44865395397724,184.44862872279566,14.118923580197416,14.114987154258243,14.1149870817982,-3.1456240841783543,-3.1456493153599085,-3.14564931545693
2025-06-25,607.9099731445312,607.1199951171875,16.760000228881836,13.8100004196167,62.04931789246953,-263.4770318606286,131.76152806542478,131.6693454402219,131.6693437539037,4.601498608281908,4.600830426937673,4.600830425414207,-3.7156296906379027,-3.715631376956125,-3.7156313769566873
2025-06-26,608.989990234375,611.8699951171875,16.59000015258789,13.489999771118164,62.43497032830001,38.56524358304796,122.43224253094574,122.36396714565085,122.36396629795526,3.319204012746538,3.318788934547534,3.318788934380171,-3.7634466863232943,-3.763447534018884,-3.763447534018921
2025-06-27,612.8800048828125,614.9099731445312,16.31999969482422,12.8100004196167,62.19615871958169,-23.881160871832208,104.18933609386453,104.1635221752558,104.16352213321304,1.0820893242210046,1.0819850284366588,1.081985028423885,-3.8483720366542564,-3.8483720786970332,-3.8483720786970346
2025-06-30,617.3800048828125,617.8499755859375,16.729999542236328,13.770000457763672,64.04828688640637,185.21281668246843,113.05612448947963,112.97979103956978,112.97978957126303,3.2120533178355837,3.211492668659699,3.2114926672528608,-3.747328695259712,-3.7473301635664424,-3.7473301635665837
2025-07-01,616.3599853515625,617.6500244140625,16.829999923706055,13.789999961853027,64.17094051600216,12.265362959578852,112.97908020845173,112.90313784116135,112.90313640196699,3.197922136018974,3.197367720548214,3.1973677191846104,-3.7481109478357557,-3.7481123870301167,-3.7481123870302526
2025-07-02,617.239990234375,620.4500122070312,16.639999389648438,13.06999969482422,64.2978453490415,12.69048330393332,115.76200690391732,115.72804971328706,115.72804953945749,0.7230531266535865,0.7229053581526959,0.7229053580640663,-3.832085097250741,-3.8320852710803113,-3.8320852710803264
2025-07-03,622.4500122070312,625.3400268554688,16.3799991607666,12.850000381469728,65.08702044681536,78.91750977738639,89.9173841836456,89.88700903511054,89.88700898427467,0.40999341777423126,0.40986522687969806,0.40986522686076476,-3.839249550422297,-3.839249601258163,-3.839249601258165
2025-07-07,623.3599853515625,620.6799926757812,17.790000915527344,15.710000038146973,67.41904862777827,233.2028180962908,182.0772078271515,181.59937380988535,181.599328512249,15.659351679640062,15.650774365714055,15.650774171893525,-2.9441960713093325,-2.944241368945652,-2.944241369362096
2025-07-08,621.3499755859375,620.3400268554688,16.809999465942383,13.899999618530272,63.89433534853234,-352.47132792459297,119.68204856065097,119.5865875553953,119.58658539946519,4.141922345280456,4.141275145872051,4.141275144993065,-3.709071521697272,-3.7090736776273525,-3.7090736776277193
2025-07-09,622.77001953125,624.0599975585938,15.9399995803833,12.529999732971191,62.26038735037463,-163.39479981577085,102.01178476647237,101.98946815168513,101.98946812234496,-0.30185559972517373,-0.3018914965567405,-0.3018914965641297,-3.855366682405001,-3.85536671174518,-3.855366711745181
2025-07-10,624.2000122070312,625.8200073242188,15.779999732971191,12.460000038146973,62.30232649927882,4.193914890419137,101.39451449659641,101.38106621749874,101.3810661780569,-0.5420903948834188,-0.5421322788080443,-0.5421322788107776,-3.8731033234791292,-3.873103362920974,-3.873103362920974
2025-07-11,622.739990234375,623.6199951171875,16.399999618530273,13.029999732971191,63.26455006827371,96.22235689948866,117.37812505755389,117.33703880540128,117.33703866804476,1.1086769387137743,1.1085731744924683,1.108573174432129,-3.817827083625247,-3.817827220981754,-3.8178272209817647
2025-07-14,623.1599731445312,624.8099975585938,17.200000762939453,14.270000457763672,65.80211470872842,253.75646404547183,159.56369174253288,159.45683196158149,159.4568272046364,6.1478024835109295,6.146676151300273,6.146676148438216,-3.6862661672567354,-3.686270924201837,-3.6862709242035523
2025-07-15,627.52001953125,622.1400146484375,17.3799991607666,14.6899995803833,65.25131527347332,-55.07994352551009,149.8928162318284,149.65954048297374,149.6595322398828,9.161199350769605,9.159653237624658,9.159653218139292,-3.433423772955582,-3.4334320160465714,-3.433432016067303
2025-07-16,623.739990234375,624.219970703125,17.15999984741211,13.770000457763672,65.12862606788602,-12.268920558730656,142.33603247798337,142.24122421887856,142.24122310758023,3.9988714109995662,3.9984367493651503,3.998436748324755,-3.710380147894045,-3.7103812591923906,-3.7103812591928267
2025-07-17,624.4000244140625,628.0399780273438,16.520000457763672,13.140000343322754,64.45931320902636,-66.93128588596551,99.11603583259544,99.07108391456308,99.07108378216961,1.4355202678445096,1.4353235417205,1.4353235416507157,-3.8100957667548476,-3.810095899148328,-3.810095899148341
2025-07-18,629.2999877929688,627.5800170898438,16.40999984741211,12.699999809265137,63.7708192313618,-68.84939776645638,89.65539321281595,89.63327098447819,89.63327094184748,0.3631386126429055,0.363045039872115,0.36304503985743786,-3.8557554154323403,-3.8557554580630393,-3.855755458063041
2025-07-21,628.77001953125,628.77001953125,16.649999618530273,14.949999809265137,64.52950146398572,75.86822326239258,160.68718036949758,160.47330289107853,160.4732852478331,11.301761959902779,11.298537852053236,11.29853779692967,-3.472192113350622,-3.472209756596042,-3.4722097566210555
2025-07-22,629.0999755859375,628.8599853515625,16.5,15.029999732971191,63.95140496559881,-57.80964983869126,192.46722626493505,192.228592157065,192.2285776784806,11.655659356653361,11.651690086433838,11.651690050793743,-3.4226883483572714,-3.4227028269417055,-3.422702826991483
2025-07-23,631.5499877929688,634.2100219726562,15.369999885559082,14.050000190734863,62.936596057341745,-101.48089082570664,131.77302677433562,131.6306815711874,131.6306791083485,6.036957113205016,6.036289736209371,6.036289732444692,-3.61530220518486,-3.615304668023771,-3.6153046680244185
2025-07-24,634.5999755859375,634.4199829101562,15.390000343322754,14.079999923706056,62.95005094809119,1.3454890749443393,135.05249415413442,134.94479764477225,134.94479443780259,6.5918016967887105,6.591002893876789,6.59100289202336,-3.684597360363461,-3.684600567333139,-3.6846005673341864
2025-07-25,635.0900268554688,637.0999755859375,14.93000030517578,12.829999923706056,62.913343956683036,-3.670699140815259,119.20673991958778,119.17847665016946,119.17847658411503,-0.11862367684513409,-0.11875848527221056,-0.11875848530274702,-3.843473263000079,-3.843473329054514,-3.843473329054515
2025-07-28,637.47998046875,636.9400024414062,15.029999732971191,13.369999885559082,62.66576615635199,-24.757780033104382,114.12773668196375,114.08940322616999,114.08940264839363,3.3823604755013363,3.382113813062457,3.382113812915547,-3.8233313550832504,-3.823331932859617,-3.8233319328596607
2025-07-29,638.3499755859375,635.260009765625,15.979999542236328,14.619999885559082,64.27670962673793,161.09434703859336,155.89319733902838,155.75094863609422,155.75093913518006,10.26831635908533,10.266408752749953,10.266408743288277,-3.6154740913597228,-3.615483592273882,-3.615483592283716
2025-07-30,635.9199829101562,634.4600219726562,15.479999542236328,13.460000038146973,62.32365269107888,-195.3056935659049,140.516593500497,140.45779792137222,140.45779754885243,1.7994441151635847,1.7990938714574884,1.7990938711367175,-3.7824077241907514,-3.782408096710541,-3.7824080967106486
2025-07-31,639.4600219726562,632.0800170898438,16.719999313354492,15.149999618530272,64.56528145243024,224.16287613513646,-8.173715286780066,-8.40894245884479,-8.40897342498715,14.359819083566224,14.355579074659586,14.355579024440411,-3.4294527571879447,-3.4294837233302804,-3.4294837234154687
2025-08-01,626.2999877929688,621.719970703125,20.3799991607666,19.530000686645508,71.6217645891395,705.6483136709261,343.33193509896444,339.14641635064544,339.1384093373341,64.37379240820128,64.11150407983091,64.11129791683841,4.495068236829612,4.487061223518282,4.48705799021244
2025-08-04,625.6699829101562,631.1699829101562,17.520000457763672,16.43000030517578,65.82036106013058,-580.1403529008923,211.81544297905978,210.9729667768382,210.97277355935455,22.850628643340748,22.83329973188195,22.833298317379715,-2.214467926609357,-2.2146611440930637,-2.2146611495918833
2025-08-05,631.7899780273438,627.969970703125,17.850000381469727,16.809999465942383,65.29383584384246,-52.65252162881211,233.47856285134384,232.5844458107811,232.58398963604026,28.74068645438159,28.71007271747748,28.710070563440745,-2.1103973641925937,-2.110853538933412,-2.110853549086551
2025-08-06,629.0499877929688,632.780029296875,16.770000457763672,15.0,64.03730219371093,-125.653365013153,191.1316952814347,190.90102807439877,190.90101472125227,8.25406636467679,8.250321651508264,8.250321620264774,-3.4386255263623857,-3.438638879508872,-3.438638879550956
2025-08-07,636.239990234375,632.25,16.56999969482422,14.760000228881836,63.060866789754385,-97.64354039565433,159.3244356113855,159.09999800591956,159.09998739393504,10.891160036585262,10.889034943555806,10.889034913205162,-3.451092953077424,-3.4511035650619766,-3.451103565074362
2025-08-08,634.0599975585938,637.1799926757812,15.149999618530272,12.859999656677246,61.48776682894987,-157.30999608045124,119.41493652917858,119.3865654444858,119.38656537845574,-0.10563087766916723,-0.10576596171114705,-0.1057659617417297,-3.843257632524301,-3.843257698554348,-3.843257698554353
2025-08-11,637.4600219726562,635.9199829101562,16.25,15.75,63.28594544166245,179.81786127125758,196.43613407858004,196.06991558330108,196.0698220785945,19.0524353549243,19.043986087854925,19.043985883099296,-3.1672824937448296,-3.167375998451391,-3.167375998977259
2025-08-12,638.2899780273438,642.6900024414062,14.729999542236328,13.109999656677246,62.99064372164037,-29.530172002208133,106.747645275992,106.70205162934364,106.70205140513801,2.361704378293404,2.361560809569734,2.361560809525157,-3.8088120340863743,-3.8088122582919897,-3.808812258291999
2025-08-13,644.9099731445312,644.8900146484375,14.489999771118164,12.380000114440918,63.64149576690561,65.08520452652391,91.146451793819,91.12707237206364,91.12707234819496,-0.7947953300009529,-0.7948203628022052,-0.7948203628039909,-3.8612410848832295,-3.8612411087519165,-3.861241108751917
2025-08-14,642.7899780273438,644.9500122070312,14.829999923706056,12.979999542236328,64.31958898977545,67.80932228698475,106.67120326161746,106.63210537067768,106.63210524343768,0.6813878424436473,0.6813065245615659,0.6813065244910685,-3.8218038364004343,-3.821803963640429,-3.8218039636404324
2025-08-15,645.989990234375,643.4400024414062,15.09000015258789,13.270000457763672,63.86106928803164,-45.85197017438105,141.2830387518166,141.22226685301752,141.22226644034177,1.888931958495963,1.8887524791741255,1.8887524790700692,-3.77845496437438,-3.778455377050168,-3.778455377050199
2025-08-18,642.8599853515625,643.2999877929688,14.989999771118164,13.789999961853027,63.09683642702147,-76.42328610101714,132.7306327822884,132.63327769904654,132.63327645861872,3.6515606205072473,3.65116891433307,3.651168912778827,-3.7052861122321388,-3.7052873526599526,-3.7052873526601884
2025-08-19,643.1199951171875,639.8099975585938,15.56999969482422,14.699999809265137,62.311757749626196,-78.50786773952763,163.18983651343376,162.9510549984764,162.9510430856722,8.470319737604068,8.468468025510345,8.468468011974446,-3.4224012316274326,-3.4224131444316166,-3.422413144446709
2025-08-20,639.4000244140625,638.1099853515625,15.6899995803833,15.09000015258789,61.51933181977935,-79.24259298468428,173.54403798225428,173.32210378389232,173.32207735416097,13.854446797954315,13.850598466341546,13.850598425909572,-3.456052313888664,-3.456078743620018,-3.456078743684451
2025-08-21,636.280029296875,635.5499877929688,16.600000381469727,16.3700008392334,62.37040751616203,85.10756963826793,219.62412486990465,218.86411778868396,218.8639235074505,24.780359576087612,24.764415158805626,24.764413615170916,-2.37940298614617,-2.3795972673796473,-2.379597269950346
2025-08-22,637.760009765625,645.3099975585938,14.220000267028809,11.850000381469728,62.04762623432414,-32.27812818378908,-189.58573005002086,-189.592896005436,-189.5928960072665,-2.070651313231171,-2.0706623155569326,-2.070662315557156,-3.8856680836782203,-3.8856680855087142,-3.8856680855087142
2025-08-25,644.0399780273438,642.469970703125,14.789999961853027,13.010000228881836,61.09369867834545,-95.39275559786944,131.02719609662122,130.9837999473272,130.98379976271573,0.8977227834644195,0.897620749595653,0.8976207495625363,-3.813207147577582,-3.81320733218904,-3.813207332189047
2025-08-26,642.2000122070312,645.1599731445312,14.619999885559082,12.90999984741211,62.245347782114436,115.16491037689889,103.31529113567571,103.27689967241656,103.2768995285538,0.5549842201386186,0.5548747099123243,0.5548747098883009,-3.823216641893416,-3.823216785756174,-3.823216785756178
2025-08-27,644.5700073242188,646.6300048828125,14.850000381469728,13.270000457763672,63.53660375876974,129.12559766553073,115.77861290008619,115.73732916595289,115.73732893045744,3.6287495862637105,3.6284692838207206,3.628469283627359,-3.8174318252470765,-3.8174320607424947,-3.817432060742509
2025-08-28,647.239990234375,648.9199829101562,14.43000030517578,11.68000030517578,64.03597192468334,49.936816591359445,71.69998896245207,71.6954829735068,71.69548297261642,-1.9812488059526845,-1.981254932828258,-1.9812549328283549,-3.8909880194383386,-3.89098802032871,-3.89098802032871
2025-08-29,647.469970703125,645.0499877929688,15.359999656677246,12.720000267028809,63.347822390970975,-68.81495337123624,100.56903532947908,100.54709907544628,100.54709902637327,1.6221129437023132,1.6220112112816683,1.6220112112586147,-3.8561273447153464,-3.8561273937883724,-3.8561273937883733
2025-09-02,637.5,640.27001953125,17.170000076293945,16.170000076293945,64.1505439823481,80.27215913771215,212.75109662772218,212.24936733740853,212.24917731223192,23.11728701107424,23.103469581855954,23.103469020617737,-2.8959713380369667,-2.896161363213578,-2.89616136514886
2025-09-03,642.6699829101562,643.739990234375,16.350000381469727,14.449999809265137,63.98322923684157,-16.731474550653047,153.93881030280065,153.79941383241362,153.79940856774587,6.867336849628446,6.865425029291888,6.865425018996312,-3.6211912652131866,-3.621196529880905,-3.6211965298841156
2025-09-04,644.4199829101562,649.1199951171875,15.300000190734863,13.31999969482422,64.90544403144241,92.22147946008477,117.020802279436,116.97842701510322,116.9784267785063,3.778152169601981,3.7778661560349702,3.7778661558408952,-3.815248761543689,-3.8152489981405897,-3.815248998140605
2025-09-05,651.47998046875,647.239990234375,15.18000030517578,12.65999984741211,63.278487314902364,-162.69567165400503,101.13018966649047,101.10767677361197,101.10767672131132,-0.8144487583636244,-0.8144877841633638,-0.814487784169712,-3.8549740573410354,-3.8549741096416943,-3.854974109641695
2025-09-08,648.6199951171875,648.8300170898438,15.109999656677246,13.5,63.72892377951392,45.04364646115562,125.9714372030877,125.9117237408476,125.91172316221724,2.968862029758901,2.968590412775158,2.968590412570263,-3.780571339628459,-3.7805719182588375,-3.780571918258912
2025-09-09,648.969970703125,650.3300170898438,15.039999961853027,13.609999656677246,64.45562467246279,72.67008929488696,131.91294034414247,131.8193026918817,131.81930151726144,3.4610603494331524,3.460687482363208,3.460687481903838,-3.712721171617016,-3.71272234623727,-3.7127223462374817
2025-09-10,653.6199951171875,652.2100219726562,15.350000381469728,14.289999961853027,66.18269131370003,172.70666412372435,156.68709911949938,156.53798643592052,156.53798132084935,7.347886559722921,7.346930856339007,7.346930852145098,-3.6017592876166122,-3.6017644026878055,-3.6017644026918396
2025-09-11,654.1799926757812,657.6300048828125,14.710000038146973,12.989999771118164,68.81975488437485,263.7063570674812,113.14642866645585,113.1110802329824,113.11108011768326,1.5724429435676104,1.5722844749113687,1.5722844748295248,-3.8293027871556626,-3.8293029024548204,-3.8293029024548257
2025-09-12,657.5999755859375,657.4099731445312,14.760000228881836,12.850000381469728,68.59863786578937,-22.111701858547406,110.88961927124724,110.85529658967897,110.85529643888364,-0.017543819313014186,-0.017624912291239525,-0.017624912319588404,-3.8313541844775028,-3.8313543352728168,-3.831354335272818
2025-09-15,659.6400146484375,660.9099731445312,15.6899995803833,14.710000038146973,72.30262313310838,370.39852673190126,177.1430688050098,176.89710886145073,176.89710067187556,7.9218311107488955,7.919630765989616,7.919630743716132,-3.408055544123263,-3.4080637336984716,-3.4080637337094846
2025-09-16,661.469970703125,660.0,16.360000610351562,15.789999961853027,72.59466876057121,29.204562746282647,221.1487896481335,220.56767888336557,220.56762368531253,15.607674654022615,15.598695810754156,15.598695457513605,-2.737612874953099,-2.737668073006163,-2.737668073456775
2025-09-17,660.010009765625,659.1799926757812,15.720000267028809,14.529999732971191,70.77055538287425,-182.41133776969605,143.86369041530003,143.7112615151128,143.7112546363114,9.70743708141648,9.70503952342264,9.705039516343353,-3.595121563195084,-3.59512844199651,-3.595128442005249
2025-09-18,661.8900146484375,662.260009765625,15.699999809265137,13.529999732971191,72.90417283172955,213.3617448855304,112.56040237095456,112.50411149841365,112.50411086543747,4.278542393008092,4.2781272987476395,4.278127298502424,-3.7874163559893352,-3.7874169889655116,-3.7874169889656275
2025-09-19,662.3300170898438,663.7000122070312,15.449999809265137,12.40999984741211,73.49655109215924,59.23782604296832,99.78587221982828,99.77000170941294,99.77000167388482,-0.9306754731355045,-0.9307082109120404,-0.930708210916217,-3.8682588725849802,-3.86825890811311,-3.86825890811311
2025-09-22,662.2000122070312,666.8400268554688,16.100000381469727,14.25,76.46342576624993,296.687467409069,161.8244978096082,161.69792929699133,161.69792461604686,8.378476751817932,8.377423620400632,8.377423616267135,-3.6468489319290014,-3.646853612873466,-3.6468536128747475
2025-09-23,666.719970703125,663.2100219726562,16.639999389648438,14.670000076293944,74.33729031157567,-212.61354546742552,181.88149494268623,181.68823261026927,181.6882233231668,8.69388233434882,8.691208908997053,8.691208896153288,-3.5134474738032573,-3.5134567609057177,-3.513456760924191
2025-09-24,664.510009765625,661.0999755859375,16.18000030517578,13.390000343322754,71.88358425770612,-245.37060538695528,132.88786645080438,132.81391279124682,132.81391246716103,2.095394279829459,2.0951037055938038,2.0951037052256236,-3.7520917086273102,-3.7520920327131133,-3.752092032713158
2025-09-25,657.9400024414062,658.0499877929688,16.739999771118164,14.170000076293944,70.405449646548,-147.81346111581115,130.2746231302681,130.1724184299311,130.17241578994032,7.187538729087958,7.186258444995653,7.1862584396645754,-3.6955826793489437,-3.6955853193397457,-3.695585319341296
2025-09-26,659.510009765625,661.8200073242188,15.289999961853027,12.270000457763672,70.82037630725777,41.492666070976725,94.12794050890872,94.11151506857522,94.11151504410796,-1.3127127970608914,-1.3127357619781002,-1.3127357619802407,-3.867149045931214,-3.867149070398461,-3.867149070398461
2025-09-29,664.3599853515625,663.6799926757812,16.1200008392334,13.510000228881836,73.00569393469269,218.53176274349124,136.7848852109638,136.72011708819673,136.72011669026622,2.500585291725688,2.5002460695292834,2.5002460690655735,-3.770462560674216,-3.7704629586047047,-3.7704629586047695
2025-09-30,662.9299926757812,666.1799926757812,16.280000686645508,13.949999809265137,75.03194128904124,202.62473543485555,126.56553716238696,126.47460965344072,126.4746076613701,6.543479186602461,6.542590161933973,6.542590160701215,-3.718139005892847,-3.71814099796347,-3.7181409979643947
2025-10-01,663.1699829101562,668.4500122070312,16.290000915527344,13.529999732971191,76.70275963702474,167.08183479834986,136.97305023644284,136.91195213440477,136.91195129207634,4.535628477463051,4.535308952148149,4.535308951779774,-3.777801268938415,-3.7778021112668507,-3.7778021112669005
2025-10-02,670.4500122070312,669.219970703125,16.6299991607666,13.789999961853027,77.61374788461087,91.09882475861326,151.10201369903857,151.03713702985712,151.037135812438,4.231333662767744,4.230627347706246,4.2306273470117315,-3.770243009378372,-3.7702442267974803,-3.770244226797964
2025-10-03,669.989990234375,669.2100219726562,16.649999618530273,13.470000267028809,77.48404751040113,-12.970037420974734,115.8959190672698,115.8317753476569,115.83177453009502,4.810071938590813,4.809808944401089,4.809808944004393,-3.77171010808837,-3.7717109256502592,-3.7717109256503147
2025-10-06,671.6199951171875,671.6099853515625,16.3700008392334,13.56999969482422,78.65798233489814,117.39348244970103,144.4256929869617,144.3717323794636,144.3717315421127,3.4367196220430376,3.43617770102429,3.4361777006121894,-3.7920762729509754,-3.79207711030184,-3.7920771103019053
2025-10-07,672.5399780273438,669.1199951171875,17.239999771118164,14.989999771118164,77.5719515719541,-108.60307629440342,198.88132273079688,198.662219634567,198.66219902726715,11.50663286081369,11.502009319978656,11.502009283634779,-3.461731985562957,-3.461752592862809,-3.4617525928887085
2025-10-08,670.25,673.1099853515625,16.299999237060547,13.170000076293944,79.54756316207272,197.56115901186178,129.27994883833796,129.23119261248544,129.23119241627194,1.6730236573623216,1.6728511293199748,1.6728511291446733,-3.8024869596543396,-3.8024871558678495,-3.8024871558678672
2025-10-09,673.530029296875,671.1599731445312,16.43000030517578,13.920000076293944,77.93153928557626,-161.6023876496456,158.31283663110568,158.23208736784875,158.23208529713972,5.191242583337674,5.1902442371559,5.190244235692068,-3.738495261358029,-3.738497332067044,-3.7384973320674
2025-10-10,672.1300048828125,653.02001953125,21.65999984741211,21.700000762939453,73.27343586375912,-465.81034218171453,-1917.5847545592028,-1927.221833275186,-1927.283230769504,-1083.343645718734,-1084.2444936669758,-1084.2477498127062,15.55860662311557,15.497209128797659,15.497123577499126
2025-10-13,660.6500244140625,663.0399780273438,19.030000686645508,18.020000457763672,74.50287841430446,122.94425505453432,318.93674343170255,316.69368068136976,316.6918762890523,39.290785414659275,39.20791181504327,39.20788254887304,0.5915391637837324,0.5897347714663361,0.5897346094129965
2025-10-14,657.1699829101562,662.22998046875,20.809999465942383,20.3799991607666,76.61626197005006,211.33835557455996,428.95816707833274,423.8749137583093,423.85445888220687,87.07274574420151,86.56718974602619,86.56663893867189,6.327911784054146,6.307456907951675,6.307443404394226
2025-10-15,666.8200073242188,665.1699829101562,20.63999938964844,19.280000686645508,78.14902605403601,153.27640839859527,388.57993654860303,385.006135766986,384.998369388017,61.237638648900166,60.988422145278896,60.988270416524735,3.270909212757534,3.2631428337885255,3.26313999632102
2025-10-16,666.8200073242188,660.6400146484375,25.309999465942383,25.8700008392334,83.32170376571636,517.2677711680351,760.4513736086799,733.0630694927721,732.4028061734564,225.83405413801296,220.4843534114625,220.41845571686338,52.87528736111772,52.21502404180185,52.209073779232334
2025-10-17,659.5,664.3900146484375,20.780000686645508,19.799999237060547,77.40089964454911,-592.080412116725,403.56724413898286,398.65045730753394,398.63427352108454,65.89551659743474,65.60384318898407,65.60351380769532,5.982136959305308,5.965953172855942,5.965949194121908
2025-10-20,667.3200073242188,671.2999877929688,18.229999542236328,17.350000381469727,78.44752682643824,104.66271818891215,295.37942664003333,293.97038113638854,293.9696567009657,32.78432124963623,32.73297554464861,32.7329658109917,-1.0797355619867015,-1.0804599974095477,-1.0804600388943788
2025-10-21,671.4400024414062,671.2899780273438,17.8700008392334,16.8799991607666,77.85960565493409,-58.792117150414924,278.44099970727285,277.57586955103244,277.5754166078503,28.53957783023145,28.502475961113518,28.50247331785939,-2.168380803956679,-2.168833747138841,-2.1688337651441696
2025-10-22,672.0,667.7999877929688,18.600000381469727,18.350000381469727,75.79404769714067,-206.55579577934162,310.14322175206576,307.6509206441819,307.6486353907765,56.93509093660919,56.83008895440339,56.830036633658615,1.0914590878781665,1.0891738344727813,1.0891734638495025
2025-10-23,668.1199951171875,671.760009765625,17.299999237060547,16.6200008392334,93.40902393297768,1758.8976235837006,230.21645680036673,229.31973383973437,229.3194868722544,30.786056493096496,30.765688909125807,30.76568668891963,-2.105813159347267,-2.1060601268272947,-2.1060601324766024
2025-10-24,676.4600219726562,677.25,16.3700008392334,14.850000381469728,90.14773462447167,-326.1289308506008,196.60521324625617,196.39812706228057,196.39810937468198,11.08449890047957,11.082454029680173,11.082454000553962,-3.485774569195088,-3.485792256793648,-3.4857922568129776
2025-10-27,682.72998046875,685.239990234375,15.789999961853027,14.640000343322754,89.58398367164563,-56.37509528260409,165.3701904083338,165.1680319238146,165.1680231829311,10.781674368158253,10.779654918807438,10.779654907087075,-3.495656808292104,-3.495665549175565,-3.4956655491819335
2025-10-28,687.0499877929688,687.0599975585938,16.420000076293945,15.630000114440918,93.1845963994671,360.06127278214706,207.6124301331488,207.24584387391582,207.2457614549083,15.260407392074262,15.253078867338003,15.253078594912916,-3.1665802232875246,-3.166662642295042,-3.16666264270303
2025-10-29,688.719970703125,687.3900146484375,16.920000076293945,15.609999656677246,95.60650576915884,242.1909369691747,208.4816520148078,207.9878976488997,207.98783420722484,19.844676539654778,19.83611306580613,19.836112857000643,-2.9123009422090056,-2.91236438388387,-2.912364384200602
2025-10-30,683.9000244140625,679.8300170898438,16.90999984741211,14.899999618530272,92.86649077986294,-274.00149892959007,175.96435890120827,175.69636530487813,175.69634814170035,9.383510623779182,9.379638386982869,9.379638356394945,-3.3639613177384837,-3.363978480916237,-3.3639784809388864
2025-10-31,685.0399780273438,682.0599975585938,17.440000534057617,14.710000038146973,96.06443132510518,319.79405452422327,169.78504020005002,169.6226629828154,169.62264976495337,8.4136755401005,8.41046952401995,8.410469502500613,-3.575205911902398,-3.5752191297644225,-3.5752191297785143
2025-11-03,685.6699829101562,683.3400268554688,17.170000076293945,14.970000267028809,94.75626080330429,-130.81705218008892,180.43958700961028,180.15891100935875,180.15889464454315,13.627902306552935,13.62448134186202,13.624481307287594,-3.338598904970486,-3.338615269786074,-3.338615269812625
2025-11-04,676.1099853515625,675.239990234375,19.0,17.75,101.25344365939694,649.718285609265,287.9666041138317,286.0148039766714,286.0134961447931,41.03448170840071,40.96311316172263,40.96309918774963,0.007524194461626887,0.006216362583410184,0.006216221082002704
2025-11-05,674.97998046875,677.5800170898438,18.010000228881836,15.869999885559082,96.83523624654114,-441.8207412855793,206.1507729710472,205.55449670099404,205.55442171784637,19.77429956311871,19.763939187862164,19.763938647313253,-2.7072225076761107,-2.7072974908238034,-2.7072974917486357
2025-11-06,676.469970703125,670.3099975585938,19.5,18.1200008392334,102.22898256732282,539.3746320781673,342.82581713494864,340.90982774299044,340.9071473766389,46.443864951549614,46.36964907960115,46.369618142675435,-0.05997952523831396,-0.06265989158989438,-0.06266008884995378
2025-11-07,667.9099731445312,670.969970703125,19.079999923706055,17.309999465942383,100.13817149563448,-209.08110716883357,258.7358377127054,257.3967220812563,257.395721823574,39.39137851734329,39.35295239078454,39.35294507482728,-1.2187678817768166,-1.2197681394592061,-1.2197681668850437
2025-11-10,677.239990234375,681.4400024414062,17.600000381469727,16.040000915527344,95.29673948041022,-484.14320152242567,215.80486208276724,215.27136145643797,215.27123752388087,21.13639116172584,21.12209508214552,21.122094555907104,-2.8326269469755223,-2.8327508795326635,-2.8327508804308525
2025-11-11,679.9500122070312,683.0,17.280000686645508,15.18000030517578,94.10528771704037,-119.14517633698551,183.4606343848775,183.0747902972791,183.07476449486046,10.66799613031281,10.662931119975388,10.662931065737377,-3.128234417401957,-3.128260219820597,-3.128260219869036
2025-11-12,684.7899780273438,683.3800048828125,17.510000228881836,15.369999885559082,95.20887003102081,110.35823139804393,195.09737574848234,194.70822784927165,194.70818582706212,16.93866989534272,16.932805162342653,16.93280505801787,-3.121578134605309,-3.1216201568148247,-3.1216201569297577
2025-11-13,680.5,672.0399780273438,20.0,19.170000076293945,104.10005822410196,889.1188193081149,9.071841309456877,5.691127139619626,5.685649194457346,65.44871702990993,65.26596507523699,65.26579131383441,2.8778679027439305,2.8723899575816603,2.8723880484372195
2025-11-14,665.3800048828125,671.9299926757812,19.829999923706055,18.61000061035156,103.0797216197968,-102.03366043051574,352.4085493913134,349.7407233974564,349.7374755859294,49.23266446805054,49.09184994945544,49.09177860473441,1.4453971799316463,1.4421493684046673,1.4421487825405483
2025-11-17,669.7000122070312,665.6699829101562,22.3799991607666,22.329999923706055,113.90385744806929,1082.4135828272488,555.7007853468413,544.3453945824052,544.2479227694712,126.45183348986669,125.03165962644172,125.02674721887493,19.103625040195233,19.006153227261187,19.00601060992514
2025-11-18,662.0999755859375,660.0800170898438,24.690000534057617,25.18000030517578,124.18465015402359,1028.0792705954298,654.4152337632111,631.8229712208615,631.31754199408,218.3208717428132,214.4285940715943,214.38906657673473,42.81114269597477,42.305713469193236,42.30227521212193
2025-11-19,660.780029296875,662.6300048828125,23.65999984741211,23.100000381469727,119.34344553829192,-484.12046157316695,582.3712238629101,569.3515663558337,569.1990642957201,154.59147534477646,152.83369414527286,152.8230705705941,22.598079897201018,22.445577837087363,22.44515859139505
2025-11-20,672.9099731445312,652.530029296875,26.420000076293945,26.350000381469727,131.24130971031155,1189.7864172019638,-1990.6611249902912,-1975.639418077679,-1976.387915883501,-1044.6269701548229,-1050.3516626455278,-1050.45385159605,-31.6750728259225,-32.42357063174427,-32.43115698105828
2025-11-21,655.0499877929688,659.030029296875,23.43000030517578,21.510000228881836,117.24633041491677,-1399.4979295394785,439.2003686212803,431.7298020091142,431.68291628932616,109.95596079201864,109.06290566935127,109.0603509345325,11.181960002640276,11.135074282852123,11.135017758606416
2025-11-24,662.6900024414062,668.72998046875,20.520000457763672,18.549999237060547,104.22592165155987,-1302.0408763356897,346.34349604843095,343.94545243158285,343.9418566379238,47.550774489460785,47.41800112072658,47.41792740617971,0.9068762705705273,0.9032804769115437,0.9032799249588406
2025-11-25,668.6300048828125,675.02001953125,18.559999465942383,15.390000343322754,96.00546714256902,-822.0454508990855,207.84589618939614,207.47939620055493,207.47935685868472,13.887116544441705,13.880043402186635,13.880043303685143,-3.166881995968059,-3.1669213378382484,-3.1669213380845465
2025-11-26,677.6300048828125,679.6799926757812,17.190000534057617,13.329999923706056,90.57886309950803,-542.660404306099,140.18761842829485,140.14046367176675,140.14046341841768,2.9368245920955456,2.9365849155466544,2.936584915282628,-3.8056897268964014,-3.8056899802454667,-3.805689980245502
2025-11-28,680.8599853515625,683.3900146484375,16.350000381469727,13.609999656677246,87.51334387860658,-306.551922090145,127.44795374902404,127.37436631821248,127.3743655707323,4.663969874931027,4.663494380958872,4.663494380568137,-3.752822895936196,-3.752823643416358,-3.752823643416428
2025-12-01,678.8099975585938,680.27001953125,17.239999771118164,16.549999237060547,90.30876642641158,279.54225478050034,237.80891801471986,236.99085505209953,236.99060996601165,27.321101135204557,27.297680304598472,27.29767910093104,-2.263138795532714,-2.263383881620618,-2.263383888608252
2025-12-02,681.9199829101562,681.530029296875,16.59000015258789,15.420000076293944,87.49484307217227,-281.3923354239307,194.46767300467053,194.0731422628739,194.07309889458168,12.661971999934542,12.654762266004356,12.65476215505464,-3.1108084111551775,-3.1108517794474015,-3.1108517795723625
2025-12-03,680.5700073242188,683.8900146484375,16.079999923706055,14.460000038146973,85.75891599649765,-173.5927075674624,184.77251264007919,184.61245052615865,184.61244554925977,9.125847858761658,9.124488739375323,9.124488726020777,-3.5798608414419935,-3.579865818340849,-3.579865818347619
2025-12-04,685.2999877929688,684.3900146484375,15.779999732971191,14.300000190734863,84.40891765976514,-134.99983367325115,155.87172611877767,155.72505799214866,155.72505494000066,8.645292944947867,8.644154353733716,8.644154345495428,-3.606654590286563,-3.6066576424345396,-3.606657642438357
2025-12-05,685.469970703125,685.6900024414062,15.40999984741211,13.899999618530272,83.04055717333006,-136.83604864350798,166.6834870186763,166.58263004891322,166.5826287410421,6.341178958626937,6.3405487785493335,6.340548777588998,-3.6982821368579284,-3.6982834447290345,-3.698283444729902
2025-12-08,686.5900268554688,683.6300048828125,16.65999984741211,16.290000915527344,87.69670326988916,465.6146096559098,268.73359182582567,267.97504232206063,267.9748715038523,26.182398810047758,26.165458930399055,26.165458116440142,-2.382388531993402,-2.3825593502017473,-2.382559352152218
2025-12-09,683.1500244140625,683.0399780273438,16.93000030517578,16.299999237060547,88.61969556934366,92.29922994545063,232.03595296778602,231.3307716975798,231.3305477716104,20.448493877575444,20.42701041311701,20.42700931806838,-2.488965673970478,-2.48918959993982,-2.489189602509507
2025-12-10,682.5599975585938,687.5700073242188,15.770000457763672,14.68000030517578,84.72886607730337,-389.08294920402966,195.27297081052885,195.07009249647484,195.07008518146458,10.879672474932049,10.877674917458416,10.877674906005705,-3.4942214268059524,-3.4942287418161926,-3.494228741834623
2025-12-11,685.1400146484375,689.1699829101562,14.850000381469728,12.460000038146973,81.07477475227569,-365.4091325027679,94.19139149390357,94.17390234425407,94.17390230304093,-0.7096483958942965,-0.7096810568934511,-0.7096810569002212,-3.8650215770615985,-3.865021618274749,-3.8650216182747497
2025-12-12,688.1699829101562,681.760009765625,15.739999771118164,13.479999542236328,82.28115192404266,120.63771717669738,128.48976405868243,128.42324383235268,128.42324341873334,2.673424139472278,2.6731210275057107,2.673121026939965,-3.7669583064821293,-3.7669587201014756,-3.7669587201015844
2025-12-15,685.739990234375,680.72998046875,16.5,14.199999809265137,85.05847641997553,277.73244959328736,151.54808686679948,151.40488424419183,151.40488094663746,8.318533845333784,8.31738146304527,8.317381459372234,-3.613584862117508,-3.613588159671896,-3.6135881596732613
2025-12-16,679.22998046875,678.8699951171875,16.479999542236328,13.880000114440918,84.25743278345092,-80.10436365246107,136.26309583672446,136.17844066190676,136.17843887377794,5.524612942723859,5.523788984272693,5.523788982940983,-3.730684285977094,-3.730686074105902,-3.7306860741062455
2025-12-17,679.8900146484375,671.4000244140625,17.6200008392334,15.75,87.44532628516706,318.78935017161325,-114.22583459671645,-114.71123354186619,-114.71130472074925,19.538319728030558,19.528226327475473,19.528226107620867,-2.9289885706116063,-2.9290597494946704,-2.929059750307913
2025-12-18,677.5999755859375,676.469970703125,16.8700008392334,13.920000076293944,85.09987993232684,-234.5446352840213,161.62539622030698,161.53617452935407,161.53617187602762,5.656937348751958,5.656412506755792,5.656412504685774,-3.721548658113125,-3.721551311439572,-3.721551311440132
2025-12-19,676.5900268554688,680.5900268554688,14.90999984741211,10.489999771118164,77.19060264938051,-790.9277282946334,54.59746478727025,54.5969940312574,54.596994031246176,-3.24172825602901,-3.2417283724012282,-3.2417283724012282,-3.8990584879406174,-3.8990584879518417,-3.8990584879518417
2025-12-22,683.9400024414062,684.8300170898438,14.079999923706056,10.5,74.59889132500192,-259.17113243785934,43.71887104302717,43.71810276082119,43.71810276081349,-3.4012195867933332,-3.4012198162996023,-3.4012198162996023,-3.898463435564933,-3.8984634355726384,-3.8984634355726384
2025-12-23,683.9199829101562,687.9600219726562,14.0,10.0600004196167,75.35245612692935,75.3564801927439,35.02102872426302,35.02074583721043,35.02074583720984,-3.6096749300389463,-3.609674972408813,-3.609674972408813,-3.899434225893046,-3.8994342258936383,-3.8994342258936383
2025-12-24,687.9500122070312,690.3800048828125,13.470000267028809,9.170000076293944,73.96835843583605,-138.40976910933023,21.13764553270846,21.137635349620048,21.137635349620048,-3.8134176119653342,-3.813417612843128,-3.813417612843128,-3.8999796338231674,-3.899979633823169,-3.899979633823169
2025-12-26,690.6400146484375,690.3099975585938,13.600000381469728,9.649999618530272,74.25073839337938,28.2379957543327,29.611770469426204,29.611667251552568,29.611667251552525,-3.5908333066484515,-3.590833313374572,-3.590833313374572,-3.899793564252606,-3.899793564252651,-3.899793564252651
2025-12-29,687.5399780273438,687.8499755859375,14.199999809265137,11.369999885559082,75.43369307875011,118.29546853707313,82.26671981317503,82.26305380954493,82.26305380917026,-2.047691866747596,-2.047694509219042,-2.0476945092190526,-3.8926679916157836,-3.8926679919904528,-3.8926679919904528
2025-12-30,687.4500122070312,687.010009765625,14.329999923706056,11.460000038146973,75.5399256723226,10.623259357248571,84.70184356720695,84.69768747505054,84.69768747455802,-1.9148492836516313,-1.914852478924459,-1.914852478924475,-3.8916878142096483,-3.8916878147021623,-3.8916878147021623
2025-12-31,687.1400146484375,681.9199829101562,14.949999809265137,12.0,76.28262833086916,74.27026585465626,81.99648026422986,81.987035323636,81.98703531406878,-1.60227371308874,-1.6022853564361905,-1.6022853564370578,-3.881110090110612,-3.881110099677836,-3.881110099677836
2026-01-02,685.7100219726562,683.1699829101562,14.510000228881836,11.720000267028809,74.51451050887167,-176.81178219974925,73.43662818817901,73.42998104114714,73.42998103940644,-1.417839879892731,-1.4178471942725848,-1.417847194272678,-3.886705700714138,-3.886705702454844,-3.886705702454844
2026-01-05,686.5399780273438,687.719970703125,14.899999618530272,12.4399995803833,77.51245956110549,299.7949052233821,115.07192066373136,115.05331905352391,115.05331903226065,0.34112097259997753,0.3410817036761076,0.3410817036730105,-3.8627967157953207,-3.862796737058586,-3.8627967370585865
2026-01-06,687.9299926757812,691.8099975585938,14.75,12.130000114440918,78.38295037306045,87.04908119549657,85.6331051932992,85.62508085283308,85.62508083993677,-1.3720228407313,-1.3720495011662308,-1.3720495011675684,-3.88395128037884,-3.88395129327514,-3.88395129327514
2026-01-07,692.1900024414062,689.5800170898438,15.380000114440918,12.539999961853027,80.03493080471429,165.19804316538398,100.64214448371497,100.62476338553138,100.62476335479872,-0.16651807281916442,-0.16657107412927186,-0.16657107413434424,-3.8652377114348333,-3.865237742167482,-3.8652377421674826
2026-01-08,688.8200073242188,689.510009765625,15.449999809265137,12.829999923706056,80.17303101714552,13.810021243122605,107.13072635458674,107.095347078686,107.09534696776345,0.37213209345498566,0.3720146615502573,0.372014661519918,-3.8292411154308517,-3.8292412263533984,-3.829241226353401
2026-01-09,690.6300048828125,694.0700073242188,14.489999771118164,10.859999656677246,77.87528106568084,-229.7749951464681,54.217358893697515,54.215729210344605,54.21572921029438,-2.676508575078277,-2.676509268257628,-2.676509268257629,-3.896740633143495,-3.896740633193716,-3.896740633193716
2026-01-12,690.6799926757812,695.1599731445312,15.119999885559082,11.9399995803833,80.56645835268372,269.1177287002887,81.83864260657992,81.82811645748143,81.82811645207991,-0.7547779405575898,-0.7547935419126182,-0.7547935419130649,-3.8789476855984564,-3.878947690999979,-3.878947690999979
2026-01-13,695.489990234375,693.77001953125,15.979999542236328,12.510000228881836,83.43716315822303,287.07048055393045,122.84440548795044,122.81930764202667,122.81930759869383,1.0617979282286125,1.0617341385426027,1.061734138534268,-3.849804178153909,-3.849804221486767,-3.8498042214867674
2026-01-14,691.0,690.3599853515625,16.75,13.18000030517578,85.23854885924791,180.13857010248842,119.8068991157349,119.77027966216437,119.7702795068908,1.6721211229018573,1.6719838680231858,1.6719838678367491,-3.8267606270381704,-3.826760782311741,-3.826760782311766
2026-01-15,694.5700073242188,692.239990234375,15.84000015258789,12.31999969482422,81.94477778128237,-329.37710779655447,95.2211835088478,95.20182552910723,95.2018255055593,0.42407655637297026,0.42403449180229025,0.42403449179874464,-3.861283969875086,-3.861283993422996,-3.8612839934229966
2026-01-16,693.6599731445312,691.6599731445312,15.859999656677246,12.09000015258789,81.65733002615977,-28.744775512259935,87.64765501132533,87.63359694310013,87.63359693211768,-1.254784358530125,-1.2548094668580068,-1.254809466859216,-3.8718838306022474,-3.871883841584693,-3.871883841584693
2026-01-20,681.489990234375,677.5800170898438,20.09000015258789,19.93000030517578,94.99780474169151,1334.047471553174,442.39536340925036,437.65257492803806,437.6407130442696,80.35135300356127,80.03996877173309,80.03949139235534,5.621184171020644,5.60932228725216,5.6093151018912355
2026-01-21,679.6500244140625,685.4000244140625,16.899999618530273,15.880000114440918,83.09171939791386,-1190.6085343777647,243.3543249831941,242.84266355051273,242.84258279082644,20.341285337628186,20.332253664450583,20.332253116149168,-2.876434852732822,-2.8765156124191296,-2.8765156133676437
2026-01-22,689.8499755859375,688.97998046875,15.640000343322754,14.380000114440918,78.84588742606178,-424.5831971852084,161.0876544909102,160.95954385529865,160.9595373940356,7.006593647109176,7.004784755081216,7.004784746283624,-3.6437593449739296,-3.6437658062369707,-3.6437658062415803
2026-01-23,688.1500244140625,689.22998046875,16.09000015258789,15.0,80.69600377761552,185.0116351553737,183.8492380313565,183.56134779433464,183.56133296040912,10.803197585966196,10.799824017457352,10.799823954096324,-3.3241750240040027,-3.324189857929505,-3.324189857988088
2026-01-26,690.489990234375,692.72998046875,16.149999618530273,15.050000190734863,81.86649014663317,117.04863690176524,217.67264536771705,217.35331026537784,217.35328902609933,14.973208039446698,14.969063922658448,14.96906387716289,-3.2612660773608333,-3.261287316639367,-3.26128731668108
2026-01-27,694.1799926757812,695.489990234375,16.350000381469727,14.850000381469728,83.66859333340898,180.21031867758097,183.13432221649612,182.9104413949687,182.910429086122,10.694335075120327,10.691698101099059,10.69169807563932,-3.452201430347038,-3.4522137391937213,-3.4522137392130916
2026-01-28,697.0499877929688,695.4199829101562,16.350000381469727,14.539999961853027,83.49224821978365,-17.63451136253309,173.01880746688485,172.84324642040565,172.84323972762866,8.941086366094934,8.939327452326888,8.9393274421434,-3.548857828691754,-3.548864521468768,-3.548864521475045
2026-01-29,696.3900146484375,694.0399780273438,16.8799991607666,15.220000267028809,84.96631193115778,147.40637113741286,200.99029826093053,200.6602310017511,200.66019516855246,14.048158736027185,14.042189231322615,14.042189138824162,-3.2397579817259583,-3.2397938149245658,-3.239793815030986
2026-01-30,691.7899780273438,691.969970703125,17.440000534057617,15.6899995803833,86.3472642832138,138.09523520560276,214.3841735943055,213.97576172564203,213.9756763844455,16.561598888764998,16.551154080088047,16.551153765582974,-3.0829202374994256,-3.0830055786959525,-3.083005579223993
2026-02-02,689.5800170898438,695.4099731445312,16.34000015258789,14.449999809265137,82.70722043577533,-364.0043847438477,192.03990823433023,191.85078388367384,191.85077769824113,10.33153381339904,10.329750339888145,10.329750331588064,-3.521732742376087,-3.521738927808763,-3.5217389278131197
2026-02-03,696.2100219726562,689.530029296875,18.0,17.06999969482422,87.18082724630568,447.3606810530356,279.9459165153142,278.7858008571558,278.78522763289453,32.270397623643234,32.23385497499546,32.233850333053724,-1.5780489514496834,-1.5786221757108971,-1.5786221955274686
2026-02-04,690.3499755859375,686.1900024414062,18.63999938964844,18.670000076293945,88.60831494503657,142.74876987308858,349.9827946406452,346.9582043170629,346.95406958066616,61.31604190514464,61.1639493024631,61.16388632205595,2.1615865407512267,2.157451804354488,2.1574512429109545
2026-02-05,680.9400024414062,677.6199951171875,21.770000457763672,22.290000915527344,99.531692110682,1092.3377165645434,526.2362554753408,513.6215668846202,513.5264215448377,119.1435504962023,117.7790172010624,117.77466296623263,21.615218808334802,21.520073468552468,21.519938347768722
2026-02-06,681.4600219726562,690.6199951171875,20.3700008392334,15.43000030517578,97.04590646601179,-248.57856446702158,-298.7172967305855,-299.0850725814661,-299.0851022596393,16.473399293865704,16.468196546676175,16.468196366876505,-3.164359263068905,-3.16438894124209,-3.164388941458837
2026-02-09,689.4199829101562,693.9500122070312,17.360000610351562,14.75,85.19809230629218,-1184.7814159719605,203.98519501058271,203.74375221002975,203.74374158269765,12.38251149831053,12.379901518389905,12.379901501010844,-3.4170825168626116,-3.417093144194688,-3.4170931442064147
2026-02-10,694.9500122070312,692.1199951171875,17.790000915527344,14.9399995803833,86.10593936046678,90.78470541745958,186.75645469236392,186.51859502880055,186.5185816532128,11.277887856380032,11.275045644961393,11.275045618663682,-3.4242405460437233,-3.4242539216314363,-3.424253921653561
2026-02-11,696.3900146484375,691.9600219726562,17.649999618530273,14.18000030517578,85.3102701077928,-79.56692526739744,160.4193918576726,160.287040105446,160.28703600560237,7.01874625757617,7.01736817131281,7.017368166692398,-3.635284196009845,-3.6352882958534876,-3.6352882958555126
2026-02-12,694.239990234375,681.27001953125,20.81999969482422,19.799999237060547,95.05728969757774,974.7019589784941,-734.3831023170532,-738.8362835799901,-738.850385953717,74.3115338315328,74.0089382138631,74.00860536469825,5.048684294966948,5.03458192124004,5.034577038876945
2026-02-13,681.6900024414062,681.75,20.600000381469727,18.770000457763672,94.06524068272023,-99.2049014857514,342.33308680470566,339.4473434050603,339.44276868080556,59.32557524288399,59.18188849710801,59.18182160170043,1.885214250212333,1.8806395259575908,1.880638433258583
2026-02-17,680.1400146484375,682.8499755859375,20.290000915527344,20.309999465942383,92.323734344743,-174.15063379772278,417.0923887484827,411.6983754502215,411.6770862522338,87.36817918817363,86.88644131362732,86.88586794356783,6.951925355812655,6.9306361578249795,6.930625770884767
2026-02-18,684.02001953125,686.2899780273438,19.6200008392334,19.079999923706055,90.351444107855,-197.2290236888,359.8075205720445,356.99638394251,356.9891186651827,56.219322614891546,55.987756537766636,55.98762616332568,1.744073254839905,1.7368079775125125,1.7368065896167941
2026-02-19,683.8400268554688,684.47998046875,20.229999542236328,19.8700008392334,92.1719006350744,182.04565272193918,399.9000093709965,395.04597516676876,395.03104629619133,69.62670808753376,69.29897513586796,69.29863080344471,5.852869704519115,5.837940833941651,5.83793593969671
2026-02-20,682.3200073242188,689.4299926757812,19.09000015258789,18.020000457763672,88.81626565266546,-335.56349824089295,222.36151532761536,220.40085819820325,220.39847765608803,47.21108144715206,47.13482467730171,47.13479591315093,0.028456482833426833,0.026075940718222945,0.026075741498452487
2026-02-23,687.8300170898438,682.3900146484375,21.010000228881836,21.11000061035156,94.09190900410096,527.5643351435491,471.708473493977,463.6236167358203,463.582686645625,96.86880825841953,96.14320819033414,96.14156996010047,12.392616085671099,12.35168599547575,12.351648568467398
2026-02-24,681.9000244140625,687.3499755859375,19.549999237060547,18.600000381469727,89.31596071728268,-477.5948286818277,334.16177958474856,331.442126093102,331.43812919982025,47.730397937867046,47.57552434500526,47.575467500051346,1.5512990585187003,1.5473021652369363,1.5473017001249012
2026-02-25,690.1799926757812,693.1500244140625,17.93000030517578,16.280000686645508,84.58151864581339,-473.4442071469289,238.2641561718859,237.6318656323169,237.63170100087177,21.89393049874714,21.876820627863005,21.876819890474508,-2.6349250147268157,-2.6350896461719104,-2.6350896501051766
2026-02-26,693.280029296875,689.2999877929688,18.6299991607666,16.649999618530273,85.85068159734647,126.9162951533076,258.1261044138286,257.2648561157603,257.26451909154457,26.676188225684932,26.648596322575067,26.648594319813867,-2.1764923129461957,-2.1768293371619265,-2.1768293432519186
2026-02-27,683.0900268554688,685.989990234375,19.86000061035156,18.59000015258789,89.61947766535548,376.879606800901,335.36828233478434,332.72999184952005,332.7256875974418,48.23289406602066,48.07163991474352,48.07157595490081,1.3894953680156368,1.3851911159373627,1.3851905688610335
2026-03-02,678.7000122070312,686.3800048828125,21.440000534057617,21.18000030517578,95.63374070928032,601.4263043924842,230.29216599945275,222.84373867057812,222.80472569364878,105.73332354363424,104.98954014587555,104.98764516983564,11.114026225566649,11.075013248637298,11.074969043306018
2026-03-03,675.0599975585938,680.3300170898438,23.56999969482422,24.549999237060547,102.58153036851735,694.7789659237031,645.5739923921249,623.6307905791575,623.3006825235371,192.63558914439116,189.40572787828006,189.37885947344213,40.982513588592944,40.652405532972566,40.650479237234144
2026-03-04,681.6300048828125,685.1300048828125,21.149999618530273,20.600000381469727,93.69069447807854,-889.0835890438808,479.08745149436197,472.8759454817469,472.84997125101444,94.57713513531912,94.09855084402079,94.09782920023433,8.600999217875183,8.575024987142688,8.575003489232579
2026-03-05,682.0800170898438,681.3099975585938,23.75,23.549999237060547,103.13314305044531,944.2448572366771,598.7655231392621,582.9310970337935,582.7126425027105,152.6943372612893,150.2739275463696,150.26034768208066,28.426007527696065,28.20755299661309,28.20695652123684
2026-03-06,673.4099731445312,672.3800048828125,29.489999771118164,30.440000534057617,124.71735679351127,2158.4213743065957,1074.369808935969,1016.3855011338758,1012.5450258842898,408.0586115261607,391.22588890676303,390.6004978136159,123.83933142205908,119.99885617247308,119.91687428118941
2026-03-09,666.3900146484375,678.27001953125,25.5,27.850000381469727,108.70903272149752,-1600.832407201375,-168.96005607268577,-209.58147998685777,-211.02402970173418,293.39806739436483,284.10575781971716,283.8940143419511,81.73554600214172,80.29299628726521,80.27144587755768
2026-03-10,677.719970703125,677.1799926757812,24.93000030517578,25.540000915527344,105.89630151401661,-281.27312074809083,762.5238138084632,737.4773066493809,736.9224648893405,227.58085790999593,222.91151563396193,222.85003962907683,47.869905741384784,47.31506398134454,47.31095018745911
2026-03-11,677.5800170898438,676.3300170898438,24.229999542236328,24.440000534057617,102.61844895140706,-327.7852562609553,693.6347651171694,674.461114033642,674.070270011956,191.54588227645488,188.79204292241022,188.76325891271426,35.62441783034415,35.23357380865809,35.23204771893857
2026-03-12,671.1599731445312,666.0599975585938,27.290000915527344,28.979999542236328,113.02412030622082,1040.5671354813762,915.2508950852679,864.6174856607073,862.3081048583549,343.5040653345183,331.8701444323688,331.4855351579387,104.4244554446378,102.11507464228538,102.07219817540349
2026-03-13,669.27001953125,662.2899780273438,27.190000534057617,28.0,111.82737220187914,-119.67481043416797,760.8221617041463,718.3340283891409,716.7445919737245,302.46453458951953,293.5403062083674,293.3026185218571,85.91422642033459,84.32479000491834,84.3016848342582
2026-03-16,668.3800048828125,669.030029296875,23.510000228881836,24.329999923706055,97.16367078324038,-1466.3701418638766,669.4216124132171,649.6626212931583,649.3598768000305,178.95079808889164,175.81546200045574,175.7880209526877,36.53074226257708,36.227997769449274,36.226490368354455
2026-03-17,672.3900146484375,670.7899780273438,22.3700008392334,22.36000061035156,92.64358818549783,-452.0082597742544,560.4081867126332,550.2318528984591,550.131057232527,128.80398921114147,127.52090995541272,127.5164121406581,16.755695489831474,16.654899823899463,16.65468627791917
2026-03-18,668.3599853515625,661.4299926757812,25.09000015258789,26.030000686645508,102.00384436015861,936.0256174660776,659.6999937007693,630.6733469574365,629.9734477336408,232.21778104232152,226.6050286073657,226.52301698657215,56.27191284442466,55.572013620628965,55.56571967675146
2026-03-19,656.969970703125,659.7999877929688,24.059999465942383,24.09000015258789,97.43374785734864,-457.00965028099745,580.65868676563,564.1842898612604,563.9278536744627,179.1841763359452,176.31689858790378,176.29312032366144,29.821280182638574,29.56484399584094,29.56378608441255
2026-03-20,656.510009765625,648.5700073242188,26.780000686645508,26.950000762939453,107.2273010732398,979.3553215891166,519.1290817443354,484.1046591448002,482.934389528543,247.27106517378172,240.82170230786423,240.70219385999343,69.69997467658365,68.52970506032648,68.51630291162365
2026-03-23,658.0700073242188,655.3800048828125,26.149999618530273,27.760000228881836,104.45979310869558,-276.75079645442224,800.761862362778,763.7027789043066,762.2761126806552,303.74509465856477,294.32369734737836,294.1420807245275,74.55905925394633,73.13239303029485,73.1122139551962
2026-03-24,651.3200073242188,653.1799926757812,26.950000762939453,28.209999084472656,107.22183800793817,276.20448992425963,871.1157229892611,828.8744057837013,827.1489972582332,310.49757000591,300.62457592471384,300.3729245601593,85.8363130764158,84.11090455094785,84.08524536051866
2026-03-25,658.6699829101562,656.8200073242188,25.329999923706055,25.260000228881836,100.85671962170653,-636.5118386231643,706.5662525706264,681.1972501364191,680.7205768257195,196.27737638094322,192.38440599806347,192.33737990563853,48.27693356752891,47.800260256829205,47.797296839711095
2026-03-26,652.0599975585938,645.0900268554688,27.440000534057617,27.049999237060547,108.25597926458408,739.9259642877553,615.0965770259178,584.2172533621401,583.2428340916344,268.76474916063404,261.5700262274959,261.43318003271884,60.813700846764384,59.83928157625871,59.82872786945176
2026-03-27,642.5,634.0900268554688,31.049999237060547,30.63999938964844,121.93178136307455,1367.5802098490465,620.4990346342926,562.3483074474153,558.9819117426316,421.5352809395133,404.00524702127365,403.32584315637695,122.84594983090794,119.47955412612427,119.36582739588674
2026-03-30,640.1099853515625,631.969970703125,30.61000061035156,30.56999969482422,119.50018684205878,-243.1594521015768,591.2175957074675,529.0701491338499,525.4003299825785,383.66785994473355,366.868299176358,366.2563676922751,131.6780074961588,128.0081883448873,127.91804962006836
2026-03-31,638.9400024414062,650.3400268554688,25.25,24.18000030517578,98.70940383071922,-2079.0783011339554,-413.81598102586815,-432.37449241042515,-432.6454917084061,163.21756097013477,160.4339348824827,160.41013546108104,34.0329606174022,33.761961319421246,33.76098314222793
2026-04-01,653.9000244140625,655.239990234375,24.540000915527344,23.61000061035156,96.00478716864666,-270.4616662072567,598.0428757520698,583.9958002112664,583.8143905693748,162.2155501725289,159.95082947331088,159.93579476689064,24.740115604600504,24.558705962708785,24.558127971455683
2026-04-02,646.4199829101562,655.8300170898438,23.8700008392334,21.709999084472656,93.21166144645287,-279.31257221937926,-85.52041652882781,-94.00802805896976,-94.0621714926157,109.08294486675621,108.05628972610616,108.05335287654614,13.237846093863523,13.183702660217614,13.183638433146795
2026-04-06,655.8599853515625,658.9299926757812,24.170000076293945,23.899999618530273,93.73298268824107,52.13212417882005,618.3414183283172,602.8612106715982,602.6384604049653,172.41870109488895,169.8079703621934,169.78832543347107,27.731124910627983,27.50837464399492,27.50755596077385
2026-04-07,656.6500244140625,659.219970703125,25.780000686645508,27.270000457763672,99.73623562432897,600.3252936087904,825.9576735394982,788.6559941006267,787.3064292744493,282.4903883564889,275.36493966483795,275.2196448239881,74.7910233179849,73.44145849180755,73.4285272611004
2026-04-08,676.3900146484375,676.010009765625,21.040000915527344,19.15999984741211,83.83928318192187,-1589.6952442407098,394.54210623590086,391.3670628789946,391.358991989044,63.20101652311205,62.97777991516676,62.977639553050004,2.4743036912406913,2.4662328012900927,2.466231365505436
2026-04-09,674.8400268554688,679.9099731445312,19.489999771118164,16.809999465942383,78.65628151276093,-518.3001669160944,244.8610938199496,243.76123804544838,243.76092149652553,29.21787347843223,29.190120689251096,29.190117185028022,-1.6993387700662481,-1.6996553189890804,-1.6996553303766766
2026-04-10,681.3200073242188,679.4600219726562,19.229999542236328,16.360000610351562,77.36394415351134,-129.23373592495864,265.9549503434781,265.2388278191781,265.23857854585134,25.41566293356876,25.40054467712043,25.40054339743162,-2.4670071217702825,-2.4672563950970017,-2.467256398313495
2026-04-13,677.4099731445312,686.0999755859375,19.1200008392334,17.329999923706055,78.21802086432157,85.4076710810233,-113.85041830586559,-115.09836770773843,-115.09938932133637,35.79407584641998,35.756830412435264,35.75682230864497,-1.4010362546251276,-1.4020578682230824,-1.402057901834632
2026-04-14,687.6900024414062,694.4600219726562,18.36000061035156,16.700000762939453,78.12586914675884,-9.215171756272866,253.82919874651483,252.81157220017965,252.81122471480714,31.384315262092258,31.356981821387713,31.356979647388847,-1.8637044299775858,-1.8640519153501254,-1.8640519224282444
2026-04-15,695.260009765625,699.9400024414062,18.170000076293945,16.010000228881836,79.46611992182571,134.02507750668633,232.13309114278098,231.55838411890392,231.55827024085087,20.524156571369588,20.512146403795256,20.512145856607752,-2.7502443147736626,-2.750358192826747,-2.750358193931087
2026-04-16,701.0599975585938,701.6599731445312,17.940000534057617,15.460000038146973,79.23082706300849,-23.529285881721762,213.58572105566523,213.1755729711069,213.17552339060924,16.473197060396835,16.466304401571833,16.466304241416147,-3.0795550886784824,-3.0796046691761187,-3.0796046694134462
2026-04-17,706.1400146484375,710.1400146484375,17.479999542236328,14.8100004196167,81.55039541885083,231.95683558423354,191.50023307584271,191.233111571306,191.2330931914948,12.186896977290386,12.183412484230002,12.1834124670803,-3.3657018514517416,-3.365720231262967,-3.365720231276689
2026-04-20,708.780029296875,708.719970703125,18.8700008392334,17.790000915527344,84.81873609269712,326.83406738462963,328.49576535765397,326.46742210712426,326.4657626692731,46.03147637728468,45.95899794728419,45.95897681132864,0.16166527312345735,0.1600058352722593,0.16000568243603386
2026-04-21,710.280029296875,704.0800170898438,19.5,18.68000030517578,84.62184870310412,-19.688738959300167,375.811402068245,373.13277207770665,373.12853931482914,61.80281244322469,61.66024002581762,61.660167538278394,1.4699605127766624,1.465727749899167,1.4657270022282916
2026-04-22,709.1500244140625,711.2100219726562,18.920000076293945,17.290000915527344,85.79564093553321,117.37922324290935,304.93067141359535,303.35160544024535,303.35087972736795,39.169956547083565,39.12743747036734,39.12743098795992,-0.7396908186353026,-0.7404165315126914,-0.7404165635233979
2026-04-23,709.5,708.4500122070312,19.309999465942383,18.040000915527344,85.54893457740866,-24.670635812455544,304.556805077368,302.62587929435296,302.6237826426725,42.552611313976875,42.46612852449261,42.46610001264761,-0.031857803982418,-0.033954455662934535,-0.033954680642190205
2026-04-24,710.75,713.9400024414062,18.709999084472656,16.709999084472656,86.11010203704532,56.1167459636664,278.6671534838328,277.7416956374166,277.7412826626441,31.800982994166844,31.77329347353495,31.773290298699827,-2.047845365798949,-2.0482583405714894,-2.048258346255169
2026-04-27,713.1699829101562,715.1699829101562,18.020000457763672,16.690000534057617,84.04805786709781,-206.20441699475123,280.74639732437566,279.835241460442,279.8348863688398,32.52590030728339,32.49992381073402,32.49992157665749,-2.0766229713180016,-2.0769780629201486,-2.0769780715895196
2026-04-28,711.8200073242188,711.6900024414062,17.829999923706055,16.690000534057617,81.43938724336329,-260.86706237345254,278.8116105118582,277.8748938016961,277.87446499449084,31.86432847957947,31.83599644100346,31.83599473912114,-2.0252801398532956,-2.0257089470585563,-2.025708953127455
2026-04-29,711.0,711.5800170898438,18.809999465942383,17.610000610351562,84.2537180054835,281.4330762120221,322.34371823035326,320.42951541639565,320.42855887599984,44.26525130047877,44.1857079522813,44.1856974717863,-0.06872455584190629,-0.06968109623771035,-0.06968116125573953
2026-04-30,714.6300048828125,718.6599731445312,16.889999389648438,14.369999885559082,82.13966305463796,-211.40549508455422,154.41303581977127,154.2547739057449,154.25476704029248,7.479069918365411,7.47740362341241,7.477403618802972,-3.5834555755819615,-3.5834624410343925,-3.583462441037069
2026-05-01,721.25,720.6500244140625,16.989999771118164,14.149999618530272,83.42996899813917,129.03059435012096,177.6370499542437,177.4977355934243,177.49773164014175,6.837525442904882,6.836466222711115,6.836466220425811,-3.6213594185100653,-3.6213633717926115,-3.621363371793781
2026-05-04,720.0700073242188,718.010009765625,18.290000915527344,16.600000381469727,85.08920954984904,165.92405517098712,283.57940488758146,282.8034165805394,282.8030937940098,33.29311408478768,33.27068279014217,33.27068038423298,-2.347054997734229,-2.3473777842638635,-2.3473777937948137
2026-05-05,721.77001953125,723.77001953125,17.3799991607666,14.640000343322754,85.69508506153443,60.58755116853831,197.35978313768047,197.12355745497865,197.1235484099481,10.23553577480304,10.233586800040486,10.233586783078655,-3.42752149945808,-3.4275305444886053,-3.427530544504173
2026-05-06,728.1599731445312,733.8300170898438,17.389999389648438,14.760000228881836,92.03128778212941,633.6202720594983,208.35063163596521,208.13127640490504,208.1312667113249,11.739486795526078,11.736390099409885,11.736390079635742,-3.4612604570766727,-3.461270150656813,-3.4612701506776724
2026-05-07,735.0499877929688,731.5800170898438,17.079999923706055,14.5600004196167,89.58419736256766,-244.70904195617464,205.33678454974518,205.1325795707012,205.13257274393015,8.477232731898836,8.474496316755442,8.474496301841377,-3.4915695615833826,-3.491576388354471,-3.4915763883596154
2026-05-08,734.9299926757812,737.6199951171875,17.190000534057617,14.210000038146973,93.8253274055556,424.1130042987933,190.11106147620427,189.96630200038942,189.96629913012168,6.355175669257553,6.353608728996894,6.353608724424978,-3.6104724375577844,-3.610475307825493,-3.6104753078285894
2026-05-11,736.4500122070312,739.2999877929688,18.3799991607666,16.889999389648438,97.28345275895735,345.8125353401755,280.2901766398718,279.34061428776533,279.34002506806485,35.58407421856184,35.551288896763275,35.5512860770185,-1.9991075942495216,-1.999696813950036,-1.9996968280953609
2026-05-12,736.8900146484375,738.1799926757812,17.989999771118164,16.34000015258789,95.4097380170267,-187.37147419306552,289.14881879532436,288.31924476011494,288.31905824407613,23.523265045157515,23.50242794465897,23.502426652593684,-2.240292367323894,-2.2404788833627287,-2.240478888076307
2026-05-13,738.469970703125,742.3099975585938,17.8700008392334,15.869999885559082,97.85903139729986,244.92933802731613,235.38398412810628,234.89819756570083,234.8980648834955,23.792962530369316,23.781379725175917,23.78137937914736,-2.9280288257634113,-2.928161507968781,-2.9281615089053212
2026-05-14,743.6500244140625,748.1699829101562,17.260000228881836,15.140000343322754,100.7174436306541,285.8412233354244,208.55932279396947,208.25515231015484,208.2551294336598,13.751435862188531,13.745784261597015,13.745784178306243,-3.2915904027150393,-3.2916132792101207,-3.291613279266933
2026-05-15,741.7899780273438,739.1699829101562,18.43000030517578,16.3700008392334,96.59687755127047,-412.0566079383636,262.6990937999114,261.7936928952164,261.79346894731503,24.98560595637076,24.96217403274578,24.962172514469955,-2.088526338493504,-2.0887502863948506,-2.088750289198977
2026-05-18,739.8300170898438,738.6500244140625,17.81999969482422,16.860000610351562,94.29651319891212,-230.03643523583435,284.00886626969424,282.8037594967831,282.8033150192606,30.121169268838933,30.084097113302462,30.084093266921585,-1.4884529923148277,-1.4888974698373096,-1.4888974796023806
2026-05-19,734.780029296875,733.72998046875,18.059999465942383,16.639999389648438,91.30770726078003,-298.88059381320886,267.9246929713033,266.95011767043184,266.94985103217334,32.22991060756435,32.20361523342788,32.20361316373401,-1.950049457697117,-1.9503160959556491,-1.9503161045504518
2026-05-20,735.7100219726562,741.25,17.440000534057617,15.140000343322754,94.9756988127629,366.79915519828654,201.94846809826302,201.61696669319895,201.61692994400983,16.28991059053513,16.285244283323564,16.285244222117427,-3.2368869420350106,-3.236923691224134,-3.23692369131395
2026-05-21,738.6400146484375,742.719970703125,16.760000228881836,14.079999923706056,94.4998165644208,-47.58822483421028,161.17705685618893,161.07187829800444,161.07187616228816,8.594125402726208,8.593056168204566,8.593056165430971,-3.689636476477043,-3.6896386121932885,-3.689638612195031
2026-05-22,746.239990234375,745.6400146484375,16.700000762939453,14.06999969482422,96.44593507336376,194.6118508942959,166.08067708588362,165.965858919591,165.9658569230636,6.96725386757285,6.966293150550863,6.966293147701888,-3.670357677826684,-3.670359674354105,-3.6703596743560465
2026-05-26,750.010009765625,750.5900268554688,17.010000228881836,14.84000015258789,100.24635403289093,380.0418959527178,201.54201833019943,201.28982409676303,201.28981196704717,12.454557509756734,12.451429143003983,12.451429112946657,-3.3955751439318007,-3.395587273647655,-3.3955872736635886
2026-05-27,750.8800048828125,750.4600219726562,16.290000915527344,13.270000457763672,98.76476520956929,-148.1588823321644,140.18609096762805,140.1267570870447,140.12675659918037,3.167004198547928,3.166764873701492,3.1667648735454943,-3.781330775240128,-3.78133126310448,-3.7813312631045255
2026-05-28,750.25,754.5999755859375,15.739999771118164,12.979999542236328,101.17857138181951,241.38061722502187,127.68515816433242,127.6483848952652,127.64838476782799,2.090403171200828,2.0902460475655475,2.0902460474960503,-3.8264530795539056,-3.82645320699113,-3.8264532069911343
2026-05-29,755.9000244140625,756.47998046875,15.31999969482422,12.59000015258789,102.06113944711075,88.25680652912382,118.94638642965035,118.92832091636701,118.92832088272641,0.8955317561107927,0.8954597252511167,0.8954597252378047,-3.863868872511501,-3.863868906152105,-3.8638689061521054
2026-06-01,755.3599853515625,758.5399780273438,16.049999237060547,13.760000228881836,104.39742062965124,233.6281182540489,160.39573577663563,160.29554070705916,160.29553921000763,6.280177426700165,6.279720751886705,6.279720751143328,-3.6996053696913727,-3.699606866742895,-3.6996068667432738
2026-06-02,757.030029296875,759.5700073242188,15.770000457763672,13.1899995803833,104.77898965045313,38.15690208018907,117.93393686182651,117.89293500123695,117.89293475236934,3.333496434170944,3.333229907791373,3.3332299075911873,-3.8179955322180055,-3.817995781085635,-3.8179957810856533
2026-06-03,758.1500244140625,754.239990234375,16.059999465942383,13.40999984741211,100.51595569056327,-426.3033959889853,148.9838982253915,148.92827414020326,148.92827361063772,4.521820505680088,4.521385009113766,4.521385008911031,-3.7887502409267433,-3.7887507704922676,-3.788750770492338
2026-06-04,752.0999755859375,757.0900268554688,15.399999618530272,12.649999618530272,101.91785246864302,140.18967780797453,117.53122731473327,117.50633338823376,117.5063333487104,0.940577563503938,0.9404990461222216,0.9404990461056837,-3.8502120284308936,-3.8502120679542386,-3.850212067954239
2026-06-05,752.3099975585938,737.5499877929688,21.510000228881836,23.920000076293945,98.67378568945009,-324.40667791929343,-782.6006554405188,-802.4030616656445,-802.6928087161957,196.34277131661807,193.4011908678148,193.37861334173343,36.57724096376017,36.28749391320885,36.28643262446483
2026-06-08,743.3599853515625,739.219970703125,18.920000076293945,19.690000534057617,93.26257857633541,-541.1207113114671,433.6117941203753,429.1571169241731,429.1464160557382,77.70908499100962,77.35878120029004,77.35846903961698,5.041474194069124,5.030773325634307,5.030767593842345
2026-06-09,743.6300048828125,737.0499877929688,19.8700008392334,22.13999938964844,93.64954963037643,38.69710540410125,577.482025881342,566.3949212627671,566.3112762335687,134.93578765044248,133.5372606296565,133.53237919275813,18.525553603896256,18.44190857469797,18.441772194405438
2026-06-10,733.3900146484375,725.4299926757812,22.219999313354492,25.670000076293945,92.0626697686898,-158.68798616866258,670.8042097067024,641.7042743491787,640.9976768658495,255.22392598916255,250.29847712021495,250.22869397401683,56.432868406691796,55.726270923362556,55.72188307224806
2026-06-11,728.760009765625,737.760009765625,19.440000534057617,20.65999984741211,92.773207031101,71.05372624111936,115.04337515094228,108.49660176419974,108.46620951845672,101.4071760855996,100.80911132787176,100.80793191414828,9.284780123471304,9.254387877728327,9.254369010321934
2026-06-12,740.7100219726562,741.75,17.68000030517578,17.260000228881836,91.89331801255403,-87.98890185469617,303.55045881585113,302.25675596971024,302.25597918269506,35.43105652505677,35.37746290026131,35.37745498106054,-1.3102638686681751,-1.311040655683359,-1.3110406816846383
2026-06-15,751.8499755859375,754.8300170898438,16.200000762939453,15.579999923706056,99.5293605876202,763.604257506617,236.4395297729957,235.93371955925508,235.93364176578078,19.088334102443888,19.080008787089554,19.080008579899435,-2.8881461905806303,-2.888223984054915,-2.8882239845599758
2026-06-16,754.5499877929688,750.3300170898438,16.40999984741211,15.770000457763672,95.90966861812595,-361.9691969494255,246.48823094026287,245.90406298474,245.90395998543886,17.429909070242054,17.421208190591138,17.421207903519957,-2.7313550885371525,-2.731458087838278,-2.731458088676194
2026-06-17,751.2899780273438,740.9600219726562,18.440000534057617,18.6299991607666,91.83834196485044,-407.13266532755057,-221.31050763700006,-224.32572012539177,-224.3300868489054,61.16846347297906,61.0036437541308,61.00355815042257,2.1435271335890613,2.1391604100754495,2.1391597480002424
2026-06-18,747.760009765625,746.739990234375,16.399999618530273,13.93000030517578,92.65976528730833,82.14233224578891,162.53265875072915,162.42257750909238,162.42257540618198,6.126989936543124,6.126308792301506,6.126308791032789,-3.679831207993107,-3.6798333109035237,-3.6798333109042205
2026-06-22,747.7000122070312,744.3900146484375,17.280000686645508,16.290000915527344,91.5120495242835,-114.77157630248342,264.44876854820575,263.6767661031425,263.67656271572565,25.5322557283844,25.515494329847982,25.515493518431178,-2.3553849389274513,-2.355588326344324,-2.3555883292428135
2026-06-23,733.8099975585938,733.5800170898438,19.489999771118164,19.469999313354492,87.56529313140213,-394.6756392881369,409.45145409851324,405.1613642079256,405.1528485719898,78.58543857014816,78.31586511967582,78.31564654657282,4.705737054113502,4.697221418177735,4.697217963269493
2026-06-24,735.1699829101562,733.239990234375,18.6299991607666,18.06999969482422,85.36350324923472,-220.17898821674038,337.3045101710672,335.0185564731268,335.01645431698114,45.233884436770744,45.14380376259822,45.143769389031576,0.6782143906164828,0.6761122344708204,0.6761120590409995
2026-06-25,738.9099731445312,734.2999877929688,18.88999938964844,17.920000076293945,86.41527136140503,105.17681121703077,372.4615371946709,370.2779633251433,370.27614890315215,44.11009832266997,44.01474830127792,44.0147206461748,0.47259137839708654,0.47077695640599426,0.47077683195182196
2026-06-26,728.9500122070312,728.989990234375,18.40999984741211,16.799999237060547,81.61323480086402,-480.2036560541012,302.93954442729546,301.94012803836205,301.93957180529424,26.588994605177696,26.555962966261696,26.555960554905894,-1.8994984903137255,-1.900054723381521,-1.9000547342535146
2026-06-29,736.530029296875,741.0,17.649999618530273,15.510000228881836,88.2839399423836,667.0705141519577,217.82777882599837,217.46879628279584,217.46872803161042,19.707067355969862,19.699807421164643,19.69980728491806,-3.1818301592000227,-3.1818984103854344,-3.181898410664993
2026-06-30,741.2899780273438,746.77001953125,16.450000762939453,13.729999542236328,90.92543112423564,264.14911818520466,149.30490037889234,149.2316866268583,149.2316851027927,4.699385492882499,4.698805585807509,4.698805585088342,-3.753567923734211,-3.753569447799823,-3.7535694478001282
2026-07-01,745.0,745.760009765625,16.59000015258789,13.140000343322754,90.12923430962893,-79.61968146067164,154.15528382642526,154.0980793563717,154.0980790518249,2.233125529445746,2.232965904800201,2.232965904729559,-3.785590146252484,-3.785590450799262,-3.785590450799278
2026-07-02,747.4000244140625,744.780029296875,16.149999618530273,12.369999885559082,88.58160271518263,-154.7631594446301,105.02209917028196,105.00645528465023,105.00645526753814,0.0006393926381331738,0.000588835320175729,0.0005888353154102077,-3.8687121774002757,-3.8687121945123577,-3.8687121945123577
2026-07-06,748.739990234375,751.280029296875,15.56999969482422,12.31999969482422,92.86346495642556,428.18622412429335,104.93658391130741,104.92022457827622,104.92022455705282,-0.2832981091606701,-0.2833262284617608,-0.28332622846359534,-3.8672812702674344,-3.867281291490829,-3.8672812914908294
2026-07-07,750.219970703125,747.7100219726562,16.1299991607666,13.420000076293944,90.26292486981474,-260.05400866108204,143.8561147685174,143.7942791156942,143.79427867208838,3.9391144204255895,3.93875865431958,3.938758653947408,-3.7763273635359833,-3.7763278071418216,-3.776327807141863
2026-07-08,743.1599731445312,745.4000244140625,16.899999618530273,14.40999984741211,89.1397793499996,-112.31455198151394,177.56293469881808,177.3538047923104,177.35379739629755,8.60753913849891,8.60609372502362,8.606093718103272,-3.4817179989288354,-3.4817253949416855,-3.4817253949474294
2026-07-09,747.3499755859375,751.7100219726562,15.84000015258789,12.5,93.10531626603998,396.5536916040378,109.29262848562709,109.27403327393466,109.27403324845258,0.3446037695849027,0.3445484500553393,0.3445484500471583,-3.8628095001688774,-3.8628095256509614,-3.862809525650962
2026-07-10,752.0499877929688,754.9500122070312,15.029999732971191,11.149999618530272,95.11994891493477,201.46326488947892,70.83018400235889,70.82854457022732,70.82854457011805,-2.466207180204895,-2.466208825330554,-2.4662088253305594,-3.896721135409063,-3.8967211355183387,-3.8967211355183387
2026-07-13,752.469970703125,749.1699829101562,17.15999984741211,15.443999862670898,91.79132095737043,-332.8627957564336,229.46310299748305,229.02377712743208,229.0237251982569,14.236624225098764,14.231219355126294,14.231219245635417,-3.0211924716456386,-3.0212444008208332,-3.0212444010630914
