Date,Open,Close,vix,vix9d,straddle_mark,straddle_pnl,ratio_m1_f2,ratio_m1_f4,ratio_m1_f6,ratio_m2_f2,ratio_m2_f4,ratio_m2_f6,ratio_m3_f2,ratio_m3_f4,ratio_m3_f6
2016-01-04,200.4900054931641,201.02000427246097,20.700000762939453,21.93000030517578,33.174077085392895,-2.6,250.04492923745977,241.3615400565767,241.32799308829394,13.567455438516626,13.536874748081255,13.533908470233898,13.567455438516626,13.533908470233898,13.533896413335354
2016-01-05,201.3999938964844,201.36000061035156,19.34000015258789,19.3700008392334,31.151593166473873,-202.2483918919022,106.08759890634595,97.47807111240971,97.45743315615705,13.673271858072154,13.360376507528889,13.360335599639702,13.380975605435422,13.360337649182776,13.360335599639702
2016-01-06,198.33999633789065,198.82000732421875,20.59000015258789,20.600000381469727,32.407217368997365,125.56242025234923,209.91661806321093,208.57361105960481,208.55569765303372,30.819486250205813,30.773213897441906,30.77253078780172,-1.1602327411241222,-1.1781461476952488,-1.1781504802758045
2016-01-07,195.3300018310547,194.0500030517578,24.989999771118164,26.190000534057617,38.27977373791151,587.2556368914147,177.43492322536108,160.2606043647219,160.05545652742626,86.16087723392978,83.79976818412298,83.78852990241258,31.06908889647839,30.86394105918275,30.86228262109556
2016-01-08,195.19000244140625,191.9199981689453,27.010000228881836,27.979999542236328,41.04504025016848,276.52665122569715,91.47105046844783,69.1830062255584,68.7891557495719,-6.405807923534365,-10.064476109451567,-10.092344363873526,41.877117417209746,41.483266941223256,41.47682815120651
2016-01-11,193.0099945068359,192.11000061035156,24.299999237060547,24.209999084472656,36.81874344836004,-422.6296801808445,135.31840192407662,131.24097015734952,131.1626913561812,59.88165162530743,58.63786889273371,58.6271275787413,4.490281699996068,4.4120028988277635,4.4118098620102195
2016-01-12,193.82000732421875,193.66000366210935,22.469999313354492,22.299999237060547,34.16559406949318,-265.3149378866857,227.85312106778696,225.8964425393378,225.79349656705602,38.35973438367141,38.25941853851495,38.2567512266047,0.3223074139900044,0.2193614417081733,0.2193239699528693
2016-01-13,194.4499969482422,188.8300018310547,25.219999313354492,25.56999969482422,37.8811843789058,371.5590309412619,-575.0882403483762,-581.4936667337271,-581.6181573605189,-158.48682435217827,-160.29317219453674,-160.3415997052815,9.290727374988203,9.166236748196294,9.164103918169756
2016-01-14,189.5500030517578,191.92999267578125,23.950000762939453,24.6299991607666,36.12964659028482,-175.1537788620979,140.13623202912837,128.96757193815458,128.91624104505493,62.232764132800476,61.197738172388334,61.17543478778479,18.595427345454922,18.54409645235527,18.542725129484936
2016-01-15,186.77000427246097,187.80999755859375,27.020000457763672,29.600000381469727,40.406121934467194,427.6475344182373,292.06810451918903,282.6947705420946,281.10226235418736,104.41912004107908,100.30231442433464,100.14071661941452,19.659088649714,18.066580461806687,18.05553750737723
2016-01-19,189.9600067138672,188.05999755859375,26.049999237060547,30.43000030517578,38.7796677371302,-162.64541973369973,237.3746258503734,209.70628418806157,209.0877500862771,58.082103668490795,52.854525444530935,52.79807090833634,53.4730595463154,52.854525444530935,52.79444455474733
2016-01-20,185.02999877929688,185.6499938964844,27.59000015258789,32.849998474121094,40.93879781604191,215.91300789117156,267.4433424767004,234.0688782565589,233.07691857864296,240.27095350206406,234.0688782565589,232.9643335133477,66.19246148724146,65.20050180932554,65.07856871859134
2016-01-21,186.2100067138672,186.69000244140625,26.690000534057617,29.989999771118164,39.58566457406047,-135.3133241981439,353.2486257003388,344.0609821963319,342.5840887540376,110.04077928423217,99.50589970698982,99.37624233793105,18.932460995124373,17.45556755283014,17.447137108864474
2016-01-22,189.77999877929688,190.52000427246097,22.34000015258789,22.59000015258789,33.2600383271823,-632.5626246878173,107.14573055844654,100.32922049791544,100.31542190174213,50.37376842898173,49.9351546086859,49.9271147823712,9.775064061386981,9.761265465213674,9.761049423138385
2016-01-25,189.9199981689453,187.63999938964844,24.149999618530273,26.040000915527344,35.70188088057242,244.1842553390117,159.66550996192726,145.4527003111227,145.34274947350127,85.43100069186072,83.76957061082238,83.76494890816078,24.869708483034692,24.759757645413266,24.755014225266173
2016-01-26,188.4199981689453,190.1999969482422,22.5,24.25,33.30094442303789,-240.09364575345273,213.7379565641333,210.81209736980009,210.61830827418066,50.58817415492533,49.199657683038346,49.19350592255869,2.533406420234747,2.3396173246152943,2.339511488577564
2016-01-27,189.5800018310547,188.1300048828125,23.11000061035156,24.510000228881836,34.10019258954773,79.9248166509841,137.79846337439864,126.95912317772101,126.91147773746175,61.803563877157934,60.82004903832745,60.79849584594347,17.925340394442657,17.87769495418341,17.876453877245005
2016-01-28,189.9600067138672,189.11000061035156,22.420000076293945,23.399999618530273,33.06178760715201,-103.84049823957184,118.4091465497676,110.13381979141977,110.10824644609744,13.347568442356186,12.70351341899295,12.702949483414363,12.729086764315285,12.70351341899295,12.702942401225423
2016-01-29,190.02000427246097,193.72000122070312,20.200000762939453,19.3700008392334,30.017415969457147,-304.4371637694866,-178.81122629793066,-181.39485649619232,-181.3957959400387,1.348137982276393,1.2691533881155488,1.2691486971070134,1.2700928319619473,1.2691533881155488,1.2691486868255915
2016-02-01,192.52999877929688,193.6499938964844,19.979999542236328,19.68000030517578,29.557706122650927,-45.970984680621996,71.97632810025239,68.8182816535888,68.81658430684075,2.5338451008731946,2.4195210232156654,2.4195099112154415,2.4212183699637126,2.4195210232156654,2.4195098777978004
2016-02-02,191.9600067138672,190.16000366210935,21.979999542236328,22.190000534057617,32.22389686653841,266.61907438874834,105.34446222565977,102.86711462391477,102.85356815019283,42.613812342383,42.15687083244475,42.15232270087627,1.0955595138186869,1.0820130400967223,1.0819380806291683
2016-02-03,191.41000366210935,191.3000030517578,21.649999618530273,22.350000381469727,31.74699941084448,-47.68974556939298,224.37131025453598,222.52152985283962,222.42666417604897,37.611117929808074,36.88473409124501,36.88232673626005,0.08425677350804861,-0.010608903282579796,-0.010641634760539809
2016-02-04,190.7100067138672,191.6000061035156,21.84000015258789,21.75,31.99587230882051,24.88728979760282,218.96770725398764,217.3654348537476,217.34646240541952,34.72860876445159,34.21841455471156,34.21742315201291,-0.6385173087509726,-0.657489757079059,-0.6574965889681854
2016-02-05,190.9900054931641,187.9499969482422,23.3799991607666,22.959999084472656,34.07578733084202,207.99150220215097,-174.84218836682624,-177.01122161373237,-177.1274667160314,42.174293042529406,41.108839554218804,41.10592259141878,0.7869154473920918,0.6706703450930656,0.6706327433891177
2016-02-08,185.77000427246097,185.4199981689453,26.0,26.399999618530273,37.6895044575875,361.37171267454846,289.38533436713453,284.6544300891222,284.21369384663626,68.04523893984432,65.92277307610476,65.90213549856915,6.8856938080592425,6.444957565573329,6.44440771894819
2016-02-09,183.36000061035156,185.42999267578125,26.540000915527344,26.84000015258789,38.39658952676541,70.70850691779071,203.16273472330747,198.42451217790278,197.9882531862018,68.17971971996555,65.87429307714322,65.85284487492756,6.918961313706616,6.482702322005583,6.471466699389268
2016-02-10,186.41000366210935,185.27000427246097,26.290000915527344,25.530000686645508,37.998843832533,-39.774569423241246,270.36785861328934,266.53725078706424,266.20570605983966,58.924609487003806,57.20068773040729,57.185094278579726,4.757199826278866,4.425655099054259,4.42521322078772
2016-02-11,182.33999633789065,182.86000061035156,28.13999938964844,27.36000061035156,40.61944612034047,262.0602287807472,163.76837180676645,148.93095307316716,148.80985566379223,85.35795650117969,83.69833725011387,83.57200081121721,26.154282608416445,26.03318519904151,26.027803528286753
2016-02-12,184.9600067138672,186.6300048828125,25.399999618530273,22.709999084472656,36.616379202831524,-400.3066917508946,99.99709378750833,93.98670151014929,93.97622391941974,94.34021527352783,93.98670151014929,93.97606859250881,8.1526870392997,8.142209448570142,8.142052883241988
2016-02-16,188.77000427246097,189.77999877929688,24.11000061035156,21.809999465942383,34.611864140599536,-200.4515062231988,208.56581861175854,207.23023246692637,207.1772811645183,30.58097184193695,30.528984065874766,30.528011463339148,-1.0699464383878978,-1.1228977407959766,-1.122906816985696
2016-02-17,191.16000366210935,192.8800048828125,22.309999465942383,20.270000457763672,32.15730801684455,-245.45561237549833,110.57310683562217,109.78158761276086,109.76071129621025,22.482025084114113,22.461375150233557,22.46114762906204,-2.2543291806915793,-2.2752054972421774,-2.2752066357436553
2016-02-18,193.1999969482422,192.08999633789065,21.63999938964844,19.530000686645508,31.09456561570923,-106.27424011353241,103.60465399371722,102.8717490134993,102.86767592099535,22.01634256778376,21.819986032323854,21.819871286519913,-2.4219698781701444,-2.4260429706741,-2.4260432650662946
2016-02-19,191.1699981689453,192.0,20.530000686645508,18.219999313354492,29.457099130246846,-163.7466485462383,151.97513364088204,151.6936447991937,151.6901842956688,11.821374912134777,11.817929029685645,11.817914384634863,-3.3266407340757986,-3.330101237600712,-3.3301012615757175
2016-02-22,193.8699951171875,194.77999877929688,19.3799991607666,18.38999938964844,27.900984201512827,-155.61149287340186,159.62899408350137,159.25085083064366,159.2447181051095,14.069379202753678,14.063284190696193,14.063246383267257,-3.1253150355415733,-3.1314477610756994,-3.1314478551222287
2016-02-23,194.0,192.32000732421875,20.979999542236328,20.690000534057617,29.93796249378869,203.69782922758617,165.1506353565425,163.98636180750165,163.94297681971292,27.915229302165805,27.872587424931908,27.871837962517226,-1.4412788025220369,-1.4846637903107909,-1.4846701687898078
2016-02-24,190.6300048828125,193.1999969482422,20.719999313354492,20.719999313354492,29.581948533420245,-35.601396036844335,-52.125599177827105,-53.260026016999404,-53.26795374999379,28.47795289759275,28.184668066054435,28.184306177025512,-1.607358667209522,-1.6152864002039071,-1.6152878836522833
2016-02-25,193.72999572753903,195.5399932861328,19.11000061035156,17.790000915527344,27.472943007270715,-210.90055261495309,40.716192481493756,40.46244923662676,40.45950187809921,10.982566049383347,10.9796304503313,10.97961867301223,-3.3836713811211565,-3.3866187396487053,-3.386618757492275
2016-02-26,196.57000732421875,195.08999633789065,19.809999465942383,18.559999465942383,28.37418280272641,90.12397954556945,169.84518148078337,169.30499085561698,169.30363784796776,17.228793483823125,17.217593254176784,17.217496384327667,-2.8155586959236087,-2.8169117035728353,-2.816912047170554
2016-02-29,195.11000061035156,193.55999755859375,20.549999237060547,20.36000061035156,29.141742377093166,76.75595743667571,84.41219497398863,80.06213621177336,80.05766197820908,5.0160745145202466,4.809120085608434,4.809074375499323,4.813552453233431,4.80907821966915,4.809074144208175
2016-03-01,195.0099945068359,198.11000061035156,17.700000762939453,17.040000915527344,25.646145983051753,-349.55963940414136,-77.12384344262023,-78.3143020691492,-78.31439288607412,-1.5003033159629284,-1.5189006601906825,-1.5189008110688138,-1.5188098432657773,-1.5189006601906825,-1.5189008111578537
2016-03-02,197.7400054931641,199.0,17.09000015258789,15.779999732971191,24.916805240641878,-72.93407424098746,36.275119254587956,35.501327316163746,35.501299638400084,10.97303603174187,10.964371940689633,10.964371915144115,-2.352333089076768,-2.3523607668404365,-2.3523607671017097
2016-03-03,198.7899932861328,199.77999877929688,16.700000762939453,15.90999984741211,24.497422760043733,-41.9382480598145,124.88847859705214,124.79187474363627,124.79131758754332,5.3992389186395044,5.398682691172599,5.398681762067039,-3.7051208234505917,-3.7056779795435357,-3.7056779800231334
2016-03-04,200.0099945068359,200.42999267578125,16.860000610351562,15.859999656677246,24.83256557264903,33.5142812605298,229.81945979305718,229.01453040946112,229.01450325784123,-2.2900597779260874,-2.2900597779260874,-2.2900869295459785,-2.2900597779260874,-2.2900869295459785,-2.2900869295533557
2016-03-07,199.33999633789065,200.58999633789065,17.350000381469727,17.65999984741211,25.42773291958416,59.516734693512774,61.73626489499521,61.24141417458922,61.24100184575047,16.35991481402708,16.30274058018609,16.302739764808273,-2.909061010194634,-2.909473339033381,-2.9094735265256615
2016-03-08,199.32000732421875,198.3999938964844,18.670000076293945,19.170000076293945,26.761905336055747,133.41724164715885,79.70629854199758,78.72014710527093,78.71787560523474,24.7996412007855,24.640590838066842,24.640579832585388,-1.9208744639058635,-1.9231459639420425,-1.923148684773118
2016-03-09,199.36000061035156,199.3800048828125,18.34000015258789,18.790000915527344,26.447868198848155,-31.403713720759185,74.24010661933363,73.37300824974008,73.37153684010717,22.971913205100698,22.85037975188729,22.85037394018596,-2.161384238502993,-2.1628556481359005,-2.162857245935171
2016-03-10,199.9600067138672,199.5399932861328,18.049999237060547,17.65999984741211,26.033724911680935,-41.41432871672208,56.25840170798126,54.35653127523432,54.35617229420441,-0.05139150190404518,-0.09554007183968061,-0.09554116836904303,-0.09518218733914319,-0.09554116836904303,-0.0955411697274462
2016-03-11,201.2599945068359,202.7599945068359,16.5,15.199999809265137,24.678650838879037,-135.5074072801898,59.96195290140561,57.82502007700227,57.82482147300883,0.3971230744449201,0.3742628813474962,0.37426285704252393,0.3744614610359642,0.37426285704252393,0.37426285695953165
2016-03-14,202.16000366210935,202.5,16.920000076293945,15.989999771118164,25.045801182499062,36.71503436200254,40.98335808614605,40.97539913137463,40.97124214879556,40.98335808614605,40.97124214879556,40.97124212102813,-3.8716110594176727,-3.875768041996742,-3.8757680697641703
2016-03-15,201.36000061035156,202.1699981689453,16.84000015258789,16.459999084472656,24.800742718782132,-24.505846371692996,70.01161364501282,66.22387660678527,66.22258164147755,3.732188775835695,3.6780643549241514,3.67806402111124,3.679358986418954,3.67806402111124,3.678064016431004
2016-03-16,201.6000061035156,203.33999633789065,14.989999771118164,14.06999969482422,22.63450976266074,-216.6232956121391,35.06867769340665,35.06532939588056,35.065247334415034,35.06867769340665,35.065247334666644,35.06524733440963,-3.8930572205350353,-3.8931392820005604,-3.8931392820059685
2016-03-17,203.2400054931641,204.6300048828125,14.4399995803833,13.050000190734863,22.331461720129226,-30.304804253151474,25.53672887826984,25.535286674726038,25.535280130951378,25.53672887826984,25.535280130951378,25.535280130843645,-3.8970959612652183,-3.897102505039876,-3.8971025051476134
2016-03-18,204.1699981689453,204.3800048828125,14.020000457763672,12.470000267028809,21.65675160868706,-67.47101114421667,60.6485415468423,60.441410912743656,60.441410856937416,-3.4783759140153157,-3.4857386195407827,-3.485738620190205,-3.4857385643839636,-3.485738620190205,-3.485738620190205
2016-03-21,204.07000732421875,204.6699981689453,13.789999961853027,12.770000457763672,21.361310291741198,-29.544131694586184,57.59849576962484,57.28803477592959,57.288034585126915,-3.2708139773664047,-3.279077629750929,-3.2790776310041623,-3.2790774402014877,-3.2790776310041623,-3.2790776310041623
2016-03-22,203.7599945068359,204.55999755859375,14.170000076293944,13.140000343322754,21.767812570356746,40.65022786155481,45.33192407818144,44.65684899085949,44.65684754505383,-2.5437996000444794,-2.5498469324699986,-2.5498469337447736,-2.549845487939116,-2.5498469337447736,-2.5498469337447736
2016-03-23,204.11000061035156,203.2100067138672,14.9399995803833,13.359999656677246,22.252731881928966,48.49193115722201,65.65911838248832,65.22667665635781,65.22667589053769,-3.01758426938705,-3.03511500600542,-3.0351150160987546,-3.0351142502786352,-3.0351150160987546,-3.0351150160987546
2016-03-24,202.0,203.1199951171875,14.739999771118164,12.350000381469728,21.922122467524787,-33.060941440417935,14.093547843606656,14.093465552683552,14.093455603886982,14.093547843606656,14.093455603886982,14.093455603886943,-3.8998055717639666,-3.8998155205605336,-3.899815520560574
2016-03-28,203.61000061035156,203.2400054931641,15.239999771118164,14.06999969482422,22.45684365927133,53.47211917465415,47.76728281276496,46.377931616738074,46.3779149135178,-1.109106002224598,-1.121264188289178,-1.1212642015055696,-1.1212474982852338,-1.1212642015055145,-1.1212642015055696
2016-03-29,202.7599945068359,205.1199951171875,13.81999969482422,12.170000076293944,21.2787106897591,-117.81329695122267,-12.433333390597268,-12.433416874041727,-12.43342134427894,-12.433333390597268,-12.43342134427894,-12.433421344279191,-3.8998196223986907,-3.899824092635905,-3.899824092636153
2016-03-30,206.3000030517578,206.02000427246097,13.5600004196167,11.869999885559082,21.292515612323065,1.3804922563963373,30.367936447137822,29.884559865061952,29.884559361309485,-2.93273880224999,-2.933245828342925,-2.933245828343328,-2.9332453245908643,-2.9332458283433276,-2.933245828343328
2016-03-31,205.91000366210935,205.52000427246097,13.949999809265137,12.25,21.52641258944103,23.389697711796487,50.94240175989326,50.6451141899621,50.645113854608475,-3.3026939678149816,-3.3054241894147434,-3.3054241894304455,-3.305423854076816,-3.3054241894304455,-3.3054241894304455
2016-04-01,204.3500061035156,206.9199981689453,13.100000381469728,10.920000076293944,21.067370379147775,-45.9042210293255,-326.5887336585018,-326.62091086193533,-326.6209108620182,-3.8356455928842563,-3.835645592965434,-3.835645592967144,-3.8356455928842563,-3.835645592967144,-3.835645592967144
2016-04-04,206.8300018310547,206.25,14.119999885559082,12.5,21.8856058959964,81.8235516848624,19.807350559661074,19.8070384210657,19.80702330009197,19.807350559661074,19.807023300092617,19.807023300091913,-3.8993303598878772,-3.899345480861609,-3.8993454808616645
2016-04-05,204.6699981689453,204.19000244140625,15.420000076293944,13.960000038146973,22.68104072847514,79.54348324787404,125.75963268985484,125.43559380307067,125.43559292668235,-3.251919597266666,-3.2519201008234893,-3.251920473655006,-3.251919597266666,-3.251920473655006,-3.251920473655009
2016-04-06,204.19000244140625,206.4199981689453,14.09000015258789,12.5600004196167,21.84423144398835,-83.68092844867903,-221.25453105619377,-221.46870268012808,-221.46870274783515,-3.4630196824961352,-3.471656615736642,-3.4716566167172473,-3.4716565490101714,-3.4716566167172473,-3.4716566167172473
2016-04-07,205.13999938964844,203.9499969482422,16.15999984741211,15.199999809265137,23.46244343391072,161.8211989922372,101.34662928161853,100.62205724601833,100.6220357395081,-2.4507914092560954,-2.4507914092560954,-2.4508129157662957,-2.4507914092560954,-2.4508129157662957,-2.4508129157705696
2016-04-08,205.33999633789065,204.5,15.359999656677246,13.59000015258789,22.589145821694345,-87.32976122163763,182.95015809427736,182.64523661853903,182.64523522031922,-3.2901528538639226,-3.2901542330418283,-3.290154252083725,-3.2901528538639226,-3.290154252083725,-3.2901542520837346
2016-04-11,205.25,204.02000427246097,16.260000228881836,15.59000015258789,23.440142312062918,85.09964903685727,125.65848410679192,124.69649858933033,124.69644531230279,-1.975869133917759,-1.97591946867445,-1.975922410945328,-1.975869133917759,-1.975922410945328,-1.9759224109708065
2016-04-12,204.22000122070312,205.9199981689453,14.850000381469728,13.710000038146973,22.32477089707846,-111.53714149844589,-107.9245997531983,-108.38177819117479,-108.38177943753857,-2.95409840153396,-2.98564058949574,-2.9856406313194546,-2.9856393849556997,-2.9856406313194546,-2.9856406313194555
2016-04-13,207.0,208.0,13.84000015258789,12.449999809265137,21.99261984518111,-33.21510518973483,16.668892839578383,16.668718607594144,16.668695101409384,16.668892839578383,16.668695101409384,16.668695101409064,-3.8995810174762733,-3.899604523661033,-3.899604523661358
2016-04-14,208.07000732421875,208.0099945068359,13.720000267028809,12.31999969482422,21.82080901299208,-17.181083218903126,18.70794749032585,18.707475540142248,18.707471061006736,18.70794749032585,18.707471061015532,18.707471061006736,-3.8990426622262513,-3.899047141361764,-3.8990471413617644
2016-04-15,208.0099945068359,207.77999877929688,13.619999885559082,12.199999809265137,21.55777410724601,-26.30349057460677,16.81089470753082,16.810570966644967,16.81056683212742,16.81089470753082,16.8105668321313,16.81056683212742,-3.8993401146756583,-3.899344249193206,-3.899344249193206
2016-04-18,207.77999877929688,209.2400054931641,13.350000381469728,12.859999656677246,21.869631957233032,31.185784998702104,18.14469015062749,18.144151924492796,18.144151924492796,18.14469015062749,18.144151924492796,18.144151924469092,-3.8989235476594977,-3.8989235476594977,-3.8989235476831996
2016-04-19,209.7400054931641,209.8999938964844,13.239999771118164,12.859999656677246,22.064468995760933,19.483703852790057,249.95991561755793,249.7912602458099,249.791260134849,-3.562688923621318,-3.5626889754518913,-3.5626890345821973,-3.562688923621318,-3.5626890345821973,-3.5626890345821973
2016-04-20,209.9499969482422,210.1000061035156,13.279999732971191,12.800000190734863,22.178645279723916,11.41762839629834,246.41916464319942,246.2660666592052,246.26606653269945,-3.5938036524944192,-3.5938037790001234,-3.5938037790001234,-3.5938036524944192,-3.5938037790001234,-3.5938037790001234
2016-04-21,210.1199951171875,208.97000122070312,13.949999809265137,13.18000030517578,22.279430849326346,10.078556960242935,69.69091322899837,69.46209422297513,69.46209365783474,-3.442360292532399,-3.442360824380833,-3.4423608576727607,-3.442360292532399,-3.4423608576727607,-3.442360857672763
2016-04-22,208.5500030517578,208.97000122070312,13.220000267028809,11.93000030517578,21.436336742888557,-84.3094106437789,28.759261408244413,28.758274794736437,28.75827450273369,-2.7779591868998086,-2.7789460923959686,-2.778946092410535,-3.898025896975797,-3.8980261889785477,-3.8980261889785477
2016-04-25,208.2599945068359,208.61000061035156,14.079999923706056,13.619999885559082,22.088745215636777,65.24084727482204,33.25524861429578,33.25042013428852,33.250382702298744,33.25524861429578,33.25038270484663,33.25038270229858,-3.890230744015678,-3.8902681760054483,-3.8902681760056135
2016-04-26,209.0399932861328,208.9199981689453,13.960000038146973,13.5,22.068427675598677,-2.0317540038099935,66.2766134697205,65.63297580303501,65.63297293362811,-2.5886177021972867,-2.612718897515767,-2.61271892781523,-2.6127160584083473,-2.6127189278152274,-2.61271892781523
2016-04-27,208.47000122070312,209.3500061035156,13.770000457763672,12.8100004196167,22.038812078927286,-2.961559667139113,33.020703546866095,33.017825663296016,33.01782196660496,-1.7318854609804877,-1.7347670408798739,-1.734767041241629,-3.894233142786664,-3.894236839477717,-3.894236839477718
2016-04-28,208.4600067138672,207.4499969482422,15.220000267028809,14.550000190734863,22.73464280906557,69.58307301382831,48.238643923506594,48.21847630182041,48.2183681427347,1.0064083196536133,0.9861326118843161,0.9861325388781914,-3.8593402793599165,-3.859448438445629,-3.859448438449154
2016-04-29,206.72000122070312,206.3300018310547,15.699999809265137,14.789999961853027,22.794244008694704,5.960119962913524,41.250436116463376,41.241869395144334,41.241296930425996,41.250436116463376,41.241296935189915,41.241296930049536,-3.8811491620775325,-3.881721626795869,-3.8817216271723307
2016-05-02,206.9199981689453,207.97000122070312,14.68000030517578,13.770000457763672,22.176509634463848,-61.77343742308565,27.81707178181189,27.815427072706917,27.815218573729794,27.81707178181189,27.81521857381486,27.81521857370685,-3.896085084789855,-3.8962935837669677,-3.8962935837899177
2016-05-03,206.52000427246097,206.16000366210935,15.600000381469728,15.170000076293944,22.43297231709566,25.646268263181327,50.9849315778455,50.96628805978828,50.96569056994919,2.8857578103184247,2.866516828356927,2.86651680181422,-3.8609204925446052,-3.861517982383696,-3.861517982991592
2016-05-04,204.9900054931641,205.0099945068359,16.049999237060547,15.470000267028809,22.497986024710983,6.501370761532144,313.68367688121845,312.883901381241,312.8838754880344,-2.3003713204059237,-2.3003713204059237,-2.3003972136124853,-2.3003713204059237,-2.3003972136124853,-2.3003972136189734
2016-05-05,205.55999755859375,204.97000122070312,15.90999984741211,15.369999885559082,22.270540280875224,-22.744574383575866,99.56862824861378,98.43256214581886,98.43248374477889,-1.6276325911778553,-1.6277102113582411,-1.6277109922178257,-1.6276325911778553,-1.6277109922178257,-1.6277109922553015
2016-05-06,204.05999755859375,205.72000122070312,14.720000267028809,13.380000114440918,21.095961071308594,-117.45792095666303,-81.08801563021157,-81.56278129978972,-81.56278224643651,-2.9344692355090065,-2.9504667586619213,-2.950466767550144,-2.950465820903367,-2.950466767550144,-2.950466767550144
2016-05-09,205.57000732421875,205.88999938964844,14.56999969482422,13.859999656677246,20.862870631463146,-23.309043984544786,88.26309454829082,87.76649405937107,87.76648888765723,-2.906783507018681,-2.9067886605337847,-2.9067886787325166,-2.906783507018681,-2.9067886787325166,-2.906788678732622
2016-05-10,206.72000122070312,208.4499969482422,13.630000114440918,12.800000190734863,20.91932192786433,5.64512964011854,24.346634935189975,24.345945899128033,24.345925897664358,24.346634935189975,24.345925897668586,24.345925897664216,-3.898561923484668,-3.898581924948343,-3.8985819249484877
2016-05-11,207.91000366210935,206.5,14.6899995803833,13.75,21.16601562341448,24.669369555014953,26.658785722802882,26.65630082679717,26.656176062009898,26.658785722802882,26.656176062009898,26.656176060965258,-3.8946559104928347,-3.8947806752801055,-3.89478067632475
2016-05-12,207.2899932861328,206.55999755859375,14.40999984741211,13.460000038146973,20.830500812250747,-33.55148111637334,21.123857680138947,21.123102190462063,21.123102190462063,21.123857680138947,21.123102190462063,21.123102190424497,-3.898489020533534,-3.898489020533534,-3.8984890205711045
2016-05-13,206.2100067138672,204.7599945068359,15.039999961853027,14.149999618530272,20.80921152096903,-2.1289291281718192,6.865339905346827,5.381591262254862,5.381533954705157,-0.9193412631266535,-0.9323880943529335,-0.9323880987056605,-0.9323307911504575,-0.9323880987001663,-0.9323880987056605
2016-05-16,204.9600067138672,206.77999877929688,14.68000030517578,13.59000015258789,21.059047978326028,24.983645735699866,-79.66549304610861,-79.89276788203594,-79.89276834893374,-3.4454489274519284,-3.4454489274519284,-3.445449394349715,-3.4454489274519284,-3.445449394349715,-3.445449394349717
2016-05-17,206.4600067138672,204.8500061035156,15.56999969482422,15.109999656677246,21.28581357918803,22.676560086200226,22.51713913902458,22.497304035721513,22.496825825053314,2.268532855236133,2.248219568196645,2.2482195408558674,-3.8588951601622674,-3.859373370830461,-3.859373371239469
2016-05-18,204.44000244140625,204.91000366210935,15.949999809265137,15.34000015258789,21.706112887554823,42.02993083667934,109.15431951093854,108.24085534043307,108.24083484310583,-2.0730101670048406,-2.0730269335835616,-2.0730306643320984,-2.0730101670048406,-2.0730306643320984,-2.073030664332939
2016-05-19,204.05999755859375,204.1999969482422,16.329999923706055,15.279999732971191,21.866986968604394,16.087408104957035,82.6335368390553,81.30466799144473,81.30462568032242,-1.155871177303022,-1.2421765716974735,-1.2421776825300754,-1.2421353714077559,-1.2421776825300754,-1.2421776825313815
2016-05-20,204.9199981689453,205.4900054931641,15.199999809265137,12.729999542236328,20.957178988451588,-90.98079801528058,160.57626324795265,160.468021590097,160.4680215513143,-3.683516567940555,-3.683516567940555,-3.683516606723261,-3.683516567940555,-3.683516606723261,-3.683516606723261
2016-05-23,205.5099945068359,205.2100067138672,15.81999969482422,13.600000381469728,21.43076442237583,47.358543392424224,89.85513280233957,89.4698194911523,89.46981704500043,-3.129366039169745,-3.1293684747562134,-3.129368485321616,-3.129366039169745,-3.129368485321616,-3.12936848532164
2016-05-24,206.1699981689453,207.8699951171875,14.420000076293944,11.90999984741211,20.913234075141176,-51.75303472346542,35.67998775933581,35.2939656633822,35.293965319408976,-3.12716171617789,-3.1279551201453817,-3.1279551201463254,-3.127954776173099,-3.1279551201463254,-3.1279551201463254
2016-05-25,208.6699981689453,209.27999877929688,13.899999618530272,11.40999984741211,21.012764114508812,9.953003936763594,29.10414615956524,29.10355488639628,29.103554849920705,-3.28516702953807,-3.285758339180349,-3.285758339182612,-3.898817344235338,-3.8988173807109163,-3.8988173807109163
2016-05-26,209.44000244140625,209.33999633789065,13.43000030517578,10.460000038146973,20.5263727471007,-48.63913674081104,61.65377197245029,61.633509199536796,61.63350919951586,-3.859474454110202,-3.8594744541302157,-3.8594744541311323,-3.859474454110202,-3.8594744541311323,-3.8594744541311323
2016-05-27,209.52999877929688,210.2400054931641,13.119999885559082,9.770000457763672,20.672445912428223,14.60731653275218,13.28479237461684,13.278868837948613,13.278868837948325,-3.8881529266627037,-3.888152926662962,-3.8881529266629853,-3.8881529266627037,-3.8881529266629853,-3.8881529266629853
2016-05-31,210.55999755859375,209.83999633789065,14.1899995803833,11.850000381469728,21.345372313445928,67.29264010177047,39.24398609164146,39.106291765808656,39.106291703250236,-3.62461116065913,-3.624611223167359,-3.6246112232175483,-3.62461116065913,-3.6246112232175483,-3.6246112232175483
2016-06-01,209.1199951171875,210.27000427246097,14.199999809265137,11.609999656677246,21.540208562602032,19.48362491561042,-1.6689678786264008,-1.811583305493977,-1.8115833165307818,-3.6117693589737505,-3.614769124139524,-3.6147691241912288,-3.614769113154419,-3.6147691241912288,-3.6147691241912288
2016-06-02,209.8000030517578,210.91000366210935,13.630000114440918,11.010000228881836,21.29864836725205,-24.156019534998308,47.93504048722032,47.912116681090986,47.91211668095216,-3.8541523873248438,-3.8541523873693775,-3.854152387463684,-3.8541523873248438,-3.854152387463684,-3.854152387463684
2016-06-03,210.25,210.27999877929688,13.470000267028809,10.109999656677246,20.75134647425648,-54.730189299557,158.41076768541035,158.40133208106084,158.4013320810486,-3.881128791264292,-3.8811287912765264,-3.8811287912765544,-3.881128791264292,-3.8811287912765544,-3.8811287912765544
2016-06-06,210.6999969482422,211.3500061035156,13.649999618530272,11.260000228881836,21.4060856251482,65.47391508917215,56.220117976592704,56.113086549971584,56.11308653435158,-3.6859370998977607,-3.685937115516132,-3.68593711551776,-3.6859370998977607,-3.68593711551776,-3.68593711551776
2016-06-07,211.52999877929688,211.67999267578125,14.050000190734863,11.5600004196167,21.926513473845496,52.04278486972953,22.24087179987412,22.24063063796848,22.240629552594505,-2.4351048571835197,-2.43534710446302,-2.4353471044631307,-3.899514420066808,-3.8995155054407773,-3.8995155054407777
2016-06-08,211.83999633789065,212.3699951171875,14.079999923706056,10.890000343322754,22.316297641208344,38.97841673628477,11.137147624077091,11.137126546451906,11.137126024928415,11.137147624077091,11.137126024928415,11.137126024928415,-3.8999562801791616,-3.8999568017026522,-3.8999568017026522
2016-06-09,211.5099945068359,212.0800018310547,14.640000343322754,12.229999542236328,22.620020729866056,30.372308865771203,27.901222332259785,27.900415042869177,27.90040951179582,-1.7938422901436697,-1.7946551106042183,-1.7946551106076454,-3.8983688279986795,-3.8983743590720366,-3.898374359072049
2016-06-10,210.4600067138672,210.07000732421875,17.030000686645508,15.829999923706056,23.89925527057882,127.92345407127641,122.73607943249246,121.19706583810435,121.19685078202372,-0.8213276418897975,-0.8215372367747737,-0.8215426979704494,-0.8213276418897975,-0.8215426979704494,-0.8215426983344623
2016-06-13,209.36000061035156,208.4499969482422,20.969999313354492,22.940000534057617,27.296154032087955,339.6898761509135,214.4189636965781,200.98465470869297,200.8999370889809,23.222897171686597,23.163074865907035,23.138179551974495,23.222897171686597,23.138179551974495,23.13813744200823
2016-06-14,208.0,208.0399932861328,20.5,23.350000381469727,26.563434153329112,-73.27198787588429,145.7013710280423,144.34918323772698,144.00168671569023,145.7013710280423,144.00698457568137,144.00135032662413,-0.15211738827271581,-0.49961391030948477,-0.4999502993755729
2016-06-15,208.0399932861328,207.75,20.13999938964844,22.600000381469727,25.999348689267777,-56.40854640613355,135.19925240632608,134.10109558211252,133.86143760416613,135.19925240632608,133.86459589849989,133.86128792742042,-0.984260255626983,-1.2239182335733947,-1.2240679103191003
2016-06-16,207.75,208.3699951171875,19.3700008392334,21.88999938964844,25.333410882220043,-66.59378070477331,119.42887878618083,118.56372839309975,118.56372839309975,119.42887878618083,118.56372839309975,118.56250812466858,-2.166037831832194,-2.166037831832194,-2.1672581002633677
2016-06-17,207.1699981689453,206.52000427246097,19.40999984741211,22.0,24.63777270153743,-69.56381806826144,120.34348704292138,119.51822076648473,119.51822076648473,120.34348704292138,119.51822076648473,119.51739662356543,-2.246994796015722,-2.246994796015722,-2.247818938935038
2016-06-20,208.82000732421875,207.8500061035156,18.3700008392334,22.209999084472656,23.82547069570306,-81.23020058343684,171.92670143504986,157.61371733261205,157.52892582979635,27.03699674562513,24.902890562326093,24.89560932809359,24.98042578426105,24.895634281445354,24.895606591518202
2016-06-21,208.3000030517578,208.44000244140625,18.479999542236328,22.469999313354492,24.121188167492093,29.57174717890325,140.73513623356683,139.37794724677627,139.20846672615662,140.73513623356683,139.212639307224,139.20838278586567,-0.6769243310090318,-0.8464048516286629,-0.8464887919196031
2016-06-22,208.6499938964844,208.1000061035156,21.170000076293945,27.86000061035156,26.81696078121594,269.57726137238467,242.68417481593198,236.01283926212486,234.96546874247417,76.25390487151914,68.6735895061284,68.53062313944305,12.600690203117791,11.553319683467103,11.548744024848826
2016-06-23,209.80999755859375,210.80999755859375,17.25,21.1299991607666,23.801687701338935,-301.5273079877005,288.8319945346372,280.6398854627879,280.61599433341263,12.555906499171803,12.545645506910938,12.532015369796438,12.555906499171803,12.532015369796438,12.532010380795493
2016-06-24,203.6300048828125,203.2400054931641,25.760000228881836,30.709999084472656,30.361454020767823,655.9766319428888,314.8767163087255,270.6313560631371,268.69456481605306,99.80145025766718,88.82469938703287,88.50461841420976,90.45691941555187,88.52012816846786,88.50461841420976
2016-06-27,201.58999633789065,199.6000061035156,23.850000381469727,25.059999465942383,27.277029908959932,-308.4424111807891,89.99836821338232,88.06498491571818,87.55229055296275,89.99836821338232,87.55849503948113,87.55057026794725,1.5100173044488718,0.9973229416934606,0.9956026566779395
2016-06-28,201.47999572753903,203.1999969482422,18.75,19.079999923706055,22.248932011864397,-502.80978970955346,91.10854045190449,90.88200845600818,90.86313258087037,13.641853262620566,13.396467443480466,13.396443857570338,-3.390303780677968,-3.409179655815771,-3.409181189831879
2016-06-29,204.83999633789065,206.66000366210935,16.639999389648438,15.859999656677246,21.048151939082075,-120.07800727823223,-7.60426177125518,-8.58879644961131,-8.588838483223634,-1.9308045424060654,-1.9308045424060654,-1.930846576018375,-1.9308045424060654,-1.930846576018375,-1.930846576033293
2016-06-30,207.2100067138672,209.47999572753903,15.630000114440918,14.050000190734863,21.212369626925565,16.421768784348956,26.35047511774419,26.3486202193153,26.3486202193153,26.35047511774419,26.3486202193153,26.3486202190412,-3.8962902023199106,-3.8962902023199106,-3.896290202594017
2016-07-01,209.47999572753903,209.9199981689453,14.770000457763672,11.850000381469728,20.568540335889104,-64.38292910364609,78.57950358117752,78.48985019493244,78.48985018859253,-3.7206932084900997,-3.7206932141216784,-3.7206932148300145,-3.7206932084900997,-3.7206932148300145,-3.7206932148300145
2016-07-05,208.9499969482422,208.41000366210935,15.579999923706056,14.1899995803833,20.410211305666742,-15.832903022236167,68.45699259931393,67.38561723808157,67.38560175552361,-1.7187641065902453,-1.7572181692057156,-1.7572183124191016,-1.7572028298610385,-1.757218312418996,-1.7572183124191034
2016-07-06,207.8300018310547,209.66000366210935,14.960000038146973,13.18000030517578,20.375309710292413,-3.490159537432902,21.053469261552557,21.052478097454127,21.052478097454127,21.053469261552557,21.052478097454127,21.052478097351617,-3.89801767149561,-3.89801767149561,-3.898017671598119
2016-07-07,209.8699951171875,209.52999877929688,14.760000228881836,13.109999656677246,20.076004849302088,-29.93048609903255,179.3730298486187,179.17399920559816,179.17399895020068,-3.5019379477664776,-3.5019380143331618,-3.501938203163931,-3.5019379477664776,-3.501938203163931,-3.5019382031639315
2016-07-08,211.0500030517578,212.6499938964844,13.199999809265137,11.43000030517578,20.496238921128345,42.02340718262576,39.12307445539515,38.86199286876671,38.86199275207087,-3.377023234468021,-3.377836593350774,-3.3778365933514274,-3.3778364766555837,-3.3778365933514274,-3.3778365933514274
2016-07-11,213.19000244140625,213.3999938964844,13.539999961853027,12.229999542236328,21.11841421801266,62.21752968843148,22.734550704327702,22.733641734290778,22.73363686576439,22.734550704327702,22.73363686579929,22.73363686576439,-3.898167454346987,-3.89817232287337,-3.898172322873371
2016-07-12,214.52999877929688,214.9499969482422,13.550000190734863,12.25,22.12747794722835,100.90637292156899,89.69999330438499,89.54292860620849,89.54292855156315,-3.5858704397109715,-3.5858704844637863,-3.5858704943563158,-3.5858704397109715,-3.5858704943563158,-3.5858704943563158
2016-07-13,215.44000244140625,214.9199981689453,13.039999961853027,11.109999656677246,21.712962411367776,-41.451553586057344,58.96235542931977,58.893417139612104,58.89341713203643,-3.7621233978576534,-3.7621234054225963,-3.762123405433331,-3.7621233978576534,-3.762123405433331,-3.762123405433331
2016-07-14,216.3999938964844,216.1199951171875,12.81999969482422,10.93000030517578,22.40329694601025,69.03345346424743,23.388946980038824,23.38876769510047,23.388767474905606,-3.0137499555788256,-3.013929460712018,-3.0139294607120464,-3.8996407695386934,-3.8996409897335584,-3.8996409897335584
2016-07-15,216.77999877929688,215.8300018310547,12.670000076293944,10.260000228881836,22.056192033835103,-34.71049121751477,9.969915369647955,9.969905152052819,9.969905152052819,-2.7277675551139646,-2.727777772709102,-2.727777772709102,-3.8999795648097257,-3.8999795648097257,-3.8999795648097257
2016-07-18,215.97000122070312,216.41000366210935,12.4399995803833,10.989999771118164,22.24423605505524,18.80440212201364,41.26832587561094,41.07790897745723,41.07790893103684,-3.5191660644314164,-3.5191661108514047,-3.519166110851802,-3.5191660644314164,-3.519166110851802,-3.519166110851802
2016-07-19,215.9199981689453,216.19000244140625,11.970000267028809,11.020000457763672,21.772372877227017,-47.18631778282223,44.035491284748126,43.85983747717446,43.85983743538104,-3.5486922594723898,-3.5486923012652087,-3.548692301265815,-3.5486922594723898,-3.548692301265815,-3.548692301265815
2016-07-20,216.19000244140625,217.08999633789065,11.770000457763672,10.43000030517578,22.34550127432245,57.31283970954344,26.838268168224076,26.83814152084419,26.83814150486962,-3.5242920904855892,-3.5244187538400378,-3.5244187538400418,-3.8997466573165256,-3.8997466732910953,-3.8997466732910953
2016-07-21,216.9600067138672,216.27000427246097,12.739999771118164,11.5,22.20007244033319,-14.542883398926065,14.641317256062921,14.641212739318393,14.641212739318354,14.641317256062921,14.641212739318393,14.641212739318346,-3.8997909665107975,-3.899790966510837,-3.899790966510846
2016-07-22,216.41000366210935,217.2400054931641,12.020000457763672,10.220000267028809,22.523057963043204,32.29855227100131,18.04038541390706,18.04034936246653,18.0403493430876,-3.3885173000572957,-3.3885533708767626,-3.388553370876763,-3.899927838982133,-3.899927858361066,-3.899927858361066
2016-07-25,217.0,216.6499938964844,12.869999885559082,11.93000030517578,22.411179622374476,-11.187834066872782,17.03147916311393,17.031258192185973,17.031258192185653,17.03147916311393,17.031258192185973,17.031258192185533,-3.8995580581427594,-3.8995580581430804,-3.8995580581432026
2016-07-26,216.52999877929688,216.75,13.050000190734863,11.979999542236328,22.552026843090882,14.084722071640599,27.54192330896285,27.541114261609813,27.541107938193385,-1.6809414096584834,-1.681756780424199,-1.6817567804279587,-3.8983629350446045,-3.898369258461035,-3.89836925846105
2016-07-27,217.19000244140625,216.52000427246097,12.829999923706056,11.609999656677246,22.212328493868863,-33.96983492220187,12.854683732240959,12.854601592091312,12.85460159209129,12.854683732240959,12.854601592091312,12.854601592091234,-3.899835719700468,-3.8998357197004907,-3.8998357197005467
2016-07-28,216.2899932861328,216.77000427246097,12.720000267028809,11.789999961853027,22.304716577231,9.238808336213822,34.1160439298597,34.11488797808642,34.11488624374141,-2.5963898043253324,-2.5975474904389335,-2.5975474904436235,-3.89768289341841,-3.8976846277634163,-3.897684627763418
2016-07-29,216.4600067138672,217.1199951171875,11.869999885559082,10.010000228881836,22.106553869915075,-19.816270731592667,15.300434471258272,15.300416837180547,15.300416826462518,-3.4241881653998436,-3.4242058101955983,-3.4242058101955983,-3.8999646996904618,-3.8999647104084905,-3.8999647104084905
2016-08-01,217.19000244140625,216.94000244140625,12.4399995803833,11.100000381469728,22.138693461052988,3.213959113791276,9.728615245071607,9.72858933203484,9.728589332034838,9.728615245071607,9.72858933203484,9.728589332034835,-3.8999481739264508,-3.8999481739264517,-3.8999481739264548
2016-08-02,216.6499938964844,215.5500030517578,13.369999885559082,12.350000381469728,21.567742151334443,-57.0951309718545,27.189849020969042,27.188800627110027,27.188779296704787,-0.6196523301593015,-0.6207220544120293,-0.6207220544237559,-3.897839221065651,-3.897860551470896,-3.897860551471091
2016-08-03,215.47999572753903,216.17999267578125,12.859999656677246,11.289999961853027,21.69863873103345,13.08965796990087,73.90215434619681,73.81236347160122,73.81236345445895,-3.7204181993820065,-3.7204182165035458,-3.7204182165242776,-3.7204181993820065,-3.7204182165242776,-3.7204182165242776
2016-08-04,216.30999755859375,216.41000366210935,12.420000076293944,10.800000190734863,21.600061381997005,-9.857734903644655,25.36970216021362,25.369517802769117,25.36951770277819,-3.232625389161053,-3.232809846596462,-3.232809846596483,-3.899630985138215,-3.89963108512914,-3.89963108512914
2016-08-05,216.41000366210935,218.17999267578125,11.390000343322754,9.18000030517578,22.542258741498067,94.2197359501062,11.530858728816291,11.53085682249304,11.530856822307515,-3.719013078649117,-3.719014985157894,-3.719014985157894,-3.8999961867969186,-3.899996186982446,-3.899996186982446
2016-08-08,218.3999938964844,218.0500030517578,11.5,10.100000381469728,22.376041401867823,-16.621733963024354,14.977113742056053,14.977068269544679,14.977068269544672,-3.331734913168039,-3.3317803856794157,-3.33178038567942,-3.8999090549772335,-3.899909054977238,-3.899909054977238
2016-08-09,218.1300048828125,218.17999267578125,11.65999984741211,10.489999771118164,22.516274745518558,14.023334365073481,11.563700965109259,11.563656932520663,11.563656932520653,11.563700965109259,11.563656932520663,11.563656932520653,-3.899911934822777,-3.8999119348227884,-3.8999119348227884
2016-08-10,218.30999755859375,217.63999938964844,12.050000190734863,10.68000030517578,22.192945919886203,-32.33288256323554,16.52909252644448,16.52896843516494,16.528968435164842,-2.8149542603089275,-2.815078351588466,-2.815078351588568,-3.899751817440618,-3.8997518174407197,-3.8997518174407197
2016-08-11,218.2599945068359,218.6499938964844,11.68000030517578,9.739999771118164,22.857760412207593,66.48144923213906,9.758949485965482,9.758938983652069,9.758938983652069,-3.3308375889932194,-3.3308480913066334,-3.330848091306634,-3.899978995373172,-3.899978995373172,-3.899978995373172
2016-08-12,218.2899932861328,218.4600067138672,11.550000190734863,9.539999961853027,22.613115544126934,-24.4644868080659,9.263631938044398,9.2636252433323,9.2636252433323,-3.458316396336141,-3.45832309104824,-3.45832309104824,-3.8999866105758025,-3.8999866105758025,-3.8999866105758025
2016-08-15,218.88999938964844,219.08999633789065,11.8100004196167,9.720000267028809,23.151196047104527,53.80805029775928,28.510163942734074,28.51005495666589,28.510054956567046,-3.7806444547020788,-3.7806444548009144,-3.780644454800921,-3.899782027567119,-3.8997820276659607,-3.8997820276659607
2016-08-16,218.6000061035156,217.9600067138672,12.640000343322754,10.869999885559082,22.498523908787597,-65.26721383169303,26.456661120198255,26.45620365065075,26.456203603452323,-3.2009888762902037,-3.2014463930347774,-3.2014463930361337,-3.8990849193097166,-3.89908496650814,-3.89908496650814
2016-08-17,218.0,218.3699951171875,12.1899995803833,10.760000228881836,22.61308484791097,11.456093912337195,11.016263594555829,11.016211021260425,11.016211021260395,11.016263594555829,11.016211021260425,11.016211021260395,-3.899894853409099,-3.899894853409129,-3.899894853409129
2016-08-18,218.33999633789065,218.86000061035156,11.43000030517578,9.899999618530272,22.72199202582523,10.890717791426141,12.329206629667171,12.329184599891375,12.329184599891375,-3.3538238238514713,-3.3538458536272646,-3.3538458536272655,-3.8999559404484114,-3.8999559404484123,-3.8999559404484123
2016-08-19,218.30999755859375,218.5399932861328,11.34000015258789,9.399999618530272,22.38018236316685,-34.18096626583811,8.911927531191372,8.911922738857205,8.911922738857205,-3.5326212184461414,-3.532626010780307,-3.532626010780307,-3.8999904153316693,-3.8999904153316693,-3.8999904153316693
2016-08-22,218.2599945068359,218.52999877929688,12.270000457763672,10.949999809265137,22.60325697675349,22.30746135866397,17.15459596929019,17.15441155316062,17.15441155316026,-2.4585062753560223,-2.4586906914855953,-2.458690691485957,-3.89963116773977,-3.8996311677401314,-3.8996311677401314
2016-08-23,219.25,218.97000122070312,12.380000114440918,11.369999885559082,22.982973812392057,37.97168356385683,63.26176167183066,63.11787174262248,63.11787172369889,-3.612220084812882,-3.612220103421202,-3.612220103736467,-3.612220084812882,-3.612220103736467,-3.612220103736467
2016-08-24,218.8000030517578,217.8500061035156,13.449999809265137,12.670000076293944,22.46816635692505,-51.480745546700746,50.7655786489995,50.75441487261941,50.75441110155487,-2.256732847689107,-2.256736612558707,-2.2567366187536404,-3.877661134046203,-3.877664905110734,-3.877664905110737
2016-08-25,217.3999938964844,217.6999969482422,13.630000114440918,12.770000457763672,22.39267617934331,-7.549017758173804,20.197641053374873,20.196959324652866,20.196959324614532,20.197641053374873,20.196959324652866,20.196959324614532,-3.8986365424409835,-3.8986365424793186,-3.8986365424793186
2016-08-26,217.9199981689453,217.2899932861328,13.649999618530272,12.100000381469728,22.03841419487591,-35.42619844674029,18.690880553752095,18.690313355656443,18.69031335563667,18.690880553752095,18.690313355656443,18.69031335563666,-3.898865603749338,-3.8988656037691127,-3.8988656037691216
2016-08-29,217.44000244140625,218.36000061035156,12.9399995803833,11.140000343322754,22.46772312512693,42.93089302510218,9.063602675764907,9.063575358659454,9.06357535865944,9.063602675764907,9.063575358659454,9.06357535865944,-3.8999453657890575,-3.8999453657890717,-3.8999453657890717
2016-08-30,218.2599945068359,218.0,13.119999885559082,11.210000038146973,22.206524178602763,-26.119894652416775,18.956321164752254,18.95601521029436,18.956015210292925,-2.1944482150151194,-2.1947541694730095,-2.194754169474452,-3.899388091079895,-3.8993880910813363,-3.8993880910813363
2016-08-31,217.61000061035156,217.3800048828125,13.420000076293944,11.640000343322754,21.796103633464146,-41.042054513861714,12.489582561544081,12.489470565596124,12.489470565595587,12.489582561544081,12.489470565596124,12.489470565595587,-3.8997760081024744,-3.899776008103011,-3.899776008103011
2016-09-01,217.3699951171875,217.38999938964844,13.479999542236328,11.890000343322754,21.790157388319255,-0.5946245144890838,13.818008101225624,13.817873082853966,13.81787308285333,13.818008101225624,13.817873082853966,13.81787308285333,-3.8997299632547757,-3.8997299632554117,-3.8997299632554117
2016-09-02,218.38999938964844,218.3699951171875,11.979999542236328,9.100000381469728,21.97921349413666,18.905610581740362,8.934062762744094,8.934060126870294,8.934060126870294,-3.6815870449501986,-3.6815896808239974,-3.6815896808239974,-3.8999947282524023,-3.8999947282524023,-3.8999947282524023
2016-09-06,218.6999969482422,219.02999877929688,12.020000457763672,9.979999542236328,22.43049459045035,45.128109631369284,23.175604386634653,23.1755037505692,23.17550374966978,-3.645734745701161,-3.6458353826660232,-3.645835382666035,-3.8997987251708373,-3.899798726070252,-3.899798726070252
2016-09-07,218.83999633789065,219.0099945068359,11.9399995803833,9.800000190734863,22.355431575164154,-7.50630152861973,27.08907577462616,27.08896617910157,27.088966178910646,-3.751339572203603,-3.7513395723945173,-3.7513395723945253,-3.899780808378059,-3.8997808085689813,-3.8997808085689813
2016-09-08,218.6199951171875,218.5099945068359,12.510000228881836,10.989999771118164,22.06548160737098,-28.99499677931736,28.12052382007009,28.119917822520108,28.119917757112773,-3.163118158608596,-3.163724221563113,-3.1637242215659187,-3.8987878086780157,-3.898787874085355,-3.898787874085355
2016-09-09,216.97000122070312,213.27999877929688,17.5,18.780000686645508,20.839839330056314,-122.5642277314666,-252.94803332104013,-253.23914764254218,-253.23918389650262,-252.94803332104013,-253.23914764254218,-253.239205950341,-3.317596432385454,-3.3176326863459,-3.3176547402751257
2016-09-12,212.38999938964844,216.33999633789065,15.15999984741211,16.030000686645508,21.299825440155868,45.998611009955326,-220.13585053194558,-220.1614504331038,-220.1614504331038,-220.13585053194558,-220.1614504331038,-220.1614506977881,-3.8487994036305055,-3.8487994036305055,-3.848799668314808
2016-09-13,214.83999633789065,213.22999572753903,17.850000381469727,19.549999237060547,20.791144364265463,-50.868107589040434,70.94259097791738,64.92084444212539,64.91084082898185,8.173506593693512,8.16350298054995,8.16350298054995,8.173506593693512,8.16350298054995,8.163502086330302
2016-09-14,213.2899932861328,213.1499938964844,18.13999938964844,19.3799991607666,20.874177882920968,8.303351865550468,103.28440058428122,102.79321639270461,102.755102977822,21.828433415668556,21.2994922173784,21.299132960122797,-2.8032827808263523,-2.8413961957089575,-2.8413990447954887
2016-09-15,212.9600067138672,215.27999877929688,16.299999237060547,17.0,21.006974440143466,13.279655722249828,8.005388953513473,7.9137110527185115,7.913704536309055,8.005388953513473,7.9137110527185115,7.9137044621515855,-3.7166244266742225,-3.7166309430836746,-3.7166310172411516
2016-09-16,213.47999572753903,213.3699951171875,15.369999885559082,15.270000457763672,19.1278075621248,-187.91668780186654,59.96955985323195,59.91603951172412,59.915532985844884,3.2655925474180982,3.2115666119988457,3.21156567988129,-3.7914397388969823,-3.791946264776228,-3.791946264926102
2016-09-19,214.1300048828125,213.41000366210935,15.529999732971191,16.309999465942383,19.08162866335055,-4.617889877425085,108.21775306436753,105.56875310745083,105.5682404294049,1.3995379494125535,1.399059129630274,1.3990252709467077,1.3995379494125535,1.3990252713666473,1.3990252708861703
2016-09-20,214.41000366210935,213.4199981689453,15.920000076293944,17.219999313354492,19.259382172972174,17.775350962162406,139.37029534963767,136.29505881975956,136.29400635112867,2.253630477881309,2.2528107717460557,2.2525780070938417,2.253630477881309,2.2525780092504277,2.252578005172949
2016-09-21,214.2400054931641,215.82000732421875,13.300000190734863,12.829999923706056,19.62361652486697,36.42343518947975,-89.07548649933634,-89.45232430400247,-89.45232496457169,-3.1463224089600916,-3.1463230484706264,-3.146323069529308,-3.1463224089600916,-3.1463230695293074,-3.146323069529308
2016-09-22,217.0,217.17999267578125,12.020000457763672,10.789999961853027,20.259641997894377,63.602547302740575,9.756183627175073,9.756164729774822,9.756164729774822,9.756183627175073,9.756164729774822,9.756164729774822,-3.8999622051995,-3.8999622051995004,-3.8999622051995004
2016-09-23,216.72000122070312,215.9900054931641,12.289999961853027,11.390000343322754,19.297109563575624,-96.25324343187529,18.208978149818172,18.20881262668768,18.208812626687603,-1.7072989444467952,-1.7074644675772959,-1.707464467577371,-3.899668953738774,-3.899668953738847,-3.8996689537388485
2016-09-26,215.02000427246097,214.2400054931641,14.5,15.670000076293944,18.7299663034791,-56.71432600965254,184.2021501346587,182.86927882232874,182.86915283215686,-1.2338794043522272,-1.2340053945240803,-1.2340053945240803,-1.2338794043522272,-1.2340053945240803,-1.234005394681489
2016-09-27,214.0500030517578,215.57000732421875,13.100000381469728,12.800000190734863,19.087191332449525,35.722502897042574,-51.11730526969387,-51.614723946096824,-51.6147250723354,-2.905159268478349,-2.905160385245389,-2.905160394716932,-2.905159268478349,-2.9051603947169315,-2.905160394716932
2016-09-28,215.8300018310547,216.63999938964844,12.390000343322754,11.720000267028809,19.687142516697875,59.99511842483507,55.63575653545641,55.37358891004999,55.37358864003778,-3.3756639391505168,-3.3756642091342846,-3.3756642091627316,-3.3756639391505168,-3.3756642091627316,-3.3756642091627316
2016-09-29,216.3999938964844,214.67999267578125,14.020000457763672,14.710000038146973,18.68295753588641,-100.41849808114662,-6.113132417102393,-6.142718952653967,-6.1433420508398475,2.515331203372557,2.4851216439416532,2.4851215688253685,-3.83895763191001,-3.839580730095895,-3.8395807309056247
2016-09-30,215.6499938964844,216.3000030517578,13.289999961853027,12.369999885559082,19.6237590085962,94.080147270979,73.437229629515,73.1263883064192,73.12638744979827,-3.2783147839456213,-3.278315639720036,-3.2783156405665506,-3.2783147839456213,-3.278315640566549,-3.2783156405665506
2016-10-03,215.82000732421875,215.77999877929688,13.56999969482422,13.0,19.17314716408127,-45.061184451492764,69.45980275544098,68.83147937340624,68.83147265751634,-2.6433330882605484,-2.6433398002690947,-2.643339804150543,-2.6433330882605484,-2.6433398041504392,-2.643339804150543
2016-10-04,215.91000366210935,214.67999267578125,13.630000114440918,12.949999809265137,18.27986218863335,-89.32849754479228,-0.2481487923594452,-0.9502314456277885,-0.950239379926995,-2.4958108905653353,-2.495818822519773,-2.4958188248646618,-2.4958108905653353,-2.495818824864539,-2.4958188248646618
2016-10-05,215.41000366210935,215.6300048828125,12.989999771118164,12.029999732971191,23.04525897373742,473.93967851040696,87.04042653447611,86.88230458533427,86.88230444355001,-3.5837556763635505,-3.5837558181478015,-3.5837558181478015,-3.5837556763635505,-3.5837558181478015,-3.5837558181478015
2016-10-06,215.3699951171875,215.77999877929688,12.84000015258789,11.470000267028809,22.82065524013153,-22.460373360588903,84.14589708561046,84.05848322056328,84.05848320018335,-3.725172208765882,-3.725172229145805,-3.725172229145805,-3.725172208765882,-3.725172229145805,-3.725172229145805
2016-10-07,216.1000061035156,215.0399932861328,13.479999542236328,11.470000267028809,23.585992292017693,76.53370518861635,39.23990589120779,39.23873010901613,39.23872975218578,-3.1690264484380086,-3.169026805265872,-3.1690268052683597,-3.8976473651256325,-3.8976477219559835,-3.8976477219559835
2016-10-10,216.16000366210935,216.16000366210935,13.380000114440918,10.8100004196167,23.6599173083749,7.392501635720805,31.048927122553913,31.04862272957086,31.048622674221896,-3.4095518773974622,-3.4098563257294234,-3.409856325729475,-3.899391047987012,-3.899391103335975,-3.899391103335975
2016-10-11,215.66000366210935,213.42999267578125,15.359999656677246,13.34000015258789,26.067793861689523,240.78765533146225,-230.6943362091068,-231.3041665067948,-231.30417511516418,-2.680313579515036,-2.680322167928567,-2.680322187884723,-2.680313579515036,-2.680322187884469,-2.680322187884723
2016-10-12,213.58999633789065,213.7100067138672,15.90999984741211,13.15999984741211,26.98464122816722,91.68473664776968,43.27201661845733,43.2633335054561,43.26332265252776,-1.365817996598921,-1.3745119571437683,-1.3745119625285156,-3.8826012152124485,-3.8826120681407925,-3.882612068140812
2016-10-13,212.16000366210935,213.0099945068359,16.690000534057617,14.06999969482422,28.058217965415807,107.35767372485867,29.854170252714447,29.851069984369296,29.85106998404992,29.854170252714447,29.851069984369296,29.851069983516403,-3.893799460751016,-3.8937994610703948,-3.8937994616039155
2016-10-14,214.1499938964844,213.1199951171875,16.1200008392334,12.9399995803833,27.117833423599805,-94.03845418160017,70.32315007061429,69.85706322837723,69.85706207220301,-2.967822847003188,-2.9678239819667076,-2.96782400317741,-2.967822847003188,-2.9678240031774097,-2.96782400317741
2016-10-17,213.08999633789065,212.3800048828125,16.209999084472656,13.8100004196167,26.9971135847523,-12.071983884750637,33.46527479675127,33.459126240957886,33.4591262343031,33.46527479675127,33.459126240957886,33.45912623429982,-3.887702868439042,-3.887702875093829,-3.887702875097102
2016-10-18,214.2400054931641,213.7100067138672,15.279999732971191,12.449999809265137,25.741800739292785,-125.5312845459514,70.92472342994974,70.63902542504512,70.63902518684233,-3.3286032755824344,-3.328603507555184,-3.3286035137852164,-3.3286032755824344,-3.3286035137852164,-3.3286035137852164
2016-10-19,214.02000427246097,214.27999877929688,14.40999984741211,11.970000267028809,24.450511431759068,-129.12893075337166,52.88458336908131,52.59242254251714,52.59242241227492,-3.3156779561450165,-3.315678085938658,-3.315678086387237,-3.3156779561450165,-3.315678086387237,-3.315678086387237
2016-10-20,213.8699951171875,213.8800048828125,13.75,11.06999969482422,23.265204763621924,-118.53066681371445,36.875446356344355,36.87449907621287,36.874499063885644,-3.5182049362287007,-3.5191522286832426,-3.519152228687414,-3.898105402755338,-3.898105415082574,-3.898105415082574
2016-10-21,213.8800048828125,213.97999572753903,13.34000015258789,10.68000030517578,22.604898316516667,-66.03064471052562,34.02714731895231,34.0266626313151,34.026662628649056,-3.6376844058506643,-3.638169096153355,-3.6381690961539164,-3.899030616727452,-3.899030619393496,-3.899030619393496
2016-10-24,215.0,214.88999938964844,13.020000457763672,11.350000381469728,22.241899993327408,-36.29983231892595,219.49196658892913,219.4440450919741,219.44404508893328,-3.804156996967498,-3.8041570000082983,-3.8041570000082983,-3.804156996967498,-3.8041570000082983,-3.8041570000082983
2016-10-25,214.67999267578125,214.1699981689453,13.460000038146973,11.899999618530272,22.70681001920798,46.49100258805703,91.21187513460276,91.11664054243982,91.11664052902753,-3.7095307754372007,-3.7095307888495155,-3.7095307888495155,-3.7095307754372007,-3.7095307888495155,-3.7095307888495155
2016-10-26,213.2100067138672,213.7400054931641,14.239999771118164,12.579999923706056,23.79881685563339,109.20068364254121,25.92833462825797,25.926708998353774,25.926698882476785,25.92833462825797,25.926698882633353,25.926698882476778,-3.8967183925606186,-3.896728508437608,-3.8967285084376138
2016-10-27,214.5800018310547,213.1699981689453,15.359999656677246,14.59000015258789,25.411949920886713,161.31330652533222,119.99326367600577,119.18948748640422,119.1894714226038,-2.2923994293931025,-2.29241049829776,-2.292415493193726,-2.2923994293931025,-2.2924154931935243,-2.2924154931943743
2016-10-28,213.13999938964844,212.5399932861328,16.190000534057617,16.690000534057617,26.567110439875464,115.5160518988751,64.5987138299113,64.50582419363072,64.50581829069957,64.5987138299113,64.50582419363072,64.50581826856244,-3.7142029522107634,-3.714208855141913,-3.7142088772790527
2016-10-31,212.92999267578125,212.5500030517578,17.059999465942383,20.190000534057617,27.832284755973234,126.51743160977702,105.03900437709893,104.4732115520932,104.4727580310786,105.03900437709893,104.4732115520932,104.47273850984078,-2.766995127311735,-2.767448648326349,-2.7674681695641623
2016-11-01,212.92999267578125,211.0099945068359,18.559999465942383,22.86000061035156,29.913439233109088,208.1154477135854,145.18123369146215,143.5149641940059,143.5099931442875,145.18123369146215,143.5149641940059,143.50959010228974,-0.5513310266849616,-0.556302076403353,-0.5567051184011196
2016-11-02,210.6499938964844,209.7400054931641,19.31999969482422,24.15999984741211,30.90073129317649,98.72920600674036,182.75294088404272,164.69144704190026,164.45135935229166,32.944924635542606,32.72993557874243,32.70428975436167,32.944924635542606,32.704836945934,32.704279211625845
2016-11-03,209.9900054931641,208.77999877929688,22.079999923706055,27.899999618530273,35.1148047587055,421.4073465529012,370.92031827519725,341.7896828269196,341.0181540588553,56.690309383604934,55.918780615540605,55.918780615540605,56.690309383604934,55.918780615540605,55.9139717649256
2016-11-04,208.91000366210935,208.5500030517578,22.510000228881836,28.81999969482422,35.717983577272406,60.31788185669029,300.34144710355724,263.61426227064777,262.3830491638439,82.51831294352635,72.29768261390728,72.03501164308138,73.27234955476541,72.04113644796153,72.03303262161499
2016-11-07,208.5500030517578,213.1499938964844,18.709999084472656,24.670000076293945,30.252133692984472,-546.5849884287934,-445.52865996878256,-448.69598435365265,-449.053386554961,48.81522772660061,45.3162177044071,45.290014973110594,3.5084186923737137,3.1510164910653984,3.150530323753687
2016-11-08,212.69000244140625,214.11000061035156,18.739999771118164,25.309999465942383,30.448162327272627,19.602863428815454,182.13256013611124,178.83230954615857,178.81343339985145,182.13256013611124,178.83230954615857,178.80925810758913,2.7697570743110003,2.7508809280038795,2.7467056357415602
2016-11-09,212.3699951171875,216.3800048828125,14.380000114440918,15.359999656677246,24.204519899137438,-624.3642428135189,-235.15064851122625,-235.16384471709307,-235.16384471709307,-235.15064851122625,-235.16384471709307,-235.16384476887907,-3.873607432908365,-3.873607432908365,-3.873607484694355
2016-11-10,217.3000030517578,216.9199981689453,14.739999771118164,14.119999885559082,24.877372606000705,67.28527068632673,32.27119179738461,32.26647729836318,32.26647729481031,32.27119179738461,32.26647729836318,32.26647729481031,-3.8905709912985253,-3.8905709948513914,-3.8905709948513914
2016-11-11,216.0800018310547,216.4199981689453,14.170000076293944,12.84000015258789,23.821382777971635,-105.59898280290696,52.97189286635272,52.96358626066296,52.96357573621048,-2.175260277026501,-2.175270800643932,-2.1752708014791313,-3.8833552152625974,-3.8833657397150723,-3.883365739715228
2016-11-14,217.02999877929688,216.58999633789065,14.479999542236328,12.510000228881836,24.229476624696133,40.80938467244977,20.93707565208961,20.936494384116052,20.93649438411166,20.93707565208961,20.936494384116052,20.936494384109288,-3.8988374640325785,-3.898837464036973,-3.89883746403935
2016-11-15,217.0399932861328,218.27999877929688,13.369999885559082,10.640000343322754,23.08560199723064,-114.38746274654932,8.481731451954353,8.481719957603465,8.481719957603465,8.481731451954353,8.481719957603465,8.481719957603465,-3.899977011298225,-3.8999770112982253,-3.8999770112982253
2016-11-16,217.55999755859375,217.8699951171875,13.720000267028809,9.520000457763672,23.422884893600994,33.7282896370354,1.7443360257449747,1.7443357244088329,1.7443357244088329,1.7443360257449747,1.7443357244088329,1.7443357244088329,-3.899999397327717,-3.899999397327717,-3.899999397327717
2016-11-17,218.0500030517578,218.9900054931641,13.350000381469728,9.380000114440918,23.24401353609821,-17.88713575027856,4.7133347428984145,4.713333265114109,4.713333265114109,4.7133347428984145,4.713333265114109,4.713333265114109,-3.8999970444313887,-3.8999970444313887,-3.8999970444313887
2016-11-18,219.07000732421875,218.5,12.850000381469728,8.630000114440918,22.297351719260803,-94.66618168374055,27.41959240786725,27.419580454428207,27.419580454428164,-3.8849659308919633,-3.8849659308920055,-3.8849659308920055,-3.89997609312178,-3.8999760931218224,-3.8999760931218224
2016-11-21,219.1699981689453,220.1499938964844,12.420000076293944,10.0,22.237012226174784,-6.033949308601905,14.81972412364159,14.779151926250941,14.779151926157672,-3.818855604938908,-3.8188556050319664,-3.8188556050321747,-3.818855604938908,-3.8188556050321747,-3.8188556050321747
2016-11-22,220.5099945068359,220.5800018310547,12.40999984741211,10.199999809265137,22.37369125701212,13.667903083733535,62.898075687572806,62.86033943149021,62.860339430806555,-3.8245274857838027,-3.824527486467477,-3.824527486467477,-3.8245274857838027,-3.824527486467477,-3.824527486467477
2016-11-23,219.97999572753903,220.6999969482422,12.43000030517578,10.0600004196167,22.41875123784095,4.505998082883167,78.57669890798894,78.5649366476712,78.564936647645,-3.876475479285908,-3.8764754793120844,-3.8764754793120844,-3.876475479285908,-3.8764754793120844,-3.8764754793120844
2016-11-25,221.1000061035156,221.52000427246097,12.34000015258789,10.43000030517578,22.59570339384142,17.695215600046765,32.35512582905516,32.354843491126935,32.354843465230694,-3.5184623307336134,-3.51846235662982,-3.5184623566298523,-3.899435246454827,-3.899435272351066,-3.899435272351066
2016-11-28,221.16000366210935,220.47999572753903,13.149999618530272,12.859999656677246,23.144069978133402,54.83665842919834,52.22851752361014,52.218455834802285,52.21843037124529,-1.5763454094355813,-1.576370871113081,-1.5763708729935098,-3.8798002317105187,-3.8798256952675114,-3.8798256952684467
2016-11-29,220.52000427246097,220.91000366210935,12.899999618530272,12.640000343322754,22.943129839933064,-20.09401382003375,88.5560253773576,88.17538380024533,88.17538156628378,-3.138710143890776,-3.138712377852322,-3.1387123778523396,-3.138710143890776,-3.138712377852322,-3.1387123778523396
2016-11-30,221.6300048828125,220.3800048828125,13.329999923706056,13.229999542236328,23.27977468055478,33.664484062171596,38.169359984590464,38.16368513217779,38.16368513101352,1.5416651588290566,1.535990306416375,1.535990305220854,-3.8886502915880734,-3.888650292752337,-3.888650292783595
2016-12-01,220.72999572753903,219.57000732421875,14.06999969482422,13.960000038146973,23.970434532111412,69.06598515566316,3.39133639582582,2.2503302808740493,2.250267979435697,-1.61780086573257,-1.617863167170932,-1.6178631671872021,-1.61780086573257,-1.617863167170932,-1.6178631671872026
2016-12-02,219.6699981689453,219.67999267578125,14.119999885559082,13.640000343322754,24.043975942162604,7.354141005119175,120.34469570322074,119.8324868180161,119.83248274354125,-2.8755700061660043,-2.875574080640839,-2.875574080640847,-2.8755700061660043,-2.875574080640839,-2.875574080640905
2016-12-05,220.6499938964844,221.0,12.140000343322754,11.40999984741211,21.733549925550307,-231.0426016612297,66.11487159226272,65.93639370381513,65.93639358617155,-3.5430438701740763,-3.543043987817652,-3.543043987817652,-3.5430438701740763,-3.543043987817652,-3.543043987817652
2016-12-06,221.22000122070312,221.6999969482422,11.789999961853027,10.84000015258789,21.563386124136905,-17.016380141340193,30.94442112017837,30.943990180254353,30.943990003939717,-3.2040145713874355,-3.204014747701874,-3.204014747702068,-3.8991375912080826,-3.8991377675227152,-3.8991377675227152
2016-12-07,221.52000427246097,224.6000061035156,12.220000267028809,11.789999961853027,23.566814472079557,200.3428347942652,28.490995569226,28.490035534058613,28.49003553405271,-1.6145649219649472,-1.6155249571323367,-1.615524957138263,-3.8980799296474427,-3.898079929653347,-3.898079929653369
2016-12-08,224.57000732421875,225.1499938964844,12.640000343322754,12.920000076293944,24.348467230622695,78.16527585431388,77.04831632951593,76.63910150827823,76.63909984582601,-3.0815653701679295,-3.0815670326201494,-3.081567032620155,-3.0815653701679295,-3.0815670326201494,-3.081567032620155
2016-12-09,225.41000366210935,226.5099945068359,11.75,11.100000381469728,24.03611824578895,-31.234898483374707,82.46770059964796,82.35965510802042,82.35965507026282,-3.683908903472105,-3.6839089412297086,-3.6839089412297086,-3.683908903472105,-3.6839089412297086,-3.6839089412297086
2016-12-12,226.3999938964844,226.25,12.640000343322754,12.25,24.814830379202135,77.87121334131868,39.00708844360591,39.00323142901727,39.00323142878966,-1.087712452694463,-1.0877382635891357,-1.0877382638172959,-3.89228597013826,-3.892285970365874,-3.8922859703664208
2016-12-13,227.02000427246097,227.7599945068359,12.720000267028809,12.25,25.75631984285156,94.14894636494253,23.480456799453158,23.479483702789118,23.479483702762998,3.0480846207389583,3.0471115240749267,3.0471115240488027,-3.898053806593563,-3.8980538066196866,-3.8980538066196866
2016-12-14,227.41000366210935,225.8800048828125,13.1899995803833,12.84000015258789,25.198315277987973,-55.80045648635874,25.655873508531506,25.65398139297521,25.65398139251102,25.655873508531506,25.65398139297521,25.65398139251102,-3.896215767494841,-3.8962157679590366,-3.8962157679590366
2016-12-15,226.16000366210935,226.80999755859375,12.789999961853027,11.850000381469728,25.203140642718267,0.4825364730294268,44.90697831734468,44.90301851759263,44.903013588441084,-2.3831829726609928,-2.3831879016912145,-2.3831879018125646,-3.8920656130411886,-3.8920705421927377,-3.89207054219276
2016-12-16,226.0099945068359,225.0399932861328,12.199999809265137,10.670000076293944,23.46104578087487,-174.20948618433982,40.62954889264578,40.62862591113562,40.62862581607824,-3.42009694787928,-3.4200970429366633,-3.4200970429366633,-3.8981537518075435,-3.8981538468649273,-3.8981538468649273
2016-12-19,225.25,225.52999877929688,11.710000038146973,9.949999809265137,23.057499070705617,-40.35467101692518,82.46266699773905,82.44229034582652,82.44229034565751,-3.8592466956679212,-3.8592466958369225,-3.8592466958369225,-3.8592466956679212,-3.8592466958369225,-3.8592466958369225
2016-12-20,226.1499938964844,226.3999938964844,11.449999809265137,9.850000381469728,23.251633991676485,19.41349209708676,27.342676616996826,27.34256484291017,27.342564834910768,-3.594797193512208,-3.5947972015116103,-3.5947972015116125,-3.8997764278284763,-3.8997764358278815,-3.8997764358278815
2016-12-21,226.25,225.77000427246097,11.270000457763672,9.329999923706056,22.633136041950706,-61.849794972577854,19.727542796969608,19.727521981723157,19.727521981723157,-3.674326079647337,-3.674326080941205,-3.674326080941205,-3.8999583695070896,-3.8999583695070896,-3.8999583695070896
2016-12-22,225.6000061035156,225.3800048828125,11.43000030517578,9.34000015258789,22.54466288092057,-8.847316103013725,50.2825377300462,50.262156720117616,50.26215672007232,-3.859237980006936,-3.8592379800522316,-3.8592379800522316,-3.859237980006936,-3.8592379800522316,-3.8592379800522316
2016-12-23,225.42999267578125,225.7100067138672,11.4399995803833,8.979999542236328,22.717647466931453,17.298458601088385,57.91111176714641,57.90395996810601,57.903959968103905,-3.8856964019128606,-3.8856964019149656,-3.8856964019149656,-3.8856964019128606,-3.8856964019149656,-3.8856964019149656
2016-12-27,226.02000427246097,226.27000427246097,11.989999771118164,10.220000267028809,23.52727139832968,80.96239313982281,36.030342305096205,36.02996025286699,36.02996023333853,-3.574250324668533,-3.574250344197001,-3.574250344197001,-3.899235836956177,-3.899235856484644,-3.899235856484644
2016-12-28,226.57000732421875,224.3999938964844,12.949999809265137,11.220000267028809,23.580280662871495,5.300926454181365,-95.56027333802938,-95.56076422214629,-95.56076422214733,-1.8308782488984812,-1.8313691330154045,-1.8313691330164414,-3.8990182317630424,-3.899018231764075,-3.8990182317640794
2016-12-29,224.47999572753903,224.3500061035156,13.369999885559082,11.640000343322754,24.0337606816937,45.3480018822205,85.21384897131415,85.05526380057256,85.05526374900613,-3.5828295038175106,-3.582829555383948,-3.582829555383948,-3.5828295038175106,-3.582829555383948,-3.582829555383948
2016-12-30,224.72999572753903,223.52999877929688,14.039999961853027,12.68000030517578,24.438715825010632,40.49551433169327,117.88964157290073,117.58602351734667,117.58602273218047,-3.2927615333932865,-3.2927623185594888,-3.2927623185594914,-3.2927615333932865,-3.2927623185594888,-3.2927623185594914
2017-01-03,225.0399932861328,225.2400054931641,12.850000381469728,11.989999771118164,23.67495744918685,-76.37583758237838,219.72314088496955,219.55850204206766,219.5585018648289,-3.570721782480015,-3.570721959718778,-3.570721959718778,-3.570721782480015,-3.570721959718778,-3.570721959718778
2017-01-04,225.6199951171875,226.5800018310547,11.850000381469728,10.68000030517578,23.27036339753169,-40.45940516551596,62.9232898505688,62.81653032913078,62.81653030920652,-3.686480897351196,-3.6864809172754467,-3.6864809172754467,-3.686480897351196,-3.6864809172754467,-3.6864809172754467
2017-01-05,226.27000427246097,226.3999938964844,11.670000076293944,9.949999809265137,22.92989901973661,-34.046437779507954,23.75232216192819,23.752229120799278,23.752229120799278,-3.458335749584591,-3.4583357702154904,-3.4583357702154927,-3.899813917742171,-3.8998139177421733,-3.8998139177421733
2017-01-06,226.52999877929688,227.2100067138672,11.31999969482422,9.1899995803833,23.03278244160183,10.288342186522215,11.211140326913421,11.211135837312161,11.211135837312161,-3.5113066464642113,-3.5113066492216425,-3.5113066492216425,-3.8999910207974775,-3.8999910207974775,-3.8999910207974775
2017-01-09,226.91000366210935,226.4600067138672,11.5600004196167,9.4399995803833,22.706151926519155,-32.66305150826767,6.1108838405254655,6.110881740939492,6.110881740939492,-2.7423517734506944,-2.7423538730366674,-2.7423538730366674,-3.8999958008280546,-3.8999958008280546,-3.8999958008280546
2017-01-10,226.47999572753903,226.4600067138672,11.489999771118164,8.880000114440918,22.596446008527096,-10.97059179920592,10.50195226492734,10.501950234257476,10.501950234257476,-3.6536593293899577,-3.653659329852892,-3.653659329852892,-3.899995938660279,-3.899995938660279,-3.899995938660279
2017-01-11,226.36000061035156,227.1000061035156,11.260000228881836,8.880000114440918,22.726658211447678,13.021220292058189,13.410096379997496,13.410092954903154,13.410092954903154,-3.7204633947451025,-3.7204633949857073,-3.7204633949857073,-3.899993149811315,-3.899993149811315,-3.899993149811315
2017-01-12,226.5,226.52999877929688,11.539999961853027,9.31999969482422,22.62123094351825,-10.542726792942858,12.683430476225611,12.683422941703318,12.683422941703318,-3.488309998053058,-3.488310002355566,-3.488310002355566,-3.899984930955414,-3.899984930955414,-3.899984930955414
2017-01-13,226.72999572753903,227.0500030517578,11.229999542236328,8.989999771118164,22.59432655340744,-2.6904390110807697,6.40667433767053,6.4066733507383375,6.4066733507383375,-3.3824678955322645,-3.3824688824644578,-3.3824688824644578,-3.8999980261356133,-3.8999980261356133,-3.8999980261356133
2017-01-17,226.30999755859375,226.25,11.869999885559082,10.850000381469728,22.619542705393428,2.521615198598681,29.669745901784488,29.669216873847184,29.669216873846665,-2.893335130281096,-2.8933356751639434,-2.893335675164458,-3.8989419441238398,-3.898941944124354,-3.898941944124354
2017-01-18,226.5399932861328,226.75,12.479999542236328,11.289999961853027,23.537253611228465,91.77109058350368,25.862897971860228,25.86229270099797,25.86229270099627,-1.8502847680694696,-1.8502890343182599,-1.8502890343199718,-3.89878945827037,-3.8987894582720757,-3.8987894582720815
2017-01-19,226.83999633789065,225.91000366210935,12.779999732971191,11.5,23.34431469913779,-19.293891209067482,20.359712735932632,20.35931972421514,20.359319724213847,-0.12305520414974103,-0.12344821586723809,-0.12344821586852905,-3.8992139765611302,-3.899213976562422,-3.899213976562422
2017-01-20,226.6999969482422,226.7400054931641,11.539999961853027,9.720000267028809,22.465026767715862,-87.92879314219277,10.862952872931443,10.862941942561891,10.862941942561891,-2.974496690701624,-2.9745076210711745,-2.9745076210711745,-3.8999781392609,-3.8999781392609,-3.8999781392609
2017-01-23,226.7400054931641,226.1499938964844,11.770000457763672,10.920000076293944,22.232471537336693,-23.25552303791696,17.989462193590143,17.989293816896236,17.98929381689615,-1.5824765947987363,-1.5826449714926407,-1.5826449714927282,-3.8996632466119285,-3.8996632466120165,-3.8996632466120165
2017-01-24,226.3999938964844,227.6000061035156,11.06999969482422,10.079999923706056,22.41321158202758,18.074004469088578,20.551972069029375,20.551891589737018,20.551891589737018,-3.2418865507542516,-3.241886610436928,-3.241886610436931,-3.899839041415285,-3.899839041415288,-3.899839041415288
2017-01-25,228.6999969482422,229.57000732421875,10.8100004196167,10.0600004196167,23.51023435329767,109.70227712700904,27.38855122907895,27.38823433714461,27.388234337144297,-3.476972355910058,-3.476972364721485,-3.4769723647217994,-3.899366216130387,-3.8993662161307014,-3.8993662161307014
2017-01-26,229.3999938964844,229.3300018310547,10.630000114440918,9.710000038146973,23.151209759139785,-35.90245941578836,60.82331893776763,60.795357516315185,60.79535751624997,-3.8440771568995165,-3.844077156964715,-3.844077156964715,-3.8440771568995165,-3.844077156964715,-3.844077156964715
2017-01-27,229.4199981689453,228.97000122070312,10.579999923706056,9.359999656677246,22.816170316230526,-33.50394429092596,58.44255741206444,58.42634809098103,58.42634809097232,-3.867581357807028,-3.8675813578157423,-3.8675813578157423,-3.867581357807028,-3.8675813578157423,-3.8675813578157423
2017-01-30,228.1699981689453,227.5500030517578,11.880000114440918,11.65999984741211,22.95306123064819,13.689091441766266,24.22322592329249,24.221968115357292,24.2219681152745,-0.4615391551545214,-0.4627969630897155,-0.46279696317250973,-3.89748438388123,-3.8974843839640236,-3.8974843839640236
2017-01-31,226.97999572753903,227.52999877929688,11.989999771118164,11.770000457763672,23.01262949718935,5.956826654116298,20.10909873824756,20.108636536663887,20.10863653666079,1.42978670235855,1.4293245007748743,1.4293245007717745,-3.8990755968233484,-3.899075596826449,-3.899075596826449
2017-02-01,227.52999877929688,227.6199951171875,11.8100004196167,12.039999961853027,22.85447136518475,-15.815813200460127,18.917138402703678,18.916569314285354,18.916569314256442,18.917138402703678,18.916569314285354,18.916569314256442,-3.898861823076612,-3.8988618231055225,-3.8988618231055225
2017-02-02,227.6199951171875,227.77000427246097,11.93000030517578,11.15999984741211,23.03095028786887,17.64789226841188,12.757855828539215,12.757734453920898,12.75773445392027,12.757855828539215,12.757734453920898,12.75773445392027,-3.8997572507614873,-3.8997572507621125,-3.8997572507621125
2017-02-03,228.82000732421875,229.33999633789065,10.970000267028809,9.1899995803833,23.17471245961977,14.376217175090034,24.857160239489623,24.857096166128272,24.857096166128272,-3.774022933608764,-3.7740229336936357,-3.7740229336936357,-3.899871853277296,-3.899871853277298,-3.899871853277298
2017-02-06,228.8699951171875,228.92999267578125,11.369999885559082,10.170000076293944,23.130538887927983,-4.417357169178615,35.38024758779428,35.3795721296301,35.37957212962863,-3.5767806568421423,-3.576780663311215,-3.576780663311215,-3.8986490836672134,-3.898649083668686,-3.898649083668686
2017-02-07,229.3800048828125,228.94000244140625,11.289999961853027,9.470000267028809,23.03096754747478,-9.95713404532026,56.877624292330935,56.8767619330411,56.876761933021164,-3.8579147813006047,-3.8579147813205483,-3.8579147813205483,-3.8982752813605077,-3.8982752813804513,-3.8982752813804513
2017-02-08,228.94000244140625,229.2400054931641,11.449999809265137,9.600000381469728,23.343739083199956,31.27715357251759,33.437762354002196,33.437500520372545,33.43750052037248,-3.749156787338436,-3.7491567877092122,-3.7491567877092122,-3.899476332740508,-3.8994763327405746,-3.8994763327405746
2017-02-09,229.2400054931641,230.6000061035156,10.880000114440918,8.850000381469727,23.81413169437392,47.039261117396336,-78.20207001947077,-78.20220068752182,-78.20220068752288,-3.8757681189685997,-3.875768118969647,-3.875768118969647,-3.8997386638947242,-3.899738663895771,-3.899738663895771
2017-02-10,231.0,231.5099945068359,10.850000381469728,9.020000457763672,24.444633186948703,63.05014925747834,28.165020269957417,28.164979577120633,28.164979577120633,-3.796381972873111,-3.796381973074619,-3.796381973074619,-3.8999186143264253,-3.8999186143264257,-3.8999186143264257
2017-02-13,232.0800018310547,232.77000427246097,11.06999969482422,9.31999969482422,25.475591778274353,103.09585913256498,4.777166132408551,4.777164640061185,4.777164640061185,-2.1392415468544135,-2.1392430392017783,-2.1392430392017783,-3.89999701530527,-3.89999701530527,-3.89999701530527
2017-02-14,232.55999755859375,233.6999969482422,10.739999771118164,8.9399995803833,25.963650454681733,48.80586764073804,1.8767474300867155,1.87674709320064,1.87674709320064,1.8767474300867155,1.87674709320064,1.87674709320064,-3.8999993262278494,-3.8999993262278494,-3.8999993262278494
2017-02-15,233.4499969482422,234.9199981689453,11.970000267028809,10.260000228881836,27.716574655045953,175.29242003642196,22.36500387639429,22.36466397220584,22.36466397220488,-2.889810848177741,-2.88981097197174,-2.889810971972698,-3.8993201916202214,-3.8993201916211793,-3.8993201916211793
2017-02-16,234.9499969482422,234.72000122070312,11.760000228881836,10.020000457763672,27.380469036438697,-33.610561860725596,176.79736078106566,176.76845474010628,176.76845473962587,-3.8421879166400017,-3.842187917120418,-3.842187917120418,-3.8421879166400017,-3.842187917120418,-3.842187917120418
2017-02-17,233.9499969482422,235.08999633789065,11.489999771118164,9.029999732971191,27.464172820809555,8.37037843708579,12.62007560830837,12.61996215519425,12.619962155194246,-3.8062908428558266,-3.8062908429084095,-3.8062908429084095,-3.899773093771751,-3.899773093771756,-3.899773093771756
2017-02-21,235.52000427246097,236.4900054931641,11.56999969482422,10.220000267028809,28.52324698839139,105.90741675818336,69.46632741349545,69.46257863220644,69.46257861979214,-3.7279471252459393,-3.7279471376602435,-3.7279471376602435,-3.8925024001790756,-3.89250241259338,-3.89250241259338
2017-02-22,236.02000427246097,236.27999877929688,11.739999771118164,10.390000343322754,28.41800331903138,-10.524366936000717,41.768157653884636,41.766923527098534,41.766923527096246,-3.330072884640202,-3.330073060042581,-3.330073060042581,-3.89753174642094,-3.897531746423228,-3.897531746423228
2017-02-23,236.8800048828125,236.44000244140625,11.710000038146973,10.149999618530272,28.49755281303214,7.954949400075861,13.144898281185197,13.144842985694337,13.14484298569433,-1.4578782339125498,-1.4578803675688512,-1.4578803675688579,-3.8998894090182623,-3.8998894090182685,-3.8998894090182685
2017-02-24,235.4600067138672,236.7400054931641,11.470000267028809,9.40999984741211,28.574444081699454,7.6891268667313994,64.67261413089285,64.67155967603932,64.67155967578347,-3.8447104392868563,-3.8447104395427045,-3.8447104395427045,-3.8978910895254026,-3.897891089781251,-3.897891089781251
2017-02-27,236.63999938964844,237.11000061035156,12.09000015258789,10.829999923706056,29.137808458498437,56.33643767989831,23.255026614978952,23.25454964644728,23.254549646446037,-1.4429489064594603,-1.4429550681660244,-1.4429550681660341,-3.899046062932935,-3.8990460629341768,-3.8990460629341768
2017-02-28,236.6699981689453,236.47000122070312,12.920000076293944,11.890000343322754,29.11521509991653,-2.2593358581907808,32.00814305100636,32.005535477424765,32.005535477265894,0.6606074959255457,0.6605300209139608,0.6605300209103451,-3.894784852360212,-3.8947848525190856,-3.8947848525190856
2017-03-01,238.38999938964844,239.77999877929688,12.539999961853027,10.56999969482422,31.549229540457972,243.4014440541443,24.952542116074696,24.951750592566263,24.951750592554205,-2.2443798746381836,-2.2443807554025366,-2.2443807554025366,-3.898416952946943,-3.898416952959005,-3.898416952959005
2017-03-02,239.55999755859375,238.27000427246097,11.8100004196167,9.600000381469728,29.84929882071445,-169.99307197435235,76.06966215430944,76.06565059048559,76.06565059032556,-3.839640295569715,-3.839640295729735,-3.839640295729735,-3.8919768718722283,-3.8919768720322487,-3.8919768720322487
2017-03-03,238.1699981689453,238.4199981689453,10.960000038146973,8.5600004196167,29.536785615787032,-31.25132049274164,6.2521929343975255,6.2521907689115395,6.2521907689115395,-3.4109213955112687,-3.410921396244556,-3.410921396244556,-3.899995669028027,-3.899995669028027,-3.899995669028027
2017-03-06,237.5,237.7100067138672,11.239999771118164,9.670000076293944,28.953507877788166,-58.32777379988663,6.015364756900766,6.015358084465353,6.015358084465353,6.015364756900766,6.015358084465353,6.015358084465353,-3.8999866551291733,-3.8999866551291738,-3.8999866551291738
2017-03-07,237.36000061035156,237.0,11.449999809265137,10.229999542236328,28.419767231880208,-53.37406459079581,9.337181644071615,9.337154029720354,9.337154029720343,9.337181644071615,9.337154029720354,9.337154029720343,-3.8999447712974478,-3.899944771297458,-3.899944771297458
2017-03-08,237.33999633789065,236.55999755859375,11.859999656677246,10.90999984741211,28.241486975709257,-17.828025617095022,14.052739345038924,14.052598661252004,14.052598661251428,14.052739345038924,14.052598661252004,14.052598661251428,-3.8997186324244293,-3.8997186324250057,-3.8997186324250057
2017-03-09,236.6999969482422,236.86000061035156,12.300000190734863,11.779999732971191,28.708239198047504,46.6752222338247,30.180909025943336,30.178845787979746,30.178845787890268,0.6160407419350307,0.615973279730313,0.6159732797278803,-3.895873523804388,-3.8958735238938664,-3.8958735238938664
2017-03-10,237.97000122070312,237.69000244140625,11.65999984741211,10.670000076293944,29.0140493911498,30.581019310229607,16.27451036205708,16.27422157201307,16.274221572010255,-0.3127062225531132,-0.3129950125971188,-0.3129950125999361,-3.899422419903537,-3.8994224199063545,-3.8994224199063545
2017-03-13,237.6199951171875,237.80999755859375,11.350000381469728,10.779999732971191,28.867132825794478,-14.69165653553226,13.406952912795047,13.406806277769027,13.40680627776806,13.406952912795047,13.406806277769027,13.40680627776806,-3.899706729945058,-3.899706729946025,-3.899706729946025
2017-03-14,237.17999267578125,236.8999938964844,12.300000190734863,11.779999732971191,28.56397103445378,-30.3161791340699,22.05073896355013,22.049891304959935,22.049891304929197,4.9024576899274415,4.9016100313372455,4.901610031306509,-3.898304682727401,-3.898304682758137,-3.898304682758137
2017-03-15,237.55999755859375,238.9499969482422,11.630000114440918,10.760000228881836,29.919959993550897,135.5988959097118,13.00134949667846,13.00122471647578,13.001224716475127,13.00134949667846,13.00122471647578,13.001224716475127,-3.8997504395926854,-3.899750439593339,-3.899750439593339
2017-03-16,239.11000061035156,238.47999572753903,11.210000038146973,9.739999771118164,29.292112889543517,-62.784710400737964,47.527932729276706,47.526552138431505,47.52655213842677,-3.711354080158244,-3.711354082390497,-3.711354082390497,-3.8972388182953934,-3.8972388183001234,-3.8972388183001234
2017-03-17,237.75,237.02999877929688,11.279999732971191,9.869999885559082,28.032697352359182,-125.9415537184335,8.293306953091085,8.293283533940231,8.293283533940224,-0.6232739711551067,-0.62329739030596,-0.6232973903059675,-3.8999531616982717,-3.8999531616982788,-3.8999531616982788
2017-03-20,237.02999877929688,236.77000427246097,11.34000015258789,10.229999542236328,27.7407692568811,-29.192809547808096,11.621365253401212,11.621321411939586,11.621321411939581,-0.5689580247547901,-0.5690018662164151,-0.5690018662164209,-3.899912317076733,-3.899912317076739,-3.899912317076739
2017-03-21,237.47000122070312,233.72999572753903,12.470000267028809,14.229999542236328,25.894759289966547,-184.6009966914554,-207.52513834958182,-207.54844533336123,-207.54844555354723,-207.52513834958182,-207.54844533336123,-207.54844555354723,-3.8533853718832334,-3.8533855920691793,-3.8533855920692095
2017-03-22,233.77000427246097,234.27999877929688,12.8100004196167,14.510000228881836,26.507629808260933,61.28705182943861,79.82659490193352,79.69154338674711,79.69153714498707,2.4799147639520305,2.479304454632052,2.4793044542213085,-3.6298782443366866,-3.6298844860967368,-3.629884486100186
2017-03-23,234.27999877929688,234.02999877929688,13.119999885559082,15.140000343322754,26.492719782050234,-1.4910026210699812,119.34537893042659,118.90959916395094,118.90904083672814,1.2675375619943319,1.2669792347715232,1.2669792339914974,-3.0267654830402186,-3.027323810263027,-3.0273238110430527
2017-03-24,234.3800048828125,233.86000061035156,12.960000038146973,13.43000030517578,26.21310331994651,-27.961646210372493,104.84403224984491,104.68187420642329,104.6818475476534,-1.9053640990999443,-1.9053907578697984,-1.9053907578709364,-3.5756039368437356,-3.5756305956135903,-3.575630595614728
2017-03-27,231.92999267578125,233.6199951171875,12.5,12.119999885559082,25.60100526727235,-61.20980526741597,26.071993960182624,26.070561792474813,26.070561792417173,2.598065585950188,2.596633418242381,2.596633418184738,-3.8971356644114548,-3.897135664469098,-3.897135664469098
2017-03-28,233.27000427246097,235.32000732421875,11.529999732971191,10.510000228881836,26.345448793043666,74.44435257713167,-44.597240076096796,-44.59756463111872,-44.597564631120285,-2.2034221254837214,-2.203422693147373,-2.203422693148935,-3.8993508899514553,-3.899350889953017,-3.899350889953017
2017-03-29,234.9900054931641,235.5399932861328,11.420000076293944,10.079999923706056,26.437934471195437,9.248567815177111,126.27003390329281,126.23811092873419,126.23811092800153,-3.8361540486848114,-3.836154049417492,-3.836154049417492,-3.8361540486848114,-3.836154049417492,-3.836154049417492
2017-03-30,235.47000122070312,236.2899932861328,11.539999961853027,9.579999923706056,27.095931047925767,65.799657673033,65.85548754404556,65.85406783963109,65.85406783901239,-3.8287227038199387,-3.8287227044386483,-3.8287227044386483,-3.8971605893149115,-3.8971605899336215,-3.8971605899336215
2017-03-31,235.8999938964844,235.7400054931641,12.369999885559082,9.65999984741211,27.044615682749754,-5.131536517601276,40.5233726179935,40.522940366117304,40.52294036611725,-3.6828042004860357,-3.68280420709373,-3.68280420709373,-3.899135496247439,-3.899135496247493,-3.899135496247493
2017-04-03,235.8000030517578,235.3300018310547,12.380000114440918,10.15999984741211,26.608054712974127,-43.6560969775627,50.96236896320963,50.96082888207714,50.96082888207522,-3.6079569597121077,-3.607956991559417,-3.607956991559417,-3.8969198377292726,-3.8969198377311907,-3.8969198377311907
2017-04-04,235.0,235.47999572753903,11.789999961853027,9.510000228881836,26.370789047722766,-23.72656652513605,124.8314430098907,124.81761694238966,124.81761694234464,-3.872347864862869,-3.8723478649078835,-3.8723478649078835,-3.872347864862869,-3.8723478649078835,-3.8723478649078835
2017-04-05,236.2599945068359,234.77999877929688,12.890000343322754,11.890000343322754,26.400827566596234,3.003851887346798,2.068770692511727,2.0620956852629186,2.0620956844890213,-1.4203318331863746,-1.4203556447255967,-1.4203556447262091,-3.8866499831806918,-3.8866499839545927,-3.8866499839545927
2017-04-06,234.94000244140625,235.44000244140625,12.390000343322754,10.270000457763672,26.59126027733695,19.043271074071555,150.72602275560374,150.68558338594235,150.68558338449677,-3.8191212563405004,-3.8191212577861204,-3.8191212577861204,-3.8191212563405004,-3.8191212577861204,-3.8191212577861204
2017-04-07,235.1499938964844,235.1999969482422,12.869999885559082,10.0600004196167,26.640672563247556,4.941228591060565,97.25441424507336,97.2181819126617,97.21818191137302,-3.8275353313106404,-3.827535332599334,-3.827535332599334,-3.8275353313106404,-3.827535332599334,-3.827535332599334
2017-04-10,235.36000061035156,235.33999633789065,14.050000190734863,10.359999656677246,27.373235323188997,73.2562759941441,83.10890107154637,83.03521563199004,83.03521562100437,-3.7526290879303623,-3.7526290989160325,-3.7526290989160325,-3.7526290879303623,-3.7526290989160325,-3.7526290989160325
2017-04-11,234.8999938964844,235.05999755859375,15.06999969482422,10.539999961853027,27.82863014475553,45.53948215665322,233.27303900350162,233.21631281906954,233.2163128150016,-3.786547618931914,-3.7865476229998998,-3.7865476229998998,-3.786547618931914,-3.7865476229998998,-3.7865476229998998
2017-04-12,234.7400054931641,234.02999877929688,15.770000457763672,10.90999984741211,27.582588853483458,-24.60412912720713,104.05558449454301,103.96258686414436,103.96258684970593,-3.714004695887398,-3.7140047103258382,-3.7140047103258382,-3.714004695887398,-3.7140047103258382,-3.7140047103258382
2017-04-13,233.63999938964844,232.5099945068359,15.960000038146973,12.75,26.66897341037624,-91.36154431072185,53.01736460349639,52.99524401987713,52.99524396058783,-0.4741893061837388,-0.47423388128874455,-0.4742338812894422,-3.855758654893574,-3.855758714182863,-3.8557587141828633
2017-04-17,233.11000061035156,234.57000732421875,14.65999984741211,13.4399995803833,26.90549068836679,23.651727799055067,42.42649799297566,42.40999718129532,42.40999710404602,5.150168415287924,5.133667603607584,5.133667526358289,-3.8669981448914297,-3.866998222140725,-3.866998222140727
2017-04-18,233.72000122070312,233.8699951171875,14.420000076293944,14.199999809265137,26.182558253374005,-72.2932434992785,73.49363709407895,73.39551641527048,73.39551353170063,2.048950022256209,2.0485158098633507,2.0485158096916134,-3.703749991671058,-3.7037528752408995,-3.703752875241723
2017-04-19,234.52000427246097,233.44000244140625,14.93000030517578,16.200000762939453,26.195173417501607,1.261516412760244,152.1931511926434,151.16211815184138,151.16041263764214,3.1044330843374066,3.1027275701381587,3.102727556268966,-1.8328173341906475,-1.8345228483898959,-1.8345228622590883
2017-04-20,234.1499938964844,235.33999633789065,14.149999618530272,15.829999923706056,27.007685071718363,81.25116542167561,51.60132770489198,51.06197036259143,51.06182474889155,3.632660331858048,3.630973001886674,3.6309729945392863,-2.8208484522571386,-2.820994065956998,-2.820994073304385
2017-04-21,235.25,234.58999633789065,14.630000114440918,17.09000015258789,26.716714354296702,-29.097071742166136,100.0355921950011,95.18933944079474,95.18318115127394,5.810981558474191,5.804823268953399,5.8048228751217135,5.810981558474191,5.804823268953399,5.8048228751217135
2017-04-24,237.17999267578125,237.1699981689453,10.84000015258789,9.960000038146973,26.758710577145308,4.199622284860638,8.523925696178992,8.523910317117226,8.523910317117226,-0.21696189549199563,-0.21697727455376148,-0.21697727455376237,-3.899969241876466,-3.899969241876467,-3.899969241876467
2017-04-25,237.91000366210935,238.5500030517578,10.760000228881836,9.800000190734863,27.95522596296129,119.65153858159816,9.485249168257203,9.485216139783306,9.485216139783295,-1.5462816644697779,-1.5463146929436742,-1.5463146929436853,-3.8999339430521753,-3.8999339430521864,-3.8999339430521864
2017-04-26,238.5099945068359,238.3999938964844,10.850000381469728,9.789999961853027,27.813576923980666,-14.16490389806242,22.164826696445395,22.164589238272008,22.16458923827173,-3.1735276402993633,-3.1735276783092736,-3.1735276783092736,-3.899525083652391,-3.8995250836526676,-3.8995250836526676
2017-04-27,238.77000427246097,238.6000061035156,10.359999656677246,9.239999771118164,27.835268537970137,2.169161398947139,26.682124310275377,26.681964024089645,26.681964024089616,-3.6610543594006812,-3.661054360484841,-3.661054360484841,-3.8996794276284454,-3.899679427628477,-3.899679427628477
2017-04-28,238.8999938964844,238.0800018310547,10.81999969482422,9.420000076293944,27.451487299690836,-38.37812382793011,33.75311261773385,33.75273805467477,33.75273805467455,-3.6856015334174748,-3.6856015347857722,-3.6856015347857722,-3.8992508738811886,-3.8992508738814102,-3.8992508738814102
2017-05-01,238.67999267578125,238.67999267578125,10.109999656677246,9.489999771118164,27.736211600437635,28.472430074679878,25.429707491440105,25.42949571410385,25.42949571410375,-3.5177956185946297,-3.5177956238240276,-3.5177956238240276,-3.899576445327188,-3.8995764453272908,-3.8995764453272908
2017-05-02,238.83999633789065,238.77000427246097,10.59000015258789,10.489999771118164,27.90301105859453,16.67994581568948,41.28376388855729,41.28136419929889,41.28136419923455,-3.2211921390489904,-3.221192266547699,-3.221192266547699,-3.8952006212901917,-3.895200621354532,-3.895200621354532
2017-05-03,238.77000427246097,238.47999572753903,10.68000030517578,10.779999732971191,27.627694921007915,-27.531613758661422,40.95744868008917,40.95426861210445,40.95426861192332,-2.927558417594763,-2.927558842262155,-2.927558842262155,-3.8936398634871745,-3.8936398636683016,-3.8936398636683016
2017-05-04,238.8300018310547,238.7599945068359,10.460000038146973,11.039999961853027,27.8034455993093,17.57506783013838,46.372946666901456,46.36746654295041,46.367466542233934,-2.8400193009159542,-2.8400200540166907,-2.8400200540166907,-3.8890397499484877,-3.8890397506649688,-3.8890397506649688
2017-05-05,239.19000244140625,239.6999969482422,10.56999969482422,11.4399995803833,28.678157291027375,87.47116917180762,70.97046028207974,70.9489476086851,70.94894759514824,-3.115753139792276,-3.1157538531279223,-3.1157538531279223,-3.8569746126000886,-3.856974626136955,-3.856974626136955
2017-05-08,239.75,239.66000366210935,9.770000457763672,9.09000015258789,28.407204089231378,-27.095320179599724,85.82125770469932,85.81113393948132,85.81113393947528,-3.8797524695458594,-3.879752469551902,-3.879752469551902,-3.8797524695458594,-3.879752469551902,-3.879752469551902
2017-05-09,239.9600067138672,239.44000244140625,9.960000038146973,9.3100004196167,28.20096753360489,-20.623655562648935,108.6881544146595,108.67468085710802,108.67468085707102,-3.8730528847860017,-3.873052884822994,-3.873052884822994,-3.8730528847860017,-3.873052884822994,-3.873052884822994
2017-05-10,239.38999938964844,239.8699951171875,10.210000038146973,9.43000030517578,28.625860994994802,42.48934613899138,61.61826671649403,61.61647336651243,61.61647336650905,-3.831890793384753,-3.8318907935220627,-3.8318907935220627,-3.896413300026688,-3.896413300030061,-3.896413300030061
2017-05-11,239.3500061035156,239.3800048828125,10.600000381469728,10.350000381469728,28.209966633493664,-41.58943615011381,69.23562405240901,69.22818995363961,69.22818995330891,-3.6777446610566393,-3.677744671434317,-3.677744671434317,-3.885131801469085,-3.8851318017997833,-3.8851318017997833
2017-05-12,239.08999633789065,238.97999572753903,10.399999618530272,9.399999618530272,27.76362006298043,-44.6346570513235,42.942943241860796,42.94227964067608,42.94227964067552,-3.766616877289854,-3.766616877790788,-3.766616877790788,-3.8986727976288904,-3.8986727976294473,-3.8986727976294473
2017-05-15,239.47000122070312,240.3000030517578,10.420000076293944,9.15999984741211,28.93124653201204,116.76264690316103,4.2171168860408645,4.215752106063055,4.215752106062057,-3.8614908376256882,-3.8614908376472816,-3.8614908376472816,-3.8972704400413947,-3.8972704400423903,-3.8972704400423903
2017-05-16,240.63999938964844,240.0800018310547,10.649999618530272,8.960000038146973,28.73490761455542,-19.633891745661813,49.82002905976896,49.81969138309933,49.81969138309931,-3.838984299746517,-3.838984299911111,-3.838984299911111,-3.8993246466606934,-3.8993246466607006,-3.8993246466607006
2017-05-17,240.0800018310547,235.82000732421875,15.59000015258789,20.170000076293945,27.007937764549368,-172.69698500060537,-339.8666591970404,-352.78736963979895,-352.87781590635296,22.212989096588466,22.12254283003449,22.122466368940685,22.212989096588466,22.12254283003449,22.122466368940685
2017-05-18,235.72999572753903,236.77000427246097,14.65999984741211,16.670000076293945,27.180269548025528,17.23317834761602,136.0078617411829,135.24702488578572,135.2468122372977,6.874667509432646,6.86667029504326,6.866669781083166,-2.37768680185718,-2.3778994503452044,-2.377899964305298
2017-05-19,237.3300018310547,238.30999755859375,12.039999961853027,10.979999542236328,27.35339763230515,17.312808427962167,14.607926701272616,14.60776286993085,14.607762869930033,14.607926701272616,14.60776286993085,14.607762869930033,-3.8996723373140245,-3.89967233731484,-3.89967233731484
2017-05-22,238.8999938964844,239.52000427246097,10.93000030517578,9.390000343322754,28.08608518217731,73.26875498721606,33.47329879492184,33.47294809237091,33.47294809237073,-3.6926396076724206,-3.6926396088604596,-3.6926396088604596,-3.899298594897598,-3.89929859489778,-3.89929859489778
2017-05-23,239.9499969482422,240.0500030517578,10.720000267028809,9.31999969482422,28.51793687893438,43.1851696757068,210.93156730143758,210.91792294352493,210.91792294348735,-3.8727112840618907,-3.8727112840994447,-3.8727112840994447,-3.8727112840618907,-3.8727112840994447,-3.8727112840994447
2017-05-24,240.32000732421875,240.61000061035156,10.020000457763672,8.5600004196167,28.923651541075806,40.57146621414276,67.54763410767643,67.54722959486028,67.54722959485764,-3.886525878991011,-3.8865258789936474,-3.8865258789936474,-3.8991909743597892,-3.899190974362426,-3.899190974362426
2017-05-25,241.1999969482422,241.7599945068359,9.989999771118164,8.119999885559082,30.00934568790979,108.56941468339834,16.455871000885033,16.45586764006854,16.45586764006854,-3.813006824090579,-3.8130068241171706,-3.8130068241171706,-3.899993278367016,-3.899993278367016,-3.899993278367016
2017-05-26,241.5399932861328,241.7100067138672,9.8100004196167,7.599999904632568,29.917438602428003,-9.190708548178605,5.25443848580823,5.25443841006388,5.25443841006388,-3.789274844314316,-3.789274844320824,-3.789274844320824,-3.899999848511301,-3.899999848511301,-3.899999848511301
2017-05-30,241.33999633789065,241.5,10.380000114440918,9.039999961853027,29.665433142077035,-25.20054603509685,19.079393720930653,19.07935945563139,19.07935945563139,-3.513757239179907,-3.5137572469069447,-3.5137572469069447,-3.8999314694014693,-3.8999314694014693,-3.8999314694014693
2017-05-31,241.83999633789065,241.44000244140625,10.40999984741211,8.710000038146973,29.583741132867733,-8.169200920930209,6.232559209017154,6.232557491245286,6.232557491245286,-3.023216353206494,-3.0232163718936156,-3.0232163718936156,-3.899996564456263,-3.899996564456263,-3.899996564456263
2017-06-01,241.97000122070312,243.36000061035156,9.890000343322754,8.5,31.38693862193517,180.31974890674363,3.712651683680008,3.7126512253043895,3.7126512253043895,-2.929765840860387,-2.929765854279437,-2.929765854279437,-3.8999990832487654,-3.8999990832487654,-3.8999990832487654
2017-06-02,243.4199981689453,244.1699981689453,9.75,8.470000267028809,32.152215105806896,76.52764838717268,11.531537896586727,11.531529601929416,11.531529601929416,-3.609697244385969,-3.609697244701197,-3.609697244701197,-3.8999834106853806,-3.8999834106853806,-3.8999834106853806
2017-06-05,243.97000122070312,243.9900054931641,10.06999969482422,9.6899995803833,31.916938608466904,-23.527649733999212,41.690011654607375,41.688802621925014,41.68880262191964,-3.598235764866903,-3.598235772950008,-3.598235772950008,-3.897581934619173,-3.8975819346245415,-3.8975819346245415
2017-06-06,243.33999633789065,243.2100067138672,10.449999809265137,10.390000343322754,31.15152107629008,-76.54175321768228,23.853860377352923,23.853126083579767,23.853126083568434,-2.046453262895919,-2.0464544547105463,-2.0464544547105463,-3.898531412419695,-3.898531412431026,-3.898531412431026
2017-06-07,243.6000061035156,243.66000366210935,10.390000343322754,10.130000114440918,31.56205725516086,41.05361788707782,29.933620549420155,29.93267487313883,29.93267487312898,-2.9462484514295824,-2.9462486476473067,-2.9462486476473067,-3.898108647407797,-3.8981086474176476,-3.8981086474176476
2017-06-08,243.77000427246097,243.77999877929688,10.15999984741211,9.619999885559082,31.639515535625556,7.745828046469683,31.86276884710749,31.862194358689123,31.862194358687837,-3.467231059153483,-3.467231073487794,-3.467231073487794,-3.898851023159416,-3.8988510231607005,-3.8988510231607005
2017-06-09,244.08999633789065,243.41000366210935,10.699999809265137,10.369999885559082,31.288592311255247,-35.09232243703089,55.38714844957162,55.381745037612625,55.38174503731158,-3.442383943577478,-3.442384012708811,-3.442384012708811,-3.8891931751789106,-3.8891931754799494,-3.8891931754799494
2017-06-12,243.1300048828125,243.36000061035156,11.460000038146973,11.350000381469728,31.230430167691647,-5.81621435635995,27.06104547390928,27.058840554607606,27.058840554217205,0.6232267185762685,0.6231975258178455,0.6231975258177735,-3.89559016022544,-3.8955901606158423,-3.8955901606158423
2017-06-13,243.97999572753903,244.5500030517578,10.420000076293944,9.350000381469728,32.286037274285654,105.56071065940067,38.76431853564801,38.763687848280554,38.76368784827981,-3.6955108184132337,-3.6955108201196434,-3.6955108201196434,-3.8987386252628498,-3.898738625263592,-3.898738625263592
2017-06-14,244.86000061035156,244.2400054931641,10.640000343322754,9.90999984741211,31.96797277557996,-31.80644987056951,108.33700098608423,108.29307909144737,108.2930790899309,-3.8121562061768266,-3.8121562076933064,-3.8121562076933064,-3.8121562061768266,-3.8121562076933064,-3.8121562076933064
2017-06-15,242.67999267578125,243.77000427246097,10.899999618530272,10.140000343322754,31.498395640650006,-46.95771349299527,10.812924176836042,10.812860174459518,10.812860174459408,0.9239993782775979,0.9239353759010722,0.9239353759009639,-3.8998719952466225,-3.899871995246732,-3.899871995246732
2017-06-16,242.77000427246097,242.63999938964844,10.380000114440918,8.329999923706055,30.327807537073326,-117.05881035766801,1.8210327315099644,1.8210324350228877,1.8210324350228877,-2.7212129402524585,-2.7212132367395356,-2.7212132367395356,-3.8999994070258466,-3.8999994070258466,-3.8999994070258466
2017-06-19,243.58999633789065,244.66000366210935,10.369999885559082,8.520000457763672,32.24106506054023,191.32575234669034,16.30571196206693,16.30569268102481,16.30569268102481,-3.6997606891852417,-3.699760689353473,-3.699760689353473,-3.8999614379157594,-3.8999614379157594,-3.8999614379157594
2017-06-20,244.25,243.0099945068359,10.859999656677246,9.420000076293944,30.619413964014743,-162.1651096525486,54.54593893851211,54.544274885511975,54.54427488550726,-3.7808377474020807,-3.7808377480798327,-3.7808377480798327,-3.896671893985578,-3.8966718939902947,-3.8966718939902947
2017-06-21,243.4600067138672,242.9499969482422,10.75,9.5600004196167,30.526602836814597,-9.281112720014661,20.440625361911074,20.440436879316167,20.440436879315996,-3.115197379038702,-3.1151974213946296,-3.1151974213946296,-3.8996230348096796,-3.899623034809851,-3.899623034809851
2017-06-22,242.9600067138672,242.83999633789065,10.479999542236328,9.229999542236328,30.37556698679767,-15.10358500169282,7.9041038180993475,7.904089644400052,7.904089644400051,-2.254347990084047,-2.254348088256262,-2.254348088256262,-3.899971652601406,-3.899971652601407,-3.899971652601407
2017-06-23,242.91000366210935,243.1300048828125,10.020000457763672,8.380000114440918,30.61344783000943,23.78808432117623,3.0855160621505062,3.0855153857959703,3.0855153857959703,-3.001961226698163,-3.001961229517968,-3.001961229517968,-3.899998647290926,-3.899998647290926,-3.899998647290926
2017-06-26,243.8999938964844,243.2899932861328,9.899999618530272,8.699999809265137,30.69281666572276,7.936883571332842,28.868071246351448,28.86796686354974,28.86796686354974,-3.7872471514834736,-3.7872471515727253,-3.7872471515727253,-3.8997912343965795,-3.8997912343965844,-3.8997912343965844
2017-06-27,243.0399932861328,241.3300018310547,11.0600004196167,10.5,28.807048184676837,-188.5768481045922,17.861602228772888,17.861214532645036,17.861214532640062,-0.6077904909516771,-0.6077951504358259,-0.6077951504358263,-3.8992246077293653,-3.8992246077343413,-3.8992246077343413
2017-06-28,242.5,243.4900054931641,10.029999732971191,8.489999771118164,30.84592739596177,203.88792112849325,1.462782800926517,1.4627826034235323,1.4627826034235323,1.462782800926517,1.4627826034235323,1.4627826034235323,-3.89999960499403,-3.89999960499403,-3.89999960499403
2017-06-29,243.66000366210935,241.3500061035156,11.4399995803833,11.369999885559082,28.80585044394673,-204.00769520150385,44.55727595357963,44.549277510733916,44.54927750740915,-1.8524585276707257,-1.852464653740328,-1.8524646537403346,-3.8840031043342798,-3.884003107659043,-3.884003107659043
2017-06-30,242.27999877929688,241.8000030517578,11.18000030517578,9.93000030517578,29.193086031889578,38.723558794284685,9.038884469854597,9.038862352156025,9.038862352156022,0.9162365067695157,0.9162143890709444,0.91621438907094,-3.8999557646028453,-3.8999557646028493,-3.8999557646028493
2017-07-03,242.8800048828125,242.2100067138672,11.220000267028809,10.210000038146973,29.515581875926006,32.24958440364283,13.218882611094687,13.218750215104508,13.21875021510405,-0.2782181556597032,-0.2782217380196408,-0.27822173802009953,-3.899735208018265,-3.8997352080187233,-3.8997352080187233
2017-07-05,242.6300048828125,242.77000427246097,11.06999969482422,9.649999618530272,30.002617198928355,48.7035323002349,7.432464998232284,7.432449471177245,7.432449471177241,7.432464998232284,7.432449471177245,7.432449471177241,-3.89996894588991,-3.899968945889913,-3.899968945889913
2017-07-06,241.88999938964844,240.5500030517578,12.539999961853027,11.529999732971191,27.95626041693042,-204.6356781997936,25.934808361633223,25.933460494384626,25.93346049433955,2.008010777851669,2.007897565727621,2.0078975657224243,-3.8973042653675654,-3.897304265412644,-3.897304265412644
2017-07-07,241.2100067138672,242.11000061035156,11.1899995803833,9.260000228881836,23.059235558975942,-492.30248579544775,25.20264918642509,25.202552083362896,25.202552083362896,-3.540912341025857,-3.5409123522337342,-3.5409123522337342,-3.8998057938756006,-3.8998057938756028,-3.8998057938756028
2017-07-10,242.11000061035156,242.3699951171875,11.109999656677246,9.899999618530272,22.920694229491914,-13.854132948402764,9.999308143259697,9.999281550881607,9.999281550881603,-0.33850641399653636,-0.3385107723860368,-0.338510772386039,-3.8999468152438124,-3.8999468152438146,-3.8999468152438146
2017-07-11,242.3699951171875,242.19000244140625,10.890000343322754,9.369999885559082,22.444914967920113,-47.57792615718017,5.502604547145596,5.502600444155595,5.502600444155595,5.502604547145596,5.502600444155595,5.502600444155595,-3.899991794020001,-3.899991794020001,-3.899991794020001
2017-07-12,243.3000030517578,244.0099945068359,10.300000190734863,8.0600004196167,22.19472601138085,-25.018895653926165,6.700260981925375,6.700259829128443,6.700259829128443,-3.6571481810312085,-3.6571481810867357,-3.6571481810867357,-3.8999976944061356,-3.8999976944061356,-3.8999976944061356
2017-07-13,244.02000427246097,244.4199981689453,9.899999618530272,8.010000228881836,21.712571473795307,-48.21545375855436,27.77819054148479,27.778167854637722,27.778167854637722,-3.871541087905677,-3.87154108790619,-3.87154108790619,-3.8999546263058655,-3.8999546263058655,-3.8999546263058655
2017-07-14,244.4199981689453,245.55999755859375,9.510000228881836,7.550000190734863,21.64459016470414,-6.798130909116651,-67.29305642559102,-67.29308463225588,-67.29308463225588,-3.897042488957534,-3.8970424889575344,-3.8970424889575344,-3.8999435866702856,-3.8999435866702856,-3.8999435866702856
2017-07-17,245.47000122070312,245.52999877929688,9.81999969482422,8.390000343322754,22.004214054162894,35.96238894587529,56.50924538776963,56.50900606781814,56.50900606781814,-3.8793251374358366,-3.8793251374421844,-3.8793251374421844,-3.8995213600970295,-3.8995213600970304,-3.8995213600970304
2017-07-18,245.05999755859375,245.66000366210935,9.890000343322754,8.4399995803833,22.144553744045034,14.033968988213985,90.45748083238452,90.45326620251691,90.45326620251608,-3.891570740262275,-3.8915707402631083,-3.8915707402631083,-3.891570740262275,-3.8915707402631083,-3.8915707402631083
2017-07-19,246.02000427246097,246.9900054931641,9.789999961853027,7.849999904632568,22.66286238172524,51.83086376802066,21.791607518230627,21.79160239309943,21.79160239309943,-3.8567295979210447,-3.8567295979254204,-3.8567295979254204,-3.8999897497376033,-3.8999897497376033,-3.8999897497376033
2017-07-20,247.27999877929688,247.1000061035156,9.579999923706056,7.690000057220459,22.385735636124302,-27.71267456009383,-0.4620635351143645,-0.46206354270437977,-0.46206354270437977,-2.8055494478502787,-2.8055494503623715,-2.8055494503623715,-3.8999999848199693,-3.8999999848199693,-3.8999999848199693
2017-07-21,246.44000244140625,246.8800048828125,9.359999656677246,7.099999904632568,21.914437437722647,-47.12981984016551,5.216772210052676,5.21677218761554,5.21677218761554,-3.85425951878486,-3.8542595187850734,-3.8542595187850734,-3.8999999551257263,-3.8999999551257263,-3.8999999551257263
2017-07-24,246.7899932861328,246.82000732421875,9.43000030517578,7.639999866485596,21.885450551554975,-2.898688616767231,2.6430375872913014,2.6430375343296317,2.6430375343296317,-3.603986521154747,-3.6039865212675197,-3.6039865212675197,-3.899999894076661,-3.899999894076661,-3.899999894076661
2017-07-25,247.67999267578125,247.4199981689453,9.43000030517578,7.869999885559082,22.19123328673831,30.578273518333532,0.3201429873516499,0.3201429339502102,0.3201429339502102,-2.7933921087211138,-2.7933921102660477,-2.7933921102660477,-3.8999998931971214,-3.8999998931971214,-3.8999998931971214
2017-07-26,247.75,247.42999267578125,9.600000381469728,8.069999694824219,22.404906365691026,21.367307895271637,1.3543871140999277,1.3543869316703958,1.3543869316703958,-2.766454411732889,-2.7664544148622774,-2.7664544148622774,-3.899999635140936,-3.899999635140936,-3.899999635140936
2017-07-27,247.9600067138672,247.1999969482422,10.109999656677246,9.029999732971191,22.98093242189303,57.602605620200364,7.830317368550313,7.830303828527157,7.830303828527155,-2.2730343432402194,-2.273034436944144,-2.273034436944144,-3.899972919953683,-3.899972919953684,-3.899972919953684
2017-07-28,246.6499938964844,246.91000366210935,10.289999961853027,8.550000190734863,23.058928644208613,7.799622231558345,9.370220533604854,9.370216535024781,9.370216535024781,-3.321445425890425,-3.3214454338960797,-3.3214454338960797,-3.899992002839856,-3.899992002839856,-3.899992002839856
2017-07-31,247.3699951171875,246.77000427246097,10.260000228881836,9.43000030517578,22.839805492536726,-21.912315167188723,6.909871156987155,6.9098621032656435,6.9098621032656435,0.8356721629327577,0.8356671835096527,0.8356671835096519,-3.899981892556978,-3.8999818925569785,-3.8999818925569785
2017-08-01,247.4600067138672,247.32000732421875,10.09000015258789,8.930000305175781,22.84865179952463,0.884630698790545,4.1382269322416025,4.138225009386224,4.138225009386224,4.1382269322416025,4.138225009386224,4.138225009386224,-3.899996154289242,-3.899996154289242,-3.899996154289242
2017-08-02,247.47000122070312,247.44000244140625,10.279999732971191,8.680000305175781,23.15522938084837,30.657758132373658,2.957979014575275,2.9579782303912037,2.9579782303912037,2.957979014575275,2.9579782303912037,2.9579782303912037,-3.899998431631856,-3.899998431631856,-3.899998431631856
2017-08-03,247.30999755859375,246.9600067138672,10.4399995803833,9.3100004196167,23.10279364027887,-5.243574056949996,6.373954999973671,6.373948754307227,6.373948754307227,0.08263810029340535,0.08263536871070709,0.08263536871070709,-3.899987508667111,-3.899987508667111,-3.899987508667111
2017-08-04,247.52000427246097,247.41000366210935,10.029999732971191,8.579999923706055,22.710058273093736,-39.27353671851321,2.567705352896702,2.567704749089975,2.567704749089975,2.567705352896702,2.567704749089975,2.567704749089975,-3.8999987923865462,-3.8999987923865462,-3.8999987923865462
2017-08-07,247.4900054931641,247.8699951171875,9.93000030517578,8.430000305175781,22.721403305618225,1.1345032524488374,1.8979586193314262,1.8979583139822207,1.8979583139822207,1.8979586193314262,1.8979583139822207,1.8979583139822207,-3.899999389301589,-3.899999389301589,-3.899999389301589
2017-08-08,247.5099945068359,247.2599945068359,10.960000038146973,10.5,23.85394887214307,113.2545566524847,14.197524946455639,14.197354615817,14.197354615815675,14.197524946455639,14.197354615817,14.197354615815675,-3.89965933871874,-3.899659338720066,-3.899659338720066
2017-08-09,246.47000122070312,247.25,11.109999656677246,10.720000267028809,24.03701654534251,18.306767319943873,31.139632388466623,31.138240602665505,31.138240602649574,-1.6207142404923274,-1.6207226009307751,-1.6207226009308067,-3.8972164283499784,-3.897216428365908,-3.897216428365908
2017-08-10,246.2899932861328,243.7599945068359,16.040000915527344,17.829999923706055,30.575139209290654,653.8122663948144,-114.11245086119187,-115.14221759022213,-115.14306996101564,22.552356512679417,22.47076262863667,22.47072100529043,-1.8379093610137804,-1.8387617318072782,-1.8387617546556623
2017-08-11,244.02000427246097,244.1199951171875,15.510000228881836,15.529999732971191,29.750847242590126,-82.42919667005282,116.3311951613669,115.77820755409685,115.77802323292727,5.566794336997129,5.563606661722035,5.5636066358468454,-2.7934718165064027,-2.7936561376760167,-2.793656139490913
2017-08-14,245.58999633789065,246.5399932861328,12.329999923706056,11.630000114440918,25.379465114758247,-437.1382127831879,86.28115605592464,86.24357875659678,86.24357873498019,-2.85967432431868,-2.859679731269587,-2.8596797312696847,-3.82484533649453,-3.824845358111098,-3.824845358111098
2017-08-15,246.97999572753903,246.5099945068359,12.039999961853027,10.40999984741211,24.87707171667705,-50.23933980811961,16.68512493018158,16.684921852860548,16.684921852860207,0.4220534078020677,0.4220338381926556,0.4220338381925961,-3.899593845356907,-3.8995938453572494,-3.8995938453572494
2017-08-16,247.11000061035156,246.94000244140625,11.739999771118164,9.729999542236328,24.57887357170266,-29.819814497439268,10.194132487158193,10.194103525927796,10.194103525927792,-0.27077375648071733,-0.27077849578269575,-0.2707784957826971,-3.8999420775391958,-3.899942077539199,-3.899942077539199
2017-08-17,246.2400054931641,243.08999633789065,15.550000190734863,15.770000457763672,29.211253328671972,463.2379756969314,-278.46826593157675,-278.83635963857864,-278.83641620832594,10.958184551542558,10.943739073222659,10.943738026017682,-3.1636428764577564,-3.16369944620506,-3.1636994463039283
2017-08-18,242.8999938964844,242.7100067138672,14.260000228881836,13.170000076293944,26.88148285471486,-232.97704739571117,41.322037156884164,41.30628649145902,41.306286403634275,8.785655359649377,8.784267483479416,8.784267395654666,-3.8684984056754654,-3.8684984935002134,-3.868498493500217
2017-08-21,242.63999938964844,242.8999938964844,13.1899995803833,12.479999542236328,25.045434294699646,-183.60485600152145,30.684447748429022,30.67997418526003,30.679974180724805,30.684447748429022,30.67997418526003,30.679974180724805,-3.891052860056347,-3.891052864591568,-3.891052864591568
2017-08-22,243.57000732421875,245.44000244140625,11.350000381469728,9.920000076293944,23.06839317532767,-197.70411193719752,-61.02145603990165,-61.02203177703292,-61.02203177703561,-3.047294549347993,-3.0472946544347055,-3.0472946544347055,-3.898848525729406,-3.8988485257320873,-3.8988485257320873
2017-08-23,244.3300018310547,244.55999755859375,12.25,11.140000343322754,24.062892579453163,99.44994041254915,79.69578890800636,79.6687776445544,79.6687776268045,-3.2999500873253886,-3.2999504664220436,-3.299950466422044,-3.845977419846352,-3.845977437596258,-3.8459774375962583
2017-08-24,245.0,243.9900054931641,12.229999542236328,10.329999923706056,23.767608717022313,-29.52838624308498,48.643528804098295,48.56731585636675,48.56731584327904,-3.747574065273766,-3.747574078361479,-3.747574078361479,-3.747574065273766,-3.747574078361479,-3.747574078361479
2017-08-25,244.8999938964844,244.55999755859375,11.279999732971191,8.970000267028809,22.46602654244333,-130.15821745789822,100.54327677532886,100.53297522483538,100.53297522482333,-3.8793968989768683,-3.8793968989889236,-3.8793968989889236,-3.8793968989768683,-3.8793968989889236,-3.8793968989889236
2017-08-28,245.1699981689453,244.57000732421875,11.31999969482422,9.449999809265137,22.421980758393318,-4.404578405001303,6.8549775399573445,6.849486714645328,6.849486714116329,-3.8438068922540753,-3.8438068927830775,-3.8438068927830775,-3.8890183477889573,-3.889018348317959,-3.889018348317959
2017-08-29,243.05999755859375,244.8500061035156,11.699999809265137,9.8100004196167,23.090775988374546,66.87952299812281,13.079735595132563,13.079643780062325,13.079643780062225,-1.8363995433183753,-1.8364000750001543,-1.8364000750001543,-3.8998163698592268,-3.8998163698593267,-3.8998163698593267
2017-08-30,244.8300018310547,246.0099945068359,11.220000267028809,9.149999618530272,22.836030764643482,-25.474522373106367,-105.87498446671445,-105.8806093384271,-105.88060933845586,-3.8713651310787056,-3.8713651311074746,-3.8713651311074746,-3.8887502564884295,-3.888750256517199,-3.888750256517199
2017-08-31,246.72000122070312,247.4900054931641,10.59000015258789,8.65999984741211,22.613306295936674,-22.272446870680795,8.771551246652464,8.7715468930227,8.7715468930227,-3.1445343003420647,-3.1445343189799786,-3.1445343189799786,-3.8999912927404705,-3.8999912927404705,-3.8999912927404705
2017-09-01,247.9199981689453,247.83999633789065,10.130000114440918,7.940000057220459,22.125795468312354,-48.75108276243196,2.050233634692326,2.0502334037783374,2.0502334037783374,-3.230352532067036,-3.2303525326845457,-3.2303525326845457,-3.8999995381720223,-3.8999995381720223,-3.8999995381720223
2017-09-05,247.2599945068359,246.05999755859375,12.229999542236328,11.34000015258789,24.151785979507977,202.5990511195623,21.78426385083688,21.78340999372231,21.783409993682106,6.033606175247003,6.033269388335427,6.0332693883059765,-3.8982922856502475,-3.898292285690451,-3.898292285690451
2017-09-06,246.83999633789065,246.8999938964844,11.630000114440918,10.220000267028809,23.597908947865065,-55.387703164291224,17.4399936001657,17.439800463446694,17.439800463446502,-0.8077407972427499,-0.8077482611745155,-0.8077482611745239,-3.8996137265614066,-3.8996137265615975,-3.8996137265615975
2017-09-07,247.25,246.8699951171875,11.550000190734863,9.75,23.427921459174527,-16.99874886905377,9.316400204966277,9.31637611154039,9.316376111540384,0.7408575316418586,0.7408492530486885,0.7408492530486859,-3.8999518131482076,-3.8999518131482116,-3.8999518131482116
2017-09-08,246.5399932861328,246.5800018310547,12.119999885559082,11.289999961853027,24.09840673262947,67.04852734549434,34.534297118398904,34.5313433471732,34.53134334700764,-0.353060941416913,-0.35310182758648656,-0.3531018275875608,-3.894092457051922,-3.894092457217474,-3.894092457217474
2017-09-11,248.0399932861328,249.2100067138672,10.729999542236328,9.010000228881836,23.339186894026902,-75.92198386025686,8.806310008835142,8.806292874463098,8.806292874463098,-2.5351566654856454,-2.535156726564245,-2.535156726564245,-3.8999657312559117,-3.8999657312559126,-3.8999657312559126
2017-09-12,249.6300048828125,250.0500030517578,10.579999923706056,9.25,23.58793474164638,24.874784761947666,72.23215894975434,72.22697526947286,72.22697526943739,-3.8436724213024287,-3.8436724214603544,-3.8436724214603544,-3.889632639330636,-3.889632639366105,-3.889632639366105
2017-09-13,249.72000122070312,250.1699981689453,10.5,9.380000114440918,23.51975228396543,-6.818245768094755,57.46668913431998,57.458447623924954,57.45844762381401,-3.8396344227760064,-3.839634423043579,-3.839634423043579,-3.883516978877124,-3.883516978988068,-3.883516978988068
2017-09-14,249.8000030517578,250.08999633789065,10.4399995803833,9.289999961853027,23.35958521833799,-16.016706562744076,79.48701079146424,79.4781461042084,79.47814610410686,-3.85094778073782,-3.8509477809056487,-3.8509477809056487,-3.8822706251836228,-3.8822706252851766,-3.8822706252851766
2017-09-15,248.69000244140625,249.19000244140625,10.170000076293944,8.300000190734863,22.448899885368014,-91.0685332969976,19.043518969281706,19.043494401796515,19.043494401796515,-3.7549940385900387,-3.7549940386646825,-3.7549940386646825,-3.8999508650296146,-3.8999508650296146,-3.8999508650296146
2017-09-18,249.61000061035156,249.72000122070312,10.149999618530272,8.720000267028809,22.628802808608484,17.99029232404692,74.1172503784221,74.11542779634067,74.11542779633938,-3.8747919443123253,-3.8747919443200898,-3.8747919443200898,-3.8963548358332663,-3.896354835834556,-3.896354835834556
2017-09-19,250.0,249.97000122070312,10.18000030517578,9.09000015258789,22.780349412228958,15.154660362047423,218.6103652944151,218.6103652944151,218.61036529431473,-3.864506619602649,-3.8645066197029854,-3.8645066197029854,-3.8999999996989914,-3.8999999997993275,-3.8999999997993275
2017-09-20,250.07000732421875,250.05999755859375,9.779999732971191,8.949999809265137,22.308752480349966,-47.159693187899165,97.96537539534717,97.96112689950597,97.96112689950368,-3.869942530166597,-3.869942530229567,-3.869942530229567,-3.8915030083107465,-3.8915030083130335,-3.8915030083130335
2017-09-21,249.8800048828125,249.38999938964844,9.670000076293944,8.4399995803833,21.728140811513832,-58.061166883613424,94.28908675510581,94.28665256478166,94.28665256478077,-3.8893473477014395,-3.889347347702558,-3.889347347702558,-3.895131619348983,-3.895131619349888,-3.895131619349888
2017-09-22,249.0500030517578,249.44000244140625,9.59000015258789,7.980000019073486,21.626339279020947,-10.180153249288537,30.434000139037586,30.43396143734202,30.43396143734202,-3.867480556686179,-3.867480556687316,-3.867480556687316,-3.8999225966088726,-3.8999225966088726,-3.8999225966088726
2017-09-25,249.1499938964844,248.92999267578125,10.210000038146973,9.210000038146973,21.99102267563626,36.468339661531246,48.36914819679889,48.3679703503602,48.36797035035779,-3.7539790317472432,-3.7539790327339224,-3.7539790327339224,-3.897644307115361,-3.8976443071177793,-3.8976443071177793
2017-09-26,249.4199981689453,249.0800018310547,10.170000076293944,9.34000015258789,21.990524111151267,-0.049856448499241424,67.21502712654302,67.21168305960178,67.21168305958118,-3.805412648250774,-3.8054126487980424,-3.8054126487980424,-3.8933118660556802,-3.893311866076288,-3.893311866076288
2017-09-27,249.8800048828125,250.0500030517578,9.869999885559082,9.029999732971191,22.164744237683543,17.422012653227625,91.70287269598913,91.69565142853058,91.69565142849429,-3.868772363677385,-3.8687723637238656,-3.8687723637238656,-3.885557464974002,-3.8855574650102986,-3.8855574650102986
2017-09-28,249.72999572753903,250.3500061035156,9.550000190734863,8.390000343322754,21.940652994781168,-22.409124290237514,10.033843411798374,10.032496164144915,10.032496164144648,-3.888905574853234,-3.8889055748538603,-3.8889055748538603,-3.8973055046922775,-3.897305504692541,-3.897305504692541
2017-09-29,250.33999633789065,251.22999572753903,9.510000228881836,7.949999809265137,22.433207604572353,49.25546097911848,62.65202441171133,62.65183569822266,62.65183569822266,-3.8915929869510366,-3.891592986951458,-3.891592986951458,-3.8996225730226683,-3.8996225730226683,-3.8996225730226683
2017-10-02,251.4900054931641,252.32000732421875,9.449999809265137,8.180000305175781,23.002788777344044,56.95811727716915,11.394651896567362,11.394648013733457,11.394648013733457,-3.583870371843305,-3.583870373116304,-3.583870373116304,-3.899992234332193,-3.899992234332193,-3.899992234332193
2017-10-03,252.32000732421875,252.86000061035156,9.510000228881836,8.039999961853027,23.40634296221129,40.35541848672466,1.1383102110749919,1.138310118336575,1.138310118336575,-2.0184615984163354,-2.0184616391049284,-2.0184616391049284,-3.8999998145231656,-3.8999998145231656,-3.8999998145231656
2017-10-04,252.69000244140625,253.16000366210935,9.630000114440918,8.020000457763672,23.70502110699131,29.867814478001975,1.4785675910637073,1.4785673672408048,1.4785673672408048,-2.470133418749918,-2.4701334263597605,-2.4701334263597605,-3.8999995523541955,-3.8999995523541955,-3.8999995523541955
2017-10-05,253.5399932861328,254.66000366210935,9.1899995803833,7.809999942779541,24.340381751842994,63.53606448516835,12.255571790443396,12.255567447649833,12.255567447649833,-3.7612211444059187,-3.7612211444280432,-3.7612211444280432,-3.899991314412873,-3.899991314412873,-3.899991314412873
2017-10-06,254.1499938964844,254.3699951171875,9.649999618530272,7.880000114440918,24.520319997430867,17.993824558787352,36.004050830841756,36.00398241183735,36.00398241183735,-3.873417210879428,-3.8734172108803837,-3.8734172108803837,-3.8998631619911945,-3.899863161991195,-3.899863161991195
2017-10-09,254.6300048828125,253.9499969482422,10.329999923706056,9.34000015258789,24.800528142663516,28.020814523264903,85.71361753755336,85.7054486784566,85.70544867830431,-3.8165334647467466,-3.8165334654038734,-3.8165334654038734,-3.883662281349564,-3.8836622815018713,-3.8836622815018713
2017-10-10,254.6000061035156,254.6199951171875,10.079999923706056,8.720000267028809,24.980091816822835,17.95636741593185,75.51002161802153,75.5075315296297,75.50753152962601,-3.865670552659546,-3.8656705526832162,-3.8656705526832162,-3.8950198232052986,-3.895019823208982,-3.895019823208982
2017-10-11,254.5099945068359,255.02000427246097,9.850000381469728,8.319999694824219,25.01160566771587,3.15138508930346,59.67295047465754,59.67215028120328,59.67215028120314,-3.878926449131299,-3.8789264491340014,-3.8789264491340014,-3.898399613091051,-3.8983996130911924,-3.8983996130911924
2017-10-12,254.66000366210935,254.63999938964844,9.90999984741211,8.34000015258789,24.757331950897665,-25.427371681820432,75.63674970383299,75.63537569547155,75.63537569547115,-3.884328758981614,-3.884328758983259,-3.884328758983259,-3.8972519832759254,-3.8972519832763197,-3.8972519832763197
2017-10-13,255.13999938964844,254.9499969482422,9.609999656677246,8.029999732971191,24.667064341786443,-9.026760911122267,72.00340104290635,72.00340104290562,72.00340104290562,-3.891783958559863,-3.8917839585605813,-3.8917839585605813,-3.8999999999985633,-3.8999999999985633,-3.8999999999985633
2017-10-16,255.2100067138672,255.2899932861328,9.90999984741211,8.460000038146973,25.09035891470063,42.32945729141875,81.37451299672236,81.37302201138844,81.37302201138844,-3.878162309980101,-3.878162309999316,-3.878162309999316,-3.897018029332139,-3.897018029332139,-3.897018029332139
2017-10-17,255.22999572753903,255.47000122070312,10.3100004196167,8.6899995803833,25.563169967589637,47.281105288900704,82.5873272992004,82.58508237059398,82.58508237059398,-3.866259451288145,-3.8662594513718593,-3.8662594513718593,-3.895510142787165,-3.895510142787165,-3.895510142787165
2017-10-18,255.8999938964844,255.72000122070312,10.06999969482422,8.369999885559082,25.484438856165987,-7.873111142365019,34.805528218361275,34.80541242162035,34.80541242162035,-3.7899980686097794,-3.7899980690277313,-3.7899980690277313,-3.89976840651816,-3.899768406518161,-3.899768406518161
2017-10-19,254.8300018310547,255.7899932861328,10.050000190734863,8.880000114440918,25.482316645388828,-0.2122210777159239,-60.589185659656394,-60.59574972351836,-60.59574972351836,-3.866686063717983,-3.866686063766196,-3.866686063766196,-3.8868718722760622,-3.8868718722760622,-3.8868718722760622
2017-10-20,256.70001220703125,257.1099853515625,9.970000267028809,8.40999984741211,26.37395178088599,89.1635135497161,9.650103412092967,9.650097014905304,9.650097014905304,-3.1119335387501543,-3.1119335637802563,-3.1119335637802563,-3.899987205624675,-3.899987205624675,-3.899987205624675
2017-10-23,257.4800109863281,256.1099853515625,11.06999969482422,10.770000457763672,26.537554145023527,16.36023641375388,20.04033300411885,20.039640247806695,20.03964024776665,-3.898614487255538,-3.8986144872955864,-3.8986144872955864,-3.898614487255538,-3.8986144872955864,-3.8986144872955864
2017-10-24,256.6000061035156,256.55999755859375,11.15999984741211,10.479999542236328,26.906593842069014,36.9039697045487,28.936727288029743,28.93535004461991,28.935350044596547,-0.7592763013201855,-0.7592961139223173,-0.759296113922483,-3.897245513110245,-3.897245513133608,-3.897245513133608
2017-10-25,256.17999267578125,255.2899932861328,11.229999542236328,11.09000015258789,26.05207410989164,-85.45197321773728,50.9218794003102,50.91223862500508,50.912238623105004,-1.5224710969644266,-1.5224959210743618,-1.5224959210751283,-3.8807184436895223,-3.8807184455896055,-3.8807184455896055
2017-10-26,255.9900054931641,255.6199951171875,11.300000190734863,10.6899995803833,26.311206438321072,25.913232842943046,55.57146786692679,55.562960474284246,55.56296047352302,-2.5521941157278905,-2.5521991955033014,-2.5521991955033347,-3.882985212431234,-3.882985213192458,-3.882985213192458
2017-10-27,256.4700012207031,257.7099914550781,9.800000190734863,8.609999656677246,26.460448003723812,14.92415654027397,16.126124807072138,16.126096133498017,16.126096133498017,-3.322920758666187,-3.3229207803487117,-3.3229207803487117,-3.899942652851766,-3.8999426528517662,-3.8999426528517662
2017-10-30,256.4700012207031,256.75,10.5,9.8100004196167,26.203030774430474,-25.741722929333832,26.342614910525924,26.342070032164422,26.342070032163328,-2.2778158118275202,-2.277817782148394,-2.2778177821483943,-3.898910243273698,-3.8989102432747975,-3.8989102432747975
2017-10-31,257.17999267578125,257.1499938964844,10.18000030517578,9.31999969482422,26.19199597203029,-1.1034802400182286,9.39770737208516,9.39768429373495,9.397684293734946,0.11290820692837666,0.11290273753094748,0.11290273753094748,-3.8999538432995675,-3.8999538432995697,-3.8999538432995697
2017-11-01,258.0400085449219,257.489990234375,10.199999809265137,9.289999961853027,26.43385552822381,24.185955619351773,13.14625708334898,13.14616045970771,13.146160459707593,-1.6860602586394036,-1.6860609599049927,-1.6860609599049927,-3.899806752717106,-3.8998067527172235,-3.8998067527172235
2017-11-02,257.4100036621094,257.5899963378906,9.93000030517578,8.539999961853027,26.259083293164593,-17.477223505921557,3.9268182243244256,3.9268167044274858,3.9268167044274858,-3.89999696020612,-3.89999696020612,-3.89999696020612,-3.89999696020612,-3.89999696020612,-3.89999696020612
2017-11-03,257.7699890136719,258.45001220703125,9.140000343322754,7.840000152587891,26.35311582139079,9.403252822619734,1.810337614438108,1.8103373295466216,1.8103373295466216,-2.7303871808130395,-2.7303871808130395,-2.7303871808130395,-3.899999430217028,-3.899999430217028,-3.899999430217028
2017-11-06,258.29998779296875,258.8500061035156,9.399999618530272,8.09000015258789,26.756627800564274,40.35119791734836,9.734617005351396,9.734609635354522,9.734609635354522,-3.4573918094743927,-3.457391810623892,-3.457391810623892,-3.8999852600062543,-3.8999852600062543,-3.8999852600062543
2017-11-07,258.9700012207031,258.6700134277344,9.890000343322754,8.829999923706055,26.91369839456531,15.707059400103418,38.6077156166687,38.60707850552228,38.607078505521514,-3.6854261325731708,-3.685426134635417,-3.685426134635417,-3.898725777704876,-3.8987257777056388,-3.8987257777056388
2017-11-08,258.4700012207031,259.1099853515625,9.779999732971191,8.279999732971191,27.159152112908274,24.545371834296503,14.980371372464687,14.98034471505837,14.98034471505837,-3.534236943249849,-3.534236944610848,-3.534236944610848,-3.899946685187375,-3.8999466851873756,-3.8999466851873756
2017-11-09,257.7300109863281,258.1700134277344,10.5,9.649999618530272,26.913682894084253,-24.546921882402017,11.930889342764322,11.930796246326778,11.930796246326528,0.8027354793287591,0.8027354793285095,0.8027354793285095,-3.8998138071241595,-3.899813807124409,-3.899813807124409
2017-11-10,257.7300109863281,258.0899963378906,11.289999961853027,10.3100004196167,27.48247000794678,56.87871138625269,17.231333507152293,17.230920339277027,17.230920339265914,2.743490507698975,2.743490507687861,2.743490507687861,-3.899173664216127,-3.899173664227241,-3.899173664227241
2017-11-13,257.30999755859375,258.3299865722656,11.5,9.84000015258789,27.72806910805106,24.5599100104279,12.410617835446873,12.41053572795492,12.4105357279548,2.6821850431971344,2.6821850431970136,2.6821850431970136,-3.8998357850157346,-3.899835785015856,-3.899835785015856
2017-11-14,257.4100036621094,257.7300109863281,11.59000015258789,9.729999542236328,27.33048902706617,-39.75800809848877,11.346198127421193,11.346135269615113,11.346135269615024,-3.899874284387575,-3.8998742843876633,-3.8998742843876633,-3.899874284387575,-3.8998742843876633,-3.8998742843876633
2017-11-15,256.6199951171875,256.44000244140625,13.130000114440918,11.729999542236328,27.93329177423471,60.28027471685391,41.77421958220571,41.76525206919858,41.76525206471255,2.3006610229191864,2.300353723942851,2.3003537238468894,-3.8820649605276505,-3.8820649650136843,-3.8820649650136843
2017-11-16,257.5199890136719,258.6199951171875,11.760000228881836,8.739999771118164,28.05247273648952,11.918096225480923,5.038984823313529,5.038981045186622,5.038981045186622,-3.8999924437461866,-3.899992443746187,-3.899992443746187,-3.8999924437461866,-3.899992443746187,-3.899992443746187
2017-11-17,258.2200012207031,257.8599853515625,11.43000030517578,8.489999771118164,27.162467525042395,-89.00052114471251,10.781482660183245,10.781462948027057,10.781462948027057,-3.0974421058536805,-3.0974421187503687,-3.0974421187503687,-3.899960575687623,-3.899960575687624,-3.899960575687624
2017-11-20,258.1400146484375,258.29998779296875,10.649999618530272,8.600000381469727,26.727833893426222,-43.46336316161725,10.042190317873617,10.04216987320398,10.04216987320398,-2.8470128810903352,-2.8470129117381826,-2.8470129117381826,-3.8999591106607245,-3.899959110660726,-3.899959110660726
2017-11-21,259.17999267578125,259.989990234375,9.729999542236328,7.96999979019165,27.412815627947122,68.49817345208997,40.27436802360708,40.274213573086236,40.27421357308623,-3.862903886116527,-3.8629038861211615,-3.8629038861211615,-3.8996910989582974,-3.8996910989583013,-3.8996910989583013
2017-11-22,260.0,259.760009765625,9.880000114440918,7.869999885559082,27.280169540513604,-13.264608743351758,-3.893471467374832,-3.893471467375136,-3.893471467375136,-3.893471467374832,-3.893471467375136,-3.893471467375136,-3.899999999999393,-3.899999999999393,-3.899999999999393
2017-11-24,260.32000732421875,260.3599853515625,9.670000076293944,7.869999885559082,27.587801216422076,30.763167590847118,66.89719532454848,66.89682082918122,66.89682082918122,-3.887374720214181,-3.887374720216139,-3.887374720216139,-3.899251009265476,-3.899251009265476,-3.899251009265476
2017-11-27,260.4100036621094,260.2300109863281,9.869999885559082,9.0,27.49447911485774,-9.332210156433618,74.23160972676529,74.22828183537273,74.22828183537273,-3.7993624905976846,-3.799362493024382,-3.799362493024382,-3.8933442172148855,-3.8933442172148855,-3.8933442172148855
2017-11-28,260.760009765625,262.8699951171875,10.029999732971191,9.18000030517578,29.809344082332828,231.48649674750885,52.989682448753136,52.98795760532964,52.987957605327125,-3.6336118269662765,-3.633611851875492,-3.633611851875492,-3.8965503131454775,-3.8965503131479964,-3.8965503131479964
2017-11-29,263.0199890136719,262.7099914550781,10.699999809265137,10.15999984741211,30.0101874920491,20.084340971627057,21.65165450944785,21.65073488028478,21.650734880236094,0.5400780238652327,0.5400780238165472,0.5400780238165472,-3.898160741527793,-3.8981607415764787,-3.8981607415764787
2017-11-30,263.760009765625,265.010009765625,11.279999732971191,11.380000114440918,32.2650027246178,225.48152325687028,57.76588816066886,57.73527121898351,57.73527111384699,-0.858528039588581,-0.8585682232897218,-0.8585682232905034,-3.8387658012197394,-3.8387659063562602,-3.8387659063562616
2017-12-01,264.760009765625,264.4599914550781,11.43000030517578,11.979999542236328,31.85002126021276,-41.49814644050416,137.56848300021437,137.56846194225685,137.56846194225463,-2.2635938922080987,-2.2636149501656257,-2.263614950167833,-3.8999578840783244,-3.899957884080532,-3.899957884080532
2017-12-04,266.30999755859375,264.1400146484375,11.68000030517578,12.210000038146973,31.624250120389352,-22.57711398234079,-107.21735797136479,-107.26515953617883,-107.2651597865827,2.567032239158748,2.5662889020035093,2.566288900732964,-3.8043961191603577,-3.8043963695642207,-3.804396369564223
2017-12-05,263.19000244140625,263.19000244140625,11.329999923706056,11.109999656677246,30.57822692026256,-104.60232001267933,35.23683866483327,35.23021130388282,35.230211297951335,1.8168541157661773,1.816750530434998,1.816750530434998,-3.8867452603046386,-3.8867452662361215,-3.8867452662361215
2017-12-06,263.29998779296875,263.239990234375,11.020000457763672,10.899999618530272,30.395727418050548,-18.24995022120106,36.00152979837132,35.99531228179172,35.995312277858254,0.5165105554836131,0.5164621332460042,0.5164621332455912,-3.8875649550404057,-3.8875649589738663,-3.8875649589738663
2017-12-07,264.07000732421875,264.07000732421875,10.15999984741211,9.510000228881836,30.624821859506966,22.9094441456418,53.5242022178693,53.51970680832866,53.51970680815087,-3.4588819533007022,-3.458882011503058,-3.458882011503058,-3.8910091803853666,-3.891009180563146,-3.891009180563146
2017-12-08,265.1600036621094,265.510009765625,9.579999923706056,8.4399995803833,31.653477832953023,102.86559734460567,89.51580735091602,89.51580735082479,89.51580735082479,-3.866067375700624,-3.8660673757918445,-3.8660673757918445,-3.8999999998175587,-3.8999999998175587,-3.8999999998175587
2017-12-11,266.30999755859375,266.30999755859375,9.34000015258789,8.789999961853027,32.22344839234798,56.99705593949602,25.297692966099937,25.29749332679026,25.297493326790224,-3.219234301039194,-3.219234398354863,-3.219234398354863,-3.8996007213805517,-3.899600721380584,-3.899600721380584
2017-12-12,267.2099914550781,266.7799987792969,9.920000076293944,9.239999771118164,32.81420375469097,59.07553623429891,11.137979729133106,11.1379317921818,11.13793179218178,-3.8999041260973293,-3.899904126097348,-3.899904126097348,-3.8999041260973293,-3.899904126097348,-3.899904126097348
2017-12-13,267.05999755859375,266.75,10.18000030517578,9.350000381469728,32.847091690540864,3.288793584989236,13.313820263930106,13.313734763428377,13.313734763428334,0.2652069898536311,0.2652069898535858,0.2652069898535858,-3.8998289989964174,-3.8998289989964623,-3.8998289989964623
2017-12-14,267.0899963378906,265.6600036621094,10.489999771118164,9.869999885559082,31.952249378884105,-89.48423116567596,17.368571960542624,17.368289799229636,17.368289799228414,1.9535332688097125,1.9535332688084903,1.9535332688084903,-3.899435677370359,-3.899435677371581,-3.899435677371581
2017-12-15,265.45001220703125,266.510009765625,9.420000076293944,8.25,32.31204421279438,35.979483391027856,63.842100428900984,63.842100428773,63.842100428773,-3.853775995251613,-3.8537759953795923,-3.8537759953795923,-3.899999999744042,-3.899999999744042,-3.899999999744042
2017-12-18,268.1000061035156,268.20001220703125,9.529999732971191,8.050000190734863,33.8392672283853,152.722301559092,7.909072085302526,7.90906386838858,7.90906386838858,-2.979726237990376,-2.979726237990376,-2.979726237990376,-3.89998356617211,-3.89998356617211,-3.89998356617211
2017-12-19,268.4800109863281,267.1700134277344,10.029999732971191,9.029999732971191,32.98978916551857,-84.947806286673,24.430792832244215,24.430325394693696,24.430325394691778,-2.855940574561081,-2.855940753427651,-2.855940753427651,-3.8990651248932107,-3.8990651248951234,-3.8990651248951234
2017-12-20,268.2699890136719,267.0299987792969,9.720000267028809,8.34000015258789,32.73211297515678,-25.767619036179212,13.030130932346472,13.03009167276714,13.030091672767133,-3.052434162942113,-3.0524341860111117,-3.0524341860111117,-3.899921480841319,-3.899921480841323,-3.899921480841323
2017-12-21,267.739990234375,267.5799865722656,9.619999885559082,7.630000114440918,33.187820072123756,45.57070969669752,1.9973860614805918,1.9973857040308882,1.9973857040308882,-3.899999285100594,-3.899999285100594,-3.899999285100594,-3.899999285100594,-3.899999285100594,-3.899999285100594
2017-12-22,267.6000061035156,267.510009765625,9.899999618530272,7.510000228881836,33.17085377849352,-1.6966293630233054,0.9088543901389912,0.908854276315699,0.908854276315699,-3.899999772353415,-3.899999772353415,-3.899999772353415,-3.899999772353415,-3.899999772353415,-3.899999772353415
2017-12-26,267.04998779296875,267.19000244140625,10.25,8.479999542236328,32.85718708451915,-31.36666939743762,7.235082666929694,7.235075948179995,7.235075948179995,-1.6342604925767539,-1.6342604925767539,-1.6342604925767539,-3.8999865625006027,-3.8999865625006027,-3.8999865625006027
2017-12-27,267.3800048828125,267.32000732421875,10.470000267028809,9.710000038146973,33.01832894472172,16.114186020257648,14.143914993757273,14.143764957591062,14.143764957590369,-3.899699927665497,-3.8996999276661897,-3.8996999276661897,-3.899699927665497,-3.8996999276661897,-3.8996999276661897
2017-12-28,267.8900146484375,267.8699951171875,10.18000030517578,9.270000457763672,33.401167921274904,38.2838976553181,13.48960758655535,13.489469202326356,13.48946920232589,-0.3203813320026314,-0.3203813320030986,-0.3203813320030986,-3.899723231540619,-3.899723231541086,-3.899723231541086
2017-12-29,268.5299987792969,266.8599853515625,11.039999961853027,10.420000076293944,32.747183705744135,-65.39842155307696,40.70271973044214,40.69581469760542,40.69581469465075,-1.218050722847098,-1.2180633540481751,-1.2180633540481751,-3.8861899254625443,-3.886189928417218,-3.886189928417218
2018-01-02,267.8399963378906,268.7699890136719,9.770000457763672,8.539999961853027,33.984566726802676,123.7383021058541,7.671484713791573,7.671469177536821,7.671469177536819,-3.8999689274904923,-3.899968927490494,-3.899968927490494,-3.8999689274904923,-3.899968927490494,-3.899968927490494
2018-01-03,268.9599914550781,270.4700012207031,9.149999618530272,7.849999904632568,35.47368939102696,148.91226642242827,-62.75446956225606,-62.754583593174594,-62.754583593174594,-3.8095842467728254,-3.809584246826125,-3.809584246826125,-3.899771938162952,-3.8997719381629565,-3.8997719381629565
2018-01-04,271.20001220703125,271.6099853515625,9.220000267028809,7.730000019073486,36.56350397048836,108.98145794614038,20.71544020516742,20.715418236981726,20.715418236981726,-3.713844553325643,-3.713844553994177,-3.713844553994177,-3.899956063628607,-3.899956063628607,-3.899956063628607
2018-01-05,272.510009765625,273.4200134277344,9.220000267028809,7.699999809265137,38.304953648805174,174.14496783168119,2.1209437077714366,2.120943322682548,2.120943322682548,-3.899999229822224,-3.899999229822224,-3.899999229822224,-3.899999229822224,-3.899999229822224,-3.899999229822224
2018-01-08,273.30999755859375,273.9200134277344,9.520000457763672,7.900000095367432,38.742502960364604,43.754931155942955,11.770686152413719,11.770667847338792,11.770667847338792,-3.324186067687922,-3.3241860676879225,-3.3241860676879225,-3.899963389850151,-3.8999633898501513,-3.8999633898501513
2018-01-09,274.3999938964844,274.5400085449219,10.079999923706056,8.350000381469727,39.38619280636554,64.36898460009388,64.26147267159902,64.26147267130628,64.26147267130628,-3.8196597815902833,-3.819659781883014,-3.819659781883014,-3.8999999994145393,-3.8999999994145393,-3.8999999994145393
2018-01-10,273.67999267578125,274.1199951171875,9.81999969482422,7.849999904632568,38.915705352606025,-47.04874537595174,21.590175972150384,21.590113396059756,21.590113396059756,-3.6734627771537416,-3.673462777715281,-3.673462777715281,-3.8998748478187393,-3.899874847818742,-3.899874847818742
2018-01-11,274.75,276.1199951171875,9.880000114440918,7.840000152587891,40.85167334243096,193.59679898249382,-138.9661282000204,-138.96612820002352,-138.96612820002352,-3.883138583754039,-3.883138583757186,-3.883138583757186,-3.899999999993707,-3.899999999993707,-3.899999999993707
2018-01-12,276.4200134277344,277.9200134277344,10.15999984741211,8.680000305175781,42.61777683286146,176.61034904304955,23.675306519736672,23.67506743930982,23.67506743930973,-2.8626065953692654,-2.86260694392284,-2.86260694392284,-3.8995218391460353,-3.8995218391461237,-3.8995218391461237
2018-01-16,279.3500061035156,276.9700012207031,11.65999984741211,11.25,41.775454305594295,-84.23225272671644,102.72488147617344,102.72485279216478,102.72485279216352,-1.8717758389832166,-1.8718045229918725,-1.8718045229931448,-3.8999426319788717,-3.899942631980144,-3.899942631980144
2018-01-17,278.0299987792969,279.6099853515625,11.90999984741211,11.65999984741211,44.33332393431037,255.78696287160767,45.920032579896336,45.89687756859783,45.8968773808026,-3.8536894140172504,-3.8536896018124835,-3.853689601812494,-3.8536894140172504,-3.8536896018124835,-3.853689601812494
2018-01-18,279.4800109863281,279.1400146484375,12.220000267028809,12.369999885559082,43.9001928812973,-43.313105301307075,129.41965935641502,129.41941787562925,129.41941787544482,-0.14953525403578638,-0.14977673482157972,-0.14977673500598776,-3.8995170378751896,-3.899517038059598,-3.899517038059598
2018-01-19,279.79998779296875,280.4100036621094,11.270000457763672,10.40999984741211,44.97114484385272,107.09519625554194,-3.167360082117292,-3.1673616996816785,-3.167361699681689,-3.167360082117292,-3.1673616996816785,-3.167361699681689,-3.8999967648711955,-3.8999967648712066,-3.8999967648712066
2018-01-22,280.1700134277344,282.69000244140625,11.029999732971191,10.859999656677246,47.10751802958454,213.637318573182,-2.717470520518354,-2.717480939310525,-2.7174809393112422,-2.717470520518354,-2.717480939310525,-2.7174809393112422,-3.8999791624135067,-3.8999791624142235,-3.8999791624142235
2018-01-23,282.739990234375,283.2900085449219,11.100000381469728,11.020000457763672,47.67697143114161,56.94534015570696,35.4243631252177,35.41620738098453,35.416207363124535,-3.8836884579536832,-3.883688475813677,-3.8836884758136776,-3.8836884579536832,-3.8836884758136776,-3.8836884758136776
2018-01-24,284.0199890136719,283.17999267578125,11.470000267028809,11.449999809265137,47.56767766488032,-10.929376626128828,86.51436694723189,86.51422153026901,86.51422153024231,-0.17947124404966042,-0.17961666103872176,-0.17961666103923601,-3.899709165994153,-3.89970916602085,-3.89970916602085
2018-01-25,284.1600036621094,283.29998779296875,11.579999923706056,11.640000343322754,47.666535530388686,9.885786550836428,98.25068470058856,98.25052829275492,98.25052829271496,-0.3109859676756659,-0.3111423755469809,-0.31114237554926394,-3.899687184212832,-3.8996871842528047,-3.8996871842528047
2018-01-26,284.25,286.5799865722656,11.079999923706056,10.460000038146973,50.852053485676166,318.551795528748,-228.98280553136934,-228.9828135908732,-228.98281359087326,-2.442475900547515,-2.442483960051449,-2.4424839600514527,-3.899983880992066,-3.8999838809921252,-3.8999838809921252
2018-01-29,285.92999267578125,284.67999267578125,13.84000015258789,14.90999984741211,49.16735974929034,-168.46937363858245,78.81296857511225,78.77840897915361,78.77840027534639,14.689676815984983,14.655108535194588,14.655108516082626,-3.8308546962515577,-3.8308634000587745,-3.830863400195273
2018-01-30,282.6000061035156,281.760009765625,14.789999961853027,16.200000762939453,46.54912063545733,-261.8239113833013,120.43755899286322,119.56920399024226,119.56811160237014,-2.160012434955041,-2.1611048228271628,-2.161104954887682,-2.160012434955041,-2.1611048228271628,-2.161104954889378
2018-01-31,282.7300109863281,281.8999938964844,13.539999961853027,13.859999656677246,46.37656508977571,-17.255554568161813,78.06310317679673,77.8765952644086,77.87656252943299,-3.5268859702920157,-3.5269187050395745,-3.526918705269263,-3.5268859702920157,-3.526918705267648,-3.526918705269263
2018-02-01,281.07000732421875,281.5799865722656,13.470000267028809,13.859999656677246,46.024549330640355,-35.20157591353552,112.68801475804591,112.2178711086743,112.21787038909058,9.289721377155994,9.278356456191933,9.278356455958928,-2.9597105425008703,-2.9597112620846104,-2.959711262086181
2018-02-02,280.0799865722656,275.45001220703125,17.309999465942383,18.86000061035156,41.73271159268026,-429.1837737960094,35.33644388529123,35.07583620595368,35.07526371970922,35.33644388529123,35.07583620595368,35.07526371970922,-3.37706648369428,-3.3776389699387273,-3.3776392028857067
2018-02-05,273.45001220703125,263.92999267578125,37.31999969482422,59.34000015258789,52.95318666908041,1122.0475076400148,137.7396122609754,78.22398677678187,-13.339263862648062,-300.61723990323924,-338.62374420707175,-365.6433759092872,450.1922678368677,358.6290171974377,343.4612928450363
2018-02-06,259.94000244140625,269.1300048828125,29.979999542236328,39.459999084472656,47.39943593941813,-555.3750729662277,-470.5574318338611,-500.0509529090679,-504.1818690032894,-470.5574318338611,-500.0509529090679,-504.1818690032894,68.6161633369038,64.48524724268225,64.12756308186435
2018-02-07,268.5,267.6700134277344,27.729999542236328,32.86000061035156,44.18907322879524,-321.03627106228953,533.1098175814036,489.8050656612736,484.5097004099414,258.7212221214802,240.6102398992785,240.24789115986303,99.7266171638483,94.43125191251612,94.05509098873777
2018-02-08,268.010009765625,257.6300048828125,33.459999084472656,41.439998626708984,45.463736952033756,127.46637232385183,-923.0480884933365,-767.2179545224759,-785.494085423589,-1031.5511795721145,-1049.8273104732277,-1052.591731102961,-251.5006860545059,-269.77681695561887,-272.5412375853521
2018-02-09,260.79998779296875,261.5,29.059999465942383,31.63999938964844,42.101010929088474,-336.27260229452816,500.62136902456393,462.5525370387057,459.00180533085944,201.0811957154257,189.87282366286618,189.1234516418797,83.31007756652482,79.75934585867859,79.61977552081994
2018-02-12,263.8299865722656,265.3399963378906,25.61000061035156,26.829999923706055,40.25948505139584,-184.15258776926322,297.8692825457205,277.42621975776814,276.28711836552384,130.0252158752265,125.55560996181697,125.44871156566302,40.482345107891184,39.343243715646935,39.31694023547803
2018-02-13,263.9700012207031,266.0,24.969999313354492,25.290000915527344,39.939350688427425,-32.013436296841746,134.96948132747622,118.25035860413867,117.51561368227335,104.44284763185972,101.63543381526625,101.5915201342328,31.777826606297126,31.04308168443184,31.03129975621618
2018-02-14,264.30999755859375,269.5899963378906,19.260000228881836,18.729999542236328,37.538618177251294,-240.07325111761304,-705.1930372166078,-709.8833156784684,-709.8834154161711,27.755838670738775,27.625043350400837,27.62494361269807,5.480856158043814,5.480756420341047,5.480756413269697
2018-02-15,271.57000732421875,273.0299987792969,19.1299991607666,18.579999923706055,40.05601654264085,251.73983653895533,169.78857588461852,167.32442510087552,167.3159985454522,48.165893647585385,47.6838512743673,47.68384880112615,1.0535886536816665,1.0451620982583592,1.0451596249882495
2018-02-16,272.32000732421875,273.1099853515625,19.459999084472656,18.68000030517578,40.25998673380624,20.397019116538928,158.1429616632443,156.061107963033,156.0538675333182,0.2854388765254363,0.27819844681063355,0.2781950514390177,0.2854388765254363,0.27819844681063355,0.2781950514390177
2018-02-20,272.0299987792969,271.3999938964844,20.600000381469727,20.63999938964844,39.41732754724416,-84.26591865620736,203.79399746072005,199.35680921641313,199.31991821904097,83.74853562906645,83.71164463169428,83.71159285734898,5.085204850936366,5.048313853564183,5.048262079218869
2018-02-21,271.8999938964844,270.04998779296875,20.020000457763672,20.010000228881836,37.94065935001799,-147.6668197226175,191.87129009448577,188.18324170430577,188.15968034874314,72.03842227696585,72.01486092140321,72.01483977869623,3.5468442854428197,3.5232829298801898,3.523261786587054
2018-02-22,271.1000061035156,270.3999938964844,18.719999313354492,18.1299991607666,37.3029423065897,-63.77170434282888,180.21915291789492,177.44669617207498,177.43753298885565,33.874522289718165,33.63809271552934,33.637665996513846,1.6724033459241747,1.6632401627048745,1.6632400611660287
2018-02-23,271.7900085449219,274.7099914550781,16.489999771118164,14.979999542236328,39.703716603025484,240.07742964357845,94.7401440493824,94.40907237109293,94.409000181416,23.994391806888785,23.994319617211858,23.99431961685962,-3.2376400733335897,-3.237712263010513,-3.2377122633627544
2018-02-26,275.92999267578125,277.8999938964844,15.800000190734863,15.15999984741211,42.20635959218484,250.2642989159355,138.81169976890774,137.80736144465087,137.80735634289383,13.060219170073141,13.03356386647763,13.033558764665605,-1.8913080460501757,-1.891313147807217,-1.8913131478622054
2018-02-27,278.1099853515625,274.42999267578125,18.59000015258789,18.1200008392334,40.201906396275135,-200.44531959097043,48.22233739631833,45.87289814352348,45.86199336208642,-61.38101164693057,-61.391908748172234,-61.391916511170514,0.8315931008179547,0.8206883193808974,0.820688235742403
2018-02-28,275.67999267578125,271.6499938964844,19.850000381469727,19.190000534057617,38.58722595720428,-161.46804390708525,-441.73107498314386,-442.0922853407287,-442.09342517482247,39.89305069702285,39.53184033943801,39.53069984452491,-3.1741577926032463,-3.175297626697007,-3.1752982899417104
2018-03-01,271.4100036621094,267.70001220703125,22.469999313354492,23.88999938964844,37.44369462137067,-114.35313358336145,-162.91471100601538,-175.0056368556702,-175.317539283963,106.54357162777345,103.30553878260001,103.30363712604606,21.219049385016447,20.90714695672365,20.90665133629303
2018-03-02,265.79998779296875,269.0799865722656,19.59000015258789,18.8700008392334,36.315039435578164,-112.86551857925033,205.10312951882185,201.17565443435905,201.15733586382115,32.45491699104107,32.23034463639908,32.229906073596375,4.009906262589132,3.991587692051241,3.9915875647067924
2018-03-05,267.7300109863281,272.19000244140625,18.729999542236328,18.260000228881836,38.073947513998434,175.89080784202693,-293.92661399529317,-295.5173432573376,-295.5218085164896,-0.7051406141754537,-0.7096058733274955,-0.7096075679952367,-0.7051406141754537,-0.7096058733274955,-0.7096075679952367
2018-03-06,273.29998779296875,272.8800048828125,18.36000061035156,17.229999542236328,38.39915294460532,32.52054306068857,143.13187028294976,141.55369765716014,141.5493735282719,36.725344228538845,36.72102009965057,36.72101876551746,-0.7306783592207609,-0.7350024881090209,-0.7350038222874211
2018-03-07,270.4200134277344,272.7799987792969,17.760000228881836,16.709999084472656,37.978014540840846,-42.11384037644734,193.75052457356455,193.70665565708745,193.70663714950066,15.747312758332187,15.703443841855067,15.70342533426828,-3.812206642072265,-3.8122251496590502,-3.812225150396761
2018-03-08,273.54998779296875,274.1000061035156,16.540000915527344,15.859999656677246,38.57500389459422,59.698935375337214,126.8011439788587,125.78787268748047,125.78652196148474,21.60018049559261,21.54793830745797,21.547938179886145,-1.869405239153005,-1.8707559651487253,-1.8707559651831822
2018-03-09,275.70001220703125,278.8699951171875,14.640000343322754,13.529999732971191,42.42937197930196,385.4368084707744,125.10457536146066,125.10153997848238,125.10153991395097,3.93487639737436,3.9318410143961042,3.931840949864643,-3.8939290404491063,-3.893929104980532,-3.8939291049805673
2018-03-12,279.20001220703125,278.5199890136719,15.779999732971191,15.239999771118164,42.216723967244775,-21.264801205718697,155.6458354195812,155.62824909932021,155.6282477403362,11.884719732747836,11.86713230024801,11.86713205350111,-3.8648232825164337,-3.864824641500429,-3.864824641503613
2018-03-13,279.8399963378906,276.7200012207031,16.350000381469727,15.359999656677246,40.65173341458696,-156.4990552657818,9.904632852288142,9.890070895620385,9.890069225699541,9.904632852288142,9.890070895620385,9.890069225699108,-3.870871076859188,-3.870872746780033,-3.8708727467942867
2018-03-14,277.80999755859375,275.29998779296875,17.229999542236328,17.280000686645508,39.59779787306575,-105.39355415212057,138.50750537360895,137.10140805129916,137.09799160201925,-1.07755290842143,-1.0809693577013615,-1.080970390701168,-1.07755290842143,-1.0809693577013615,-1.0809703907410388
2018-03-15,275.8800048828125,275.0,16.59000015258789,15.960000038146973,39.071321895419466,-52.64759776462853,156.38809681708764,154.83232810150966,154.83230806738098,17.14925336519436,17.098841357772024,17.098821323033995,-0.7884024646297512,-0.788422498758425,-0.7884224993678477
2018-03-16,274.5,274.20001220703125,15.800000190734863,14.93000030517578,38.06444765025106,-100.68742451684045,167.63211599849132,167.62493661747123,167.62493634580287,7.345481865207502,7.338302484187434,7.338302212519075,-3.885640422953504,-3.885640694621863,-3.8856406946222912
2018-03-19,273.3500061035156,270.489990234375,19.020000457763672,21.950000762939453,35.97869057933835,-208.5757070912713,247.7742203268393,239.82835007270384,239.6726811507414,84.34923688697062,84.19356796500817,84.19272016618321,12.461294489833678,12.30562556787123,12.304776499140177
2018-03-20,270.94000244140625,270.95001220703125,18.200000762939453,19.700000762939453,35.90667038634916,-7.202019298918572,221.331608816492,216.13251015559732,216.13062957013713,45.224528007497206,44.7461473257703,44.74426535593988,6.503843237805027,6.50196265234481,6.501961265991049
2018-03-21,270.8999938964844,270.42999267578125,17.860000610351562,18.520000457763672,35.26212505289198,-64.45453334571809,199.01095523834812,195.33596229033023,195.33545993214338,33.87181255437148,33.62667214566255,33.62616963668912,3.4514934233168333,3.450991065129984,3.4509909142298447
2018-03-22,267.9100036621094,263.6700134277344,23.34000015258789,26.309999465942383,33.572901217824054,-168.92238350679278,68.20704500613687,51.658003653206315,50.93885107269018,-113.49958998299518,-114.21874256351128,-114.23084286392373,31.39209555027105,30.672942969754928,30.6608426693425
2018-03-23,264.1700134277344,258.04998779296875,24.8700008392334,28.219999313354492,31.49923285585217,-207.36683619718832,30.266102149524578,2.8387364183090433,0.7015202709234423,-243.81355988151174,-249.60346287220062,-249.78925924407056,57.37273249289914,55.23551634551352,55.233408435364986
2018-03-26,262.1300048828125,265.1099853515625,21.030000686645508,22.280000686645508,32.54203053589201,104.27976800398397,199.52022754451357,193.86288143467954,193.79812218471892,75.3489639602245,75.28420471026388,75.28405360416154,7.609423560819911,7.5446643108592895,7.544513204756933
2018-03-27,266.1700134277344,260.6000061035156,22.5,22.950000762939453,30.5449286009569,-199.71019349351096,-606.3733382374121,-616.0346325244601,-616.2141338003801,81.68878165544537,79.88345782793496,79.85925743990792,15.963003667115197,15.78350239119514,15.782865406477152
2018-03-28,260.75,259.8299865722656,22.8700008392334,24.940000534057617,30.275436449867442,-26.94921510894588,297.6782066858974,282.25408540536927,281.7749681938248,92.71655347157576,90.3333174742489,90.2905246809527,28.386394549280205,27.907277337735778,27.90701112840072
2018-03-29,261.1199951171875,263.1499938964844,19.969999313354492,20.56999969482422,30.234115599812846,-4.132085005459629,214.37940348352967,209.57254896855338,209.53779133722605,49.676141571412884,49.09029721933022,49.087618624243575,5.818065338016174,5.783307706688857,5.78327990405279
2018-04-02,262.54998779296875,257.4700012207031,23.6200008392334,27.309999465942383,29.022183672519176,-121.19319272936693,-163.1034764415777,-180.56629906544615,-181.34684170261121,33.40728273979005,32.62674010262498,32.61349884981705,33.40728273979005,32.62674010262498,32.61349884981705
2018-04-03,258.8699951171875,260.7699890136719,21.100000381469727,23.479999542236328,28.957176276423652,-6.500739609552397,122.25481234085433,111.7762043516287,111.50567249825608,76.62723758951171,75.24650619133813,75.23612678618524,17.87486783663936,17.604335983266765,17.60232144171357
2018-04-04,256.75,263.55999755859375,20.059999465942383,21.950000762939453,30.09316789433671,113.59916179130565,-500.3739510198974,-505.25188998184393,-505.2946770371003,-635.4602977544263,-636.8947257263535,-636.907451197453,5.984412572267505,5.941625517011131,5.94156770412245
2018-04-05,265.54998779296875,265.6400146484375,18.940000534057617,19.93000030517578,30.94611942353706,85.29515292003502,243.07558703187135,236.68730687604236,236.68630794263612,38.54160190799913,38.207823519298564,38.2068245858923,8.879558808188248,8.878559874781986,8.878559309404888
2018-04-06,263.4200134277344,259.7200012207031,21.489999771118164,23.059999465942383,28.28270611962145,-266.34133039156075,200.5727195429635,191.855043286018,191.66463205400643,31.379570967294647,29.610391756208756,29.595237072070027,14.11021024663239,13.919799014620859,13.918593194005728
2018-04-09,261.3699951171875,261.0,21.770000457763672,23.829999923706055,45.166836129488104,1685.8130009866654,275.56260689856856,265.62271808280985,265.4241981053416,92.47226582528661,90.12748571265648,90.08874295520536,16.57780640876196,16.379286431293757,16.37846416530671
2018-04-10,264.2699890136719,265.1499938964844,20.469999313354492,20.920000076293945,43.681606901026655,-148.52292284614492,224.24105528416425,216.15282371219033,216.02000381927226,47.41873856843008,46.950314000066065,46.94898470494264,12.674924495380404,12.542104602462318,12.542104044956856
2018-04-11,263.4700012207031,263.760009765625,20.239999771118164,20.3700008392334,42.759745005774946,-92.1861895251709,199.10660215202017,194.76661609427433,194.7253230559682,55.61604265739861,55.023103623853714,55.02153746677522,4.9040824060260295,4.862789367719905,4.862712336654404
2018-04-12,265.260009765625,265.92999267578125,18.489999771118164,17.81999969482422,39.971904566351284,-278.7840439423661,219.84079628182718,219.76905965901042,219.76901047267347,19.827943053856885,19.756206431040106,19.75615724470316,-3.756379183001343,-3.7564283693382965,-3.7564283734563366
2018-04-13,267.4100036621094,265.1499938964844,17.40999984741211,16.360000610351562,37.58276241483702,-238.9142151514264,105.98998759667407,105.44366675270159,105.44331557129502,-2.806304718264524,-2.8066558996711257,-2.806655916194625,-2.806304718264524,-2.8066558996711257,-2.806655916194625
2018-04-16,267.0,267.3299865722656,16.559999465942383,16.56999969482422,36.58797935102926,-99.4783063807759,113.41971165399217,112.75784630097615,112.75740513004946,39.001130930500906,39.00068975957424,39.00068974421578,-2.5749457351123635,-2.5753869060390313,-2.5753869213974943
2018-04-17,269.3299865722656,270.19000244140625,15.25,15.350000381469728,35.30746174723055,-128.05176037987138,120.56720340086952,119.02854479902888,119.02854437910514,8.792082171311533,8.78245059944078,8.782450179517044,-0.822681536545756,-0.8226819564694932,-0.8226819564700794
2018-04-18,270.69000244140625,270.3900146484375,15.600000381469728,14.640000343322754,35.97588679733056,66.84250501000122,140.41905107213523,139.5601993116661,139.56019875291568,7.1095669103272705,7.10116257644844,7.101162017698009,-2.1822948028059344,-2.1822953615563643,-2.182295361557876
2018-04-19,269.6499938964844,268.8900146484375,15.960000038146973,15.5,35.941047920804095,-3.4838876526464446,184.50685031678645,184.4975525558962,184.4975519979112,8.167698508614627,8.158400747724338,8.158400189739366,-3.8814028042585624,-3.881403362243533,-3.881403362245516
2018-04-20,268.80999755859375,266.6099853515625,16.8799991607666,16.229999542236328,36.71993324041651,77.88853196124137,140.77576566915099,139.42465420305882,139.42239682162787,18.268572980406987,18.22849386318721,18.22848804438646,-1.191004923453486,-1.1932623048844309,-1.1932623049075466
2018-04-23,267.260009765625,266.57000732421875,16.34000015258789,16.440000534057617,35.54335226194584,-117.65809784706676,108.00086306159079,107.42715869061122,107.42679617545421,-2.7515036667705175,-2.7518661819275088,-2.751866197193908,-2.7515036667705175,-2.7518661819275088,-2.751866197193908
2018-04-24,267.7300109863281,262.9800109863281,18.020000457763672,19.170000076293945,37.50116400865254,195.7811746706696,-241.31934153160344,-243.65476372195744,-243.66523907243445,0.8022934530292147,0.7918181025522424,0.7918104299068638,0.8022934530292147,0.7918181025522424,0.7918104299068638
2018-04-25,262.9100036621094,263.6300048828125,17.84000015258789,18.709999084472656,37.29463112806778,-20.653288058475994,148.82707419580817,147.04209492253872,147.03614165923477,54.412341016326444,54.40638775302251,54.406384936731996,-0.3121732141056164,-0.3181264774095558,-0.3181292937000606
2018-04-26,264.7900085449219,266.30999755859375,16.239999771118164,16.010000228881836,35.112409802731406,-218.22213253363714,-62.041164074224426,-62.052724601959525,-62.05272562288203,8.902942642561976,8.891382114826916,8.891381093904396,-3.87687588174297,-3.8768769026654866,-3.8768769026719387
2018-04-27,267.0,266.55999755859375,15.40999984741211,14.4399995803833,33.623332767213654,-148.90770355177523,76.83772481383706,76.68282982562073,76.68281701006332,23.12352703904731,23.1235142234899,23.123514223469193,-3.590171576832999,-3.590184392390413,-3.590184392411119
2018-04-30,267.260009765625,264.510009765625,15.93000030517578,16.450000762939453,33.70929069368594,8.595792647228961,10.185044442666916,9.607895060863873,9.607527418848353,-2.7445982633738453,-2.744965905389357,-2.744965921047124,-2.7445982633738453,-2.744965905389357,-2.744965921047124
2018-05-01,263.8699951171875,264.9800109863281,15.489999771118164,15.699999809265137,33.003264541906745,-70.60261517791986,129.56506533140512,128.5997054653673,128.59878455245195,12.857734451719365,12.840141754495859,12.840140754972593,-1.966517389012605,-1.9674383019279713,-1.967438348649858
2018-05-02,264.760009765625,263.20001220703125,15.970000267028809,16.530000686645508,33.263630094402046,26.036555249530124,205.61835283392213,205.59893408221464,205.5989312486664,11.497946544066476,11.478527792358992,11.478524958810779,-3.8611539958380097,-3.861156829386223,-3.8611568294203504
2018-05-03,262.260009765625,262.6199951171875,15.899999618530272,15.75,32.906202030418626,-35.742806398342,90.58450284402157,90.28159715147653,90.28151679985655,-3.2939475569859518,-3.2940279086059463,-3.29402790962728,-3.2939475569859518,-3.2940279086059463,-3.29402790962728
2018-05-04,261.5199890136719,266.0199890136719,14.770000457763672,13.859999656677246,31.918428239453448,-98.77737909651785,-127.54363406326593,-127.66947499164817,-127.66947970477908,-194.05548018129215,-194.0632925209021,-194.06329270553877,-3.6483040038396246,-3.648308716970539,-3.6483087169715973
2018-05-07,266.8900146484375,266.9200134277344,14.75,14.220000267028809,32.08895382182841,17.052558237496385,75.45144520491704,75.31103549025704,75.31102636914665,19.378358907283122,19.378349786172727,19.378349786164506,-3.619153207324201,-3.6191623284346024,-3.619162328442818
2018-05-08,266.5,266.9200134277344,14.710000038146973,13.979999542236328,31.970200739667348,-11.875308216106362,82.95567574046848,82.78026916593845,82.78025809057905,11.475776720259137,11.46422060901085,11.464220156205865,-3.5491536248447813,-3.5491647002041784,-3.5491647002098308
2018-05-09,267.67999267578125,269.5,13.420000076293944,12.130000114440918,30.79230797348697,-117.78927661803777,40.923735687990906,40.90907014291015,40.90907006552358,-3.870668677678744,-3.8706687550653203,-3.870668755065324,-3.870668677678744,-3.8706687550653203,-3.870668755065324
2018-05-10,270.3399963378906,272.0199890136719,13.229999542236328,12.43000030517578,31.685099198754074,89.27912252671035,131.66944590280406,131.66925623536113,131.66925623508587,-0.9004013533894701,-0.9005910208324064,-0.9005910211076742,-3.8996206642883244,-3.899620664563592,-3.899620664563592
2018-05-11,272.1600036621094,272.8500061035156,12.649999618530272,11.239999771118164,31.168413171002584,-51.668602775149,32.94101975591495,32.93614015639996,32.936140153842935,-3.8902407932989527,-3.8902407958559766,-3.8902407958559766,-3.8902407932989527,-3.8902407958559766,-3.8902407958559766
2018-05-14,273.3399963378906,272.9800109863281,12.93000030517578,11.920000076293944,31.547093185731924,37.868001472934054,55.18560338015594,55.14415751330364,55.14415697941558,4.430944259074645,4.430943725186575,4.430943725186523,-3.817106664631045,-3.817107198519115,-3.817107198519166
2018-05-15,271.5899963378906,271.1000061035156,14.630000114440918,14.289999961853027,33.310889768720855,176.3796582988931,88.94553448490612,88.70165135637717,88.70162276057322,15.893387777025586,15.869210622203601,15.869210622161324,-3.4121479554034035,-3.412176551207363,-3.4121765512496403
2018-05-16,271.1400146484375,272.239990234375,13.420000076293944,12.359999656677246,31.83875183079195,-147.2137937928906,77.94767005771175,77.85566044295771,77.85565929846086,2.427562540136452,2.4266224778892127,2.4266224750665337,-3.715977337001371,-3.71597848149822,-3.7159784814982206
2018-05-17,271.94000244140625,272.010009765625,13.43000030517578,12.020000457763672,31.69062332362303,-14.812850716892001,45.92234312184855,45.90394238629394,45.903942332564334,9.512062264956608,9.512062211227002,9.512062211227002,-3.8631983677019757,-3.863198421431582,-3.8631984214315827
2018-05-18,271.6199951171875,271.3299865722656,13.420000076293944,11.479999542236328,31.28239988167293,-40.82234419500992,46.69143665004427,46.67607456691174,46.67607454687698,3.5695605527604917,3.568927690267363,3.568927690267363,-3.869275773630682,-3.8692757936654316,-3.8692757936654316
2018-05-21,273.010009765625,273.3699951171875,13.079999923706056,11.369999885559082,31.686878794148228,40.44789124752981,39.01971196115434,39.0078627218011,39.00786268597273,5.819352510239346,5.819352474410984,5.819352474410984,-3.8763014138084144,-3.8763014496367765,-3.8763014496367774
2018-05-22,273.9599914550781,272.6099853515625,13.220000267028809,10.920000076293944,31.44813221061895,-23.874658352927725,69.8166492599719,69.77374087029567,69.77374087029538,-1.6468062186496293,-1.6468275153426486,-1.6468275153429328,-3.8141832206466826,-3.8141832206469664,-3.8141832206469664
2018-05-23,271.1700134277344,273.3599853515625,12.579999923706056,10.0600004196167,30.831938563386686,-61.61936472322651,46.242507011041475,46.237237294023274,46.23723729369764,-2.1399886252742037,-2.1399965110695645,-2.1399965110696204,-3.889460564986701,-3.889460565312339,-3.889460565312339
2018-05-24,272.9100036621094,272.79998779296875,12.529999732971191,10.329999923706056,30.39885562464523,-43.308293874145676,25.249958981389454,25.248010080989737,25.24801008056891,-3.8961021979380748,-3.896102198358907,-3.896102198358907,-3.8961021979380748,-3.896102198358907,-3.896102198358907
2018-05-25,272.1499938964844,272.1499938964844,13.220000267028809,11.460000038146973,31.070502713028432,67.16470883832031,35.705245249472746,35.698373144407554,35.69837313839074,-3.8862557718191875,-3.8862557778359936,-3.8862557778359936,-3.8862557718191875,-3.8862557778359936,-3.8862557778359936
2018-05-29,270.30999755859375,269.0199890136719,17.020000457763672,17.239999771118164,35.81091431495703,474.04116019285993,15.429121163051922,15.36790088161825,15.367864922985467,18.42229753340814,18.361077251974436,18.361041293341643,-3.7774515541104106,-3.7774875127432006,-3.777487515117788
2018-05-30,270.5,272.6099853515625,14.9399995803833,13.260000228881836,33.8194695436286,-199.14447713284318,131.44538230424553,131.4443523039684,131.4443522957873,1.40613235820787,1.4051023579307547,1.4051023497496367,-3.8979399749024104,-3.897939983083529,-3.89793998308353
2018-05-31,272.1499938964844,270.94000244140625,15.43000030517578,14.119999885559082,33.790641735269915,-2.8827808358684592,73.83897593360727,73.70206327363981,73.70205247209887,-3.6261422753790042,-3.626153076919931,-3.626153076941021,-3.6261422753790042,-3.626153076919931,-3.626153076941021
2018-06-01,272.4100036621094,273.6000061035156,13.460000038146973,11.4399995803833,31.90091007819028,-188.97316570796363,33.9702930934971,33.96410392858437,33.96410392098816,-3.887621647385897,-3.8876216549821105,-3.8876216549821105,-3.887621647385897,-3.8876216549821105,-3.8876216549821105
2018-06-04,274.5299987792969,274.8999938964844,12.739999771118164,12.020000457763672,31.434677390239187,-46.62326879510914,124.83577244582062,124.83569945633874,124.83569945632325,-1.3427087635209283,-1.342781753002829,-1.3427817530183042,-3.8998540209897725,-3.8998540210052477,-3.8998540210052477
2018-06-05,275.04998779296875,275.1000061035156,12.399999618530272,11.68000030517578,31.0268054954365,-40.78718948026889,-2.0888024231072846,-2.088839557682234,-2.0888395576927756,-2.0888024231072846,-2.088839557682234,-2.0888395576927756,-3.899925730818476,-3.899925730829018,-3.899925730829018
2018-06-06,275.7900085449219,277.3999938964844,11.640000343322754,11.029999732971191,31.435138304272876,40.83328088363771,81.84669512088531,81.7914996917027,81.79149969169522,-1.6619462952219615,-1.661995066680853,-1.6619950666883234,-3.7896091416123454,-3.789609141619816,-3.789609141619816
2018-06-07,277.95001220703125,277.3699951171875,12.130000114440918,11.899999618530272,32.002263245616625,56.712494134374936,47.53818997606076,47.51097571927348,47.510975413868024,-3.8455705702089835,-3.845570875614444,-3.845570875614475,-3.8455705702089835,-3.845570875614444,-3.845570875614475
2018-06-08,276.8500061035156,278.19000244140625,12.18000030517578,11.5600004196167,32.56466132051705,56.23980749004218,44.468950801321874,44.45370637613241,44.45370634715375,7.173706700883917,7.173706671905256,7.173706671905256,-3.869511062685082,-3.869511091663744,-3.8695110916637443
2018-06-11,278.44000244140625,278.55999755859375,12.350000381469728,12.529999732971191,32.89979934810731,33.513802759026134,70.7747969993031,70.66408027687258,70.66407446008803,6.587281046287639,6.587275229507409,6.58727522950308,-3.6785491047852763,-3.6785549215698383,-3.6785549215698383
2018-06-12,279.0299987792969,278.9200134277344,12.34000015258789,12.029999732971191,33.085184437458324,18.53850893510156,92.77379118038002,92.59525440761739,92.59525440748956,0.6291626140885853,0.6288734125734017,0.6288734125699333,-3.5429264540912477,-3.5429264542190784,-3.5429264542190784
2018-06-13,279.19000244140625,278.0299987792969,12.9399995803833,12.65999984741211,33.234462549277445,14.927811181912176,112.5118899941058,112.51125787614927,112.51125787520962,1.5275042946658504,1.526872175860726,1.52687217576967,-3.8987357612679863,-3.898735762207641,-3.898735762207641
2018-06-14,279.010009765625,278.7300109863281,12.119999885559082,11.039999961853027,32.59849668786748,-63.596586140996436,77.1535163342893,77.08646219126514,77.08646219126379,-1.304295795405801,-1.3043355996578048,-1.3043355996578212,-3.765891713947639,-3.765891713948985,-3.765891713948985
2018-06-15,276.6000061035156,277.1300048828125,11.979999542236328,10.84000015258789,31.31441933729314,-128.40773505743428,41.76505018405518,41.756202195166374,41.756202190852825,2.026135127752064,2.0261351234385163,2.0261351234385163,-3.8823040092817482,-3.8823040135952955,-3.8823040135952955
2018-06-18,275.489990234375,276.55999755859375,12.3100004196167,11.6899995803833,31.246781436995263,-6.7637900297874864,112.11450868191514,112.11441335383849,112.11441335378535,-1.450240352836262,-1.4503356809129109,-1.4503356809660497,-3.8998093436872865,-3.899809343740425,-3.899809343740425
2018-06-19,274.0,275.5,13.350000381469728,12.970000267028809,31.98117925455383,73.43978175585661,1.765842297551715,1.4656540624450907,1.4656540604222865,2.740903841932373,2.7398955077327125,2.7398955057099137,-3.299623523718342,-3.29962352574114,-3.29962352574114
2018-06-20,276.2699890136719,275.9700012207031,12.789999961853027,12.15999984741211,31.435872809957317,-54.530644459651256,72.09766033975646,72.02127551726848,72.02127551272334,3.4905530948915047,3.489270825585306,3.4892708255852813,-3.747230341388623,-3.747230345933763,-3.7472303459337635
2018-06-21,275.9599914550781,274.239990234375,14.640000343322754,14.5600004196167,33.08030764338811,164.44348334307932,-25.486627324644466,-26.18736229474095,-26.187363862058604,10.281832061092636,10.266376953250978,10.266376951909942,-2.4985253578333992,-2.4985269251510527,-2.4985269251579396
2018-06-22,275.6600036621094,274.739990234375,13.770000457763672,12.15999984741211,32.010132035877454,-107.01756075106559,54.715158117896664,54.714814549557794,54.71481454890942,-0.05956167248383881,-0.05990524082270632,-0.059905241471089,-3.899312861377116,-3.8993128620254986,-3.8993128620254986
2018-06-25,273.44000244140625,271.0,17.329999923706055,17.68000030517578,35.614560393760726,360.4428357883272,157.19082118610592,155.07686971077058,155.06876115829257,37.654321936860384,37.43969737510348,37.439693454283436,0.35222863104787194,0.3441200785698504,0.34412007092215635
2018-06-26,271.6400146484375,271.6000061035156,15.920000076293944,15.15999984741211,33.525063066279245,-208.94973274814816,102.07138499968798,101.64887452454293,101.64875504294413,22.1175451664269,22.117425684828085,22.117425684084736,-3.054620602683426,-3.0547400842822436,-3.054740085025589
2018-06-27,272.260009765625,269.3500061035156,17.90999984741211,17.90999984741211,35.80126607043189,227.62030041526486,12.49889875981315,11.017887326873536,11.01462059239561,-0.9281745756681552,-0.9314413101460732,-0.9314420951238005,-0.9281745756681552,-0.9314413101460732,-0.9314420951238005
2018-06-28,269.2900085449219,270.8900146484375,16.850000381469727,15.829999923706056,34.60741184517059,-119.38542252613047,-14.062688325259995,-15.889180942143296,-15.889182205773453,11.375655508478031,11.359222731696448,11.359221468066306,-0.24701097533221406,-0.24701223896235858,-0.2470122389659295
2018-06-29,272.1199951171875,271.2799987792969,16.09000015258789,14.93000030517578,33.49016893438605,-111.72429107845403,87.71285320997998,87.44968533205729,87.44963366118945,-3.37350923049105,-3.3735609013588927,-3.373560901712244,-3.37350923049105,-3.3735609013588927,-3.373560901712244
2018-07-02,269.510009765625,271.8599853515625,15.600000381469728,14.420000076293944,32.812153228545014,-67.80157058410339,-216.14409134795224,-216.1468028396951,-216.14680287489088,4.223880730268691,4.221169238525832,4.2211692033300725,-3.8945769109269603,-3.8945769461227204,-3.894576946122735
2018-07-03,272.8699951171875,270.8999938964844,16.139999389648438,15.170000076293944,33.181867246392926,36.97140178479117,93.72734485084696,93.35709371365705,93.35692854251515,-3.1590021994687993,-3.1591673706107026,-3.1591673748525912,-3.1590021994687993,-3.1591673706107026,-3.1591673748525912
2018-07-05,272.1700134277344,273.1099853515625,14.970000267028809,14.140000343322754,32.28342296595633,-89.84442804365926,73.94939348792772,73.81115147157745,73.81114020989344,-3.623482182176235,-3.6234934438602386,-3.623493443883982,-3.623482182176235,-3.6234934438602386,-3.623493443883982
2018-07-06,273.1400146484375,275.4200134277344,13.369999885559082,11.489999771118164,31.165991116605035,-111.74318493512985,-40.45018923346404,-40.467749871827735,-40.46774995218299,4.860156518945541,4.860156438590284,4.860156438590282,-3.8648784822068345,-3.8648785625620916,-3.8648785625620934
2018-07-09,276.54998779296875,277.8999938964844,12.6899995803833,10.789999961853027,31.665687483214185,49.96963666091503,42.70488915824593,42.69578050659578,42.69578050239688,1.5084247934508417,1.5084247892519418,1.5084247892519418,-3.881782684102989,-3.8817826883018887,-3.8817826883018887
2018-07-10,278.4100036621094,278.8999938964844,12.640000343322754,10.65999984741211,32.218509129431,55.28216462168132,43.84615985032198,43.83312734430361,43.833127322578996,0.6938283902087106,0.6938283684840929,0.6938283684840929,-3.873934922789417,-3.8739349445140348,-3.8739349445140348
2018-07-11,277.1499938964844,276.8599853515625,13.630000114440918,11.800000190734863,32.13357826055661,-8.49308688743875,42.7969571360114,42.78206566839117,42.78206562539794,-3.87021693577985,-3.8702169787730836,-3.8702169787730845,-3.87021693577985,-3.8702169787730836,-3.8702169787730845
2018-07-12,278.2799987792969,279.3699951171875,12.579999923706056,10.600000381469728,32.37438249199576,24.080423143914942,38.89359453948607,38.884480111985546,38.88448010090621,1.3991873828448576,1.3991873717655174,1.3991873717655174,-3.881771111760947,-3.8817711228402865,-3.8817711228402865
2018-07-13,279.1700134277344,279.5899963378906,12.18000030517578,10.06999969482422,32.0203221376332,-35.406035436255934,73.66517622605706,73.66517430401332,73.66517430401332,-2.8779692296387305,-2.877971151682465,-2.877971151682465,-3.8999961559125302,-3.8999961559125325,-3.8999961559125325
2018-07-16,279.6400146484375,279.3399963378906,12.829999923706056,11.5,32.46931699374624,44.8994856113039,129.5682450086739,129.56821214278352,129.56821214277974,-1.958670134256649,-1.9587030001470593,-1.9587030001508268,-3.8999342682078773,-3.8999342682116445,-3.8999342682116445
2018-07-17,278.4700012207031,280.4700012207031,12.0600004196167,10.5600004196167,32.33669910068531,-13.261789306093164,-49.24252530676968,-49.25539249946251,-49.255392517828184,0.10260537567632788,0.10260535731065357,0.10260535731065357,-3.8742655595173137,-3.874265577882988,-3.874265577882988
2018-07-18,280.55999755859375,281.05999755859375,12.100000381469728,10.029999732971191,32.76115403114516,42.445493045985216,85.9037762222987,85.9037731904971,85.90377319049708,-3.023233949237464,-3.023236981039077,-3.023236981039104,-3.8999939363966942,-3.899993936396721,-3.899993936396721
2018-07-19,280.30999755859375,280.0,12.869999885559082,11.149999618530272,32.82573573370469,6.458170255952922,121.48142939203436,121.48139969001389,121.48139969000825,-2.251059416546191,-2.2510891185666595,-2.2510891185722883,-3.8999405959421765,-3.8999405959478053,-3.8999405959478053
2018-07-20,279.7699890136719,279.67999267578125,12.859999656677246,11.010000228881836,32.55142306917549,-27.4312664529198,-2.642292306284202,-2.6423014121080297,-2.6423014121084023,-2.642292306284202,-2.6423014121080297,-2.6423014121084023,-3.8999817883512264,-3.899981788351599,-3.899981788351599
2018-07-23,279.45001220703125,280.20001220703125,12.619999885559082,11.34000015258789,32.498096738151034,-5.332633102445783,71.62668304676886,71.62665392432868,71.62665392432702,-1.9278746288546766,-1.9279037512948363,-1.9279037512965083,-3.899941755114665,-3.899941755116337,-3.899941755116337
2018-07-24,281.7900085449219,281.6099853515625,12.40999984741211,11.149999618530272,33.22542175728322,72.73250191321878,43.08652274536346,43.07380146987122,43.07380145339736,5.594188933462393,5.59418891698853,5.59418891698853,-3.8745573995939346,-3.874557416067797,-3.874557416067797
2018-07-25,281.3299865722656,284.010009765625,12.289999961853027,11.270000457763672,34.845438790663984,162.0017033380762,59.74641163981541,59.712977960834074,59.71297796043317,1.8580640629662115,1.8580639643316106,1.8580639643316106,-3.8331326408346023,-3.833132641235507,-3.833132641235507
2018-07-26,283.20001220703125,283.3399963378906,12.140000343322754,11.06999969482422,34.15072044237672,-69.47183482872603,45.01499351418658,44.9957888966758,44.99578880637373,4.1962777595103,4.196277669208234,4.196277669208232,-3.8615904940722374,-3.8615905843743064,-3.8615905843743064
2018-07-27,283.7099914550781,281.4200134277344,13.029999732971191,11.59000015258789,33.62135831876327,-52.93621236134527,71.77791422398133,71.69218412759433,71.69218412745067,1.7908657501733094,1.7908638489587565,1.790863848958427,-3.7285398067950397,-3.728539806938686,-3.728539806938686
2018-07-30,281.510009765625,279.95001220703125,14.260000228881836,13.56999969482422,33.922689866675306,30.13315479120351,78.06275659930573,77.83592288718116,77.83592185807805,13.402661462572498,13.402639236154853,13.402639236131533,-3.4463294884360023,-3.446330517539108,-3.4463305175409573
2018-07-31,280.80999755859375,281.3299865722656,12.829999923706056,11.640000343322754,33.15824742156744,-76.44424451078677,92.1988681895422,92.19859470241218,92.19859470210028,-0.11871394570069338,-0.11898743314258375,-0.11898743314261129,-3.8994530248042745,-3.899453025116164,-3.899453025116164
2018-08-01,281.55999755859375,280.8599853515625,13.149999618530272,12.289999961853027,33.133308201669536,-2.4939219897902376,65.87711431364535,65.80807104237509,65.80807100803355,7.740229099815812,7.740228055930205,7.740228055930146,-3.761913354434869,-3.7619133887764007,-3.7619133887764047
2018-08-02,279.3900146484375,282.3900146484375,12.1899995803833,10.510000228881836,33.18484096612499,5.153276445545174,-382.9304713800307,-382.93047520589863,-382.93047520589863,-2.795181883771959,-2.7951857096398394,-2.795185709639855,-3.8999923482641927,-3.899992348264208,-3.899992348264208
2018-08-03,282.5299987792969,283.6000061035156,11.640000343322754,9.579999923706056,33.56075470095787,37.59137348328849,17.792613276342145,17.792181695487457,17.7921816954752,-3.8991368382538525,-3.899136838266113,-3.899136838266113,-3.8991368382538525,-3.899136838266113,-3.899136838266113
2018-08-06,283.6400146484375,284.6400146484375,11.270000457763672,9.739999771118164,33.963228053259435,40.24733523015627,43.625563302939476,43.61833939694877,43.61833939694876,-1.8332139624174357,-1.8332139648621122,-1.8332139648621122,-3.8855521880185697,-3.8855521880185777,-3.8855521880185777
2018-08-07,285.3900146484375,285.5799865722656,10.93000030517578,9.130000114440918,34.44535309671272,48.21250434532871,88.30854854170319,88.30854840280846,88.30854840280846,-3.5756537298582987,-3.575653868753034,-3.575653868753034,-3.8999997222105294,-3.8999997222105294,-3.8999997222105294
2018-08-08,285.3900146484375,285.4599914550781,10.850000381469728,8.859999656677246,34.250463895992624,-19.48892007200982,84.49888881590365,84.49888876983898,84.49888876983898,-3.665405228186519,-3.665405274251182,-3.665405274251182,-3.899999907870674,-3.899999907870674,-3.899999907870674
2018-08-09,285.5299987792969,285.07000732421875,11.270000457763672,9.460000038146973,34.195284831142544,-5.517906485007984,82.43058386210042,82.43058310026129,82.43058310026129,-3.323621394243751,-3.323622156082892,-3.323622156082892,-3.8999984763217177,-3.899998476321719,-3.899998476321719
2018-08-10,283.45001220703125,283.1600036621094,13.15999984741211,13.09000015258789,34.35587463755566,16.058980641311393,83.58082162169823,83.36288132303122,83.36288126205403,10.003438410829371,10.003406122450034,10.003406122336093,-3.464119219734428,-3.4641192807116,-3.464119280711604
2018-08-13,283.4700012207031,282.1000061035156,14.779999732971191,15.34000015258789,35.222722868123874,86.68482305682161,124.24464333250486,123.28519257117537,123.28518180291779,23.167110881407197,23.165877727366436,23.165877614088437,-1.9810661724143845,-1.9810769406719684,-1.9810769407232611
2018-08-14,282.9200134277344,283.8999938964844,13.3100004196167,12.619999885559082,34.860807151277896,-36.19157168459779,60.70722673331132,60.63495820069796,60.634954825448666,-3.7554528090254014,-3.75545618427175,-3.7554561842746885,-3.7554528090254014,-3.7554561842746863,-3.7554561842746885
2018-08-15,282.3800048828125,281.7799987792969,14.640000343322754,15.010000228881836,34.746073243094706,-11.473390818319018,96.9424750379981,96.54722584685032,96.54706468908554,-3.109018132889582,-3.1091792906543554,-3.109179294494525,-3.109018132889582,-3.1091792906543554,-3.109179294494532
2018-08-16,283.3999938964844,284.05999755859375,13.449999809265137,12.920000076293944,35.02235220005192,27.62789569572135,78.89533038917834,78.71761950816496,78.7176194658359,9.805677410338157,9.805657005772654,9.805657005722393,-3.544578110986045,-3.544578153315101,-3.544578153315103
2018-08-17,283.8299865722656,285.05999755859375,12.640000343322754,11.56999969482422,34.97758907011815,-4.476312993377007,65.58970150596276,65.48692060883953,65.48692060875197,1.0174249579018433,1.01742245756376,1.017422457563292,-3.694438205490857,-3.6944382055784133,-3.6944382055784133
2018-08-20,285.57000732421875,285.6700134277344,12.489999771118164,11.420000076293944,35.19572534235537,21.81362722372171,108.16730088868768,108.16714910392857,108.16714910380296,-0.9966869279605857,-0.996838712845245,-0.9968387128453129,-3.899696430104939,-3.8996964302305455,-3.8996964302305455
2018-08-21,286.25,286.3399963378906,12.859999656677246,11.550000190734863,35.988867892636165,79.31425502807983,70.14493336686512,70.07953584574312,70.07953584367158,2.7285359770165956,2.7285354254455454,2.7285354254455356,-3.7692049515413664,-3.7692049536129097,-3.7692049536129097
2018-08-22,285.8800048828125,286.1700134277344,12.25,10.770000457763672,35.31466960293186,-67.41982897043073,78.01610335107472,78.01602193717734,78.01602193715823,-1.1634293397613127,-1.1635107536778064,-1.1635107536778069,-3.8998371721478913,-3.8998371721670124,-3.8998371721670124
2018-08-23,285.9700012207031,285.7900085449219,12.40999984741211,10.800000190734863,35.095784995253084,-21.888460767877405,73.27572459137872,73.27561519160439,73.27561519157331,-0.7667396378237972,-0.7668490376291994,-0.7668490376291994,-3.8997812003581247,-3.8997812003891963,-3.8997812003891963
2018-08-24,286.44000244140625,287.510009765625,11.989999771118164,10.170000076293944,36.13294539957604,103.71604043229539,43.27673170910435,43.268763169911594,43.26876316990373,0.16345176863449762,0.16345176634640257,0.16345176634640257,-3.8840629215908957,-3.8840629215987597,-3.8840629215987597
2018-08-27,288.8599853515625,289.7799987792969,12.15999984741211,10.229999542236328,38.03412799046428,190.118259088824,62.71179845276388,62.71177767688487,62.711777676884644,-1.5273739277701237,-1.5273740046486481,-1.5273740046486486,-3.8999584482412994,-3.8999584482415224,-3.8999584482415224
2018-08-28,290.29998779296875,289.9200134277344,12.5,10.199999809265137,38.33478738045387,30.06593899895904,-2.879917004822524,-2.879923468439049,-2.8799234684392685,-2.879917004822524,-2.879923468439268,-2.8799234684392685,-3.899987072766292,-3.8999870727665114,-3.8999870727665114
2018-08-29,290.1600036621094,291.4800109863281,12.25,9.770000457763672,39.4688389310221,113.40515505682305,-3.301996903763839,-3.301998086767611,-3.301998086767618,-3.301996903763839,-3.301998086767618,-3.301998086767618,-3.8999976339924345,-3.8999976339924416,-3.8999976339924416
2018-08-30,290.94000244140625,290.29998779296875,13.529999732971191,11.489999771118164,39.29452916369891,-17.430976732318726,88.12965660769832,88.12907738753076,88.1290773862419,1.125727722862007,1.1257257992529857,1.125725799252911,-3.8988415557983234,-3.898841557087169,-3.898841557087169
2018-08-31,289.8399963378906,290.30999755859375,12.859999656677246,11.010000228881836,38.78018488671188,-51.43442769870319,-2.2102114028906255,-2.210236488645596,-2.210236488649139,-2.2102114028906255,-2.210236488645963,-2.210236488649139,-3.899949828479431,-3.8999498284829737,-3.8999498284829737
2018-09-04,289.8399963378906,289.80999755859375,13.15999984741211,11.970000267028809,38.40250275377735,-37.7682132934531,-0.5613100388495456,-0.5615220916212094,-0.5615220919136323,-0.5613100388495456,-0.5615220916611441,-0.5615220919136323,-3.8995758935794043,-3.8995758938718272,-3.8995758938718272
2018-09-05,289.4100036621094,289.0299987792969,13.90999984741211,12.649999618530272,38.29303339532324,-10.946935845410621,135.45347468030155,135.452543623839,135.4525436207888,1.9184496813428247,1.9175186227338061,1.9175186218300642,-3.898137877924281,-3.898137880974479,-3.898137880974479
2018-09-06,289.1499938964844,288.1600036621094,14.649999618530272,13.460000038146973,38.1890593403193,-10.397405500394541,130.4067252247836,130.40240751110773,130.40240744862515,6.09999017928539,6.09567240981435,6.095672403126935,-3.891364385200495,-3.8913644476830713,-3.891364447683083
2018-09-07,286.9800109863281,287.6000061035156,14.880000114440918,13.489999771118164,37.92109132896842,-26.796801135087378,78.09602341326804,77.93090507927953,77.93089018395226,-3.5697186459962764,-3.5697335413137012,-3.5697335413385067,-3.5697186459962764,-3.5697335413235445,-3.5697335413385067
2018-09-10,288.739990234375,288.1000061035156,14.15999984741211,12.56999969482422,37.528178389570705,-39.291293939771776,91.85227348970466,91.5956156445326,91.59561563322157,5.617850274324107,5.617816555676383,5.61781655559043,-3.3866842757227986,-3.3866842870338294,-3.38668428703383
2018-09-11,287.3699951171875,289.04998779296875,13.220000267028809,11.0,37.51325164986649,-1.4926739704215208,36.07806573176217,36.07021489690423,36.070214884407086,-3.8842982927926832,-3.8842983052898337,-3.884298305289834,-3.8842982927926832,-3.8842983052898337,-3.884298305289834
2018-09-12,289.05999755859375,289.1199951171875,13.140000343322754,10.670000076293944,37.469632981352746,-4.36186685137443,80.37454772542867,80.37451131527767,80.37451131527644,-1.4428348239537687,-1.4428354563168142,-1.4428354563168346,-3.8999271796942994,-3.8999271796955393,-3.8999271796955393
2018-09-13,290.32000732421875,290.8299865722656,12.369999885559082,10.029999732971191,38.37636108026069,90.67280989079478,-3.0080262851954105,-3.0080304565991,-3.0080304565991836,-3.0080262851954105,-3.0080304565991836,-3.0080304565991836,-3.899991657192371,-3.8999916571924547,-3.8999916571924547
2018-09-14,291.05999755859375,290.8800048828125,12.06999969482422,9.93000030517578,38.21197970791407,-16.43813723466252,58.763463981540426,58.76343720602418,58.76343720602308,-1.6498865403820466,-1.6498865472582196,-1.6498865472582196,-3.8999464489642195,-3.8999464489653186,-3.8999464489653186
2018-09-17,290.82000732421875,289.3399963378906,13.68000030517578,13.5,37.810734034049744,-40.124567386432375,-3.414257230271164,-3.4229338906315157,-3.4229344084861415,7.507801578975078,7.499124401499094,7.499124400758964,-3.8826451257120236,-3.8826456435666503,-3.8826456435677725
2018-09-18,289.5799865722656,290.9100036621094,12.789999961853027,11.739999771118164,38.485931712782254,67.51976787325091,-47.50243448241927,-47.502579168520015,-47.50257916859549,-0.7797364251805221,-0.779881111316231,-0.7798811113567474,-3.8997106275720834,-3.8997106276475493,-3.8997106276475493
2018-09-19,290.9700012207031,291.2200012207031,11.75,11.449999809265137,38.1528547425884,-33.307697019385074,85.79541569866723,85.79483993415346,85.79483993294033,1.1842756230954432,1.1842740322346454,1.1842740322345922,-3.898848467333089,-3.8988484685462135,-3.8988484685462135
2018-09-20,292.6400146484375,293.5799865722656,11.800000190734863,11.039999961853027,40.25837036105441,210.55156184660078,39.87160019416906,39.8586369989091,39.858636944307484,-3.874073445675248,-3.8740735002768574,-3.874073500276859,-3.874073445675248,-3.874073500276859,-3.874073500276859
2018-09-21,293.0899963378906,291.989990234375,11.68000030517578,10.630000114440918,38.732515971963124,-152.5854389091286,41.349473010092225,41.33511711431993,41.33511711421833,-3.8712881579439307,-3.8712882082522,-3.871288208252201,-3.8712882081505997,-3.871288208252201,-3.871288208252201
2018-09-24,291.3399963378906,291.0199890136719,12.199999809265137,11.630000114440918,38.00673492933424,-72.57810426288813,70.44061267597246,70.36502003308537,70.3650200254225,4.445810308682132,4.445809340359281,4.445809340359245,-3.7488146912372047,-3.7488146989000826,-3.748814698900083
2018-09-25,291.5299987792969,290.75,12.420000076293944,11.760000228881836,37.84757804738673,-15.915688194750999,65.16046355194949,65.09590901982587,65.0959089984768,6.911097919652114,6.911097071374668,6.9110970713746305,-3.770890871705539,-3.770890893054609,-3.770890893054611
2018-09-26,290.9100036621094,289.8800048828125,12.890000343322754,12.699999809265137,37.330370785464666,-51.72072619220671,85.42401851905102,85.42038351490554,85.42038344173034,4.863696861545334,4.863661370782866,4.863661370755171,-3.892729772183317,-3.892729845358518,-3.8927298453585517
2018-09-27,290.4100036621094,290.69000244140625,12.40999984741211,12.09000015258789,37.70845569711837,37.80849116537013,133.9867686472433,133.98621029450536,133.9862102921218,0.4213298001475563,0.4207714450361406,0.42077144502605,-3.8988832873734216,-3.8988832897569874,-3.8988832897569874
2018-09-28,289.989990234375,290.7200012207031,12.119999885559082,11.170000076293944,37.54295719984514,-16.549849727322652,-1.9813613502650298,-1.9814035611485439,-1.9814035611613292,-1.9813613502650298,-1.9814035611485439,-1.9814035611613292,-3.899915578194616,-3.8999155782074015,-3.8999155782074015
2018-10-01,292.1099853515625,291.7300109863281,12.0,11.1899995803833,38.26254087587385,71.95836760287122,43.16881384119555,43.15351782568395,43.15351778241678,-3.869407839175281,-3.86940788244245,-3.8694078824424505,-3.869407839175281,-3.8694078824424505,-3.8694078824424505
2018-10-02,291.55999755859375,291.55999755859375,12.050000190734863,11.130000114440918,38.09490542761361,-16.7635448260242,54.68008616151689,54.64989730742597,54.64989730507967,4.637531464009514,4.637531348257122,4.637531348257122,-3.839622284779262,-3.8396222871255614,-3.8396222871255614
2018-10-03,292.739990234375,291.7200012207031,11.609999656677246,10.8100004196167,38.007423580456226,-8.74818471573846,37.657949027264166,37.647495891192825,37.647495858902296,-3.8790936309857416,-3.8790936632762656,-3.879093663276266,-3.8790936309857416,-3.879093663276266,-3.879093663276266
2018-10-04,291.17999267578125,289.44000244140625,14.220000267028809,15.420000076293944,37.47734324262723,-53.008033782899844,32.25724741604414,32.1657080055707,32.16565263858648,23.19861561511904,23.19695265562504,23.19695257344128,-3.716755069864512,-3.716810436848707,-3.716810439594021
2018-10-05,289.69000244140625,287.82000732421875,14.81999969482422,14.859999656677246,36.595637911564104,-88.17053310631238,10.279624921084366,10.26456713165699,10.264565591917494,10.279624921084366,10.264566582089408,10.264565591907063,-3.8698798018954697,-3.8698813416349673,-3.8698813416453963
2018-10-08,287.04998779296875,287.82000732421875,15.6899995803833,14.920000076293944,37.14411023209993,54.84723205358293,102.96645139748986,102.49426997123028,102.49406735534835,-2.9550292922651433,-2.9552319069028608,-2.9552319106703777,-2.9550292922651433,-2.955231908147091,-2.955231910670383
2018-10-09,287.3900146484375,287.3999938964844,15.949999809265137,14.399999618530272,36.9962434024769,-14.786682962303388,90.3985248970307,90.09196466407971,90.09187558742454,-3.2866123041325155,-3.286701379473799,-3.286701380787689,-3.2866123041325155,-3.286701380787689,-3.28670138078769
2018-10-10,286.8299865722656,278.29998779296875,22.959999084472656,25.979999542236328,39.290446401620386,229.42029991434865,-1132.0175714083011,-984.2683114628908,-984.7254122494254,-297.2977105744256,-298.4412210594581,-298.463118173011,-297.9956540071918,-298.45275479372634,-298.4632754550746
2018-10-11,277.0799865722656,272.1700134277344,24.979999542236328,29.579999923706055,39.36902085812629,7.857445650590478,-114.90863825692962,-146.24532867555814,-148.80421205147755,66.73388069760638,64.17499732168697,64.08198192736172,66.73388069760638,64.17499732168697,64.08157570402646
2018-10-12,276.7699890136719,275.95001220703125,21.309999465942383,22.84000015258789,35.907722530147126,-346.1298327979165,270.8326342071776,261.18415767990876,260.98494938355265,106.65783484225001,106.45916477374863,106.45821143228532,15.995826767719615,15.796618471363493,15.796202988902598
2018-10-15,275.54998779296875,274.3999938964844,21.299999237060547,23.90999984741211,34.94809795291934,-95.96245772277854,216.33757584266863,213.88834187016613,213.8440535190501,94.30805035659989,91.85881638409741,91.8142555886101,1.1321796252759206,1.0878912741599072,1.087609708528178
2018-10-16,276.6000061035156,280.3999938964844,17.6200008392334,17.850000381469727,33.507016292329034,-144.10816605903065,80.529924993009,78.46481101713539,78.45918731593918,-35.20957943134344,-35.21520225032501,-35.21520342708754,0.24709993904216887,0.24147623784594963,0.24147594328947974
2018-10-17,280.44000244140625,280.45001220703125,17.399999618530273,17.75,33.22931695831411,-27.769933401492608,222.54254022158474,222.38778709218727,222.3875665601359,27.677365718069744,27.52261258867228,27.522392010696606,-3.58983200651567,-3.5900525385670563,-3.5900525847440625
2018-10-18,279.3999938964844,276.3999938964844,20.059999465942383,22.309999465942383,34.041489610812434,81.2172652498326,308.00435446684037,306.58662811061316,306.5740206429342,75.85420730350346,74.43648094727627,74.4238635720778,-1.0266454363506012,-1.0392529040295537,-1.0392793697441896
2018-10-19,277.1300048828125,276.25,19.88999938964844,21.1299991607666,33.67823327650494,-36.32563343074935,222.81767215344874,217.06290267621006,216.99565072786552,7.8117736360775964,7.744521687733105,7.744362170206463,7.8117736360775964,7.744521687733105,7.744362160111601
2018-10-22,277.0,275.010009765625,19.63999938964844,20.670000076293945,32.53529001817509,-114.29432583298507,213.61167167244017,208.53250467298778,208.48285651848104,6.407538400689479,6.357890246182738,6.357803633533132,6.407538400689479,6.357890246182738,6.357803628548952
2018-10-23,270.95001220703125,273.6099853515625,20.709999084472656,23.43000030517578,33.15743942685742,62.21494086823327,306.04034724557494,292.9793030649907,292.9442882080302,88.51876383365271,86.35973178236709,86.32453562918649,22.327682384567105,22.29266752760659,22.292484681738998
2018-10-24,273.3299865722656,265.32000732421875,25.229999542236328,31.90999984741211,36.29876585867726,314.13264318198344,-418.93971357690793,-459.88352788862755,-464.58652334770187,-692.4535064034776,-697.156501862552,-697.4514389680593,93.0135663853265,88.31057092625217,88.005610607186
2018-10-25,267.3800048828125,270.0799865722656,24.219999313354492,29.6200008392334,36.198865154183466,-9.990070449379118,403.39285650503757,376.3274466579904,374.4048040667783,56.18086311262994,54.25822052141788,54.19840751948855,56.18086311262994,54.25822052141788,54.19840751948855
2018-10-26,265.9200134277344,265.3299865722656,24.15999984741211,29.88999938964844,34.6385180926699,-156.03470615135677,462.54086108148,429.91594207451413,427.27595881655196,182.31472084646802,172.96260906427676,172.42277487860764,69.31706906446281,66.67708580650061,66.66155396019273
2018-10-29,268.79998779296875,263.8599853515625,24.700000762939453,31.030000686645508,34.71134931920972,7.283122653981877,264.3147014177877,226.87022251072403,222.69256651710668,-14.093822675510856,-26.20280247186505,-26.948084428866032,83.57872912090902,79.40107312729168,79.38234682515336
2018-10-30,263.6700134277344,267.7699890136719,23.350000381469727,28.8700008392334,33.814384178690375,-89.69651405193417,-142.54234645014247,-168.81329989646719,-170.73832937811042,167.09156534976654,159.63817290104504,159.3546917956351,54.61696186196793,52.691932380324715,52.626333192590565
2018-10-31,270.6499938964844,270.6300048828125,21.229999542236328,25.15999984741211,31.914240819102574,-190.01433595878012,365.96025698580854,345.7652098506238,345.690004357356,107.3966264588862,104.15958607722123,104.0843805839534,36.71770569216908,36.64250019890128,36.641837473284596
2018-11-01,271.6000061035156,273.510009765625,19.34000015258789,21.540000915527344,30.655263289462695,-125.89775296398784,234.11841903968866,227.65228958734167,227.57338738568956,81.36534376491949,79.64194618554775,79.64178123762258,9.269460540231348,9.190558338579264,9.190393364741526
2018-11-02,274.75,271.8900146484375,19.510000228881836,21.170000076293945,30.076804560809208,-57.845872865348724,300.8051515797935,300.09998138684506,300.09642378630963,55.2053606205963,54.50019042764788,54.496632827112414,-2.478974565576519,-2.4825321661119784,-2.48253624708368
2018-11-05,272.44000244140625,273.3900146484375,19.959999084472656,21.6299991607666,31.006804884196768,93.000032338756,223.98519486043529,218.0791857916289,218.00368443636413,8.139196667581736,8.063695312316957,8.063470675165627,8.139196667581736,8.063695312316957,8.063470675165627
2018-11-06,273.32000732421875,275.1199951171875,19.90999984741211,21.6200008392334,31.649934829186336,64.31299449895675,214.9513749827961,207.73718872418243,207.61061075062105,81.16519912425133,81.03862115068993,81.03802967926993,10.909883041770568,10.783305068209174,10.782712868560631
2018-11-07,277.55999755859375,281.010009765625,16.360000610351562,15.539999961853027,31.115633118820078,-53.43017103662575,-99.99738108631786,-100.48256886551556,-100.48285386016275,-2.928769421958237,-2.9290544166054433,-2.9290544285069853,-2.928769421958237,-2.9290544166054433,-2.9290544285070244
2018-11-08,280.1099853515625,280.5,16.719999313354492,15.5600004196167,31.057111539117315,-5.852157970276295,11.189608979422774,11.169468831969306,11.169465056234715,11.189608979422774,11.169468831969306,11.169465056177916,-3.859708377717579,-3.8597121534521714,-3.8597121535094083
2018-11-09,279.0299987792969,277.760009765625,17.360000610351562,15.630000114440918,29.962989392836747,-109.41221462805686,153.29210256174167,151.63034502553336,151.6303410930759,15.614897584924796,15.584177769152953,15.584177358284238,-0.5764731301649508,-0.5764770626223683,-0.576477062637756
2018-11-12,277.19000244140625,272.57000732421875,20.450000762939453,20.690000534057617,30.61622755441512,65.3238161578372,-274.1859826638399,-279.18225819012673,-279.23201040355826,6.242096292667586,6.192344079236015,6.192247924374211,6.242096292667586,6.192344079236015,6.192247920715639
2018-11-13,273.0899963378906,272.05999755859375,20.020000457763672,19.3799991607666,29.802067010174,-81.4160544241119,181.453997672113,178.1524356226972,178.12923686883366,62.609109529688716,62.58591077582516,62.5858803643848,2.772811616946064,2.749612863082513,2.749582444250473
2018-11-14,274.1600036621094,270.20001220703125,21.25,21.38999938964844,30.465465085473525,66.33980752995257,274.6553109819076,264.3088859423461,264.30430949345606,62.22649994020809,61.346660857542496,61.342082199713964,16.80659181835592,16.802015369465906,16.802011239481374
2018-11-15,268.7799987792969,273.0199890136719,19.979999542236328,19.5,29.984267324769647,-48.11977607038784,-401.1143602355575,-405.60380334478197,-405.64468859406134,44.30150408428406,43.93587928945435,43.93522392340237,5.201542282872479,5.160657033593145,5.16065692806637
2018-11-16,271.7900085449219,273.7300109863281,18.13999938964844,16.350000381469727,28.129134487521924,-185.5132837247723,119.36568982449597,118.59377984061275,118.59320470111928,34.10840094297687,34.107825803483394,34.10782578481616,-2.354454557751322,-2.355029697244793,-2.355029715912033
2018-11-19,273.04998779296875,269.1000061035156,20.100000381469727,20.43000030517578,28.206197715582803,7.70632280608794,23.748946102649498,19.12615299131636,19.07785845140838,-104.66467807608873,-104.71297261599672,-104.71308494385733,5.490807002557984,5.442512462650011,5.442400076090692
2018-11-20,265.3599853515625,264.1199951171875,22.479999542236328,23.6299991607666,29.58204219318401,137.58444776012055,147.11948615964485,145.56950403748536,145.55096570376793,76.62758201196993,75.07759988981046,75.059061556093,-0.7442107414622128,-0.7627490751796739,-0.7628189931902831
2018-11-21,265.8599853515625,265.0199890136719,20.799999237060547,19.86000061035156,27.613533332217315,-196.85088609666934,221.58566621528922,216.486454706646,216.45036433636267,41.94191522396009,41.53703278617508,41.535644641113436,6.406696729036653,6.370606358753353,6.370605491884984
2018-11-23,263.17999267578125,263.25,21.520000457763672,21.420000076293945,27.886202155899383,27.26688236820678,211.7746887188935,206.59750119842985,206.53521542628656,74.79458191664445,73.63925384185109,73.63907895893205,6.641757349024177,6.579471576880888,6.579296693961847
2018-11-26,265.7799987792969,267.5,18.899999618530273,20.040000915527344,25.586373466636644,-229.9828689262739,230.1537529177015,224.46976317886092,224.46826642613786,42.41431067555805,41.997528322595706,41.996031569872656,7.472472793882428,7.470976041159378,7.470975021946208
2018-11-27,266.3399963378906,268.3999938964844,19.020000457763672,21.329999923706055,25.947332244049335,36.09587774126908,229.43278237689486,223.42568508643362,223.36285393052069,66.79631020253575,65.66784088297148,65.65866019991113,8.30297511464112,8.240143958728149,8.240048277344798
2018-11-28,269.6000061035156,274.5799865722656,18.489999771118164,22.059999465942383,27.924121962667996,197.67897186186616,-616.6500384693054,-617.5377658723032,-617.5430913329649,61.384702425990234,60.496975022992395,60.49164956233063,-2.1085469210464085,-2.1138723817081804,-2.11387967567994
2018-11-29,273.7099914550781,273.9800109863281,18.790000915527344,22.1299991607666,27.858553816772073,-6.5568145895923635,266.8176148792835,257.2064840728132,256.97704183802125,79.0598199461615,77.5875221231669,77.58598763176623,16.010633118299275,15.781190883507287,15.781175953339423
2018-11-30,273.80999755859375,275.6499938964844,18.06999969482422,21.459999084472656,27.877385703132518,1.8831886360445083,126.03370460597372,117.26328306243121,117.25718815268992,68.73813090608577,67.66591525841213,67.6649877551105,13.659144071054362,13.65304916131304,13.653043743880454
2018-12-03,280.2799987792969,279.29998779296875,16.440000534057617,17.209999084472656,28.277411026628485,40.00253234959672,22.412836795407287,22.3185318207125,22.318448981463398,22.412836795407287,22.3185318207125,22.318448972058967,-3.7111415044151115,-3.7112243436642185,-3.7112243531467413
2018-12-04,278.3699951171875,270.25,20.739999771118164,25.100000381469727,27.92112535627591,-35.628567035257674,-610.9365381046564,-628.1328425159234,-628.9414840349502,-816.8383829918932,-817.6332527944257,-817.647700177731,32.92087601054134,32.11223449151437,32.11145490625647
2018-12-06,265.9200134277344,269.8399963378906,21.190000534057617,25.11000061035156,28.070455055768377,14.93296994924691,337.7147675451309,321.4416522941358,320.88058814705397,104.82343018542444,101.72619939161343,101.65659003175239,30.33114016575525,29.77007601867342,29.76950531399646
2018-12-07,269.4599914550781,263.57000732421875,23.229999542236328,27.420000076293945,28.520977885959496,45.05228301911188,120.15071254112644,114.93213868161996,114.77352299677466,-147.75790780313014,-152.97648166263662,-153.13509734748186,7.018348653480791,6.859732968635523,6.857956897074926
2018-12-10,263.3699951171875,264.07000732421875,22.63999938964844,25.530000686645508,27.599935409662123,-92.1042476297373,313.9051327387677,299.5224689929562,298.9721745537548,122.389312733211,118.59503725142301,118.52398370780507,26.539590590570818,25.989296151369473,25.981543639076513
2018-12-11,267.6600036621094,264.1300048828125,21.760000228881836,23.489999771118164,26.485201850214395,-111.47335594477283,85.6560929310399,76.80058886106848,76.61312668634027,14.37689199134381,14.18942981661563,14.188266407325793,14.37689199134381,14.18942981661563,14.188266407325793
2018-12-12,267.4700012207031,265.4599914550781,21.459999084472656,22.86000061035156,26.36220219825077,-12.29996519636245,243.43006005258096,236.0061473530767,235.8813293120116,11.323925194608595,11.199107153543512,11.198559329384581,11.323925194608595,11.199107153543512,11.198559329384581
2018-12-13,266.5199890136719,265.3699951171875,20.649999618530273,20.56999969482422,25.313172486599726,-104.90297116510447,206.06719057715958,201.61517645772446,201.58222051220736,63.30760110853526,62.34068663092969,62.340655402035544,5.102989773849206,5.070033828332086,5.070002599437949
2018-12-14,262.9599914550781,260.4700012207031,21.6299991607666,21.469999313354492,25.321338677107903,0.8166190508177351,207.49026405730635,202.6306236101231,202.57686479398555,81.24829323919532,81.19453442305776,81.19439631630692,5.9809719181734255,5.927213102035875,5.9270749952850394
2018-12-17,259.3999938964844,255.36000061035156,24.520000457763672,27.06999969482422,27.87793219512767,255.6593518019767,392.91422210055,369.2068121835342,367.6922815047694,117.07444353327605,113.39856404548667,113.3182454062348,48.0601434740513,46.54561279528656,46.545037242381696
2018-12-18,257.20001220703125,255.0800018310547,25.579999923706055,28.36000061035156,28.94712679970749,106.91946045798204,356.42642291288826,337.450171538251,336.5504616018713,183.54303793005263,173.80774192330625,173.79200694918433,36.79918009272875,35.899470156349025,35.88373518222712
2018-12-19,255.1699981689453,251.2599945068359,25.579999923706055,26.649999618530273,28.918312524004534,-2.881427570295614,-348.11507352340067,-372.3656405231817,-372.4232377509673,102.32363511339878,99.45499872401459,99.39740149622897,44.775219251526195,44.717622023740596,44.71719213755368
2018-12-20,249.86000061035156,247.1699981689453,28.3799991607666,30.420000076293945,32.24876551080958,333.04529868050423,481.6131168886949,445.8958732393825,442.51184090264263,149.21007577176266,143.03461965195083,142.8035848668059,78.14257786605772,74.7585455293178,74.60956396241284
2018-12-21,246.7400054931641,240.6999969482422,30.11000061035156,33.7400016784668,35.148502419404835,289.97369085952585,-388.5781237227336,-422.68705507597355,-425.67413150072787,233.3570557021489,218.59519295404863,217.35382677482167,73.63341583614717,70.64633941139286,70.53033150943033
2018-12-24,239.0399932861328,234.33999633789065,36.06999969482422,42.400001525878906,42.233887281296134,708.5384861891299,569.796287220288,501.4255636566991,488.0789512146546,222.08659735180265,192.92392670278457,189.0537217130317,178.5086307876616,165.162018345617,163.5953566074691
2018-12-26,235.97000122070312,246.17999267578125,30.40999984741211,34.709999084472656,33.69733493496719,-853.6552346328947,-868.344296026271,-786.2644577505746,-788.7493962371105,-1153.8496781013264,-1047.0146051972736,-1047.7717473937935,-158.25002607888928,-160.7349645654252,-161.49210676194502
2018-12-27,242.57000732421875,248.07000732421875,29.959999084472656,33.880001068115234,32.83978117555061,-85.75537594165752,-163.02444194025995,-194.43850531445375,-197.09452102339165,-163.02444194025995,-194.43850531445375,-197.09452102339165,67.2264794710009,64.57046376206301,64.46268256744358
2018-12-28,249.5800018310547,247.75,28.34000015258789,31.020000457763672,31.06290520189674,-177.68759736538726,474.50595693510877,439.6445175233401,436.31451033147516,159.7012752115418,152.6929279865283,152.41072693046144,76.28274926669076,72.9527420748258,72.79949955712114
2018-12-31,249.55999755859375,249.9199981689453,25.420000076293945,27.350000381469727,27.388786997758046,-367.41182041386935,385.73316870611126,363.0775098025786,361.77339209498825,104.59102586723935,101.68193690162092,101.62909297641983,45.40972012135463,44.105602413764316,44.07715044498222
2019-01-02,245.97999572753903,250.17999267578125,23.219999313354492,23.020000457763672,24.87016010894341,-251.86268888146373,209.56584386648768,202.5381490924702,202.45746991996893,22.27494731960398,21.413921982791074,21.407871889544445,10.397810491940332,10.317131319439039,10.317003533945668
2019-01-03,248.22999572753903,244.2100067138672,25.450000762939453,26.959999084472656,28.144734727507952,327.4574618564543,148.72865111384726,135.126657798739,134.6357669206222,-32.66108489700395,-36.58855431532651,-36.66135539768021,24.796255323185946,24.305364445069166,24.2988649112679
2019-01-04,247.58999633789065,252.38999938964844,21.3799991607666,21.270000457763672,22.51378336465335,-563.0951362854603,-305.86097610299817,-308.6202041275972,-308.63503517093545,82.06281908022306,79.30359105562407,79.28876001228583,1.6629919412903948,1.648160897952164,1.6481466467236485
2019-01-07,252.69000244140625,254.3800048828125,21.399999618530273,21.68000030517578,22.05627060898655,-45.751275566679794,189.93965863939866,186.21384076834318,186.18461169547987,85.49863120443976,84.14165204408698,84.13548935621003,3.6394651329704724,3.6102360601071695,3.6101886868684403
2019-01-08,256.82000732421875,256.7699890136719,20.469999313354492,20.56999969482422,20.96377569806326,-109.24949109232927,181.04150954662967,177.9705761246063,177.9554668630341,64.14097647138595,63.23617705956722,63.23148536838661,2.2872213454018144,2.2721120838296116,2.272103179133806
2019-01-09,257.55999755859375,257.9700012207031,19.979999542236328,19.18000030517578,40.92744162659331,1993.766592853005,146.71071475462654,145.04394999792294,145.0391805512442,-0.5521565027591064,-0.556925949437872,-0.5569278305862615,-0.5521565027591064,-0.556925949437872,-0.5569278305862615
2019-01-10,256.260009765625,258.8800048828125,19.5,17.8799991607666,40.112458140033525,-81.49834865597825,148.35824589088853,146.87830456866973,146.87620780781288,27.00698124245629,26.87757502148441,26.877463067740415,-0.9338266771404267,-0.9359234379972543,-0.9359235699474509
2019-01-11,257.67999267578125,258.9800109863281,18.190000534057617,16.100000381469727,37.48732101600787,-262.5137124025656,91.93236263965053,91.59252449238522,91.59239068981239,36.19741261351609,36.19727881094327,36.197278807740815,-3.2199222881435454,-3.2200560907163753,-3.2200560939188247
2019-01-14,256.8599853515625,257.3999938964844,19.06999969482422,17.56999969482422,38.73412886417954,124.68078481716702,122.49546872427831,121.64422176186956,121.6434735771777,38.13944344112421,37.92262944054085,37.922420373088755,-2.1952614185228283,-2.1960096032146907,-2.1960096374092393
2019-01-15,257.82000732421875,260.3500061035156,18.600000381469727,16.84000015258789,38.407525738747395,-32.66031254321433,36.2382577805765,35.66158800159582,35.6611244082331,38.14692503893796,38.00962917768122,38.00962914839857,-2.7452695741020694,-2.745733167464787,-2.745733196747442
2019-01-16,260.8299865722656,260.9800109863281,19.040000915527344,16.729999542236328,39.37254714078999,96.50214020425949,157.02125626965477,155.4947763339131,155.49314526288597,15.732123324854426,15.689672296093397,15.689657524929173,-0.8421467494513837,-0.8437778204785071,-0.8437778758064911
2019-01-17,260.010009765625,262.9599914550781,18.059999465942383,15.75,37.94619750803054,-142.63496327594538,6.476380519777054,6.469554707852467,6.469554277745722,6.476380519777054,6.469554707852467,6.469554277745722,-3.8863470858256832,-3.886347515932427,-3.886347515934064
2019-01-18,264.9800109863281,266.4599914550781,17.799999237060547,15.220000267028809,38.50874636934779,56.25488613172536,5.525179754744482,5.520069300926991,5.520069067217136,5.525179754744482,5.520069300926991,5.520069067217136,-3.8897783912337,-3.889778624943556,-3.8897786249441406
2019-01-22,264.82000732421875,262.8599853515625,20.799999237060547,21.56999969482422,42.94862061907608,443.9874249728291,298.60180303462937,298.0146003399251,298.0120378493686,50.84024307845067,50.253040383746374,50.250477893189895,-2.7178995477002648,-2.720462038256735,-2.7204645679764985
2019-01-23,264.010009765625,263.4100036621094,19.520000457763672,19.36000061035156,40.565344231449615,-238.32763876264664,205.37181879392503,200.8668211892938,200.8294967614424,36.1532573947945,35.91997879640471,35.91969498049003,5.222114424944078,5.1847899970926665,5.184741353050612
2019-01-24,263.2099914550781,263.54998779296875,18.88999938964844,18.09000015258789,39.33648145231135,-122.8862779138268,144.11295303287034,142.4913401745252,142.48660211177102,40.794650560573665,40.561379396470755,40.561377718659855,-0.6425550614031068,-0.6472931241572586,-0.647294801968155
2019-01-25,265.6099853515625,265.7799987792969,17.420000076293945,16.350000381469727,37.185436475397594,-215.10449769137523,170.47306217095831,168.6355537859572,168.6355453018187,13.305369315775986,13.27482111221799,13.274812628079468,-0.22495777705839792,-0.22496626119691987,-0.22496626137153397
2019-01-28,263.3900146484375,263.760009765625,18.8700008392334,19.3799991607666,39.13521689916334,194.97804237657448,175.60328537985205,172.6066863777278,172.58837951622843,47.90339638838167,47.510058863763824,47.509436149598955,2.1481730581635397,2.1298661966641426,2.129848043042637
2019-01-29,263.9200134277344,263.4100036621094,19.1299991607666,19.850000381469727,39.47382646169794,33.86095625346002,210.0130437982953,205.11970537437398,205.07239796098628,41.792604348932365,41.46627631049835,41.46572809955059,6.028838521623797,5.981531108236052,5.981451297031795
2019-01-30,265.1000061035156,267.5799865722656,17.65999984741211,17.31999969482422,37.999546298468104,-147.42801632298352,16.07125648239691,16.027516497628945,16.02749864939731,16.07125648239691,16.027516497628945,16.02749864939731,-3.8124664833973347,-3.812484331628974,-3.812484332419577
2019-01-31,267.510009765625,269.92999267578125,16.56999969482422,15.510000228881836,36.87128380990046,-112.82624885676427,91.05860657661803,90.73824644109163,90.73813907122482,-3.2589576131135267,-3.2590649829803437,-3.2590649850580853,-3.2589576131135267,-3.2590649829803437,-3.2590649850580853
2019-02-01,270.1499938964844,270.05999755859375,16.139999389648438,14.130000114440918,36.10523727427292,-76.60465356275381,2.895429885800513,2.8933344070129126,2.8933343655480384,2.895429885800513,2.8933344070129126,2.8933343655480384,-3.8958089180300863,-3.8958089594949623,-3.895808959494991
2019-02-04,270.1099853515625,271.9599914550781,15.729999542236328,13.579999923706056,36.07819010467931,-2.7047169593615195,1.2297119093699376,1.2288080993677175,1.228808091887295,1.2297119093699376,1.2288080993677175,1.228808091887295,-3.8981923575542865,-3.8981923650347103,-3.898192365034712
2019-02-05,272.44000244140625,273.1000061035156,15.56999969482422,13.579999923706056,36.29445867001641,21.62685653371028,63.71118730519398,63.62960371595343,63.62959965501866,-3.736820638698602,-3.7368246996333663,-3.7368246996386936,-3.736820638698602,-3.7368246996333663,-3.7368246996386936
2019-02-06,272.7900085449219,272.739990234375,15.380000114440918,12.729999542236328,35.74863123422483,-54.58274357915798,53.43760091150464,53.39396458669347,53.39396352692615,-3.812724171074504,-3.812725230841819,-3.8127252308422146,-3.812724171074504,-3.812725230841819,-3.8127252308422146
2019-02-07,270.94000244140625,270.1400146484375,16.3700008392334,14.890000343322754,36.24073852139705,49.21072871722174,128.76764043108153,128.02642025255915,128.02641852234945,10.371229772395276,10.355231800436716,10.355230070218605,-2.417554452300883,-2.4175561825105802,-2.4175561825189953
2019-02-08,268.75,270.4700012207031,15.720000267028809,13.609999656677246,35.18854889397977,-105.21896274172775,-0.18828034368888158,-0.46970799271986685,-0.4697512850020704,5.934648681471481,5.931858449208946,5.931858435074458,-3.3370148250914244,-3.3370581173736302,-3.3370581173736307
2019-02-11,271.20001220703125,270.6199951171875,15.970000267028809,14.670000076293944,35.53868255189087,35.01336579111012,111.14052134915063,110.6547085565723,110.65459234843863,12.235486521252467,12.216374403597213,12.216372458591186,-2.928025790418295,-2.928141998551963,-2.928141998559974
2019-02-12,272.4200134277344,274.1000061035156,15.43000030517578,13.470000267028809,36.20621795794469,66.75354060538154,62.01980821440713,61.94674221249989,61.94673914727435,-3.7538588004994433,-3.7538618657249736,-3.7538618657281333,-3.7538588004994433,-3.7538618657249736,-3.7538618657281333
2019-02-13,275.0299987792969,274.989990234375,15.649999618530272,13.489999771118164,36.97044576462075,76.4227806676061,1.570202696300469,1.5691483008217038,1.569148291023187,1.570202696300469,1.5691483008217038,1.569148291023187,-3.8978911796469142,-3.8978911894454296,-3.8978911894454322
2019-02-14,273.7799987792969,274.3800048828125,16.219999313354492,14.109999656677246,37.55705722486499,58.66114602442423,107.4563026924774,106.97109264283804,106.97092089805355,8.782011227544745,8.775234762590244,8.775234760615117,-2.9290646663676996,-2.9292364111522198,-2.9292364111522367
2019-02-15,276.3599853515625,277.3699951171875,14.90999984741211,12.18000030517578,36.975692370551045,-58.13648543139465,68.51547000006546,68.44804702658865,68.44804630930149,4.333812766395059,4.332215165058795,4.332215165058775,-3.765151901184895,-3.7651526184720527,-3.765152618472053
2019-02-19,276.4800109863281,277.8500061035156,14.880000114440918,13.380000114440918,37.01024937298004,3.4557002428996952,82.12097021403446,81.95404308469016,81.9540334563325,10.727913499900607,10.727903871546921,10.727903871542692,-3.5661168562376417,-3.5661264845953022,-3.5661264845955563
2019-02-20,277.80999755859375,278.4100036621094,14.020000457763672,12.600000381469728,36.01458157329016,-99.56677996898833,55.181769340006916,55.13220592467331,55.13220450129463,-3.800868899194725,-3.8008703225734157,-3.80087032257408,-3.800868899194725,-3.8008703225734157,-3.80087032257408
2019-02-21,277.70001220703125,277.4200134277344,14.460000038146973,13.18000030517578,36.03141341013879,1.6831836848631099,62.637778279523324,62.55748655585524,62.55748205686222,-3.739403055666318,-3.739407554659339,-3.7394075546654886,-3.739403055666318,-3.739407554659339,-3.7394075546654886
2019-02-22,278.1099853515625,279.1400146484375,13.510000228881836,11.489999771118164,35.6507273919723,-38.068601816648595,45.52355939783417,45.502017536159904,45.5020173954258,5.993562910702082,5.993562769967983,5.993562769967978,-3.8569158544491713,-3.856915995183274,-3.856915995183274
2019-02-25,280.7300109863281,279.5199890136719,14.850000381469728,14.0600004196167,37.65687091242667,200.61435204543656,39.801761048264574,39.7934578750557,39.79345735573502,7.149054527826552,7.140750836474487,7.1407508352957425,-3.883392095616431,-3.883392614937129,-3.8833926149383853
2019-02-26,279.1300048828125,279.32000732421875,15.170000076293944,14.199999809265137,37.959281397831894,30.24104854052254,133.26005228308782,133.25398865341052,133.25398852633708,7.3254141766996685,7.319350434014677,7.319350419948895,-3.8878723594249727,-3.8878724864983845,-3.8878724864984244
2019-02-27,278.5199890136719,279.20001220703125,14.699999809265137,13.140000343322754,37.149773376288536,-80.95080215433583,83.44999637901503,83.24242512118688,83.24239876457838,8.316505076799153,8.316478720262147,8.316478720190648,-3.484778414518189,-3.484804771126694,-3.4848047711266954
2019-02-28,278.9599914550781,278.67999267578125,14.779999732971191,13.18000030517578,36.90864134665451,-24.113202963402358,106.44825928582836,106.05837812053812,106.05837811057498,4.480665836348946,4.478571081485381,4.478571081164221,-3.120237639530101,-3.120237649493239,-3.1202376494932396
2019-03-01,280.44000244140625,280.4200134277344,13.56999969482422,11.329999923706056,36.240525872246124,-66.81154744083884,113.6487169809622,113.64865603161394,113.64865603159218,-1.7922445297388272,-1.792305479087065,-1.7923054791088324,-3.8998781012382233,-3.8998781012599903,-3.8998781012599903
2019-03-04,281.6000061035156,279.3999938964844,14.630000114440918,13.399999618530272,36.928806111707054,68.828023946093,-37.86380045958456,-38.04253965007457,-38.04255279515525,13.846078091164165,13.846064946091706,13.846064946082306,-3.5424821837744056,-3.5424953288550793,-3.5424953288562624
2019-03-05,279.5400085449219,279.0199890136719,14.739999771118164,13.359999656677246,36.80978630293286,-11.90198087741976,149.67035124369028,149.6691404835975,149.66914047699098,2.303046558128864,2.301835798036066,2.301835791429567,-3.8975784599949037,-3.8975784666014026,-3.8975784666014035
2019-03-06,279.1499938964844,277.3299865722656,15.739999771118164,14.989999771118164,37.28326119980632,47.34748968734621,147.98607076422965,147.97172319839618,147.97172235821202,10.947303196770731,10.93295491164916,10.932954790752357,-3.8713023477769246,-3.8713031879610864,-3.8713031879623068
2019-03-07,276.8299865722656,275.010009765625,16.59000015258789,16.149999618530273,37.361319229381664,7.8058029575345245,120.20019688005142,119.40368362245698,119.40304921690935,35.91331733320083,35.912682941077875,35.912682917481035,-2.3050702376515115,-2.305704643199129,-2.3057046533713166
2019-03-08,272.94000244140625,274.4599914550781,16.049999237060547,14.630000114440918,36.16572250410829,-119.55967252733757,85.72305034822118,85.45437001256636,85.45429234874177,-3.362406334182887,-3.3624839980074697,-3.362483999018719,-3.362406334182887,-3.3624839980074697,-3.3624839990187194
2019-03-11,275.260009765625,278.44000244140625,14.329999923706056,13.399999618530272,35.585317727000614,-58.04047771076739,156.54360225495367,156.5423817200728,156.5423817065374,1.702652745561827,1.7014322106809603,1.701432197145599,-3.8975588896321685,-3.897558903167531,-3.8975589031675346
2019-03-12,279.05999755859375,279.489990234375,13.770000457763672,12.729999542236328,35.41045106610375,-17.486666089686764,105.41922236439753,105.09434850514735,105.0943485034496,2.372908761020544,2.372013920123072,2.3720139200438837,-3.250252276406384,-3.2502522781041527,-3.2502522781041527
2019-03-13,280.4800109863281,281.3399963378906,13.40999984741211,12.529999732971191,36.10229452178892,69.18434556851736,128.80532439792955,128.80467282536614,128.80467282223154,0.662571964679854,0.6619203921164427,0.6619203889818213,-3.898696845469312,-3.898696848603934,-3.898696848603934
2019-03-14,281.3699951171875,281.1600036621094,13.5,12.520000457763672,36.050962653546684,-5.133186824223657,76.51712811734083,76.40394263180895,76.40394259095318,6.573387691284108,6.573384699846487,6.573384699846132,-3.673628906368914,-3.67362894722468,-3.673628947224687
2019-03-15,280.5400085449219,281.30999755859375,12.880000114440918,11.220000267028809,35.335974088403454,-71.498856514323,104.43078156787809,104.43072052913648,104.43072052911774,-1.739754314434037,-1.7398153531756342,-1.739815353194393,-3.8998779224605293,-3.899877922479288,-3.899877922479288
2019-03-18,281.54998779296875,282.3299865722656,13.100000381469728,12.529999732971191,36.17750276629339,84.15286778899329,69.88312899177299,69.79464409559374,69.79464402568796,8.701863607360336,8.7018616213804,8.701861621380194,-3.723029997924116,-3.723030067829895,-3.7230300678299093
2019-03-19,283.510009765625,282.3999938964844,13.5600004196167,13.529999732971191,36.73793396455032,56.043119825693566,93.35096876596114,93.02358772230056,93.02358754539827,11.454888840185687,11.45480431797091,11.454804317299475,-3.245237381971877,-3.245237558874157,-3.2452375588741864
2019-03-20,282.1600036621094,281.54998779296875,13.90999984741211,13.489999771118164,36.55804450887853,-17.988945567179115,71.54841848977925,71.42690916831823,71.42690103623626,-3.6569569608012205,-3.6569650928811384,-3.6569650928934574,-3.6569569608012205,-3.65696509288317,-3.6569650928934574
2019-03-21,280.6400146484375,284.7300109863281,13.630000114440918,13.109999656677246,38.36090661202964,180.28621031511065,126.28045791041527,126.27833232583023,126.27833229372257,2.9988691353393797,2.9967435507543208,2.9967435186466638,-3.89574873450691,-3.8957487666145556,-3.8957487666145667
2019-03-22,283.2200012207031,279.25,16.479999542236328,16.850000381469727,38.613964643406334,25.305803137669614,-4.710728785740267,-6.368386640204101,-6.37328265220268,-109.38126492869574,-109.38615922204957,-109.38616094820634,-0.569996232328061,-0.5748922443266444,-0.5748922519094712
2019-03-25,278.8699951171875,279.0400085449219,16.329999923706055,16.40999984741211,38.111615845986556,-50.23487974197778,158.65738523578017,156.64434012900506,156.64431906166567,22.62146586627727,22.550799652225834,22.55079815374927,0.12615341632590837,0.12613234898652426,0.1261323487340178
2019-03-26,280.989990234375,281.1199951171875,14.68000030517578,13.949999809265137,36.99436550044678,-111.72503455397731,118.63996184727236,118.09224862273734,118.09224788462394,8.895711197688659,8.884663524598945,8.884663524200512,-2.80457133658444,-2.8045720746978224,-2.8045720746996055
2019-03-27,281.1099853515625,279.6499938964844,15.149999618530272,14.699999809265137,36.67397441240951,-32.0391088037276,55.36850361874014,54.61887956977051,54.61887453846965,14.126745527994098,14.098094443810636,14.098094440635004,-2.4007368080223346,-2.400741839323202,-2.4007418393684694
2019-03-28,280.3500061035156,280.7099914550781,14.43000030517578,13.699999809265137,36.30611233996856,-36.78620724409498,157.6964492168514,157.69345938634896,157.6934593050231,3.6934084926328428,3.6904186621304174,3.690418580804492,-3.8940200950173725,-3.894020176343223,-3.894020176343298
2019-03-29,282.3900146484375,282.4800109863281,13.710000038146973,12.34000015258789,36.518494943366285,21.238260339772808,51.99484767431009,51.95902133296214,51.95902080425326,-3.8283457311770923,-3.828346259885973,-3.8283462598860947,-3.8283457311770923,-3.828346259885973,-3.8283462598860947
2019-04-01,284.70001220703125,285.8299865722656,13.399999618530272,12.109999656677246,38.41509071766599,189.65957742997048,-0.6090948971364956,-0.609279991562421,-0.609279991731734,-0.6090948971364956,-0.609279991562421,-0.609279991731734,-3.8996298106402105,-3.8996298108095235,-3.8996298108095235
2019-04-02,286.0400085449219,285.9700012207031,13.359999656677246,11.859999656677246,38.4322276096839,1.7136892017909133,85.1823642357024,85.18140270921545,85.18140270582585,2.202292134594945,2.2013306047185255,2.201330604718402,-3.89807693685731,-3.898076940246915,-3.898076940246915
2019-04-03,287.32000732421875,286.4200134277344,13.739999771118164,12.289999961853027,39.12499678157736,69.27691718934597,54.724506555854,54.68120199322974,54.68120122335484,-3.813388565126186,-3.8133893350010664,-3.8133893350012853,-3.813388565126186,-3.813389335001077,-3.8133893350012853
2019-04-04,286.7799987792969,287.17999267578125,13.579999923706056,11.579999923706056,39.47730215595751,35.23053743801512,52.028739711577096,51.999708443578875,51.9997084312459,-3.8419372950840054,-3.841937439337605,-3.841937439337607,-3.8419374270046274,-3.8419374393376065,-3.841937439337607
2019-04-05,287.9200134277344,288.57000732421875,12.81999969482422,10.119999885559082,39.76781956820701,29.05174122494998,29.193003660616895,29.18943951243576,29.189439510554898,-3.8928716979951457,-3.8928716998760047,-3.8928716998760047,-3.8928716979951457,-3.8928716998760047,-3.8928716998760047
2019-04-08,288.1000061035156,288.7900085449219,13.18000030517578,10.739999771118164,40.14654844182196,37.872887361495344,40.58868592974022,40.5754753784244,40.57547537835632,-3.8735788569214193,-3.8735788972321954,-3.873578897232196,-3.8735788971641174,-3.873578897232196,-3.873578897232196
2019-04-09,287.7200012207031,287.30999755859375,14.279999732971191,11.779999732971191,40.083818991967476,-6.272944985448703,48.34971857851246,48.32085677785149,48.32085639247709,-3.8422752425548805,-3.8422756279292103,-3.842275627929273,-3.8422752425548805,-3.8422756279292725,-3.842275627929273
2019-04-10,287.7699890136719,288.2900085449219,13.300000190734863,10.140000343322754,39.78382123236494,-29.999775960253316,27.311277543647286,27.308511132025238,27.308511130833473,-3.8944671731806073,-3.894467174372375,-3.894467174372375,-3.8944671731806073,-3.894467174372375,-3.894467174372375
2019-04-11,288.8299865722656,288.2099914550781,13.020000457763672,10.520000457763672,39.415489556903324,-36.83316754616186,65.2245021308077,65.18377040238057,65.18377040237922,-0.9068121583812614,-0.9068123502941559,-0.9068123502941585,-3.8185365431416964,-3.818536543143038,-3.818536543143038
2019-04-12,290.0,290.1600036621094,12.010000228881836,9.739999771118164,40.107817623365136,69.23280664618119,-3.369209166931774,-3.3692098900253207,-3.3692098900253233,-3.369209166931774,-3.3692098900253207,-3.3692098900253233,-3.8999985538128987,-3.8999985538129014,-3.8999985538129014
2019-04-15,290.239990234375,289.9700012207031,12.31999969482422,10.609999656677246,40.069804296201276,-3.8013327163859856,-2.5219203658326865,-2.5219372243682674,-2.5219372243700713,-2.5219203658326865,-2.5219372243700646,-2.5219372243700713,-3.8999662829234274,-3.8999662829252313,-3.8999662829252313
2019-04-16,290.95001220703125,290.1600036621094,12.18000030517578,10.760000228881836,40.07987053903896,1.0066242837680761,76.49293147252203,76.49278926475681,76.49278926469961,-0.5549643724870861,-0.5549645855733325,-0.5549645855733334,-3.8997155842979727,-3.8997155843551714,-3.8997155843551714
2019-04-17,291.3999938964844,289.45001220703125,12.600000381469728,11.0,39.787857089439555,-29.2013449599402,-51.445517482689766,-51.47953910907149,-51.47953910988348,2.7535816118520717,2.753581491380239,2.753581491380239,-3.8319567448005833,-3.8319567456125743,-3.8319567456125743
2019-04-18,290.1000061035156,290.0199890136719,12.09000015258789,9.93000030517578,39.81639370688375,2.853661744419611,-3.224137036308484,-3.2241387406230086,-3.224138740623025,-3.224137036308484,-3.224138740623025,-3.224138740623025,-3.8999965913709023,-3.8999965913709187,-3.8999965913709187
2019-04-22,289.1700134277344,290.2699890136719,12.420000076293944,11.630000114440918,40.11583488326352,29.944117637976575,47.92651699478909,47.92629213776559,47.92629213767314,0.07934569299316552,0.07912083588310725,0.07912083587721419,-3.899550285675635,-3.8995502857680977,-3.8995502857680977
2019-04-23,290.67999267578125,292.8800048828125,12.279999732971191,11.640000343322754,42.181869546890454,206.60346636269367,106.8735804778026,106.87314832347005,106.8731483224633,0.27144399043776346,0.27101183509889015,0.27101183509844784,-3.899135688314614,-3.8991356893213704,-3.8991356893213704
2019-04-24,292.7900085449219,292.2300109863281,13.140000343322754,12.539999961853027,42.21339452646261,3.1524979572154166,64.32686866174274,64.23714491277337,64.237139122733,-3.720535131940152,-3.7205409219716215,-3.7205409219805303,-3.720535131940152,-3.7205409219805303,-3.7205409219805303
2019-04-25,292.1199951171875,292.04998779296875,13.25,12.359999656677246,42.10894719853047,-10.444732793213518,60.83083417202349,60.76747448247969,60.76747291438537,-3.773275916629418,-3.7732774847232267,-3.7732774847237387,-3.773275916629418,-3.7732774847237387,-3.7732774847237387
2019-04-26,292.1000061035156,293.4100036621094,12.729999542236328,11.8100004196167,42.823356321418935,71.44091228884619,52.42855297826406,52.3941904975404,52.394190367683684,-3.8312744474012606,-3.831274778839234,-3.8312747788392607,-3.8312746489825433,-3.8312747788392607,-3.8312747788392607
2019-04-29,293.510009765625,293.8699951171875,13.109999656677246,12.520000457763672,43.3590993621788,53.574304075986845,83.99031476094744,83.77714169389671,83.77714165731064,8.662666404040198,8.662638285016516,8.662638284936532,-3.4736537561403136,-3.4736537927263855,-3.4736537927263873
2019-04-30,293.489990234375,294.0199890136719,13.119999885559082,12.4399995803833,43.452540650123474,9.34412879446711,81.82166019162749,81.62757428708937,81.62757425699866,8.512657365482749,8.512634694532439,8.512634694478264,-3.5118281006516248,-3.511828130742339,-3.5118281307423405
2019-05-01,294.7200012207031,291.80999755859375,14.800000190734863,14.949999809265137,42.974844616731055,-47.76960333924194,12.164258099511445,12.14256418809441,12.142560865178,12.164258099511445,12.142563059567523,12.142560865139776,-3.856602208302032,-3.8566055312184435,-3.856605531256665
2019-05-02,291.67999267578125,291.17999267578125,14.420000076293944,13.920000076293944,42.090942490961396,-88.39021257696587,97.04237448003727,96.6873737872194,96.68736442635193,-3.189899058257512,-3.189979892102979,-3.189979892473862,-3.1899705315286786,-3.1899798923961185,-3.189979892473862
2019-05-03,292.82000732421875,294.0299987792969,12.869999885559082,10.960000038146973,43.169108533065604,107.81660421042076,40.71770169129149,40.70320880037953,40.70320873086445,-3.8710140096308505,-3.871014079145918,-3.87101407914592,-3.8710140096308505,-3.87101407914592,-3.87101407914592
2019-05-06,289.25,292.82000732421875,15.4399995803833,15.449999809265137,44.109098945731375,93.99904126657717,-391.358799590952,-391.3937434520259,-391.39374958853233,15.920927660530785,15.885979063600127,15.885977662926111,-3.830093868187024,-3.830100004693443,-3.830100004742071
2019-05-07,290.1499938964844,287.92999267578125,19.31999969482422,20.739999771118164,44.94620585394464,83.7106908213265,63.85948928074489,62.843322412137546,62.83539058784974,63.85948928074489,62.83695101627172,62.83537379179588,-1.8438203704992628,-1.8517521947870725,-1.8517689908409176
2019-05-08,287.5299987792969,287.5299987792969,19.399999618530273,21.329999923706055,44.73349355457796,-21.27122993666788,245.17496536955156,237.59481184652205,237.46297959916382,11.655806222832307,11.524570576566793,11.523973975474037,11.655806222832307,11.523973975474037,11.523973164256061
2019-05-09,285.2300109863281,286.6600036621094,19.100000381469727,21.86000061035156,43.7460477803829,-98.74457741950593,74.08374888978915,72.65980693933652,72.6444923700891,74.08374888978915,72.65980693933652,72.64444280365271,-1.0060235377359206,-1.0213381069833503,-1.0213876734197314
2019-05-10,285.6199951171875,288.1000061035156,16.040000915527344,16.56999969482422,41.00753779637932,-273.8509984003585,193.20944057589796,193.11313558079888,193.1130519104053,22.43986204553697,22.343475032355848,22.34347337180786,-3.7071389738750886,-3.707222644268683,-3.707222652517256
2019-05-13,282.4200134277344,280.8599853515625,20.549999237060547,22.760000228881836,42.14146445640479,113.39266600254732,271.8610870240939,261.95245087210594,261.7221911360224,16.61269177448211,16.382432038398612,16.380888705985335,16.61269177448211,16.382432038398612,16.380885287064878
2019-05-14,281.989990234375,283.3999938964844,18.059999465942383,18.760000228881836,40.10850649966622,-203.29579567385707,177.93637819036246,174.98587093272326,174.97134563637272,2.0446064769358223,2.030085064245988,2.03007582405675,2.0446064769358223,2.030081180585265,2.0300758239263548
2019-05-15,281.5899963378906,285.05999755859375,16.440000534057617,16.309999465942383,39.102928217426005,-100.5578282240215,123.692484292061,122.51835608017039,122.51690553684669,21.779709823797326,21.77825935048201,21.778259262372394,-1.5473918919431546,-1.5488424352668755,-1.548842453368216
2019-05-16,285.8399963378906,287.70001220703125,15.289999961853027,15.0600004196167,39.61900784123416,51.60796238081531,150.86658836657705,150.8313549360033,150.8313452487288,14.594067834860182,14.558824751950704,14.558824716834971,-3.82950407649809,-3.82951376377255,-3.829513763949542
2019-05-17,285.1400146484375,285.8399963378906,15.960000038146973,16.260000228881836,38.96946282248801,-64.95450187461458,17.20821173477828,17.15721778668437,17.15719393028641,17.20821173477828,17.15721778668437,17.157193929068782,-3.797940530965386,-3.7979643873633537,-3.7979643885809806
2019-05-20,284.05999755859375,283.95001220703125,16.309999465942383,16.81999969482422,37.93983214720535,-102.9630675282661,180.98174387475618,180.88034852676648,180.88029708589434,25.500811584355908,25.399372621970684,25.399364794428315,-3.6970549767891137,-3.6971064176612747,-3.6971064191996175
2019-05-21,285.8299865722656,286.510009765625,14.949999809265137,14.5,38.15603532288626,21.620317568090996,141.37186255088847,141.35159218449465,141.3515891028474,11.331483317477339,11.311209877131645,11.311209869411579,-3.859450022196535,-3.8594531038437974,-3.8594531038684803
2019-05-22,285.45001220703125,285.6300048828125,14.75,13.920000076293944,37.26824628208539,-88.77890408008682,157.49434243934215,157.48812982960163,157.48812948467676,5.890236546585676,5.884023595515536,5.884023591919499,-3.887573745741948,-3.8875740906668454,-3.8875740906676475
2019-05-23,283.1600036621094,282.1400146484375,16.920000076293945,17.399999618530273,37.355731998830784,8.748571674539107,155.03848391645195,152.9991881961464,152.99129796346827,0.20226223486531492,0.19437619690887242,0.1943719704207858,0.20226223486531492,0.19437200218719042,0.19437197011402585
2019-05-24,283.739990234375,282.7799987792969,15.850000381469728,15.359999656677246,36.41768831176441,-93.80436870663758,137.00200994346775,135.7472248033572,135.74721811833095,19.07466741591893,19.072710702310317,19.072710485395817,-1.3904096646159023,-1.3904163496421376,-1.3904163496702342
2019-05-28,283.0899963378906,280.1499938964844,17.5,17.979999542236328,36.60222314074679,18.453482898237894,165.63765570457113,163.13507804170158,163.12256208981321,1.1427035694444179,1.1301974317618741,1.1301874894506971,1.1427035694444179,1.1301876175560688,1.130187488210372
2019-05-29,278.9100036621094,278.2699890136719,17.899999618530273,18.34000015258789,36.0239685517363,-57.82545890104842,200.11833752559605,195.8618034625376,195.86147316899596,37.76806265553084,37.51248439263242,37.51244328981451,4.614059112034356,4.613728818492696,4.613728783395562
2019-05-30,279.1099853515625,279.0299987792969,17.299999237060547,17.1200008392334,35.58464069474608,-43.9327856990225,187.11765547288113,183.85883369153743,183.85878551691266,24.935090706952273,24.837931241682256,24.83792257896338,2.6177880909576334,2.6177399163328854,2.6177399148675757
2019-05-31,276.20001220703125,275.2699890136719,18.709999084472656,19.0,35.493215193002115,-9.142550174396291,200.56072360777404,196.56336634974832,196.5615057024066,46.808497661762786,46.30694842914547,46.30693505492808,4.100300026468485,4.098439379126769,4.09843818979434
2019-06-03,275.30999755859375,274.57000732421875,18.86000061035156,19.260000228881836,35.169455285525814,-32.37599074763011,168.72453039610318,168.4271871249592,168.42640506265138,36.97735280885125,36.680009537707264,36.67922747539946,-3.3029660927307027,-3.3037481550385124,-3.3037485476864674
2019-06-04,277.1199951171875,280.5299987792969,16.969999313354492,16.649999618530273,35.71668298953929,54.722770401347276,18.807541709787706,17.86986236106364,17.868794047657616,-2.0214360928161277,-2.022504406222146,-2.022504496060484,-2.0214360928161277,-2.022504406222146,-2.0225044960605167
2019-06-05,282.3299865722656,282.9599914550781,16.09000015258789,14.899999618530272,36.12582240534761,40.91394158083261,95.05229211394361,94.68674588217802,94.68661567171198,-3.1685168975809623,-3.1686471080469856,-3.16864711054357,-3.1685168975809623,-3.1686471080469856,-3.1686471105435734
2019-06-06,283.2900085449219,284.79998779296875,15.93000030517578,14.880000114440918,37.11820131758681,99.23789122391966,108.93634245876667,108.31385077548893,108.31336262588677,23.22550525115974,23.2250171245837,23.225017101541027,-2.6535521845881798,-2.654040334190361,-2.6540403342069556
2019-06-07,285.92999267578125,287.6499938964844,16.299999237060547,15.020000457763672,39.42854982696867,231.03485093818605,144.82644686754625,144.788233400948,144.7882226582399,15.351149967855234,15.312925784019063,15.312925758352398,-3.823540838089695,-3.8235515807977998,-3.823551580994298
2019-06-10,289.3699951171875,288.9700012207031,15.9399995803833,15.25,39.86709087370864,43.854104673997085,177.4303642776509,177.40409808426296,177.40409440657731,13.83710141700636,13.810832721659876,13.810831545907446,-3.8474565800912126,-3.847460257776852,-3.8474602578021657
2019-06-11,290.989990234375,288.8999938964844,15.989999771118164,15.149999618530272,39.80827372279655,-5.8817150912091165,-71.26327171750287,-71.32134328632041,-71.32136781030431,18.545824605887248,18.544247261986087,18.54424719917759,-3.783783288087391,-3.7838078120712657,-3.7838078128465584
2019-06-12,288.6400146484375,288.3900146484375,15.90999984741211,14.65999984741211,39.30389599892517,-50.43777238713787,123.8365486136518,122.93463531452132,122.93463189881768,17.632083827758052,17.631148530993073,17.63114847330929,-2.096163154605357,-2.096166570309019,-2.096166570316596
2019-06-13,289.3999938964844,289.5799865722656,15.81999969482422,14.59000015258789,40.04840821280785,74.4512213882679,167.75401207372187,167.74114615975938,167.7411453221635,9.936749731519695,9.923883259508216,9.9238829799592,-3.8742656592810136,-3.874266496876891,-3.8742664968790113
2019-06-14,289.260009765625,289.260009765625,15.279999732971191,13.5600004196167,39.274109125793245,-77.42990870146045,139.63092110002475,139.62666314974012,139.6266630815928,5.856841816373976,5.85258381013406,5.8525837979420245,-3.891483894988732,-3.8914839631360625,-3.8914839631360807
2019-06-17,289.5199890136719,289.3699951171875,15.350000381469728,14.989999771118164,39.26302164506577,-1.1087480727475452,184.08975192828572,184.07138756000015,184.0713855844445,11.54307262020819,11.524707193459502,11.52470627635506,-3.863265336726146,-3.863267312281818,-3.863267312293743
2019-06-18,291.3900146484375,292.3999938964844,15.149999618530272,15.289999961853027,41.42226341567345,215.92417706076787,133.57192881164923,132.5035163634738,132.50345092504256,25.893366633016967,25.892328669940305,25.89232863087131,-1.762978779001115,-1.7630442174323662,-1.763044220550444
2019-06-19,292.54998779296875,293.05999755859375,14.329999923706056,13.869999885559082,41.32470104705669,-9.75623686167566,85.36200370935622,85.10841226065585,85.108349971877,-3.3926302362627228,-3.392692524301195,-3.3926925250415705,-3.3926302362627228,-3.3926925250415705,-3.392692525041571
2019-06-20,296.0400085449219,295.8599853515625,14.75,14.770000457763672,43.90577391802701,258.1072870970317,143.60015378642046,143.54473701947887,143.54471570311046,18.369756649523993,18.368511621985334,18.368511580600945,-3.789102515270962,-3.789123831639351,-3.7891238322195733
2019-06-21,294.1300048828125,294.0,15.399999618530272,14.829999923706056,42.75403489901635,-115.17390190106624,158.01335734566592,157.98565001810462,157.98564657290876,14.615735496499445,14.612166635436969,14.612166149677966,-3.844575009247365,-3.8445784544432375,-3.8445784544573853
2019-06-24,294.2300109863281,293.6400146484375,15.260000228881836,15.800000190734863,42.21214534886758,-54.18895501487668,183.07425280204257,183.01253478793475,183.0125146576851,20.277222964234838,20.2653605368659,20.26535596298868,-3.7765035799220685,-3.776523710171724,-3.776523710542852
2019-06-25,293.70001220703125,290.760009765625,16.280000686645508,17.010000228881836,40.69326461525666,-151.88807336109207,177.49554937226605,177.257894465282,177.25763593695766,37.26473627440667,37.24637552477062,37.24636047592801,-3.4239145426878537,-3.42417307101219,-3.424173090469146
2019-06-26,291.75,290.4700012207031,16.209999084472656,16.799999237060547,40.358094345333235,-33.51702699234238,153.23758861519852,151.42740024262193,151.4264074971434,-0.2732835639139357,-0.27763637769138727,-0.2776371969223761,-0.2766441679821412,-0.27763691346063446,-0.2776371969370164
2019-06-27,291.30999755859375,291.5,15.81999969482422,16.34000015258789,40.77392627639563,41.583193106239236,158.5413562693272,156.63696452601718,156.63668722753334,32.84890244625752,32.844795173442414,32.84479464479653,-0.0903844947223047,-0.09066179320618817,-0.09066183427487129
2019-06-28,292.5799865722656,293.0,15.079999923706056,15.670000076293944,41.365861380136536,59.19351037409086,120.80907268584643,119.93365022994176,119.93255119638101,-2.145857987503467,-2.1469568906414116,-2.146957021064235,-2.145857987503467,-2.146957021064235,-2.146957021065873
2019-07-01,296.67999267578125,295.6600036621094,14.0600004196167,12.510000228881836,42.840123296380554,147.42619162440178,75.92105691183,75.78562044204119,75.7856198712886,-3.6291188432596173,-3.629125918912958,-3.6291259189161593,-3.629125348163044,-3.6291259189156406,-3.6291259189161593
2019-07-02,295.6099853515625,296.42999267578125,12.93000030517578,10.420000076293944,42.938573178392765,9.844988201221128,95.65822576792245,95.65818422202784,95.65818422202078,-1.9246625078036028,-1.9247040537052573,-1.9247040537052587,-3.899916908189631,-3.8999169081966887,-3.8999169081966887
2019-07-03,297.17999267578125,298.79998779296875,12.56999969482422,9.90999984741211,44.94006611790325,200.14929395104843,27.87710714729048,27.874693620447133,27.87469362023331,-3.895172945450523,-3.895172945885651,-3.895172945885651,-3.895172945671829,-3.895172945885651,-3.895172945885651
2019-07-05,297.44000244140625,298.4599914550781,13.279999732971191,10.56999969482422,44.8106700440998,-12.939607380344853,35.18119968575134,35.17395382653001,35.17395381530634,-3.8855082478863414,-3.885508259110005,-3.885508259110005,-3.8855082478863414,-3.885508259110005,-3.885508259110005
2019-07-08,297.010009765625,296.82000732421875,13.960000038146973,11.119999885559082,43.50974502269535,-130.09250214044528,46.283270398261294,46.2634426872305,46.26344266825712,-3.860344466783972,-3.8603445399916567,-3.8603445399916576,-3.8603445210182836,-3.8603445399916576,-3.8603445399916576
2019-07-09,295.5400085449219,297.19000244140625,14.09000015258789,11.079999923706056,43.8580078921032,34.82628694078542,110.98332031166603,110.98316544828099,110.9831654481464,-0.9914748172568917,-0.9916296807764318,-0.991629680776537,-3.8996902728261325,-3.8996902729607092,-3.8996902729607092
2019-07-10,298.3699951171875,298.6099853515625,13.029999732971191,9.9399995803833,44.6622850834457,80.42771913425,42.502673519987326,42.49083698279188,42.49083698278945,-3.8763269078421616,-3.876326925604256,-3.8763269256042565,-3.8763269256018225,-3.8763269256042565,-3.8763269256042565
2019-07-11,299.32000732421875,299.30999755859375,12.93000030517578,10.079999923706056,45.23842859330568,57.614350985997476,94.30279366483286,94.30278336981041,94.3027833698103,-2.3920967382940486,-2.392097381636233,-2.392097381636246,-3.8999794099547427,-3.8999794099548657,-3.8999794099548657
2019-07-12,299.8500061035156,300.6499938964844,12.390000343322754,9.880000114440918,46.300843074633065,106.24144813273873,-3.0464276618057973,-3.046430481927846,-3.0464304819278833,-3.0464276618057973,-3.0464304819278833,-3.0464304819278833,-3.899994359755791,-3.899994359755828,-3.899994359755828
2019-07-15,301.1300048828125,300.75,12.68000030517578,11.010000228881836,46.36628810969667,6.5445035063604,76.24089118181377,76.2401633383704,76.24016333681936,1.9947277755728576,1.994726897267432,1.9947268972674106,-3.8985443084601363,-3.8985443100111667,-3.8985443100111667
2019-07-16,300.6499938964844,299.7799987792969,12.859999656677246,11.710000038146973,45.46987171368342,-89.6416396013251,72.39575363272387,72.39483841286248,72.39483840771129,1.3730075021058141,1.3729887762857444,1.372988776280529,-3.898169544823629,-3.898169549974823,-3.8981695499748232
2019-07-17,299.75,297.739990234375,13.970000267028809,13.420000076293944,43.95992722666922,-150.99444870141951,5.492487816259354,5.48785790842892,5.487857763920271,5.492487816259354,5.487857763920271,5.48785776392006,-3.8907397508125534,-3.890739895321203,-3.890739895321413
2019-07-18,297.19000244140625,298.8299865722656,13.529999732971191,12.68000030517578,44.73619824402843,77.62710173592069,68.97729085364287,68.87117747211782,68.8711744159805,-3.6877611368424965,-3.6877671246681563,-3.6877671246752586,-3.6877640685379336,-3.6877671246752586,-3.6877671246752586
2019-07-19,300.0400085449219,297.1700134277344,14.449999809265137,13.5600004196167,43.58105676201423,-115.51414820142014,6.10033467860176,6.094207315137563,6.094206985868501,6.10033467860176,6.094206985868501,6.0942069858675705,-3.8877442852616264,-3.887744614530688,-3.8877446145316195
2019-07-22,297.6099853515625,297.8999938964844,13.529999732971191,13.640000343322754,43.72632282746627,14.526606545204146,85.77361802299306,85.51351382990434,85.51344623508342,-3.379588829359783,-3.3796564233249167,-3.3796564241806957,-3.379588829359783,-3.3796564241806957,-3.379656424180696
2019-07-23,299.1400146484375,300.0299987792969,12.609999656677246,12.81999969482422,45.38237474794102,165.6051920474752,120.51314397985931,120.50975682680584,120.50975679005816,5.34832684902557,5.348044314321617,5.348044310973302,-3.893225583650023,-3.893225620397672,-3.8932256203976765
2019-07-24,299.19000244140625,301.44000244140625,12.06999969482422,12.1899995803833,46.57134391084228,118.89691629012589,-168.9733806325,-168.97459182168407,-168.9745918257485,2.7077802084276072,2.707681892550686,2.7076818921604104,-3.8975776094386663,-3.8975776135030817,-3.8975776135030817
2019-07-25,300.94000244140625,300.0,12.739999771118164,12.529999732971191,45.31608589568541,-125.52580151568691,111.96726220948,111.96186868872914,111.9618685254923,6.150170555584221,6.150114092238477,6.150114092163076,-3.8892124687873757,-3.889212632024198,-3.8892126320243277
2019-07-26,300.760009765625,302.010009765625,12.15999984741211,11.539999961853027,47.069770184689936,175.3684289004525,106.15336423439415,106.15251234214978,106.15251233831856,1.4053082955235938,1.4052987021592536,1.405298702157701,-3.8982962040176257,-3.89829620784885,-3.8982962078488503
2019-07-29,301.8800048828125,301.4599914550781,12.829999923706056,12.670000076293944,46.57938581139224,-49.03843732976938,77.3059071711332,77.15018389374916,77.15018151359075,-3.588536671195095,-3.5885486849021753,-3.588548684915107,-3.5885463047567057,-3.588548684915107,-3.588548684915107
2019-07-30,299.9100036621094,300.7200012207031,13.9399995803833,14.460000038146973,46.150093119752164,-42.92926916400788,10.581813045225863,10.564824777192248,10.564822428286739,10.581813045225863,10.564822428286739,10.56482242826228,-3.866016417142868,-3.8660187660483776,-3.866018766072836
2019-07-31,300.989990234375,297.42999267578125,16.1200008392334,18.40999984741211,44.09058348728324,-205.95096324689237,-285.03584671123525,-285.73806514191494,-285.74193853867234,53.07628933028367,53.01387826915935,53.01379555748177,-2.4839295982084426,-2.487802994965852,-2.4878074450190018
2019-08-01,297.6000061035156,294.8399963378906,17.8700008392334,19.31999969482422,42.97645949733228,-111.41239899509614,180.04232264580347,174.95031920231378,174.89431007403604,6.452034519378813,6.39616128630481,6.396025391101098,6.452034519378813,6.396025391101098,6.396025308591813
2019-08-02,293.8500061035156,292.6199951171875,17.610000610351562,17.690000534057617,40.9831632018496,-199.32962954826792,199.19158942906571,198.8719588111732,198.87143905516243,41.24365008151311,41.20505046493498,41.204995254646676,-3.2591792713678345,-3.2596990273785673,-3.2596991023163655
2019-08-05,288.0899963378906,283.82000732421875,24.59000015258789,29.13999938964844,41.722911552097386,73.97483502477868,239.9884886394373,204.97477080731588,201.44505365584888,76.80526109578915,73.41746424377953,73.25044647730617,76.80526109578915,73.27554394432211,73.24605019485347
2019-08-06,285.9100036621094,287.79998779296875,20.170000076293945,21.84000015258789,39.38077397414875,-234.2137577948634,288.4311959878982,286.5729432939813,286.54680057078764,82.71833798826586,80.8351918673893,80.83383131547542,-0.10472916835319257,-0.13087189154690027,-0.13098417044260469
2019-08-07,284.3999938964844,287.9700012207031,19.489999771118164,20.950000762939453,38.79104700342206,-58.97269707266943,-307.06434827126304,-308.0058057398291,-308.01143193837595,63.41045474384074,62.465730898913485,62.46336851540796,-2.0001858989402406,-2.0058120974870386,-2.0058189512955957
2019-08-08,289.6199951171875,293.6199951171875,16.90999984741211,16.770000457763672,40.94490003363062,215.3853030208559,23.08695196165055,22.99687185467807,22.996815989059677,23.08695196165055,22.996847233126317,22.996815985289672,-3.7196721778897426,-3.719728043508137,-3.7197280472781316
2019-08-09,292.5799865722656,291.6199951171875,17.969999313354492,17.75,40.041260001331665,-90.36400322989522,166.35533369540957,163.8771833693232,163.86574746314275,1.0906083740298635,1.0791808294588554,1.079172467849407,1.0906083740298635,1.079172467849407,1.079172466744179
2019-08-12,289.9599914550781,288.07000732421875,21.09000015258789,22.450000762939453,39.94536160055494,-9.589840077672562,86.58137007972998,84.60760366879668,84.5805726593082,86.58137007972998,84.60760366879668,84.58045613453656,0.1289759653717475,0.10194495588327523,0.10182843111163553
2019-08-13,287.739990234375,292.54998779296875,17.520000457763672,17.489999771118164,40.19597877796722,25.06171774122805,-354.88968018535587,-356.9000189672189,-356.9074693855384,0.14302934985604665,0.13558282945747635,0.1355787548296874,0.14302934985604665,0.1355789315366156,0.1355787544794227
2019-08-14,288.07000732421875,283.8999938964844,22.100000381469727,24.420000076293945,38.18788870192071,-200.8090076046507,115.824814596365,99.0625507704535,98.30820877971345,31.891182486029656,31.14847043242129,31.135719888447284,31.891182486029656,31.13684049528961,31.135631127640735
2019-08-15,284.8800048828125,284.6499938964844,21.18000030517578,22.450000762939453,37.610367322151596,-57.752137976911655,80.94191346597631,79.24825205536177,79.22835164907184,80.94191346597631,79.24825205536177,79.22828192201865,-0.45276652349562374,-0.47266692978557057,-0.4727366568387388
2019-08-16,286.4800109863281,288.8500061035156,18.469999313354492,18.36000061035156,37.893557248288495,28.318992613689886,189.53330934460527,186.06139285059965,186.0586616516304,53.026887062321244,53.00862062607111,53.00861046530827,3.0520324535648253,3.049301254595573,3.049299298620201
2019-08-19,292.19000244140625,292.3299865722656,16.8799991607666,17.200000762939453,39.24793068907058,135.43734407820835,154.41166224634222,152.49750442880776,152.49177704996293,-0.054502228076642734,-0.06022763523192953,-0.06022960692146828,-0.054502228076642734,-0.06022960692146828,-0.060229607028123855
2019-08-20,291.7699890136719,290.0899963378906,17.5,18.43000030517578,37.82663302638304,-142.1297662687536,189.7211108049371,186.1605242654839,186.15477439696392,3.2536695639648414,3.23270051082718,3.232684902663136,3.2384408120244226,3.232690943504446,3.2326849009851326
2019-08-21,292.4800109863281,292.45001220703125,15.800000190734863,16.09000015258789,38.60901442636997,78.23813999869245,129.21013400471935,128.1206978067605,128.11895072299984,-1.7158863527830226,-1.7176331495626629,-1.7176334365436485,-1.7158863527830226,-1.7176334365436485,-1.7176334365494341
2019-08-22,293.2300109863281,292.3599853515625,16.68000030517578,16.709999084472656,38.97820910886796,36.91946824979908,155.04843908540428,153.00550120585058,153.00515901408752,0.19429319830755087,0.18656410170571824,0.1865601890049744,0.18690240356861665,0.18656021180554738,0.18656018874822422
2019-08-23,290.9200134277344,284.8500061035156,19.8700008392334,21.549999237060547,35.815252265512086,-316.29568433558717,-740.0842303366925,-742.0096519188276,-742.0375210848773,52.45827210937817,52.16657966498673,52.16510733482257,0.034822928238508855,0.006953762188685264,0.006829841232907086
2019-08-26,287.2699890136719,288.0,19.31999969482422,19.81999969482422,37.24265369189364,142.74014263815573,207.60122598611284,202.868380836108,202.82353835229065,5.700402362906917,5.6555807260897435,5.655498377998667,5.700402362906917,5.655559879089564,5.655498341945453
2019-08-27,289.5400085449219,286.8699951171875,20.309999465942383,20.809999465942383,37.21149798567865,-3.115570621499586,301.31955693170875,300.3052967833851,300.298521020285,65.15772459921679,64.14006099860602,64.13667853865775,-1.8511219533336303,-1.8578977164336328,-1.8579078655690493
2019-08-28,286.1400146484375,288.8900146484375,19.350000381469727,19.15999984741211,37.75178752418681,54.02895385081621,222.07996298112744,216.6587106308064,216.6548501471191,53.63918851811627,53.59285905355909,53.59280932539422,6.954098770978932,6.9502382872916275,6.950234081785172
2019-08-29,291.7200012207031,292.5799865722656,17.8799991607666,16.850000381469727,39.46338809868974,171.16005745029312,155.126544581131,153.24761103678384,153.24660277484128,-0.13541182110503636,-0.14011486829910602,-0.1401157932368653,-0.1391072342276254,-0.14011549617020025,-0.14011579325366696
2019-08-30,294.2200012207031,292.45001220703125,18.979999542236328,18.600000381469727,40.00535190840395,54.19638097142112,239.68051129654677,239.24737558783633,239.24625337380283,45.56007553725011,45.45031347264559,45.44999276707778,-3.0303607834455315,-3.031482997479078,-3.0314833831320245
2019-09-03,290.57000732421875,290.739990234375,19.65999984741211,19.06999969482422,38.89135132386995,-111.40005845340042,253.43613118138077,252.89742740981492,252.89496063620825,47.661165584450835,47.12014048523198,47.11999260007494,-2.8151848168860027,-2.81765159049266,-2.81765402969602
2019-09-04,293.1400146484375,294.0400085449219,17.329999923706055,15.600000381469728,39.97886111473082,108.75097908608709,128.80597768476633,127.68761649095882,127.68753755230091,-1.6611183271136012,-1.6631193871530416,-1.6631197321015025,-1.6630407919681498,-1.6631197306260335,-1.6631197321070736
2019-09-05,296.7900085449219,297.82000732421875,16.270000457763672,14.59000015258789,42.716925263344066,273.80641486132475,111.53420909310168,110.92514648900638,110.92508230772481,-2.68141858927281,-2.6817464228993986,-2.6817464292462363,-2.6816822479646683,-2.6817464292462363,-2.6817464292462425
2019-09-06,298.1700134277344,298.04998779296875,15.0,12.390000343322754,42.448816993406965,-26.81082699371018,73.41180338020784,73.26616904831224,73.26616893108749,-3.6087156697351004,-3.608731101721498,-3.6087311017593184,-3.6087309845345805,-3.6087311017593184,-3.6087311017593184
2019-09-09,299.1400146484375,298.20001220703125,15.270000457763672,13.65999984741211,42.53633879498492,8.752180157795664,141.52137705666613,141.5113471044083,141.51134671306602,9.24884004171564,9.24777516736198,9.247775122012728,-3.879938921456578,-3.8799393127988755,-3.879939312799175
2019-09-10,297.3599853515625,298.1300048828125,15.199999809265137,13.760000228881836,42.40733354153966,-12.900525344526415,87.49750834671921,87.22685178212531,87.2268080216871,-3.358534511569726,-3.3585993492330344,-3.3585993499357945,-3.3585555894975956,-3.3585993499357945,-3.358599349935795
2019-09-11,298.4700012207031,300.25,14.609999656677246,13.130000114440918,44.194627234089246,178.72936925495893,46.83325128607316,46.450718065466475,46.450717634326416,13.564134115261625,13.564005850295866,13.564005848773478,-3.134932265365981,-3.134932696506046,-3.1349326965061928
2019-09-12,301.25,301.2900085449219,14.220000267028809,13.100000381469728,45.067281975795865,87.26547417066186,106.10470128438375,106.08666802250434,106.08666645279371,12.263058754226885,12.26296884057374,12.26296884029369,-3.863928767094404,-3.8639303368050313,-3.863930336809995
2019-09-13,301.7799987792969,301.0899963378906,13.739999771118164,12.619999885559082,44.75814994841758,-30.91320273782827,78.75804838964052,78.59505610500233,78.59505444543743,-3.5739996674120147,-3.5740121115823578,-3.5740121115938077,-3.574010452028908,-3.5740121115938077,-3.5740121115938077
2019-09-16,299.8399963378906,300.1600036621094,14.670000076293944,14.600000381469728,43.92467644307404,-83.34735053435409,11.406454465554603,11.386943835078927,11.386940889677192,11.406454465554603,11.386940889677192,11.386940889642863,-3.8609699027404583,-3.8609728481421954,-3.8609728481765218
2019-09-17,299.94000244140625,300.9200134277344,14.4399995803833,14.539999961853027,44.56482767402128,64.01512309472395,11.048803716861968,11.03007636732922,11.030073451997428,11.048803716861968,11.030073451997428,11.030073451962044,-3.862536554832981,-3.862539470164773,-3.8625394702001556
2019-09-18,300.489990234375,301.1000061035156,13.949999809265137,14.130000114440918,44.61962996661517,5.480229259389091,10.615334837144616,10.596521281060618,10.596518089675769,10.598317970036852,10.596518089675769,10.596518089641874,-3.8623633135757776,-3.8623665049606246,-3.862366504994519
2019-09-19,301.5299987792969,301.0799865722656,14.050000190734863,13.18000030517578,44.579194331825335,-4.043563478983714,96.28211218490038,96.2518374630559,96.25183388116923,-3.2340552006613943,-3.2341170012905573,-3.234117001474465,-3.8394398106510557,-3.839443392537727,-3.839443392537727
2019-09-20,300.3599853515625,298.2799987792969,15.31999969482422,14.68000030517578,42.14330360912197,-243.58907227033626,13.084014488136487,13.055071797145855,13.055063970183065,13.084014488136487,13.055063970183065,13.055063970013917,-3.8420911366229142,-3.8420989635857064,-3.8420989637548533
2019-09-23,297.54998779296875,298.2099914550781,14.90999984741211,9.829999923706056,41.85307382652644,-29.022978259553156,25.994951202172558,25.99282881813027,25.9928288175091,-3.8957552300519085,-3.8957552306730774,-3.8957552306730774,-3.8957552300519085,-3.8957552306730774,-3.8957552306730774
2019-09-24,299.4100036621094,295.8699951171875,17.049999237060547,17.729999542236328,40.302367969640976,-155.07058568854646,240.2809986794399,239.9945406151467,239.99401817121458,37.96626652178019,37.87452330309618,37.8743182274426,-3.3255161661864556,-3.326038610118597,-3.3260387345901536
2019-09-25,295.9599914550781,297.6199951171875,15.960000038146973,15.300000190734863,41.4790251234003,117.66571537593222,158.27534301950246,158.19676711582395,158.19672037702017,21.005305092351215,21.00255718471592,21.002556999661493,-3.742707969028174,-3.7427547078319496,-3.7427547102331187
2019-09-26,297.6300048828125,297.0,16.06999969482422,15.199999809265137,40.89465006689183,-58.437505650847044,116.83009673134968,116.045463007502,116.04530790633967,-2.329556552688255,-2.3304222646876434,-2.3304223499775953,-2.3302672488152765,-2.3304223499775953,-2.3304223499784085
2019-09-27,297.8299865722656,295.3999938964844,17.219999313354492,16.770000457763672,39.78750537363801,-110.71446932538151,153.36532401573913,151.41150874822324,151.4105441895098,0.01656840558130357,0.009563266602064413,0.00955965328555708,0.010524211999011879,0.00955965328555708,0.009559653009922009
2019-09-30,295.9700012207031,296.7699890136719,16.239999771118164,15.279999732971191,40.54191916391768,75.44137902796706,157.32914932611885,157.25092571255954,157.25087970426566,20.994225005412403,20.991581573680193,20.991581400836502,-3.74341474104101,-3.7434607493348824,-3.7434607516544554
2019-10-01,297.739990234375,293.239990234375,18.559999465942383,18.940000534057617,38.248262518114245,-229.36566458034378,-148.17548387340673,-152.7838859034688,-152.79381777565678,5.381960251648275,5.3367645083840625,5.336667949441729,5.346599821629686,5.336667949441729,5.336667901133511
2019-10-02,291.5,288.05999755859375,20.559999465942383,21.709999084472656,35.201009384162546,-304.7253133951699,-108.51421040454058,-119.08038045030777,-119.13302678591732,98.63868848288114,98.41262150837399,98.41151976643084,17.39119027194147,17.338543936331916,17.338240212172003
2019-10-03,287.80999755859375,290.4200134277344,19.1200008392334,19.479999542236328,36.07945370594403,87.84443217814868,117.90363260787299,113.43944787855317,113.39589146100565,5.159055468687269,5.115585474091112,5.11549351032666,5.159055468687269,5.11549905113975,5.115493465343112
2019-10-04,291.1400146484375,294.3500061035156,17.040000915527344,16.270000457763672,38.41001784574912,233.05641398050838,163.0198522158676,162.85671687073537,162.85652618302305,29.138030644225594,29.13330770296421,29.13330708938662,-3.573157174279772,-3.573347861992059,-3.573347886097998
2019-10-07,293.4700012207031,293.0799865722656,17.860000610351562,17.700000762939453,37.43242093409111,-97.75969116580043,185.7091014081298,182.1671148481616,182.16627371918688,48.7208327318551,48.695516992752204,48.695486328272935,3.186496917406515,3.1856557884318155,3.1856556515833665
2019-10-08,291.0400085449219,288.5299987792969,20.280000686645508,20.290000915527344,34.86717524014576,-256.524569394535,-39.14864308080819,-40.41670194391548,-40.428978090547865,68.55029487516501,68.41682284533252,68.41646863349271,-1.326961831653393,-1.3392379782858082,-1.3392686262013132
2019-10-09,290.75,291.2699890136719,18.63999938964844,18.260000228881836,36.10592471261474,123.87494724689745,225.14126613327014,224.74929470046564,224.74798883977175,41.43340562541805,41.04016569376596,41.04012753651825,-3.112137165841995,-3.1134430265358604,-3.113443821937314
2019-10-10,291.17999267578125,293.239990234375,17.56999969482422,17.780000686645508,37.28062432986289,117.46996172481516,192.61409498493708,192.18482740255826,192.18346419688106,43.531965332181024,43.51263315226387,43.51262354359812,-3.0373731348528024,-3.038736340529973,-3.038737034925588
2019-10-11,296.2699890136719,296.2799987792969,15.579999923706056,15.279999732971191,37.439841419598125,13.321708973523608,142.51516288039215,142.40326439957855,142.4031856987937,25.637750985980574,25.63604124558117,25.636041151569927,-3.6759669219309865,-3.67604562271584,-3.67604562741159
2019-10-14,295.92999267578125,295.95001220703125,14.56999969482422,14.010000228881836,34.9649489467013,-247.48924728968262,135.30904583133605,135.28580594513366,135.28580220691487,12.326563598787908,12.326054527744484,12.326054521499477,-3.8535090128457328,-3.8535127510645477,-3.8535127510955878
2019-10-15,297.1000061035156,298.8800048828125,13.539999961853027,12.300000190734863,33.618619107646836,-134.63298390544622,63.523306644672736,63.448169110991465,63.44816817315306,-3.749720707307829,-3.749723056959634,-3.7497230569606463,-3.7497221191222363,-3.7497230569606463,-3.7497230569606463
2019-10-16,298.3699951171875,298.3999938964844,13.68000030517578,11.920000076293944,33.703257090282364,8.463798263552746,72.01688505815626,71.89299457688504,71.89299456159134,-3.652210678549866,-3.652219006860995,-3.652219006870138,-3.652218991576425,-3.652219006870138,-3.652219006870138
2019-10-17,299.67999267578125,299.2799987792969,13.789999961853027,11.899999618530272,34.19666653958696,49.34094493045933,0.35822952005683817,0.3578196424991118,0.35781964165734514,0.35822952005683817,0.35781964165734514,0.35781964165734514,-3.8991802423592463,-3.899180243201013,-3.899180243201013
2019-10-18,298.69000244140625,297.9700012207031,14.25,12.350000381469728,34.68756487097308,49.08983313861199,92.59662681555406,92.59293337756509,92.59293335172259,6.935099305205185,6.93505395013613,6.935053949975881,-3.892613046494566,-3.892613072337055,-3.892613072337056
2019-10-21,299.4200134277344,299.989990234375,14.0,12.609999656677246,34.699934016196295,1.236914522321797,142.86216504289217,142.86044733330849,142.86044732165428,3.161160845012806,3.1608168703295476,3.1608168667702916,-3.896564545870077,-3.896564557524253,-3.8965645575242545
2019-10-22,300.5799865722656,299.010009765625,14.460000038146973,13.300000190734863,35.282315829447754,58.23818132514589,-48.9522294883567,-48.96037389213559,-48.96037443910624,6.94082669997298,6.940368777778094,6.940368774338138,-3.8837095515256634,-3.8837100984963095,-3.8837100984978394
2019-10-23,298.7300109863281,299.8800048828125,14.010000228881836,12.270000457763672,34.581540109919246,-70.0775719528508,93.21175393927855,93.20868666714813,93.20868664925982,6.208926703305281,6.208884706354917,6.208884706223575,-3.8938654020742036,-3.893865419962519,-3.8938654199625193
2019-10-24,300.9100036621094,300.3699951171875,13.710000038146973,11.890000343322754,34.082318367727765,-49.92217421914802,102.68836745441749,102.68633461712754,102.6863345965706,3.4119381735392134,3.4119228545817366,3.4119228545766465,-3.895934263749311,-3.8959342843062537,-3.895934284306257
2019-10-25,299.739990234375,301.6000061035156,12.649999618530272,10.329999923706056,32.33702574695185,-174.52926207759134,-2.567206765197181,-2.5672174580904352,-2.5672174580908838,-2.567206765197181,-2.5672174580908838,-2.5672174580908838,-3.899978614212146,-3.8999786142125945,-3.8999786142125945
2019-10-28,302.94000244140625,303.29998779296875,13.109999656677246,11.699999809265137,33.84732487257395,151.02991256220974,59.71256292041232,59.64533669900353,59.645336650587815,-3.7655447251024445,-3.765547460349118,-3.765547460350983,-3.765547411935266,-3.765547460350983,-3.765547460350983
2019-10-29,303.0,303.2099914550781,13.199999809265137,11.75,33.93955155428236,9.222668170841075,61.77316736033165,61.69674416733094,61.69674411914429,-3.7471499151660437,-3.747153517622383,-3.7471535176253066,-3.7471534694386643,-3.7471535176253066,-3.7471535176253066
2019-10-30,303.42999267578125,304.1400146484375,12.329999923706056,10.670000076293944,32.597762837061936,-134.17887172204246,57.42680272265804,57.4262610747743,57.426261074577106,-3.8114933360448715,-3.8114938593589973,-3.8114938593590373,-3.8989167036409493,-3.898916703838138,-3.898916703838138
2019-10-31,304.1300048828125,303.3299865722656,13.220000267028809,11.579999923706056,33.93390347444347,133.61406373815328,108.10069132052064,108.10002402879735,108.1000240277875,1.6786721775205518,1.6786361604256053,1.678636160368555,-3.8986654135238656,-3.898665414533737,-3.898665414533737
2019-11-01,304.9200134277344,306.1400146484375,12.300000190734863,9.84000015258789,33.425755302793064,-50.81481716504044,-2.941364707346497,-2.941369118452876,-2.9413691184529824,-2.941364707346497,-2.9413691184529824,-2.9413691184529824,-3.899991177786923,-3.8999911777870295,-3.8999911777870295
2019-11-04,307.8500061035156,307.3699951171875,12.829999923706056,11.079999923706056,34.90020315198721,147.44478491941493,51.142805506137485,51.106455053873674,51.10645505387354,-3.8272984581616556,-3.8272990954719797,-3.8272990954721124,-3.8272990954719797,-3.8272990954721124,-3.8272990954721124
2019-11-05,307.5899963378906,307.0299987792969,13.100000381469728,10.989999771118164,35.18502500704393,28.482185505671964,46.91292950752434,46.88813588603881,46.88813588603879,-3.850412505792833,-3.850412757028854,-3.850412757028884,-3.850412757028854,-3.850412757028884,-3.850412757028884
2019-11-06,307.0299987792969,307.1000061035156,12.619999885559082,9.470000267028809,34.27503386309998,-90.99911439439552,28.1172132817072,28.114899118173412,28.114899118109953,-3.8953716725198215,-3.8953716728054966,-3.8953716728054966,-3.895371672742037,-3.8953716728054966,-3.8953716728054966
2019-11-07,308.57000732421875,308.17999267578125,12.729999542236328,10.15999984741211,34.99225278898447,71.72189258844952,57.916928599819634,57.91673433524596,57.916734335222635,-3.825024760007522,-3.8250250170776003,-3.8250250170776083,-3.89961147078269,-3.8996114708060117,-3.8996114708060117
2019-11-08,307.79998779296875,308.94000244140625,12.06999969482422,9.31999969482422,34.1767806125158,-81.54721764686741,25.729071825808795,25.726941857691948,25.726941857691948,-3.8957400631874077,-3.895740063766309,-3.895740063766309,-3.895740063766309,-3.895740063766309,-3.895740063766309
2019-11-11,307.4200134277344,308.3500061035156,12.6899995803833,10.6899995803833,34.816003553134806,63.922294061900686,41.883591964707186,41.86870650417391,41.86870650417391,-3.870229016005467,-3.8702290789334515,-3.8702290789334537,-3.8702290789334515,-3.8702290789334537,-3.8702290789334537
2019-11-12,308.75,309.0,12.68000030517578,10.800000190734863,35.0992910541281,28.328750099329625,76.23273609300061,76.23225635593346,76.23225635566527,1.9863842946800006,1.9863811731865662,1.9863811731857837,-3.8990405250611584,-3.8990405253293323,-3.8990405253293323
2019-11-13,307.9100036621094,309.1000061035156,13.0,10.970000267028809,35.677716978996216,57.842592486811384,50.422199673808095,50.387925873210534,50.38792586533007,-3.8314518491769265,-3.831452383043854,-3.8314523830439424,-3.8314523751634817,-3.8314523830439424,-3.8314523830439424
2019-11-14,308.7900085449219,309.54998779296875,13.050000190734863,11.229999542236328,35.9602183111751,28.250133217888163,85.3572866232415,85.3563135959946,85.35631359454513,3.1570308732570664,3.1570200984195944,3.157020098411204,-3.8980539411577406,-3.898053942607224,-3.898053942607224
2019-11-15,311.0199890136719,311.7900085449219,12.050000190734863,9.670000076293944,35.48237651843117,-47.78417927439307,66.32041710756067,66.3203526308732,66.3203526308649,-1.0963341283963493,-1.0963341686983399,-1.0963341686983399,-3.8998710466001456,-3.899871046608448,-3.899871046608448
2019-11-18,311.5299987792969,312.0199890136719,12.460000038146973,10.18000030517578,36.15485031799377,67.24737995626029,51.946596344654225,51.945887467538384,51.94588746682009,-3.8533847517009328,-3.853384807764128,-3.853384807764128,-3.898582243613448,-3.898582244331745,-3.898582244331745
2019-11-19,312.67999267578125,311.92999267578125,12.859999656677246,10.25,36.72247055576456,56.76202377707895,38.99069997110353,38.978830513549106,38.978830513549106,-3.876261041824078,-3.8762610848911505,-3.876261084891152,-3.8762610848911505,-3.876261084891152,-3.876261084891152
2019-11-20,311.2799987792969,310.7699890136719,12.779999732971191,10.199999809265137,35.86807753804513,-85.43930177194312,61.89355486599204,61.893141424616054,61.893141424284586,-3.82491322991215,-3.8249133586770108,-3.824913358677011,-3.899173116253654,-3.8991731165851236,-3.8991731165851236
2019-11-21,310.8900146484375,310.2699890136719,13.130000114440918,10.5600004196167,36.14532651996595,27.724898192082037,87.72616687141316,87.72581580451772,87.72581580406623,0.3551008180178403,0.3550995250867137,0.3550995250867137,-3.899297864854666,-3.8992978653061585,-3.8992978653061585
2019-11-22,311.0899963378906,310.9599914550781,12.34000015258789,9.220000267028809,35.13508894905671,-101.023757090924,56.07460502857188,56.07458155607538,56.07458155607465,-1.6671470117666591,-1.6671470164173776,-1.6671470164173776,-3.899953055004786,-3.899953055005522,-3.899953055005522
2019-11-25,311.9800109863281,313.3699951171875,11.869999885559082,9.760000228881836,35.71428715334431,57.919820428760005,34.69084503383613,34.68517616938073,34.68517616938073,-3.888662268331091,-3.888662271089202,-3.888662271089202,-3.888662271089202,-3.888662271089202,-3.888662271089202
2019-11-26,313.4100036621094,314.0799865722656,11.539999961853027,9.5,35.631881481730844,-8.24056716134649,44.439129533386975,44.439039313782665,44.439039313779965,-3.8728735972812696,-3.8728736202655134,-3.8728736202655134,-3.899819560783275,-3.8998195607859785,-3.8998195607859785
2019-11-27,314.6099853515625,315.4800109863281,11.75,9.899999618530272,36.82968587914699,119.78043974161494,-2.3943057244829387,-2.3943199647993563,-2.3943199647998927,-2.394316063848805,-2.3943199647998927,-2.3943199647998927,-3.899971519365556,-3.8999715193660927,-3.8999715193660927
2019-11-29,314.8599853515625,314.30999755859375,12.619999885559082,11.359999656677246,37.284433912084474,45.47480329374807,0.28705184180266397,0.2866227958775438,0.28662279465324936,0.2868720658945989,0.28662279465324936,0.28662279465324936,-3.8991419044768767,-3.899141905701171,-3.899141905701171
2019-12-02,314.5899963378906,311.6400146484375,14.90999984741211,15.300000190734863,39.446348688547815,216.1914776463341,22.04648954353153,21.9657865333619,21.96574292369477,21.996787299819736,21.96574292369477,21.965742921434547,-3.7384631438786435,-3.738506753545778,-3.7385067558060117
2019-12-03,308.6499938964844,309.54998779296875,15.960000038146973,16.860000610351562,40.2668270178943,82.04783293464857,190.4996284934222,190.11729336057883,190.11659532690834,4.109850290644422,4.078609839627585,4.0785689316735665,-3.133235607569862,-3.1339336412403687,-3.133933649817364
2019-12-04,310.70001220703125,311.4599914550781,14.800000190734863,14.920000076293944,39.043966235399566,-122.28607824947346,181.09775983896634,181.01831520893526,181.01826119484267,20.6823353530417,20.67613607788377,20.676136074271582,-3.7409486868234607,-3.741002700916043,-3.7410027045282543
2019-12-05,312.2300109863281,312.0199890136719,14.520000457763672,13.9399995803833,38.79398211365216,-24.99841217474028,105.38606803451388,104.86040193410916,104.86040192532772,-2.848380215017821,-2.848667772846161,-2.848667781627587,-2.848667772846161,-2.8486677816275865,-2.8486677816276087
2019-12-06,314.1199951171875,314.8699951171875,13.619999885559082,12.8100004196167,38.863945710937,6.996359728483981,136.60358335070381,136.59553233078321,136.59553208875275,8.343944446263189,8.343198624171503,8.34319862417138,-3.8838972340673177,-3.883897476097776,-3.8838974760978044
2019-12-09,314.44000244140625,313.8800048828125,15.859999656677246,17.059999465942383,41.91124143430493,304.7295723367924,39.82853079428603,39.50962624217211,39.50896892007494,39.61582268287369,39.508968988798884,39.50896880376328,-3.260218580515171,-3.26087590261233,-3.2608760189341632
2019-12-10,313.82000732421875,313.5299987792969,15.68000030517578,16.239999771118164,41.34926578132614,-56.19756529787878,190.54022800436488,190.27381433290736,190.27345950179557,38.347553313630286,38.31959957199848,38.319599534140394,-3.366108149503723,-3.366462980615541,-3.3664629853640253
2019-12-11,314.0299987792969,314.4200134277344,14.989999771118164,15.270000457763672,40.591419666712326,-75.78461146138125,180.71563263242425,180.60582089018718,180.60575978362527,26.224765285974314,26.210182047459426,26.210182045444498,-3.6801931944778676,-3.680254301039751,-3.6802543014938593
2019-12-12,314.42999267578125,317.1300048828125,13.9399995803833,14.670000076293944,40.44920457676117,-14.221508995115784,17.90409251097251,17.855785220676943,17.85577144792044,17.869328161184356,17.8557714480091,17.855771447753604,-3.80334410063884,-3.8033578733953437,-3.8033578735621796
2019-12-13,316.8699951171875,317.32000732421875,12.630000114440918,12.40999984741211,38.57391571761096,-187.528885915021,83.78663780259716,83.74352461282471,83.74352461276558,-3.470001379131584,-3.470028267672103,-3.4700282677312426,-3.8137736202777255,-3.8137736203368653,-3.8137736203368653
2019-12-16,319.2200012207031,319.5,12.140000343322754,11.630000114440918,39.2828321671198,70.89164495088411,125.00213032465399,125.00048201644651,125.00048200796576,3.302447326508906,3.302291429163221,3.302291429163221,-3.8967033581428225,-3.8967033666235587,-3.896703366623559
2019-12-17,319.9200134277344,319.57000732421875,12.289999961853027,11.15999984741211,39.47990829900487,19.70761318850691,0.2211873450147941,0.22076596678398186,0.22076596552264327,0.22076596678398186,0.22076596552264327,0.22076596552264327,-3.8991572397543597,-3.8991572410156987,-3.8991572410156987
2019-12-18,320.0,319.5899963378906,12.579999923706056,10.300000190734863,39.82698557355506,34.707727455019466,-1.6776402550427925,-1.6777064191373383,-1.677706419167654,-1.6777064191373383,-1.677706419167654,-1.677706419167654,-3.8998676717199614,-3.899867671750277,-3.899867671750277
2019-12-19,319.79998779296875,320.8999938964844,12.5,9.390000343322754,40.612354560300524,78.53689867454605,-2.916492984894268,-2.9164972164175156,-2.9164972164175875,-2.9164972164175156,-2.9164972164175875,-2.9164972164175875,-3.899991536953289,-3.899991536953361,-3.899991536953361
2019-12-20,320.4599914550781,320.7300109863281,12.510000228881836,9.270000457763672,40.45405355708504,-15.830100321548457,-2.6596950845693055,-2.6597056084934576,-2.659705608493909,-2.6597054361912367,-2.659705608493909,-2.659705608493909,-3.8999789521503416,-3.899978952150793,-3.899978952150793
2019-12-23,321.5899963378906,321.2200012207031,12.609999656677246,9.829999923706056,40.79141050933412,33.73569522490811,49.4288857620325,49.42812916830392,49.42812916830392,-3.8600105454966127,-3.860010587269576,-3.860010587269576,-3.8984868125428433,-3.8984868125428433,-3.8984868125428433
2019-12-24,321.4700012207031,321.2300109863281,12.670000076293944,9.5600004196167,40.82588442254139,3.447391320727178,49.31316508431189,49.3128448364503,49.3128448364503,-3.866461940988951,-3.8664619615240405,-3.8664619615240405,-3.899359504276835,-3.899359504276835,-3.899359504276835
2019-12-26,321.6499938964844,322.94000244140625,12.649999618530272,9.9399995803833,41.96292334000425,113.70389174628599,49.321302301773336,49.32022452389206,49.32022452389206,-3.8577930335834445,-3.857793087075865,-3.857793087075865,-3.897844444237455,-3.8978444442374554,-3.8978444442374554
2019-12-27,323.739990234375,322.8599853515625,13.43000030517578,11.0,42.819414384344995,85.64910443407427,88.05789358801111,88.05608865301849,88.05608864739881,-3.4767816281893515,-3.4768012038657714,-3.4768012038657714,-3.8963901131556997,-3.8963901187753818,-3.8963901187753818
2019-12-30,322.95001220703125,321.0799865722656,14.81999969482422,13.770000457763672,43.32614257820738,50.67281938623864,115.14646050039264,114.99147587317023,114.99147579479329,-2.3505429682246213,-2.351407685913984,-2.35140776429151,-3.59003051042259,-3.5900305887995514,-3.5900305888001163
2019-12-31,320.5299987792969,321.8599853515625,13.779999732971191,13.260000228881836,42.360231817241505,-96.59107609658761,10.953138285937046,10.933283697015714,10.93328026679945,10.935020443792078,10.93328026683553,10.93328026679942,-3.860280531508453,-3.860283961724716,-3.8602839617247477
2020-01-02,323.5400085449219,324.8699951171875,12.470000267028809,10.600000381469728,42.89474224067234,53.4510423430838,71.74617283219997,71.74483496482601,71.74483496482416,-3.6893514855385865,-3.6893556817329127,-3.6893556817329127,-3.897324265246533,-3.8973242652483893,-3.8973242652483893
2020-01-03,321.1600036621094,322.4100036621094,14.020000457763672,12.779999732971191,42.90481012787085,1.0067887198509595,120.02620743387085,119.99871414575432,119.9987099251716,-2.554943559900759,-2.555217018095936,-2.555217018125885,-3.8450007620187487,-3.8450049826014925,-3.845004982601493
2020-01-06,320.489990234375,323.6400146484375,13.850000381469728,12.420000076293944,43.40003016098637,49.52200331155154,6.1977723159680345,6.191128142129987,6.191127771321417,6.191633958309472,6.19112777132224,6.191127771321417,-3.8867105398981963,-3.886710910706766,-3.8867109107067663
2020-01-07,323.0199890136719,322.7300109863281,13.789999961853027,12.34000015258789,42.62076848034742,-77.92616806389461,86.85449416531456,86.81696978646886,86.81696978552239,-3.3370596702795186,-3.337140460225568,-3.3371404611720417,-3.8249512394691654,-3.8249512404156385,-3.824951240415639
2020-01-08,322.94000244140625,324.45001220703125,13.449999809265137,12.220000267028809,43.39961904767346,77.88505673260389,82.79269091730256,82.75553212566925,82.75553212518801,-3.4285315337430875,-3.4285858599388677,-3.4285858604201103,-3.8256824152896454,-3.825682415770888,-3.8256824157708884
2020-01-09,326.1600036621094,326.6499938964844,12.539999961853027,10.859999656677246,44.038871209064425,63.925216139096364,86.76808168824651,86.76541160531386,86.76541157959875,-3.5697374625430687,-3.5697438692316052,-3.569743869231609,-3.8946597569893946,-3.894659782704496,-3.894659782704496
2020-01-10,327.2900085449219,325.7099914550781,12.5600004196167,10.56999969482422,43.26973569904431,-76.91355100201136,51.03838183207996,51.02403427708017,51.024034277080126,-3.834941824399774,-3.834942185319536,-3.834942185319581,-3.8713048900002702,-3.8713048900003155,-3.8713048900003155
2020-01-13,326.3900146484375,327.95001220703125,12.31999969482422,10.050000190734863,44.688026796344616,141.82910973003047,62.4702176098099,62.469206888553124,62.469206888553124,-3.8062237679854403,-3.8062240667575247,-3.8062240667575247,-3.8979785574864474,-3.8979785574864514,-3.8979785574864514
2020-01-14,327.4700012207031,327.45001220703125,12.390000343322754,10.18000030517578,44.30148042554054,-38.65463708040764,44.20331524261673,44.18447471142615,44.18447471142614,-3.862318821999044,-3.862318937618812,-3.862318937618819,-3.862318937618812,-3.862318937618819,-3.862318937618819
2020-01-15,327.3500061035156,328.19000244140625,12.420000076293944,9.6899995803833,44.88545546531281,58.39750397722696,36.62596969218245,36.61764653889194,36.61764653889194,-3.8833536799837285,-3.8833536934189676,-3.8833536934189676,-3.8833536934189676,-3.8833536934189676,-3.8833536934189676
2020-01-16,329.70001220703125,330.9200134277344,12.31999969482422,9.710000038146973,47.020025149064324,213.4569683751515,-2.08800818440686,-2.088036265250723,-2.0880362652536313,-2.088036265250723,-2.0880362652536313,-2.0880362652536313,-3.8999438383035496,-3.899943838306458,-3.899943838306458
2020-01-17,331.70001220703125,331.95001220703125,12.100000381469728,9.039999961853027,47.67884380862483,65.88186595605094,38.66003538500218,38.65970778929488,38.65970778929488,-3.885372240115831,-3.885372243546362,-3.885372243546362,-3.8993448085853863,-3.8993448085853863,-3.8993448085853863
2020-01-21,330.8999938964844,331.29998779296875,12.850000381469728,11.380000114440918,47.560047875532526,-11.879593309230785,113.75925644906256,113.75439326188267,113.75439312953027,-3.036878912027115,-3.0369404406819873,-3.036940440682077,-3.890273228583055,-3.8902733609354447,-3.8902733609354447
2020-01-22,332.239990234375,331.3399963378906,12.90999984741211,11.029999732971191,47.598983060068065,3.8935184535539236,62.49419432888738,62.46447633315186,62.46447633315044,-3.754004880995869,-3.7540073761770607,-3.754007376178272,-3.8405640085246877,-3.840564008526105,-3.840564008526105
2020-01-23,330.6300048828125,331.7200012207031,12.979999542236328,11.399999618530272,47.929483009562695,33.04999494946301,4.0471735530177995,4.044014253735365,4.0440141835590335,4.044014253735365,4.0440141835590735,4.0440141835590335,-3.8936811909061397,-3.89368126108247,-3.89368126108247
2020-01-24,332.44000244140625,328.7699890136719,14.5600004196167,14.649999618530272,47.088243438347746,-84.1239571214949,-105.38178850558563,-106.17888763617393,-106.17888846962164,-0.9701914224464274,-0.973506752653392,-0.9735074716373884,-2.3057992383964145,-2.30580007184412,-2.3058000718720777
2020-01-27,323.0299987792969,323.5,18.229999542236328,21.299999237060547,48.133901617796916,104.56581794491697,310.0248965594591,304.6833324501765,304.6751435431828,27.83723958590665,27.255651762452963,27.24741928553985,6.807825915070069,6.799637008076299,6.7995934381569505
2020-01-28,325.05999755859375,326.8900146484375,16.280000686645508,18.34000015258789,47.56228307728681,-57.16185405101086,61.14791560029192,60.23482272076591,60.22856600498191,60.23482272076591,60.228576715745795,60.22856600498191,-2.055044078320221,-2.0613007941042056,-2.0613007991954677
2020-01-29,328.3800048828125,326.6199951171875,16.389999389648438,18.1200008392334,47.456631385576124,-10.565169171068334,238.55943438845506,236.9882266380539,236.987553552284,11.84360772127304,11.702473275087158,11.70245836424777,-0.7555627598878605,-0.756235845657788,-0.7562366729910908
2020-01-30,324.3599853515625,327.67999267578125,15.489999771118164,16.40999984741211,47.02147268340041,-43.51587021757126,39.0624948885041,38.76041486954786,38.75984221678089,38.84900465007778,38.75984227866496,38.75984214385183,-3.294121784982859,-3.2946944377498326,-3.294694510684412
2020-01-31,327.0,321.7300109863281,18.84000015258789,21.65999984741211,47.71964611088987,69.81734274894578,-326.06152092749664,-333.57187372994764,-333.5809060545731,31.677464980209415,30.993936398881033,30.989178480701362,11.147926293383454,11.138893968757971,11.138852806971764
2020-02-03,323.3500061035156,324.1199951171875,17.969999313354492,19.229999542236328,47.653797073824045,-6.584903706582423,259.6518731268167,257.4037876105023,257.40215528332743,16.0744517784588,15.842018047223837,15.841966304766002,0.6010781635473625,0.5994458363724338,0.5994424552792346
2020-02-04,328.07000732421875,329.05999755859375,16.049999237060547,15.8100004196167,48.400971500662216,74.71744268381713,170.63915833595968,170.01053642615818,170.01052138934836,1.8204718050599134,1.8043356614368076,1.8043353518506304,-2.6427110631455437,-2.642726099955358,-2.642726102229367
2020-02-05,332.2699890136719,332.8599853515625,15.149999618530272,13.6899995803833,50.234446322855035,183.34748221928194,118.1503033870074,117.78657308420178,117.7865730294135,-2.2986725383954116,-2.2994546756099323,-2.2994547188707717,-3.1725392300227764,-3.1725392848110725,-3.1725392848114486
2020-02-06,333.9100036621094,333.9800109863281,14.960000038146973,12.979999542236328,50.885660680380376,65.12143575253404,143.5464768862904,143.51337043736757,143.51337021402432,-1.0740565945581437,-1.076260956358392,-1.0762609563754326,-3.833786432120215,-3.8337866554634736,-3.833786655464924
2020-02-07,332.82000732421875,332.20001220703125,15.470000267028809,13.729999542236328,49.93786596252872,-94.77947178516573,121.44322070846002,121.20067771272981,121.20067754998368,-2.0533545760533967,-2.0546299690989263,-2.054629972796848,-3.4149135202953977,-3.414913683041515,-3.414913683043449
2020-02-10,331.2300109863281,334.67999267578125,15.039999961853027,12.890000343322754,51.31408507280213,137.62191102734107,127.06548173996086,127.01421900477376,127.01421899362529,-2.1541467162916925,-2.1547203994628905,-2.154720399717771,-3.7974744961804294,-3.7974745073289076,-3.797474507328912
2020-02-11,336.1600036621094,335.260009765625,15.18000030517578,13.039999961853027,51.86019800888988,54.61129360877521,137.80119678572981,137.735629651727,137.73562961311632,-1.5884268708420186,-1.5895382512785643,-1.589538252021502,-3.7688656161621368,-3.768865654772841,-3.768865654772877
2020-02-12,336.8299865722656,337.4200134277344,13.739999771118164,10.84000015258789,52.43998680528401,57.97887963941264,68.20084887881012,68.18648091138229,68.1864809113813,-3.711028979392071,-3.7110323369668077,-3.7110323369670626,-3.8712640651413697,-3.8712640651423573,-3.8712640651423573
2020-02-13,335.8599853515625,337.05999755859375,14.149999618530272,11.829999923706056,52.386557295792436,-5.342950949157199,128.48175416249336,128.4708293196181,128.47082931828822,-2.459160489993032,-2.4591612644861387,-2.4591612644881646,-3.878150310259818,-3.8781503115897102,-3.8781503115897102
2020-02-14,337.510009765625,337.6000061035156,13.68000030517578,10.979999542236328,52.460769127334494,7.421183154205835,64.05250149672568,64.05249707840412,64.05249707839872,-3.7307368734031674,-3.73074129173013,-3.73074129173013,-3.8999911633406743,-3.899991163346075,-3.899991163346075
2020-02-18,336.510009765625,336.7300109863281,14.829999923706056,13.020000457763672,52.39991601065464,-6.085311667985138,122.80661524465846,122.70603662814837,122.70603661064871,-2.217645685430158,-2.2182814236326944,-2.218281425282983,-3.698842714480738,-3.698842731980416,-3.698842731980431
2020-02-19,337.7900085449219,338.3399963378906,14.380000114440918,11.880000114440918,53.36346757109614,96.35515604414948,84.49776036420732,84.4397412422431,84.43974124155758,-3.396374191650072,-3.3964376093756607,-3.396437609382449,-3.7839617540149932,-3.783961754700502,-3.7839617547005022
2020-02-20,337.739990234375,336.95001220703125,15.5600004196167,13.859999656677246,53.09843287155929,-26.5034699536848,128.28336266131004,127.94493762457387,127.9449372934443,-1.6876974778184484,-1.6895897786089766,-1.6895897786151384,-3.2231489331204486,-3.2231492642500186,-3.2231492642561803
2020-02-21,335.4700012207031,333.4800109863281,17.079999923706055,15.770000457763672,51.81333463879454,-128.5098232764753,37.777407588571805,37.465241463763135,37.464410365849126,37.465241463763135,37.464410755274194,37.464410365849126,-3.273174456544709,-3.274005554458721,-3.2740055544906963
2020-02-24,323.1400146484375,322.4200134277344,25.030000686645508,31.899999618530273,55.88993443168634,407.65997928918057,653.1784887458231,614.3945699126102,612.9089598779391,173.26941763218568,159.5338458753197,159.07418150102168,78.48212244720351,76.99651241253244,76.88333242919877
2020-02-25,323.94000244140625,312.6499938964844,27.850000381469727,36.349998474121094,56.30141822580215,41.148379411581004,-875.4065240373078,-691.0008540910835,-702.5153354925784,-185.73297060425972,-215.79786329025634,-217.28675546601235,-335.8431975561072,-347.35767895760216,-348.12349696287765
2020-02-26,314.17999267578125,311.5,27.559999465942383,34.84000015258789,55.25579141752435,-104.56268082778024,744.1039803356921,705.2603518660613,698.2658108404497,402.6655337854156,380.25777190139064,379.55178228210167,95.92598822135608,88.93144719574435,88.57604577232554
2020-02-27,305.4599914550781,297.510009765625,39.15999984741211,54.7400016784668,72.08014362451428,1682.435220698993,559.3570661842394,439.6388053295398,389.6876884746842,494.08134176674264,389.6876884746842,372.3062120958326,457.54742009994817,407.59630324509254,386.6724867997116
2020-02-28,288.70001220703125,296.260009765625,40.11000061035156,52.900001525878906,73.38300164986062,130.2858025346339,-41.65694806510188,-109.08357148387985,-146.17296898554372,586.7184291867142,523.9589456724433,503.0003671017904,282.7510900084652,245.66169250680124,235.02887998707052
2020-03-02,298.2099914550781,309.0899963378906,33.41999816894531,42.16999816894531,64.16792989017407,-921.5071759686552,-1252.4173280718933,-971.4780326991227,-989.9204353597604,-486.31435592507694,-518.1901501943192,-525.0981126202369,-506.6557099595992,-525.0981126202369,-526.2115335653098
2020-03-03,309.5,300.239990234375,36.81999969482422,47.34000015258789,67.70715059511889,353.92207049448245,-138.5057081334287,-229.31417319819744,-259.90869942868073,-186.92511136971555,-259.90869942868073,-267.92309457795284,299.3703292085259,268.7758029780426,260.1055253064476
2020-03-04,306.1199951171875,312.8599853515625,31.989999771118164,37.060001373291016,62.6358747248339,-507.12758702849925,210.01799404614,164.81861136699575,154.55195795606264,-131.2466891986514,-152.49207600055698,-155.9587566276511,118.31316775469675,108.04651434376359,107.72879599697232
2020-03-05,304.9800109863281,302.4599914550781,39.619998931884766,48.630001068115234,72.91742828196094,1028.155355712704,831.5070067254284,738.548564053861,706.5022546413711,831.5070067254284,706.5022546413711,697.793701238539,311.0745606031832,279.0282511906934,270.3196977878613
2020-03-06,293.1499938964844,297.4599914550781,41.939998626708984,48.54999923706055,75.7465703163439,282.91420343829685,696.0963830697503,530.49205813708,501.38465267504216,470.6763117015923,421.0013661675731,406.76875446436185,440.6432112601768,411.535805798139,403.55227016739616
2020-03-09,275.29998779296875,274.2300109863281,54.459999084472656,70.30000305175781,93.73540509944975,1798.8834783105845,1647.9506756253854,1493.993150378718,1417.209678525984,1385.6048533217136,1231.6473280750458,1154.8638562223118,690.9582141710688,614.1747423183348,580.7595576994187
2020-03-10,284.6400146484375,288.4200134277344,47.29999923706055,57.38999938964844,82.85633036369875,-1087.9074735751005,713.7569756072511,599.0691441666384,552.9868624646787,1010.8068434159237,896.1190119753111,843.1099276122486,424.97161836207465,378.88933666011485,363.71850364757506
2020-03-11,280.70001220703125,274.3599853515625,53.900001525878906,68.20999908447266,92.40336014257912,954.7029778880371,635.8035655923092,484.359647239849,409.55231056920024,1233.6248891447015,1038.8611500045376,987.2382670242089,673.9184083227984,599.1110716521497,566.8700244346671
2020-03-12,256.0,248.11000061035156,75.47000122070312,103.55999755859376,125.36842882485749,3296.506868227837,1362.6836442735325,1274.1363151521782,1086.578353324466,1966.5656153849739,1739.4671647759865,1592.0292893974736,1505.9720671197015,1318.4141052919892,1200.5031499102754
2020-03-13,263.0899963378906,269.32000732421875,57.83000183105469,69.87000274658203,98.16051339683156,-2720.7915428025926,885.1579548597039,689.7976660026662,590.6843958690846,1297.607209618242,1107.5084451271268,1064.1428305168865,886.1073744052766,786.9941042716949,743.6284896614548
2020-03-16,241.17999267578125,239.8500061035156,82.69000244140625,106.66000366210938,134.82678349691383,3666.6270100082274,2781.7381812081207,2510.4273174131094,2330.3620533352964,2237.8501252987085,2017.6165890725556,1877.3978004433395,1779.3753097413855,1599.3100456635723,1488.6843347973472
2020-03-17,245.0399932861328,252.8000030517578,75.91000366210938,92.93000030517578,124.88610456753655,-994.0678929377284,1157.6416986702056,1136.2991027140417,943.6053808575559,1274.0988339876985,1081.4051121312127,969.3918688260949,1274.0988339876985,1081.4051121312127,969.3918688260949
2020-03-18,236.25,240.0,76.44999694824219,97.22000122070312,125.30604346257154,41.99388950349885,2414.094426496712,2166.2738801235128,2013.4306739469612,1866.4780490511873,1672.1971392793062,1558.2297218716758,1432.6084657526828,1279.765259576131,1194.3266739584064
2020-03-19,239.25,240.5099945068359,72.0,91.0199966430664,118.64826311202098,-665.7780350550553,2139.3220297169537,1905.33351549444,1821.2004114198096,1708.9324058837485,1525.6434964030404,1422.9434776826274,1290.9373743853146,1206.8042703106842,1104.1042515902711
2020-03-20,242.52999877929688,228.8000030517578,66.04000091552734,83.47000122070312,111.49411712057088,-715.4145991450107,-851.8969350468565,-569.6454362401224,-570.584066509859,-851.8969350468565,-569.6454362401224,-570.584066509859,-266.33206313893237,-267.2706934086689,-326.58124611613476
2020-03-23,228.19000244140625,222.9499969482422,61.59000015258789,78.76000213623047,106.4712778256548,-502.2839294916082,1282.8413140935802,1092.8473144774941,998.6980930932557,936.5736456793508,746.5796460632647,652.4304246790261,842.3081211678467,748.158899783608,723.2831616993342
2020-03-24,234.4199981689453,243.1499938964844,61.66999816894531,78.04000091552734,102.55955532968302,-391.1722495971773,-181.59714181225425,13.24101710057676,-128.22593788691265,625.2225515021502,483.7555965146608,417.6764922402091,345.55891161463364,204.09195662714424,138.01285235269253
2020-03-25,244.8699951171875,246.7899932861328,63.95000076293945,81.30000305175781,105.26719248981453,270.76371601315117,1784.9670853192436,1508.7017351601532,1347.76034077364,1457.4425195830288,1296.5011251965157,1213.889837868879,1457.4425195830288,1296.5011251965157,1213.889837868879
2020-03-26,249.52000427246097,261.20001220703125,61.0,73.61000061035156,100.10141092845957,-516.5781561354961,-1082.588020907457,-779.5886857042179,-760.8226693795423,-96.82958183255067,-119.05733216943005,-185.81547786486684,-448.9705203244826,-430.20450399980706,-475.61894009268747
2020-03-27,253.27000427246097,253.4199981689453,65.54000091552734,72.33000183105469,106.81541774644408,671.4006817984512,1742.0095700195952,1547.4371463151435,1448.9941626329712,1283.8558555837467,1138.8349595949223,1070.3187145631618,880.8427088244324,782.3997251422601,739.4230883320166
2020-03-30,255.6999969482422,261.6499938964844,57.08000183105469,62.79999923706055,93.22856512294267,-1358.6852623501413,1137.4571593961832,968.504781388574,894.0694501373512,649.4443205958684,538.8530962139606,495.1633427943291,665.7744193186682,591.3390880674453,564.8085040805776
2020-03-31,260.55999755859375,257.75,53.540000915527344,60.15999984741211,87.89059354868587,-533.7971574256799,971.9042949838562,807.8256870274897,721.7433941328915,932.5492390733489,827.4399957819716,787.4839871316021,631.9208575061763,545.8385646115781,533.4227718782665
2020-04-01,247.97999572753903,246.1499938964844,57.060001373291016,61.33000183105469,94.06817186419569,617.757831550982,1315.3695895850092,1164.5858602893065,1103.7644530373589,916.9665808938961,812.7976490248878,774.589540293933,559.2887678299968,498.4673605780493,478.7066480835268
2020-04-02,245.19000244140625,251.8300018310547,50.90999984741211,52.810001373291016,84.35117834193386,-971.699352226183,720.2306318295401,632.2877392279225,566.7107928035338,256.0509531705479,190.47400674615892,173.0551713396149,433.04615729009885,367.46921086570984,350.0503754591659
2020-04-03,250.7599945068359,248.19000244140625,46.79999923706055,46.65999984741211,79.09644004692387,-525.4738295009986,538.0923076884878,440.1930383987627,414.8194537212067,498.8992949671891,450.03600977514304,439.53435728063806,282.53747430446003,257.16388962690394,252.8333973720447
2020-04-06,257.8399963378906,264.8599853515625,45.2400016784668,47.02000045776367,73.78814085361368,-530.829919331019,-59.61017121964701,-158.7338105849723,-185.72804725191747,584.6339488881274,513.1481647181805,507.92117312240276,293.47612350182874,266.4818868348836,261.25489523910585
2020-04-07,274.2099914550781,265.1300048828125,46.70000076293945,48.34000015258789,75.78738878318583,199.92479295721495,116.05171991697972,-37.45494962665961,-57.13298826082965,-312.6461476814354,-383.6503735041717,-405.3194383292715,376.0920115510032,356.4139729168332,352.4318830227313
2020-04-08,267.9599914550781,274.0299987792969,43.349998474121094,42.459999084472656,70.08257890141451,-570.4809881771325,14.596989295105237,-71.35388878342437,-91.79230000211524,467.9926989712957,447.5542877526048,444.237436983392,240.50084405303127,220.0624328343404,216.7455820651276
2020-04-09,277.5799865722656,278.20001220703125,41.66999816894531,40.41999816894531,67.27590938865484,-280.6669512759669,798.5476647745637,715.7573632720149,696.9255363926193,227.65370233673016,208.82187545733453,205.97698518408714,227.65370233673016,208.82187545733453,205.75683779521668
2020-04-13,277.1400146484375,275.6600036621094,41.16999816894531,41.7400016784668,65.81859887802517,-145.7310510629668,843.481499943235,754.0545425092998,732.2909995677871,252.16988732524877,230.406344383736,226.8557835823018,252.16988732524877,230.406344383736,226.71934251664436
2020-04-14,280.9800109863281,283.7900085449219,37.7599983215332,38.810001373291016,60.434542058938476,-538.4056819086695,792.6861915548583,698.0205450936658,690.9508829033811,426.245058308362,381.8083410345355,379.38654872584993,209.50244300395423,202.43278081366958,201.55955661412463
2020-04-15,277.57000732421875,277.760009765625,40.84000015258789,41.63999938964844,64.95072476208647,451.618270314799,840.3520502283287,751.457884803659,729.7812915296921,251.03929355394976,229.36270027998282,225.77096920209107,251.03929355394976,229.36270027998282,225.4654768007808
2020-04-16,279.1499938964844,279.1000061035156,40.11000061035156,40.4900016784668,63.65573922366255,-129.49855384239157,781.823485422126,738.2152616565733,730.0576111917204,460.692862559654,412.4146378312956,408.42284542177435,110.98458295235632,102.82693248750357,101.84375542914033
2020-04-17,285.3800048828125,286.6400146484375,38.150001525878906,36.18000030517578,60.73615332541108,-291.95858982514693,696.8696648837051,666.2618668159879,661.772694923372,363.45044948982644,329.7950464062538,328.02617517081234,72.11777370526474,67.62860181264894,67.21068441833785
2020-04-20,282.6099853515625,281.5899963378906,43.83000183105469,44.0,68.7670141843375,803.0860858926417,950.732786534512,846.1632739093021,816.3055089727401,316.1838623188162,286.3260973822541,280.2190428327443,316.1838623188162,286.3260973822541,279.3128995017647
2020-04-21,276.7300109863281,273.0400085449219,45.40999984741211,45.459999084472656,70.88733089848824,212.03167141507464,585.4688342848258,476.95519893950313,441.7632881388263,567.7098565750773,535.9844476291858,529.415735305777,331.2189881278618,296.0270773271849,292.48999052770995
2020-04-22,278.3500061035156,279.1000061035156,41.97999954223633,40.209999084472656,65.48305267402391,-540.4278224464335,804.8186100727444,721.2122440454987,699.3001973213386,439.750896264709,420.2642772685888,417.1586513612853,232.22243680957556,210.31039008541552,209.32628412456182
2020-04-23,280.489990234375,279.0799865722656,41.380001068115234,39.349998474121094,64.39053571267338,-109.25169613505261,584.6554781677637,545.0642138599857,537.9157981294942,430.6237973601993,391.03253305242123,383.20735473886714,99.5724904016984,92.424074671207,91.55465484194978
2020-04-24,280.7300109863281,282.9700012207031,35.93000030517578,31.719999313354492,55.953538177431696,-843.6997535241687,536.6702744859539,520.3041427777815,518.829066602766,248.57270689968814,231.02556964008664,230.6638885379948,33.48949701887376,32.01442084385823,31.939368055606316
2020-04-27,285.1199951171875,287.04998779296875,33.290000915527344,31.40999984741211,51.588323017057306,-436.521516037439,246.15822841212008,230.18767227540394,228.82545086184103,246.15822841212008,230.18767227540394,228.76257480578386,32.321533543119465,30.959312129556572,30.89643607349941
2020-04-28,291.0199890136719,285.7300109863281,33.56999969482422,32.439998626708984,51.80257524454039,21.42522274830867,-274.2996610572867,-296.56368339794545,-299.15314217517385,281.2837085070555,273.12147669890555,272.49919925060243,48.96694231118927,46.37748353396086,46.195469303873296
2020-04-29,291.5299987792969,293.2099914550781,31.229999542236328,29.65999984741211,48.6740245205457,-312.85507239946924,511.76630875542855,469.11708974827843,467.5962670085097,235.78135670742682,231.6556913491356,231.45727472354625,86.19954604323175,84.67872330346304,84.59922579598438
2020-04-30,291.7099914550781,290.4800109863281,34.150001525878906,32.880001068115234,52.717093114639056,404.3068594093356,613.1311966131813,553.2176067188707,549.6236431304696,132.51572463706452,124.42780435828254,123.78100269252701,127.66459485063481,124.07063126223382,123.75284957888938
2020-05-01,285.30999755859375,282.7900085449219,37.189998626708984,35.56999969482422,56.72789084009584,401.0797725456783,347.06979524509035,318.61390483864454,314.6876621243959,347.06979524509035,318.61390483864454,314.350302755483,65.86163567703537,61.93539296278673,61.59803359387384
2020-05-04,280.739990234375,283.57000732421875,35.970001220703125,35.45000076293945,54.42064119984934,-230.72496402464964,642.7156787554237,615.7339152260048,612.1027026718067,335.17421108266615,305.434981834653,304.2970112164609,61.93186012690625,58.30064757270818,57.99339625942968
2020-05-05,286.6400146484375,286.19000244140625,33.61000061035156,33.189998626708984,50.80905410178994,-361.15870980594025,605.9406777632171,547.2075641331367,543.8878394673856,301.69067831701614,293.9493943241851,293.35295552584176,124.37026509483161,121.05054042908056,120.78277759819264
2020-05-06,288.0400085449219,284.25,34.119998931884766,33.97999954223633,51.357275459081976,54.82213572920358,481.22466331755174,423.3988760180716,413.3868794651179,142.55587658971228,133.24632274667803,132.34453374583586,142.55587658971228,132.54388003675862,132.28998450983391
2020-05-07,287.75,287.67999267578125,31.440000534057617,29.75,47.32184746064328,-403.5427998438692,489.0971158006538,452.2728793092947,448.42962769048313,81.42489670574747,77.72636575729578,77.53798113739091,81.42489670574747,77.58164508693595,77.53283628575724
2020-05-08,291.0899963378906,292.44000244140625,27.979999542236328,24.88999938964844,42.35412556131507,-496.7721899328211,365.78825952337326,360.11768272692535,359.9056382508271,136.2002837674509,135.0855850421806,135.06743255497994,8.087395582104698,7.875351106006429,7.872003894614846
2020-05-11,290.3399963378906,292.5,27.56999969482422,26.170000076293945,41.342229663840925,-101.18958974741474,150.6715198400939,144.2888481126814,144.03241468867606,150.6715198400939,144.09069396087193,144.02784127237288,9.648480202445803,9.392046778440456,9.387473362137273
2020-05-12,293.7900085449219,286.6700134277344,33.040000915527344,33.36000061035156,48.89026149525317,754.8031831412245,-56.062672053456836,-82.12328227341595,-85.2443574949501,-353.2157637080723,-363.8030862332866,-364.94633417474574,58.21505451721591,55.09397929568178,54.887365765047015
2020-05-13,286.05999755859375,281.6000061035156,35.279998779296875,34.630001068115234,51.933091614777325,304.28301195241545,-53.00878457888277,-80.37851768904018,-84.13682449177657,318.15090044306726,307.42878046124355,306.4261133413983,63.15324413434195,59.3949373316056,59.06789542750232
2020-05-14,278.95001220703125,284.9700012207031,32.61000061035156,31.65999984741211,47.906404202539164,-402.6687412238161,-442.20896611433176,-493.5037866790169,-494.7419623710074,247.188875026885,230.52437102819408,230.07691803374396,102.54350283952317,101.30532714753268,101.25970627813948
2020-05-15,282.3699951171875,286.2799987792969,31.88999938964844,29.709999084472656,46.733037046750454,-117.33671557887106,213.45926191756078,179.4914181130993,176.4164457943847,73.66647394613902,70.5915016274245,70.45912301241422,73.66647394613902,70.5915016274245,70.45624696344072
2020-05-18,293.04998779296875,295.0,29.299999237060547,27.6200008392334,43.222790978132025,-351.02460686184287,443.11069276139233,410.80835476223365,410.0674236475838,64.8610322574801,62.32459968928102,62.22248349489039,62.97822747856694,62.237296363917075,62.220399330697454
2020-05-19,294.3500061035156,291.9700012207031,30.530000686645508,28.030000686645508,44.500704541556786,127.79135634247609,477.7791174388368,467.2924714355103,466.704391437657,196.90516309583603,186.08757112701304,185.81597030508675,18.88143922550036,18.293359227647073,18.27889243807764
2020-05-20,295.82000732421875,296.92999267578125,27.989999771118164,24.93000030517578,41.32643584410441,-317.42686974523764,388.9020067518726,383.0747925864832,382.8520547698739,138.59090648104277,137.11271566815898,137.08375313153456,8.433802931520141,8.211065114910761,8.207371763091082
2020-05-21,296.7900085449219,294.8800048828125,29.530000686645508,26.149999618530273,43.09404402837913,176.7608184274721,386.45255210809603,359.67015384021073,358.9912377540808,52.731566982087955,51.065969843902785,51.02390335787546,51.70281944400538,51.02390335787546,51.02348045344531
2020-05-22,294.57000732421875,295.44000244140625,28.15999984741211,23.469999313354492,41.0497846465295,-204.42593818496277,109.34531692773022,106.13662760687151,106.07299944742702,109.34531692773022,106.10550844672306,106.07259201458508,2.7094883933812515,2.6458602339367587,2.6454528010948337
2020-05-26,301.92999267578125,299.0799865722656,28.010000228881836,25.5,40.88339466122332,-16.63899853061821,217.16725552075056,191.7253074285066,191.0448787817074,49.90435086204687,48.382585263207126,48.34583310145244,49.026261748251635,48.34583310145244,48.345474873236746
2020-05-27,302.1199951171875,303.5299987792969,27.6200008392334,25.170000076293945,41.228769955819345,34.53752945960247,388.57139016590895,364.9068893661529,364.22936289378265,46.15387452323551,44.81528335341809,44.78491084731406,45.46243731968432,44.78491084731406,44.78462668256173
2020-05-28,304.6499938964844,302.9700012207031,28.59000015258789,26.020000457763672,42.28641214301783,105.7642187198482,171.50632241389104,163.41518427039549,163.0437963165228,167.20398884436062,163.0437963165228,163.0365214323272,13.418466371210256,13.047078417337564,13.03979266132229
2020-05-29,302.4599914550781,304.32000732421875,27.510000228881836,24.59000015258789,40.99983955461194,-128.6572588405889,369.52900159515474,347.78473369324547,347.7619044790394,40.75404598909812,39.657630636828024,39.63480142262193,39.657630636828024,39.63480142262193,39.63459985882854
2020-06-01,303.6199951171875,305.54998779296875,28.229999542236328,27.079999923706055,41.89172866125085,89.18891066389136,337.0642034031083,325.3822768925217,324.6917568471267,201.21337522990908,197.85809461829615,197.68841164190533,21.548261147892283,20.857741102497258,20.853514773298023
2020-06-02,306.54998779296875,308.0799865722656,26.84000015258789,25.059999465942383,40.67278364582326,-121.89450154275931,391.44440600115826,382.1406108090074,381.60894967603764,51.967539079290894,50.36467153734341,50.326651720191386,16.303564442176516,15.771903309206776,15.7715742843542
2020-06-03,310.239990234375,312.17999267578125,25.65999984741211,23.969999313354492,40.527591564517095,-14.519208130616335,139.74723680242272,134.27548041922026,134.08558031154078,136.27326107386,134.08558031154078,134.08282133426854,7.621544231876291,7.431644124196827,7.428867130876215
2020-06-04,311.1099853515625,311.3599853515625,25.809999465942383,23.559999465942383,40.250565133140896,-27.702643137619987,372.39181589837364,366.26930103746423,366.02279465536753,141.52941531867367,140.27992646318003,140.27583021549393,9.08490900771296,8.838402625616293,8.838282785099752
2020-06-05,317.2300109863281,319.3399963378906,24.520000457763672,22.6299991607666,42.225095010419025,197.45298772781297,344.58459913171777,326.2294890157965,326.21774259504934,33.61291528719292,32.84566339252286,32.83384917551063,32.84566339252286,32.83391697177571,32.83384917551063
2020-06-08,320.2200012207031,323.20001220703125,25.809999465942383,25.18000030517578,45.40704467483741,318.1949664418383,180.77862517529294,171.7145673654746,171.22265715416205,171.7145673654746,171.2326871435678,171.22063645499819,15.710365436437877,15.218455225125291,15.216283160194548
2020-06-09,320.29998779296875,320.7900085449219,27.56999969482422,26.920000076293945,45.99809928165082,59.105460681341526,221.68401854235938,208.41661627874848,207.4096859427125,208.41661627874848,207.44035631206052,207.40312450655415,25.677641454444917,24.670711118408917,24.663371794375465
2020-06-10,321.4200134277344,319.0,27.56999969482422,27.100000381469727,44.96163982386817,-103.64594577826551,294.2204212448551,277.53457155825066,275.929366601459,92.98538004754198,88.38671294290558,88.30916155208385,34.30300071623268,32.69779575944089,32.69260095857555
2020-06-11,311.4599914550781,300.6099853515625,40.790000915527344,42.060001373291016,55.82701652509853,1086.5376701230362,-898.1220475914855,-968.737730228372,-992.5665173648378,-501.1994138571675,-538.825309882022,-548.270398319241,213.70159701241042,189.8728098759447,188.43412106631476
2020-06-12,308.239990234375,304.2099914550781,36.09000015258789,36.52000045776367,50.157249488205025,-566.9767036893504,652.5472363397023,554.7879576587236,545.0916830267804,235.13093407426166,215.31549168752494,211.8556456227252,221.84906462667448,212.1527899947313,211.80187716299295
2020-06-15,298.0199890136719,307.04998779296875,34.400001525878906,35.97999954223633,48.106246545954576,-205.10029422504488,-873.3024925283145,-752.6212767322783,-760.0575374283084,-212.3966804695286,-227.74024599098,-229.799787850307,-222.36352715427688,-229.799787850307,-229.98444751486838
2020-06-16,315.4800109863281,312.9599914550781,33.66999816894531,35.380001068115234,48.906435587518104,80.01890415635273,442.5026432278221,401.299106843312,392.92151838034283,417.73832050334556,393.64757565410997,392.69055739316633,104.59834556263169,96.22075709966255,95.90669725724152
2020-06-17,314.07000732421875,311.6600036621094,33.470001220703125,33.97999954223633,48.000790141111324,-90.56454464067798,710.8544056804104,675.2381269906383,669.306666704991,380.14083519328386,360.75949245770295,360.2191644595984,85.94856398233293,80.0171036966856,79.76181625781857
2020-06-18,310.010009765625,311.7799987792969,32.939998626708984,32.04999923706055,47.18914467979744,-81.1645461313887,327.0489306900215,301.22116897765864,297.974861582814,327.0489306900215,297.974861582814,297.73234982344803,58.256826719854054,55.01051932500944,54.756745468993756
2020-06-19,314.1700134277344,308.6400146484375,35.119998931884766,33.91999816894531,48.70690752128965,151.7762841492214,440.44100038100225,405.25778076332097,399.45305361370805,105.660694322421,86.02160342385409,85.49379343072326,84.7238875838893,78.91916043427642,78.65723417309205
2020-06-22,307.989990234375,310.6199951171875,31.770000457763672,31.229999542236328,44.586911114236784,-411.99964070528665,486.9598593917415,426.5699168127975,423.0926252752239,133.03536488407377,124.70347732841142,123.92448062700444,127.43701412948823,123.95972259191457,123.91938982757381
2020-06-23,313.489990234375,312.04998779296875,31.3700008392334,30.290000915527344,44.43047374153127,-15.643737270551128,571.392784289241,547.6002195840088,544.8937322574346,132.34589237605587,124.02344615295172,123.22700999907826,51.93515907948291,49.22867175290887,49.18663345561553
2020-06-24,309.8399963378906,304.0899963378906,33.84000015258789,33.25,44.8163903893886,38.59166478573286,177.62062884509163,147.5815565545708,143.33915112642194,162.87389649488668,143.33915112642194,142.9742184399095,70.06194799722812,65.81954256907923,65.43476152474607
2020-06-25,303.4700012207031,307.3500061035156,32.220001220703125,30.920000076293945,43.51126980306233,-130.5120586326268,89.28697321070352,66.6027593788249,64.14102179079603,126.26503730281811,118.53907195987276,117.83539735260854,48.96286718021789,46.50112959218895,46.465887749350735
2020-06-26,306.1600036621094,300.04998779296875,34.72999954223633,33.310001373291016,44.62319599435236,111.19261912900242,-334.99366103638886,-366.0381018099245,-371.1514982637742,343.6199039444734,331.2166766061883,329.8662159883891,73.76752808030166,68.65413162645191,68.57728602424896
2020-06-29,301.4100036621094,304.4599914550781,31.780000686645508,30.420000076293945,41.3845955701473,-323.86004242050603,541.0408203673047,520.1184141294518,517.6516351507343,269.6449549290664,263.33206250640734,262.91297377258934,45.38573930752149,42.91896032880392,42.9056570000396
2020-06-30,303.989990234375,308.3599853515625,30.43000030517578,29.13999938964844,40.72782355863093,-65.67720115163667,-151.31035931065838,-167.31305812982689,-168.5817706385919,237.6755233928341,231.4828309985765,231.00041913013084,32.05750208826547,30.788789579500516,30.740617575590747
2020-07-01,309.57000732421875,310.5199890136719,28.6200008392334,25.200000762939453,39.186933138468305,-154.08904201626257,163.62755473210524,156.2631188467273,155.95452539486857,159.5430781240324,155.95452539486857,155.94923763127727,11.770638055614294,11.462044603755542,11.456749245218303
2020-07-02,314.239990234375,312.2300109863281,27.68000030517578,22.63999938964844,38.61621307334026,-57.07200651280431,371.267186906151,367.10060641370546,367.0000245064406,121.62152586889428,120.11651575164277,120.11575279582036,4.735999865504617,4.63541795823973,4.635053574334059
2020-07-06,316.3699951171875,317.04998779296875,27.940000534057617,25.229999542236328,40.39227287494974,177.60598016094775,424.34658836735633,413.605821463159,412.9028089022392,64.21316936387785,61.84123907375089,61.81998210128996,19.69310661356117,18.990094052641396,18.989253121985477
2020-07-07,315.3800048828125,313.7799987792969,29.43000030517578,26.84000015258789,40.341991863359056,-5.028101159068399,210.67309331922607,198.56828566395401,197.73824436859076,202.93237095887588,197.73824436859076,197.70915571775942,22.888671783375578,22.05863048801237,22.02899209745531
2020-07-08,314.6099853515625,316.17999267578125,28.079999923706055,23.670000076293945,39.79002385079366,-55.19680125653963,140.53235918100896,135.10005954210604,134.92568952955426,137.55626565924734,134.92568952955426,134.92358119525676,7.494066535176602,7.319696522624827,7.317577475723173
2020-07-09,316.8399963378906,314.3800048828125,29.260000228881836,25.549999237060547,40.05503486321888,26.50110124252194,301.80094509972105,287.5411081372567,287.4628084201612,64.16058705084086,61.793562093686724,61.714822525557885,24.85792602384123,24.77962630674572,24.778516253646742
2020-07-10,314.30999755859375,317.5899963378906,27.290000915527344,22.59000015258789,39.332184336782674,-72.28505264362042,-144.20967492351815,-148.26248967301336,-148.35873083505837,119.99847167609262,118.4565728640338,118.4558476981807,4.495474480604598,4.39923331855956,4.398859489072134
2020-07-13,320.1300048828125,314.8399963378906,32.189998626708984,30.309999465942383,79.54480916495504,4018.6624828172367,275.3310563964943,251.98807792828376,249.13880945058182,251.98807792828376,249.27468312519827,249.0905563716564,51.502046760627856,48.65277828292591,48.596891402926694
2020-07-14,313.29998779296875,318.9200134277344,29.520000457763672,27.780000686645508,73.97338837805124,-557.14207869038,-296.82757409021326,-313.56598662618575,-314.9214490947059,91.82552646173993,87.2431375794896,86.9568933932336,33.67163109013306,32.31616862161289,32.306873579905044
2020-07-15,322.4100036621094,321.8500061035156,27.760000228881836,25.219999313354492,70.42602592154333,-354.7362456507912,441.62346306814675,409.12939584806264,409.04335365221135,63.74687860695315,61.35068693900292,61.26318237764496,61.35068693900292,61.26464474315163,61.26318237764496
2020-07-16,319.7900085449219,320.7900085449219,28.0,25.850000381469727,70.61500495222865,18.89790306853172,194.46006991507542,184.1310808872144,183.53318070605724,184.1310808872144,183.53799325816468,183.52223401545942,18.58515024836467,17.987250067207512,17.976094377715235
2020-07-17,321.8800048828125,321.7200012207031,25.68000030517578,22.15999984741211,65.22696361059472,-538.8041341633923,334.0615853828722,326.6699577974846,326.6596349744969,33.47284646419879,32.72989999273979,32.71952877893769,10.914369086851375,10.90404626386374,10.903997873049276
2020-07-20,321.42999267578125,324.32000732421875,24.459999084472656,22.520000457763672,62.84649665470829,-238.04669558864333,353.4041339638049,346.77878345565324,346.7635862928553,39.48420317848563,38.50360591304883,38.499374521053106,9.39651534341906,9.381318180621038,9.381244026424781
2020-07-21,326.45001220703125,325.010009765625,24.84000015258789,23.329999923706055,63.8755605922199,102.90639375116086,387.57591166469734,378.58422578014944,378.5497638581183,50.7554590208158,49.20026167059772,49.18971721318416,14.187580549990338,14.153118627959158,14.15284480557166
2020-07-22,324.6199951171875,326.8599853515625,24.31999969482422,21.649999618530273,63.17362797921834,-70.193261300156,115.43990057628416,111.82800597405341,111.74750661335231,111.82800597405341,111.74770430306356,111.74710961905487,3.5664832673765554,3.4859839066754583,3.485585248439813
2020-07-23,326.4700012207031,322.9599914550781,26.079999923706055,24.100000381469727,66.00304745305603,282.9419473837689,2.789988947954539,-8.060265360144244,-8.116270841836245,59.04528543211406,56.99626843440137,56.978000564587965,17.970309086185644,17.91430360449366,17.913710535115257
2020-07-24,320.95001220703125,320.8800048828125,25.84000015258789,22.700000762939453,64.75297483513589,-125.00726179201394,374.8324592457384,369.23632598033566,369.0283307460174,135.78155410977976,134.504549738129,134.5014016752434,7.916603025696155,7.708607791377881,7.708490915941843
2020-07-27,321.6300048828125,323.2200012207031,24.739999771118164,22.3799991607666,62.56811034103785,-218.48644940980364,344.6347960553906,337.66720610707085,337.6544207212739,36.7112794842412,35.84106419843175,35.83650290424378,10.073719280952687,10.060933895155689,10.060872928470664
2020-07-28,322.42999267578125,321.1700134277344,25.440000534057617,23.540000915527344,63.53336717814008,96.52568371022312,385.0668386485703,361.1534394336056,361.1224057787919,45.34069440516404,44.02084212048811,43.98949571585051,44.02084212048811,43.9898084656744,43.98949571585051
2020-07-29,322.1199951171875,325.1199951171875,24.100000381469727,21.93000030517578,61.49082987874084,-204.25372993992426,301.1737732037309,293.33288913003895,293.3242271433927,30.84343672043545,30.190105657813653,30.181403014224678,11.807876316641408,11.799214329995198,11.799173673052438
2020-07-30,321.8999938964844,323.9599914550781,24.760000228881836,22.790000915527344,62.579254074489086,108.84241957482459,352.5587220056664,343.8341418565568,343.81735515373396,38.961861798485,37.98506149483324,37.96817093548388,13.599832792710517,13.58304608988764,13.582942233361168
2020-07-31,325.8999938964844,326.5199890136719,24.459999084472656,20.61000061035156,62.61267573485645,3.3421660367366712,327.66686027976994,324.4832434532786,324.41153225703033,104.02019827363681,103.4054065211692,103.4048421915393,2.682406757883041,2.610695561634752,2.610682391145011
2020-08-03,328.32000732421875,328.7900085449219,24.280000686645508,20.950000762939453,62.71686656112857,10.419082627211651,315.53740969686874,310.9012986118051,310.8911694871176,29.746815875568167,29.07923604354753,29.078611069942035,5.4027850259137224,5.392655901226245,5.3925974076379095
2020-08-04,327.8599853515625,330.05999755859375,23.760000228881836,20.440000534057617,61.903220162210985,-81.36463989175837,280.01188975801966,275.0543436908483,275.04986943004405,22.969887607669257,22.55281676262566,22.55224686933829,6.028566689261481,6.024092428457278,6.024075195122995
2020-08-05,331.4700012207031,332.1099853515625,22.989999771118164,19.020000457763672,60.86290918300436,-104.03109792066232,270.34722018995126,267.62319027149874,267.62212270639696,17.323948673734137,17.101282015165616,17.10103289259171,1.5512657366632006,1.5501981715614113,1.5501971035861448
2020-08-06,331.4800109863281,334.3299865722656,22.649999618530273,19.399999618530273,60.92618131326367,6.327213025930689,280.73140041149213,277.5830445711226,277.5814324975506,19.672419089476143,19.393498774453874,19.393102237061655,2.4015541627009807,2.399942089128916,2.3999400025206956
2020-08-07,333.2799987792969,334.57000732421875,22.209999084472656,18.079999923706055,59.97503143205161,-95.11498812120607,241.91038697236482,240.05786536357638,240.05708223979832,12.43335009233506,12.280672862237301,12.28064823662852,-0.19260417463765078,-0.19338729841566726,-0.19338837723262392
2020-08-10,335.05999755859375,335.57000732421875,22.1299991607666,18.8799991607666,59.98831337919272,1.328194714110964,77.7065887180837,76.14471102140453,76.12726887132686,76.14471102140453,76.12732478808948,76.12726887132686,-0.7239179842526511,-0.7413601343303102,-0.7413601916965491
2020-08-11,336.8500061035156,332.79998779296875,24.030000686645508,21.88999938964844,62.95148577434138,296.31723951486606,-83.3186287672885,-92.09171180073812,-92.11013586570863,40.294899482785276,39.24937306878076,39.241011174642246,13.701789256494381,13.683365191523846,13.683248441435358
2020-08-12,335.44000244140625,337.44000244140625,22.280000686645508,18.899999618530273,60.981434296251365,-197.00514780900136,80.71171016707208,78.98184487831855,78.9595771635377,78.98184487831855,78.95966396120365,78.9595771635377,-0.37346595824647766,-0.39573367302732,-0.39573377962111955
2020-08-13,336.6099853515625,336.8299865722656,22.1299991607666,18.540000915527344,60.30230058127172,-67.91337149796419,260.9267256582481,258.175260199762,258.1744737519565,15.34775168221111,15.163815285011763,15.163585714732724,1.6052923915369393,1.6045059437314233,1.6045052334776155
2020-08-14,336.4100036621094,336.8399963378906,22.049999237060547,17.8700008392334,60.05352025450321,-24.87803267685109,247.95702548834453,246.10894300342878,246.10855464841893,12.676425767118959,12.54708644816388,12.547014493605568,-0.20266936546404235,-0.20305772047387638,-0.20305792035294923
2020-08-17,337.94000244140625,337.9100036621094,21.350000381469727,17.600000381469727,58.814110162351284,-123.94100921519282,228.47267325422078,226.35483211351672,226.35442621042378,9.775497588211055,9.671478054395708,9.671449976629892,0.3369012380870178,0.33649533499406203,0.33649491919421415
2020-08-18,338.3399963378906,338.6400146484375,21.510000228881836,17.81999969482422,59.415033448195246,60.09232858439617,243.87693857677297,242.08593122472288,242.0850894532657,12.832939112531617,12.672795995911555,12.672772694171025,-0.31545643542202173,-0.3162982068791984,-0.316299388914441
2020-08-19,339.04998779296875,337.2300109863281,22.540000915527344,19.229999542236328,60.867432071930295,145.239862373505,312.07363327897576,309.7582574400973,309.75046294272636,28.46976690896836,28.43925343542289,28.439156196409456,0.7541354010657031,0.7463409036948248,0.7463408266502647
2020-08-20,335.3599853515625,338.2799987792969,22.719999313354492,18.850000381469727,61.6416095102891,77.41774383588051,79.10884097125324,77.45907246765792,77.43887312915717,77.45907246765792,77.43894708256963,77.43887312915717,-0.5398647216873691,-0.5600640601881266,-0.5600641453641022
2020-08-21,337.9200134277344,339.4800109863281,22.540000915527344,18.010000228881836,61.73126818166071,8.965867137160899,239.67899576032505,237.14785637108852,237.14719278731226,11.763318334599296,11.625297555935127,11.625244231092028,1.1642722157656529,1.1636086319893266,1.1636077366687578
2020-08-24,342.1199951171875,342.9200134277344,22.3700008392334,18.809999465942383,62.797395675628664,106.61274939679544,268.7378621090816,264.1809073539869,264.1795269412296,16.99488433022202,16.762672209337765,16.762669874823658,5.218057756059858,5.21667734330253,5.2166750074366774
2020-08-25,343.5299987792969,344.1199951171875,22.030000686645508,18.09000015258789,62.63538337300413,-16.201230262453237,265.0928377290933,263.07200125542704,263.0700955851349,17.29958108388434,17.04009110670814,17.040048585262618,0.14739000326985163,0.14548433297771002,0.14548431795840333
2020-08-26,344.760009765625,347.57000732421875,23.270000457763672,19.959999084472656,66.85006764581364,421.46842728095066,106.49885553690797,103.4386087177969,103.37859724425697,103.4386087177969,103.37897489832372,103.37859714904806,2.4005306856375395,2.340519212097611,2.3405183373245197
2020-08-27,348.510009765625,348.3299865722656,24.469999313354492,20.190000534057617,69.58097106732599,273.0903421512352,334.8080635922315,329.84638651060914,329.8294284021614,35.50157011206782,34.59262926132855,34.59173825828615,6.074233604398875,6.057275495951108,6.057273791050678
2020-08-28,349.44000244140625,350.5799865722656,22.959999084472656,17.1299991607666,67.70419049211296,-187.6780575213033,64.18425383443903,63.20357424422475,63.201079831005664,22.4128336593999,22.40669044300374,22.40668270088817,-1.931157572873533,-1.9336519860926178,-1.9336519884392727
2020-08-31,350.3500061035156,349.30999755859375,26.40999984741211,21.100000381469727,73.6681228887407,596.393239662774,137.88899523940265,132.41575168852202,132.37130729374348,132.555023848816,132.37383355100474,132.3712920657691,7.179866091264474,7.135421696485931,7.135406468511567
2020-09-01,350.2099914550781,352.6000061035156,26.1200008392334,19.649999618530273,74.694321045817,102.61981570763083,107.01981476765981,103.82516629991252,103.8081432903161,103.87518128185327,103.8086405378441,103.80814188572053,2.5403701826580365,2.5233471730616124,2.5233457684660348
2020-09-02,354.6700134277344,357.70001220703125,26.56999969482422,20.709999084472656,78.28880408611099,359.448304029398,133.86809314955588,128.86864995212872,128.7902197370894,128.93771534845112,128.79179546778445,128.79021295075907,6.334197438663706,6.255767223624353,6.25576043729407
2020-09-03,355.8699951171875,345.3900146484375,33.599998474121094,30.450000762939453,86.80708370183656,851.8279615725576,-504.19599567705313,-546.9717017948299,-549.489351444904,-714.9156866829961,-721.54529451545,-722.3768965410635,89.39750572828301,86.87985607820883,86.81574202228518
2020-09-04,346.1300048828125,342.57000732421875,30.75,29.40999984741211,79.30332543575717,-750.3758266079387,167.4042901182783,132.99452499595677,131.64614453582269,164.8780961754328,160.29107500943158,159.8278257522086,69.04966747874471,67.7012870186105,67.67409921883042
2020-09-08,336.7099914550781,333.2099914550781,31.459999084472656,32.90999984741211,76.76654330341296,-253.67821323442143,384.1442860636494,332.31988844778,329.7780623677303,221.8584996677137,202.40860476162035,201.05428761026528,108.09369787875896,105.5518717987092,105.32081402213454
2020-09-09,337.54998779296875,339.7900085449219,28.809999465942383,29.09000015258789,73.40824698734906,-335.82963160638997,572.7837647168275,563.6549091659336,562.8146758402968,141.57851702415365,131.60942814762302,131.5634518896654,17.021175878855935,16.18094255321906,16.133390341055957
2020-09-10,341.82000732421875,333.8900146484375,29.709999084472656,30.43000030517578,72.94685030948159,-46.13966778674694,-556.3549956625275,-598.3222931828544,-599.7672582392432,-44.52367954246859,-58.187858931249345,-58.953527122608826,84.67163615989487,83.22667110350613,83.12606723642196
2020-09-11,335.82000732421875,334.05999755859375,26.8700008392334,26.329999923706055,66.74884003445742,-619.8010275024174,245.49633147531523,228.36009508293253,228.02326838780567,104.19743418821486,102.79352886479126,102.72400044819292,31.388584981512352,31.051758286385464,31.04990998079066
2020-09-14,337.489990234375,338.4599914550781,25.850000381469727,25.059999465942383,66.05989586983465,-68.89441646227681,441.6687404103095,438.3812518339055,438.23280637626283,76.45225841173736,73.01632437769074,73.01297404206093,3.130487530056101,2.9820420724134715,2.9786510172391774
2020-09-15,341.1199951171875,340.1700134277344,25.59000015258789,24.219999313354492,66.16509500032406,10.51991304894102,458.56337087865256,445.7958916235188,445.6675099536027,75.72992452031404,74.89201395450812,74.86174143563213,22.021744592159315,21.893362922243263,21.892820984320466
2020-09-16,341.510009765625,338.82000732421875,26.040000915527344,23.770000457763672,66.41383403739839,24.873903707432987,197.69046959171203,184.71712374432082,184.6300476804545,67.71673306568016,65.08589400716976,65.05579143368047,22.311525838138238,22.224449774271946,22.22325213360839
2020-09-17,333.55999755859375,335.8399963378906,26.459999084472656,24.950000762939453,65.96191753717902,-45.19165002193688,287.3641592215682,274.10630519400013,273.92392275952557,79.08827052144007,75.34503710959567,75.32429745944627,23.177540789872886,22.995158355398324,22.990264175164626
2020-09-18,335.3699951171875,330.6499938964844,25.829999923706055,24.020000457763672,62.55450560567111,-340.7411931507909,181.4288206503688,172.28040172574777,171.77359999728685,172.28040172574777,171.78624375917855,171.77359999728685,15.917730552770289,15.410928824309375,15.41076737756787
2020-09-21,325.70001220703125,326.9700012207031,27.780000686645508,28.11000061035156,65.21122021282686,265.6714607155749,267.9620245419953,249.35165624314644,247.41895411540165,255.26666868863325,247.50960150312824,247.40567385870875,39.169274479247,37.23657235150222,37.219831953616186
2020-09-22,328.57000732421875,330.29998779296875,26.86000061035156,25.950000762939453,64.22972711999489,-98.14930928319683,415.4573086168409,400.4280017703948,400.1830565464259,87.66810392936178,83.19191279987858,83.16142638861217,26.916575399005687,26.67163017503683,26.663923728194916
2020-09-23,330.8999938964844,322.6400146484375,28.579999923706055,27.969999313354492,65.46486204850244,123.51349285075486,-907.6020037067723,-927.659473374573,-929.8975759035411,-344.73498696298054,-352.6028220875005,-352.7332486910863,42.98507249057633,40.74696996160823,40.72846880483804
2020-09-24,321.2200012207031,323.5,28.510000228881836,27.649999618530273,65.44141624508052,-2.3445803421921596,516.5486693190902,499.04670976158076,497.29139475066756,103.48016232633631,97.9568808751091,97.8670194939811,36.39370089346159,34.63838588254851,34.63048897203003
2020-09-25,322.5799865722656,328.7300109863281,26.3799991607666,24.56999969482422,62.360984572408356,-308.04316726721623,-325.92477666738,-355.08732900353453,-355.1496938156358,56.57570038700825,54.61499677374441,54.55170634452357,54.61499677374441,54.55263196164311,54.55170634452357
2020-09-28,333.2200012207031,334.19000244140625,26.190000534057617,25.209999084472656,63.6294291077113,126.84445353029474,455.92841169044164,440.6575005063871,440.4838107226455,78.19604595150761,74.5575866462557,74.52877200607222,27.176656440541002,27.002966656799423,26.998379903492726
2020-09-29,333.9700012207031,332.3699951171875,26.270000457763672,25.989999771118164,63.00507259054818,-62.43565171631218,502.85739267545557,487.6506938606239,487.2869084396993,101.20222759268832,95.45811253631247,95.42257168413852,27.645867329071677,27.282081908147127,27.268381693357902
2020-09-30,333.0899963378906,334.8900146484375,26.3700008392334,25.770000457763672,64.07149689107169,106.64243005235079,472.3764642688109,454.73620727567027,454.5216835488211,84.5786268447669,80.43106112972565,80.38781878943513,32.0429933038979,31.82846957704877,31.82217017212883
2020-10-01,337.69000244140625,337.0400085449219,26.700000762939453,24.799999237060547,65.51059366375748,143.90967726857866,449.28610772778006,431.5276407079798,431.39065579866997,73.60183705858577,70.3644418813825,70.36139171887329,32.0371490486821,31.900164139372208,31.8970776173271
2020-10-02,331.70001220703125,333.8399963378906,27.6299991607666,24.63999938964844,66.07902865559386,56.84349918363836,435.3980409085226,421.12791961293544,421.03637851960957,68.07894891855996,65.40981429502621,65.37142255987375,24.91896185257898,24.82742075925313,24.82606215310207
2020-10-05,336.05999755859375,339.760009765625,27.959999084472656,23.510000228881836,68.7927330947453,271.3704439151442,426.4541115478105,416.6569987890029,416.58614994706085,65.37094360002719,62.94922444959605,62.934891077359346,15.909107636126413,15.838258794184233,15.83748140373922
2020-10-06,339.9100036621094,334.92999267578125,29.479999542236328,25.079999923706055,69.8932743608925,110.05412661472036,199.01102320301882,186.74396208283156,185.8948117845696,186.74396208283156,185.92168951346932,185.8948117845696,23.182951778282934,22.333801480020945,22.333346266149157
2020-10-07,338.1199951171875,340.760009765625,28.059999465942383,21.739999771118164,69.20200983281637,-69.12645280761325,202.1857989345857,194.54244564861193,194.5168101096963,40.82755563515683,39.67048111720289,39.66747092840556,11.464354938044599,11.438719399128974,11.438472158249258
2020-10-08,342.8500061035156,343.7799987792969,26.36000061035156,19.940000534057617,67.05908280490631,-214.2927027910062,303.99054908538267,298.3531351369261,298.34679725689756,25.95131794878565,25.436624914957825,25.43659595629824,7.393928562736937,7.38759068270841,7.387561674161196
2020-10-09,345.55999755859375,346.8500061035156,25.0,18.850000381469727,65.83141290737558,-122.76698975307312,90.68141182789488,88.41477843401162,88.41002601350515,88.44635186337503,88.41021607908091,88.4100256853632,0.6475250420428864,0.6427726215363965,0.6427722908068274
2020-10-12,349.5899963378906,352.42999267578125,25.06999969482422,20.299999237060547,68.64196538156659,281.0552474191013,119.57434018679588,115.63928040923588,115.59295031893582,115.68571025187094,115.59367887620229,115.592948183824,4.109116239450344,4.062786149150281,4.062784014038468
2020-10-13,352.2799987792969,350.1300048828125,26.06999969482422,21.38999938964844,69.14731052378853,50.534514222194105,358.06756202662973,356.841292429931,356.81475998367824,43.70632331078127,42.45352126782983,42.453289193071946,-1.3671644956095972,-1.3936969418623675,-1.3939299308766762
2020-10-14,350.75,347.92999267578125,26.399999618530273,21.299999237060547,68.53477352004596,-61.25370037425739,147.9772590340624,141.5739385994112,141.53538619783757,53.98263748248942,53.73817338044909,53.733993931618855,9.022390820765796,8.983838419192168,8.98380760377514
2020-10-15,343.7099914550781,347.5,26.969999313354492,21.3799991607666,69.30174615011845,76.69726300724875,-130.92269253061477,-137.0363668692637,-137.0749072071057,46.71727204972939,45.23856974539271,45.23664100746883,8.442987932421376,8.404447594579423,8.404441520702093
2020-10-16,348.9599914550781,347.2900085449219,27.40999984741211,21.63999938964844,69.93437232645105,63.26261763326073,396.9046270065533,390.13004758105853,390.0625137542649,55.02057385449778,54.78402730040088,54.78105069327726,9.85179947982664,9.784265653033012,9.784252626805781
2020-10-19,348.6499938964844,342.010009765625,29.18000030517578,24.649999618530273,70.6224511953921,68.8078868941048,-113.60667956101999,-128.99409071689985,-129.2789653743313,87.98376673563189,86.93562561016016,86.90181653366565,27.730840986668326,27.445966329236832,27.445502931607642
2020-10-20,343.4599914550781,343.3800048828125,29.350000381469727,24.56999969482422,71.44031034478267,81.78591493905714,464.34843359089217,449.7035058911049,449.4939106803361,82.49880750109007,78.48464476643667,78.45719260206056,26.01961182342245,25.81001661265372,25.809694619457673
2020-10-21,343.3299865722656,342.7300109863281,28.649999618530273,23.200000762939453,69.66044408349492,-177.98662612877507,415.7611505549546,404.5996405723393,404.50765917084243,62.6652902175826,60.18701098696524,60.17573142373008,18.704144677085146,18.612163275588337,18.610436509216406
2020-10-22,342.9599914550781,344.6099853515625,28.11000061035156,24.059999465942383,69.34508221368854,-31.536186980638092,438.19903218900265,423.0721234915684,422.94868743553354,70.16036396123982,67.15693127386726,67.15426913324508,26.732202535686007,26.608766479651052,26.60607433374654
2020-10-23,345.92999267578125,345.7799987792969,27.549999237060547,24.290000915527344,68.70661692477218,-63.84652889163647,214.78125260934175,201.4001442774147,201.2260846757117,84.02059801262209,83.1100779689202,83.07541344386672,23.38642414852344,23.212364546820453,23.2116953145036
2020-10-26,342.1300048828125,339.3900146484375,32.459999084472656,35.90999984741211,75.21787520543474,651.125828066256,757.4627852339178,680.8682294341567,675.3310357530299,305.1175053033537,271.1510162392874,270.3966196432428,168.4010160095739,162.86382232844727,162.03602442568788
2020-10-27,339.760009765625,338.2200012207031,33.349998474121094,37.290000915527344,76.4201673724691,120.22921670343578,592.6188316367382,530.9315218789372,512.6780385013312,530.9315218789372,515.4580066946684,512.6780385013312,175.43172840391105,157.17824502630515,156.81713825204923
2020-10-28,332.1000061035156,326.6600036621094,40.279998779296875,47.900001525878906,86.62575385595744,1020.5586483488346,657.2699511562008,511.17737093324547,487.0639244714004,626.4735086364235,545.2974640357248,526.2326697181186,386.6435379013156,362.5300914394706,355.17534027621593
2020-10-29,326.9100036621094,329.9800109863281,37.59000015258789,44.34000015258789,81.93113286352052,-469.4620992436924,1147.0325455813627,1030.422118034995,1015.1206572097509,493.06216789617264,432.60720601929864,421.6960492535195,287.581648820883,272.28018799563876,268.62560968466477
2020-10-30,328.2799987792969,326.5400085449219,38.02000045776367,44.33000183105469,81.64662250403336,-28.45103594871574,1151.8853543405137,1038.03780047185,1021.9409853476251,501.32463590494376,436.98135939824596,427.80013222330336,286.25379172828144,270.15697660405664,265.70194245055836
2020-11-02,330.20001220703125,330.20001220703125,37.130001068115234,43.86000061035156,80.45689582363273,-118.9726680400625,791.8701037288281,703.9564711027788,667.2889714095977,703.9564711027788,674.8291661367729,667.2889714095977,287.4156436561416,250.74814396296037,249.2105182236523
2020-11-03,333.69000244140625,336.0299987792969,35.54999923706055,43.20000076293945,79.05269717650815,-140.41986471245878,932.462332698355,824.9103974488529,809.0920990754797,495.5415885603658,431.3397940391969,423.1123672471626,272.59698757221935,256.7786891988464,252.36485244896815
2020-11-04,340.8599853515625,343.5400085449219,29.56999969482422,32.459999084472656,70.14521626623653,-890.7480910271615,439.1039810741832,392.8199266401549,389.8256721260141,221.26336323172416,213.70179193806354,212.67889904028974,97.9142875838647,94.9200330697239,94.83754614172234
2020-11-05,349.239990234375,350.239990234375,27.579999923706055,28.09000015258789,69.52761544187373,-61.76008243627962,321.649070844806,294.8696901872392,293.4459339243066,154.6964334055959,151.7273192936849,151.5288169066558,53.952166565316865,52.528410302384245,52.52119328085854
2020-11-06,349.92999267578125,350.1600036621094,24.86000061035156,23.959999084472656,64.54304329687163,-498.45721450021045,202.69060162602463,191.2248103077862,190.78483543767592,191.49952101394123,190.80533001783394,190.78452957711153,20.352432315415342,19.912457445305037,19.91215158474064
2020-11-09,363.9700012207031,354.55999755859375,25.75,26.709999084472656,68.229394630965,368.63513340933736,-812.9755829600216,-795.5112672063559,-796.685117445646,56.680138266704745,53.70909571587449,53.634194488520016,-35.28845608884724,-36.462306328137366,-36.46844006150064
2020-11-10,353.489990234375,354.0400085449219,24.799999237060547,24.43000030517578,66.22943052720387,-199.99641037611298,484.48625302485993,468.11492954958675,467.83634387347473,87.62374797128179,86.43637914744632,86.42766692829852,29.680078512702885,29.401492836590897,29.400936140065767
2020-11-11,356.3999938964844,356.6700134277344,23.450000762939453,21.59000015258789,65.52479292583284,-70.46376013710329,396.0488421951131,386.6994353873272,386.65761272821317,52.58772258155865,52.101391102557706,52.1010286974666,14.92466239522192,14.882839736107849,14.882712803752556
2020-11-12,355.5799865722656,353.2099914550781,25.350000381469727,23.8799991607666,66.47336642275467,94.85734969218242,215.0443313834615,201.7630329233984,201.52674882677323,94.01553303693792,93.12022625245065,93.0869236809422,23.37337107811677,23.137086981491585,23.1364464826459
2020-11-13,355.2699890136719,358.1000061035156,23.100000381469727,21.010000228881836,65.70142195944638,-77.19444633082873,141.7094339269362,135.9384534831669,135.8840323869819,136.08538299690053,135.88692248982875,135.8840139734465,7.805279575005917,7.750858478820906,7.75084006528553
2020-11-16,360.9800109863281,362.5700073242187,22.450000762939453,19.329999923706055,67.44994080061177,174.85188411653922,122.87494814541958,118.50284667688403,118.49180360147818,36.546557886624065,36.42392549713043,36.42388716539725,4.877348102837587,4.8663050274317445,4.8662997142576945
2020-11-17,359.9700012207031,360.6199951171875,22.709999084472656,18.809999465942383,66.41215437832967,-103.7786422282096,100.20936788590228,97.45263134500105,97.45234733128777,97.50122446471218,97.45263134500105,97.45234673476978,1.6143269139250522,1.6140429002117802,1.6140423036937994
2020-11-18,360.9100036621094,356.2799987792969,23.84000015258789,19.59000015258789,65.23567891716918,-117.64754611604928,126.75413235287772,122.09043931403693,122.07590355436861,39.90333558709929,39.764861619697086,39.764803049983485,5.471015289684388,5.456479530016056,5.456472219035881
2020-11-19,355.6000061035156,357.7799987792969,23.11000061035156,19.260000228881836,64.9634645206738,-27.22143964953858,108.96973404369406,105.60010952015492,105.58905981327281,38.50334331867637,38.42805894423887,38.42743668745928,2.8724038296124883,2.8613541227303907,2.8613522354382264
2020-11-20,357.5,355.3299865722656,23.700000762939453,19.86000061035156,64.2409930079175,-72.24715127563002,319.2603580205735,318.5647015423964,318.5543477135959,31.491750608515254,30.785797707195414,30.785740301537636,-2.4776251628444146,-2.487978991644871,-2.4879791229860038
2020-11-23,357.2799987792969,357.4599914550781,22.65999984741211,19.579999923706055,63.72198598636079,-51.90070215567033,310.6804633332737,310.092717901336,310.08532708502287,28.862703556698612,28.26757367156639,28.267541110331457,-2.7022579214627043,-2.7096487377758223,-2.7096749929748056
2020-11-24,360.2099914550781,363.2200012207031,21.63999938964844,18.399999618530273,66.1276278840107,240.56418976499145,93.41293243525915,91.02401722401974,91.02381430157061,91.0623630212381,91.02401722401974,91.02381392943482,0.8784403069531281,0.878237384504005,0.8782370121293619
2020-11-25,363.1300048828125,362.6600036621094,21.25,17.139999389648438,65.13728206260086,-99.03458214098464,252.60952060985582,252.408013221824,252.40673236328288,14.729789943174717,14.698394726661027,14.698392378286817,-3.493142556386604,-3.4944234149277356,-3.494423445569682
2020-11-27,363.8399963378906,363.6700134277344,20.84000015258789,18.25,65.18671538759497,4.943332499411213,312.62822261707635,309.7387349830213,309.730198153607,28.6479168359677,28.60218905078206,28.602150478099155,1.904586265374677,1.8960494359603626,1.8960492663152753
2020-11-30,362.8299865722656,362.05999755859375,20.56999969482422,19.8700008392334,63.44053095583869,-174.61844317562836,330.8892017010412,330.0260998593499,330.0104133336436,35.22812645478098,34.349450550367635,34.34933808738338,-2.1267357252096355,-2.1424222509159483,-2.1424225885912573
2020-12-01,365.5700073242187,366.0199890136719,20.770000457763672,19.8700008392334,66.53267962395456,309.2148668115875,132.52033963069616,127.4176125631403,127.41555129074996,50.64882111215255,50.48783345585705,50.487668128491855,6.311671209332127,6.309609936941813,6.30959885136466
2020-12-02,364.8200073242187,366.7900085449219,21.170000076293945,19.290000915527344,67.50382439842588,97.11447744713126,115.09196541086807,111.39316034106264,111.3925168290787,111.47560950132524,111.39316034106264,111.39251493367146,3.4995463687392174,3.498902856755257,3.4989009590309266
2020-12-03,366.6799926757813,366.69000244140625,21.280000686645508,19.350000381469727,67.479895957855,-2.392844057087018,328.16077024037884,327.4200094560409,327.410085217993,33.09274464191227,32.85170946338962,32.851668564638366,-2.388647727189805,-2.398571965237613,-2.3985912951979325
2020-12-04,367.3200073242187,369.8500061035156,20.790000915527344,17.959999084472656,69.25815322697738,177.82572691223777,276.41406435191846,276.10594765303273,276.103539917559,19.90121000035719,19.590691382882483,19.59068556599771,-3.276543380901364,-3.278951116375108,-3.2789511213422076
2020-12-07,369.0199890136719,369.0899963378906,21.299999237060547,18.739999771118164,69.00444348503419,-25.37097419431973,116.45454873009609,112.79388270327307,112.77452532207704,37.643858048118226,37.569410454631,37.56927702407816,3.4794063408003124,3.460048959604288,3.46004824538303
2020-12-08,367.7200012207031,370.1700134277344,20.68000030517578,18.170000076293945,69.09134024447272,8.689675943853103,250.37929001714514,249.9988994886073,249.9951470920366,22.081709845296224,21.6975794436727,21.697566920187683,-3.1279617084013247,-3.1317141049719748,-3.1317141199026537
2020-12-09,370.8800048828125,366.8500061035156,22.270000457763672,19.989999771118164,68.2933252775166,-79.80149669561172,146.87644819487758,140.53437035068967,140.53046902592587,50.20235084817829,49.961256203654784,49.96105022701647,8.795941755421259,8.792040430657435,8.792013066652412
2020-12-10,365.3699951171875,366.7300109863281,22.520000457763672,19.670000076293945,68.42462561903487,13.13003415182692,125.67606196206725,121.1333344163135,121.13191153702293,52.00431362019772,51.8771231306923,51.87569377230437,5.189743203187719,5.1883203238971465,5.188313832636995
2020-12-11,364.8999938964844,366.2999877929687,23.309999465942383,20.450000762939453,69.01046401679977,58.583839776490265,140.38061306391663,134.73272140270862,134.73037036952226,134.91426788523626,134.73272140270862,134.73035751553795,7.4028750804477035,7.400524047261358,7.4005111611407255
2020-12-14,368.6400146484375,364.6600036621094,24.719999313354492,23.670000076293945,69.42969269795789,41.922868115811696,429.23413175847145,412.550386285265,412.215908056511,93.27244263172912,92.02472733043602,92.01320250900878,30.47295101706952,30.138472788315497,30.1377999511133
2020-12-15,367.3999938964844,369.5899963378906,22.88999938964844,20.190000534057617,70.54688181298535,111.71891150274575,347.1884787633431,346.1270549006481,346.1059035000206,40.14542520355375,39.06301520895285,39.06284994023124,-1.7136963620745451,-1.7348477627020777,-1.7348483320230987
2020-12-16,369.8200073242187,370.1700134277344,22.5,18.799999237060547,70.44942647952008,-9.745533346526258,110.28697317549461,106.91296187357096,106.91247618151979,53.02755458372152,52.95811254061813,52.95762560070258,2.849483427482147,2.8489977354309834,2.8489964862710826
2020-12-17,371.94000244140625,372.239990234375,21.93000030517578,18.6200008392334,71.33699289283325,88.75664133131664,308.3060570227294,307.76253071552594,307.75650641256885,27.65581159788502,27.434910509387265,27.434889902174312,-2.794874400215307,-2.8008987031723667,-2.800898728661096
2020-12-18,370.9700012207031,369.1799926757813,21.56999969482422,16.700000762939453,68.50101971388344,-283.5973178949814,81.6884586357619,79.88289205043588,79.88280773661616,19.15560706284557,19.132474173895048,19.132473147352783,-0.28861363069287327,-0.28869794451260145,-0.28869803024456475
2020-12-21,364.9700012207031,367.8599853515625,25.15999984741211,21.559999465942383,71.52532318800147,302.4303474118028,166.6930252207513,158.6371672652124,158.63039343028467,158.98487617931147,158.6371672652124,158.63033250920714,12.232220994405756,12.225447159478007,12.225385967233473
2020-12-22,368.2099914550781,367.239990234375,24.229999542236328,19.90999984741211,69.816646366475,-170.8676821526467,348.00347031678166,346.865263691696,346.83947179446,40.021182711943034,39.77339184933327,39.77315189955772,-1.5462082387204132,-1.5720001359564155,-1.5720010742156383
2020-12-23,368.2799987792969,367.5700073242187,23.309999465942383,19.200000762939453,68.84468469033551,-97.1961676139486,327.16666366367724,326.32940124565823,326.3142171847051,33.60964768264252,33.45559604626578,33.455490229659375,-2.1799151165076864,-2.1950991774607544,-2.1951017986902817
2020-12-24,368.0799865722656,369.0,21.530000686645508,17.1200008392334,67.8388255942125,-100.5859096123018,257.89089967173186,257.66461884891334,257.66305298782396,15.8292779210347,15.789839255158997,15.789836028847825,-3.4427407651451962,-3.4443066262345363,-3.4443066282174026
2020-12-28,371.739990234375,372.1700134277344,21.700000762939453,20.049999237060547,70.17587358914894,233.7047994936441,358.02416648813244,356.85068625687563,356.8279312668263,42.52820189462263,42.10205943142516,42.10190666896869,-1.4847733743146367,-1.5075283643639676,-1.5075287615530337
2020-12-29,373.80999755859375,371.4599914550781,23.079999923706055,21.469999313354492,70.96239248431209,78.65188951631552,190.92780386370333,180.61277235789765,180.60266687650454,68.67481295231663,68.16686380597325,68.1640367833048,16.760615452336083,16.75050997094297,16.750431446891163
2020-12-30,372.3399963378906,371.989990234375,22.770000457763672,21.309999465942383,70.95636557153601,-0.602691277607903,393.71689331172684,391.77142355252323,391.71148518495477,55.79445610567627,54.68616739293271,54.685376331387666,0.1707698681372971,0.1108315005687679,0.11082643480270082
2020-12-31,371.7799987792969,373.8800048828125,22.75,21.200000762939453,72.32693500114158,137.05694296055668,395.4207322922467,393.50582969609894,393.45150452203626,55.68984038482493,54.92945994735134,54.92886176636143,0.09278927351939803,0.038464099456785306,0.03846125328903938
2021-01-04,375.30999755859375,368.7900085449219,26.969999313354492,27.38999938964844,73.01669304187563,68.97580407340484,116.9052192431765,82.61484926663303,82.23598749191919,-54.653607022272936,-59.22273284556861,-59.34341372516568,65.88347189668825,65.50461012197442,65.48258120305267
2021-01-05,368.1000061035156,371.3299865722656,25.34000015258789,24.290000915527344,72.73902452258216,-27.76685192934707,226.6693452613724,221.3903107439259,221.0342853802143,96.71385795089874,94.83413273799931,94.82150264748462,7.7269188257567425,7.370893462045208,7.370638608147392
2021-01-06,369.7099914550781,373.5499877929687,25.06999969482422,23.770000457763672,73.98218894342776,124.31644208456021,233.39415004601773,217.8375830021377,217.7961398280833,117.66383151983905,116.56413213998499,116.52188335434957,27.339906922420475,27.298463748366082,27.297649367728376
2021-01-07,376.1000061035156,379.1000061035156,22.3700008392334,19.420000076293945,75.62849101887815,164.6302075450393,144.99692399321415,138.81790037030123,138.81438087817364,44.003466904891745,43.77449697373218,43.77437771600874,8.46867331769537,8.465153825567777,8.465131293801292
2021-01-08,380.5899963378906,381.260009765625,21.559999465942383,18.34000015258789,76.7164770497667,108.7986030888544,116.2121545353172,112.3430526058012,112.34214933696815,42.1555823487503,42.05892452525076,42.05886462387156,3.8409233627907797,3.8400200939577065,3.8400168615400814
2021-01-11,377.8500061035156,378.69000244140625,24.079999923706055,21.690000534057617,76.50191199312658,-21.45650566401116,419.52738608752566,416.85580122900944,416.7468730356878,65.55133845266481,64.58156525141433,64.57946363625771,1.7700165161902017,1.661088322868622,1.6610676889068134
2021-01-12,378.8900146484375,378.7699890136719,23.329999923706055,20.649999618530273,75.79565899935352,-70.6252993773063,175.28916829118583,166.59342844980654,166.58725080424782,62.88316610106154,62.5103792548118,62.50856274187695,13.510057591096588,13.503879945537863,13.50386495510144
2021-01-13,378.69000244140625,379.7900085449219,22.209999084472656,18.90999984741211,75.61270791776684,-18.295108158667972,347.8683759004029,346.70623311539896,346.70506748509416,39.929236909861494,39.78871680261894,39.78850054646462,-1.572215360084206,-1.5733809903890021,-1.5733817167195614
2021-01-14,380.5899963378906,378.4599914550781,23.25,21.170000076293945,75.30742047716981,-30.528744059702717,184.197093552899,174.23559440182325,174.2217182324783,76.85547929816354,76.317655616819,76.31593713424066,16.065167971738788,16.051291802393855,16.051111418840186
2021-01-15,376.7200012207031,375.7000122070313,24.34000015258789,21.690000534057617,74.0294130407487,-127.80074364211202,422.9147254737869,420.30835952312754,420.21553066051416,66.16389483437851,65.13485225804042,65.13350145867473,1.5912450915263516,1.4984162289130722,1.4984073914178833
2021-01-19,378.3399963378906,378.6499938964844,23.239999771118164,21.8799991607666,75.04279780029339,101.33847595446923,435.8496513907041,432.63402830452816,432.48061515622817,72.05389582908258,71.20987784987595,71.20630703629337,2.9916139133738895,2.8382007650739256,2.8381582620662167
2021-01-20,381.1099853515625,383.8900146484375,21.579999923706055,18.850000381469727,78.16052193957987,311.772413928648,133.47358636910812,132.4207760299101,132.41818563047048,40.49845343515385,40.309234146683536,40.309156908451875,-1.78660781518216,-1.7891982146217393,-1.78919831729727
2021-01-21,384.489990234375,384.239990234375,21.31999969482422,18.229999542236328,78.23239611793323,7.187417835336873,115.30492154275676,111.6335144990573,111.63297769082133,47.92767103859065,47.84894600434969,47.84894475424352,3.444428265932631,3.4438914576966466,3.4438902064218624
2021-01-22,382.25,382.8800048828125,21.90999984741211,18.420000076293945,77.36261204384775,-86.97840740854872,314.76960764275225,314.14082506335376,314.13256559001655,29.39346869111702,29.385246552067848,29.385209151526624,-2.6176562222839976,-2.6259156956212273,-2.6259157618743902
2021-01-25,383.6700134277344,384.3900146484375,23.190000534057617,20.65999984741211,79.33872177884246,197.6109734994708,180.4210635823759,177.7445064856007,177.73578083259986,63.27006910014362,62.800816613845974,62.7988650451886,1.4793429184432973,1.4706172654424234,1.4706000103387469
2021-01-26,385.4100036621094,383.7900085449219,23.020000457763672,20.459999084472656,78.62677577511454,-71.19460037279168,170.28409103454575,161.7953524276088,161.78676364722497,74.24537611776238,73.84459091640693,73.84450230756734,13.1035107062568,13.094921925872994,13.094832876514884
2021-01-27,380.2200012207031,374.4100036621094,37.209999084472656,41.63999938964844,87.13586729488998,850.9091519775438,831.3507612142681,682.7529424925716,669.8659060287323,489.07424283688295,434.92613457637754,431.64904616910405,344.27030375881606,331.3832672949768,327.4200787360234
2021-01-28,376.3599853515625,377.6300048828125,30.209999084472656,30.0,80.33415041783748,-680.17168770525,737.8289560885273,717.5301409274756,714.1647221468845,227.69731663833724,217.34888989790628,217.0454692607427,46.84971750565438,43.484298725063326,43.4661559729229
2021-01-29,375.6300048828125,370.0700073242187,33.09000015258789,32.630001068115234,78.57313523409186,-176.1015183745613,553.7060629415174,483.9761201151551,481.7057765604007,305.03189638787,290.00518127123433,289.11648796339597,143.2963353999075,141.02599184515313,140.71943716453015
2021-02-01,373.7200012207031,376.2300109863281,30.239999771118164,28.989999771118164,78.86250909627418,28.93738621823161,473.81938955271414,430.6785308518125,427.88954395795963,201.8033196110279,194.83512946926558,194.56440647522214,90.87844926174381,88.08946236789093,88.04704679071273
2021-02-02,379.6499938964844,381.5499877929687,25.559999465942383,22.440000534057617,78.15847406865099,-70.40350276231919,213.46171473622329,200.37741897991174,200.3523863421082,104.61746661938679,103.79891258793565,103.78346788671954,22.344835761054355,22.31980312325083,22.319421025810954
2021-02-03,382.44000244140625,381.8500061035156,22.90999984741211,18.969999313354492,76.27481056211931,-188.36635065316756,332.7783196071171,331.92054687351583,331.9058918870241,34.69574154601202,34.681180984806005,34.68108630395497,-2.1404888057275295,-2.1551437922192536,-2.15514404778458
2021-02-04,382.9599914550781,386.19000244140625,21.770000457763672,17.479999542236328,79.28670253977164,301.18919776523256,50.449564788845585,50.02923788462532,50.02469297688827,22.90382208237505,22.80438690239543,22.80437015527614,-3.0457114038569433,-3.0502563115939743,-3.050256333081556
2021-02-05,388.2000122070313,387.7099914550781,20.8700008392334,15.520000457763672,80.1314593286227,84.47567888510576,238.29176001429678,238.14949265377004,238.14946270618785,11.869929079231515,11.851759613826252,11.851758775535606,-3.6153754354003174,-3.6154053829824937,-3.615405383249051
2021-02-08,389.2699890136719,390.510009765625,21.239999771118164,16.56999969482422,82.68195322309927,255.0493894476574,87.73378311030669,85.74229495746826,85.7422264937693,29.8999184238478,29.876200166640828,29.876200116313697,0.0831817904062162,0.08311332670725236,0.08311329549643309
2021-02-09,389.6099853515625,390.25,21.6299991607666,17.09000015258789,82.55915432795429,-12.279889514498166,95.18548362022693,92.75985461917323,92.75969812234325,40.58577456430968,40.54936347531752,40.54936326304381,0.9517280118662983,0.9515715150363215,0.9515713419466891
2021-02-10,392.1199951171875,390.0799865722656,21.989999771118164,17.68000030517578,82.51117856606065,-4.797576189363895,306.479796206489,305.9426217436072,305.93651648260794,27.059066038932606,27.0529830636195,27.052960747828607,-2.807335200874034,-2.8134404618732183,-2.8134404919784313
2021-02-11,391.239990234375,390.7099914550781,21.25,17.09000015258789,82.68900621891258,17.782765285193136,109.80227976285359,109.31355850819129,109.31289074798539,26.674670361530822,26.590487207906257,26.590478072532306,-2.9205541961357073,-2.9212219563416078,-2.9212219609818115
2021-02-12,389.8500061035156,392.6400146484375,19.969999313354492,15.050000190734863,83.95170058393643,126.26943650238474,57.04566404165325,56.27436466256869,56.27435976162964,-2.353195042259032,-2.3573914357178953,-2.3573914371294196,-2.3573865347788416,-2.3573914357178953,-2.357391437129527
2021-02-16,393.9599914550781,392.2999877929687,21.459999084472656,19.31999969482422,83.94625165645112,-0.5448927485304011,154.72621363253634,152.52268300141225,152.51913109106258,56.95634857372403,56.69076549924248,56.69074872101308,0.5177376568948171,0.5141857465451709,0.5141788587063205
2021-02-17,390.4200134277344,392.3900146484375,21.5,18.40999984741211,83.98601504101845,3.9763384567322646,126.23677189574207,121.6500995418208,121.64864548121227,51.05129245879178,50.92056913308713,50.92056262658347,5.277707558345284,5.276253497736761,5.27625327485309
2021-02-18,389.5899963378906,390.7200012207031,22.489999771118164,19.459999084472656,82.80881785419685,-117.71971868216013,149.0880532216593,142.7398420658744,142.73687470734345,67.82831463199982,67.60679400710178,67.60677783955005,8.805361115803883,8.80239375727294,8.802381514441032
2021-02-19,392.0700073242187,390.0299987792969,22.049999237060547,18.329999923706055,81.91525466389675,-89.35631903000996,329.0494798932257,328.26118168191874,328.25503603402217,33.38449766581766,33.37281975233989,33.372759417271304,-2.3049662714017467,-2.3111119192983582,-2.3111120399606326
2021-02-22,387.05999755859375,387.0299987792969,23.450000762939453,21.219999313354492,79.68906600097802,-222.61886629187302,421.28576971738346,418.6746565195555,418.5779960875305,64.84315013766772,64.74802570825022,64.74647786962254,1.6122433453001435,1.515582913275046,1.5155710739003805
2021-02-23,384.6600036621094,387.5,23.11000061035156,21.299999237060547,79.85709432576749,16.802832478947494,189.80106923703715,179.41502084333464,179.40211149550842,91.73553928312639,91.18620888088297,91.18606517599441,16.911258397477546,16.89834904965135,16.898204529963145
2021-02-24,386.3299865722656,391.7699890136719,21.34000015258789,18.350000381469727,82.93631113710137,307.9216811333879,-220.46067496865368,-221.30275833926734,-221.3051921491148,35.634927216862735,35.448701328219165,35.44865500446949,-2.2085316662010452,-2.210965476048476,-2.210965530374823
2021-02-25,390.4100036621094,382.3299865722656,28.88999938964844,31.809999465942383,79.25460814443082,-368.17029926705516,33.93389545449012,-38.51547973679657,-41.2138109717436,-212.3191589433324,-228.91584584586948,-229.22623628777717,149.3991652091631,146.70083397421615,146.60124029141787
2021-02-26,384.3500061035156,380.3599853515625,27.950000762939453,29.420000076293945,76.79181351153714,-246.27946328936758,457.7109363401954,406.36751540777476,405.3515887532791,243.40422586178528,234.7983660973206,234.23962340628958,101.97964353013063,100.963716875635,100.91553073990595
2021-03-01,385.5899963378906,389.5799865722656,23.350000381469727,22.700000762939453,81.42388064411108,463.2067132573937,234.8793074669064,218.93480730201574,218.88279117292254,104.74911677087513,103.50628941668826,103.50510390388284,28.145322909387502,28.09330678029429,28.093215494253243
2021-03-02,389.8200073242187,386.5400085449219,24.100000381469727,23.170000076293945,78.9992281236845,-242.46525204265765,251.99034720527425,233.97115779768671,233.90769270184802,33.75989966803973,32.26990581519138,32.26839431981778,32.33337091103007,32.26990581519138,32.26837371553774
2021-03-03,385.7900085449219,381.4200134277344,26.670000076293945,26.8799991607666,76.14100784025203,-285.8220283432473,373.44482495207046,336.61650168585913,336.11857011895444,181.3132497766167,176.05936613752553,175.9457236815008,71.26293268357135,70.76500111666664,70.76087260051108
2021-03-04,381.2200012207031,376.7000122070313,28.56999969482422,29.299999237060547,73.75573108162016,-238.52767586318748,427.5406612454013,406.0666141430653,404.8410675089414,221.80985581581254,212.3957219904087,212.12424942188537,42.77136050635643,41.54581387223246,41.530599919299654
2021-03-05,380.4599914550781,383.6300048828125,24.65999984741211,23.829999923706055,76.51793056303806,276.2199481417909,257.58435353756056,238.65493949831517,238.5748730794338,121.60043519597471,119.94212346843513,119.92521952451924,34.20598002281166,34.12591360393029,34.12359641334364
2021-03-08,384.6600036621094,381.7200012207031,25.469999313354492,25.700000762939453,75.10559310186261,-141.23374611754542,323.5325291884136,295.10516201780285,294.89018357120295,169.25632907199352,165.95466718021976,165.9459405850723,53.62651536235324,53.41153691575337,53.40259198363857
2021-03-09,385.8500061035156,387.1700134277344,24.030000686645508,24.11000061035156,78.99108591634729,388.5492814484678,282.7997586708717,260.2361734164446,260.0994099933157,124.5632196570294,122.28065847532334,122.25932052106664,41.63857257272731,41.50180914959841,41.501439850576965
2021-03-10,389.69000244140625,389.5799865722656,22.559999465942383,20.979999542236328,80.48927430802661,149.81883916793208,188.39200640402677,178.1523889090206,178.13988502690745,91.81260650028989,91.27621022641932,91.27607303508346,16.617064149169643,16.604560267056492,16.604454431751506
2021-03-11,392.2300109863281,393.5299987792969,21.90999984741211,20.010000228881836,83.9047667350638,341.54924270371936,386.44468273401094,384.67469229428787,384.62463092961593,52.08666983549232,52.03719112675546,52.03660532454974,-0.2098255622851748,-0.25988692695709403,-0.2598900816966312
2021-03-12,392.0700073242187,394.05999755859375,20.690000534057617,17.40999984741211,84.03610771014182,13.134097507801812,297.8836842628467,297.42485291654486,297.42247480709557,24.7650804678211,24.760554942014124,24.760541112037764,-2.975202934185643,-2.9775810436348666,-2.977581058582815
2021-03-15,394.3299865722656,396.4100036621094,20.030000686645508,17.739999771118164,86.02357806010595,198.7470349964127,116.18739204347852,112.47457697337929,112.47405985012225,44.651409348917355,44.572417014055425,44.572415931706544,3.527183582773924,3.5266664595168793,3.526665768582414
2021-03-16,397.0700073242187,395.9100036621094,19.790000915527344,17.93000030517578,85.45146062676346,-57.21174333424841,323.18461073527806,322.46795898801275,322.4627801604312,31.68186703839168,31.671982258576683,31.67193579520658,-2.4511597742035205,-2.4563386017850792,-2.4563386846254565
2021-03-17,394.5299987792969,397.260009765625,19.229999542236328,16.690000534057617,86.64150964500007,119.0049018236607,91.90400993586084,89.6671734667659,89.66705766663839,37.260649835308875,37.2298095502058,37.22980942061189,0.5740206401386505,0.5739048400111297,0.5739047394890617
2021-03-18,394.4800109863281,391.4800109863281,21.579999923706055,20.329999923706055,81.47417208062987,-516.73375643702,179.0936107603446,169.87915150306137,169.87045675016225,80.90142686663967,80.46524872054754,80.46517288590694,14.555158940349264,14.546464187450114,14.546412132468008
2021-03-19,389.8800048828125,389.4800109863281,20.950000762939453,18.280000686645508,79.35562674189558,-211.85453387342932,120.1675359041436,116.10211065040393,116.10124532233283,4.332193135860807,4.232589861706495,4.2325869663676805,4.233455189777587,4.232589861706495,4.232586962347172
2021-03-22,390.0299987792969,392.5899963378906,18.8799991607666,16.399999618530273,81.8112138437947,245.5587101899127,81.06483727308716,79.33458548030933,79.33451681324455,-0.41897171859469573,-0.4393588636569761,-0.43935893585168406,-0.4392901965921956,-0.4393588636569761,-0.4393589358762382
2021-03-23,391.9100036621094,389.5,20.299999237060547,18.3700008392334,79.01193072850484,-279.92831152898674,232.43044115338012,231.60957200476608,231.60408065631879,34.2923722678745,34.28018375809628,34.28012263966596,-2.241787314901051,-2.2472786633483217,-2.247278777435829
2021-03-24,391.0,387.5199890136719,21.200000762939453,19.06999969482422,77.28163643305699,-173.02942954478482,146.87538062694313,145.33120089882374,145.32647390642114,49.791870465110236,49.518593788357805,49.51837397065534,-0.797458183774701,-0.8021851761772973,-0.8021856369581295
2021-03-25,385.9800109863281,389.7000122070313,19.809999465942383,17.15999984741211,79.0093673574854,172.7730924428414,100.91224239148518,100.39700579921643,100.39659113480964,27.908175378031288,27.847132547832523,27.847123699150366,-2.8682828108661207,-2.868697475272902,-2.8686974790647533
2021-03-26,390.9299926757813,395.9800109863281,18.86000061035156,16.31999969482422,84.95858788723271,594.9220529747308,-107.94319553286086,-108.30454847628111,-108.30471099838725,23.191933048437377,23.157508488624373,23.15750825883358,-3.1768065447011242,-3.176969066807252,-3.1769690675205586
2021-03-29,394.3999938964844,395.7799987792969,20.739999771118164,18.850000381469727,84.86351771475807,-9.507017247463523,141.54909754320522,135.880561357621,135.87858992966173,59.041146739070655,58.86469188248313,58.86468367241559,7.443003043164554,7.441031615205295,7.441026152511743
2021-03-30,394.4200134277344,394.7300109863281,19.61000061035156,17.280000686645508,83.64171537502585,-122.18023397322213,105.14696566365963,102.14972897855779,102.1494538200654,41.32131039289609,41.268167073621555,41.26816663143925,2.0952997753297513,2.0950246168373514,2.0950243069544427
2021-03-31,395.3399963378906,396.3299865722656,19.399999618530273,15.619999885559082,85.14487646672406,150.31610916982032,72.1117955403498,70.76089817655962,70.76086248513231,-1.1848746143168087,-1.1981338615515624,-1.198133888746964,-1.1980981969193865,-1.1981338883467165,-1.1981338887528135
2021-04-01,398.3999938964844,400.6099853515625,17.329999923706055,12.970000267028809,89.20718944886416,406.23129821400994,56.3689356252317,56.34821420566775,56.34821403759695,2.6629286275991415,2.662908373981659,2.6629083710681876,-3.858556656659489,-3.858556824730289,-3.858556824730351
2021-04-05,403.4599914550781,406.3599853515625,17.90999984741211,15.649999618530272,94.802174487449,559.4985038584838,-2.629719411460915,-2.920854109579926,-2.9209300963995624,18.331039887550666,18.328743242024224,18.32874320502917,-3.317502632802328,-3.3175786196219774,-3.3175786231222246
2021-04-06,405.760009765625,406.1199951171875,18.1200008392334,15.710000038146973,94.53232379516503,-26.985069228396696,85.01040976868995,84.60523335479994,84.60510434449762,25.017382417844722,24.98782344500151,24.98782327638019,-3.089260141116384,-3.0893891514187093,-3.0893891514842347
2021-04-07,405.94000244140625,406.5899963378906,17.15999984741211,14.130000114440918,94.944349291567,41.20254964019665,59.99164739204741,59.88579741452715,59.88578795135369,11.727542824909237,11.721257437648573,11.721257434582691,-3.6882716554313926,-3.6882811186048574,-3.6882811186074216
2021-04-08,407.9299926757813,408.5199890136719,16.950000762939453,13.9399995803833,96.83247145181062,188.81221602436256,205.78035675026092,205.72486431785381,205.72485533733143,6.292468777185267,6.292339491054472,6.292339425685759,-3.788988193597314,-3.788997174119661,-3.788997174126787
2021-04-09,408.3900146484375,411.489990234375,16.690000534057617,13.1899995803833,99.76143595128575,292.89644994751285,-103.60955468557842,-103.64716666143993,-103.64716741746967,4.680514347105007,4.6804544393533405,4.680454439328022,-3.824773780185419,-3.824774536215168,-3.8247745362159526
2021-04-12,410.8500061035156,411.6400146484375,16.90999984741211,14.239999771118164,99.8085973388917,4.716138760595356,63.16501716022774,63.01904053366216,63.01902585203084,14.276106357772216,14.268054316202237,14.26805431003754,-3.6080027019731076,-3.6080173836044223,-3.608017383605019
2021-04-13,411.5299987792969,412.8599853515625,16.649999618530273,13.779999732971191,100.99145552400458,118.28581851128774,70.62851433192627,70.57259327537393,70.57257746589309,7.196001026882172,7.195912553878159,7.195912548709385,-3.788110458450852,-3.7881262679316836,-3.78812626793234
2021-04-14,412.8299865722656,411.4500122070313,16.989999771118164,14.100000381469728,56.29808785977045,-4471.936766423413,214.8917658798314,214.8194515195532,214.8194513846531,7.670448108577725,7.670243634356785,7.670243630784206,-3.7553708746804695,-3.755371009580622,-3.7553710096015402
2021-04-15,413.739990234375,415.8699951171875,16.56999969482422,14.220000267028809,56.22186346062642,-7.622439914402435,69.23240395593547,69.07178332768537,69.0717757492452,13.180690015422305,13.179949814713277,13.179949813544825,-3.5787360081792308,-3.578743586619387,-3.5787435866194155
2021-04-16,417.25,417.260009765625,16.25,12.970000267028809,55.628367815996114,-59.3495644630309,180.87137488206608,180.85098968297416,180.85098968016547,2.807939346275406,2.807920800578308,2.8079207981805663,-3.8592295933898235,-3.8592295961985306,-3.8592295961986154
2021-04-19,416.260009765625,415.2099914550781,17.290000915527344,15.420000076293944,57.89552088823146,226.71530722353452,97.03801619785263,96.725408111407,96.72514207829047,20.78270780576566,20.780779079292195,20.780778649216835,-3.2739857271403303,-3.2742517602568584,-3.2742517604631507
2021-04-20,413.9100036621094,412.1700134277344,18.68000030517578,17.329999923706055,61.22293370490027,332.74128166688115,129.85015886279092,128.53296506000422,128.53189024403963,42.98266175417083,42.952564573986265,42.952561903157225,-1.2623879400483236,-1.2634627560129115,-1.26346275817377
2021-04-21,411.510009765625,416.0700073242187,17.5,14.789999961853027,58.63534699930463,-258.75867055956405,-125.9454553019676,-126.08952602417142,-126.08962636482616,13.135589951332465,13.135090362682147,13.13509027354766,-3.6115575335087793,-3.611657874163494,-3.6116578742033028
2021-04-22,415.8900146484375,412.2699890136719,18.709999084472656,16.770000457763672,61.17039642474222,253.50494254375917,117.64963523087009,116.74920775922207,116.74807625418075,37.47305840179257,37.46092528843328,37.46092110040378,-2.0957505245336066,-2.096882029574931,-2.0968820352570603
2021-04-23,412.8699951171875,416.739990234375,17.329999923706055,14.06999969482422,58.16670678446954,-300.36896402726825,-133.48308075126414,-133.5549567227866,-133.55495685558577,7.621249864300795,7.6210469500102445,7.6210469469868585,-3.756247658496973,-3.7562477912960976,-3.7562477913162997
2021-04-26,417.44000244140625,417.6099853515625,17.639999389648438,14.8100004196167,59.13152838201003,96.48215975404923,241.57220723910453,241.4306808126662,241.4306801022975,12.22665038952803,12.226033672679568,12.226033048577447,-3.6169450153053835,-3.616945725674085,-3.6169457259113713
2021-04-27,417.9299926757813,417.5199890136719,17.559999465942383,14.550000190734863,58.77899903197613,-35.25293500339046,237.27492634650238,237.1395895090255,237.13958876783448,11.583870607337852,11.583255033859347,11.583255014457439,-3.6293241007621555,-3.6293248419531823,-3.62932484219019
2021-04-28,417.80999755859375,417.3999938964844,17.280000686645508,13.619999885559082,57.81835339942765,-96.06456325484771,204.33069076492123,204.278597045944,204.2785969915756,6.0460826976514,6.045968325639464,6.045968324282006,-3.795812398923477,-3.795812453291875,-3.7958124532975073
2021-04-29,420.3200073242187,420.05999755859375,17.610000610351562,13.960000038146973,59.61048653618158,179.21331367539324,57.87231355026866,57.629148641547864,57.62914080137488,-2.2176520002409825,-2.222954442904145,-2.2229544456904584,-3.4136466620387487,-3.4136545022117315,-3.413654502211968
2021-04-30,417.6300048828125,417.2999877929687,18.61000061035156,15.529999732971191,61.60845307274218,199.79665365605968,267.31306925443056,267.04753174188534,267.04752747657153,17.652378214001594,17.65045687566502,17.650456502516732,-3.368912169757439,-3.3689164350712906,-3.3689164381415084
2021-05-03,419.4299926757813,418.2000122070313,18.309999465942383,16.170000076293945,60.731329070141754,-87.7124002600425,101.42811952030169,100.3169135416317,100.31666946900735,1.9111503855356817,1.861745697512001,1.8617453341425731,-1.6768558242052332,-1.6770998968296067,-1.6770998970234712
2021-05-04,416.0700073242187,415.6199951171875,19.479999542236328,17.75,63.37145235691651,264.01232867747524,144.23767201749752,142.85721443184275,142.85310594929453,46.49282971161194,46.4658717662336,46.465844113024865,-1.1267591516345261,-1.130867634182755,-1.1308677106531153
2021-05-05,417.3800048828125,415.75,19.149999618530273,17.56999969482422,62.32465288232754,-104.67994745889655,339.7489977036929,338.78314128399535,338.78302464988144,36.77081624120371,36.75370532716894,36.75361319159669,-1.9679362719829845,-1.9680529060968874,-1.9680532348567092
2021-05-06,415.8299865722656,419.0700073242187,18.38999938964844,16.040000915527344,60.98886667603787,-133.57862062896686,100.64802494537622,100.03815522022661,100.03775221248809,30.758167507477857,30.6984164515137,30.698415544066812,-2.679051524455695,-2.679454532194223,-2.6794545328707198
2021-05-07,419.8900146484375,422.1199951171875,16.690000534057617,14.09000015258789,56.9994794385932,-398.93872374446744,58.67685935119244,58.223689605019274,58.22368321316449,-2.219975882807109,-2.2249187588628545,-2.2249187608948198,-2.993641332088821,-2.9936477239436017,-2.9936477239437713
2021-05-10,422.5,417.94000244140625,19.65999984741211,19.68000030517578,64.04269361849316,704.3214179899962,16.432452575551764,13.439069832532505,13.43682286509861,67.90545295268905,67.78632350479239,67.78630188455024,2.093571577862323,2.0913246104284147,2.091302880879887
2021-05-11,413.1000061035156,414.2099914550781,21.84000015258789,22.030000686645508,69.42914502902971,538.6451410536552,508.02971006759213,501.68229770318936,501.6661346962161,102.01531589157298,101.58623954993965,101.58394341647187,8.844409700841902,8.82824669386855,8.827881411997732
2021-05-12,411.2300109863281,405.4100036621094,27.59000015258789,29.549999237060547,84.8132090471153,1538.4064018085583,517.2097499343861,485.3000021757751,482.66061925522087,276.85745087526703,271.01137775772247,270.68932510112637,67.9268382108525,65.28745529029823,65.25787587345528
2021-05-13,407.0700073242187,410.2799987792969,23.1299991607666,23.209999084472656,72.17366461595458,-1263.9544431160716,482.1823493452786,474.73773651371306,474.4397786650991,115.32717878059528,114.78616809742064,114.76368050896784,11.884620704869823,11.586662856255794,11.586155751144526
2021-05-14,413.2099914550781,416.5799865722656,18.809999465942383,17.40999984741211,60.74346008392996,-1143.0204532024618,20.292399961194867,19.32344053222114,19.321488955154344,36.120558891590115,36.10189328593123,36.10188795808831,-1.9562251139052824,-1.9581766909721303,-1.9581771232874585
2021-05-17,415.3900146484375,415.5199890136719,19.719999313354492,18.829999923706055,62.85770484351147,211.424475958151,160.82840744074605,157.81828768783973,157.81100667224766,12.55706343984487,12.195501044301478,12.19543340310551,2.1420834403102065,2.1348024247181447,2.13480212881326
2021-05-18,415.7999877929687,411.94000244140625,21.34000015258789,20.989999771118164,66.66010882701417,380.24039835026997,225.91679975795975,220.36559430755696,220.3111476224115,29.856515267284102,28.577135876608722,28.57587435305186,7.365799028428489,7.311352343283074,7.311336319975453
2021-05-19,406.9200134277344,410.8599853515625,22.18000030517578,21.209999084472656,68.82010152722816,215.99927002139907,289.84609440044744,285.86799781601997,285.77810565559554,81.0807667581883,80.89481032619268,80.8905811276134,4.326009269069701,4.236117108645297,4.236070569985051
2021-05-20,411.7999877929687,415.2799987792969,20.670000076293945,18.559999465942383,65.31879417187633,-350.1307355351827,317.45393592041614,315.9729839048049,315.95929403516527,47.33217879313741,47.2984571663392,47.298312495032306,-0.8970234638220589,-0.9107133334616884,-0.9107142988059715
2021-05-21,416.8699951171875,414.94000244140625,20.149999618530273,17.1200008392334,63.59080116582746,-172.79930060488766,315.5899762946285,314.82698624925604,314.8269386272325,32.860561542208025,32.84999401352681,32.84996828478119,-2.3738768148981797,-2.3739244369217065,-2.373924513017093
2021-05-24,417.3399963378906,419.1700134277344,18.399999618530273,14.670000076293944,59.4485474494368,-414.22537163906554,236.84416112338104,236.72079643215676,236.7207959779281,11.296146625546871,11.295674193773825,11.295673810077902,-3.6532692544942797,-3.653269708722903,-3.6532697088466426
2021-05-25,420.3299865722656,418.239990234375,18.84000015258789,15.789999961853027,60.33569559196033,88.71481425235288,93.10488646221376,92.28916579868879,92.28894583162449,1.080542581083578,1.0395522273532594,1.0395518320464001,-2.2678987710381873,-2.2681187381024936,-2.2681187383421424
2021-05-26,418.8699951171875,419.0700073242187,17.360000610351562,13.84000015258789,56.24630692925777,-408.9388662702561,63.09202703097879,62.941116095208905,62.94111196804068,12.919724735806616,12.919094742187161,12.919094741693703,-3.598165746955571,-3.598169874123778,-3.598169874123788
2021-05-27,420.1700134277344,419.2900085449219,16.739999771118164,13.029999732971191,54.46573912175623,-178.05678075015408,42.058975132255725,41.929846019634255,41.929845329039644,-3.1080397923492975,-3.1092597600318603,-3.109259760107438,-3.6417397029732226,-3.6417403935678307,-3.6417403935678325
2021-05-28,420.9700012207031,420.0400085449219,16.760000228881836,12.729999542236328,54.699518964625355,23.37798428691258,46.285625673660384,46.243387670600015,46.243386500928956,6.5637851405858925,6.563743280599018,6.563743280475634,-3.81552048486609,-3.815521654537151,-3.8155216545371533
2021-06-01,422.5700073242187,419.6700134277344,17.899999618530273,15.0,57.46149114837314,276.1972183747787,188.7395714414694,188.54107213894264,188.5410702443594,14.911033509042708,14.909888662286297,14.909888661325907,-3.502995708315096,-3.502997602898338,-3.5029976038588786
2021-06-02,420.3699951171875,420.3299865722656,17.479999542236328,13.699999809265137,56.40689557340011,-105.45955749730354,53.86326237706033,53.67415659677675,53.674151863261926,-2.471132288833968,-2.47503093523269,-2.475030936529107,-3.5217742388881215,-3.5217789724029473,-3.521778972403027
2021-06-03,417.8500061035156,418.7699890136719,18.040000915527344,15.18000030517578,57.385020340997016,97.81247675969098,257.5504270816582,257.3313208893671,257.33131818065215,15.611601468110221,15.610185251831394,15.610185134942318,-3.461779484589542,-3.461782193304479,-3.46178219486565
2021-06-04,420.75,422.6000061035156,16.420000076293945,12.699999809265137,54.10139893685718,-328.36214041398364,42.44731988915376,42.395905672364236,42.39590493233238,-3.0744054516077215,-3.0744598722404124,-3.074459872308718,-3.797169346325379,-3.797170086357236,-3.797170086357237
2021-06-07,422.5899963378906,422.19000244140625,16.420000076293945,13.90999984741211,53.69276187905473,-40.86370578024514,217.27043386069363,217.1957879353983,217.19578779989283,7.977643908333359,7.9774365323333765,7.977436532311415,-3.7507077428271156,-3.75070787833255,-3.7507078783545142
2021-06-08,423.1099853515625,422.2799987792969,17.06999969482422,15.43000030517578,55.43373173907062,174.09698600158947,277.52798670055256,277.18470056269837,277.18469155625553,20.17792886208887,20.174814363804835,20.174814132047267,-3.2134007048465305,-3.2134097112894,-3.2134097113282767
2021-06-09,423.1799926757813,421.6499938964844,17.889999389648438,17.09000015258789,57.39328126155766,195.95495224870376,338.9606782512951,337.9526876254846,337.95253160074515,36.915015065827234,36.89517925140335,36.8951726595275,-1.883550658530214,-1.883706683269636,-1.8837066884794913
2021-06-10,422.9599914550781,423.6099853515625,16.100000381469727,13.829999923706056,53.11940428664815,-427.38769749095127,219.22712764155798,219.14406040131666,219.14406020795974,8.4046434888646,8.40438214804387,8.404382144484018,-3.733864939446299,-3.733865132803221,-3.7338651328033015
2021-06-11,424.2000122070313,424.30999755859375,15.649999618530272,13.0600004196167,52.109896891240254,-100.95073954078941,48.0980257697526,47.978228411121286,47.978227756851204,-2.8926299953652967,-2.8929843532603248,-2.8929843532987523,-3.6604033199271315,-3.660403974197206,-3.6604039741972065
2021-06-14,424.4299926757813,425.260009765625,16.389999389648438,14.920000076293944,54.23132740254401,212.14305113037568,79.09067925759867,78.49001988486413,78.4899795926426,-0.6146299894707394,-0.6210992513126814,-0.6210992757425728,-2.698560377852485,-2.69860067007401,-2.698600670078632
2021-06-15,425.4200134277344,424.4800109863281,17.020000457763672,15.920000076293944,55.52400785264604,129.26804501020257,100.75403910758448,99.83301690773419,99.83263411215374,2.0672175068312724,2.0096186135373157,2.0096177243179776,-2.0568072113851446,-2.057190006965601,-2.05719000768991
2021-06-16,424.6300048828125,422.1099853515625,18.149999618530273,17.940000534057617,57.63403945404079,211.0031601394752,147.66229605222523,144.58258147118215,144.57930183370064,9.41913225441741,9.184352640625725,9.184334177577297,2.2692682136850335,2.265988576203503,2.2659885298187756
2021-06-17,421.6700134277344,421.9700012207031,17.75,16.670000076293945,56.39164895408811,-124.23904999526769,140.50642819640424,139.81899287907416,139.8189610463559,31.261606924380523,31.253070309519323,31.25305710954209,-2.525033798014781,-2.525065630733038,-2.5250656537898086
2021-06-18,417.0899963378906,414.9200134277344,20.700000762939453,20.13999938964844,62.39387422491444,600.222527082633,422.1746034377121,418.9292191607693,418.92676046104606,71.50643752121678,71.3761574672158,71.37459767240836,2.5982129481790572,2.595754248455723,2.5957314837186747
2021-06-21,416.7999877929687,420.8599853515625,17.889999389648438,16.829999923706055,56.01994262525213,-637.3931599662313,146.3610015845409,145.71178208905687,145.71175278619626,30.171429400327646,30.16355581662706,30.163541230704723,-2.601472991210374,-2.6015022940710204,-2.6015023304842435
2021-06-22,420.8500061035156,423.1099853515625,16.65999984741211,14.579999923706056,53.40802590094586,-261.1916724306269,75.4724822565005,75.2199927080261,75.21993928782122,-0.7648871362233352,-0.7660506025100515,-0.7660506456811227,-3.3948606424088767,-3.3949140626137506,-3.3949140626229775
2021-06-23,423.19000244140625,422.6000061035156,16.31999969482422,13.630000114440918,52.215218139711595,-119.28077612342634,217.82327249476637,217.74270744825657,217.74270728354722,8.206987683852658,8.206743482016305,8.206743480799943,-3.738869412852394,-3.738869577561731,-3.7388695775617498
2021-06-24,424.8900146484375,425.1000061035156,15.970000267028809,12.770000457763672,52.20277782339659,-1.244031631500775,39.71618860291752,39.715335182488005,39.715334831030596,-3.218636315419595,-3.219490087279277,-3.219490087306517,-3.89829210476875,-3.898292456226155,-3.8982924562261556
2021-06-25,425.8999938964844,426.6099853515625,15.619999885559082,11.859999656677246,51.85701314501813,-34.576467837845826,34.91883232355812,34.89933916587499,34.899339036480164,-3.3863507369828856,-3.3863598746396524,-3.3863598746440373,-3.8610132964492565,-3.861013425844083,-3.861013425844083
2021-06-28,427.1700134277344,427.4700012207031,15.760000228881836,11.920000076293944,52.34521024617173,48.81971011536024,157.35462549205138,157.347336040334,157.34733604020207,0.374377358524403,0.3743745911304046,0.37437459113040283,-3.8854210961694258,-3.885421096301369,-3.88542109630137
2021-06-29,427.8800048828125,427.7000122070313,16.020000457763672,11.859999656677246,53.02577772562174,68.0567479450005,158.38269217938696,158.37351849698354,158.37351849657054,0.595599908107288,0.5955946991131631,0.5955946991131587,-3.881652633954221,-3.8816526343672284,-3.8816526343672284
2021-06-30,427.2099914550781,428.05999755859375,15.829999923706056,11.109999656677246,52.61889378235695,-40.68839432647877,131.91528489649156,131.91337963329377,131.91337963329076,-1.5293243661400147,-1.5293246114995132,-1.5293246114995132,-3.896189473595349,-3.8961894735983758,-3.8961894735983758
2021-07-01,428.8699951171875,430.4299926757813,15.479999542236328,11.43000030517578,52.77178672030553,15.289293794857883,31.301744220971564,31.285786364003947,31.285786363368977,2.451008953592633,2.4509994517954343,2.4509994517954024,-3.8680842841598673,-3.868084284794835,-3.868084284794835
2021-07-02,431.6700134277344,433.7200012207031,15.06999969482422,10.399999618530272,53.37202244783647,60.023572753094356,32.969944737528394,32.969054944466826,32.969054944466755,-2.062143527137328,-2.062143567320981,-2.062143567320981,-3.898220413876636,-3.898220413876709,-3.898220413876709
2021-07-06,433.7799987792969,432.9299926757813,16.440000534057617,13.760000228881836,55.91686249599465,254.48400481581785,72.03148610281366,71.836089883103,71.83608856507412,14.889651205411704,14.88861701772372,14.888617015471143,-3.5092036064918406,-3.5092049245207115,-3.5092049245207866
2021-07-07,433.6600036621094,434.4599914550781,16.200000762939453,13.06999969482422,56.01927477205835,10.241227606370273,61.959678725373756,61.864683141626806,61.86468296080833,9.477788049050988,9.47749753949769,9.477497539272642,-3.710008290050674,-3.7100084708691377,-3.71000847086914
2021-07-08,428.7799987792969,430.9200134277344,19.0,17.239999771118164,61.221296032627436,520.2021260569084,145.04268393623747,143.4515017363368,143.45103785887773,47.490031868114066,47.44787398745757,47.44786636129295,-0.7162439419413418,-0.7167078194004399,-0.7167078280242554
2021-07-09,432.5299987792969,435.5199890136719,16.18000030517578,13.020000457763672,56.34758040260283,-487.37156300246056,93.45797596092589,93.41845631604998,93.41845629344206,4.990472899025301,4.990406594634363,4.990406594632693,-3.8209606424244233,-3.8209606650323353,-3.8209606650323353
2021-07-12,435.4299926757813,437.0799865722656,16.170000076293945,13.520000457763672,56.89380607466528,54.62256720624481,59.30537473844026,59.29929337130442,59.29928360961986,-2.1005227673695774,-2.101348098639784,-2.1013481023763294,-3.887807980673653,-3.8878177423582074,-3.8878177423585463
2021-07-13,436.239990234375,435.5899963378906,17.1200008392334,14.979999542236328,58.25443411875749,136.06280440922092,102.31809717371144,101.93211209858396,101.93210737472081,23.302265006998688,23.299438218510865,23.29943746778747,-3.1280156768042873,-3.12802040066744,-3.1280204011178783
2021-07-14,437.3999938964844,436.239990234375,16.329999923706055,13.449999809265137,56.639179118359266,-161.52550003982213,217.30206727793396,217.2298236261923,217.229823518919,7.921362300415847,7.921176571753469,7.921176571737979,-3.7555123746967634,-3.7555124819701042,-3.755512481970105
2021-07-15,434.80999755859375,434.75,17.010000228881836,14.550000190734863,57.38486365735682,74.56845389975513,76.13185435729554,76.1158724695131,76.11582979844441,-0.7794953691100392,-0.7888136544559465,-0.788813686716801,-3.8679082112060788,-3.8679508822747866,-3.8679508822824427
2021-07-16,436.010009765625,431.3399963378906,18.450000762939453,16.299999237060547,59.210828669206705,182.59650118498882,127.24415644653115,126.23538211229999,126.23531515437045,6.12418578640529,6.10892087766163,6.108912596216317,-1.8822504152837722,-1.882317373213298,-1.8823173873683987
2021-07-19,426.19000244140625,424.9700012207031,22.5,22.149999618530273,66.90187523755688,769.1046568350174,285.26290332815216,276.88100265526117,276.69180468123193,123.35699192207721,122.72870926831952,122.72117459349171,13.431933746109744,13.242735772080495,13.242556308859259
2021-07-20,425.6799926757813,431.05999755859375,19.729999542236328,17.860000610351562,61.89975392472529,-500.21213128315907,-61.63308293596804,-63.74390237211625,-63.74907320891155,10.307687436004052,10.253569113594766,10.253528536641635,0.3371518029421212,0.33198096614682804,0.33198082606036294
2021-07-21,432.3399963378906,434.5499877929687,17.90999984741211,14.649999618530272,58.876715173627915,-302.3038751097374,254.2484625604741,254.05823664283108,254.05823518693919,14.718573533870453,14.717563225060042,14.717563224422983,-3.519543797037924,-3.5195452529298317,-3.51954525292992
2021-07-22,434.739990234375,435.4599914550781,17.690000534057617,14.06999969482422,58.69935787462042,-17.735729900749675,66.95706995309442,66.94821176296038,66.94819602337499,-1.593612826239308,-1.5984677353132204,-1.5984677424725948,-3.882236400972901,-3.8822521405583026,-3.8822521405592494
2021-07-23,437.5199890136719,439.94000244140625,17.200000762939453,12.869999885559082,59.80829918827973,110.89413136593151,197.37619926902943,197.33688124702758,197.33688122504574,4.976512109167206,4.976446705119175,4.97644670511758,-3.8213638900508013,-3.821363912032649,-3.821363912032649
2021-07-26,439.30999755859375,441.0199890136719,17.579999923706055,14.010000228881836,60.97325135774088,116.49521694611451,72.0587214421479,71.64378211464106,71.64377485416165,-1.2611283598933896,-1.2645289751600317,-1.2645289819300434,-3.0700995635460577,-3.0701068240254576,-3.0701068240261415
2021-07-27,439.9100036621094,439.010009765625,19.36000061035156,17.15999984741211,63.91710300964422,294.3851651903344,139.9109561486639,139.70197344043342,139.69906711685832,8.333473356930321,8.330583468305878,8.330566991990555,-3.4733154885779114,-3.4762218121530064,-3.4762218535649376
2021-07-28,439.6799926757813,438.8299865722656,18.309999465942383,14.81999969482422,61.27091422317285,-264.618878647137,85.44623924812264,85.42048343362598,85.42039364909198,0.14736433604320354,0.1341169988004145,0.1341169073657964,-3.8482190173109974,-3.8483088018449925,-3.8483088018762306
2021-07-29,439.8200073242187,440.6499938964844,17.700000762939453,13.649999618530272,60.75214469166559,-51.876953150726024,61.92250658843019,61.916137270129305,61.91612788532742,-1.969956761326046,-1.973736475677535,-1.9737364791023584,-3.8872332089915895,-3.8872425937934625,-3.8872425937938035
2021-07-30,437.9100036621094,438.510009765625,18.239999771118164,14.359999656677246,60.745153366221246,-0.699132544434633,253.96651983708298,253.76424273994596,253.76424059393403,14.870647357128997,14.869417731133575,14.869417730048943,-3.4954393676896376,-3.495441513701564,-3.4954415137017216
2021-08-02,440.3399963378906,437.5899963378906,19.459999084472656,16.209999084472656,62.819748810510134,207.45954442888888,118.42854238351511,118.31528122422154,118.31413809583066,4.724229680630147,4.696140870489636,4.696136445197656,-3.6700482760064843,-3.6711914043973577,-3.67119141114194
2021-08-03,438.44000244140625,441.1499938964844,18.040000915527344,13.68000030517578,61.296281715422325,-152.34670950878098,81.20532054752366,81.04703171512352,81.04703078183095,12.810567256015444,12.809794601324063,12.80979460104931,-3.583419535321549,-3.5834204686141162,-3.5834204686142757
2021-08-04,439.7799987792969,438.9800109863281,17.969999313354492,13.619999885559082,59.87847534660608,-141.7806368816244,61.4295917547013,61.42351977930162,61.42351123759979,-2.0102323815882874,-2.0136991248343463,-2.013699127764287,-3.887830424094322,-3.887838965796155,-3.887838965796429
2021-08-05,440.2200012207031,441.760009765625,17.280000686645508,13.25,59.77868958500079,-9.978576160528974,55.64576854831723,55.64136813219868,55.64136246089673,-2.3632750263536906,-2.364169701124938,-2.364169702836513,-3.8911821538566933,-3.8911878251586387,-3.89118782515876
2021-08-06,442.1000061035156,442.489990234375,16.149999618530273,10.960000038146973,57.73317176242189,-204.55178225789012,140.11167725135226,140.10873300780253,140.10873300779437,-1.0050243957267746,-1.0050248993943658,-1.0050248993943658,-3.8941115128760777,-3.8941115128842165,-3.8941115128842165
2021-08-09,442.4599914550781,442.1300048828125,16.719999313354492,12.75,58.429269565842304,69.60978034204146,198.08989852672454,198.05010784676892,198.05010782515794,5.05833336575016,5.058267801770025,5.058267801768471,-3.8204185752557853,-3.82041859686677,-3.82041859686677
2021-08-10,442.6099853515625,442.6799926757813,16.790000915527344,13.229999542236328,58.80485787822458,37.5588312382277,215.59923199902124,215.52810474024474,215.52810462362274,7.712281710829,7.712091832826069,7.712091832808779,-3.7577451325809776,-3.7577452492029892,-3.7577452492029897
2021-08-11,443.8200073242187,443.7799987792969,16.170000076293945,11.6899995803833,58.11141013681342,-69.34477414111626,41.13295744506317,41.09853052161071,41.098530514498826,-3.2452653485474805,-3.245306681575853,-3.245306681576029,-3.8311461317594264,-3.831146138871308,-3.831146138871308
2021-08-12,443.6199951171875,445.1099853515625,15.59000015258789,11.539999961853027,57.7242378726812,-38.717226413221795,42.5216113945555,42.4989050854173,42.49890508273261,3.1580297200727907,3.158008569577947,3.1580085695779,-3.8545873736695406,-3.854587376354224,-3.854587376354224
2021-08-13,445.5899963378906,445.9200134277344,15.449999809265137,11.210000038146973,57.89825266975953,17.401479707832834,29.44686641915785,29.44661554294749,29.44661554255334,-3.5486816116402764,-3.5486932458244396,-3.548693245825493,-3.8994982463968295,-3.899498246790983,-3.899498246790983
2021-08-16,444.5299987792969,446.9700012207031,16.1200008392334,13.06999969482422,59.57936195659251,168.1109286832978,55.22820561889761,55.22475434367277,55.22475270244999,-2.451633993106827,-2.4530810162851635,-2.4530810168041786,-3.893092525881912,-3.8930941671046946,-3.8930941671047177
2021-08-17,444.239990234375,444.0400085449219,17.90999984741211,16.290000915527344,61.25520515809576,167.58432015032554,126.69247979245486,126.56368035048305,126.56323524201574,5.806314203954189,5.76247376081886,5.762470432021393,-3.641065779987588,-3.6415108884548735,-3.6415108920105044
2021-08-18,442.9599914550781,439.1799926757813,21.56999969482422,23.1200008392334,66.71062788915005,545.5422731054284,454.077551477579,440.81406438653516,440.71837411184623,155.72471081316147,154.3039731181524,154.2998467088612,22.914395646145607,22.818705371456716,22.81858855228863
2021-08-19,436.2699890136719,439.8599853515625,21.670000076293945,21.239999771118164,67.14442187644084,43.37939872907981,274.08356125740806,266.628005171945,266.61060835141865,114.18780275515478,113.6854069653894,113.67980825006009,11.063656339309267,11.046259518782945,11.046141626723838
2021-08-20,440.2300109863281,443.3599853515625,18.559999465942383,15.100000381469728,61.92963146695841,-521.4790409482432,92.19619029202529,92.15647606509751,92.15626941751316,1.0124143304253392,1.0023450737817177,1.00234471845254,-3.8199516027709146,-3.820158250355248,-3.8201582505620735
2021-08-23,445.1600036621094,447.260009765625,17.149999618530273,14.020000457763672,61.08849160847237,-84.1139858486045,72.68082289897634,72.66670963373667,72.66667181527212,-1.0580026535049756,-1.0580404433207855,-1.0580404719758039,-3.87166001410819,-3.8716978325727447,-3.871697832579019
2021-08-24,447.9700012207031,447.9700012207031,17.219999313354492,13.9399995803833,61.57417684986608,48.56852413937105,251.40375048666922,251.2126268507315,251.21262502922428,14.354845306750759,14.353731834859564,14.35373183402128,-3.5177472636027174,-3.5177490851099114,-3.5177490851100193
2021-08-25,448.1700134277344,448.9100036621094,16.790000915527344,12.989999771118164,61.27548602832981,-29.86908215362689,81.17482779024925,81.08551860996612,81.08551839517531,8.828670327204089,8.828379564740219,8.828379564704717,-3.721380995061301,-3.7213812098521064,-3.7213812098521077
2021-08-26,448.6099853515625,446.260009765625,18.84000015258789,17.110000610351562,63.54264613629792,226.71601079681096,165.91002664857902,163.8948065374648,163.89391609273162,12.869687874659496,12.80611569000144,12.806110216160656,0.1331116004653108,0.13222115573212,0.13222114105302651
2021-08-27,447.1199951171875,450.25,16.389999389648438,12.31999969482422,61.25705727687587,-228.55888594220488,139.4675425050444,139.4401493450329,139.4401493398236,3.8266059498676874,3.8265761931984805,3.8265761931982976,-3.8452136643490986,-3.8452136695583974,-3.8452136695583974
2021-08-30,450.9700012207031,452.2300109863281,16.190000534057617,12.0,62.00074438842044,74.3687111544574,48.19150504825759,48.189304496538604,48.18930448977114,-2.8045269846742267,-2.804582415052262,-2.804582415052339,-3.8955988762596183,-3.8955988830270853,-3.8955988830270853
2021-08-31,452.1300048828125,451.55999755859375,16.479999542236328,12.75,61.94332001808766,-5.742437033278236,209.44529739501056,209.39114075981288,209.39114072353547,6.610637027228595,6.610535062307642,6.610535062304704,-3.791686620772409,-3.7916866570498278,-3.7916866570498278
2021-09-01,452.55999755859375,451.7999877929687,16.110000610351562,11.75,61.39256035628432,-55.075966180334035,173.30917635944695,173.29292139026646,173.29292138835953,2.028966170748535,2.0289524816368303,2.028952481636784,-3.867490055918259,-3.8674900578251825,-3.8674900578251825
2021-09-02,453.3200073242187,453.19000244140625,16.40999984741211,12.729999542236328,62.77306759018535,138.0507233901028,74.54196658378534,74.45281911480315,74.45281891923244,8.856592345434978,8.856309703569135,8.856309703540047,-3.7217044753235218,-3.7217046708942174,-3.7217046708942183
2021-09-03,451.9800109863281,453.0799865722656,16.40999984741211,11.65999984741211,62.60749244733444,-16.5575142850912,68.67506219248949,68.66106226259365,68.6610622619893,1.883338263101626,1.8833299938787231,1.883329993878716,-3.872000138395286,-3.8720001389996295,-3.8720001389996295
2021-09-07,452.7099914550781,451.4599914550781,18.13999938964844,15.329999923706056,64.15141065662336,154.39182092889183,306.52149855738634,305.9465587091534,305.9465257893278,27.35887430186505,27.351560003144407,27.351559948483995,-2.750021543955962,-2.7500544637816486,-2.7500544638153848
2021-09-08,450.8900146484375,450.9100036621094,17.959999084472656,14.75,63.36999177098588,-78.14188856374784,100.27570310962402,100.21640741655827,100.21639533230343,2.0999957921542007,2.0946103773045017,2.094610371380112,-3.781372359373487,-3.7813844436283124,-3.7813844442051487
2021-09-09,450.7000122070313,448.9800109863281,18.799999237060547,16.549999237060547,63.61413598333634,24.41442123504629,140.55444547424682,140.322061555075,140.32175686032764,8.70423056570023,8.663335231655687,8.663334543444352,-3.434317883455163,-3.4346225782025197,-3.434622642855539
2021-09-10,451.0400085449219,445.44000244140625,20.950000762939453,22.579999923706055,65.75031662161697,213.6180638280635,341.01455037612124,327.078688108341,326.9946774863566,68.40301280940677,66.97339576327799,66.97066173982206,24.223908485046053,24.139897863061577,24.13984750304951
2021-09-13,448.6400146484375,446.5799865722656,19.3700008392334,20.200000762939453,62.85110367210794,-289.92129495090353,258.77558969823343,251.8698495808919,251.84948831524682,37.912639708447934,37.41475612418791,37.41428395046915,9.972582592100373,9.952221326455312,9.952215139868057
2021-09-14,448.1199951171875,444.1700134277344,19.459999084472656,19.43000030517578,61.543372721231194,-130.77309508767456,82.09545417440923,77.44802718495475,77.4404974925043,85.77030723364234,85.51361095751086,85.51349167185167,5.417446138388197,5.409916445937723,5.409915418585767
2021-09-15,444.6199951171875,447.8800048828125,18.18000030517578,16.200000762939453,61.14607822985009,-39.72944913811034,121.20525291681602,121.09217290812359,121.09158574464692,5.015081214652955,4.959567951318661,4.959564786303108,-3.672078480166403,-3.672665643643073,-3.672665647649311
2021-09-16,447.3200073242187,447.1700134277344,18.690000534057617,16.639999389648438,61.56257251763952,41.64942877894333,349.63318719654023,348.5192268856968,348.51906384376633,39.818497749725864,39.79676018918872,39.79675968436979,-1.6715902504486189,-1.6717532923790994,-1.671753293070152
2021-09-17,444.9200134277344,441.3999938964844,20.809999465942383,19.65999984741211,62.48168279634156,91.91102787020355,215.62072216370294,214.56362382893005,214.52351410902875,26.49464126451425,26.45527949461981,26.454523871705632,-1.6654510186320821,-1.7055607385333302,-1.7055684557615374
2021-09-20,434.8800048828125,434.0400085449219,25.709999084472656,27.700000762939453,69.58476471063236,710.3081914290797,474.6521863784828,462.9101518321793,460.9155417366926,137.52614692089276,129.42960742826784,129.22312927397806,25.61391931579781,23.61930922031106,23.604004042468524
2021-09-21,436.5299987792969,433.6300048828125,24.36000061035156,25.1299991607666,66.20234812183338,-338.2416588798975,417.54236115548605,397.7546343773388,397.5469077980606,199.11172105110492,196.52377561101721,196.5130197488954,36.31566186322433,36.10793528394617,36.10226552072406
2021-09-22,436.0499877929687,437.8599853515625,20.8700008392334,19.459999084472656,60.235093525712,-596.7254596121379,213.55030361737752,209.29056623549573,209.28679138591914,25.5762953226954,25.384313945175947,25.38350120045469,4.630824555241695,4.627049705665119,4.627041291540941
2021-09-23,439.8500061035156,443.1799926757813,18.6299991607666,17.079999923706055,58.348813228679006,-188.62802970329966,137.86249897378917,137.66682046914946,137.6642347570877,8.042162692580463,7.927115837905239,7.9271021401872765,-3.5008857589242908,-3.5034714709860446,-3.503471502856362
2021-09-24,441.44000244140625,443.9100036621094,17.75,15.239999771118164,56.99950728081488,-134.93059478641243,117.40015892235543,116.92475954554926,116.92474969918943,25.80290813244737,25.798624700325092,25.79862469455864,-2.9491717002291686,-2.9491815465889957,-2.949181548948673
2021-09-27,442.80999755859375,442.6400146484375,18.760000228881836,16.959999084472656,57.849775992559245,85.02687117443628,357.30986751413144,356.02442879660856,356.024150916874,42.52976162257533,42.50049809356773,42.50049695525136,-1.32828891966109,-1.3285667993956456,-1.3285668014254628
2021-09-28,439.69000244140625,433.7200012207031,23.25,24.559999465942383,62.751531759944726,490.1755767385481,113.59709926695332,107.67518024545005,107.03004121113749,85.28664867423888,81.68481265054078,81.64414187438463,9.884293711326078,9.239154677013525,9.237476103148293
2021-09-29,435.19000244140625,434.4500122070313,22.559999465942383,21.790000915527344,61.40736396672284,-134.41677932218852,268.07432147190207,265.82825085898133,265.6896401308285,44.00732903901287,43.052010664207074,43.04732254503742,1.0082594182733287,0.8696486901204246,0.8695533633181318
2021-09-30,436.0199890136719,429.1400146484375,23.13999938964844,23.030000686645508,60.43438962704303,-97.29743396798085,157.01598894300852,144.1319346337195,144.0641678459947,63.76838938773677,62.53385013692546,62.514134301792886,22.073428455055158,22.00566166733035,22.00498871376187
2021-10-01,430.9800109863281,434.239990234375,21.100000381469727,19.770000457763672,57.90528014343204,-252.91094836109949,214.5612330045066,210.08070374110034,210.07646921159912,25.812270592522992,25.60421856688025,25.603372219562843,5.07378911607155,5.069554586570332,5.069545586463834
2021-10-04,433.0,428.6400146484375,22.959999084472656,23.040000915527344,59.278432229749654,137.31520863176172,320.0495855783441,308.6752059729665,308.6087356131589,142.37423825983964,141.26418967926338,141.26167193526396,19.04905610458262,18.982585744775044,18.982291425021018
2021-10-05,430.239990234375,433.1000061035156,21.299999237060547,20.31999969482422,57.30738084558115,-197.10513841685042,216.22119855249272,215.13025532891407,215.0866588560489,27.908536277032148,26.774877822727376,26.773986607773153,-1.587294026444666,-1.6308904993098081,-1.6309005350238386
2021-10-06,429.2699890136719,434.8999938964844,21.0,19.540000915527344,57.338386330648746,3.1005485067595373,200.36830920100655,195.3056474768009,195.28601264291254,21.086648283009175,20.79505264212004,20.794817861841537,6.284231966705976,6.264597132817645,6.2645957939484
2021-10-07,438.3900146484375,438.6600036621094,19.540000915527344,18.1299991607666,56.06154736552175,-127.68389651269985,188.90110393571356,186.4300339640785,186.42847728297463,60.34232364596922,60.252012986775235,60.252000337150854,1.0468106232767544,1.0452539421728568,1.0452537299413116
2021-10-08,439.4800109863281,437.8599853515625,18.770000457763672,16.739999771118164,54.017386987596865,-204.41603779248823,130.81995014972696,130.66890579340833,130.66732729721002,6.609119617734571,6.542646687338378,6.542640777451153,-3.5931757717407056,-3.5947542679390274,-3.594754276948054
2021-10-11,437.1600036621094,434.69000244140625,20.0,19.75,54.53912566095413,52.17386733572624,397.34329971098174,393.32858138596106,393.3242273102953,80.20568030537694,80.0159404551098,80.01589023045565,4.142499834805811,4.1381457591400395,4.138145441033524
2021-10-12,435.6700134277344,433.6199951171875,19.850000381469727,19.40999984741211,53.61223876883747,-92.68868921166558,205.34649320745362,200.66632960153103,200.63501826776564,23.0724112007292,22.85183604144249,22.851274712383898,5.55427699376968,5.522965660004305,5.522960399860084
2021-10-13,434.7099914550781,435.1799926757813,18.63999938964844,17.450000762939453,51.811745819268026,-180.04929495694455,142.51629217702595,142.2968328259694,142.29378876529273,8.883090703850414,8.765589094638013,8.765572260529,-3.4519489919609256,-3.4549930526375836,-3.4549930939362143
2021-10-14,439.0799865722656,442.5,16.860000610351562,14.800000190734863,52.47959079694178,66.78449776737523,91.19011626115972,90.59489959088496,90.59487399945819,0.6013550647402273,0.5942880789838512,0.5942880103966859,-2.709489885128942,-2.7095154765557097,-2.70951547656946
2021-10-15,444.75,445.8699951171875,16.299999237060547,13.239999771118164,53.610815466220544,113.12246692787653,57.33105548541948,57.326660732618514,57.32665580202815,-2.298348514117885,-2.2983534434373403,-2.298353444708331,-3.891195702626717,-3.891200633217078,-3.891200633217163
2021-10-18,443.9700012207031,447.19000244140625,16.309999465942383,13.90999984741211,54.21949350660857,60.86780403880283,77.67568181047109,77.34650738868841,77.34650236912735,-0.8105353529392447,-0.8130339615266706,-0.813033964163731,-3.2416360977495478,-3.241641117310607,-3.2416411173112514
2021-10-19,448.9200134277344,450.6400146484375,15.699999809265137,13.34000015258789,55.665519997384045,144.60264907754734,70.21656972917138,69.98967212459345,69.98967036092002,-1.4712384571048434,-1.4725274906335541,-1.4725274912087274,-3.4461994998236847,-3.4462012634971244,-3.4462012634971697
2021-10-20,451.1300048828125,452.4100036621094,15.489999771118164,12.6899995803833,56.60248951882053,93.69695214364882,63.274432470052524,63.1864582544729,63.18645820265957,-1.8495676243795431,-1.8497489775354459,-1.8497489775373102,-3.7240514134007743,-3.724051465214112,-3.724051465214112
2021-10-21,451.7699890136719,453.5899963378906,15.010000228881836,11.8100004196167,56.81360060101692,21.111108219638908,64.41416351409153,64.39497617109654,64.3949761699973,2.8528897652869594,2.852876231159378,2.8528762311593656,-3.861625310712311,-3.861625311811558,-3.861625311811558
2021-10-22,453.1300048828125,453.1199951171875,15.43000030517578,11.979999542236328,56.885828847879914,7.222824686299134,66.04985754338188,66.01700387461752,66.01700386160992,4.124701237272614,4.124652134547219,4.124652134546617,-3.834292623448515,-3.8342926364561114,-3.8342926364561114
2021-10-25,454.2799987792969,455.5499877929687,15.239999771118164,13.09000015258789,58.2762810325948,139.04521847148885,63.00893335240324,63.003026768864906,63.00302440808088,-1.952435875748457,-1.9541307744042378,-1.9541307751662487,-3.888179750571096,-3.888182111355115,-3.888182111355173
2021-10-26,457.2000122070313,455.9599914550781,15.979999542236328,14.329999923706056,59.38216926503231,110.58882324375077,273.2107449319389,272.9244123569626,272.92440840949365,18.813326155722947,18.811320253880837,18.81132025143601,-3.3273230076390017,-3.3273269551079068,-3.327326955108431
2021-10-27,456.4500122070313,453.94000244140625,16.979999542236328,15.15999984741211,59.05549402105249,-32.667524397982106,127.90419585217523,127.26898508592069,127.26896230211793,6.163904168270285,6.156686246443256,6.1566862266400655,-2.629510116065987,-2.6295328998687433,-2.6295328998742953
2021-10-28,455.4599914550781,458.3200073242187,16.530000686645508,14.3100004196167,61.684874841164486,262.93808201119975,87.70281962493993,87.6696079746599,87.66959632699643,0.5093013860948563,0.5091463153717708,0.5091463105987364,-3.8335417561351557,-3.8335534037986134,-3.833553403903401
2021-10-29,455.8699951171875,459.25,16.260000228881836,13.670000076293944,62.010191966215466,32.53171250509794,79.95439238262867,79.93189545380376,79.93189380624786,-0.30904310692838033,-0.3106353268220068,-0.31063532711790964,-3.855001199682405,-3.855002847238326,-3.855002847238335
2021-11-01,460.2999877929687,460.0400085449219,16.40999984741211,15.020000457763672,62.53883039289303,52.8638426677567,106.19587834747264,106.12331010212336,106.12330864082546,2.842297554781301,2.8417543524281417,2.84175428122943,-3.754859125360149,-3.754860586658048,-3.7548605866739106
2021-11-02,460.2200012207031,461.8999938964844,16.030000686645508,14.739999771118164,63.54901672084685,101.01863279538179,98.9799857588618,98.92644002053258,98.9264393240383,1.8468663387816733,1.846536935881292,1.846536897926593,-3.7929064323008497,-3.792907128795145,-3.7929071293144165
2021-11-03,461.2999877929687,464.7200012207031,15.100000381469728,13.100000381469728,64.97348369567031,142.446697482346,80.57022151111283,80.54949219743418,80.54949187670616,-0.33388686443892546,-0.33441459363014925,-0.3344145936624878,-3.8585404104586134,-3.8585407311866335,-3.8585407311866344
2021-11-04,465.3599853515625,466.9100036621094,15.4399995803833,13.039999961853027,67.06500421535935,209.15205196890412,66.3407456838322,66.33095577368503,66.33095576208788,-1.579344177316936,-1.5793651205026005,-1.5793651205042583,-3.8804201449142255,-3.880420156511376,-3.88042015651138
2021-11-05,469.2799987792969,468.5299987792969,16.479999542236328,13.149999618530272,69.25583848244605,219.08342670867,72.66753000823115,72.65607606392432,72.6560760563949,-1.1760805653975757,-1.176100787437036,-1.1761007914313417,-3.8770920887963354,-3.8770920963257725,-3.8770920963263453
2021-11-08,469.7000122070313,468.9299926757813,17.219999313354492,14.43000030517578,70.00986047360668,75.40219911606272,98.2754675526921,98.22787337910822,98.22787298143415,1.6552970063310282,1.655052356635224,1.6550523564060358,-3.8048104598098758,-3.8048108574839428,-3.804810857483992
2021-11-09,469.3200073242187,467.3800048828125,17.780000686645508,15.1899995803833,69.17825705460808,-83.1603418998597,119.73330813305633,119.6297108605255,119.62970884357661,4.652236532159254,4.6514298203050135,4.651428704935052,-3.692799399970748,-3.6928014169196253,-3.6928014182932647
2021-11-10,465.5799865722656,463.6199951171875,18.729999542236328,15.949999809265137,67.12204566639491,-205.62113882131712,137.02219307870715,136.81377140362594,136.81375337491727,7.966873635206193,7.9638664799405205,7.9638657872311,-3.4831025623960437,-3.4831205911047163,-3.4831205915432086
2021-11-11,465.2099914550781,463.7699890136719,17.65999984741211,14.300000190734863,65.95088459987667,-117.11610665182377,92.35156770004468,92.31167891063953,92.311678568725,1.0142756128665242,1.0140717800427943,1.0140717798502292,-3.8202213954398263,-3.820221737354336,-3.820221737356456
2021-11-12,465.1199951171875,467.2699890136719,16.290000915527344,11.989999771118164,67.45074298539743,149.98583855207528,45.425971660642624,45.42426734173863,45.42426734158213,-2.951119043645388,-2.9511201974136627,-2.951120197413667,-3.8965913617225265,-3.8965913618790227,-3.8965913618790227
2021-11-15,468.6400146484375,467.4299926757813,16.489999771118164,12.199999809265137,67.51001938322118,5.927639782375138,64.19504206831348,64.1901154809127,64.19011525343677,-1.9924719963038955,-1.992809228731716,-1.9928092287631007,-3.890146142770646,-3.8901463702465717,-3.8901463702465726
2021-11-16,467.1499938964844,469.2799987792969,16.3700008392334,11.9399995803833,68.92216127565132,141.21418924301423,87.60596362265709,87.57289068860565,87.57289067952897,4.49222497205262,4.492182775172374,4.492182775171974,-3.8338541046670813,-3.8338541137437674,-3.8338541137437674
2021-11-17,469.0,468.1400146484375,17.110000610351562,11.510000228881836,68.47283089171859,-44.93303839327325,45.43136131597661,45.4302571976594,45.43025714955832,-3.032977885079735,-3.0329782170140134,-3.0329782170166877,-3.897791619062353,-3.8977916671634305,-3.897791667163431
2021-11-18,469.239990234375,469.7300109863281,17.59000015258789,12.43000030517578,70.14517904035347,167.23481486348817,58.75950872195034,58.75528231580915,58.75528231526433,-2.2534605939858277,-2.253464277913473,-2.253464278182568,-3.8915471860831365,-3.8915471866279496,-3.8915471866279634
2021-11-19,469.6099853515625,468.8900146484375,17.90999984741211,12.449999809265137,69.63609257679367,-50.90864635597967,56.197481987963386,56.1936330642597,56.19363306352359,-2.3835248245477443,-2.383528508741455,-2.3835285087414917,-3.8923021503841793,-3.892302151120288,-3.8923021511203233
2021-11-22,470.8900146484375,467.5700073242187,19.170000076293945,16.059999465942383,69.48626485641051,-14.982772038315773,149.81200214997517,149.51333605661588,149.51329526257177,10.522549307491628,10.517216291624605,10.517215348841464,-3.3025454288364537,-3.3025862228805893,-3.302586223651457
2021-11-23,467.2200012207031,468.19000244140625,19.3799991607666,16.350000381469727,70.0950332782464,60.87684218358902,367.5566664358206,366.1328976711732,366.13260084854664,45.60645146588849,45.573748249404815,45.57374711886158,-1.0515719969322856,-1.0518688195589276,-1.05186882152329
2021-11-24,466.05999755859375,469.44000244140625,18.579999923706055,14.81999969482422,70.23952634661211,14.449306836570486,116.84994843885077,116.73976377110259,116.73973361707485,4.503789530890526,4.5027449517709215,4.502744926833438,-3.6795402024045414,-3.679570356432264,-3.6795703564375555
2021-11-26,462.3399963378906,458.9700012207031,28.6200008392334,30.600000381469727,75.94124991613278,570.1723569520666,833.1209706007522,771.4337570539359,768.1489890456932,411.00437540429215,394.80268499156796,394.28722741042674,129.52046138599536,126.23569337775265,126.17228809381334
2021-11-29,464.0700073242187,464.6000061035156,22.959999084472656,21.43000030517578,70.79765814004716,-514.3591776085614,309.05773894998316,305.52623996890526,305.4248457327308,57.39824004184612,57.15396094831074,57.149583209718706,3.46753430587661,3.366140069702152,3.366022211869371
2021-11-30,462.0,455.55999755859375,27.190000534057617,28.3799991607666,70.91409389217645,11.643575212929136,628.6644969225196,583.1297914272849,581.5206821888157,334.53689947204845,324.54759220260075,324.35716827654727,92.04731564988396,90.43820641141478,90.42140834223599
2021-12-01,461.6400146484375,450.5,31.1200008392334,33.93000030517578,74.55592138322882,364.1827491052368,-15.025754710658953,-104.68334911339014,-112.13782340199194,361.3275301964402,332.49471390046324,330.9504230585429,198.56278478120487,191.10831049260312,190.8509221505309
2021-12-02,450.7300109863281,457.3999938964844,27.950000762939453,28.040000915527344,72.82486527628598,-173.10561069428445,53.17267942415921,35.23845075346538,34.02788316455944,167.26298209173362,158.6107152403778,158.48969281232274,35.732723888483434,34.52215629957745,34.478165172117905
2021-12-03,459.1700134277344,453.4200134277344,30.670000076293945,31.700000762939453,74.8499434316742,202.5078155388229,400.3044171134723,366.00193180931086,360.85731836774755,264.760958150904,256.22511860107363,255.2331128690295,80.61353973306872,75.46892629150547,75.31349000719295
2021-12-06,456.1300048828125,458.7900085449219,27.18000030517578,27.290000915527344,71.73949273511312,-311.0450696561088,523.1145565563943,505.76913157104536,504.7709179747413,161.10685962295537,153.7304279544833,153.63737736384212,33.803484088569206,32.80527049226507,32.79943885217814
2021-12-07,464.4100036621094,468.2799987792969,21.88999938964844,20.829999923706055,71.22251225247234,-51.698048264077556,284.1365750255705,281.35380232458186,281.34829010072053,48.39753875443476,48.233269307170865,48.230048300676295,1.6823065801863955,1.676794356324999,1.6767195301142808
2021-12-08,468.7000122070313,469.5199890136719,19.899999618530273,17.5,70.10813054048646,-111.43817119858852,194.45241563712713,193.77845865821845,193.77484380251073,20.29179717001442,20.131739351118505,20.131699463556757,-2.541240834425592,-2.544855690133266,-2.544855903677212
2021-12-09,468.1499938964844,466.3500061035156,21.579999923706055,20.489999771118164,69.15931305699243,-94.88174834940253,311.925925782175,302.86531579120145,302.82675117980637,56.17161283684938,55.403719754260074,55.402554502194796,14.336978114207193,14.298413502812126,14.298392071749548
2021-12-10,469.2300109863281,470.739990234375,18.690000534057617,15.699999809265137,69.90517065116364,74.58575941712127,134.08706139814024,133.9231800982882,133.92317417527082,7.060322973536209,7.058632995227033,7.058630059966436,-3.5722196152241628,-3.572225538241582,-3.5722255435814434
2021-12-13,470.19000244140625,466.5700073242187,20.309999465942383,18.540000915527344,67.56322752964408,-234.1943121519563,214.27529101981864,213.18449399510794,213.18370679267102,26.22429736975586,26.183713003342547,26.183704758990416,-1.7160442006581613,-1.7168314030950702,-1.7168314506307696
2021-12-14,463.0899963378906,463.3599853515625,21.88999938964844,21.020000457763672,66.60305608417629,-96.01714454677932,324.86130455080337,314.99727262009037,314.9500541565963,131.13063184771102,130.2499090776725,130.248363135148,15.96981334704349,15.922594883549445,15.922563521578985
2021-12-15,463.4200134277344,470.6000061035156,19.290000915527344,16.780000686645508,69.77193618718614,316.88801030098546,57.098203840702475,55.01304015833265,55.012052734065946,15.303803463052331,15.236315543157625,15.236309042635861,0.27328969494610433,0.2723022706794058,0.2723022515439615
2021-12-16,472.5700073242187,466.4500122070313,20.56999969482422,18.760000228881836,67.37306018696046,-239.8876000225684,-229.71412468921238,-234.6518874705947,-234.65987735383985,89.35654049933362,89.0812686837406,89.08114411395329,5.99949846598394,5.991508582738772,5.99150749825894
2021-12-17,461.5499877929687,459.8699951171875,21.56999969482422,19.350000381469727,63.27147833508015,-410.15818518803115,257.2802775602908,251.7786097524036,251.7701450499813,38.9418605180977,38.632047349689316,38.63193583006225,7.128731971767614,7.120267269345293,7.120266519776875
2021-12-20,454.4800109863281,454.9800109863281,22.8700008392334,22.209999084472656,60.984824826187875,-228.66535088922717,315.2672399209402,311.4755294947211,311.32334214036496,60.00565537266522,59.72333923188408,59.71580506918049,4.140962343168436,3.988774988812298,3.988448573868639
2021-12-21,458.6099853515625,463.05999755859375,21.010000228881836,18.829999923706055,64.54927117030026,356.4446344112383,228.87974068221774,223.94696298870824,223.93819025596102,28.843098242280135,28.557937057682707,28.55779388263977,5.991877284350135,5.983104551602924,5.9831033185865525
2021-12-22,462.7900085449219,467.69000244140625,18.6299991607666,14.760000228881836,66.11842669174175,156.91555214414876,-240.0504794682727,-240.54594876298876,-240.54597125888213,25.119355892917447,25.113658402461397,25.113658371012242,-2.9089939228410326,-2.9090164187343888,-2.9090164187499736
2021-12-23,468.75,470.6000061035156,17.959999084472656,13.710000038146973,68.09342482599234,197.49981342505976,93.24340449868795,93.21264472641278,93.21263281991509,0.8105249344983418,0.8104323977397403,0.8104323877560802,-3.838444735949251,-3.8384566424469355,-3.8384566424493833
2021-12-27,472.05999755859375,477.260009765625,17.68000030517578,14.479999542236328,73.61980127717926,552.637645118692,-307.31953396522556,-307.7891163447137,-307.78913023406017,24.98784022174997,24.98317758966291,24.98317757607908,-2.9607935729693597,-2.960807462315831,-2.9608074623208216
2021-12-28,477.7200012207031,476.8699951171875,17.540000915527344,14.399999618530272,73.12245172843363,-49.734954874563186,301.41823443944673,300.89395812585065,300.89393275990346,25.99530558380298,25.989090026395274,25.98908998936566,-2.8513712749079163,-2.851396640855049,-2.851396640874534
2021-12-29,476.9800109863281,477.4800109863281,16.950000762939453,12.850000381469728,73.37535295808044,25.29012296468096,105.93636916567061,105.80670113267308,105.8067007701419,2.1934631265166677,2.1929951331473045,2.192995133078316,-3.6406628464114372,-3.640663208942611,-3.640663208942615
2021-12-30,477.9299926757813,476.1600036621094,17.329999923706055,13.859999656677246,72.2263466888936,-114.90062691868417,127.65681127582096,127.28586237525079,127.28585185661447,21.248258928936586,21.244775036421018,21.244775026090473,-3.158070642940834,-3.1580811615771536,-3.1580811615804363
2021-12-31,475.6400146484375,474.9599914550781,17.219999313354492,13.260000228881836,70.99616384928002,-123.01828396135761,79.92309191654303,79.90061085501266,79.90061077255618,-0.31940481157104017,-0.31948561079479854,-0.3194856108184787,-3.855037629569818,-3.8550377120262938,-3.8550377120262955
2022-01-03,476.2999877929687,477.7099914550781,16.600000381469727,13.520000457763672,73.12386307360454,212.7699224324516,98.99716533681745,98.9451816037039,98.94518114545171,1.8352414753371002,1.8349561696112682,1.834956168756344,-3.7960311590161324,-3.796031617268341,-3.7960316172684005
2022-01-04,479.2200012207031,477.5499877929687,16.90999984741211,13.880000114440918,73.00527332490853,-11.858974869601013,96.04627910067882,96.00671955796611,96.00671939147688,1.2826657818419678,1.2825062653693315,1.2825062653183092,-3.820880415106899,-3.820880581596111,-3.820880581596117
2022-01-05,477.1600036621094,468.3800048828125,19.729999542236328,18.06999969482422,66.07728969693898,-692.7983627969553,-66.0624583053957,-70.03591473863099,-70.04012114493173,-244.2602400011346,-244.44653702614931,-244.4465841828406,4.059532927911436,4.055326521610661,4.055326240766204
2022-01-06,467.8900146484375,467.94000244140625,19.61000061035156,17.059999465942383,65.51673555854009,-56.0554138398885,207.9303068648583,205.68973892323177,205.68858402440605,57.593876925087166,57.51894054634275,57.518932128859504,0.5846006677479059,0.5834457689221875,0.5834457395829853
2022-01-07,467.9500122070313,466.0899963378906,18.760000228881836,15.399999618530272,63.27195675860354,-224.47787999365545,158.7081130241416,157.8098384783518,157.80972841243184,34.849092861877764,34.833110781360816,34.83311048273336,-2.1031207097039024,-2.103230775623852,-2.1032307759427296
2022-01-10,462.7000122070313,465.510009765625,19.399999618530273,17.90999984741211,62.886249717996265,-38.57070406072722,324.74058336216683,321.7753356081235,321.77305791218896,67.35236767672546,67.23382246080779,67.2338006688312,2.037328916093765,2.035051220159218,2.035051113425056
2022-01-11,465.2300109863281,469.75,18.40999984741211,16.59000015258789,65.91234636710058,302.6096649104318,150.8050207988533,150.51074894121862,150.51071017761913,10.581871088543569,10.576771908478495,10.57677177504221,-3.311339981125344,-3.311378744724828,-3.3113787489936355
2022-01-12,471.5899963378906,471.0199890136719,17.6200008392334,14.68000030517578,66.60843179045256,69.6085423351974,131.93373935637146,131.76847335977556,131.76845184569478,6.868233654279917,6.861453527212685,6.8614535076356,-3.5694034645477837,-3.5694249786285304,-3.5694249786345877
2022-01-13,472.19000244140625,464.5299987792969,20.309999465942383,18.790000915527344,62.35861351419886,-424.9818276253699,182.46485607052,177.53614865883233,177.52879983287278,-4.281569937618576,-4.549624547461303,-4.549729001561017,5.9794637577224865,5.972114931762945,5.972114112949818
2022-01-14,461.19000244140625,464.7200012207031,19.190000534057617,17.309999465942383,71.13231419130827,874.770067710941,181.63275198732478,181.01218674341496,181.01119005015238,17.831543561040093,17.750444395210685,17.750439828734066,-2.655879408079998,-2.6568761013426254,-2.6568761094467868
2022-01-18,459.739990234375,456.489990234375,22.790000915527344,24.170000076293945,81.86631734006988,1073.4003148761617,395.06701988400846,387.0780189824435,387.01719546001686,93.49208452739049,92.64876607920235,92.60650415573207,12.269724049427387,12.20890052700072,12.205819112228424
2022-01-19,458.1300048828125,451.75,23.850000381469727,23.959999084472656,84.81285169505719,294.6534354987307,-224.3190933698426,-244.20939601931607,-244.46202080736177,197.79924333861564,195.06112081481766,195.04527928851587,36.64054034444935,36.387915556403705,36.387229097430776
2022-01-20,453.75,446.75,25.59000015258789,26.729999542236328,90.25352717058013,544.0675475522937,-134.6118796517571,-169.11056038207693,-170.04511763810365,145.16767728824883,138.52634185512318,138.42945897891246,67.9234502493135,66.98889299328675,66.98144576735996
2022-01-21,445.55999755859375,437.9800109863281,28.850000381469727,30.86000061035156,100.80583446628455,1055.2307295704422,231.02752696344413,203.9022459497472,201.17005891107885,227.00004465365083,212.5679915570284,211.48167345778097,58.986782000474264,56.25459496180594,56.109374293830854
2022-01-24,432.0299987792969,439.8399963378906,29.899999618530273,35.81999969482422,104.14572739498212,333.9892928697566,228.9983039445454,143.5745809506663,137.4855128819101,520.2185717761469,493.37730396488064,492.1350837189462,187.95248857051445,181.86342050175836,180.98176697098964
2022-01-25,433.05999755859375,434.4700012207031,31.15999984741211,37.18000030517578,108.00733020115084,386.1602806168719,1272.9283409105662,1175.3877333119328,1166.497069807646,575.6544603368889,542.3493195563451,540.2214416915637,220.7153644680283,211.82470096374178,210.94463626599511
2022-01-26,440.7200012207031,433.3800048828125,31.959999084472656,37.400001525878906,110.53675445640692,252.94242552560888,591.0032803518186,532.593875369594,522.1682889355593,411.67368821561894,376.14490873137294,370.4586497772093,148.23598604246402,137.81039960842924,136.50721425077518
2022-01-27,438.260009765625,431.239990234375,30.489999771118164,33.029998779296875,105.34743522849129,-518.9319227915632,8.130435784395976,-60.22209105122578,-64.38542582599037,441.54857131941634,422.29834569707043,421.5417680979485,146.05991864574514,141.89658387098058,141.64389615997158
2022-01-28,432.6799926757813,441.9500122070313,27.65999984741211,28.1299991607666,96.04774503031155,-929.9690198179746,-572.1889204657148,-604.7894712848308,-605.5670091310416,-121.09420634711947,-127.05699615453477,-127.12533904008859,63.649011314942435,62.87147346873147,62.866642562359665
2022-01-31,441.239990234375,449.9100036621094,24.829999923706055,25.329999923706055,86.61719211401879,-943.0552916292754,-553.129284426945,-575.6034032587731,-575.8793066830734,105.79553699089264,102.63914353889355,102.62359855157023,41.896405884741064,41.62050246044086,41.61369226401172
2022-02-01,450.6799926757813,452.9500122070313,21.959999084472656,21.100000381469727,76.89825443507772,-971.8937678941074,274.7830685081333,272.17083884095103,272.13683191367346,46.393513716335484,45.581637415003556,45.58092449065132,1.426903876616981,1.3928969493394598,1.3927557118448535
2022-02-02,455.5,457.3500061035156,22.09000015258789,21.600000381469727,77.884888422599,98.66339875212873,296.9293365506993,293.6033409483937,293.5411414881432,53.63990355927502,53.399206611663146,53.397532413100315,2.9394554368687222,2.8772559766182537,2.876967413175988
2022-02-03,450.9500122070313,446.6000061035156,24.350000381469727,24.11000061035156,84.27341477050206,638.8526347903053,384.6181181614978,377.1411606770135,376.92997960272817,91.37385216203812,88.7410584755959,88.7309851940566,11.688344912732616,11.477163838447197,11.476871254017018
2022-02-04,446.3500061035156,448.7000122070313,23.219999313354492,21.86000061035156,80.45484114182958,-381.8573628672482,313.44624127513043,303.1956397326553,303.1552960718807,58.331982305111445,57.46222853638485,57.46122867106276,16.72227597173577,16.681932310961173,16.68191843162017
2022-02-07,449.510009765625,447.260009765625,22.86000061035156,21.61000061035156,78.75289436937214,-170.19467724574326,286.2390536854488,283.4623391323402,283.36842480488383,50.445138883028235,49.027660902962346,49.02153692756243,1.9355441912838884,1.8416298638275057,1.8415058424280302
2022-02-08,446.7300109863281,450.94000244140625,21.440000534057617,20.06999969482422,74.11361919945392,-463.92751699182213,77.37305080872471,71.86297394513757,71.85413994343955,96.01311850870128,95.69922875044588,95.69910545886529,7.146658528178229,7.137824526480191,7.137823598269398
2022-02-09,455.2200012207031,457.5400085449219,19.959999084472656,18.670000076293945,69.79862210425446,-431.4997095199459,199.84022495952658,198.98987719349628,198.98942843124192,22.24004365786824,22.212566335786356,22.212504150233407,-2.1979464400090296,-2.198395202263395,-2.1983991159417102
2022-02-10,451.3399963378906,449.3200073242187,23.90999984741211,23.709999084472656,82.19898310929733,1240.0361005042869,390.0405270982814,372.40929637841396,372.2521066702189,88.90425137818556,86.7733132247378,86.76643254714126,31.83460085663527,31.6774111484402,31.677223453882263
2022-02-11,449.4100036621094,440.4599914550781,27.36000061035156,26.84000015258789,93.12877313818754,1092.979002889021,-429.3338343600507,-442.17754332162065,-443.2532522308105,138.32895994215684,130.9984047044057,130.88110800195957,25.057259280247827,23.981550371057985,23.96733960104173
2022-02-14,439.9200134277344,439.0199890136719,28.329999923706055,27.6200008392334,95.92018240587404,279.1409267686504,483.83626141054367,471.50100665480045,469.3355560562658,135.85042699598662,133.90035680927454,133.66800181232696,27.320878360522762,25.155427761988072,25.13746701983306
2022-02-15,443.7300109863281,446.1000061035156,25.700000762939453,24.489999771118164,87.39141912067416,-852.8763285199886,401.5631217681482,381.2763148935485,381.00362215072624,91.97553589820392,89.11474181283491,89.0968873613616,37.49689600974297,37.22420326692074,37.22246926013447
2022-02-16,443.9299926757813,446.6000061035156,24.290000915527344,21.31999969482422,82.54109032905194,-485.0328791622218,283.2688414479219,273.50217032512614,273.45491915744276,45.94954640807424,45.07159525936764,45.070076908005625,15.77526107269343,15.728009905010053,15.727954799485518
2022-02-17,443.2200012207031,437.05999755859375,28.11000061035156,27.690000534057617,94.71346734808145,1217.2377019029511,-47.525674488350084,-82.28416467844774,-83.21562475924796,279.5811204192744,272.9104996283425,272.81532334687364,68.43349323592685,67.50203315512661,67.49468910916522
2022-02-18,437.3299865722656,434.2300109863281,27.75,26.030000686645508,93.33912753082765,-137.4339817253798,579.162750922402,555.8834395962643,555.5408504197046,218.53231561219815,215.08211775205694,215.0599197316423,43.689652464225176,43.34706328766562,43.34601294672547
2022-02-22,431.8900146484375,429.5700073242187,28.809999465942383,28.6200008392334,96.30797948337471,296.88519525470554,755.7409789970708,720.5802504739651,719.7515458067844,282.9828418855352,276.37702697227917,276.29909767914774,69.059871881872,68.2311672146913,68.1806776185798
2022-02-23,432.6600036621094,421.9500122070313,31.020000457763672,30.709999084472656,103.52487017237772,721.6890689003009,-668.8776162658459,-716.9660932052409,-718.8640259118747,-263.5830389785451,-274.60007639391665,-274.8248751222882,98.04623134227978,96.14829863564579,96.1251419167198
2022-02-24,411.0199890136719,428.2999877929687,30.31999969482422,30.040000915527344,100.93531329990398,-258.9556872473736,-2457.6563889281797,-2162.7160618524194,-2165.6097588227876,-1686.1746759855946,-1373.117200387298,-1373.481612121375,-584.9940862551508,-587.8877832255188,-587.9227180821462
2022-02-25,429.6099853515625,437.75,27.59000015258789,26.149999618530273,91.9627599314816,-897.2553368422382,-124.39878267951711,-151.75652325786388,-152.74491467627684,102.08559272371738,97.38719285697833,97.31259129405002,53.79204258581361,52.80365116740066,52.79985897829534
2022-02-28,432.0299987792969,436.6300048828125,30.149999618530273,31.5,99.89034244516569,792.7582513684087,653.3594004606799,600.2487024989487,598.1194014912008,370.91724398574326,358.1710650297963,357.87913455357324,109.32173333780003,107.19243233005243,106.99096922288001
2022-03-01,435.0400085449219,429.9800109863281,33.31999969482422,34.79999923706055,109.83599141556206,994.5648970396377,765.8828571624559,731.0658253491362,718.9636158209752,333.1687568809263,288.47426041696417,285.84816719283845,103.44589871167497,91.34368918351404,90.8833317026552
2022-03-02,432.3699951171875,437.8900146484375,30.739999771118164,30.790000915527344,101.56902481784371,-826.6966597718351,365.7923745391175,317.4373134528048,315.54662163600347,347.9291092318851,336.87185697309087,336.650852169664,98.55452368680017,96.66383186999877,96.64159199004915
2022-03-03,440.4700012207031,435.7099914550781,30.479999542236328,30.020000457763672,100.49854810236309,-107.04767154806234,584.0677944760672,564.5709711739,559.8949280406549,196.7662028137936,185.1613560567013,184.45763484920255,49.367466310395805,44.691423177150725,44.61005550390063
2022-03-04,431.75,432.1700134277344,31.979999542236328,31.11000061035156,105.10778665213726,460.9238549774176,652.8810277800807,602.1454025976823,600.2376303135188,359.81889375148654,348.01697044954653,347.77094233818457,103.7615618208868,101.85378953672323,101.70000302451186
2022-03-07,431.5499877929687,419.4299926757813,36.45000076293945,38.56999969482422,118.82056598710895,1371.2779334971685,-178.40330519806628,-230.2576158891226,-240.58521418234204,-486.90115130541346,-521.6118881048804,-528.3529887399302,135.95768228731805,125.6300839940987,124.00252595305
2022-03-08,419.6199951171875,416.25,35.130001068115234,36.65999984741211,114.73019581049877,-409.0370176610179,844.3733444584647,758.90060061288,745.5618925566727,351.40572475655796,303.4959251510819,300.51834118177425,208.6997100887318,195.36100203252448,194.87602654915156
2022-03-09,425.1400146484375,427.4100036621094,32.45000076293945,33.439998626708984,105.84034472404957,-888.9851086449198,677.5375749977096,650.6345472024456,642.7368996427563,269.3135712102285,235.77660754688128,234.32448233886265,74.23878108824682,66.34113352855758,66.13025307167327
2022-03-10,422.5199890136719,425.4800109863281,30.229999542236328,30.010000228881836,98.7906005805697,-704.974414347987,777.0557177838723,737.8405752254153,736.7793698996119,302.9156622800817,294.949545558246,294.83073630246565,78.10219789948076,77.04099257367726,76.91223571978183
2022-03-11,428.1199951171875,420.0700073242187,30.75,30.6299991607666,100.59779715734413,180.71965767744302,-60.316578021880424,-106.4996545333296,-108.23651845851415,336.79440066668957,326.3719752095715,326.1625870460062,93.86414340059851,92.12727947541406,92.06667126984871
2022-03-14,420.8900146484375,417.0,31.770000457763672,34.22999954223633,103.54619959825021,294.84024409060794,738.370015415754,674.2332877673535,665.0374462036433,268.7784158154827,250.84146093806896,249.0080435444742,152.85891720445784,143.6630756407476,143.37113265436764
2022-03-15,419.7699890136719,426.1700134277344,29.829999923706055,30.709999084472656,96.81737512523205,-672.8824473018165,349.07904073713195,300.21156031506564,296.5819303583503,187.66083059845343,167.53785251530223,167.05776798354626,104.86626707708166,101.23663712036634,101.18937692266167
2022-03-16,429.8900146484375,435.6199951171875,26.670000076293945,26.510000228881836,86.49404216545977,-1032.3332959772274,294.5524298486325,286.12147329337336,284.96066918994796,112.71339028132901,103.21217127458011,103.11638009559326,16.460744667073946,15.29994056364846,15.294474190016837
2022-03-17,433.5899963378906,441.0700073242187,25.670000076293945,24.940000534057617,83.22644621525623,-326.75959502035425,185.83752407985227,166.45923560303268,166.21453844098252,-19.810431043719255,-22.43882719413846,-22.48249031079888,35.595423250960074,35.35072608890987,35.34914169335546
2022-03-18,438.0,444.5199890136719,23.8700008392334,22.190000534057617,77.43627333327146,-579.0172881984773,-337.39049577896145,-347.0558765763491,-347.10084445388736,129.66320569044558,128.81178306035662,128.81032965764055,15.565753257007666,15.520785379469297,15.520756406501578
2022-03-21,444.3399963378906,444.3900146484375,23.530000686645508,22.729999542236328,75.97757778180858,-145.86955514628812,317.1516730819642,313.2990909418407,313.15555324214813,62.22662640105697,60.36460650398046,60.35204851122163,4.236741905304747,4.09320420561225,4.092882754563038
2022-03-22,445.8599853515625,449.5899963378906,22.940000534057617,22.56999969482422,74.26208201175226,-171.54957700563216,319.0678425006045,314.8186981937193,314.74461039436886,63.23395935131405,61.89774132238026,61.8954820810143,4.822434090381051,4.748346291030643,4.7477191170973665
2022-03-23,446.9100036621094,443.7999877929687,23.56999969482422,23.209999084472656,75.8454232209371,158.33412091848516,379.1351600214414,365.0957443270553,364.9995075282968,162.31313838265305,160.81563222483828,160.81187913285768,24.467819492225473,24.37158269346697,24.37149148338041
2022-03-24,445.94000244140625,450.489990234375,21.670000076293945,20.420000076293945,70.00643913609645,-583.8984084840661,157.53607597573517,150.37809024662513,150.36339256549553,37.93341511741878,37.4686336281878,37.468414180156216,10.460232948800478,10.445535267670794,10.445479121803567
2022-03-25,451.1600036621094,452.69000244140625,20.809999465942383,18.450000762939453,67.3192377980254,-268.72013380710484,205.05872238701892,201.48217020651768,201.47972151388873,23.316873839799378,23.172565658545366,23.172548824405304,3.2604505848722853,3.258001892243332,3.258001843631477
2022-03-28,452.05999755859375,455.9100036621094,19.6299991607666,17.81999969482422,63.551713961944614,-376.7523836080784,224.67471513594944,222.37371889588186,222.3727236430539,59.34840016214988,59.27518545388126,59.27517939680633,0.7049782930745909,0.703983040246686,0.7039830220947705
2022-03-29,460.0199890136719,461.5499877929687,18.899999618530273,17.540000915527344,61.9645526920165,-158.71612699281172,171.41995857269586,170.94759544813414,170.94748572213044,15.031305648574625,15.02069202285647,15.020691466333039,-2.954942899070218,-2.9550526250739417,-2.9550531830039133
2022-03-30,460.3399963378906,458.7000122070313,19.329999923706055,17.43000030517578,62.76061068704979,79.60579950332942,170.20141492568519,169.72871021413084,169.72859057046188,14.86067145790056,14.849718252127,14.849707290712162,-2.9542315866679725,-2.954351230336939,-2.9543512500737847
2022-03-31,457.8900146484375,451.6400146484375,20.559999465942383,18.399999618530273,65.75777345792645,299.7162770876656,-230.5990145129241,-234.0745882283548,-234.07811472151886,73.26937835694838,73.11284720169041,73.11280639359784,3.0617276493824663,3.0582011562183986,3.05820090987668
2022-04-01,453.30999755859375,452.9200134277344,19.6299991607666,16.0,62.79729954569558,-296.0473912230867,149.11466029626555,148.02749358484874,148.02730971249147,38.502811862858984,38.480408122467345,38.48040752468674,-1.72511495779924,-1.7252988301564782,-1.7252988309215924
2022-04-04,453.1300048828125,456.7999877929687,18.56999969482422,15.760000228881836,59.539961897518054,-325.73376481775256,148.60799142112955,147.73331724768326,147.7332123251089,34.21114812967318,34.19570869111352,34.195708415659254,-2.150336884551009,-2.1504418071253575,-2.150441807403144
2022-04-05,455.2200012207031,451.0299987792969,21.030000686645508,18.6200008392334,66.64123515361928,710.1273256101223,198.34063471549072,197.5133375451924,197.5129160664905,21.83853556366448,21.812223800061247,21.81216592542878,-2.244130449674336,-2.244551928376217,-2.2445555195458313
2022-04-06,446.8900146484375,446.5199890136719,22.100000381469727,19.63999938964844,69.63561329669133,299.4378143072055,257.6706273008171,253.0405192141972,253.03466456567728,87.06956342864063,86.83296416890893,86.83289243723226,5.377781532600066,5.371926884080175,5.371926414511952
2022-04-07,445.5899963378906,448.7699890136719,21.549999237060547,19.049999237060547,67.9007050009285,-173.49082957628355,202.5790595627877,201.66747669359376,201.6624108681501,23.340237032687256,23.098924047220464,23.098353278651544,-2.0616206386275002,-2.0666864640711555,-2.066691846220313
2022-04-08,447.9700012207031,447.5700073242187,21.15999984741211,17.299999237060547,66.50537686587171,-139.53281350567863,380.82546878922653,379.055447355422,379.0547996315001,50.52266443100987,50.47187623526635,50.47187248412816,-0.3580139309272363,-0.3586616548491519,-0.3586616647484626
2022-04-11,444.1099853515625,439.9200134277344,24.3700008392334,22.850000381469727,75.97233567197765,946.6958806105936,319.0593938272899,303.8992259572904,303.76297846480094,64.65680996585482,62.8649105565211,62.85824862460121,26.830125200832434,26.693877708342974,26.693528772856624
2022-04-12,443.0799865722656,438.2900085449219,24.260000228881836,22.489999771118164,75.53875858339927,-43.35770885783745,1.4519322088008355,-9.943018262117794,-10.010289941402903,142.4494041577825,141.33414394831343,141.33159894521,19.09190059145378,19.024628912168687,19.02456739371226
2022-04-13,438.0299987792969,443.30999755859375,21.81999969482422,19.149999618530273,67.89247703849338,-764.6281544905889,-222.08092549618326,-225.52825655882816,-225.5318157971731,72.76184374857255,72.6058550099083,72.60581318998916,3.0053406051347737,3.0017813667898565,3.00178111265521
2022-04-14,443.5499877929687,437.7900085449219,22.700000762939453,19.34000015258789,70.57980082997449,268.73237914811057,-215.55877707528484,-220.18710219598066,-220.19466108387985,85.27002716605443,85.01274636648878,85.01262903405498,5.379335700452462,5.371776812553275,5.371773880777344
2022-04-18,436.80999755859375,437.9700012207031,22.170000076293945,20.8799991607666,68.51640265475157,-206.33981752229147,279.1586716966669,272.9923161171975,272.98042879465265,102.06820244322215,101.68719879709046,101.68700418079705,8.468740604424086,8.456853281879226,8.456730798327783
2022-04-19,437.8599853515625,445.0400085449219,21.3700008392334,20.700000762939453,65.83945264539625,-267.69500093553233,-506.7823924466688,-512.7390572488853,-512.7526077814116,90.77525718813072,90.39247035875243,90.39219884302088,8.053990654565755,8.040440122039469,8.040436992364112
2022-04-20,446.9200134277344,444.7099914550781,20.31999969482422,19.299999237060547,62.523825632643394,-331.5627012752856,248.33640905470529,244.28919510203022,244.2850291509374,80.85575230814271,80.66683950414614,80.66679492607065,4.20692651428214,4.202760563189333,4.202760312078622
2022-04-21,448.5400085449219,438.05999755859375,22.68000030517578,22.209999084472656,69.69633149656192,717.2505863918531,-1057.8595993375272,-1070.0388332739049,-1070.119832637837,-325.0515609771632,-326.3069223985542,-326.31021714651433,20.7017205080965,20.62072114416447,20.620636315985905
2022-04-22,436.9100036621094,426.0400085449219,28.209999084472656,29.06999969482422,86.70262686646973,1700.6295369907803,-913.1389589145953,-952.8789395020225,-953.9783649961028,-485.88977942602565,-493.9230378220845,-494.0386684841229,79.10629644302124,78.00687094894093,77.93139246927049
2022-04-25,423.6700134277344,428.510009765625,27.020000457763672,28.950000762939453,82.62531193762311,-407.73149288466186,529.8524836485526,493.87979674180326,492.8559827435694,285.36822794716215,278.41590083737,278.1540107442133,71.17370017152818,70.14988617329422,70.13148611800088
2022-04-26,425.8299865722656,416.1000061035156,33.52000045776367,37.7400016784668,102.23286657694155,1960.7554639318437,139.43514220939065,48.53108711363611,30.319114434021948,381.6151955629746,350.285416824633,345.56896488768416,235.70610653329405,217.49413385367995,216.49285678419423
2022-04-27,417.239990234375,417.2699890136719,31.600000381469727,34.81999969482422,96.58383468993247,-564.9031887009073,1083.7474441359227,1015.5515688985707,1012.0545391089221,441.27220311706895,424.32286703647134,421.720600054237,145.11847414104497,141.62144435139632,140.9201903249905
2022-04-28,422.2900085449219,427.80999755859375,29.989999771118164,32.25,90.8122179777792,-577.1616712153275,416.7321082940921,363.63077984068326,361.588765582084,370.70144837718004,357.90326241902306,357.61154341547285,109.40882692548192,107.36681266688247,107.04308898064515
2022-04-29,423.5899963378906,412.0,33.400001525878906,36.11000061035156,101.96815383228014,1115.593585450094,-758.1623409785076,-842.046952425934,-848.6697472222984,-86.99036821577536,-112.06441442431444,-114.76209941357304,185.24029327716218,178.61749848079802,178.1556539210553
2022-05-02,412.0700073242187,414.4800109863281,32.34000015258789,35.400001525878906,98.24438216010256,-372.3771672177577,1091.8166115675326,1022.46693202823,1018.8644517887043,446.66829327498243,429.2245362694688,426.6363117334158,147.8191670946585,144.21668685513254,143.49026852022672
2022-05-03,415.010009765625,416.3800048828125,29.25,31.61000061035156,89.38117812821292,-886.3204031889637,640.0389728852809,553.4459195193301,549.2067883784364,200.70720227450295,178.50586617620314,177.9014075658425,182.20077273328536,177.96164159239171,177.9014075658425
2022-05-04,417.0799865722656,429.05999755859375,25.420000076293945,26.15999984741211,76.81222796472105,-1256.8950163491877,-1126.756006526933,-1145.3605672041274,-1145.5460737634073,-620.7219599076913,-622.9992458221654,-623.1162047974848,33.89686441601995,33.71135785674015,33.70095956720693
2022-05-05,424.5499877929687,413.80999755859375,31.200000762939453,33.25,94.80596513914713,1799.3737174426087,-530.1313404684811,-595.1559598840289,-602.5531275519588,24.945348378558457,-7.413359110626535,-8.711761967956008,148.87487755108864,141.47770988315875,141.30132349441178
2022-05-06,411.1000061035156,411.3399963378906,30.190000534057617,29.790000915527344,92.41684861855049,-238.91165205966445,523.9715013428656,490.45092810586004,487.7079959272063,285.39988281443703,279.1009292519805,278.7620199734721,71.46559151159114,68.72265933293741,68.69095924150413
2022-05-09,405.1000061035156,398.1700134277344,34.75,36.650001525878906,106.61834214794179,1420.14935293913,467.4732395811526,342.0211282251493,331.3563953954555,312.35490245836763,271.34528903508215,269.2205315982187,280.12346913865895,269.4587363089651,269.13491284499065
2022-05-10,404.489990234375,399.0899963378906,32.9900016784668,34.70000076293945,101.83716417296607,-478.1177974975719,517.4874668832502,454.10756194693977,447.0128449131794,257.94883038048494,226.45185507831954,225.32410421659375,144.63690221771955,137.54218518395916,137.39511498508682
2022-05-11,398.0700073242187,392.75,32.560001373291016,33.91999816894531,102.42555479531235,58.83906223462816,518.6605694372497,470.3452128957112,464.6666064224506,364.7246673339157,354.2045358934639,351.8794286288499,110.78147878278797,105.10287230952727,104.76806674232782
2022-05-12,389.3699951171875,392.3399963378906,31.770000457763672,33.31999969482422,100.54739933862132,-187.8155456691033,628.2162579051383,544.0524093508228,540.4842961903822,359.0187143704725,338.0369484590796,337.57501578328254,176.0537835976704,172.48567043722983,172.18217128023738
2022-05-13,396.7099914550781,401.7200012207031,28.8700008392334,29.3799991607666,90.5351810392246,-1001.2218299396721,424.54091318514725,399.47097006890414,397.3905623931466,238.65818040955006,234.8433036272557,234.39426268088963,52.57731414266028,50.49690646690272,50.46596633513684
2022-05-16,399.9800109863281,400.0899963378906,27.469999313354492,28.520000457763672,87.34517236079147,-319.0008678433131,463.5197536025492,410.9669046916505,409.7830710614098,113.27326974247646,103.6851009953812,103.59104961826667,104.77488324850728,103.59104961826667,103.58540734302576
2022-05-17,406.5299987792969,408.3200073242187,26.100000381469727,26.920000076293945,81.30280078951044,-604.2371571281024,415.0942615265745,396.4722503441559,395.3695426810002,197.63550219215344,195.18987990658496,195.09515004537587,36.68368481272611,35.58097714957047,35.57047200502302
2022-05-18,403.5,391.8599853515625,30.959999084472656,32.29999923706055,98.07443450364218,1677.1633714131738,-1020.3102855950606,-1063.870935819216,-1067.91756837595,-292.356838249784,-302.47531681252923,-303.0163895656165,96.08671649549697,92.04008393876293,91.80028432907457
2022-05-19,388.6199951171875,389.4599914550781,29.350000381469727,30.690000534057617,95.22111117257076,-285.33233310714223,499.19325394419667,468.8040191178606,466.9481118911683,270.1877960781889,257.1713554396192,256.4046634107615,62.67495961456412,60.81905238787177,60.743291417255115
2022-05-20,393.25,389.6300048828125,29.43000030517578,29.190000534057617,95.22262082363035,0.15096510595924428,675.9978489046413,651.6398770696665,650.2426401660175,236.34576247230183,225.33115421480088,224.87468960705064,49.117831865917644,47.7205949622688,47.68405773250111
2022-05-23,392.8299865722656,396.9200134277344,28.479999542236328,28.979999542236328,90.02305902441876,-519.9561799211594,350.47171621933444,330.1157353408044,326.53183160902086,219.6647543641802,216.42893000125764,216.05486341245094,47.6459700636308,44.06206633184725,44.0346897417976
2022-05-24,392.55999755859375,393.8900146484375,29.450000762939453,29.479999542236328,93.2055461421769,318.2487117758143,753.0553801067318,731.2505045244976,727.2491106830963,230.2315779439241,226.63255009613619,226.1989936165049,51.81294284048696,47.81154899908561,47.778619685109426
2022-05-25,392.30999755859375,397.3699951171875,28.3700008392334,27.3700008392334,89.38571778439135,-381.98283577855534,191.8622972529661,176.81901986639824,174.7481644345117,180.7787942255042,178.8616532250873,178.69996038418472,32.423922224220455,30.353066792333877,30.34480689303257
2022-05-26,398.6700134277344,405.30999755859375,27.5,25.670000076293945,84.5845744155724,-480.11433688189413,287.5539353858017,273.2416261650907,272.8694521986262,104.72274476114089,99.91165242878611,99.89492826544334,25.859999420256294,25.487825453791793,25.481545833108527
2022-05-27,407.9100036621094,415.260009765625,25.719999313354492,23.1299991607666,77.29409161501226,-729.0482800560142,-514.4564677831039,-522.194713182053,-522.3766062707556,63.59259034091372,63.00800065401257,62.980428161029444,12.124403143032223,11.942510054329611,11.941765818760619
2022-05-31,413.5499877929687,412.9299926757813,26.190000534057617,25.90999984741211,78.59701112737454,130.291951236228,392.3860722516897,374.46490947917954,373.8182162451025,187.96609291528608,185.54958744461703,185.5122666789763,33.921996421459795,33.2753031873828,33.262121523340525
2022-06-01,415.1700134277344,409.5899963378906,25.690000534057617,25.1200008392334,78.25214418812989,-34.48669392446533,271.8178595602519,253.17690258458325,252.72013098014176,74.8799088198314,69.74807570608439,69.72210326775195,34.75515008928499,34.298378484843504,34.297406243692244
2022-06-02,409.4200134277344,417.3900146484375,24.719999313354492,23.56999969482422,73.54939400421921,-470.27501839106804,-185.79287264200886,-198.18506249208423,-198.3469018415235,50.30904365804704,47.5879772236924,47.582677450542626,21.370210903448466,21.20837155400922,21.208268447832168
2022-06-03,412.3999938964844,410.5400085449219,24.790000915527344,23.049999237060547,75.60034842874099,205.09544245217768,541.8829715054268,533.8674478843848,533.8417998860315,117.31110818377584,116.72638276478199,116.70008145512601,12.209982091956503,12.184334093603342,12.183670576494213
2022-06-06,414.7799987792969,411.7900085449219,25.06999969482422,25.56999969482422,75.53858483711821,-6.1763591622778335,370.4002521318147,348.4912893146878,347.96197384304327,80.84598190756567,75.12344546735848,75.09243107750348,41.509443074451035,40.98012760280656,40.978965722889946
2022-06-07,408.1000061035156,415.739990234375,24.020000457763672,24.229999542236328,71.73105528591498,-380.7529551203231,-563.2888048131615,-573.9535487016001,-574.2510960981018,-9.239871644466765,-10.273734924329622,-10.284940596088118,18.328981717626228,18.031434321124458,18.02915122808478
2022-06-08,413.9299926757813,411.2200012207031,23.959999084472656,23.90999984741211,72.91135528385136,118.02999979363875,317.33921357043585,304.7933053341169,304.5554555456155,150.85582933655917,149.5092547412363,149.5005284113341,21.905919363121598,21.668069574620176,21.66788677609486
2022-06-09,409.3399963378906,401.44000244140625,26.09000015258789,27.540000915527344,81.1559566085893,824.4601324737943,-281.94959347379927,-308.31395438023685,-309.34159652142984,108.65407919457391,99.74336795384446,99.66848636150279,51.92331640287801,50.895674261685066,50.891895467874185
2022-06-10,394.8800048828125,389.7999877929687,27.75,28.780000686645508,89.43799809720917,828.2041488619868,419.37823928004525,367.60772643083914,366.4773322081702,111.33293533760252,102.0054689124226,101.917769283739,103.04816350640796,101.917769283739,101.91267137791341
2022-06-13,379.8500061035156,375.0,34.02000045776367,38.86000061035156,108.10611476296934,1866.8116665760167,823.6426011361062,700.1682989024912,691.7521891471795,514.8173633225506,474.9553017548708,473.1889585157357,274.6145026286112,266.19839287329955,264.1375284846604
2022-06-14,376.8500061035156,373.8699951171875,32.689998626708984,36.95000076293945,106.02006295398068,-208.60518089886568,791.6620020371224,745.5410492655943,730.7782100622821,416.99679522001156,383.8458929072163,381.2281147214275,133.89273222111268,119.12989301780054,118.75699385120758
2022-06-15,377.3599853515625,379.2000122070313,29.6200008392334,32.529998779296875,97.63181789715928,-838.8245056821404,828.840828014952,800.5766574647689,794.3059258316421,290.0320876795755,269.88442773531057,269.05431552834057,71.68015257002143,65.40942093689446,65.33526102913477
2022-06-16,370.510009765625,366.6499938964844,32.95000076293945,36.58000183105469,109.9549429705214,1232.312507336212,690.2230254100901,593.5756011800325,588.687756970898,404.95453029479495,379.68085750659117,377.28663297632244,206.9320321471114,202.04418793797694,201.09929024550195
2022-06-17,365.510009765625,365.8599853515625,31.1299991607666,30.399999618530273,107.27245154899053,-268.24914215308695,438.15044030691206,390.0897586885656,389.1809029094348,231.60130597980745,224.16009611009073,223.17552542591318,95.18896580416653,94.28011002503578,94.20029856212977
2022-06-21,371.8900146484375,375.0700073242187,30.190000534057617,30.3799991607666,100.23275373992281,-703.9697809067718,713.9988257121628,694.3655813449938,691.1225649167118,223.91368718635212,212.2460326366952,211.95194053642382,45.15334363527136,41.910327206989386,41.891902338998705
2022-06-22,370.6199951171875,374.3900146484375,28.950000762939453,28.299999237060547,98.4274054743113,-180.53482656115136,381.33122572578077,343.2012768696472,342.69028792739647,191.68788738597874,186.14621520359339,186.00651912531765,73.99729457964143,73.48630563739076,73.45154034939067
2022-06-23,376.6400146484375,378.05999755859375,29.049999237060547,28.290000915527344,96.4792374712006,-194.81680031106947,665.5188627829647,650.657163052893,648.6937818271816,185.9120306778479,178.23413852643375,178.0958145141643,31.732620839333052,29.76923961362175,29.763066131485473
2022-06-24,381.3999938964844,390.0799865722656,27.229999542236328,26.040000915527344,86.94034997577663,-953.8887495423978,-417.6956822150423,-428.6971522634133,-429.0825973843362,131.86653806068313,127.41742888063243,127.36611446110766,19.263705132281622,18.8782600113586,18.876800053334875
2022-06-27,391.0499877929687,388.5899963378906,26.950000762939453,25.809999465942383,86.8836121816509,-5.673779412572344,333.49334131541025,320.63628682754387,320.23589360032224,161.29291196859663,156.7352144688931,156.66389927949595,23.021934618217834,22.621541390996256,22.619345643659663
2022-06-28,390.2300109863281,380.6499938964844,28.36000061035156,27.18000030517578,93.45250130445444,656.888912280354,-481.89793458589406,-521.0816644917236,-521.6373904386556,81.48126764379651,75.63053568450928,75.59664599683678,76.1589876670038,75.60326172007173,75.59518916632717
2022-06-29,381.2300109863281,380.3399963378906,28.15999984741211,26.559999465942383,93.19665773510195,-25.584356935249275,339.5854733593394,326.91628176374064,326.4699477040228,160.38766152190422,155.5039443315851,155.43281976718265,22.78423251696229,22.337898457244485,22.335641458715344
2022-06-30,376.239990234375,377.25,28.709999084472656,26.86000061035156,95.7482635078638,255.1605772761846,338.18469984648016,325.68067764609685,325.24123125494833,159.19421949023157,154.36273196402357,154.29388475586006,22.43293674621208,21.993490355063585,21.99133052464009
2022-07-01,376.55999755859375,381.239990234375,26.700000762939453,23.559999465942383,90.11799155628215,-563.0271951581648,243.7079262713627,238.75910044379737,238.4767165847571,95.31640218814582,93.3583813830727,93.35108664201225,6.845085039577656,6.562701180537326,6.562607901130496
2022-07-05,375.8800048828125,381.9599914550781,27.540000915527344,27.34000015258789,90.75709132785114,63.909977156899345,-25.23496241483428,-60.968842354025675,-61.40889960810417,174.36980165734062,169.35540864424198,169.25858251260846,68.972418034314,68.53236078023555,68.5042287398693
2022-07-06,382.1099853515625,383.25,26.729999542236328,25.950000762939453,88.62386695230055,-213.3224375550597,583.9293209188917,574.2606884921292,573.3122114505763,142.27885037757179,136.77106547188407,136.72136164950743,18.287403003391567,17.33892596183879,17.33738871305441
2022-07-07,385.1199951171875,388.989990234375,26.079999923706055,24.790000915527344,84.26627693102841,-435.7590021272131,294.1559008409788,270.0934529649599,269.9475845434001,47.04351323030368,44.53276670740675,44.52750667891907,44.67863512896646,44.53276670740675,44.52739030933914
2022-07-08,387.2699890136719,388.6700134277344,24.63999938964844,21.90999984741211,81.97014149561096,-229.61354354174546,444.74109644274176,441.39181923689864,441.2395558945283,74.25378597372656,74.10470166921611,74.10148789219693,3.255449287442225,3.1031859450719015,3.1031511954814546
2022-07-11,385.8500061035156,384.2300109863281,26.170000076293945,24.459999084472656,86.77480814748351,480.46666518725516,293.8857057963416,269.69456695165525,269.5296819136129,131.06598513353904,128.49228338490275,128.46524248478661,44.97850300253892,44.81361796449657,44.813096670288076
2022-07-12,383.6499938964844,380.8299865722656,27.290000915527344,27.1299991607666,90.44133628784223,366.65281403587215,648.9468346864691,633.302382761487,632.848602834635,176.09377711424386,170.76154505492602,170.60293268071194,28.776099499901882,28.322319573049896,28.313712561771972
2022-07-13,375.1000061035156,378.8299865722656,26.81999969482422,25.940000534057617,90.86319298710754,42.18566992653052,309.54486267062913,283.1686971106237,282.9824092669179,163.4725788217935,160.5814462141428,160.519501254973,49.43428942606764,49.24800158236178,49.240306450838624
2022-07-14,373.6099853515625,377.9100036621094,26.399999618530273,25.219999313354492,90.76271287111285,-10.04801159946851,-31.337521984430545,-39.45446648755165,-40.209330490937425,124.09808377538765,121.61411852290357,121.57525798698926,14.602128381517437,13.847264378131628,13.846071607775341
2022-07-15,382.5499877929687,385.1300048828125,24.229999542236328,22.13999938964844,83.01276827988065,-774.9944591232207,416.9050866966737,413.5717159380004,413.41658372840226,73.70009277202772,73.54837498217285,73.54492020155952,3.2322600162470163,3.077127806648961,3.0770874457788233
2022-07-18,388.3800048828125,381.9500122070313,25.299999237060547,25.600000381469727,86.37620473356162,336.34364536809755,-14.518711536104275,-26.044154958075822,-26.32948605454451,147.33868886588385,143.29472937303962,143.21900396949493,20.01613407663654,19.73080298016781,19.727720885852854
2022-07-19,386.0799865722656,392.2699890136719,24.5,26.200000762939453,78.86245113929537,-751.3753594266248,-118.18284662476528,-131.12541502353173,-131.5413576466345,162.03606360333094,157.3680790161193,157.29516794309293,23.239865389064654,22.82392276596186,22.82164418231627
2022-07-20,392.4700012207031,394.7699890136719,23.8799991607666,25.18000030517578,76.3660786348546,-249.6372504440771,578.9811053030331,569.5207416940983,568.5882086047516,135.4609809116392,134.5769069602541,134.5268262583152,17.82329716117777,16.890764071831008,16.889107676761427
2022-07-21,394.1600036621094,398.7900085449219,23.11000061035156,23.440000534057617,72.78328639491095,-358.27922399436574,262.97167896121897,254.00169598289747,253.91277938012533,124.99481192881143,123.08803974377479,123.08587537348558,14.31017605343184,14.221259450659732,14.22010625189287
2022-07-22,398.9200134277344,395.0899963378906,23.030000686645508,22.09000015258789,74.6821748590606,189.88884641496497,235.15547831508212,228.95490932965612,228.90851157907963,101.31044504684047,100.02449231557121,100.02370345633197,8.641322048075997,8.594924297499455,8.594594052060978
2022-07-25,395.75,395.5700073242187,23.36000061035156,23.09000015258789,74.7071885482497,2.5013689189108845,254.8270844311143,247.22814261422226,247.12557293548298,118.69504850622882,116.77795891342979,116.7748280283608,11.606352250715464,11.50378257197616,11.503529994034842
2022-07-26,393.8399963378906,390.8900146484375,24.690000534057617,24.950000762939453,79.43181547070341,472.4626922453709,313.31726520585147,301.5060606374031,301.2889709146158,147.76231855326378,144.4360269125762,144.35645763738287,20.383402877405075,20.16631315461779,20.16307345838397
2022-07-27,394.3599853515625,401.0400085449219,23.239999771118164,22.13999938964844,71.3018025036569,-813.0012967046512,24.079340024544187,8.765782449782137,8.728634181553799,-101.40716959018174,-102.49613776040991,-102.496761989536,26.839716590483334,26.802568322255006,26.802182805307268
2022-07-28,401.8900146484375,406.0700073242187,22.329999923706055,20.809999465942383,67.03079491827118,-427.10075853857177,223.38901710489424,220.25966188409316,220.20209779977262,71.05539220362432,70.9321828625017,70.92995878696247,2.5314585484169516,2.4738944640964453,2.473875846352991
2022-07-29,407.5799865722656,411.989990234375,21.329999923706055,18.56999969482422,62.24450835969135,-478.6286558579832,-37.20271796231079,-38.53382137049855,-38.53411365842228,43.55580988682679,43.52553871270763,43.52524517618387,-1.2369125667575571,-1.2372048546812944,-1.2372061057110386
2022-08-01,409.1499938964844,410.7699890136719,22.84000015258789,21.940000534057617,65.30180996871881,305.7301609027462,243.5469011152966,236.0462086095956,235.98712284658833,112.84124642169687,111.37539054629252,111.37422551708235,11.278678432763876,11.21959266975663,11.219580686431172
2022-08-02,409.1199951171875,408.05999755859375,23.93000030517578,23.25,68.43592640944414,313.41164407253217,284.282554068429,273.7750626808676,273.63861224134087,137.2719189457515,134.79181537635176,134.78785078667866,17.52452906541327,17.388078625886564,17.388014157268273
2022-08-03,410.2999877929687,414.4500122070313,21.950000762939453,20.559999465942383,61.80074258001892,-663.5183829425216,200.6739485116056,195.37799268930485,195.35242368509995,22.086930097037722,21.28408099222255,21.28366283608962,6.76862953883367,6.743060534628787,6.743056924200419
2022-08-04,414.3699951171875,414.1700134277344,21.440000534057617,19.690000534057617,60.88840618395625,-91.23363960626705,183.98225792025173,179.5953366799108,179.5833498415231,17.360091610126908,16.824189271157053,16.824072769598104,4.909804607260618,4.897817768872899,4.897817232968036
2022-08-05,409.6600036621094,413.4700012207031,21.149999618530273,19.31999969482422,60.59901805112885,-28.938813282739773,166.2160682307314,162.14172988983918,162.13480485317433,13.240921908577699,12.869729150050338,12.86967303643418,4.269452449083163,4.26252741241831,4.262527193751904
2022-08-08,415.25,412.989990234375,21.290000915527344,19.93000030517578,60.81098274108378,21.196468995492523,189.59048392960338,184.82752953709715,184.80930019548634,19.16055486180766,18.5103246928578,18.510070261346122,5.680602305079152,5.662372963468336,5.662371131786211
2022-08-09,412.2200012207031,411.3500061035156,21.770000457763672,20.809999465942383,62.36093313284658,154.9950391762806,453.7256952788659,449.9127235806155,449.90886128112584,77.90331942051928,77.73095458229434,77.72830790829586,3.737664177589939,3.733801878100323,3.7337572515647377
2022-08-10,418.7799987792969,419.989990234375,19.739999771118164,17.59000015258789,54.58276537476826,-777.8167758078325,143.5651928958198,142.02043780383957,142.01839712710884,46.72564493439601,46.68539962234602,46.685392845612114,-0.8043677637763409,-0.8064084405070666,-0.8064084478615929
2022-08-11,422.989990234375,419.989990234375,20.200000762939453,18.030000686645508,55.34291389486397,76.01485200957114,368.0309759786247,366.48533654517195,366.4848693467398,46.8457001864483,46.805078577438834,46.805040790702606,-0.8073193542888375,-0.8077865527209296,-0.8077866138851184
2022-08-12,422.0299987792969,427.1000061035156,19.530000686645508,16.780000686645508,51.11713230962451,-422.578158523946,-99.66649489060643,-100.35312132161818,-100.35316043696433,30.858201727332357,30.849192344588396,30.84916768522333,-2.5266296402397286,-2.5266687555858574,-2.5266688061519735
2022-08-15,424.7699890136719,428.8599853515625,19.950000762939453,18.540000915527344,51.02230133008666,-9.483097953784636,159.6193853163643,159.27526690187668,159.26885993183123,12.634031059734822,12.283556682790346,12.283505481479944,-3.1925416786247673,-3.198948648670201,-3.198948842757756
2022-08-16,427.7300109863281,429.7000122070313,19.690000534057617,18.600000381469727,50.10865477001323,-91.36465600734311,396.56554022886985,394.44424831121194,394.44325100070455,56.00764882712524,55.93965740867754,55.93965045015782,0.3455770134983709,0.3445797029909379,0.3445792874766678
2022-08-17,425.9100036621094,426.6499938964844,19.899999618530273,18.63999938964844,51.48768167243901,137.90269024257782,174.82832970399997,172.14078404527538,172.127743629382,15.68179246765928,15.595988095249945,15.595832981611002,1.5142151707338165,1.5011747548404628,1.501173886310191
2022-08-18,426.8599853515625,427.8900146484375,19.559999465942383,17.670000076293945,50.2651361987767,-122.25454736623078,363.3661878930865,362.0565930964175,362.0563873717501,44.00080609584645,43.97376235736453,43.9736541435506,-1.2801919445259835,-1.2803976691933494,-1.2803980985707986
2022-08-19,424.9800109863281,422.1400146484375,20.600000381469727,18.239999771118164,54.379412309298814,411.42761105221126,151.91609193545906,151.62516573857545,151.62012639646696,11.026591251791421,10.730663253360044,10.730625581544931,-3.303029185489868,-3.3080685275983717,-3.3080686590706674
2022-08-22,417.0499877929687,413.3500061035156,23.799999237060547,22.850000381469727,63.60615727657466,922.6744967275849,216.32863620426846,208.14222476722432,208.11693462888,119.20083391026802,118.59602964595315,118.58056922625762,12.550532580863857,12.52524244251961,12.524629425678922
2022-08-23,412.8999938964844,412.3500061035156,24.11000061035156,23.350000381469727,64.48229182786574,87.61345512910736,557.6061222709466,548.5230265436777,548.4855559760853,125.21604524746729,124.4544530352509,124.44656500410886,14.382161541538759,14.344690973946294,14.343505118955806
2022-08-24,412.1099853515625,413.6700134277344,22.81999969482422,21.200000762939453,61.56143382334925,-292.08580045164894,469.510364327344,465.1076602063038,465.1022564083876,84.4439624413174,84.22645570905738,84.2229952235242,4.92182959251908,4.916425794602841,4.9163558111400665
2022-08-25,415.239990234375,419.510009765625,21.780000686645508,20.34000015258789,56.99365205941234,-456.77817639369067,201.12957096596904,195.65893758382586,195.63353488520505,22.13281920266104,21.330043645330655,21.329632586292064,7.117485445515545,7.092082746894738,7.092079218623118
2022-08-26,419.3900146484375,405.30999755859375,25.559999465942383,23.899999618530273,69.94373235679554,1295.0080297383195,-1615.6479041887785,-1630.6922623202267,-1630.9579710707537,-876.3092847460471,-880.0436198276176,-880.0546116721723,26.986663581600325,26.7209548310736,26.720684908475725
2022-08-29,402.2000122070313,402.6300048828125,26.209999084472656,24.760000228881836,72.00327616562052,205.95438088249836,587.439882570599,577.1143669241864,576.550644937503,139.51287394622298,138.5722304426885,138.51874009426615,18.447431358846373,17.88370937216304,17.881965176761874
2022-08-30,403.8500061035156,398.2099914550781,26.209999084472656,24.40999984741211,74.32552156924835,232.22454036278322,-42.38926480667485,-54.44027344652607,-54.66637204788663,149.5889238861048,146.10544124402242,146.09724488436092,20.890598636083205,20.664500034722643,20.66107353739188
2022-08-31,399.9299926757813,395.1799926757813,25.8700008392334,23.690000534057617,75.5473136188582,122.17920496098458,287.71792520936845,264.6517227850401,264.52098038493085,44.81152951605953,42.498304889394895,42.49413950516717,42.6248819052764,42.49413950516717,42.49405724515257
2022-09-01,392.8900146484375,396.4200134277344,25.559999465942383,23.760000228881836,74.28801760576778,-125.92960130904203,243.57685907370885,236.37743813357807,236.21798439971343,110.90434795806837,110.38403498155617,110.36085081589354,10.97897060004702,10.819516866182413,10.818928000480128
2022-09-02,400.2799987792969,392.239990234375,25.469999313354492,22.969999313354492,76.70865242902248,242.06348232547015,-285.8788537234894,-305.9402497561968,-306.0338795989827,38.24910872171436,36.41287250291006,36.41019261236569,36.5038224551516,36.41019261236569,36.41014614363006
2022-09-06,393.1300048828125,390.760009765625,26.90999984741211,26.989999771118164,79.08652672799562,237.78742989731398,657.8004629537695,641.749830275129,641.099306239219,177.0016709089123,175.11098068913896,174.94375887756232,30.180399468214866,29.529875432304912,29.520709234924006
2022-09-07,390.4299926757813,397.7799987792969,24.63999938964844,24.049999237060547,71.71938034745097,-736.7146380544654,-272.58692913992934,-295.14685691112635,-295.27805597502254,137.61267511518946,135.34386153458883,135.33943938129278,41.615198114403945,41.48399905050776,41.483418457554784
2022-09-08,395.3900146484375,400.3800048828125,23.61000061035156,22.84000015258789,68.6957733285996,-302.3607018851365,178.02744755331827,159.60223860135503,159.5270770676792,34.69221582775297,33.10323192877997,33.101246233741016,33.17661337718104,33.10145184350521,33.10121517109977
2022-09-09,402.739990234375,406.6000061035156,22.790000915527344,21.709999084472656,63.72786598380961,-496.79073447899924,149.5926356293413,145.13069798615683,145.0580083431841,84.88920978539808,84.65335496209227,84.6465003654826,5.242262661137543,5.169573018164803,5.169466874081676
2022-09-12,408.7799987792969,410.9700012207031,23.8700008392334,25.260000228881836,62.51054879914848,-121.73171846611268,354.9237611271865,339.58335717722963,339.1793062192331,170.36143591475994,168.48624755104078,168.46711204985854,28.016359313817958,27.612308355821447,27.604514890419665
2022-09-13,401.8299865722656,393.1000061035156,27.270000457763672,29.13999938964844,77.37594704772081,1486.5398248572333,-607.671268901303,-633.058100857901,-635.2988546027666,-139.0064637988992,-142.9322528353737,-143.40537223686778,53.700502409017716,51.45974866415213,51.42495775259696
2022-09-14,394.4700012207031,394.6000061035156,26.15999984741211,27.280000686645508,74.98859655718383,-238.73504905369884,404.08655663236334,362.3208746293827,361.72402261581516,213.0252972244978,206.62908988973751,206.5927175909606,81.49279058882962,80.89593857526216,80.87235665686157
2022-09-15,392.9599914550781,390.1199951171875,26.270000457763672,27.11000061035156,77.99604809131083,300.7451534127,659.7791320766021,643.6808141095174,642.9633898150298,177.95332127167381,176.05120164350683,175.88391883664946,30.476294202436762,29.758869907949162,29.74976634791603
2022-09-16,384.1400146484375,385.55999755859375,26.299999237060547,27.059999465942383,81.14835649035318,315.23083990423544,374.97784468603203,338.3011903536319,337.89052957929846,184.10062262103938,179.21403177564017,179.02024895174944,70.71868975577804,70.30802898144455,70.29690910661277
2022-09-19,382.260009765625,388.5499877929687,25.760000228881836,27.780000686645508,78.26158278041392,-288.6773709939263,-56.05972692166861,-70.25101000134737,-72.1178776593899,174.27164590045234,172.53668251010424,172.39834519301348,30.103120086597137,28.236252428554494,28.229819379158286
2022-09-20,385.05999755859375,384.0899963378906,27.15999984741211,30.38999938964844,82.76167144046954,450.0088660055624,492.77034817461407,434.76582654886045,433.36294653913745,126.70822557114786,115.35403274979065,115.21757907447912,116.75691275951371,115.35403274979065,115.20812570285953
2022-09-21,386.1099853515625,377.3900146484375,27.989999771118164,30.34000015258789,88.40997515874051,564.8303718270967,-47.516252114395414,-74.92429429163087,-76.77323249290251,-263.2490864452279,-275.57287341284643,-276.06408959722944,56.57009257241215,54.72115437114057,54.68633442116273
2022-09-22,376.5799865722656,374.2200012207031,27.350000381469727,27.670000076293945,90.3008377794925,189.08626207519887,486.838149024452,473.56951115079846,471.96658243554543,172.81010573785272,166.2775614651281,166.17575934274163,27.45827244712528,25.855343731872253,25.851374853296257
2022-09-23,370.5799865722656,367.9500122070313,29.920000076293945,30.25,97.13555514592228,683.4717366429786,448.53412620378367,398.581111481389,397.5771379334573,236.12639406769244,227.44420619918975,227.11429496540651,99.29721703900374,98.29324349107216,98.20040135630884
2022-09-26,366.4100036621094,364.30999755859375,32.2599983215332,34.13999938964844,101.56057561499959,442.502046907731,771.9852031666148,697.6003918275668,690.6029835513768,310.4404973960802,291.7938994143559,290.82870931776523,167.35205619234202,160.35464791615206,159.86464209224798
2022-09-27,368.0199890136719,363.3800048828125,32.599998474121094,33.4900016784668,102.4717370081437,91.11613931441127,513.2034324445154,484.0667680198177,477.3087470625594,292.3944568456383,275.1916157496173,274.3305483547143,74.9498800263651,68.19185906910684,68.0991023478611
2022-09-28,364.3800048828125,370.5299987792969,30.18000030517578,31.15999984741211,95.00667970985589,-746.5057298287818,355.9143540218775,303.80051433185207,302.7775685035234,141.0089990907317,132.70675762291606,131.6015117016925,103.65739143221462,102.63444560388594,102.55087414258686
2022-09-29,366.80999755859375,362.7900085449219,31.84000015258789,32.66999816894531,102.26640164668126,725.9721936825372,360.20171620070033,334.39790883814396,329.45639632050734,270.0190657510414,254.08938905879793,253.49907020861176,63.57781320874893,58.636300691112304,58.29076755686022
2022-09-30,361.7999877929687,357.17999267578125,31.6200008392334,31.190000534057617,106.67407067861643,440.7669031935171,163.96621954243957,144.36061063198548,141.28675548585628,223.51676651441252,212.15693925238872,211.87339442761194,45.03385843647691,41.96000329034762,41.793786299665584
2022-10-03,361.0799865722656,366.6099853515625,30.100000381469727,30.649999618530273,97.80496488083043,-886.9105797786005,122.30516293441923,74.87798804947442,71.99987668663846,217.53962584775337,208.8771481109681,208.63024965456103,99.87247977577948,96.99436841294356,96.90021863167533
2022-10-04,372.3999938964844,377.9700012207031,29.06999969482422,29.81999969482422,87.98993145555704,-981.5033425273384,109.74302652490874,91.88302752146825,89.07482283965913,219.69599686031953,199.2686344342508,199.02779317506992,40.2922532165723,37.48404853476317,37.4688642427428
2022-10-05,373.3900146484375,377.0899963378906,28.549999237060547,28.809999465942383,88.21879007064672,22.885861508967764,259.6736999286407,243.53739026293303,241.08906935348952,192.89594196147306,185.83285584889543,185.61351965923242,35.758434391289654,33.31011348184609,33.29707978496971
2022-10-06,375.6199951171875,373.2000122070313,30.520000457763672,31.299999237060547,92.64256844452697,442.37783738802534,502.8314919385396,442.8174655116853,441.2389218209654,270.8127136417082,259.05243286473524,258.4844670446371,121.40566905985875,119.82712536913874,119.64723210896997
2022-10-07,368.9700012207031,362.7900085449219,31.36000061035156,30.549999237060547,101.52776948756369,888.5201043036716,18.86378372854211,-29.86590095273612,-33.93601605894355,232.9335192645155,224.18397364143945,223.71224902185523,106.00332682675972,101.93321172055226,101.85763434027179
2022-10-10,363.9599914550781,360.0199890136719,32.45000076293945,32.220001220703125,104.31145340646798,278.36839189042877,505.93261544673123,449.68701771712176,444.25321090042775,262.1415392327718,250.90259626987083,250.18100043617397,125.30808358236163,119.87427676566764,119.74081002421389
2022-10-11,358.239990234375,357.739990234375,33.630001068115234,34.65999984741211,106.82235665579648,251.0903249328507,850.2775009062996,819.9206961120259,812.8100323871854,300.2692639145105,283.01747979871266,282.04834943100394,79.11798186120281,72.00731813636204,71.69352147152273
2022-10-12,358.1700134277344,356.55999755859375,33.56999969482422,34.61000061035156,107.72551498089085,90.31583250943669,846.9514782170185,816.9081951037239,809.9461626115107,317.2877082646627,281.0166707911632,280.0761453883865,78.03807622018182,71.07604372796852,70.76396756206472
2022-10-13,349.2099914550781,365.9700012207031,31.940000534057617,31.510000228881836,98.92442756209218,-880.1087418798672,-2360.4183895359847,-1903.8959361412412,-1810.5339131577443,-2069.826001626587,-1979.6768878960083,-1980.4459210057905,-1196.870112287318,-1103.5080893038212,-1103.5593277762312
2022-10-14,368.5499877929687,357.6300048828125,32.02000045776367,29.670000076293945,105.94746628971015,702.3038727617973,-774.3204877352496,-792.1270996891161,-795.0122888856542,-268.5782342446688,-276.21402694123753,-276.4988923090414,40.52335345495554,37.63816425841744,37.587583731938786
2022-10-17,364.010009765625,366.8200073242187,31.3700008392334,30.600000381469727,90.33780058530411,-1563.566570440604,447.1552301799926,400.7341422074467,396.972605007514,225.3548057981958,217.3051372306536,216.8847157880083,100.42133317196463,96.6597959720319,96.59680410624092
2022-10-18,375.1300048828125,371.1300048828125,30.5,28.989999771118164,88.86470488567107,-147.3095699633035,412.64414720981665,369.2200276695229,368.53724584947736,227.09652439185564,220.35604417769142,220.0883326485355,85.15056847323989,84.46778665319434,84.41654361064697
2022-10-19,368.989990234375,368.5,30.760000228881836,28.670000076293945,88.80016735169389,-6.453753397718742,394.7952036275433,356.76264071073984,354.2831357603407,191.50537592266556,185.848129603777,185.62099904649716,79.68887699566959,77.20937204527037,77.18155198563583
2022-10-20,368.0299987792969,365.4100036621094,29.979999542236328,27.8700008392334,85.77875757545723,-302.1409776236652,620.3595990377357,608.2419278614082,606.7658990271303,161.21171336411453,155.65973182064258,155.56086197655563,24.7777694367392,23.3017406024614,23.297108561141457
2022-10-21,365.1199951171875,374.2900085449219,29.690000534057617,28.459999084472656,87.12690334675227,134.81457712950373,-490.15766882706714,-525.8863580211713,-526.3008527525706,-521.3170211045815,-525.8863580211713,-526.324753247412,68.8753865133787,68.46089178197941,68.43607504994749
2022-10-24,375.8900146484375,378.8699951171875,29.850000381469727,31.65999984741211,88.59631993463444,146.9416587882165,521.8543984927072,458.1843100179302,456.33819707966757,275.05368481604046,261.9645229026741,261.353490782747,129.66795133529945,127.82183839703683,127.59319256183971
2022-10-25,378.7900085449219,384.9200134277344,28.459999084472656,30.670000076293945,86.715291600365,-188.10283342694305,467.66217389690536,440.04454594050776,438.63655019962715,252.02696830803012,241.17880406730188,240.5653726210751,55.72768319697418,54.319687456093604,54.26380541731348
2022-10-26,381.6199951171875,382.0199890136719,27.280000686645508,29.31999969482422,82.36627648502304,-434.901511534197,721.128598373758,702.0954938589875,699.0594214000116,218.63709899378497,208.28950955138663,208.02584960930176,43.321867026490786,40.28579456751489,40.270420926567965
2022-10-27,383.0700073242187,379.9800109863281,27.38999938964844,29.770000457763672,81.86488168643903,-50.13947985840019,735.1882699561016,714.4016117680624,710.6501068819881,230.16255180800022,219.2011182896962,218.79609491919933,49.02110013380806,45.26959524773376,45.23866775676268
2022-10-28,379.8699951171875,389.0199890136719,25.75,27.809999465942383,80.66026307415225,-120.46186122867795,-420.6096304111805,-458.89827544441897,-459.38093137387926,-591.1065523223072,-596.6755120612729,-596.7044333544349,74.21555273848156,73.73289680902126,73.70283052976131
2022-10-31,386.44000244140625,386.2099914550781,25.8799991607666,29.799999237060547,79.5823078216529,-107.79552524993505,759.4305730302996,735.1444203668127,733.4115352588547,241.33400738624206,229.5136821694905,229.13112870552618,49.949339964145835,48.216454856187866,48.191081861909495
2022-11-01,390.1400146484375,384.5199890136719,25.809999465942383,30.510000228881836,78.65143634759859,-93.08714740543138,417.2324273801772,355.34949788579394,353.6966669251143,136.41511719570238,123.73316829593219,123.55982302423932,125.38599925661174,123.73316829593219,123.54672234629876
2022-11-02,383.8999938964844,374.8699951171875,25.86000061035156,29.3700008392334,75.4431903417395,-320.82460058590954,-591.0586923580544,-615.4976393191529,-616.5281711572862,205.8892098962487,197.03655059330882,196.57889523536065,48.18132274705428,47.15079090892089,47.11363661400784
2022-11-03,371.4700012207031,371.010009765625,25.299999237060547,28.399999618530273,72.71984415719618,-272.3346184543317,658.591175354567,644.2644262273245,642.4912980011733,181.34168776193212,174.44467165400607,174.3220702148072,30.24230835955006,28.469180133398716,28.41284287187524
2022-11-04,377.0,376.3500061035156,24.549999237060547,27.040000915527344,72.14585122763259,-57.39929295635875,612.9480228242029,601.5405942211423,600.2827809269914,157.58885847692736,151.2028245800667,151.1296090825976,22.696552820580997,21.438739526430048,21.43605336565247
2022-11-07,377.7099914550781,379.9500122070313,24.350000381469727,27.15999984741211,72.4981246943093,35.227346667670645,617.3932549936953,605.5412484273276,604.1439575394404,160.03541564763177,153.9306851735404,153.8373532812648,24.008023772178767,22.610732884291558,22.606804492718425
2022-11-08,381.1099853515625,382.0,25.540000915527344,28.700000762939453,76.27837019790637,378.02455035970723,405.27744103843855,385.6525488865623,384.68682034106394,209.0570534254231,200.99745417153554,200.78510491533345,38.27924331336746,37.31351476786909,37.302939968599915
2022-11-09,379.9299926757813,374.1300048828125,26.09000015258789,28.899999618530273,75.10873568041544,-116.9634517490934,248.2422910509127,203.17023301996522,202.4323762986312,95.26599756441941,87.88907856836293,87.83541636592487,88.62693528969699,87.88907856836293,87.83275828447258
2022-11-10,388.0499877929687,394.69000244140625,23.530000686645508,24.459999084472656,76.06070904760759,95.19733671921529,-393.1083143018014,-400.8241423158271,-401.50198229239214,121.68236467751626,118.55816291347524,118.52556010426375,13.568039456716848,12.890199480151766,12.889245506571205
2022-11-11,395.5899963378906,398.510009765625,22.520000457763672,21.309999465942383,75.32594195688743,-73.47670907201547,210.76795661276023,197.80976451953438,197.78062301814836,91.25621214897079,90.39603729427455,90.39552576174191,22.10390821471821,22.074766713332195,22.07473356251753
2022-11-14,396.6600036621094,395.1199951171875,23.729999542236328,21.190000534057617,76.36552032823633,103.95783713488953,445.66251143837655,442.29074422598165,442.2375341337888,74.21804197255913,74.08164974031027,74.07915450264728,3.003226009400927,2.9500159172081126,2.9499955506358067
2022-11-15,401.1499938964844,398.489990234375,24.540000915527344,21.799999237060547,79.876753383432,351.12330551956745,233.48600950218847,228.40863483139293,228.34060843013464,94.61120154813858,93.13990267355283,93.13817442933214,6.459030681366965,6.391004280108678,6.390937082898896
2022-11-16,396.7799987792969,395.4500122070313,24.11000061035156,19.670000076293945,77.2657320529308,-261.10213305012024,388.3752490415611,386.58565018542237,386.56657795480413,52.488568574855485,52.442082554685705,52.44160629753786,-0.26357959397403485,-0.28265182459234994,-0.2826538216629064
2022-11-17,390.4599914550781,394.239990234375,23.93000030517578,19.739999771118164,76.15627869980472,-110.9453353126085,159.04835418850536,151.64656217230126,151.6406761435718,66.95707320352068,66.64351806141215,66.64346778267817,10.921249389255985,10.915363360526543,10.915360937338443
2022-11-18,397.739990234375,396.0299987792969,23.1200008392334,18.34000015258789,74.89375275956918,-126.2525940235534,337.51097627741115,336.55254421748475,336.5486465523413,36.28650837722664,36.26869617624971,36.268561995321264,-1.9714416238734216,-1.9753392890168513,-1.9753397092977205
2022-11-21,394.6400146484375,394.5899963378906,22.36000061035156,19.510000228881836,72.05568008090104,-283.8072678668141,156.3636944386165,149.34932345747887,149.34526535365546,10.404404401854315,10.136924049052299,10.13689811915514,10.140976081729919,10.13691797790652,10.136898042025225
2022-11-22,396.6300048828125,399.8999938964844,21.290000915527344,19.030000686645508,72.11167410777625,5.599402687521149,368.7779392319493,367.4054533263611,367.3956674899663,46.04574138491007,45.59543041387743,45.595215624752086,-1.1256688945355426,-1.1354547309302911,-1.135455325346172
2022-11-23,399.5499877929687,402.4200134277344,20.350000381469727,16.90999984741211,71.27614610125897,-83.55280065172792,100.78985619933532,98.04414001010159,98.04391681033239,1.6376136845676932,1.59187912280741,1.59187877860019,1.592101978369409,1.59187877860019,1.5918787784021386
2022-11-25,401.8299865722656,402.3299865722656,20.5,17.059999465942383,71.38576913470135,10.962303344237512,304.1434936726386,303.64052572468427,303.6385073744463,26.284638564536863,26.279568551665733,26.279553616217683,-2.888009010342248,-2.8900273605801927,-2.890027374925282
2022-11-28,399.0899963378906,395.9100036621094,22.209999084472656,20.06999969482422,71.66792277285703,28.215363815567684,177.60813890364295,174.18099963885993,174.17204016072773,72.70182586299437,72.24122866999414,72.24115830889596,2.981259094122274,2.972299615990079,2.9722655730357586
2022-11-29,396.0499877929687,395.2300109863281,21.88999938964844,20.38999938964844,70.4758121010495,-119.21106718075265,186.1536912726615,183.2470219444084,183.22768304584247,69.74443677906687,69.0826345645052,69.08235754222154,1.9713754771097447,1.9520365785437868,1.9520298767895188
2022-11-30,395.489990234375,407.6799926757813,20.579999923706055,18.8700008392334,74.26170060780939,378.5888506759889,-1660.233670898608,-1398.2562528958222,-1398.2594989588624,-477.75314656334695,-477.9689153503925,-477.9689363499453,-527.8450954240536,-527.8483414870939,-527.8483422844874
2022-12-01,408.7699890136719,407.3800048828125,19.84000015258789,18.3799991607666,72.43799662721216,-182.37039805972302,152.504475577558,150.69005121536506,150.6870119381101,50.95946515050855,50.906205116262164,50.90619270330552,-0.26202259442614473,-0.26506187168114126,-0.2650654881474628
2022-12-02,402.25,406.9100036621094,19.059999465942383,17.950000762939453,70.45851568886074,-197.9480938351415,-51.62947930497078,-52.44699060605978,-52.454761669359875,33.877309052237585,33.86448763358548,33.864414343547374,-2.241663706197449,-2.2494347694975625,-2.2494349367388855
2022-12-05,403.9500122070313,399.5899963378906,20.75,23.809999465942383,69.53763264744029,-92.08830414204527,212.98956930410978,202.27444065462274,202.11362843180544,139.1892168466747,136.3923354144766,136.38730939433563,18.019440630619712,17.85862840780242,17.856380405425412
2022-12-06,399.4200134277344,393.8299865722656,22.170000076293945,27.079999923706055,69.7945747519124,25.694210447211674,155.1731222778201,133.03875164852892,132.40607591524972,215.03848795817225,208.38721661522644,208.3474780209201,42.34124029344861,41.70856456016937,41.68378707770884
2022-12-07,392.94000244140625,393.1600036621094,22.68000030517578,28.06999969482422,70.5987954495388,80.42206976263913,698.4260798750288,679.0944866795595,678.0646095217312,199.25764283511103,196.7146014122316,196.4543014259821,37.90311339481884,36.873236236990564,36.856539133748505
2022-12-08,395.1400146484375,396.239990234375,22.290000915527344,26.739999771118164,71.05666032821179,45.786487867299286,383.9101836606533,345.46592587926835,344.93604356297794,79.73130276115575,74.08315320952167,74.05221783796999,74.58210015426044,74.05221783796999,74.05094217599401
2022-12-09,394.94000244140625,393.2799987792969,22.829999923706055,26.479999542236328,70.81517441227803,-24.148591593376523,373.5895973952994,336.94379646996805,336.48615854691303,75.50747266768485,70.33449687755478,70.3097302250087,70.76736814806377,70.3097302250087,70.30880348870963
2022-12-12,394.1099853515625,398.9500122070313,25.0,29.540000915527344,78.3639633745676,754.8788962289577,465.52293232803606,436.25790381982057,434.87364266387885,259.5945700677513,248.423772126933,248.30667627851938,58.98004549134727,57.59578433540556,57.53034516733514
2022-12-13,410.2200012207031,401.9700012207031,22.549999237060547,23.700000762939453,74.12252622403028,-424.14371505373225,-310.14594402672014,-322.906182488967,-323.10144299031685,52.237082712890555,49.28125140435931,49.273498396657196,22.20683331291351,22.01157281156361,22.01138419797887
2022-12-14,401.6099853515625,399.3999938964844,21.13999938964844,20.200000762939453,69.48617549281829,-463.63507312119907,299.9253046484169,297.35609889194075,297.32559880679,64.02783701921607,63.94279206010308,63.94161289628183,1.3299322596548935,1.2994321745042061,1.299425344117628
2022-12-15,394.2999877929687,389.6300048828125,22.829999923706055,21.729999542236328,68.56652477906745,-91.96507137508405,138.60438996596636,132.7059449044448,132.67836322231443,98.42233766700255,97.51462707750802,97.51423029309679,7.980340793218389,7.952759111088035,7.952523915304161
2022-12-16,385.1799926757813,383.2699890136719,22.6200008392334,20.510000228881836,65.34366136397819,-322.28634150892645,169.45520588685477,161.0895225877732,161.081644843931,13.232132179714908,12.847354044120925,12.847277092701434,12.855231787963136,12.847354044120925,12.847276725554424
2022-12-19,383.4700012207031,380.0199890136719,22.420000076293945,20.829999923706055,63.34628448966393,-199.73768743142557,413.0102395267972,410.3677355042235,410.3565551101808,62.97121999242761,62.415872990568666,62.413934829374405,1.4186021026661333,1.4074217086235574,1.407404083759177
2022-12-20,379.2300109863281,380.5400085449219,21.479999542236328,19.780000686645508,61.11660702998752,-222.96774596764095,147.95229162884718,141.7667996444927,141.76438161933538,57.94965147374595,57.7463797657967,57.74534602333575,8.478269662478569,8.475851637321272,8.475841097906539
2022-12-21,383.25,386.2300109863281,20.06999969482422,17.579999923706055,59.92196740031453,-119.46396296729915,52.13107626411848,51.61939908499253,51.61297205815624,25.460637150388102,25.374929827276972,25.374901958971726,-2.857364435447324,-2.8637914622835847,-2.86379150421424
2022-12-22,383.0499877929687,380.7200012207031,21.969999313354492,19.84000015258789,62.1910800049241,226.91126046095746,368.51857960897615,367.03124583299075,366.99085260394986,46.76832033486198,46.35908096024504,46.358608067998624,-0.8041452804760572,-0.8445385095169966,-0.8445410029730507
2022-12-23,379.6499938964844,382.9100036621094,20.8700008392334,17.489999771118164,60.254407932829125,-193.66720720949786,93.99938743600777,91.63664926977296,91.63650134611693,40.84243215639043,40.80769099060736,40.80759407386908,0.8259207084430225,0.8257727847869791,0.8257725831185674
2022-12-27,382.7900085449219,381.3999938964844,21.649999618530273,19.770000457763672,61.170536990385,91.6129057555878,362.1082158307921,360.76284263895695,360.7295190797713,44.11838551458323,44.08540880140396,44.08506031688783,-1.1092780127214708,-1.1426015719070923,-1.1426032104168637
2022-12-28,381.3299865722656,376.6600036621094,22.13999938964844,20.8799991607666,60.609646868093236,-56.08901222917666,-253.66886367037876,-256.0364731635797,-256.0554162128478,62.218434510463446,61.56048355689361,61.5596455356546,0.8920594920295386,0.8731164427615985,0.8731126621015877
2022-12-29,379.6300048828125,383.44000244140625,21.440000534057617,20.489999771118164,61.25656005878038,64.69131906871439,161.6367882798667,154.1317379120709,154.12678708493522,75.55404725019183,75.25435295467608,75.25129814258302,11.1250588353302,11.120108008194524,11.120072802288048
2022-12-30,380.6400146484375,382.4299926757813,21.670000076293945,21.13999938964844,61.31468902245602,5.812896367564235,184.22057186414074,174.24864115806548,174.23465270563418,75.51147877807249,74.97144554780768,74.96983500648196,16.08637375775477,16.072385305323486,16.072202979528086
2023-01-03,384.3699951171875,380.8200073242187,22.899999618530273,25.079999923706055,63.27481744308412,196.0128420628095,305.1975329166469,279.66889478065144,279.51219353643523,149.11535525583932,146.48666148714537,146.40509824908716,47.63703740132277,47.480336157106514,47.477118298012016
2023-01-04,383.1799926757813,383.760009765625,22.010000228881836,23.920000076293945,62.14444046621547,-113.03769768686465,515.5818077725282,509.2804806902018,508.7982084564769,107.3397160680032,105.08531799739296,105.06553243588425,10.150905379138639,9.668633145413702,9.668155107144191
2023-01-05,381.7200012207031,379.3800048828125,22.459999084472656,24.540000915527344,61.49521412796713,-64.92263382483401,411.6075096278536,404.63332970081007,404.11096547270944,116.53131685324487,113.3293984286048,113.3103521079113,11.616607540549449,11.09424331244883,11.093861945706262
2023-01-06,382.6099853515625,388.0799865722656,21.1299991607666,21.56999969482422,61.69930820043609,20.409407246896194,-193.0069778248543,-195.74316410022166,-195.85419866978583,65.8636549986106,65.75470431468163,65.75260010780913,1.9055375376652286,1.7945029681010398,1.794482646863771
2023-01-09,390.3699951171875,387.8599853515625,21.969999313354492,23.040000915527344,63.23753797399267,153.822977355658,250.94049595491154,232.93457592168025,232.86405824828546,120.39417036262724,118.86875771748518,118.86694322220808,32.324040771063444,32.25352309766865,32.253307447822266
2023-01-10,387.25,390.5799865722656,20.579999923706055,21.5,61.21730896962809,-202.02290043645803,314.0465387429725,311.1566063486199,311.0389500115965,68.37524852230867,68.25973814085403,68.25757227529931,2.232893829884997,2.115237492861577,2.1152175781712863
2023-01-11,392.2300109863281,395.5199890136719,21.09000015258789,22.40999984741211,64.68288122272189,346.55722530937965,369.6298362905607,365.26985218149804,365.03024819443317,86.2710290887162,86.03767158818965,86.03133644666353,5.539048314587694,5.299444327522773,5.299354952553687
2023-01-12,396.6700134277344,396.9599914550781,18.829999923706055,16.459999084472656,60.59786524559928,-408.5015977122609,280.23208684950345,279.9238271338994,279.92319789090857,20.168957890317444,20.16690900009055,20.166905677279374,-3.2815928354176735,-3.282222078408525,-3.2822220798755652
2023-01-13,393.6199951171875,398.5,18.350000381469727,14.81999969482422,60.43263879093685,-16.52264546624309,69.78202925251038,69.65020049112088,69.65019381500473,11.526867638462843,11.519893003540608,11.519892492078363,-3.636322448543277,-3.63632912465943,-3.636329124769177
2023-01-17,398.4800109863281,397.7699890136719,19.36000061035156,16.610000610351562,61.691254408253,125.86156173161527,294.9969343224153,294.5100043776,294.5097656909487,24.621896357867527,24.565151513694687,24.565129825587086,-2.925423969037518,-2.9256626556887646,-2.9256626828148224
2023-01-18,399.010009765625,391.489990234375,20.34000015258789,17.239999771118164,60.36263538646615,-132.86190217868494,-590.0685439241031,-591.0368102981603,-591.0372005656,36.58348380766953,36.51345645106046,36.51345585233175,-1.9622957036375406,-1.9626859710772653,-1.9626862197201789
2023-01-19,389.3599853515625,388.6400146484375,20.520000457763672,18.280000686645508,59.31112355009539,-105.15118363707643,122.88448028670538,118.69153272086457,118.69076667941547,48.64209373549734,48.542357434807975,48.54235545156,4.488197175265446,4.487431133816338,4.487429827405132
2023-01-20,390.1000061035156,395.8800048828125,19.850000381469727,18.260000228881836,61.38454431703096,207.34207669355698,-55.75888147868134,-59.85868491629321,-59.85964486011078,4.405041363228946,4.301537313337093,4.301533801761758,4.302497257154672,4.301537313337093,4.301533796514208
2023-01-23,396.7200012207031,400.6300048828125,19.809999465942383,21.25,63.682014944100914,229.74706270699556,320.7025257164325,317.2879603557103,317.23024495216305,74.68405629693424,74.54376370472471,74.54112666207135,3.1023445939615986,3.0446291904143363,3.0446067197740696
2023-01-24,398.8800048828125,400.2000122070313,19.200000762939453,21.84000015258789,62.144809820193245,-153.72051239076683,228.71913244755504,223.04341960463339,223.00411577151664,96.37145720476111,95.2084103315622,95.20779985886072,7.57006722454455,7.530763391427817,7.530520062835631
2023-01-25,395.9500122070313,400.3500061035156,19.079999923706055,22.010000228881836,61.91185098422416,-23.295883596908595,157.38475401024013,152.14333333681742,152.0851568301497,96.384143535148,95.05511691511882,95.05372050801553,6.757569952891295,6.69939344622359,6.699327215972556
2023-01-26,403.1300048828125,404.75,18.729999542236328,21.049999237060547,63.87525372571301,196.34027414888493,450.58438684978717,446.7641738736054,446.7270164678921,77.1807501782748,76.99589198918383,76.99103566040742,3.8520958756867207,3.8149384699734643,3.8148725697267585
2023-01-27,403.6600036621094,405.6799926757813,18.510000228881836,20.030000686645508,63.99383507098143,11.858134526842434,190.79432050052154,187.6962680475344,187.6836914870098,68.73070926271075,68.14361104983708,68.14350676514533,2.333920744370409,2.321344183845829,2.3213154652479986
2023-01-30,402.7999877929687,400.5899963378906,19.940000534057617,22.420000076293945,63.266354822833705,-72.7480248147728,497.3963629332761,491.72324867295333,491.6142579548932,97.04863545238419,96.69744436122608,96.68482041128561,7.773950538369482,7.664959820309383,7.664709885363688
2023-01-31,401.1300048828125,406.4800109863281,19.399999618530273,21.739999771118164,65.75453169749707,248.81768746633668,-64.6684407497989,-69.67333933530723,-69.73799807613473,93.85946225894756,92.43532036893158,92.43371311806541,6.303961825252147,6.239303084424646,6.2392404337667084
2023-02-01,405.2099914550781,410.7999877929687,17.8700008392334,18.559999465942383,65.97963823966815,22.51065421710763,-15.102208329773989,-21.180906815015618,-21.18404960509833,8.478931997965292,8.26370244345771,8.263682662801362,8.266825507313063,8.26368271723037,8.263682661772384
2023-02-02,414.8599853515625,416.7799987792969,18.729999542236328,19.1299991607666,71.53042458581734,555.0786346149196,167.3416423969842,162.78219302141525,162.77461273541823,13.476460595348554,13.090953770018734,13.09088660027029,5.241640475340139,5.234060189343131,5.234059901228781
2023-02-03,411.5899963378906,412.3500061035156,18.329999923706055,17.760000228881836,67.6439339053515,-388.64906804658403,153.63247072821773,152.60155641532177,152.59621546017163,39.12024074169274,39.10288769302547,39.10285093830941,-1.8221479749764935,-1.8274889301266395,-1.8274891080536375
2023-02-06,409.7900085449219,409.8299865722656,19.43000030517578,20.670000076293945,67.46566964732601,-17.826425802549295,203.2245270725873,196.57061574376655,196.54717843989684,22.15190050007992,21.365952210167734,21.36560829623666,9.478142556745834,9.454705252876119,9.454702601801365
2023-02-07,408.8699951171875,415.19000244140625,18.65999984741211,19.6200008392334,69.86275296428546,239.70833169594528,144.14992962531565,140.98739065770553,140.97742712452705,31.486515901929437,30.98599214323793,30.985914748351156,2.455052722832063,2.445089189653598,2.4450611272582314
2023-02-08,413.1300048828125,410.6499938964844,19.6299991607666,21.0,68.17655772403106,-168.61952402544063,468.333618081723,463.79211313503487,463.78496592833835,84.58389933117657,84.33602505029751,84.33521508639276,5.204797644983696,5.1976504382872,5.197535065851556
2023-02-09,414.4100036621094,407.0899963378906,20.709999084472656,22.739999771118164,67.68217820949731,-49.43795145337475,-307.398959047031,-318.23075323101546,-318.34766893337746,44.10152497521273,41.88512436307266,41.881785925722006,18.114497900101185,17.997582197739142,17.997528537480754
2023-02-10,405.8599853515625,408.0400085449219,20.530000686645508,21.5,67.8586133879036,17.643517840629386,226.687942974849,221.25044195581233,221.19417978333107,98.36682719359776,97.06352672777344,97.06219972883008,7.143840096353044,7.0875779238718,7.0875608651332325
2023-02-13,408.7200012207031,412.8299865722656,20.34000015258789,21.40999984741211,70.38291173309885,252.42983451952483,234.6807758587915,229.11866167665292,229.074049639553,94.59553599135434,94.24184509222347,94.241130701418,7.358765045998792,7.314153008898909,7.313919498942418
2023-02-14,411.239990234375,412.6400146484375,18.90999984741211,17.719999313354492,67.84870632390094,-253.42054091979094,142.47515357658693,141.33817138856563,141.33445798987745,41.690338024884774,41.67075792192353,41.670734858386545,-1.6148952565621304,-1.618608655250274,-1.618608712360507
2023-02-15,410.3500061035156,413.9800109863281,18.229999542236328,16.020000457763672,67.6895584606018,-15.914786329913966,90.07867221535014,89.34265240682603,89.34247337903399,0.7318379909723394,0.6958894801202735,0.6958891866332513,-2.4274232990986557,-2.427602326890696,-2.427602327049665
2023-02-16,408.7900085449219,408.2799987792969,20.170000076293945,19.329999923706055,66.81384534420911,-87.57131163926886,176.06816574000547,173.33541815732704,173.3275596279673,63.75907324014539,63.65215787289224,63.65210498085687,1.589121459193465,1.5812629298337475,1.5812460280394376
2023-02-17,406.05999755859375,407.260009765625,20.020000457763672,16.940000534057617,65.8044827267897,-100.93626174194128,115.7921262561637,115.07411213710094,115.07310774466194,33.05436930299253,32.948230909560515,32.948227512881566,-2.4609585276207726,-2.4619629200597553,-2.461962939038672
2023-02-21,403.05999755859375,399.0899963378906,22.8700008392334,21.13999938964844,65.9744211348835,16.99384080937989,270.5844087137194,266.70390873939516,266.66269186002216,77.96416548927598,77.77481098608457,77.76978663165333,3.9848583681150407,3.943641488742042,3.943572230313224
2023-02-22,399.5199890136719,398.5400085449219,22.290000915527344,19.200000762939453,64.42504870190564,-154.93724329778615,155.38160865098277,148.47707082714865,148.47334460890607,10.173849659900794,9.91658135983427,9.91655942174447,9.920301220634872,9.91657500239227,9.916559363057376
2023-02-23,401.55999755859375,400.6600036621094,21.13999938964844,18.11000061035156,63.262668083195265,-116.23806187103725,346.3779564132184,345.3880832206736,345.3833070676991,38.326492844063445,38.31043366624523,38.31040224037459,-1.9059247182965007,-1.9107008712709606,-1.9107010171677632
2023-02-24,395.4200134277344,396.3800048828125,21.670000076293945,18.3799991607666,61.84931980451729,-141.33482786779723,131.0265023025312,126.0681971243817,126.06637608391483,53.467845218568534,53.31717587866074,53.31716686024965,6.0220744947025295,6.02025345423567,6.0202531152504335
2023-02-27,399.8699951171875,397.7300109863281,20.950000762939453,19.3700008392334,60.85677493705141,-99.2544867465881,158.53174045712427,151.2768054718511,151.27198164027695,10.90939176336276,10.619553036749814,10.619517997551807,10.624341829125964,10.619517997551807,10.619517876469056
2023-02-28,397.2300109863281,396.260009765625,20.700000762939453,19.59000015258789,59.47787955871813,-137.8895378333283,380.40398483530157,378.7437062211284,378.71793446177634,49.97273084797724,49.929290784082276,49.92881225453792,-0.5021204107960471,-0.5278921701480916,-0.5278945310750429
2023-03-01,395.4100036621094,394.739990234375,20.579999923706055,19.59000015258789,58.335433660677225,-114.24458980409042,161.02880671943188,153.44776889586313,153.44153348614037,69.29546644240705,68.96918955665322,68.96913507822208,11.280790992553397,11.27455558283065,11.274552544506935
2023-03-02,392.6799926757813,397.80999755859375,19.59000015258789,18.709999084472656,58.05350707181921,-28.192658885801336,-220.34611609967908,-221.34634450604585,-221.36605226734238,37.52364000344494,37.50408583364292,37.50393172948862,-1.8404183631869895,-1.8601261244835419,-1.8601266378796906
2023-03-03,399.7099914550781,404.19000244140625,18.489999771118164,17.760000228881836,59.96201357772439,190.850650590518,118.97911605984848,115.02084217237793,115.02009772495133,4.111015624058284,4.018038853792092,4.018036677643108,4.018781125069696,4.018036677643108,4.01803667502817
2023-03-06,405.0499877929687,404.4700012207031,18.61000061035156,19.600000381469727,60.07335464528683,11.134106756243511,171.57293757055797,163.0210670591829,163.0129182986905,13.616299549722397,13.22011696649348,13.220039631597926,13.228188392090354,13.220039631597926,13.220039269815272
2023-03-07,404.4200134277344,398.2699890136719,19.59000015258789,20.959999084472656,57.831632593472506,-224.1722051814321,-140.86983361582972,-146.6309972209892,-146.65411140737794,22.743275981391193,21.941586076695458,21.9412758884083,7.691676173598667,7.668561987209895,7.668559860727514
2023-03-08,398.3900146484375,398.9200134277344,19.11000061035156,20.56999969482422,57.26280606403866,-56.882652943384926,429.6362998430907,426.4973639300731,426.47909860781573,68.88855652006745,68.75437880485704,68.75139564587272,2.432765531439946,2.4145002091825924,2.4144676305821537
2023-03-09,399.739990234375,391.55999755859375,22.61000061035156,25.459999084472656,59.88963370336327,262.6827639324617,-339.2697743298145,-371.7464016408197,-372.0702335583277,65.89040571436652,61.71716223699948,61.702299067478215,62.02613098498623,61.702299067478215,61.70184811262117
2023-03-10,390.989990234375,385.9100036621094,24.799999237060547,26.86000061035156,61.85483986844933,196.52061650860588,366.1721399940285,349.98272902605544,349.3745053696622,185.13794990647787,179.1616270753043,179.0340520866694,30.318714633300118,29.710490976906875,29.705474066186213
2023-03-13,381.80999755859375,385.3599853515625,26.520000457763672,30.93000030517578,64.87541634375386,302.0576475304523,711.410153087048,687.2205857875808,682.5467929422315,258.0285319442408,243.33566616081856,242.83559077958122,58.62112419573819,53.94733135038878,53.90875883891443
2023-03-14,390.5,391.7300109863281,23.729999542236328,25.969999313354492,61.61834179163367,-325.7074552120187,348.5050316922818,315.8777261675773,315.52432374482333,174.86865931080212,170.56294455802515,170.54483175532064,62.42377981214624,62.07037738939231,62.06740498434127
2023-03-15,385.8900146484375,389.2799987792969,26.13999938964844,29.309999465942383,65.33964909678087,372.13073051472065,463.54429761685424,410.78852724003696,409.52750512896114,236.03038730594733,226.4269638469346,226.0872129926485,105.45603817892322,104.1950160678475,104.1748957554703
2023-03-16,386.8200073242187,396.1099853515625,22.989999771118164,24.61000061035156,62.03595463158281,-330.36944651980633,-673.4127529145319,-681.3994003011471,-681.6880282121328,-98.75690539444724,-102.49669741361247,-102.52198680414114,12.94090513117939,12.652277220193655,12.651708159027107
2023-03-17,393.2200012207031,389.989990234375,25.510000228881836,27.010000228881836,64.07304739520245,203.709276361964,658.391717101399,642.0737661733615,641.434381700034,178.46975213659275,176.5304456025312,176.355942044264,30.68335895990873,30.04397448658129,30.03422800816039
2023-03-20,390.7999877929687,393.739990234375,24.149999618530273,25.899999618530273,62.63943202101406,-143.3615374188392,332.02377687138187,318.27642930957893,317.8976861283702,167.3179734042201,162.85369084135922,162.83356154227874,24.738534151205997,24.35979096999729,24.357272005032407
2023-03-21,397.239990234375,398.9100036621094,21.3799991607666,22.84000015258789,59.96816332098874,-267.12687000253226,500.54562387210717,494.94326586438524,494.73826900409284,98.07933254137939,97.73704669143494,97.72564649443584,7.920316040080971,7.7153191797887075,7.7151160456164
2023-03-22,398.7300109863281,392.1099853515625,22.260000228881836,23.75,57.9533300453044,-201.48332756843388,-290.40799899978,-299.6649289867988,-299.802693787905,128.18087689270598,125.6194604190809,125.61559932949791,15.031397155524077,14.893632354417841,14.892218564177279
2023-03-23,395.0899963378906,393.1700134277344,22.61000061035156,23.11000061035156,59.02006332563623,106.67332803318317,259.9383688586762,240.77610732543886,240.695640191047,36.26897360688212,34.58768320902993,34.58555916813174,34.6660263025236,34.58555916813174,34.585525544987014
2023-03-24,391.8399963378906,395.75,21.739999771118164,20.6200008392334,58.57604393770568,-44.40193879305525,262.1934671077726,259.81293203999456,259.7789008160074,61.23707103251939,61.16041837077652,61.159363571366335,0.9631829891983816,0.9291517652111674,0.9291453888458596
2023-03-27,398.1199951171875,396.489990234375,20.600000381469727,19.309999465942383,56.5827089034282,-199.33350342774787,377.70824039767024,375.9919984606267,375.9846831676792,49.553218351087494,49.50440754220013,49.50376950397957,-0.4455589987772077,-0.4528742917247053,-0.4528780411436739
2023-03-28,395.7699890136719,395.6000061035156,19.969999313354492,18.329999923706055,54.87185479064456,-171.0854112783636,131.14503624310547,129.7815906613263,129.77928304272882,47.07186521615726,46.89789302993124,46.89788060257975,-1.1661853538344906,-1.1684929724319706,-1.1684931813462422
2023-03-29,399.9299926757813,401.3500061035156,19.1200008392334,17.170000076293945,56.74859096806614,187.67361774215772,105.40066216331692,102.32977050859434,102.3293932741338,2.3017856031677404,2.242538636566737,2.2425377805994477,2.2429150150599977,2.2425377805994477,2.2425377798552963
2023-03-30,404.0899963378906,403.7000122070313,19.020000457763672,17.299999237060547,58.00217708748299,125.35861194168518,116.67166977361235,115.50223229469775,115.5016840802476,40.66838877140443,40.583606604362494,40.58360556241195,-1.5594789425985507,-1.560027157048697,-1.5600276424557777
2023-03-31,404.6600036621094,409.3900146484375,18.700000762939453,16.510000228881836,61.32086109067835,331.8684003195358,96.0724078663418,93.59067115143954,93.59049916423882,1.1021043834816924,1.0638176497891871,1.0638174045831912,1.0639893917898577,1.0638174045891322,1.063817404461437
2023-04-03,408.8500061035156,410.9500122070313,18.549999237060547,17.030000686645508,61.97171981292263,65.08587222442799,119.37213757274755,118.39096131471986,118.39038848497823,36.559679734170814,36.54148648314333,36.54148548517197,-1.9359280796978158,-1.9365009094394516,-1.9365012144466576
2023-04-04,411.6199951171875,408.6700134277344,19.0,17.420000076293945,60.8665137656751,-110.52060472475276,69.9208153705031,69.07294633383319,69.06908685151146,35.1733537388622,35.16100798907636,35.160985654010965,-2.192683227584916,-2.19654270990665,-2.1965427939433164
2023-04-05,407.9100036621094,407.6000061035156,19.079999923706055,16.989999771118164,60.142917400296994,-72.3596365378107,307.8793682223583,307.2793045909464,307.2780884218424,27.833589769453866,27.825484418625813,27.825444054861066,-2.696224005875473,-2.6974401749794685,-2.697440249642419
2023-04-06,406.7699890136719,409.19000244140625,18.399999618530273,15.68000030517578,60.23492301446001,9.200561416301412,265.28177265845045,265.0556640007977,265.0552476934262,16.81607376454172,16.814869338487057,16.81486862014075,-3.446533761097981,-3.446950068469446,-3.4469500689634693
2023-04-10,406.6099853515625,409.6099853515625,18.969999313354492,16.799999237060547,60.93512305872236,70.02000442623526,307.11361979517824,306.5950026762557,306.59349874336567,26.949275730659075,26.944129770887365,26.944124391113128,-2.8582539300550467,-2.8597578629450746,-2.8597578740883387
2023-04-11,410.260009765625,409.7200012207031,19.100000381469727,16.860000610351562,61.095090597096544,15.996753837418254,107.2028792350942,105.97690865866241,105.97635793841887,2.8957655613490374,2.8232837098938957,2.823282168175627,-1.4464066815440098,-1.4469574017875484,-1.4469574034075077
2023-04-12,411.8699951171875,408.0499877929687,19.09000015258789,15.899999618530272,59.81110480920708,-128.39857878894634,-112.58112965303212,-112.88024693211524,-112.88106882685545,19.62704655080256,19.625012842689387,19.62501087860582,-3.2992997519933747,-3.3001216467336265,-3.300121648606832
2023-04-13,409.1799926757813,413.4700012207031,17.799999237060547,14.649999618530272,62.08028762697897,226.91828177718918,66.59826403018609,66.31225937553914,66.31225061642523,19.345966033170882,19.338805793482358,19.338805791452863,-3.327964413364005,-3.32797317247792,-3.32797317247804
2023-04-14,412.80999755859375,412.4599914550781,17.06999969482422,13.350000381469728,60.39534852095981,-168.4939106019165,190.3076890753276,190.27506389399255,190.27506387892532,4.111939829317761,4.111889625828978,4.111889625536383,-3.834749592125548,-3.8347496071927907,-3.834749607193674
2023-04-17,412.3699951171875,413.94000244140625,16.950000762939453,14.510000228881836,61.201012791887514,80.56642709277071,225.46220151181814,225.37118071188692,225.3711805079536,9.271263541154513,9.270984669799715,9.27098446582641,-3.7179577882176127,-3.7179579921509545,-3.7179579921909203
2023-04-18,415.5799865722656,414.2099914550781,16.829999923706055,14.710000038146973,61.21709086897581,1.6078077088295117,70.67148095487599,70.37049636456946,70.37046140524889,-1.2005690028617457,-1.2137928415257284,-1.2137928662783035,-3.297925941411287,-3.2979609007318524,-3.297960900736511
2023-04-19,412.2200012207031,414.1400146484375,16.459999084472656,14.300000190734863,60.716968571063546,-50.012229791226304,219.07237720490406,218.99866819607294,218.99866809699344,8.147987112228645,8.147803820963166,8.147803741074858,-3.752581685058024,-3.752581784137518,-3.7525817841512956
2023-04-20,411.2099914550781,411.8800048828125,17.170000076293945,15.130000114440918,59.572548271078844,-114.44202999847022,86.4867392902399,86.26010804726873,86.25998859244162,17.46694913427413,17.4658924985062,17.46589236844345,-3.446379149459987,-3.446498604287099,-3.446498604325884
2023-04-21,412.19000244140625,412.2000122070313,16.770000457763672,14.880000114440918,59.31921177840292,-25.33364926759276,238.65224298808144,238.52595205571149,238.52595162826168,11.576813354303564,11.576340201116839,11.576339870259545,-3.647416852582638,-3.647417280032491,-3.6474172801418208
2023-04-24,411.989990234375,412.6300048828125,16.889999389648438,16.649999618530273,59.5496398200634,23.042804166048114,301.7743937621503,301.2820236525774,301.2820081935293,25.749826615677733,25.744826018031944,25.744816417191508,-2.9152133545963417,-2.915228813644474,-2.9152288300156326
2023-04-25,410.5799865722656,406.0799865722656,18.760000228881836,19.079999923706055,56.7594901040688,-279.0149715994595,163.3491021612284,160.56220203658796,160.55378941103814,13.255742669904057,12.862918509577606,12.862834668940183,1.699039301684068,1.6906266761342374,1.6906262842184754
2023-04-26,406.7200012207031,404.3599853515625,18.84000015258789,19.280000686645508,55.58221923428539,-117.72708697834133,264.87715965739505,262.9896479823178,262.9701564261415,54.066036296452715,54.01514786020293,54.01489707951934,-0.06649512017137171,-0.08598667634764334,-0.08598896339105355
2023-04-27,407.0,412.4100036621094,17.030000686645508,17.219999313354492,59.28079514008774,369.85759058023507,-167.55313393585308,-168.16794038694457,-168.17155398633852,29.18025015259935,29.172791532029635,29.17276241313099,-2.6595461773553986,-2.663159776749326,-2.663159817509288
2023-04-28,411.489990234375,415.9299926757813,15.779999732971191,15.529999732971191,60.94726050239774,166.64653623099994,-84.21530743898397,-84.47684085921185,-84.47715491576821,18.549619919757788,18.5481508327983,18.548150319064064,-3.37599098837637,-3.3763050449327223,-3.3763050454323285
2023-05-01,415.4700012207031,415.510009765625,16.079999923706055,16.06999969482422,60.62901624075869,-31.824426163905173,96.26696037864191,95.48551759523221,95.48522826916236,1.5068313385977756,1.4585841141227869,1.4585835249570005,-2.336246453750613,-2.3365357798204625,-2.3365357802272806
2023-05-02,414.7699890136719,410.8399963378906,17.780000686645508,18.61000061035156,58.43489704607889,-219.41191946798,153.53786982220134,149.9111720614526,149.90680019382543,10.578244423418889,10.302208058257209,10.302178615212911,3.366511400496619,3.3621395328694765,3.362139440967435
2023-05-03,411.3599853515625,408.0199890136719,18.34000015258789,18.489999771118164,56.87093655144947,-156.396049462942,164.30118141643683,162.70537859408935,162.6965149279353,49.768508525046954,49.73224307611263,49.73216043821245,-0.6818009710750395,-0.6906646372290774,-0.6906654324845487
2023-05-04,406.9299926757813,405.1300048828125,20.09000015258789,19.8799991607666,56.986205004879224,11.526845342975633,411.5933889842372,409.2165468344367,409.1799398051598,61.083253603934956,61.00595079076937,61.00486420162671,0.9635257811252513,0.9269187518482882,0.9269119539878394
2023-05-05,408.9100036621094,412.6300048828125,17.190000534057617,15.34000015258789,58.974554536634976,198.83495317557518,83.29417029764502,82.92212440745008,82.9220844082127,21.63739461369675,21.618899862138477,21.61889984498825,-3.1557882218928253,-3.155828221130221,-3.1558282211319173
2023-05-08,412.9700012207031,412.739990234375,16.979999542236328,15.239999771118164,58.620521846151036,-35.40326904839404,255.31236928232565,255.101655251119,255.10165277927544,15.182236211808855,15.180899618037257,15.180899547350537,-3.4785645180404154,-3.4785669898839324,-3.4785669912225283
2023-05-09,411.1300048828125,410.9299926757813,17.709999084472656,16.399999618530273,57.8290786122906,-79.14432338604342,110.19344390831628,109.62640282184678,109.62570264066672,28.939335966882126,28.93382172303167,28.93381978774118,-2.7638172781115813,-2.7645174592916337,-2.7645174610947145
2023-05-10,413.8800048828125,412.8500061035156,16.940000534057617,14.59000015258789,58.513544030277544,68.44654179869423,73.20334020148468,72.96132313979201,72.96130911483546,16.969800308115865,16.968312782058696,16.96831277873484,-3.4159238017445532,-3.415937826701104,-3.4159378267012594
2023-05-11,411.9500122070313,412.1300048828125,16.93000030517578,14.489999771118164,57.84303108338297,-67.05129468945756,228.363620839716,228.27184197583802,228.2718418400151,9.621459201772256,9.621210031943065,9.62120994776822,-3.7164418647202857,-3.7164420005432146,-3.7164420005615453
2023-05-12,413.4200134277344,411.5899963378906,17.030000686645508,14.09000015258789,57.42309441806434,-41.99366653186303,74.28183309844673,74.17236562874521,74.17235693546148,10.126898142152607,10.126492063826582,10.126492062607069,-3.681038980549207,-3.6810476738329356,-3.6810476738984574
2023-05-15,412.2200012207031,413.010009765625,17.1200008392334,14.640000343322754,58.409308000404465,98.62135823401275,230.38691066632958,230.28518652282202,230.2851862809372,10.078020342301873,10.07769526403348,10.077695071300647,-3.696550987182916,-3.696551229067761,-3.6965512291169205
2023-05-16,411.8599853515625,410.25,17.989999771118164,15.989999771118164,56.9825635056363,-142.67444947681653,280.7052223875224,280.3852422087747,280.3843270320088,20.398354740919473,20.396066417851635,20.396064094030507,-3.2572941049681896,-3.258209281734067,-3.258209284147037
2023-05-17,412.3500061035156,415.2300109863281,16.8700008392334,14.670000076293944,59.865519530262574,288.29560246262747,184.84381540464764,184.73853527722574,184.73853497846937,10.20692463283922,10.206566075065775,10.206565776240748,-3.689438848681113,-3.6894391474374424,-3.689439147506143
2023-05-18,414.8999938964844,419.2300109863281,16.049999237060547,14.0600004196167,62.62182909498132,275.6309564718748,55.2774290129635,54.878811270132125,54.87880710467316,-2.4370365656939703,-2.4408311188853125,-2.4408311199726054,-3.1027520179601424,-3.102756183419109,-3.1027561834191806
2023-05-19,420.1700134277344,418.6199951171875,16.809999465942383,14.25,62.54327869153107,-7.855040345025088,62.0473233844451,61.7038966857069,61.703884678979,-1.943148307375566,-1.9500924028529019,-1.9500924081931572,-3.2131105823380284,-3.2131225890659385,-3.2131225890665545
2023-05-22,418.6400146484375,418.7900085449219,17.209999084472656,15.520000457763672,62.75903533021365,21.575663868257777,99.7513913679793,99.3085392914203,99.30840794268333,23.446099263385676,23.441456095124153,23.441456000854735,-3.01390180062767,-3.014033149364647,-3.014033149379127
2023-05-23,417.0799865722656,414.0899963378906,18.530000686645508,17.3700008392334,59.901616550794124,-285.74187794195257,151.952394675515,151.09136948535445,151.0912952470368,34.85696046166251,34.84350210818947,34.8434533526492,-2.177726429734241,-2.1778006680518525,-2.1778008263823847
2023-05-24,412.4200134277344,411.0899963378906,20.030000686645508,19.770000457763672,59.030525656664246,-87.10908941298783,413.53819731079716,411.0021367969073,411.0006882068756,62.12185764118012,62.03374533148861,62.03228513989216,1.1765017465996923,1.1750531565680529,1.17504150709558
2023-05-25,414.739990234375,414.6499938964844,19.13999938964844,18.459999084472656,60.74172954143304,171.12038847687927,149.6855023547018,146.30836282423766,146.30466399406865,9.812406599653142,9.56277547278415,9.562752602532596,2.865375745639337,2.86167691547033,2.861676850822115
2023-05-26,415.3299865722656,420.0199890136719,17.950000762939453,17.239999771118164,64.04849452778195,330.6764986348917,116.99213660721615,115.42584076776238,115.42460782113365,4.99881740041522,4.879543049219652,4.879538022563942,-0.7637094565544702,-0.7649424031832077,-0.7649424114004604
2023-05-30,422.0299987792969,420.1799926757813,17.459999084472656,16.510000228881836,63.53046962935757,-51.802489842438604,310.48250595805496,309.9033160016208,309.903291377993,28.1112370988969,28.10454425464642,28.10452865157808,-2.7415461371417322,-2.7415707607695476,-2.7415707871383743
2023-05-31,418.2799987792969,417.8500061035156,17.940000534057617,16.850000381469727,61.80569650510779,-172.47731242497792,325.4488702600871,324.6279657698291,324.62787507476094,32.908754940725785,32.89476272380071,32.89476013757622,-2.257918930084053,-2.258009625152216,-2.258009626550631
2023-06-01,418.0899963378906,421.8200073242187,15.649999618530272,13.979999542236328,63.804781117620095,199.90846125123056,-142.55096958592608,-142.6403637538703,-142.64036398494054,8.802912527461546,8.802615459201691,8.802615456548471,-3.721210970775915,-3.7212112018461543,-3.7212112018877903
2023-06-02,424.5,427.9200134277344,14.600000381469728,12.739999771118164,69.04652313885691,524.1742021236817,40.61155611504434,40.49037853445088,40.490378290483314,-3.20984869954689,-3.210635996254385,-3.2106359962665723,-3.657644106910381,-3.65764435087795,-3.65764435087795
2023-06-05,428.2799987792969,427.1000061035156,14.729999542236328,14.140000343322754,68.14486354182155,-90.1659597035362,88.35241618587195,88.19367102133268,88.19366998189064,12.75738357351637,12.756583565282375,12.756583556142301,-3.582506552594183,-3.5825075920362197,-3.5825075920365985
2023-06-06,426.6700134277344,428.0299987792969,13.960000038146973,13.829999923706056,68.78421118734116,63.934764551960654,84.59635201214807,84.50784229248411,84.50784220311162,9.596670505080384,9.596455263612045,9.596455230440673,-3.7229802925407864,-3.722980381913281,-3.7229803819178864
2023-06-07,428.44000244140625,426.5499877929687,13.9399995803833,13.859999656677246,67.30400811749836,-148.02030698428013,78.60119036367671,78.46063806653271,78.4606373915134,11.892997914062661,11.89237025712642,11.892370254177612,-3.618893380653871,-3.61889405567317,-3.6188940556732505
2023-06-08,426.6199951171875,429.1300048828125,13.649999618530272,13.59000015258789,69.68907477551127,238.50666580129172,78.59740691040973,78.52565025540406,78.52565020978787,8.41243902997064,8.412294483433765,8.412294468538276,-3.7564865531356095,-3.7564865987517924,-3.7564865987532916
2023-06-09,429.9599914550781,429.8999938964844,13.829999923706056,13.289999961853027,70.42277405526113,73.36992797498567,50.22872652163172,50.22614841821315,50.22614618367544,-2.707677629496666,-2.710257967023521,-2.710257967452975,-3.8948370895496494,-3.8948393240873624,-3.8948393240873815
2023-06-12,430.9200134277344,433.7999877929687,15.010000228881836,15.350000381469728,74.28767369987182,386.4899644610688,99.46249631776497,98.93129285604219,98.93093182450629,1.9363092685941226,1.9316097937237213,1.9316090469465017,-2.836509980459238,-2.8368710119951484,-2.8368710124909846
2023-06-13,435.3200073242187,436.6600036621094,14.609999656677246,14.399999618530272,76.954105828759,266.64321288871804,74.84064156515103,74.82408266809625,74.82403237047475,-0.8350963213139795,-0.8383481474665748,-0.8383481913657524,-3.866731312992782,-3.866781610614276,-3.8667816106253405
2023-06-14,437.010009765625,437.1799926757813,13.880000114440918,12.710000038146973,77.3263721115344,37.22662827753993,194.49856419698796,194.46655567450622,194.46655566745946,4.44779934817082,4.447761508670089,4.447761508669826,-3.835982933896234,-3.835982940943019,-3.835982940943019
2023-06-15,436.3299865722656,442.6000061035156,14.5,13.579999923706056,82.68812175684269,536.1749645308294,-443.8082038998102,-443.9243801833577,-443.9243803278299,11.704820063411095,11.704497601780298,11.704497601770184,-3.6676469994795715,-3.6676471439518172,-3.667647143954744
2023-06-16,443.0199890136719,439.4599914550781,13.539999961853027,11.329999923706056,79.45985267878997,-322.8269078052719,49.027142306380206,49.01848729744233,49.01848729712854,0.48079109650066876,0.4807865276070524,0.48078652760704976,-3.88268998118286,-3.882689981496638,-3.882689981496638
2023-06-20,437.4500122070313,437.1799926757813,13.880000114440918,12.920000076293944,77.05994189404593,-239.9910784744037,198.90787042942614,198.86703833951645,198.86703831632119,5.169057305727218,5.168988752413664,5.1689887524119325,-3.8183357505948097,-3.8183357737900847,-3.8183357737900847
2023-06-21,436.1600036621094,434.94000244140625,13.199999809265137,12.029999732971191,74.745675418837,-231.42664752089388,45.84961140692475,45.824025804907855,45.82402580376887,-2.9546998042602852,-2.954717648278544,-2.954717648337654,-3.8488287925492557,-3.8488287936882406,-3.8488287936882415
2023-06-22,433.9500122070313,436.510009765625,12.90999984741211,11.149999618530272,76.23890185890055,149.32264400635518,28.307317872817585,28.292884073337724,28.292884072936324,-3.63221096207943,-3.6322183882367565,-3.6322183882367685,-3.8711323998360667,-3.8711324002374683,-3.8711324002374683
2023-06-23,432.9299926757813,433.2099914550781,13.4399995803833,11.609999656677246,72.96974632686268,-326.9155532037871,155.70811279094832,155.69997185830746,155.69997185802308,0.3584766902231147,0.3584725160037552,0.3584725160037525,-3.8837181338651385,-3.883718134149523,-3.883718134149523
2023-06-26,432.6199951171875,431.44000244140625,14.25,12.68000030517578,71.18529902764547,-178.44472992172058,186.51807307665737,186.49065587903837,186.49065587038237,3.581629629471448,3.581594145130067,3.581594145129655,-3.845165578794015,-3.845165587450019,-3.845165587450019
2023-06-27,432.3500061035156,436.1700134277344,13.739999771118164,12.050000190734863,75.74289931619413,455.7600288548656,-69.00335219677527,-69.01423305393408,-69.01423305446727,1.1264410792521318,1.1264348389673051,1.1264348389672971,-3.8782382840827716,-3.8782382846159686,-3.8782382846159686
2023-06-28,435.0499877929687,436.3900146484375,13.43000030517578,11.739999771118164,75.8958017999356,15.290248374147097,29.565365533919696,29.565132161109837,29.565132117861886,-3.555048742107949,-3.5552821581645677,-3.555282158165759,-3.8995331246364318,-3.89953316788438,-3.89953316788438
2023-06-29,435.9599914550781,438.1099853515625,13.539999961853027,11.75,77.56509194721903,166.92901472834336,38.12325126907046,38.10082224425539,38.10082224369766,-3.272938104527295,-3.272950581969739,-3.2729505819803992,-3.8551419486966685,-3.8551419492543975,-3.8551419492543975
2023-06-30,441.44000244140625,443.2799987792969,13.59000015258789,11.529999732971191,82.66281860898978,509.772666177075,46.48576248764657,46.47390039607638,46.47390039592111,1.7661772084783625,1.7661724238894259,1.7661724238894259,-3.876275816393825,-3.8762758165490854,-3.876275816549086
2023-07-03,442.9200134277344,443.7900085449219,13.56999969482422,12.0,83.04549436978792,38.26757607981364,177.0646649154542,177.0445513675366,177.0445513638849,2.5152276103323468,2.5152066132339757,2.51520661323387,-3.859772893209663,-3.859772896861369,-3.859772896861369
2023-07-05,441.9100036621094,443.1300048828125,14.18000030517578,12.56999969482422,82.32781696633944,-71.76774034484765,77.72101720472942,77.6877442768652,77.68774427003443,4.646841018592941,4.646801895095383,4.646801895095157,-3.833454123779239,-3.8334541306100154,-3.8334541306100154
2023-07-06,439.4200134277344,439.6600036621094,15.4399995803833,13.960000038146973,78.93095944504512,-339.6857521294322,69.65951873281938,69.64979052046812,69.64978287950963,-1.4143629177848354,-1.4179679938222254,-1.4179679999044872,-3.880520652420075,-3.880528293378559,-3.8805282933792085
2023-07-07,438.6300048828125,438.5499877929687,14.829999923706056,12.600000381469728,77.73845019033774,-119.25092547073746,57.03302101394487,56.966233754169906,56.966233688157224,7.4839847475677015,7.483830628707848,7.483830628702629,-3.766425282412019,-3.7664253484246992,-3.7664253484246997
2023-07-10,438.1799926757813,439.6600036621094,15.06999969482422,13.5,78.72023794523506,98.17877548973115,85.02833446623849,84.91768697418259,84.91768658080711,10.158558961332218,10.15813292857939,10.15813292849345,-3.678703835761477,-3.6787042291369465,-3.6787042291370557
2023-07-11,440.4500122070313,442.4599914550781,14.84000015258789,13.699999809265137,81.43751795394613,271.72800087110716,65.63239502952321,65.62288382534899,65.62286352098523,-1.6241735450071726,-1.6255144505955341,-1.6255144616935748,-3.880916678555642,-3.880936982919395,-3.880936982920941
2023-07-12,446.3900146484375,446.0199890136719,13.539999961853027,11.380000114440918,84.89907490625195,346.1556952305827,45.00905838629659,44.99693210829055,44.99693210813526,-3.053314920317622,-3.0533198005008497,-3.05331980050085,-3.8757474435220467,-3.8757474436773394,-3.8757474436773394
2023-07-13,447.8999938964844,449.55999755859375,13.609999656677246,12.130000114440918,88.39304755696824,349.39726507162874,185.72658925528668,185.69881137052803,185.69881136150897,3.540305613384663,3.540268380935358,3.5402683809349664,-3.8444442034255473,-3.844444212444625,-3.844444212444625
2023-07-14,450.4800109863281,449.2799987792969,13.34000015258789,11.899999618530272,88.07023166091898,-32.28158960492635,40.03106660030097,40.03003159530561,40.0300315833286,-3.180418337544378,-3.180418848375423,-3.1804188483755627,-3.8979299540782617,-3.897929966055265,-3.8979299660552655
2023-07-17,449.1300048828125,450.8399963378906,13.479999542236328,13.09000015258789,89.50929420274878,143.90625418297986,62.08794995738402,62.082709728831894,62.08270841334613,-2.0405034732876013,-2.0416378891547273,-2.0416378894971023,-3.8895155964383656,-3.889516911924126,-3.889516911924154
2023-07-18,450.5,454.19000244140625,13.300000190734863,13.149999618530272,92.81586524188104,330.65710391322654,61.51434806255518,61.507176371127876,61.50717585059764,-1.9400790959362308,-1.9400917202582992,-1.9400917203020809,-3.885655055553066,-3.885655576083305,-3.885655576083845
2023-07-19,455.010009765625,455.2000122070313,13.760000228881836,13.359999656677246,51.04203839203734,-4179.98268498437,65.11546018941955,65.1070578289501,65.10705782143987,-1.7121259340228479,-1.712141484809396,-1.712141492320626,-3.8831952565274173,-3.88319526403766,-3.883195264038647
2023-07-20,454.1700134277344,452.1799926757813,13.989999771118164,13.56999969482422,50.959434946517575,-8.260344551976573,73.71133750319373,73.6995194928001,73.69951336537841,-1.1011579633912745,-1.1041300458540455,-1.1041300491153674,-3.876345596946316,-3.876351724368011,-3.876351724368466
2023-07-21,453.9599914550781,452.1799926757813,13.600000381469728,12.5,49.55068473798437,-140.87502085332062,56.40813641972868,56.40504010550786,56.40503980839015,-2.4454086564033295,-2.445841223937382,-2.445841223978137,-3.8938064802052192,-3.8938067773229332,-3.8938067773229346
2023-07-24,453.3699951171875,454.2000122070313,13.90999984741211,13.40999984741211,50.91145442643986,136.07696884554912,86.7443193997637,86.56786950232069,86.5678682048733,13.671941607270467,13.670998104755236,13.670998104303825,-3.5470963127717177,-3.5470976102191005,-3.5470976102191405
2023-07-25,453.9200134277344,455.44000244140625,13.859999656677246,13.489999771118164,51.00982824366426,9.837381722439886,75.87915341086948,75.86665038086826,75.86664682430812,-0.957563636749259,-0.9595615805354769,-0.9595615821451045,-3.874983270316562,-3.8749868268767105,-3.8749868268768983
2023-07-26,454.4700012207031,455.510009765625,13.1899995803833,11.739999771118164,48.70243187933062,-230.73963643336413,38.192283377921264,38.19169170107617,38.19169162880571,-3.3007278788373684,-3.3007280250796067,-3.300728025083507,-3.8988164294984258,-3.8988165017688856,-3.8988165017688856
2023-07-27,459.0199890136719,452.489990234375,14.40999984741211,13.470000267028809,51.95472483695687,325.22929576262527,-425.1799829064849,-425.193688697256,-425.19369416529366,-0.8456141609456918,-0.8482909139234929,-0.8482909168337684,-3.8725720143435156,-3.8725774823811983,-3.8725774823816077
2023-07-28,455.8800048828125,456.9200134277344,13.329999923706056,11.229999542236328,49.44905131851351,-250.56735184433592,36.8219644014275,36.82132617821417,36.8213261775393,-3.3177577591491136,-3.317772040302286,-3.3177720403022883,-3.8987235515487195,-3.8987235522235952,-3.8987235522235952
2023-07-31,457.4100036621094,457.7900085449219,13.630000114440918,12.619999885559082,50.4952776572145,104.62263387009898,208.45930186672007,208.4040833765991,208.40408332627348,6.542761849680344,6.542646783743617,6.542646783738496,-3.7895628687812364,-3.7895629191068196,-3.78956291910682
2023-08-01,456.2699890136719,456.4800109863281,13.93000030517578,13.010000228881836,51.023032598932815,52.77549417183138,75.26046131142715,75.1359758503677,75.13597567906928,-0.8607467685628687,-0.8611089198301505,-0.8611089198425428,-3.651028563985799,-3.6510287352842363,-3.6510287352842363
2023-08-02,453.25,450.1300048828125,16.09000015258789,15.399999618530272,56.69296938858784,566.9936789655026,135.67100012749367,134.936264526992,134.9361988044876,31.02123082568172,31.00977090198763,31.009770764203104,-2.430331631168458,-2.430397353672876,-2.4303973537778547
2023-08-03,448.0400085449219,448.8399963378906,15.920000076293944,15.0600004196167,55.78180071800037,-91.11686705874718,130.25282383219303,129.77810264705667,129.77808169250756,24.350092492266945,24.34468941052927,24.344689382711742,-2.950494766042226,-2.9505157205913526,-2.950515720603916
2023-08-04,450.7200012207031,446.80999755859375,17.100000381469727,16.09000015258789,59.37322818374278,359.1427465742413,129.15789592740956,128.99127266053682,128.99112146862805,6.593437444546348,6.56705171168179,6.567051468021933,-3.566299826414827,-3.5664510183236198,-3.5664510396947264
2023-08-07,448.7099914550781,450.7099914550781,15.770000457763672,14.68000030517578,55.31652501122102,-405.67031725217646,102.52944654332006,101.99906935525301,101.99904598712264,1.8862082626488368,1.8799684314157448,1.8799684040495972,-2.8391755194445474,-2.8391988875749323,-2.8391988875850007
2023-08-08,448.0799865722656,448.75,15.989999771118164,14.8100004196167,55.59785533791603,28.13303266950129,123.01245835197435,122.60862779642937,122.60861420045515,22.19753557961854,22.193444405958267,22.193444391140964,-3.0922981009715813,-3.0923116969457993,-3.0923116969510636
2023-08-09,449.0299987792969,445.75,15.960000038146973,15.329999923706056,54.91612241482528,-68.1732923090749,110.81310362713786,110.74254218107998,110.74243383818558,3.2233982820430356,3.2060201796021426,3.2060199462401906,-3.758552078329069,-3.7586604212234827,-3.7586604215141146
2023-08-10,448.19000244140625,445.9100036621094,15.850000381469728,15.380000114440918,54.487457278574766,-42.86651362505154,132.90151136646912,132.269803835769,132.26975936413695,28.524997947705444,28.51614283082374,28.516142751094073,-2.636451523551327,-2.6364959951834126,-2.636495995234142
2023-08-11,443.9700012207031,445.6499938964844,14.84000015258789,13.630000114440918,50.95287850791206,-353.4578770662705,72.11148532047162,71.84645309738471,71.84645043136615,-1.3049785983088893,-1.306663489348399,-1.3066634903876686,-3.3699275557700146,-3.36993022178856,-3.3699302217887372
2023-08-14,444.7000122070313,448.1099853515625,14.81999969482422,14.56999969482422,51.060247396432175,10.736888852011361,83.59972525226894,83.57618634433358,83.5761359764085,-0.04721843210572629,-0.05951946157235044,-0.05951953559127343,-3.8527710802841177,-3.8528214482092022,-3.8528214482325027
2023-08-15,446.2699890136719,442.8900146484375,16.459999084472656,16.559999465942383,55.746493032069566,468.6245635637391,149.31171997650438,148.02724020425512,148.02708870543103,10.230662129845921,10.206210635325556,10.206210339880846,-1.330585958434832,-1.3307374572589294,-1.3307374574570012
2023-08-16,442.4599914550781,439.6400146484375,16.780000686645508,16.360000610351562,56.43146735677104,68.49743247014715,259.3571349700331,258.5040703492276,258.5039845832804,34.28187875210515,34.26788153265284,34.267881322383666,-2.193613459901756,-2.1936992258490373,-2.1936992260641226
2023-08-17,441.1600036621094,436.2900085449219,17.889999389648438,17.469999313354492,59.859908888254324,342.8441531483287,165.54252132361466,163.61053159385514,163.61008066788162,13.65779457465853,13.608397413938329,13.608396000744031,-0.034666584344539064,-0.035117510318110945,-0.03511790305605844
2023-08-18,433.3699951171875,436.5,17.299999237060547,16.540000915527344,57.81942703713301,-204.04818511213136,142.55553432341915,141.55453068106058,141.5543814990901,36.7402753503338,36.72074475875556,36.720744316363984,-1.8975451607760072,-1.8976943427464947,-1.8976943456114044
2023-08-21,437.5499877929687,439.3399963378906,17.1299991607666,16.81999969482422,57.168636104306415,-65.07909328265953,342.1546794993164,341.14014882645984,341.140008549337,37.598561685203194,37.57949353735025,37.579493108687714,-1.870517821234659,-1.8706580983575352,-1.87065809891845
2023-08-22,441.1799926757813,438.1499938964844,16.969999313354492,16.389999389648438,56.4774712998302,-69.1164804476216,137.9366668051275,136.84450560998,136.84441383789854,8.034128686041083,8.01602562376411,8.016025487691511,-1.7154021863268611,-1.7154939584083388,-1.7154939941195635
2023-08-23,439.25,443.0299987792969,15.979999542236328,15.34000015258789,53.509489701577195,-296.79815982530044,100.96325186621596,100.03121392608548,100.03113203241807,1.8033554952073372,1.788224802138366,1.788224530838166,-2.0356784384064808,-2.0357603320738735,-2.035760332183997
2023-08-24,444.69000244140625,436.8900146484375,17.200000762939453,16.100000381469727,57.012541033715934,350.3051332138739,-503.5300854436275,-503.6340074065677,-503.634559168138,4.593464655982096,4.539418221487171,4.539415516688267,-3.6905007795093776,-3.6910525410797104,-3.6910525443794606
2023-08-25,438.6799926757813,439.9700012207031,15.68000030517578,13.779999732971191,52.076701016310494,-493.58400174054395,77.47636048513837,77.26807182623095,77.26807011202969,15.321739829329848,15.320547056545477,15.320547055935455,-3.483417539580824,-3.4834192537820874,-3.4834192537822757
2023-08-28,442.239990234375,442.760009765625,15.079999923706056,13.529999732971191,50.1043076853982,-197.2393330912297,226.0414019537643,225.9508650012855,225.95086482844394,9.329807061554593,9.329542496889273,9.329542496859991,-3.7189255765176514,-3.7189257493592374,-3.718925749359239
2023-08-29,442.6499938964844,449.1600036621094,14.449999809265137,13.300000190734863,48.86935501251776,-123.49526728804392,-613.6132657916266,-613.6909551806621,-613.6909553315816,8.175634408697563,8.175410949741394,8.175410949716492,-3.7446207691706057,-3.7446209200901124,-3.7446209200901133
2023-08-30,449.510009765625,451.010009765625,13.880000114440918,12.420000076293944,47.29291441292705,-157.64405995907111,46.64965517006874,46.64809984658444,46.64809943587415,-2.9310318630920973,-2.9316511382037698,-2.931651138270327,-3.896888120900539,-3.8968885316108253,-3.8968885316108266
2023-08-31,451.6499938964844,450.3500061035156,13.56999969482422,11.789999961853027,46.06879484332694,-122.41195696001057,60.46961977980478,60.44936066228883,60.449360661199385,3.084408672619624,3.084394387303992,3.0843943873039823,-3.8594817616997754,-3.8594817627892155,-3.8594817627892155
2023-09-01,453.1700134277344,451.19000244140625,13.09000015258789,10.449999809265137,44.61190193277912,-145.6892910547822,40.22876639954806,40.22507938072123,40.22507938069936,-0.8736432178224751,-0.8736441318092893,-0.8736441318092893,-3.892625962280738,-3.8926259623026116,-3.8926259623026116
2023-09-05,450.7300109863281,449.239990234375,14.010000228881836,12.890000343322754,46.91146985896407,229.9567926184949,59.643230288854845,59.63697803935538,59.63697786257965,-2.070278257136655,-2.07070436769701,-2.0707043677065187,-3.8874949706731203,-3.88749514744885,-3.8874951474491066
2023-09-06,448.3999938964844,446.2200012207031,14.449999809265137,13.100000381469728,47.77385015331299,86.23802943489238,76.79532894806844,76.67641517131351,76.67641474934271,10.714743115537877,10.71427706970653,10.714277069619596,-3.662171180577736,-3.662171602548537,-3.6621716025485416
2023-09-07,443.1099853515625,444.8500061035156,14.399999618530272,13.100000381469728,47.35223119480648,-42.161895850651376,82.35020859671616,82.26777572651518,82.26777554931864,8.355868920705051,8.355614628831967,8.355614628804423,-3.7351337280084382,-3.7351339052049752,-3.735133905204976
2023-09-08,444.8999938964844,445.5199890136719,13.84000015258789,12.380000114440918,45.54199706857969,-181.02341262267885,42.586886932510744,42.58570718140744,42.58570658619207,-3.0970435118330193,-3.097044106990118,-3.0970441070483936,-3.8976387121472853,-3.8976393073626583,-3.8976393073626596
2023-09-11,448.239990234375,448.4500122070313,13.800000190734863,13.270000457763672,45.63798260027346,9.598553169377055,84.6059519513873,84.48245501690768,84.48245450283396,10.920195222258414,10.91968331938481,10.919683319261578,-3.653004588819547,-3.653005102893268,-3.653005102893275
2023-09-12,446.9500122070313,445.989990234375,14.229999542236328,14.050000190734863,46.57168503985494,93.37024395814808,111.84255150980488,111.66487544695366,111.66487457888311,14.426516243373209,14.425700497309231,14.425700497062769,-3.5446452700858497,-3.5446461381563896,-3.5446461381564123
2023-09-13,446.2200012207031,446.510009765625,13.479999542236328,12.470000267028809,44.15021428679293,-242.14707530620103,58.81363312564892,58.757940008375115,58.757939994407785,-2.195045062666524,-2.195124719521294,-2.195124719521571,-3.788613723550263,-3.788613737517589,-3.788613737517635
2023-09-14,449.0700073242187,450.3599853515625,12.81999969482422,11.800000190734863,42.63027445397606,-151.9939832816874,41.03041621809824,41.02972887222014,41.029728845185936,-3.218121634900588,-3.2182239358173703,-3.218223935818484,-3.898625227141195,-3.898625254175398,-3.898625254175398
2023-09-15,447.1400146484375,443.3699951171875,13.789999961853027,12.510000228881836,44.62083617847884,199.05617245027827,-130.11655853917648,-130.15114330661171,-130.15114331698626,4.671533296286695,4.671487620951821,4.671487620951323,-3.830830434005912,-3.830830444380445,-3.830830444380445
2023-09-18,443.0499877929687,443.6300048828125,14.0,13.619999885559082,45.102370479480896,48.153430100205696,235.82402004629884,235.693142016574,235.69314136979514,11.330413464849876,11.329837693618119,11.329837693433978,-3.6382420002137184,-3.6382426469925626,-3.638242646992576
2023-09-19,442.6799926757813,442.7099914550781,14.109999656677246,14.229999542236328,45.294372987411606,19.20025079307095,252.17809762363933,251.9889226357866,251.98892093341266,14.420518160605015,14.419452229178246,14.4194522283749,-3.521644917172492,-3.5216466195464053,-3.521646619546517
2023-09-20,444.010009765625,438.6400146484375,15.140000343322754,15.270000457763672,48.260911804422875,296.6538817011269,-165.4089386103278,-166.2539367570945,-166.25400925286888,2.503081233100242,2.489655885783912,2.4896557550143754,-2.2097862187436705,-2.2098587145180915,-2.2098587146513164
2023-09-21,435.7000122070313,431.3900146484375,17.540000915527344,18.8799991607666,55.776064499265516,751.5152694842641,190.21373867850983,186.40586857514063,186.38537813409255,19.224255346718984,19.069893115643943,19.069590387586395,3.7772182524120614,3.7567278113639624,3.756725570536082
2023-09-22,432.4500122070313,430.4200134277344,17.200000762939453,17.510000228881836,54.67985947883369,-109.62050204318246,360.85988220486456,359.5409008878767,359.54063161852395,43.50278596104489,43.473250633028165,43.47324956862183,-1.2612295521964332,-1.2614988215492122,-1.2614988234708107
2023-09-25,429.1700134277344,432.2300109863281,16.899999618530273,17.559999465942383,53.42311570027306,-125.6743778560633,146.78430516999944,144.5341386001891,144.53140064788857,9.090377052390622,9.017130090922047,9.017118017708542,0.6085470591589512,0.6058091068584144,0.6058090859795353
2023-09-26,429.0899963378906,425.8800048828125,18.940000534057617,19.850000381469727,60.02175236615395,659.8636665880889,211.5548834184424,206.31777387644374,206.29155194609905,24.016285680384733,23.703004646822535,23.70265828918229,6.652891312063343,6.626669381718667,6.626667236055379
2023-09-27,427.0899963378906,426.0499877929687,18.219999313354492,18.920000076293945,57.73448236353417,-228.72700026197776,408.67918890688395,406.3224531260477,406.3213816502207,60.10070295674755,60.024183051754314,60.024176124875346,0.8167023461789702,0.8156308703520354,0.8156254180490281
2023-09-28,425.4800109863281,428.5199890136719,17.34000015258789,17.6299991607666,54.75559889914712,-297.8883464387053,141.9732226814908,139.87751854133774,139.87402848355157,8.767591025217092,8.540126289272191,8.540103309510418,0.3018786504019113,0.2983885926157601,0.2983885270367095
2023-09-29,431.6700134277344,427.4800109863281,17.520000457763672,17.200000762939453,55.31225513411255,55.66562349654305,162.9922668601186,161.81578317985512,161.81564223062205,41.74461590775873,41.722610709303325,41.72261038751996,-1.5466092214295455,-1.5467501706626372,-1.546750360777223
2023-10-02,426.6199951171875,427.30999755859375,17.610000610351562,17.610000610351562,55.358135006546775,4.587987243422731,166.5131877842108,165.1834915758095,165.1832988979466,44.64947174108906,44.622477401543506,44.62240082333257,-1.2400287117209463,-1.2402213895838825,-1.2402216688794718
2023-10-03,425.05999755859375,421.5899963378906,19.780000686645508,19.899999618530273,62.40231649243049,704.4181485883712,196.5161368449107,195.74853067562998,195.72416243288515,22.06135210205364,21.26975198512382,21.26937461524453,-2.291673667871466,-2.3160419106162906,-2.3160449990281347
2023-10-04,422.0700073242187,424.6600036621094,18.579999923706055,18.299999237060547,58.37898210530062,-402.33343871298644,376.5681968918838,374.98052897396695,374.98015203715914,48.564431137904066,48.5258352009912,48.52559569439776,-0.7235286211832528,-0.7239055579910709,-0.7239071355078579
2023-10-05,424.3599853515625,424.5,18.489999771118164,18.36000061035156,58.04591211919268,-33.30699861079438,160.29303630241088,157.12875012803076,157.12364904507052,11.796008331181527,11.667100958232549,11.667068337453617,2.4438758725535434,2.438774789593344,2.4387746979558997
2023-10-06,421.9700012207031,429.5400085449219,17.450000762939453,16.290000915527344,54.359270664839556,-368.6641454353122,-604.7408032449985,-605.2462254581159,-605.246241787592,26.137657002970762,26.13244007902727,26.13243027943954,-2.8891065438018773,-2.8891228732779175,-2.8891228871229595
2023-10-09,427.5799865722656,432.2900085449219,17.700000762939453,17.8799991607666,54.703731519869336,34.44608550297801,-90.36530505978745,-91.82492396107395,-91.82529094480535,45.820542675311366,45.78491563427919,45.78491395111301,-0.9796609048604097,-0.9800278885918159,-0.980028002379167
2023-10-10,432.94000244140625,434.5400085449219,17.030000686645508,17.110000610351562,52.510883172031726,-219.28483478376108,349.89564025983566,348.7279981169865,348.7277746724232,40.21731432595482,40.19216257773972,40.19216174043639,-1.5640453194557802,-1.5642687640190638,-1.5642687844035401
2023-10-11,435.6400146484375,436.3200073242187,16.09000015258789,15.170000076293944,49.53523271537574,-297.5650456655984,94.80017481370523,94.16640568109933,94.16614212522094,1.3144007160662197,1.3083482924834833,1.3083477983662224,-2.6316710662529896,-2.6319346221313764,-2.6319346224314057
2023-10-12,436.9500122070313,433.6600036621094,16.690000534057617,15.869999885559082,51.33526478883118,180.00320734554407,40.71271766707271,40.15520638106766,40.15518534822149,27.596916919466125,27.590727135885857,27.590727111819703,-2.7849143294185748,-2.7849353622647572,-2.784935362275693
2023-10-13,435.2099914550781,431.5,19.31999969482422,18.760000228881836,59.26204792417818,792.6783135346994,178.1359889078091,177.59344518575406,177.57932015500768,16.874989795440413,16.686537437524628,16.686364195687723,-2.772534265828291,-2.786659296574671,-2.7866603625103403
2023-10-16,433.8200073242187,436.0400085449219,17.209999084472656,17.190000534057617,52.516749908623666,-674.5298015554511,148.03247171076308,146.2880898914073,146.287506693244,49.974949143811116,49.92582906007808,49.925819248844846,-0.40948672903091987,-0.41006992719422497,-0.4100699397834364
2023-10-17,432.80999755859375,436.0199890136719,17.8799991607666,17.709999084472656,54.45171213277291,193.49622241492455,167.1058098633845,165.55548004532577,165.55502654553177,47.110638090315064,47.070363240820626,47.07036095295109,-0.7979795793830817,-0.7984330791770438,-0.7984331742107731
2023-10-18,434.19000244140625,430.2099914550781,19.219999313354492,18.899999618530273,58.54907107498735,409.73589422144414,189.03222703446392,184.79741014146384,184.79194124643206,18.264522077915018,18.048591200753933,18.048457252947443,4.586042254035544,4.580573359003804,4.580572764692219
2023-10-19,430.9500122070313,426.4299926757813,21.399999618530273,21.459999084472656,65.1314671483922,658.2396073404851,266.1786318861009,258.39725494485697,258.2672094501277,41.39248515970599,40.84873562685508,40.84432792916392,12.053152820269,11.923107325539743,11.923019847857281
2023-10-20,425.9800109863281,421.19000244140625,21.709999084472656,20.760000228881836,66.45977156827851,132.8304419886308,237.13706595882132,231.3842797751034,231.31247007694157,32.32177933727497,31.997077890531216,31.995210622440027,7.82108209718942,7.749272399027591,7.749245522060155
2023-10-23,419.6099853515625,420.4599914550781,20.3700008392334,20.690000534057617,62.45805589515814,-400.17156731203727,218.44147976119703,211.25443612744195,211.22016595689948,26.360932935657345,25.34929983827027,25.34872450536249,10.576913148487401,10.542642977944938,10.542637879490105
2023-10-24,422.6499938964844,423.6300048828125,18.969999313354492,19.309999465942383,57.9244158393569,-453.3640055801243,414.79918844128747,412.1957160006177,412.19407651140915,62.73704781183782,62.641641616870324,62.641627497897865,1.311905891843196,1.3102664026346273,1.3102522218128314
2023-10-25,421.8900146484375,417.5499877929687,20.190000534057617,20.489999771118164,62.27557642552702,435.1160586170124,-26.463995224801927,-30.590596296527323,-30.5949194213729,81.78493208991779,81.59252993247262,81.59017656604512,4.366269366571389,4.361946241725795,4.361913626498723
2023-10-26,416.4500122070313,412.5499877929687,20.68000030517578,20.799999237060547,64.59430423199012,231.87278064631016,235.2498599612537,230.83387999337666,230.76351542817073,86.184745794304,85.96990696288393,85.96815332389461,5.143123542819357,5.072758977613468,5.072735674510772
2023-10-27,414.19000244140625,410.6799926757813,21.270000457763672,21.36000061035156,66.53536147514052,194.10572431503965,233.60479367661915,226.6648522900822,226.6178045962998,107.96444598251755,106.69593369013546,106.69509537572415,10.121048979788734,10.074001286006334,10.073993612217642
2023-10-30,413.55999755859375,415.5899963378906,19.75,20.649999618530273,61.04631557433146,-548.904590080906,223.68721071353824,219.21004798423135,219.17719743327288,83.86890475885664,83.62200296336094,83.62156820554162,5.152884481266447,5.120033930307988,5.120031477533129
2023-10-31,416.1799926757813,418.2000122070313,18.13999938964844,19.020000457763672,56.02589538348653,-502.04201908449306,178.87803000295543,176.50239803577207,176.48730689328082,61.83714113107194,61.76582390727038,61.765636605270636,0.8965406098042292,0.8814494673129802,0.8814483846629511
2023-11-01,419.2000122070313,422.6600036621094,16.8700008392334,16.8700008392334,51.53760640573,-448.82889777565254,119.53737054542054,118.16410604329877,118.16341678025474,4.3984497922485595,4.367719247884619,4.367717708255775,-1.1514032029355947,-1.1520924659796328,-1.1520924672088197
2023-11-02,426.5799865722656,430.760009765625,15.65999984741211,15.15999984741211,46.82352917566746,-471.4077230062543,-43.725002206523115,-44.01313113828814,-44.0131336907933,19.45065498975068,19.448869714360953,19.448868862874363,-3.3237344775014783,-3.3237370300066438,-3.3237370304909777
2023-11-03,433.1400146484375,434.69000244140625,14.90999984741211,13.710000038146973,44.250294409963715,-257.3234765703745,230.09641012204122,229.98320309797577,229.9832026696822,10.304051805226603,10.303605761993534,10.303605761894522,-3.6735846669880163,-3.6735850952815765,-3.6735850952817253
2023-11-06,435.4700012207031,435.69000244140625,14.890000343322754,14.529999732971191,43.90662028540703,-34.3674124556685,78.81952350562715,78.79839244198304,78.79831712650966,-0.4322060525920812,-0.4354816696033197,-0.43548174819998975,-3.857511926219662,-3.8575872416930563,-3.8575872417170354
2023-11-07,435.69000244140625,436.9299926757813,14.8100004196167,14.43000030517578,43.54567207825994,-36.09482071470893,79.96271008958188,79.59121946334008,79.59113786682167,-0.33653073452448057,-0.3388107901319337,-0.3388108748022147,-3.156773957886558,-3.156855554404977,-3.1568555544298516
2023-11-08,437.5499877929687,437.25,14.449999809265137,13.829999923706056,42.41234208632255,-113.33299919373871,231.07720138464632,230.96797092322487,230.96797055662975,10.318542165626797,10.318142927694243,10.31814292760395,-3.68153797737173,-3.6815383439668525,-3.6815383439668583
2023-11-09,438.4299926757813,433.8399963378906,15.289999961853027,14.699999809265137,44.940458467235004,252.81163809124507,-129.52353964943,-129.87897467503137,-129.87898361296763,20.614562458775005,20.611331997586532,20.611331990176723,-3.189103134952033,-3.1891120728882574,-3.1891120729004268
2023-11-10,435.9800109863281,440.6099853515625,14.170000076293944,12.779999732971191,41.41409450223574,-352.63639649992626,-67.66190800707945,-67.73275363149287,-67.7327536534376,-2.44630898939716,-2.4464220536168217,-2.4464220544233886,-3.7583086853388328,-3.758308707283566,-3.758308707283597
2023-11-13,439.2300109863281,440.19000244140625,14.760000228881836,13.800000190734863,42.88208854528793,146.79940430521867,68.82666171451697,68.49348338986687,68.49347930329054,-1.5378570847980986,-1.5401948073046121,-1.5401948106792709,-3.2336310909701345,-3.23363517754645,-3.233635177546688
2023-11-14,446.3200073242187,448.7300109863281,14.15999984741211,12.869999885559082,41.673505946349735,-120.85825989381931,68.31866704995598,68.24022060553702,68.24022056131241,-1.4954021468647718,-1.4955583170440607,-1.4955583170457611,-3.7431069784882625,-3.7431070227128656,-3.7431070227128656
2023-11-15,450.1099853515625,449.6799926757813,14.18000030517578,11.890000343322754,41.78150438964934,10.799844329960706,37.498075633327296,37.49736578266307,37.49736575919315,-3.2953002017722874,-3.2953004754080326,-3.295300475426507,-3.898580228261805,-3.898580251731717,-3.8985802517317176
2023-11-16,449.2200012207031,450.2300109863281,14.31999969482422,11.8100004196167,42.183534311586385,40.20299219370429,39.42188901085413,39.42127635709861,39.42127631984051,-3.2692406402078564,-3.269371489717135,-3.2693714897187944,-3.898774580714645,-3.8987746179727543,-3.8987746179727543
2023-11-17,450.239990234375,450.7900085449219,13.800000190734863,10.670000076293944,40.68964521439972,-149.3889097186667,21.697034434203957,21.696973739812165,21.69697373967609,-3.7287436671024534,-3.7287436717224205,-3.7287436717224587,-3.8998786108081878,-3.899878610944263,-3.899878610944263
2023-11-20,450.5299987792969,454.260009765625,13.40999984741211,11.140000343322754,39.99483775532818,-69.48074590715407,29.591326666736514,29.591068635944538,29.59106863537017,-3.5446940120651194,-3.544708870162606,-3.5447088701626077,-3.8994839366929477,-3.8994839372673153,-3.8994839372673153
2023-11-21,453.1799926757813,453.2699890136719,13.350000381469728,11.470000267028809,39.52764055787816,-46.71971974500195,55.79781092538592,55.779955555530385,55.779955553348664,2.194332108754744,2.194315910609669,2.1943159106096264,-3.86428925374377,-3.864289255925496,-3.864289255925496
2023-11-22,454.9800109863281,455.0199890136719,12.850000381469728,9.960000038146973,38.42339467937845,-110.42458784997109,14.542282351643864,14.542273500779293,14.542273500779293,-3.8323918946243754,-3.8323918948018783,-3.8323918948018783,-3.8999822982708565,-3.899982298270857,-3.899982298270857
2023-11-24,455.0700073242187,455.2999877929687,12.460000038146973,9.829999923706056,37.23680960467942,-118.65850746990247,13.425179180328149,13.425172559122492,13.425172559122492,-3.842455772572224,-3.842455772684151,-3.842455772684151,-3.8999867575886853,-3.8999867575886853,-3.8999867575886853
2023-11-27,454.6499938964844,454.4800109863281,12.6899995803833,11.270000457763672,37.435080705711755,19.82711010323328,30.43507586091001,30.434857850232667,30.434857829819045,-3.5450882373712225,-3.5450882679630444,-3.545088267963578,-3.8995639174044414,-3.899563937818071,-3.899563937818071
2023-11-28,454.0799865722656,454.9299926757813,12.6899995803833,11.520000457763672,37.45701067267987,2.1929966968116332,38.60381186320448,38.603299186618806,38.60329917046685,-3.3107397431820473,-3.3108147675196813,-3.310814767520195,-3.8989745983727775,-3.8989746145247377,-3.8989746145247377
2023-11-29,457.1499938964844,454.6099853515625,12.979999542236328,12.050000190734863,38.10286674006946,64.58560673895875,111.13831877827661,111.11104973475048,111.11104972945199,3.7945211971405826,3.7944913738566814,3.794491373856493,-3.845461897052271,-3.8454619023507743,-3.8454619023507743
2023-11-30,455.4800109863281,456.3999938964844,12.920000076293944,12.300000190734863,38.28563384592027,18.276710585081446,48.67001348680317,48.667506077634606,48.667506007038405,-2.7641862801718906,-2.7641884997958117,-2.7641884997979007,-3.8949849698742303,-3.8949850404704343,-3.8949850404704476
2023-12-01,455.7699890136719,459.1000061035156,12.630000114440918,11.979999542236328,38.16841350884786,-11.722033707241053,46.843905724746,46.84184166764514,46.84184165300508,-2.8617150207935826,-2.86180886514485,-2.8618088651450737,-3.895871841878117,-3.8958718565181734,-3.8958718565181734
2023-12-04,455.6000061035156,456.69000244140625,13.079999923706056,13.460000038146973,38.45259570174966,28.418219290179536,71.52812630060721,71.5141563506135,71.51415490847566,-1.1200915810505188,-1.120129013387102,-1.1201290136021966,-3.8720557735842407,-3.872057215722079,-3.872057215727028
2023-12-05,455.260009765625,456.6000061035156,12.850000381469728,13.529999732971191,37.71754086742931,-73.50548343203513,69.59711827749948,69.58520680258776,69.58520678363628,-1.3175098757038444,-1.317538674601094,-1.3175386751073628,-3.876176993311839,-3.8761770122633354,-3.876177012266752
2023-12-06,458.80999755859375,454.760009765625,12.970000267028809,13.670000076293944,37.51197211064556,-20.55687567837481,36.71881558722244,36.69869743172765,36.69869109147978,-0.1185369462261705,-0.12133979761180091,-0.12133980151867974,-3.859744668264821,-3.859751008512696,-3.8597510085133586
2023-12-07,456.9100036621094,458.2300109863281,13.0600004196167,13.729999542236328,38.550575032151414,103.86029215058556,110.1047778745945,109.92732761017997,109.92732677678435,14.440441636304245,14.439634889696515,14.439634889474254,-3.545096970983989,-3.5450978043796044,-3.5450978043796235
2023-12-08,457.4599914550781,460.2000122070313,12.350000381469728,12.210000038146973,37.1733810102632,-137.7194021888215,153.71720768928165,153.68298095415545,153.68298094019949,4.466046804906693,4.465996876776121,4.465996876775305,-3.831546487879632,-3.8315465018356054,-3.8315465018356054
2023-12-11,459.69000244140625,461.989990234375,12.630000114440918,12.68000030517578,38.24631136925129,107.29303589880885,55.12793995823102,55.1243318529578,55.1243318522511,-2.444207010522467,-2.4442104467550427,-2.4442104473584383,-3.8927837873333755,-3.892783788040076,-3.8927837880401124
2023-12-12,461.6300048828125,464.1000061035156,12.06999969482422,11.640000343322754,37.51331874359573,-73.29926256555552,61.788684860716735,61.76496743658932,61.764967434874556,-2.158771907072686,-2.158790950044537,-2.1587909500445557,-3.8525651466008903,-3.852565148315657,-3.852565148315657
2023-12-13,464.489990234375,470.5,12.1899995803833,12.43000030517578,40.54690757998057,303.3588836384837,-45.952510823210005,-45.955602705985186,-45.95560270634406,-2.5273715138247677,-2.5273739324214413,-2.527373932682572,-3.8938162333729704,-3.8938162337318487,-3.8938162337318607
2023-12-14,472.5,472.010009765625,12.479999542236328,12.289999961853027,41.88136163527396,133.4454055293392,211.27608554502976,211.2149217301862,211.2149216602306,6.998098762317618,6.997958105384415,6.997958105376304,-3.7776721604460373,-3.777672230401643,-3.7776722304016435
2023-12-15,469.489990234375,469.3299865722656,12.279999732971191,10.869999885559082,40.02564458996895,-185.57170453050134,30.61382791725807,30.613620591731,30.613620591730644,-3.5453596909331115,-3.5453597157335617,-3.5453597157335617,-3.899585348944782,-3.899585348945138,-3.899585348945138
2023-12-18,470.9800109863281,471.9700012207031,12.5600004196167,11.4399995803833,41.692239747678045,166.65951577090965,47.558824238593736,47.556792137286834,47.556792137141606,-2.84263352706009,-2.842634862143586,-2.8426348621436475,-3.8959357969505053,-3.8959357970957362,-3.8959357970957362
2023-12-19,472.5299987792969,474.8399963378906,12.529999732971191,11.25,43.02680949980919,133.4569752131145,173.07761772492438,173.06165582695832,173.06165582523235,1.9967234671129184,1.9967104317753925,1.9967104317753535,-3.868076198889935,-3.868076200615902,-3.868076200615902
2023-12-20,473.9599914550781,468.260009765625,13.670000076293944,13.670000076293944,42.44105441805186,-58.57550817573269,-256.38471927144604,-256.41495546648065,-256.41495553307004,0.6886875042087741,0.6885924852793837,0.6885924661771332,-3.8395274101458696,-3.8395274767353085,-3.8395274767408742
2023-12-21,471.3299865722656,472.7000122070313,13.649999618530272,13.109999656677246,44.29193147998592,185.08770619340567,87.49212379765044,87.462437430058,87.46243673705592,0.40501573775235666,0.4049053114599568,0.40490531135585517,-3.8406251858088836,-3.840625878810954,-3.8406258788109575
2023-12-22,473.8599853515625,473.6499938964844,13.029999732971191,11.5600004196167,43.246508329757916,-104.54231502280038,50.55773626754912,50.55600579743718,50.556005797407416,-2.7971244046822683,-2.7971250850508547,-2.7971250850554044,-3.8965390596868392,-3.8965390597166016,-3.8965390597166016
2023-12-26,474.0700073242187,475.6499938964844,12.989999771118164,12.449999809265137,43.83706001883462,59.05516890767046,63.85104940573493,63.845139489510395,63.84513948846777,-1.9189284956196957,-1.9189346217616217,-1.9189346217616556,-3.888180164422954,-3.888180165465596,-3.8881801654656174
2023-12-27,475.44000244140625,476.510009765625,12.43000030517578,11.229999542236328,43.02840434714821,-80.86556716864095,38.98116524968234,38.9802618446945,38.980261844664604,-3.226163953387431,-3.226164357378921,-3.2261643573789214,-3.8981931899346343,-3.8981931899645317,-3.8981931899645317
2023-12-28,476.8800048828125,476.69000244140625,12.470000267028809,11.229999542236328,43.125288301623,9.688395447479081,68.79270429265675,68.77357345135528,68.7735734500771,-1.8123590587153577,-1.8123731591529926,-1.8123731591530103,-3.861738313562526,-3.861738314840708,-3.861738314840708
2023-12-29,476.489990234375,475.30999755859375,12.449999809265137,10.670000076293944,42.22178445705258,-90.35038445704231,47.59009058938394,47.588827424098284,47.58882742395564,-2.9641845331698793,-2.964184980882658,-2.964184980882658,-3.8974736690007514,-3.8974736691433955,-3.8974736691433955
2024-01-02,472.1600036621094,472.6499938964844,13.199999809265137,12.59000015258789,42.09727223311607,-12.451222393650596,104.35987320254759,104.27662034503574,104.27662022149896,8.874552922198074,8.874330990975052,8.874330990958304,-3.7334939143659565,-3.733494037902737,-3.7334940379027373
2024-01-03,470.4299926757813,468.7900085449219,14.039999961853027,13.239999771118164,42.173540282123184,7.626804900711193,73.98366035083306,73.96777481197209,73.96777477466273,-0.9116269353954403,-0.9116731627890999,-0.9116731627974186,-3.86822881034996,-3.868228847659327,-3.8682288476593274
2024-01-04,468.2999877929687,467.2799987792969,14.130000114440918,13.0600004196167,41.672649664853054,-50.08906172701302,90.35642280961319,90.17621961834794,90.17621821659763,0.22811147618860783,0.22712768921232662,0.22712768869940536,-3.5395894122184544,-3.539590813968753,-3.5395908139688013
2024-01-05,467.489990234375,467.9200134277344,13.350000381469728,11.710000038146973,39.988331091211506,-168.43185736415478,185.11226956925105,185.08701013691498,185.0870101308503,3.374844797232864,3.37481555166267,3.3748155516624276,-3.8494811171338137,-3.849481123198492,-3.849481123198492
2024-01-08,468.4299926757813,474.6000061035156,13.079999923706056,11.699999809265137,42.25646586101817,226.81347698066645,59.79585468874971,59.74668335372238,59.746683321801946,-2.373056126152563,-2.3731497106766914,-2.3731497106786206,-3.8016572341840345,-3.801657266104464,-3.801657266104464
2024-01-09,471.8699951171875,473.8800048828125,12.760000228881836,11.350000381469728,41.10453388576741,-115.19319752507613,68.45700425258492,68.43775752458943,68.43775752330586,-1.8287013185060834,-1.8287155130650143,-1.828715513065032,-3.8615065401583015,-3.861506541441857,-3.861506541441857
2024-01-10,474.1600036621094,476.55999755859375,12.6899995803833,11.09000015258789,42.32503264299173,122.04987572243198,38.495292546412266,38.49475773725365,38.49475773725161,-3.307072456305468,-3.3070725590103236,-3.3070725590103236,-3.8989303816766534,-3.898930381678688,-3.898930381678688
2024-01-11,477.5899963378906,476.3500061035156,12.4399995803833,10.75,41.61046284187172,-71.45698011200068,159.66676726675442,159.6576709980523,159.65767099768456,0.6627078260990427,0.6627029821930384,0.6627029821930339,-3.881807461492546,-3.8818074618602805,-3.8818074618602805
2024-01-12,477.8399963378906,476.6799926757813,12.699999809265137,10.520000457763672,42.22771376551361,61.72509236418904,59.77820445039584,59.770733523206545,59.770733522991264,0.22377891370445457,0.22377540048325528,0.2237754004832535,-3.8850581449755617,-3.8850581451908504,-3.8850581451908504
2024-01-16,475.260009765625,474.9299926757813,13.84000015258789,12.640000343322754,43.255545801375206,102.78320358615929,63.05458855112595,63.04691575000455,63.046915743695,-1.8458359353832665,-1.8458498275532889,-1.8458498275540105,-3.8846543788285555,-3.88465438513811,-3.88465438513811
2024-01-17,471.8200073242187,472.2900085449219,14.789999961853027,13.31999969482422,43.94976446431315,69.42186629379421,107.4902698604002,107.30346448543958,107.30346359156204,2.6191297506206483,2.6182616362105273,2.6182616359861663,-3.526386568446004,-3.526387462323556,-3.526387462323574
2024-01-18,474.010009765625,476.489990234375,14.130000114440918,12.65999984741211,44.46658464026082,51.68201759476716,68.95180574652434,68.94349814235714,68.94349813997584,-1.5339975549870681,-1.5340082883166692,-1.5340082890140962,-3.883384784521519,-3.8833847869028295,-3.883384786902886
2024-01-19,477.6499938964844,482.4299926757813,13.300000190734863,11.81999969482422,46.14437788297252,167.77932427117008,-286.72366166050944,-286.76637029707734,-286.7663703250271,5.270210359925272,5.270133487984868,5.270133487982745,-3.8145826430149143,-3.8145826709646387,-3.8145826709646387
2024-01-22,484.010009765625,483.4500122070313,13.1899995803833,13.18000030517578,46.30592255992855,16.154467695602648,85.9673262198085,85.94427566048157,85.94427562596977,0.07383130514164815,0.07377033303909197,0.07377033303456493,-3.8538987778107097,-3.853898812322515,-3.853898812322515
2024-01-23,484.010009765625,484.8599853515625,12.550000190734863,12.489999771118164,46.05047435832475,-25.5448201603798,70.84222551320076,70.83276359964286,70.83276359627689,-1.3755077681158632,-1.3755212028059285,-1.3755212028060928,-3.881076162786296,-3.881076166152262,-3.881076166152262
2024-01-24,487.80999755859375,485.3900146484375,13.140000343322754,13.579999923706056,47.29897725138531,124.85028930605608,132.2691457859801,131.91370556937252,131.91369641718526,5.643342896790209,5.640143879403844,5.640143870871409,-3.1890921102153524,-3.189101262402611,-3.1891012624051998
2024-01-25,487.5799865722656,488.0299987792969,13.449999809265137,13.739999771118164,49.50262921922203,220.365196783672,285.127597507985,284.7473157885134,284.7473055560037,21.794394280011524,21.79089395635509,21.790893946310923,-3.1394058635176965,-3.1394160960274005,-3.139416096030775
2024-01-26,487.5899963378906,487.4100036621094,13.260000228881836,13.06999969482422,48.67598196070742,-82.66472585146118,257.73092230682045,257.5185886823928,257.51858653434175,15.540177400188485,15.538905934596213,15.53890593351405,-3.475326306991062,-3.4753284550421473,-3.4753284550423116
2024-01-29,487.7300109863281,491.2699890136719,13.600000381469728,13.949999809265137,51.63506370485115,295.9081744143731,145.03594117314168,144.56934990648836,144.5693313715899,24.34778324183536,24.342703972023294,24.34270394851709,-2.9667618619666665,-2.9667803968651505,-2.966780396875576
2024-01-30,490.55999755859375,490.8900146484375,13.3100004196167,13.720000267028809,50.835661129284574,-79.94025755665746,99.35780019785159,99.30164368909065,99.30164291922124,1.9424807610982162,1.9421212756400292,1.9421212750905834,-3.7876846728694766,-3.7876854427388986,-3.7876854427390287
2024-01-31,488.6199951171875,482.8800048828125,14.350000381469728,14.550000190734863,47.14831039039062,-368.73507388939544,-292.6108743454743,-292.74744492497786,-292.74744755183184,6.348782270518251,6.347657310968733,6.347657309283386,-3.6268509604300023,-3.6268535872840175,-3.6268535872843453
2024-02-01,484.6300048828125,489.2000122070313,13.880000114440918,13.279999732971191,50.329865213180085,318.1554822789465,81.84371439474401,81.82251581575082,81.82251576465816,-0.25023981621946856,-0.250302990296988,-0.2503029903098888,-3.8576026887356396,-3.8576027398282946,-3.857602739828296
2024-02-02,489.6499938964844,494.3500061035156,13.850000381469728,13.039999961853027,53.872595197620385,354.27299844402995,79.35716517941512,79.33858940051384,79.33858936309846,-0.49764223444369504,-0.4976932689336331,-0.49769326894203125,-3.8628483299512997,-3.86284836736667,-3.862848367366671
2024-02-05,493.7000122070313,492.5499877929687,13.670000076293944,13.350000381469728,52.01268634927713,-185.99088483432524,102.3158367259295,102.26928938942682,102.26928922044905,1.932352629868257,1.9321666477590593,1.932166647725012,-3.8069048200613693,-3.8069049890391184,-3.8069049890391202
2024-02-06,493.5199890136719,493.9800109863281,13.0600004196167,12.460000038146973,52.16184602768412,14.91596784069884,85.58918167359116,85.57021464970747,85.57021463626967,-0.13132592551313937,-0.13136394340709412,-0.1313639434078775,-3.8620659119192253,-3.862065925357022,-3.862065925357022
2024-02-07,496.2900085449219,498.1000061035156,12.829999923706056,11.960000038146973,55.04564868264007,288.38026549559504,75.74928955034251,75.73389032555468,75.73389030577161,-0.8249310556369016,-0.824967573373891,-0.824967573376342,-3.8692014910751036,-3.869201510858178,-3.869201510858178
2024-02-08,498.1000061035156,498.3200073242187,12.789999961853027,11.600000381469728,55.09718947057275,5.154078793268013,81.19609407605547,81.18530322856871,81.18530322671745,-0.8444863687215203,-0.844498429184354,-0.8444984291843896,-3.878418299472705,-3.8784183013239657,-3.8784183013239657
2024-02-09,498.8399963378906,501.2000122070313,12.93000030517578,11.609999656677246,57.533923892760214,243.67344221874632,63.07139195035126,63.06626834090327,63.066268340349446,-2.01441768487875,-2.014422137330672,-2.0144221373306817,-3.889752779442566,-3.88975277999639,-3.88975277999639
2024-02-12,501.1700134277344,500.9800109863281,13.93000030517578,13.029999732971191,58.18666862277809,65.27447300178792,219.60830515659762,219.26047789963127,219.2604732107386,2.038961475369616,2.0386268522926674,2.038626851968287,-3.2043314193890082,-3.204336108281647,-3.2043361082817556
2024-02-13,494.5299987792969,494.0799865722656,15.850000381469728,15.0,55.53626202063778,-265.0406602140315,133.81909197628718,133.64995693319392,133.6499493344878,7.10385639475977,7.1019784696921295,7.101978457436582,-3.561707117668826,-3.5617147163749747,-3.5617147163837206
2024-02-14,496.7900085449219,498.5700073242187,14.380000114440918,12.920000076293944,56.64779623272571,111.15342120879319,112.93652525520882,112.86108715879276,112.8610863689902,3.4651596945202403,3.4647026986531744,3.4647026982642357,-3.7491214377600723,-3.749122227562619,-3.7491222275626743
2024-02-15,499.2900085449219,502.010009765625,14.010000228881836,12.470000267028809,58.841928475578314,219.41322428526036,74.97245748476796,74.95913347755643,74.95913346645878,-0.9636925393652511,-0.963718765563244,-0.9637187655644333,-3.8733519522839823,-3.873351963381638,-3.873351963381638
2024-02-16,501.7000122070313,499.510009765625,14.239999771118164,12.56999969482422,57.021193870009256,-182.0734605569058,73.95832019579099,73.80806569529486,73.80806500951898,2.307830734020021,2.3075553348290496,2.307555334691328,-3.599488941680098,-3.5994896274559727,-3.599489627455976
2024-02-20,497.7200012207031,496.760009765625,15.420000076293944,14.850000381469728,56.06063470646944,-96.05591635398127,177.75619131185732,177.37144895151673,177.3714255907671,14.93054133283644,14.925156051684832,14.925156022522104,-3.1304451970402503,-3.1304685577898748,-3.1304685577997837
2024-02-21,495.4200134277344,497.2099914550781,15.34000015258789,14.649999618530272,56.178401379624916,11.776667315547229,125.80403786742156,125.65823333884984,125.65822583478018,5.917970073368318,5.916300560033909,5.916300546640558,-3.608368430619197,-3.608375934688865,-3.6083759346983126
2024-02-22,504.010009765625,507.5,14.539999961853027,13.170000076293944,63.30426930378967,712.5867924164752,98.45929705288175,98.41677385914446,98.41677369007172,26.685711829312787,26.676610125774268,26.676610074219965,-3.8149531053071937,-3.8149532743799344,-3.814953274379938
2024-02-23,509.2699890136719,507.8500061035156,13.75,11.920000076293944,62.80629020607178,-49.797909771788795,242.90360423479942,242.56259448745672,242.56259031052207,-1.539709903879288,-1.539722570418271,-1.5397225704185082,-3.2179679745101097,-3.2179721514448127,-3.217972151444988
2024-02-26,508.2999877929687,505.989990234375,13.739999771118164,13.130000114440918,60.95295404594711,-185.33361601246696,202.01176754630978,201.6058955808655,201.60587658632826,3.8098266880892364,3.8094461144130873,3.8094461142975575,-3.088199085474157,-3.0882180800113743,-3.0882180800199324
2024-02-27,506.7000122070313,506.9299926757813,13.43000030517578,12.84000015258789,61.4251754060551,47.22213601079872,114.22660450907681,114.14352773321262,114.14352664467228,12.45989162420853,12.458509612723075,12.458509612176476,-3.7338431826502405,-3.7338442711905806,-3.7338442711906894
2024-02-28,505.3299865722656,506.260009765625,13.84000015258789,13.520000457763672,61.10504723039052,-32.01281756645784,102.24381675607735,102.18206645898461,102.18206550568462,38.29782695868511,38.28350415680255,38.2835041110375,-3.7764965459138606,-3.77649749921386,-3.7764974992140736
2024-02-29,508.0700073242187,508.0799865722656,13.399999618530272,12.479999542236328,62.25161972347487,114.65724930843493,169.93022145896552,169.73418193539018,169.7341788717662,2.2625800818082755,2.262431558996531,2.262431558985437,-3.507911761976585,-3.5079148256005674,-3.5079148256008392
2024-03-01,508.9800109863281,512.8499755859375,13.109999656677246,11.81999969482422,66.26169817784175,401.0078454366884,-353.69832399963923,-353.9400164656086,-353.94001854126054,-1.4456553391746372,-1.445667496038448,-1.4456674960385687,-3.416608841105352,-3.41661091675726,-3.416610916757315
2024-03-04,512.030029296875,512.2999877929688,13.489999771118164,13.229999542236328,65.77352472640277,-48.817345143898194,177.20533376060757,176.95191593968104,176.95191155108353,7.8629641075259205,7.861147880335382,7.86114787380893,-3.3931511923537876,-3.3931555809513085,-3.393155580951511
2024-03-05,510.239990234375,507.1799926757813,14.460000038146973,14.880000114440918,61.9161893494019,-385.73353770008725,-209.5451636101079,-209.54884317223835,-209.54884323773848,9.105296686364184,9.101617124233783,9.101617058733613,-3.8926406792385637,-3.892640744738732,-3.8926407447387734
2024-03-06,510.5499877929687,509.75,14.5,14.880000114440918,64.07362855673011,215.7439207328217,279.5910287284148,277.55044346711253,277.54991448062424,9.804140214867314,9.799665308207873,9.799665211475038,0.18275748206968423,0.182228495581362,0.18222849558129184
2024-03-07,513.1400146484375,514.8099975585938,14.4399995803833,14.550000190734863,68.41340213057666,433.9773573846543,165.75343018574713,165.42565386072548,165.42563408640814,29.102415920297673,29.075517237919833,29.075516060528926,-3.2443880269749044,-3.2444078012922435,-3.2444078013021596
2024-03-08,515.4600219726562,511.7200012207031,14.739999771118164,14.630000114440918,65.80748440547917,-260.5917725097484,142.34790216607917,142.1097161275247,142.109692536459,52.518262299996024,52.518238708930305,52.51823870885556,-3.4235571494696977,-3.423580740535423,-3.423580740610163
2024-03-11,510.4800109863281,511.2799987792969,15.220000267028809,16.459999084472656,65.5401082965113,-26.737610896786634,385.32756377668625,381.04486366224523,381.0448605095683,21.226200073665474,21.201093609389517,21.201090456712656,4.665409686992236,4.665406534315373,4.665406534288854
2024-03-12,513.4500122070312,516.780029296875,13.84000015258789,14.06999969482422,69.476142957913,393.6034661401692,142.18061380777615,141.99547414197903,141.99546882183512,29.134751830676663,29.113605236243835,29.113604681628487,-3.5297047079710397,-3.529710028114925,-3.529710028115934
2024-03-13,517.1099853515625,515.969970703125,13.75,14.100000381469728,68.6103848653289,-86.57580925841017,171.87407981542677,171.45424125708877,171.45418816153173,19.331481238416146,19.32393616511709,19.32393612306879,-3.060163596220846,-3.060216691777855,-3.060216691921885
2024-03-14,516.969970703125,514.9500122070312,14.399999618530272,14.869999885559082,67.96552217782033,-64.48626875085637,189.18168000089779,188.53109122621944,188.53091571985195,27.825908681291878,27.805540972739898,27.805540595918494,-2.598295926903086,-2.5984714332705714,-2.598471434816473
2024-03-15,510.2099914550781,509.8299865722656,14.40999984741211,14.15999984741211,63.320921200064156,-464.46009777561767,302.49717881069046,302.4958643441822,302.4958643360753,5.291976298477513,5.290661831969224,5.29066182386228,-3.8973710426625825,-3.8973710507695287,-3.8973710507695296
2024-03-18,514.0,512.8599853515625,14.329999923706056,14.5,65.72242533040209,240.15041303379334,142.48390114230105,142.27838987750383,142.2783806898302,43.91412305688728,43.861753932589586,43.86175088774741,-3.4889499073658357,-3.48895909503948,-3.4889590950457374
2024-03-19,512.1500244140625,515.7100219726562,13.81999969482422,13.640000343322754,67.97032479630735,224.7899465905263,182.22325457694487,181.9025783353445,181.9025688757525,11.014833162880466,11.011151130632566,11.011151102460444,-3.258619138020134,-3.2586285976120877,-3.258628597613159
2024-03-20,515.77001953125,520.47998046875,13.039999961853027,11.579999923706056,72.08169564319296,411.1370846885606,-28.91188343852191,-28.922141335604742,-28.922141346120462,15.039903420175092,15.039160773130414,15.039160773130414,-3.8794841742871573,-3.8794841848028834,-3.8794841848028834
2024-03-21,523.3900146484375,522.2000122070312,12.920000076293944,11.170000076293944,73.6335742585793,155.1878615386343,75.48231809500777,75.47272869851422,75.47272869660034,7.782203921759516,7.781816310329203,7.781816310273907,-3.8808212012712913,-3.880821203185157,-3.880821203185157
2024-03-22,522.1099853515625,521.2100219726562,13.0600004196167,10.859999656677246,72.65978561041534,-97.37886481639606,117.27245331972861,117.24761217570588,117.24761216997358,-0.012947903793680382,-0.012980683572838103,-0.012980683573623697,-3.850317694757659,-3.85031770048996,-3.85031770048996
2024-03-25,519.7999877929688,519.77001953125,13.1899995803833,11.470000267028809,71.12990960645669,-152.98760039586483,285.10870199793595,285.10869475103254,285.1086947510324,-2.09694313556943,-2.0969503824728193,-2.096950382472981,-3.899985506192737,-3.8999855061928987,-3.8999855061928987
2024-03-26,521.22998046875,518.8099975585938,13.239999771118164,11.59000015258789,70.16540380584114,-96.45058006155551,-48.72942150162314,-48.870807668765664,-48.8708080026836,-0.49337361417145464,-0.4934264219526341,-0.4934264219582509,-3.61722666396117,-3.6172269978791025,-3.6172269978791025
2024-03-27,521.7100219726562,523.1699829101562,12.779999732971191,10.529999732971191,74.17152674222261,400.6122936381473,130.9952972933861,130.97054424907574,130.97054424589447,-1.6644814451585939,-1.6644888831090294,-1.6644888831090743,-3.8504939018354953,-3.850493905016767,-3.850493905016767
2024-03-28,523.2100219726562,523.0700073242188,13.010000228881836,10.5600004196167,74.06631889836464,-10.520784385796844,67.21245090089928,67.20799969419483,67.20799969401035,3.5667170067656313,3.5666370562351224,3.5666370562334437,-3.8910975860376533,-3.8910975862221298,-3.8910975862221298
2024-04-01,523.8300170898438,522.1599731445312,13.649999618530272,12.619999885559082,73.10212409787366,-96.41948004909864,100.40799932113252,100.36328222427976,100.363282054049,23.486210581632143,23.479141580703384,23.479141580703384,-3.8105652956021827,-3.810565465832955,-3.810565465832957
2024-04-02,518.239990234375,518.8400268554688,14.609999656677246,14.029999732971191,70.21255038054403,-288.95737173296254,231.44558377541006,230.57355203334748,230.57338653275158,9.822011120736882,9.819515641248985,9.819515633756529,-2.1554400121441764,-2.155605512740097,-2.1556055133877443
2024-04-03,517.719970703125,519.4099731445312,14.329999923706056,13.270000457763672,70.56795007432737,35.539969378334035,178.00452729433482,177.6532513257404,177.6532302688811,8.57178468159004,8.570447204876968,8.570447203620827,-3.197384892185509,-3.1974059490448203,-3.197405949060724
2024-04-04,523.52001953125,513.0700073242188,16.350000381469727,17.139999389648438,65.73786988853197,-483.00801857953957,-1135.763246649118,-1137.4761893047323,-1137.4776380050967,73.48651204317156,73.12397671189204,73.12367028609502,-0.4697684196484735,-0.4712171200128461,-0.47121717602256563
2024-04-05,514.4600219726562,518.4299926757812,16.030000686645508,15.460000038146973,70.25657410175089,451.87042132189106,166.20941221598895,165.8105748135083,165.81051689485386,67.96638213124226,67.96632421258782,67.9663242122738,-3.102151438133381,-3.1022093567878097,-3.102209357101823
2024-04-08,519.1500244140625,518.719970703125,15.1899995803833,14.5600004196167,69.89003892305172,-36.65351786991664,315.5964790339706,313.4847347502251,313.48473472803045,9.330094702640654,9.327115858936978,9.327115836742347,0.323488634074951,0.32348861188031997,0.32348861188031464
2024-04-09,520.5,519.3200073242188,14.979999542236328,14.699999809265137,70.29168794911438,40.164902606265684,198.80033689519144,198.79539647648912,198.7953963586977,10.320621450454492,10.315681031752167,10.315680913960781,-3.890118809220895,-3.8901189270122796,-3.8901189270123786
2024-04-10,513.47998046875,514.1199951171875,15.800000190734863,15.8100004196167,65.79860700160205,-449.30809475123255,194.6597446756111,193.99183875695908,193.99169806973015,49.281306581792485,49.17111822878579,49.1710956737547,-2.563766099147565,-2.563906786376486,-2.5639067869970247
2024-04-11,515.6799926757812,518.0,14.90999984741211,14.18000030517578,68.8789347725198,308.0327770917748,132.06562271689154,131.88616365570618,131.8861515882888,42.03281726757321,42.003470395899136,42.003470395879255,-3.5410456753175255,-3.541057742734901,-3.541057742754785
2024-04-12,514.3699951171875,510.8500061035156,17.309999465942383,17.329999923706055,63.68446158658638,-519.4473185933418,230.00267785537858,228.66671678212637,228.66572029402207,95.44625378659465,94.89368169385153,94.89368164288034,-1.225088236268213,-1.226084724372471,-1.2260847753436805
2024-04-15,515.1300048828125,504.4500122070313,19.229999542236328,20.760000228881836,59.73880759963024,-394.5653986956138,-749.083542735941,-755.2337705284891,-755.2710218575268,8.512333899753147,8.475082570715497,8.475041137983945,8.512333899753147,8.475082570715497,8.475041137983945
2024-04-16,504.94000244140625,503.5299987792969,18.399999618530273,19.239999771118164,58.09374124595856,-164.50663536716803,284.57778042138,281.71220274618526,281.705596681705,1.8509792950049189,1.8443732305246945,1.844371313551176,1.8509792950049189,1.8443732305246945,1.844371313551176
2024-04-17,506.0499877929687,500.5499877929687,18.209999084472656,18.100000381469727,55.460476527430075,-263.3264718528487,256.56176179297444,254.4533562259878,254.4496662085485,83.63741883181204,83.25739925700165,83.25721245107128,0.3278831890766005,0.3241931716373685,0.324192504054448
2024-04-18,501.9800109863281,499.5199890136719,18.0,17.8799991607666,54.33114520332327,-112.93313241068077,219.64776147963107,216.43926247850396,216.43503577748575,44.80841645564836,44.65987351769638,44.65978801267432,2.5296787388986584,2.525452037880415,2.525451826684125
2024-04-19,499.44000244140625,495.1600036621094,18.709999084472656,18.1299991607666,74.02200500967726,1966.4859806353993,239.11844670480664,237.57898642059627,237.57756767668565,33.330079338267176,33.26445594503908,33.26443986523571,-0.816822891834033,-0.8182416357446107,-0.818241738414847
2024-04-22,497.8299865722656,499.7200012207031,16.940000534057617,17.450000762939453,68.33108056443376,-569.0924445243496,254.35622049503908,252.67611541211502,252.67499739203797,36.95125600408761,36.885829041130265,36.885821096528616,-0.536435705813926,-0.5375537258909548,-0.5375537485932047
2024-04-23,501.7799987792969,505.6499938964844,15.6899995803833,16.25,65.60507856946631,-272.6001994967447,273.2639009060117,271.5597424486814,271.5590206113107,25.189100529839173,25.153783681767877,25.153779096390345,-0.4895175566455672,-0.4902393940162595,-0.4902393995435257
2024-04-24,506.55999755859375,505.4100036621094,15.970000267028809,16.290000915527344,66.43584393534738,83.07653658810636,209.25622480232101,208.23708612413105,208.23645873339652,46.53273624024518,46.45483778304839,46.45483139791133,-1.8598404076144384,-1.8604677983489357,-1.8604678196162636
2024-04-25,499.1799926757813,503.489990234375,15.369999885559082,15.8100004196167,63.51131375514228,-292.4530180205096,165.72491285778003,165.34112271789382,165.34107591494305,13.446991649876606,13.440191951968435,13.44019182135296,-3.1322793108704436,-3.132326113821213,-3.132326113989489
2024-04-26,506.3500061035156,508.260009765625,15.029999732971191,14.670000076293944,63.97115362290086,45.98398677585749,152.88238210329803,152.56873677349367,152.5686978640396,32.116808057492875,32.096352978789064,32.096352732078905,-3.2725926116494537,-3.2726315211035275,-3.2726315212300428
2024-04-29,510.0899963378906,510.05999755859375,14.670000076293944,15.109999656677246,63.18100951186523,-79.01441110356302,10.275147265907037,10.270552259071023,10.270552159323524,10.275147265907037,10.270552259071023,10.270552159323524,-3.89080968708521,-3.8908097868327087,-3.8908097868327967
2024-04-30,508.55999755859375,501.9800109863281,15.649999618530272,16.65999984741211,63.56654869776028,38.55391858950554,326.5649594664534,323.0992285892866,323.0936837354417,25.792144103577392,25.762278515359142,25.7622764894747,3.0480979500944807,3.0425530962495424,3.0425525515108713
2024-05-01,501.3800048828125,500.3500061035156,15.390000343322754,15.90999984741211,62.01638808520531,-155.01606125549756,288.3559707018646,286.55447629840455,286.5538162582804,18.909903081019735,18.890985956199664,18.890984482954465,-0.2950310617186602,-0.2956911018427819,-0.29569110550574074
2024-05-02,504.1499938964844,505.0299987792969,14.68000030517578,14.859999656677246,60.97927035693763,-103.7117728267674,142.29269654161976,142.08477004374436,142.0847598419483,48.036499640433185,47.97311566707289,47.97311135205172,-3.4841163988321275,-3.484126600628171,-3.4841266006378016
2024-05-03,511.1600036621094,511.2900085449219,13.489999771118164,12.0,59.36411161105801,-161.51587458796257,199.2225102490461,199.0429629505289,199.04296232030023,-0.2140467144886835,-0.21411883726116088,-0.21411883727305536,-3.540903512279659,-3.540904142508322,-3.540904142508323
2024-05-06,513.75,516.5700073242188,13.489999771118164,13.130000114440918,61.63795036084841,227.38387497904,108.94138084867411,108.87861495383494,108.87861456735394,24.72723117212758,24.717991081647106,24.717991015931474,-3.7744670508786218,-3.7744674373596117,-3.774467437359621
2024-05-07,517.5599975585938,517.1400146484375,13.229999542236328,12.760000228881836,61.019712537597925,-61.82378232504817,155.42089350471792,155.21829364568518,155.21828820533372,6.879469797839555,6.878770196860865,6.878770196613241,-3.4947839608763203,-3.4947894012278025,-3.494789401229062
2024-05-08,515.260009765625,517.1900024414062,13.0,12.479999542236328,60.241696954976675,-77.80155826212507,81.97411418477226,81.95016369992854,81.95016360424191,-3.8520987432526637,-3.852098838939291,-3.8520988389392943,-3.8520987432526637,-3.852098838939291,-3.8520988389392943
2024-05-09,517.3800048828125,520.1699829101562,12.6899995803833,11.920000076293944,60.82134124175734,57.96442867806633,90.67879613235033,90.60255250104953,90.60255204958501,4.045382757777698,4.045196087226634,4.045196087217054,-3.74751138300482,-3.7475118344693232,-3.747511834469334
2024-05-10,521.8099975585938,520.8400268554688,12.550000190734863,11.81999969482422,60.702180039801064,-11.9161201956274,158.01998357586797,157.91560885531297,157.91560858479357,1.8057583561731931,1.805573737950338,1.8055737378997492,-3.691249747331784,-3.691250017851203,-3.6912500178512038
2024-05-13,522.5599975585938,520.9099731445312,13.600000381469728,13.710000038146973,63.65506700878254,295.2886968981474,171.72188235780916,171.41236777038313,171.41235587077014,16.93010633013494,16.921695931050998,16.921695801787088,-3.2809351263019346,-3.2809470259149114,-3.2809470259172606
2024-05-14,521.1099853515625,523.2999877929688,13.420000076293944,13.3100004196167,64.34874125242398,69.36742436414391,246.14976628830547,245.49385402832172,245.49382430467952,4.9211978121693765,4.920038438398214,4.920038433725496,-2.588086309105911,-2.5881160327480868,-2.588116032748087
2024-05-15,525.8300170898438,529.780029296875,12.449999809265137,11.420000076293944,65.484785273345,113.60440209210196,69.43188079608092,69.42005234536477,69.42005233102734,14.799883307830525,14.799883293493101,14.799883293493101,-3.8763430555553917,-3.8763430698928167,-3.8763430698928167
2024-05-16,529.8800048828125,528.6900024414062,12.420000076293944,10.960000038146973,64.62169981245945,-86.3085460885543,-2.5063474051410255,-2.5063507174165585,-2.5063507174165913,-2.5063474051410255,-2.5063507174165585,-2.5063507174165913,-3.8999933754488363,-3.899993375448869,-3.899993375448869
2024-05-17,528.8099975585938,529.4500122070312,11.989999771118164,9.670000076293944,63.91931414643008,-70.23856660293717,158.3230814434563,158.29610904862992,158.29610904862992,-3.3331774658090167,-3.333177528140682,-3.333177528140682,-3.8460552103472003,-3.8460552103472003,-3.8460552103472003
2024-05-20,529.5700073242188,530.0599975585938,12.149999618530272,10.529999732971191,64.50031171253285,58.09975661027664,231.8204827074589,231.82048197055454,231.82048197055454,-2.957306987445332,-2.957307724349663,-2.957307724349664,-3.899998526191336,-3.8999985261913372,-3.8999985261913372
2024-05-21,529.280029296875,531.3599853515625,11.859999656677246,10.079999923706056,64.5758084776894,7.54967651565579,-65.89534689581036,-65.8953470593377,-65.8953470593377,-3.2499025504977577,-3.249902714025107,-3.249902714025107,-3.899999672945302,-3.899999672945302,-3.899999672945302
2024-05-22,530.6500244140625,529.8300170898438,12.289999961853027,11.140000343322754,64.55009580731208,-2.5712670377330937,193.03329505516743,193.03328156345296,193.03328156345248,-1.8461513305694748,-1.8461648222839289,-1.846164822284421,-3.8999730165696156,-3.8999730165701076,-3.8999730165701076
2024-05-23,532.9600219726562,525.9600219726562,12.770000457763672,10.789999961853027,63.3005105593456,-124.95852479664791,-723.4841430878678,-723.4959283978214,-723.4959283998992,4.033006703150775,4.032856091480378,4.032856091470663,-3.87642937385955,-3.8764293759372648,-3.8764293759372648
2024-05-24,527.8499755859375,529.4400024414062,11.93000030517578,9.1899995803833,63.2209618911144,-7.954866823119744,88.2452392498987,88.2418674798128,88.24186747978061,-3.0484144617063014,-3.0484145185322795,-3.0484145185322795,-3.8932564597316435,-3.8932564597638235,-3.8932564597638235
2024-05-28,530.27001953125,529.8099975585938,12.920000076293944,11.510000228881836,65.69659771729381,247.56358261794134,-1.5176664244294837,-1.517687797012238,-1.5176877970138527,-1.5176664244294837,-1.517687797012238,-1.5176877970138527,-3.8999572548296486,-3.899957254831263,-3.899957254831263
2024-05-29,525.6799926757812,526.0999755859375,14.279999732971191,13.40999984741211,67.1643443064692,146.7746589175391,117.64536578336711,117.53286202295759,117.53285810598413,36.092594562227234,36.09259064525377,36.092590645251356,-3.6749807282533533,-3.6749846452268096,-3.6749846452292285
2024-05-30,524.52001953125,522.6099853515625,14.470000267028809,13.670000076293944,65.71893334515829,-144.54109613109125,120.00062635303308,119.89261680430069,119.89261430084618,-3.683973392168472,-3.6839758956229787,-3.68397589562405,-3.683973392168472,-3.6839758956229787,-3.68397589562405
2024-05-31,523.5900268554688,527.3699951171875,12.920000076293944,11.68000030517578,63.91830973757291,-180.06236075853792,82.23000924053727,82.21360274765324,82.21360273767161,12.822748295246468,12.821465830065536,12.821465830065536,-3.8671869842870277,-3.867186994268663,-3.867186994268663
2024-06-03,529.02001953125,527.7999877929688,13.109999656677246,13.90999984741211,64.44693485658708,52.86251190141655,293.37133019355554,291.7828601079475,291.7828601010706,7.4918067696247075,7.4899884148484865,7.489988407971607,-0.7230598081532533,-0.7230598150301306,-0.7230598150301315
2024-06-04,526.4600219726562,528.3900146484375,13.15999984741211,14.279999732971191,64.86183316804652,41.48983114594387,161.34415625654887,160.9631955839421,160.96313652930633,32.10787626747241,32.085393999005326,32.085393998748806,-3.1379014901096336,-3.137960544745394,-3.137960545001922
2024-06-05,530.77001953125,534.6699829101562,12.630000114440918,13.989999771118164,67.53403648882953,267.2203320783012,299.2547747314898,299.2514147143349,299.25141466421167,8.517813924392536,8.514453907237627,8.514453857114457,-3.8932798153206156,-3.893279865443785,-3.8932798654438048
2024-06-06,534.97998046875,534.6599731445312,12.579999923706056,13.470000267028809,67.32743808887122,-20.659839995830964,120.54752259107731,120.43101032457083,120.43100650530657,-3.666964009185854,-3.6669678284501277,-3.6669678284529184,-3.666964009185854,-3.6669678284501277,-3.6669678284529184
2024-06-07,533.6599731445312,534.010009765625,12.220000267028809,12.329999923706056,65.94871853744071,-137.87195514305068,102.56662357425601,102.51956721853117,102.5195670449692,20.614919252256293,20.614919078694328,20.614919078694328,-3.8058867678643704,-3.8058869414263343,-3.8058869414263357
2024-06-10,533.1799926757812,535.6599731445312,12.739999771118164,12.850000381469728,68.07395545673724,212.5236919296526,130.08290242417073,129.96683343723768,129.96683209345596,18.988086545285128,18.981154725212818,18.981154725212768,-3.667857994788579,-3.6678593385703033,-3.667859338570353
2024-06-11,534.0700073242188,536.9500122070312,12.850000381469728,12.869999885559082,69.14653136525227,107.25759085150344,109.41899802034521,109.35039443071602,109.35039382718391,32.40092430084873,32.40092369731663,32.400923697316586,-3.762791010145153,-3.7627916136772592,-3.762791613677299
2024-06-12,541.6300048828125,541.3599853515625,12.039999961853027,10.399999618530272,70.51523695943764,136.87055941853714,142.2508522211854,142.21211510122927,142.2121151012291,-1.3281593145562471,-1.3281727746642322,-1.3281727746644125,-3.8225257600872036,-3.822525760087384,-3.822525760087384
2024-06-13,543.1500244140625,542.4500122070312,11.9399995803833,10.279999732971191,71.0723051997233,55.706824028565904,71.27058699560439,71.26480369503167,71.26480369466869,3.7191063602376415,3.719011737510039,3.719011737510039,-3.888433397765596,-3.8884333981285804,-3.8884333981285804
2024-06-14,540.8800048828125,542.780029296875,12.65999984741211,11.0,72.69731542179228,162.50102220689797,210.30313722317763,210.3031154111074,210.3031154111063,-1.4502803805445401,-1.450302192614772,-1.45030219261589,-3.899956375856182,-3.8999563758573004,-3.8999563758573004
2024-06-17,542.0800170898438,547.0999755859375,12.75,11.9399995803833,75.9189414971056,322.1626075313324,158.17719659495688,158.0316030207741,158.0316030199272,5.298257968538648,5.2975157768747465,5.297515776027831,-3.608812849093741,-3.608812849940656,-3.608812849940656
2024-06-18,547.1599731445312,548.489990234375,12.300000190734863,11.119999885559082,76.08968242029712,17.074092319151646,111.28650474493688,111.23480602183938,111.23480582893329,4.554133130712323,4.553948822064374,4.553948822064372,-3.7966019750867677,-3.7966021679928654,-3.7966021679928654
2024-06-20,549.4400024414062,547.0,13.279999732971191,12.359999656677246,76.65497322921993,56.52908089228106,296.02083935498615,296.0205859304641,296.02058593030023,1.912140114775542,1.9118866902535627,1.911886690089629,-3.8994931504642416,-3.8994931506281754,-3.8994931506281754
2024-06-21,544.4000244140625,544.510009765625,13.199999809265137,10.960000038146973,74.54680655810812,-210.81666711118174,62.52240910682014,62.51640158463673,62.51640158301954,-3.8879849507816133,-3.8879849523988055,-3.8879849523988055,-3.8879849507816133,-3.8879849523988055,-3.8879849523988055
2024-06-24,544.3300170898438,542.739990234375,13.329999923706056,11.829999923706056,73.27599533045728,-127.08112276508388,84.32265989784635,84.29968985050812,84.29968980477739,-3.854059768131338,-3.8540598138620603,-3.8540598138620608,-3.854059768131338,-3.8540598138620603,-3.8540598138620608
2024-06-25,543.989990234375,544.8300170898438,12.84000015258789,11.100000381469728,73.72903218681397,45.303685635668955,70.72686892617683,70.71736279774451,70.71736279431647,16.160403055779305,16.160403052351263,16.160403052351263,-3.8809877328512377,-3.880987736279279,-3.880987736279279
2024-06-26,543.6900024414062,545.510009765625,12.550000190734863,10.510000228881836,73.60425901453797,-12.477317227599372,62.769648916305336,62.764939264398215,62.764939264007474,8.751608677706502,8.751608677315762,8.751608677315762,-3.8905806950135475,-3.8905806954042874,-3.8905806954042874
2024-06-27,545.3699951171875,546.3699951171875,12.239999771118164,10.489999771118164,73.62098878742492,1.6729772886947103,52.322727562712785,52.31939444011339,52.319394439378335,-3.8933337525960288,-3.8933337533310874,-3.8933337533310874,-3.8933337525960288,-3.8933337533310874,-3.8933337533310874
2024-06-28,547.1599731445312,544.219970703125,12.4399995803833,10.539999961853027,72.24559065706461,-137.53981303603098,96.71130652213816,96.68701618159513,96.68701615713871,2.150144765589462,2.150096097328616,2.150096097328616,-3.851419245544686,-3.8514192700010885,-3.8514192700010885
2024-07-01,545.6300048828125,545.3400268554688,12.220000267028809,10.93000030517578,72.46977358070369,22.41829236390771,64.80926235173888,64.80047099470934,64.80047098721698,-3.882417263463836,-3.882417270956204,-3.882417270956204,-3.882417263463836,-3.882417270956204,-3.882417270956204
2024-07-02,543.7000122070312,549.010009765625,12.029999732971191,10.600000381469728,74.99030732670255,252.05337459988613,64.55168525227765,64.5462506206486,64.54625062006741,9.413905084448896,9.413905083867705,9.413905083867705,-3.8891307349983344,-3.889130735579527,-3.889130735579527
2024-07-03,548.6900024414062,551.4600219726562,12.09000015258789,10.720000267028809,77.01525515419232,202.49478274897683,-104.19648830378289,-104.19649727219725,-104.19649727219728,-1.5357786915880909,-1.5357876600024327,-1.5357876600024714,-3.8999820631712008,-3.8999820631712394,-3.8999820631712394
2024-07-05,551.77001953125,554.6400146484375,12.479999542236328,10.8100004196167,80.10039331825823,308.513816406591,149.9361857904486,149.86458584206673,149.86458584205963,0.49318806914565183,0.4931122595048656,0.49311225949775483,-3.756800103214919,-3.7568001032220293,-3.7568001032220293
2024-07-08,555.4400024414062,555.280029296875,12.369999885559082,11.050000190734863,80.24208871140202,14.169539314379165,70.15901132192671,70.14665846815683,70.14665844983213,-3.875294237486146,-3.8752942558108434,-3.8752942558108434,-3.875294237486146,-3.8752942558108434,-3.8752942558108434
2024-07-09,556.260009765625,555.8200073242188,12.510000228881836,11.109999656677246,80.82718299536731,58.50942839652902,86.0748929861494,86.04746077669273,86.04746069084058,12.524730228005941,12.524730142153787,12.524730142153787,-3.8451353235302257,-3.8451354093823804,-3.8451354093823804
2024-07-10,557.0700073242188,561.3200073242188,12.850000381469728,12.0,85.87899150811705,505.18085127497443,-126.5745661964502,-126.73083923020397,-126.73084327784338,11.319135240237106,11.319131192598684,11.3191311925977,-3.5874417895742443,-3.5874458372136484,-3.5874458372136484
2024-07-11,561.4400024414062,556.47998046875,12.920000076293944,11.420000076293944,81.84726104847546,-403.17304596415937,-510.58025422317064,-510.5805426654884,-510.58054266566785,2.10073538128342,2.100446938786275,2.100446938786252,-3.899423114826284,-3.8994231150056646,-3.8994231150056646
2024-07-12,557.6300048828125,559.989990234375,12.460000038146973,10.550000190734863,84.06220846446485,221.49474159893856,123.34410963008698,123.29214734115173,123.29214734115133,1.0049582136944633,1.0049167359029205,1.0049167359029196,-3.796075422128308,-3.796075422128699,-3.796075422128699
2024-07-15,562.030029296875,561.530029296875,13.119999885559082,12.18000030517578,86.06020401114239,199.79955466775436,180.66011656293782,180.37495768535223,180.37495767597292,8.61973729165524,8.617554207410224,8.617554207409764,-3.329682216690916,-3.3296822260701964,-3.3296822260701973
2024-07-16,562.8699951171875,564.8599853515625,13.1899995803833,11.800000190734863,88.91879734058575,285.8593329443366,130.10663842728474,130.00576014881202,130.00576013985437,12.774215921087722,12.774215178314021,12.77421517831401,-3.698243416181651,-3.698243425139284,-3.6982434251392844
2024-07-17,558.7999877929688,556.9400024414062,14.479999542236328,13.15999984741211,84.34283057800862,-457.59667625771385,274.8428482718829,274.8407969445888,274.84079693720014,8.14778486468776,8.145733537393752,8.145733530005087,-3.8958973232459857,-3.895897330634652,-3.8958973306346523
2024-07-18,558.510009765625,552.6599731445312,15.93000030517578,14.899999618530272,83.87710476398945,-46.57258140191658,310.96635199623097,310.9430919692135,310.94309079383504,23.367603244903854,23.344342290161997,23.344342042507172,-3.8534764198247284,-3.853477595203192,-3.853477595204847
2024-07-19,552.4199829101562,548.989990234375,16.520000457763672,15.039999961853027,82.50139593510875,-137.5708828880704,45.383566120849274,43.97559752503143,43.97558300185331,35.67953082636493,35.60861157752357,35.60861157148378,-1.0840192383551908,-1.084033761533346,-1.0840337616915576
2024-07-22,553.0,554.6500244140625,14.90999984741211,14.789999961853027,82.92711996191855,42.572402680980304,214.05375492302855,213.1495805546128,213.14932412989995,41.71925430508255,41.718997881659085,41.71899788021897,-2.090881988577816,-2.091138413290697,-2.0911384134413926
2024-07-23,554.5399780273438,553.780029296875,14.720000267028809,14.609999656677246,81.81468052449637,-111.24394374221822,174.75345883649362,174.26532364289073,174.26522745511923,-2.9234410471432675,-2.9235372349147566,-2.9235372356935705,-2.9234410471432675,-2.9235372349147566,-2.9235372356935705
2024-07-24,548.8599853515625,541.22998046875,18.040000915527344,19.790000915527344,80.69786208287904,-111.68184416173261,503.90944158391557,503.17954575451154,503.17783088285904,88.4719073033931,87.74201147398902,87.74029641315659,-2.4350618958149957,-2.4367767674674337,-2.436777377557053
2024-07-25,541.3499755859375,538.4099731445312,18.459999084472656,19.81999969482422,80.0330291001081,-66.4832982770946,165.8276015732445,153.1622563345153,153.1592311230328,88.74222651569721,87.909308705514,87.90628349403147,21.439772555758275,21.43674734427576,21.43674519662047
2024-07-26,542.280029296875,544.4400024414062,16.389999389648438,16.809999465942383,78.4202505148753,-161.2778585232789,308.7436234151031,305.58950580758767,305.58489972274214,52.67815632050722,52.46722524796765,52.467068755665615,2.4220535013815123,2.4174474165359507,2.417447405931366
2024-07-29,546.02001953125,544.760009765625,16.600000381469727,17.389999389648438,78.81337143644213,39.3120921566819,280.12809196877953,277.3125834227768,277.30560968345327,94.83477545387565,94.82780171455214,94.82779964949783,1.751944505355465,1.74497076603196,1.7449687009055
2024-07-30,546.260009765625,542.0,17.690000534057617,18.899999618530273,79.59403173005418,78.06602936120584,348.27055068633064,342.6248082904719,342.5919719953223,116.90893368315524,116.8760973880056,116.87606493714524,7.490091045873626,7.457254750724003,7.457222294492306
2024-07-31,548.97998046875,550.8099975585938,16.360000610351562,16.510000228881836,82.19864511517066,260.46133851164797,229.15674301331103,229.08484964414077,229.08483405849327,35.31659479965979,35.24470143048949,35.24468584484201,-3.7561665039895393,-3.7561820896370173,-3.7561820898794913
2024-08-01,552.5700073242188,543.010009765625,18.59000015258789,19.540000915527344,82.26028853794146,6.164342277079982,-976.8918257349513,-986.006299708063,-986.0133220835991,112.29883217164159,110.89993139248531,110.89987819937286,14.350035309208918,14.343012933673004,14.343006189453371
2024-08-02,535.75,532.9000244140625,23.38999938964844,23.309999465942383,90.14854591651311,788.8257378571652,520.1195137517946,502.5811971489004,502.2045214727889,227.37699919741044,227.00032352129895,226.99790098119973,32.313942827473056,31.937267151361596,31.934844611262385
2024-08-05,511.6400146484375,517.3800048828125,38.56999969482422,42.790000915527344,131.5468356352026,4139.828971868948,1614.523483807809,1446.4442294792545,1409.1411158111623,857.5669687931319,779.3552121970059,765.1805603483516,460.8632276797051,423.56011401161277,418.43867363504864
2024-08-06,519.219970703125,522.1500244140625,27.709999084472656,28.93000030517578,98.31493580980941,-3323.1899825393184,482.123070756416,412.96262395394746,412.5734450382705,293.0413580646508,281.5494336921914,281.1602547765144,135.60418349521285,135.21500457953584,135.20978595047475
2024-08-07,528.469970703125,518.6599731445312,27.850000381469727,29.260000228881836,97.35727486016398,-95.76609496454296,638.8767126487807,575.4943928664918,569.687070847193,61.78689895548889,47.33805855456851,46.76559137023843,140.31306225888895,134.50574023959027,134.4969798100731
2024-08-08,523.9099731445312,530.6500244140625,23.790000915527344,23.899999618530273,89.3979708712564,-795.9303988907578,396.58117076768116,378.92561867572476,378.590496076662,101.01753505636682,93.99910229477203,93.99758642964265,32.42102537111268,32.08590277204997,32.08438690692055
2024-08-09,529.8099975585938,532.989990234375,20.3700008392334,20.059999465942383,80.47470598367948,-892.326488757692,76.3331993921617,75.79341214350778,75.79224760445689,76.3331993921617,75.79341214350778,75.79224760445689,-2.816930472424125,-2.818095011475026,-2.818095482472265
2024-08-12,534.2100219726562,533.27001953125,20.709999084472656,21.920000076293945,81.16270401833714,68.79980346576531,450.0847966928191,438.5510444333709,438.416575552829,198.0052585573192,197.87078967677726,197.87047213886862,19.571864345138714,19.437395464596797,19.43707792668814
2024-08-13,536.530029296875,542.0399780273438,18.1200008392334,18.56999969482422,79.0811091155452,-208.15949027919345,-79.84863445543476,-84.54799004483257,-84.56959985923923,97.4081628401828,96.70785603396953,96.70784142848808,5.563584442709855,5.541974628303171,5.541960022821744
2024-08-14,542.8499755859375,543.75,16.190000534057617,15.789999961853027,75.53465935019452,-354.6449765350687,245.52076571229074,244.03264358453774,244.0317951481362,48.467767070157535,48.32618333368849,48.32618331993658,-0.9212104314698304,-0.9220588678713213,-0.9220588691445433
2024-08-15,549.5,553.0700073242188,15.229999542236328,14.369999885559082,80.12804480546916,459.33854552746425,-251.054838861183,-251.06137820723862,-251.0613783534599,12.808085404894696,12.80154605883905,12.801545912617781,-3.886920869224454,-3.8869210154457225,-3.886921015445872
2024-08-16,551.4199829101562,554.3099975585938,14.800000190734863,12.970000267028809,80.21482314596693,8.677834049777289,235.14795384375304,235.1451264628591,235.14512643771695,8.326827140474833,8.323999759580866,8.323999734438706,-3.8943451627855836,-3.894345187927741,-3.894345187927745
2024-08-19,554.72998046875,559.6099853515625,14.649999618530272,14.119999885559082,83.90285258649574,368.80294405288083,157.09985112939881,156.77171704495314,156.77167690725054,-3.243611417463748,-3.24365155516634,-3.2436515553453695,-3.243611417463748,-3.24365155516634,-3.2436515553453695
2024-08-20,559.1500244140625,558.7000122070312,15.880000114440918,15.850000381469728,85.1250857894972,122.22332030014655,391.7820668866782,391.7327042794215,391.7326965885547,30.186625468380576,30.137262861123844,30.137255170245687,-3.8012517126340044,-3.80125940350078,-3.80125940358485
2024-08-21,559.77001953125,560.6199951171875,16.270000457763672,15.649999618530272,87.19586241025405,207.07766207568454,26.752696877507972,26.71300860039303,26.71300214752285,26.752696877507972,26.71300860039303,26.713002147520506,-3.8206040868989115,-3.8206105397690973,-3.820610539855981
2024-08-22,562.5599975585938,556.219970703125,17.549999237060547,16.549999237060547,86.23226014710255,-96.36022631515004,-447.25273913658106,-450.5511914895168,-450.55151337339015,62.436347884858,62.430703817716214,62.43070332363646,2.6978704565114313,2.697548572638138,2.697548539631809
2024-08-23,559.530029296875,562.1300048828125,15.859999656677246,13.6899995803833,87.49020695839721,125.79468112946586,9.778104816709682,9.774481898475493,9.774481854486606,9.778104816709682,9.774481898475493,9.774481854486606,-3.8927540315649027,-3.892754075553788,-3.8927540755538086
2024-08-26,563.1799926757812,560.7899780273438,16.149999618530273,14.869999885559082,86.63651849939617,-85.36884590010345,220.17272654488235,219.1344148783541,219.13402529112838,49.61175249887946,49.61136291469389,49.6113629110561,-1.8222079034733576,-1.822597490699093,-1.822597491296725
2024-08-27,559.489990234375,561.5599975585938,15.43000030517578,14.170000076293944,85.97547222933488,-66.10462700612914,13.251949417150643,13.244893644455372,13.244893475932406,13.251949417150643,13.244893644455372,13.244893475932399,-3.88588794904001,-3.8858881175629785,-3.8858881175631628
2024-08-28,561.2100219726562,558.2999877929688,17.110000610351562,16.639999389648438,86.25682257588467,28.135034654978597,44.00929963843325,43.8487912897963,43.84867398175484,45.26134221049842,45.100833861861496,45.10071654465162,-3.5786313510616723,-3.578748659103162,-3.57874866828309
2024-08-29,560.3099975585938,558.3499755859375,15.649999618530272,13.729999542236328,83.60311023442412,-265.37123414605475,10.410375016797211,10.405522261253939,10.405522151724847,10.410375016797211,10.405522261253939,10.405522151724758,-3.8902941603259142,-3.890294269855006,-3.8902942698550955
2024-08-30,560.77001953125,563.6799926757812,15.0,12.899999618530272,86.7900760045577,318.69657701335825,287.9928839334649,287.9908970667688,287.9908970503264,6.537915796568955,6.5359289298728545,6.535928913430459,-3.896026217280616,-3.896026233723008,-3.896026233723011
2024-09-03,560.469970703125,552.0800170898438,20.719999313354492,20.06999969482422,88.90965892394694,211.95829193892308,100.14422791733716,99.06578397534888,99.06094920481162,100.14422791733716,99.06578397534888,99.06094438188363,-1.7285928668545019,-1.7334276373917605,-1.7334326153535975
2024-09-04,550.2000122070312,550.9500122070312,21.31999969482422,20.43000030517578,89.47774100510594,56.80820811590053,98.7430044658342,97.71304936312653,97.70873980529213,98.7430044658342,97.71304936312653,97.70873980529213,-1.8271487963939497,-1.831458354228376,-1.8314624614961117
2024-09-05,550.8900146484375,549.6099853515625,19.899999618530273,19.540000915527344,85.19062889761042,-428.7112107495517,426.9873939320626,426.2387352056697,426.23626472706724,85.27198621882738,84.52332749243449,84.52085701383196,-2.3952662181752338,-2.397736696777774,-2.3977383276399324
2024-09-06,549.9400024414062,540.3599853515625,22.3799991607666,22.260000228881836,85.74749144280398,55.686254519355316,139.9301787206631,137.61776886407688,137.59810897454594,139.9301787206631,137.61776886407688,137.59810897454594,0.7839392554116253,0.7642793658806966,0.7642327764882122
2024-09-09,544.6500244140625,546.4099731445312,19.450000762939453,19.670000076293945,81.62601247560586,-412.1478967198115,362.775270861388,356.61122979802195,356.5761954019571,8.53328334309931,8.498248947034517,8.498216277342424,8.53328334309931,8.498248947034517,8.498216277342424
2024-09-10,548.3599853515625,548.7899780273438,19.079999923706055,19.690000534057617,82.18245507560822,55.64426000023559,480.1849674554715,466.4284468783263,466.42674956029094,91.29646078195671,90.533173275927,90.5314757115499,23.61813451432701,23.616437196291656,23.616436727672692
2024-09-11,548.7000122070312,554.4199829101562,17.690000534057617,17.8799991607666,83.01656442128348,83.41093456752589,-464.05406603862025,-464.2825739756748,-464.2827286987284,56.12472205841477,55.8962141213603,55.89605939496473,-3.442519928332904,-3.4426746513866098,-3.4426746608521896
2024-09-12,555.010009765625,559.0900268554688,17.06999969482422,16.75,85.20430671383923,218.7742292555754,254.04872260868686,252.09094068923764,252.08815784606162,0.023913562589449544,0.021130719413386068,0.021130321365844473,0.023913562589449544,0.021130719413386068,0.021130321365844473
2024-09-13,559.7100219726562,562.010009765625,16.559999465942383,15.800000190734863,86.50163763942645,129.7330925587218,28.439144148872835,28.393360934885955,28.393352534255307,28.439144148872835,28.393360934885955,28.393352534250866,-3.808408369736579,-3.808416770367235,-3.808416770499803
2024-09-16,561.739990234375,562.8400268554688,17.139999389648438,17.190000534057617,87.78446112619719,128.2823486770738,371.83071116736227,371.5207889268669,371.52038921626695,59.57365157284235,59.263333343242216,59.263329558766756,-3.2789561981581326,-3.279355908758009,-3.279355971773949
2024-09-17,565.0999755859375,563.0700073242188,17.610000610351562,18.09000015258789,88.63641392277773,85.1952796580548,323.5339750978374,319.1658874900074,319.14869650392905,4.887778657423295,4.870587671344994,4.870577511211277,4.887778657423295,4.870587671344994,4.870577510168939
2024-09-18,563.739990234375,561.4000244140625,18.229999542236328,17.950000762939453,88.33636742976623,-30.00464930115072,328.4901761367151,324.10139751295037,324.08719509595807,4.920170963335796,4.905970913365014,4.905966391589679,4.920170963335796,4.905968546343484,4.9059663915555785
2024-09-19,571.010009765625,570.97998046875,16.329999923706055,14.65999984741211,92.87675786631095,454.0390436544726,336.24167459940765,336.21073221806165,336.21072787716264,23.10961070979733,23.078664041142794,23.078663987516798,-3.838102214504337,-3.8381065554033222,-3.8381065554389133
2024-09-20,567.8400268554688,568.25,16.149999618530273,13.199999809265137,90.2685385361263,-260.8219330184653,220.5331138368986,219.6532906645988,219.6532906154468,15.378906984812145,15.372514514881503,15.372514513492034,-2.140353507944364,-2.1403535570963896,-2.1403535570963927
2024-09-23,569.3400268554688,569.6699829101562,15.890000343322754,14.350000381469728,90.84548419956997,57.69456634436665,17.070915219634287,17.058484358376,17.05848386837237,17.070915219634287,17.058484358376,17.058483868372306,-3.8751368074696257,-3.8751372974732576,-3.875137297474224
2024-09-24,570.47998046875,571.2999877929688,15.390000343322754,14.119999885559082,91.55483940486448,70.93552052945142,15.678465462299188,15.666261554744702,15.666260850888113,15.678465462299188,15.666261554744702,15.666260850886152,-3.875590073315387,-3.875590777171971,-3.875590777173933
2024-09-25,571.1400146484375,570.0399780273438,15.40999984741211,14.239999771118164,90.40568827813455,-114.9151126729933,312.11693150667975,312.09558907072375,312.09558711023703,19.848677885553876,19.82733350300559,19.82733348910252,-3.8573092466019343,-3.85731120708864,-3.8573112070972817
2024-09-26,574.3800048828125,572.2999877929688,15.369999885559082,14.5600004196167,92.22800545812044,182.23171799858875,192.83936063111452,192.13736121459624,192.13714483174869,-2.495352011216308,-2.495568393514306,-2.4955683964653472,-2.495352011216308,-2.4955683940638433,-2.49556839646535
2024-09-27,573.3900146484375,571.469970703125,16.959999084472656,15.739999771118164,93.35828298915017,113.02775310297335,257.3207535642509,255.43536536316432,255.4350635329105,71.6262787197499,71.62448488468482,71.62448480680598,-0.12831804264670765,-0.12861987290056476,-0.12861989437332433
2024-09-30,570.4199829101562,573.760009765625,16.729999542236328,16.649999618530273,94.69894211173872,134.06591225885478,44.24936004220532,44.10221953498408,44.10211955664673,44.24936004220532,44.10221953498408,44.10211954840785,-3.605419025828584,-3.6055190041659295,-3.605519012404815
2024-10-01,573.4000244140625,568.6199951171875,19.260000228881836,19.549999237060547,94.07996102721948,-61.898108451923406,148.49672320113726,138.85268151571384,138.83137827461485,148.74138574712768,148.6593715363554,148.65926784403172,15.452103012403372,15.430799771304374,15.430763131885678
2024-10-02,567.7100219726562,568.8599853515625,18.899999618530273,18.760000228881836,93.56970168501812,-51.02593422013655,430.7560356754502,420.3397006065536,420.3379783085964,95.72671074390601,94.90894998231491,94.90874168817845,16.93783812461821,16.936115826660995,16.9361154623518
2024-10-03,567.3599853515625,567.8200073242188,20.489999771118164,20.40999984741211,95.32800779487815,175.83061098600297,489.28157390973143,474.0646504123995,474.05400905317975,137.7100832540373,137.44705296180655,137.4459118272808,26.565795093688614,26.555153734468888,26.555145728193637
2024-10-04,572.3499755859375,572.97998046875,19.209999084472656,16.479999542236328,97.06058897044412,173.25811755659686,327.396486071219,323.450258690529,323.4498920209168,62.173762141662756,62.165463929417264,62.16546295700359,3.9935549029754345,3.9931882333632656,3.9931881891108496
2024-10-07,571.2999877929688,567.7999877929688,22.63999938964844,20.0,98.73606797646094,167.5479006016829,86.41935743211229,84.90633037394298,84.89682743930415,114.43796187337814,112.91595477606315,112.91541775995667,-0.8453943062729898,-0.854897240911868,-0.8549114936695661
2024-10-08,570.4199829101562,573.1699829101562,21.420000076293945,18.0,100.29107897417319,155.50109977122446,65.92192332228441,65.5301514304096,65.52947338062378,65.92192332228441,65.5301514304096,65.52947318417489,-3.1144214775169896,-3.115099527302821,-3.115099723751714
2024-10-09,573.1599731445312,577.1400146484375,20.86000061035156,16.40999984741211,102.29003269759798,199.89537234247905,291.6293179445762,288.7577168064224,288.75707087221133,77.59731029931314,77.59261678012649,77.59261633972831,1.8451403467721548,1.8444944125610876,1.8444943232852413
2024-10-10,575.77001953125,576.1300048828125,20.93000030517578,15.489999771118164,101.4899180806179,-80.01146169800819,234.56468912408639,233.03397143056645,233.03224080844944,-0.8333727413627074,-0.8351031966146047,-0.8351033652270963,-0.8333727413627074,-0.8351033634796883,-0.8351033652285036
2024-10-11,576.0499877929688,579.5800170898438,20.459999084472656,14.329999923706056,103.37155856293847,188.16404823205772,195.8695451061828,195.06198788280915,195.06159792017021,-2.2837156652632284,-2.2841056177422265,-2.284105627926352,-2.2837156652632284,-2.2841056279021865,-2.2841056279263663
2024-10-14,581.219970703125,584.3200073242188,19.700000762939453,14.640000343322754,105.8735804430946,250.20218801561214,329.50321257984206,329.45839548332594,329.45838674363984,27.047902982238504,27.00307722558746,27.00307714592875,-3.8103395875868484,-3.810348327272928,-3.8103483273804866
2024-10-15,584.5900268554688,579.780029296875,20.63999938964844,14.880000114440918,103.31732986574858,-255.62505773460202,169.3361794138858,168.30294524691007,168.3023714835388,-1.831810375934567,-1.8323841197406816,-1.832384139305859,-1.831810375934567,-1.832384139305859,-1.8323841393059173
2024-10-16,579.780029296875,582.2999877929688,19.579999923706055,14.25,103.8177686707548,50.043880500622606,17.910695592444007,17.89567220890236,17.895671303949534,17.910695592444007,17.895672052977794,17.89567130394631,-3.8699505180485523,-3.8699514230013827,-3.8699514230046073
2024-10-17,585.9099731445312,582.3499755859375,19.11000061035156,13.850000381469728,103.16719029765645,-65.05783730983552,184.07754638105297,183.43605108902443,183.43604222559847,-2.616761993355123,-2.6169916851045363,-2.616991689091013,-2.6169828256650636,-2.616991689091013,-2.6169916890910163
2024-10-18,584.0700073242188,584.5900268554688,18.030000686645508,12.380000114440918,103.77362219935978,60.64319017033313,128.5457017611217,128.4088366700309,128.40883553687172,-3.626264065653232,-3.626267551497742,-3.626267551498721,-3.626266418338888,-3.626267551498047,-3.626267551498721
2024-10-21,583.8499755859375,583.6300048828125,18.3700008392334,14.390000343322754,103.00638156896876,-76.72406303910151,203.5626825589196,202.73296519315076,202.7328888489482,-2.240136089508864,-2.2404125740213434,-2.2404125770127576,-2.240336231288003,-2.2404125754905553,-2.2404125770127594
2024-10-22,581.0499877929688,583.3200073242188,18.200000762939453,14.550000190734863,102.45948623887432,-54.68953300944435,338.3109596665667,338.274177670539,338.2741715888999,24.861024727356273,24.82423672617397,24.8242366496276,-3.826417762841691,-3.826423844480851,-3.826423844542655
2024-10-23,581.260009765625,577.989990234375,19.239999771118164,16.489999771118164,99.039228269765,-342.0257969109315,-5.099947232400245,-5.32647117087531,-5.326700749188204,52.14029565572309,51.91354702622895,51.91354211110079,-3.4462633046070086,-3.446492882919869,-3.446492910754217
2024-10-24,579.97998046875,579.239990234375,19.079999923706055,16.670000076293945,99.77241060434577,73.31823345807607,47.62150135917868,47.451652119269674,47.45152979683183,47.62150135917868,47.451652119269674,47.451529785476104,-3.559934518800822,-3.5600568412386666,-3.5600568525944003
2024-10-25,581.510009765625,579.0399780273438,20.329999923706055,18.489999771118164,101.09700180118097,132.45911968352004,271.36522398516564,270.4718493385191,270.46847800221786,91.61962041108761,90.7229772097955,90.72287199096691,-2.1031293852825623,-2.106500721583843,-2.1065031587567815
2024-10-28,582.5800170898438,580.8300170898438,19.799999237060547,21.170000076293945,101.54067301711251,44.36712159315448,550.1594300089763,530.4378673586856,530.3772714234481,174.90982061994012,174.53498106876967,174.53352210887965,35.72568362343406,35.6650876881965,35.66483084931997
2024-10-29,579.8499755859375,581.77001953125,19.34000015258789,21.770000457763672,101.67085307300037,13.018005588786252,157.62509994385243,154.59654330119028,154.56415184220768,157.62509994385243,154.59654330119028,154.56405104687263,2.254590364264267,2.2221989052816786,2.222098109946634
2024-10-30,581.2899780273438,580.010009765625,20.350000381469727,23.59000015258789,101.32565128280825,-34.520179019212094,709.7854070748813,703.0074914914101,702.8453847680613,223.73695907866164,216.81577100675833,216.79546993252862,10.146567213899388,9.98446049055044,9.982993651237443
2024-10-31,575.5599975585938,568.6400146484375,23.15999984741211,26.049999237060547,96.71605914534163,-460.95921374666204,486.2403402507711,442.8939389279584,440.35753368100836,90.43478353978061,87.9478470781978,87.88810545359065,90.43478353978061,87.89837829283069,87.88745987394122
2024-11-01,571.3200073242188,571.0399780273438,21.8799991607666,23.469999313354492,96.20631659240208,-50.97425529395565,682.8132936088937,677.0285432795313,676.907595058475,207.65641988691237,201.7633060212055,201.74983101352095,8.035104836660384,7.914156615604071,7.9132393366062725
2024-11-04,571.1799926757812,569.8099975585938,21.979999542236328,25.770000457763672,95.02038581072527,-118.59307816768023,764.441435692372,753.5738776074961,753.184749851357,280.88991373223143,269.6927909244074,269.62755870512575,19.020661326029618,18.63153356989043,18.625521210939425
2024-11-05,570.739990234375,576.7000122070312,20.489999771118164,24.700000762939453,98.09144997753067,307.10641668053995,774.5355769040139,766.8089665763077,766.6059009188763,239.00330674972074,231.2766964220146,231.07168066256102,12.168754811034313,11.96568915360278,11.963585849652253
2024-11-06,589.2000122070312,591.0399780273438,16.270000457763672,15.850000381469728,106.56340302152768,847.1953043997005,40.652767868493214,40.5469081950612,40.54687085958905,40.652767868493214,40.54689098090584,40.54687085842461,-3.68816864322619,-3.688205978698337,-3.688205979862777
2024-11-07,593.0800170898438,595.6099853515625,15.199999809265137,13.84000015258789,110.3073841838676,374.3981162339921,212.76365086112887,211.8621749474365,211.86215592293803,43.836703950809074,43.83643692677921,43.83643692510925,-2.0969910985750726,-2.097010123073553,-2.0970101232551355
2024-11-08,596.1699829101562,598.1900024414062,14.9399995803833,13.09000015258789,112.63188263067295,232.44984468053502,170.67737084737882,170.19736679839875,170.19736485830222,-2.9398780721726894,-2.939988020943337,-2.939988021846803,-2.939986081750269,-2.939988021846803,-2.9399880218468035
2024-11-11,599.8099975585938,598.760009765625,14.970000267028809,14.0,112.99505813067431,36.31755000013612,20.125024090891053,20.105107271000904,20.10510567355199,20.125024090891053,20.10510567355199,20.105105673543882,-3.860161567848621,-3.8601631652975357,-3.8601631653056465
2024-11-12,598.6799926757812,596.9000244140625,14.710000038146973,13.920000076293944,111.04733548260035,-194.7722648073963,324.1057706327544,324.0838077760611,324.0838066395019,22.457182109069997,22.452870412372953,22.45287011544705,-3.856070876930512,-3.8560720134896838,-3.8560720134914916
2024-11-13,597.3699951171875,597.1900024414062,14.020000457763672,12.8100004196167,111.08043264442209,3.309716182174327,204.51191177922854,204.49811697088356,204.49811675901677,22.217618470845075,22.217397596351233,22.217397594546433,-3.872409747709519,-3.872409959576306,-3.8724099595763355
2024-11-14,597.3200073242188,593.3499755859375,14.3100004196167,13.130000114440918,107.35540261160423,-372.50300328178554,213.46345380924504,213.4421572640235,213.44215671585718,26.107570410649018,26.107196502031236,26.107196496911968,-3.857405265057474,-3.857405813223799,-3.857405813223959
2024-11-15,589.719970703125,585.75,16.139999389648438,14.8100004196167,100.84861174341475,-650.6790868189483,26.261190443173227,26.2235724206803,26.223566835044267,26.261190443173227,26.223566835044267,26.2235668349797,-3.8247471979123286,-3.8247527835483663,-3.8247527836129334
2024-11-18,586.219970703125,588.1500244140625,15.579999923706056,13.979999542236328,102.57654914275257,172.79373993378186,196.19540584328476,195.3860228686338,195.38601447726074,-2.280838329563534,-2.281217258940642,-2.281217267926203,-2.2812088765403065,-2.281217267913335,-2.2812172679262135
2024-11-19,584.7100219726562,590.2999877929688,16.350000381469727,14.239999771118164,104.90801372091605,233.14645781634766,128.1056678037019,127.45200968985074,127.45180743709895,-2.5920770140423244,-2.5922792636319576,-2.5922792667940886,-2.5920770140423244,-2.5922792667940886,-2.592279266794092
2024-11-20,590.3800048828125,590.5,17.15999984741211,15.079999923706056,105.46185943024027,55.38457093242215,30.424363960629172,30.366103889683835,30.366088117697267,30.424363960629172,30.366088117697267,30.366088117325212,-3.783432541033477,-3.783448313020039,-3.7834483133920935
2024-11-21,593.4000244140625,593.6699829101562,16.8700008392334,14.149999618530272,108.18886058060957,272.7001150369304,214.4893378570507,213.51891485646814,213.51886611456447,-1.958699284753327,-1.95905650982367,-1.9590565133629292,-1.959007770626946,-1.9590565125306443,-1.9590565133629303
2024-11-22,593.6599731445312,595.510009765625,15.239999771118164,11.460000038146973,109.20320827909701,101.43476984874411,113.70354810828199,113.62803220523651,113.62803213303337,-3.748967432478257,-3.7489680495027575,-3.748968049502776,-3.7489679772996314,-3.748968049502776,-3.748968049502776
2024-11-25,599.52001953125,597.530029296875,14.600000381469728,12.3100004196167,110.7937468741279,159.05385950308926,6.725424806006123,6.723738554404433,6.723738545687901,6.725424806006123,6.723738545687901,6.723738545687899,-3.896627470647021,-3.8966274793635525,-3.896627479363554
2024-11-26,598.7999877929688,600.6500244140625,14.100000381469728,11.729999542236328,113.6916313849652,289.7884510837301,126.88794287756588,126.88716152450309,126.8871615235914,4.937749268113237,4.937626137293385,4.9376261370621375,-3.8984372911394845,-3.8984372920511468,-3.8984372920511468
2024-11-27,600.4600219726562,598.8300170898438,14.100000381469728,10.75,111.84135467416749,-185.0276710797715,0.17617087172169832,0.1760581473653824,0.17605814732052671,0.17617087172169832,0.17605814732052671,0.17605814732052671,-3.899774551152802,-3.899774551197657,-3.899774551197657
2024-11-29,599.6599731445312,602.5499877929688,13.510000228881836,10.890000343322754,115.30832503082098,346.69703566534906,0.21421013782148002,0.21411748067247416,0.21411748064836011,0.21421013782148002,0.21411748064836011,0.21411748064836011,-3.8998146856296474,-3.899814685653761,-3.899814685653761
2024-12-02,602.969970703125,603.6300048828125,13.34000015258789,11.859999656677246,116.18859003085097,88.02650000299934,153.21386728162105,153.20234758380596,153.20234739842974,-3.444492167428671,-3.4444994554943897,-3.4444994554956834,-3.8769600482411186,-3.8769602336173516,-3.8769602336173516
2024-12-03,603.3900146484375,603.9099731445312,13.300000190734863,11.869999885559082,116.40573167306474,21.71416422137611,140.0586660760663,139.8840719469269,139.88407160875923,-3.5508064048844936,-3.550811065385134,-3.550811065385878,-3.5508107272182023,-3.550811065385878,-3.550811065385878
2024-12-04,605.6300048828125,607.6599731445312,13.449999809265137,11.600000381469728,120.08414624743914,367.84145743744006,115.81081627343605,115.70682934271677,115.7068292435413,-3.692022852693793,-3.692025940209054,-3.6920259402105136,-3.692025841035038,-3.6920259402105136,-3.6920259402105136
2024-12-05,607.6599731445312,606.6599731445312,13.539999961853027,11.68000030517578,119.0410376872975,-104.31085601416328,187.59853269363944,187.5957336131664,187.59573360617892,11.546915889460566,11.54687117877931,11.546871178712395,-3.8944018180914948,-3.894401825078961,-3.8944018250789614
2024-12-06,607.4400024414062,607.8099975585938,12.770000457763672,10.380000114440918,120.08132036725564,104.0282679958139,134.80964877959858,134.80934726949604,134.8093472694616,4.835079672247726,4.835078705205488,4.835078705205445,-3.899396979691588,-3.8993969797260575,-3.8993969797260575
2024-12-09,607.6900024414062,604.6799926757812,14.1899995803833,12.970000267028809,116.90760953780963,-317.37108294460086,234.46014217013848,234.44298660402518,234.44298618546242,22.692666324399177,22.692077991609125,22.692077981603347,-3.865687612084561,-3.8656880306473864,-3.8656880306475103
2024-12-10,605.3699951171875,602.7999877929688,14.18000030517578,13.289999961853027,114.98784147687778,-191.97680609318581,172.00174851235752,171.5147800753488,171.51476716284876,-2.9259189566561736,-2.9260372996607513,-2.9260373009824496,-2.9260243884824244,-2.9260373009824496,-2.9260373009824505
2024-12-11,605.780029296875,607.4600219726562,13.579999923706056,12.039999961853027,119.49843954972079,451.059807284301,132.82026008453218,132.63879853545723,132.63879821464585,-3.53706472192498,-3.53707626021144,-3.537076260227348,-3.5370759394159723,-3.537076260227348,-3.537076260227348
2024-12-12,606.5800170898438,604.3300170898438,13.920000076293944,11.93000030517578,116.35985214513845,-313.85874045823385,149.40583876150075,149.13686251303557,149.13686243567966,-3.362024936518552,-3.3620473483224362,-3.362047348357856,-3.3620472710019453,-3.362047348357856,-3.362047348357856
2024-12-13,606.4000244140625,604.2100219726562,13.8100004196167,10.899999618530272,116.17374286149828,-18.610928364016388,110.59765103203357,110.51895349812314,110.5189534958059,-3.7426038149199212,-3.7426049275445235,-3.742604927544652,-3.74260492522742,-3.742604927544652,-3.742604927544652
2024-12-16,606.0,606.7899780273438,14.6899995803833,12.0600004196167,118.63746969224019,246.3726830741905,137.85604613394057,137.6463677381884,137.6463674835948,-3.480627147491532,-3.4806426992835986,-3.4806426993084694,-3.4806424447148663,-3.4806426993084694,-3.4806426993084694
2024-12-17,604.1900024414062,604.2899780273438,15.869999885559082,13.390000343322754,116.27128267518668,-236.61870170535053,177.6442725722385,177.1363513519387,177.13631313524317,-2.883987768950444,-2.884081125491802,-2.884081126009338,-2.884042909313788,-2.884081126009338,-2.884081126009338
2024-12-18,603.97998046875,586.280029296875,27.6200008392334,35.41999816894531,108.58273943575294,-768.8543239433741,-1635.3884766498836,-1427.1549027451726,-1444.6412228068318,-351.10593951800035,-380.7828466238658,-384.4840527920502,-366.997732730391,-384.4840527920502,-384.7722897408051
2024-12-19,591.3599853515625,586.0999755859375,24.09000015258789,23.719999313354492,104.1748224054594,-440.79170302935466,-47.41268782475523,-55.446536285364296,-55.66888698394988,236.305060924651,234.2444360710252,234.2154981204076,12.842064413162598,12.61971371457703,12.617285917372032
2024-12-20,581.77001953125,591.1500244140625,18.36000061035156,15.949999809265137,104.18588505290542,1.1062647446024698,114.10864488881597,113.91300064433337,113.9128465418371,-180.4338395032254,-180.4432843644873,-180.44328537434575,-3.5082491673969223,-3.5084032698931944,-3.508403281942786
2024-12-23,590.8900146484375,594.6900024414062,16.780000686645508,14.760000228881836,106.72254536329771,253.66603103922927,29.022875986028048,28.969374318881073,28.96936105800605,29.022875986028048,28.969361362678292,28.969361057761283,-3.7929568823466724,-3.7929701432216967,-3.792970143466464
2024-12-24,596.0599975585938,601.2999877929688,14.270000457763672,10.890000343322754,112.6903562837623,596.7810920464586,-163.77065404875486,-163.81751029168603,-163.81751029348933,-3.8062871346266642,-3.806287510531023,-3.806287510531044,-3.806287508727731,-3.806287510531044,-3.806287510531044
2024-12-26,599.5,601.3400268554688,14.729999542236328,11.630000114440918,112.65592474734598,-3.4431536416320796,3.148170997603506,3.1476968543043498,3.147696853691576,3.148170997603506,3.147696853691576,3.147696853691576,-3.8990517115633656,-3.8990517121761403,-3.8990517121761403
2024-12-27,597.5399780273438,595.010009765625,15.949999809265137,13.3100004196167,106.55244065584738,-610.3484091498601,230.8396170484164,230.81738975606157,230.8173890732054,25.544290900587214,25.543662675796924,25.543662663414295,-3.8555433667210637,-3.855544049577247,-3.8555440495775186
2024-12-30,587.8900146484375,588.219970703125,17.399999618530273,15.8100004196167,100.19079972187434,-636.1640933973035,335.2546431591144,335.0948069805504,335.0947485286806,50.62900423021002,50.612911552312504,50.61290615871235,-3.58015228428841,-3.5802107361582576,-3.5802107371496295
2024-12-31,589.9099731445312,586.0800170898438,17.350000381469727,15.149999618530272,98.05774286830317,-213.30568535711762,30.317261855361842,30.262346872280894,30.262334151778177,30.317261855361842,30.262334151778177,30.26233415151524,-3.790131871541144,-3.7901445920438595,-3.790144592306798
2025-01-02,589.3900146484375,584.6400146484375,17.93000030517578,16.260000228881836,96.76508860068526,-129.26542676179054,46.07501370206119,45.92694508326695,45.926866493253605,46.07501370206119,45.92691516796864,45.926866488756175,-3.6036269788790927,-3.603705568892438,-3.6037055733898624
2025-01-03,587.530029296875,591.9500122070312,16.1299991607666,13.4399995803833,103.13514092993033,637.005232924507,-163.18116686757395,-163.20113235765515,-163.20113288866875,24.649437313480483,24.64890333649251,24.648903327338424,-3.8600674267962383,-3.86006795780984,-3.860067957810009
2025-01-06,596.27001953125,595.3599853515625,16.040000915527344,14.199999809265137,106.25348516092072,311.8344230990388,215.09934459985118,213.97079781559003,213.97077702843768,-1.6420470642643519,-1.6428648205593204,-1.6428648571727744,-1.6428440700204416,-1.6428648571727744,-1.6428648571728734
2025-01-07,597.4199829101562,588.6300048828125,17.81999969482422,16.100000381469727,100.09258425223791,-616.0900908682805,59.56609501005909,59.25795296984588,59.25774614149996,-207.34194237088235,-207.36243557657824,-207.36244558210103,-3.2830954115033126,-3.283302239849215,-3.2833022475267217
2025-01-08,588.7000122070312,589.489990234375,17.700000762939453,16.149999618530273,100.79833231814435,70.57480659064339,400.1609443320885,400.0082284453449,400.0081609390833,47.86945381857389,47.71669218851684,47.71667042338324,-3.5943657011715953,-3.594433207433131,-3.5944332096186677
2025-01-10,585.8800048828125,580.489990234375,19.540000915527344,17.829999923706055,92.95248635881981,-784.5845959324536,349.62468377681006,343.9256280504861,343.9216883957573,7.538634078976548,7.506023229349129,7.505990779124678,7.509930433853542,7.505990779124678,7.505990773451787
2025-01-13,575.77001953125,581.3900146484375,19.190000534057617,18.700000762939453,93.3040286479119,35.15422890920945,95.28316941797806,88.37965457046214,88.32950071906588,10.057499481817093,10.007412891648512,10.007342905727965,10.057499481817093,10.007345630420838,10.007342886223094
2025-01-14,584.3599853515625,582.1900024414062,18.709999084472656,18.149999618530273,93.7391395610762,43.51109131642943,356.39266503678266,350.5986853525191,350.56937597674124,7.775887504451102,7.746599334765479,7.746578128673304,7.775887504451102,7.746578128673304,7.746578125809888
2025-01-15,590.3300170898438,592.780029296875,16.1200008392334,13.9399995803833,103.14883301892657,940.9693457850367,17.951758501801272,17.93540487751973,17.935403637325862,17.951758501801272,17.935403637325862,17.93540363732064,-3.8672890308396486,-3.8672902710335104,-3.8672902710387387
2025-01-16,594.1699829101562,591.6400146484375,16.600000381469727,14.880000114440918,102.0411385715296,-110.76944473969661,227.3450874791402,226.0723490831814,226.0719960787855,-1.352975001518367,-1.3538171691554082,-1.3538171992903312,-1.3534641948944546,-1.3538171992903312,-1.353817199290427
2025-01-17,596.9600219726562,597.5800170898438,15.970000267028809,14.130000114440918,107.73355967254076,569.2421101011164,236.0584875548721,234.56136472955504,234.56135583240473,43.52753208571109,43.52620239540346,43.52620232665103,-0.9057276578512741,-0.9057365550015786,-0.9057365550228149
2025-01-21,600.6699829101562,603.0499877929688,15.0600004196167,14.3100004196167,73.94019597279257,-3381.9363699748196,25.44510710396758,25.40659950451076,25.406592573323593,25.44510710396758,25.406592573323593,25.406592573237113,-3.822964007265415,-3.822970938452576,-3.822970938539059
2025-01-22,605.9199829101562,606.4400024414062,15.100000381469728,13.56999969482422,75.04973379771695,110.95378249243879,191.15025284052143,190.4142506675645,190.41423749495877,-2.4276556105230807,-2.4279693019144775,-2.427969308874678,-2.4279561362689854,-2.427969308874678,-2.427969308874686
2025-01-23,605.7999877929688,609.75,15.020000457763672,13.420000076293944,75.691202645039,64.14688473220451,183.0362923737013,182.41056006143808,182.41054925725152,-2.6482973652296975,-2.648513763457249,-2.648513767100452,-2.648502962913888,-2.648513767100452,-2.6485137671004546
2025-01-24,609.8099975585938,607.969970703125,14.850000381469728,12.880000114440918,74.23399742426452,-145.72052207744832,12.002315383736587,11.99631522334502,11.99631508345,12.002315383736587,11.99631508345,11.996315083449863,-3.887999259531398,-3.887999399426417,-3.887999399426554
2025-01-27,594.8099975585938,599.3699951171875,17.899999618530273,18.450000762939453,85.11490477104405,1088.0907346779536,383.42123116242755,376.09974515274996,376.0475413411618,10.89958350912544,10.847446276015468,10.8473796975373,10.89958350912544,10.8473796975373,10.847379679203215
2025-01-28,600.6199951171875,604.52001953125,16.40999984741211,16.639999389648438,79.64977737368847,-546.5127397355587,58.70339955044204,58.4059949174496,58.40559731411483,58.70339955044204,58.40559731411483,58.405597235927615,-3.303997689442366,-3.304395292777138,-3.3043953709643477
2025-01-29,603.719970703125,601.8099975585938,16.559999465942383,16.40999984741211,79.45840511326617,-19.137226042229827,312.61886621774653,308.87125563491117,308.86842865650254,3.6106928687964093,3.600877363713698,3.600875122657646,3.6037021010662755,3.600875122657646,3.600875122601069
2025-01-30,603.9600219726562,605.0399780273438,15.84000015258789,14.979999542236328,77.04362644433331,-241.4778668932854,245.04075443417068,243.39399520098064,243.39349549713538,-0.6040003260766609,-0.6054820513047408,-0.6054821259284058,-0.604982422083129,-0.6054821259284058,-0.6054821259287326
2025-01-31,607.5,601.8200073242188,16.43000030517578,15.850000381469728,78.65395111211598,161.03246677826633,338.1381055964083,337.83802987718354,337.83782885644115,65.5881371761641,65.56627639506317,65.56626544274964,-3.299245497433522,-3.299446518175933,-3.29944651880588
2025-02-03,592.6699829101562,597.77001953125,18.6200008392334,19.3799991607666,87.14529296644446,849.1341854328482,462.58158272880513,460.1407302601462,460.11968461613026,140.29314637627263,140.14480550183836,140.1445402868996,1.0449679943450452,1.0239223503291441,1.0238803086724122
2025-02-04,597.8300170898438,601.780029296875,17.209999084472656,17.0,81.66646632447603,-547.8826641968425,36.2332742674355,35.757883808069764,35.75730563306336,76.61973611348003,76.5595033959135,76.55943677331783,-2.947484387843477,-2.9480625628498713,-2.9480626189848946
2025-02-05,600.6400146484375,604.219970703125,15.770000457763672,14.880000114440918,75.83381562033443,-583.2650704141599,32.166744538105355,32.09878077285902,32.09875917217369,32.166744538105355,32.09875917217369,32.09875917157931,-3.764007665668199,-3.7640292663535266,-3.764029266947906
2025-02-06,605.989990234375,606.3200073242188,15.5,14.149999618530272,75.16686538981878,-66.69502305156527,215.54557795179758,214.40682739608243,214.40678752633633,-1.6215580450574842,-1.6224191052502959,-1.6224191490770092,-1.6223792793309029,-1.6224191490770092,-1.6224191490771558
2025-02-07,606.8900146484375,600.77001953125,16.540000915527344,14.670000076293944,78.07935962561328,291.24942357944974,262.56494267773905,262.39754809654806,262.3975030391229,0.6373323498289025,0.6336657394375891,0.6336652642480987,-3.565075665328012,-3.5651207227531723,-3.565120722757998
2025-02-10,604.030029296875,604.8499755859375,15.8100004196167,13.760000228881836,75.63913021631501,-244.02294092982686,194.24081927589555,193.53485839396677,193.5347911538956,-2.4877463220662337,-2.487943754182914,-2.487943756000151,-2.487876515929015,-2.487943756000151,-2.487943756000152
2025-02-11,602.5499877929688,605.3099975585938,16.020000457763672,13.829999923706056,76.5796575211435,94.05273048284926,241.1677552462172,241.08797012513352,241.08795297645887,38.04413497616486,38.043527016126156,38.04352700970807,-3.7403783112325684,-3.7403954599072393,-3.7403954600992435
2025-02-12,599.2000122070312,603.3599853515625,15.890000343322754,13.510000228881836,75.3404100315941,-123.9247489549399,16.29949464684963,16.28860186944396,16.28860153067948,16.29949464684963,16.28860153067948,16.288601530679053,-3.878213428893938,-3.8782137676584187,-3.8782137676588473
2025-02-13,604.47998046875,609.72998046875,15.100000381469728,12.3100004196167,73.77803958553079,-156.2370446063312,135.40557563741592,135.22802188421798,135.22801729847785,-3.5448752207853906,-3.5448833221163722,-3.544883322123901,-3.544878736383785,-3.544883322123901,-3.544883322123901
2025-02-14,609.9400024414062,609.7000122070312,14.770000457763672,11.5600004196167,72.25162222027029,-152.64173652604995,3.618203347232617,3.617547086508792,3.617547084873932,3.618203347232617,3.617547084873932,3.617547084873932,-3.8986874736477697,-3.89868747528263,-3.89868747528263
2025-02-18,610.8800048828125,611.489990234375,15.350000381469728,13.199999809265137,74.89636048604498,264.47382657746914,17.342627517730335,17.327100258916346,17.32709919371645,17.328533036774907,17.32709919371645,17.327099193713174,-3.868942286762505,-3.8689433519623937,-3.868943351965674
2025-02-19,610.0800170898438,612.9299926757812,15.270000457763672,13.0600004196167,74.95939308214457,6.3032596099589,13.648737763036872,13.640349672431325,13.640349367785317,13.648737763036872,13.640349367785317,13.640349367784813,-3.8832229048493665,-3.8832232094953776,-3.883223209495881
2025-02-20,611.5399780273438,610.3800048828125,15.65999984741211,13.460000038146973,75.60534620460402,64.59531224594457,290.26440554845016,290.2310423582869,290.2310381524749,24.432326421713363,24.43114237248958,24.431142372463526,-3.8332610021592535,-3.833265207971296,-3.833265207997357
2025-02-21,610.1599731445312,599.9400024414062,18.209999084472656,17.0,83.57087687888645,796.5530674282434,56.36165920128697,55.94163902949651,55.940901119087954,56.36165920128697,55.940901119087954,55.94090090242804,-3.057745275179493,-3.0584831855880545,-3.058483402259318
2025-02-24,602.02001953125,597.2100219726562,18.979999542236328,18.299999237060547,85.95818699162498,238.73101127385326,-103.15797216909907,-104.50675232035239,-104.51386773024532,108.29618450403933,108.18310546014371,108.18296715766814,-1.1810705311008562,-1.1881859409937667,-1.1881935865647124
2025-02-25,597.1500244140625,594.239990234375,19.43000030517578,19.290000915527344,87.21239592014086,125.42089285158795,463.3365444479079,461.25188952434416,461.240961059963,139.87895873064318,139.65520011410015,139.6543285912861,0.3021193742972308,0.2911909099160468,0.2911828654114128
2025-02-26,595.9299926757812,594.5399780273438,19.100000381469727,18.8799991607666,85.6922516216064,-152.01442985344613,415.92900492215597,406.34284606181427,406.3282767458448,15.402378211926779,15.301693327620361,15.301456732329283,15.316026048298811,15.301456732329283,15.3014566057756
2025-02-27,596.8499755859375,585.0499877929688,21.1299991607666,20.950000762939453,92.9813595078054,728.9107886198991,-440.72693112643793,-461.52853287010544,-461.5774457258681,38.325898726835625,37.805306500185196,37.801246869517676,37.850254238705865,37.80134138294323,37.80123732831444
2025-02-28,585.5599975585938,594.1799926757812,19.6299991607666,18.8799991607666,87.67869754422861,-530.2661963576782,-442.10221232862915,-450.1638973674138,-450.23320888958045,12.431304786523581,12.362115447526412,12.361993264356967,12.431304786523581,12.361993264356967,12.361993216876245
2025-03-03,596.1799926757812,583.77001953125,22.780000686645508,23.959999084472656,99.44514170847913,1176.6444164250515,-548.4773250160631,-585.9365400286556,-586.3198875049109,73.54741293937089,71.81876575788208,71.78590343905195,72.1692509153072,71.78590343905195,71.78564480435742
2025-03-04,579.7100219726562,576.8599853515625,23.510000228881836,24.790000915527344,101.80211216403131,235.69704555521866,251.21167498769086,242.79738988259712,242.57468148848278,251.21167498769086,242.71498880565267,242.57246739219022,13.603365940985908,13.380657546871573,13.378443450579018
2025-03-05,576.6900024414062,583.0599975585938,21.93000030517578,22.899999618530273,95.38725822246482,-641.4853941566491,-4.134260257373187,-31.097471002927733,-31.212303699120298,230.84534268092912,229.95141471559526,229.9407959618257,50.37225149467417,50.25741879848156,50.25697489098699
2025-03-06,575.47998046875,572.7100219726562,24.8700008392334,26.790000915527344,107.0688754876804,1168.1617265215577,800.810230585118,752.0450906705208,748.8063915686492,103.40195354073614,100.2355395688156,100.1459232837963,103.40195354073614,100.16325443886446,100.14473676870983
2025-03-07,570.9000244140625,575.9199829101562,23.3700008392334,23.790000915527344,100.68434067776218,-638.4534809918222,721.6649535302398,715.6754641625912,715.5481612385117,211.75126222104865,205.65395995173836,205.63352181296432,8.46389526570779,8.33659234162845,8.335592773776554
2025-03-10,567.5900268554688,560.5800170898438,27.86000061035156,31.190000534057617,118.71665285062099,1803.231217285881,1098.3716667548888,997.7314188153224,995.1113590321137,485.7119681981587,474.0389420958212,473.1904168851196,205.53936209704077,202.91930231383205,202.82148033373053
2025-03-11,559.4000244140625,555.9199829101562,26.920000076293945,28.93000030517578,114.72518213890936,-399.1470711711628,968.0741656151321,949.800312936522,948.8615921353269,368.9969540159717,350.7231013373616,349.777883453633,35.52972084237104,34.59100004117586,34.56930142997707
2025-03-12,562.1699829101562,558.8699951171875,24.229999542236328,25.260000228881836,103.35389598767895,-1137.1286151230406,516.256174628144,474.3388577424595,474.00346917387157,268.221245749616,257.93069215772266,257.90492653266455,80.95470194215949,80.61931337357159,80.61470505288762
2025-03-13,558.489990234375,551.4199829101562,24.65999984741211,25.36000061035156,105.42974625592339,207.58502682444373,740.4826436094156,732.439199975577,732.2527160792152,248.8123752439266,240.65360647757356,240.581789115993,12.750463622061547,12.5639797256999,12.562608530609117
2025-03-14,556.1099853515625,562.8099975585938,21.770000457763672,21.770000457763672,92.72652069644482,-1270.322555947857,-69.21489079792491,-84.47505569826198,-84.75972943237323,27.47455134463072,27.191286126923117,27.18981303776782,27.47455134463072,27.189877610519446,27.189810845065544
2025-03-17,562.7899780273438,567.1500244140625,20.510000228881836,21.299999237060547,86.9715082237924,-575.5012472652425,511.3779305034957,495.1770113327966,495.1326609148746,164.6041094394394,164.35784789974937,164.35715565683768,28.63533162421033,28.590981206288298,28.59083399287988
2025-03-18,564.7999877929688,561.02001953125,21.700000762939453,22.59000015258789,91.99231849488157,502.0810271089175,538.7930842281447,519.8032461497911,519.384209616746,35.344614308347474,34.92557777530237,34.922973509596694,35.344614308347474,34.92557777530237,34.92296826158846
2025-03-19,562.8300170898438,567.1300048828125,19.899999618530273,19.790000915527344,84.18256619242459,-780.9752302456985,437.9162284539177,427.5319049701176,427.51789211389274,130.13509321019532,130.04452159120012,130.04441343970333,16.910747155053798,16.89673429882886,16.896713765585858
2025-03-20,563.3300170898438,565.489990234375,19.799999237060547,19.459999084472656,83.6994803533268,-48.308583909778235,406.18602251023447,397.80026177275386,397.74033418450773,136.67016582114874,136.61027639309395,136.61021956767038,13.051360258859075,12.991432670612964,12.991414002431485
2025-03-21,559.280029296875,563.97998046875,19.280000686645508,18.579999923706055,81.51083803395179,-218.86423193750204,-294.31959203782867,-294.7372162736196,-294.7378316044363,69.87549168562515,69.45786744983428,69.45725209724822,-3.0629051341179077,-3.0635204649345424,-3.0635205988786502
2025-03-24,570.7999877929688,574.0800170898438,17.479999542236328,18.559999465942383,73.44785783651818,-806.2980197433603,499.01232651164554,498.39825450375315,498.3965896523558,78.7132003708709,78.0975871052619,78.09746267716115,-2.6668588966302123,-2.6685237480275457,-2.6685245924117575
2025-03-25,575.2999877929688,575.4600219726562,17.149999618530273,18.010000228881836,71.9762777057731,-147.15801307450818,335.4430607219909,330.52027317003945,330.49734231997957,6.014371184543785,5.991456387332896,5.991439159978567,6.014371184543785,5.99144033448389,5.991439157663539
2025-03-26,575.1900024414062,568.5900268554688,18.329999923706055,19.959999084472656,76.81286330629601,483.6585600522909,144.351563639273,134.27841378365932,134.16883333974528,16.57504152471156,16.46572502580853,16.465461080797546,16.57504152471156,16.465461080797546,16.465460920241924
2025-03-27,567.1799926757812,567.0800170898438,18.690000534057617,20.030000686645508,78.23329418462896,142.0430878332951,463.1009320283141,450.01390004239187,450.0056539538633,132.7353131505347,132.54276822227183,132.5420987441099,22.29881687645885,22.29057078793027,22.2905659086057
2025-03-28,565.530029296875,555.6599731445312,21.649999618530273,22.690000534057617,90.90711905394494,1267.382486931598,-319.38697802809804,-339.4612276270304,-339.9582598857238,37.74089391598998,37.24719510658612,37.24343864487988,37.74089391598998,37.24386165729654,37.24342901842577
2025-03-31,549.8300170898438,559.3900146484375,22.280000686645508,25.13999938964844,92.70905497885838,180.19359249134368,219.66157488997325,213.32868976419851,213.19674317894663,219.66157488997325,213.32868976419851,213.19674317894663,9.164572938671743,9.032626353419845,9.031641728315407
2025-04-01,557.4500122070312,560.969970703125,21.770000457763672,24.459999084472656,90.42428651505884,-228.4768463799537,482.6761775095807,447.45116265867216,447.3144316884684,238.99649403951295,231.71483593886154,231.6888455237666,66.96225521469964,66.8255242444959,66.82484759114382
2025-04-02,555.0499877929688,564.52001953125,21.510000228881836,24.290000915527344,89.05496644007914,-136.93200749796972,-297.6836879745859,-323.36051449543464,-324.1720245890141,49.91371570935642,49.10220561577687,49.09372772562482,49.91371570935642,49.10220561577687,49.09369693738084
2025-04-03,545.1099853515625,536.7000122070312,30.020000457763672,34.099998474121094,124.71107753351862,3565.6111093439476,483.71188087812146,386.45770371059757,373.52350971954456,232.3935792898157,219.45938529876258,218.50702326593373,232.3935792898157,219.45938529876258,218.50702326593373
2025-04-04,523.6699829101562,505.2799987792969,45.310001373291016,57.16999816894531,184.56873346723194,5985.765593371332,-835.6964072731299,-660.109798419583,-776.7648461501176,817.1996856531558,567.0243510543349,530.8699715509052,135.8001460129232,19.145098282388567,-17.009281221041157
2025-04-07,489.19000244140625,504.3800048828125,46.97999954223633,62.58000183105469,189.84308702167309,527.4353554441149,787.6938574549813,481.83740751140664,357.7318334606305,905.5681858676069,705.2761352452114,632.6043987208296,1139.8789292829606,1015.7733552321846,975.5766913126603
2025-04-08,521.8599853515625,496.4800109863281,52.33000183105469,67.62999725341797,209.17132708626366,1932.8240064590573,-2702.107958252739,-2081.64129524217,-1915.7042815515545,-700.6485288842482,-613.4432446469715,-732.6378902025082,-1403.6533526221945,-1237.716338931579,-1329.5061883699639
2025-04-09,493.44000244140625,548.6199951171875,33.619998931884766,40.060001373291016,136.41608526770563,-7275.524181855803,-12287.866090526373,-11408.232069235577,-10427.587509518478,-11424.867821020782,-10476.628334954534,-9482.89990037063,-10285.535703130334,-9304.891143413235,-8306.651047311989
2025-04-10,532.1699829101562,524.5800170898438,40.720001220703125,50.43000030517578,164.53148334628315,2811.5398078577527,1127.1631381935053,875.8434423171822,779.0218148223631,1372.6692577726446,1225.1217058142608,1181.63108896801,825.2267164861963,728.4050889913776,718.4869634319429
2025-04-11,523.010009765625,533.9400024414062,37.560001373291016,43.31999969482422,151.81779826299126,-1271.3685083291894,867.958844999143,693.9761796992718,653.314022977697,177.80350007655252,84.86095904740708,65.3523087083698,486.4234978733014,445.76134115172687,439.61034437847263
2025-04-14,544.0499877929688,539.1199951171875,30.88999938964844,34.20000076293945,125.72899886360455,-2608.8799399386717,976.3461751032766,877.8913276626555,864.9020155934204,602.0903648605812,589.1010527913462,588.1873423998513,234.8270718730278,221.8377598037928,220.92404941229793
2025-04-15,539.6699829101562,537.6099853515625,30.1200008392334,29.940000534057617,122.86492293674439,-286.4075926860153,366.1932376166531,348.13436719824097,347.2024786421251,366.1932376166531,348.13436719824097,347.2024786421251,35.08074728893452,34.1488587328186,34.12668483374879
2025-04-16,531.6799926757812,525.6599731445312,32.63999938964844,33.220001220703125,133.68807247277792,1082.3149536033525,257.06580722067844,163.0447320863817,151.373616428566,493.6278739069239,461.68752553810305,458.840037214037,219.600262044005,207.92914638618925,207.7852336223646
2025-04-17,527.6400146484375,526.4099731445312,29.649999618530273,27.649999618530273,122.69126778646549,-1099.680468631243,776.6410856393477,730.6068441253606,727.68589012712,290.3449417764756,279.4002110595919,279.08307944100693,97.17558578965267,94.25463179141215,94.17322710296548
2025-04-21,521.1599731445312,513.8800048828125,33.81999969482422,36.560001373291016,139.19193971374705,1650.067192728156,84.19987394841556,-37.5712281138837,-57.820727519550125,596.659907783897,552.5325487021613,547.4857484453275,301.48525195875004,281.23575255308367,280.8867099165645
2025-04-22,520.1400146484375,527.25,30.56999969482422,33.13999938964844,124.94750388918627,-1424.4435824560783,444.23135132327155,418.09673347965185,416.2091053646227,444.23135132327155,418.09673347965185,416.2091053646227,54.25007254339828,52.36244442836917,52.29133657599663
2025-04-23,540.4299926757812,535.4199829101562,28.450000762939453,30.739999771118164,115.713137852334,-923.4366036852265,99.72492060292609,78.20675067735415,76.87239713088104,399.63026904061337,378.11209911504153,376.7777455685684,43.266423751543776,41.93207020507063,41.89044192261566
2025-04-24,536.719970703125,546.6900024414062,26.469999313354492,28.280000686645508,106.59155351832695,-912.1584334007053,-537.5754518402358,-586.5666988215434,-589.8802187508202,353.98137666602844,337.2816424144696,337.1795215351274,104.3338772190043,101.02035728972761,100.91678487165288
2025-04-25,546.6500244140625,550.6400146484375,24.84000015258789,24.63999938964844,99.85830076325263,-673.3252755074318,503.0770035708508,474.40969210130174,473.3219894557571,245.8364591940203,244.74875654847554,244.73364797123244,56.74329093446532,55.65558828892053,55.640402322817685
2025-04-28,551.3900146484375,550.8499755859375,25.149999618530273,26.469999313354492,100.52533277442907,66.70320111764454,780.8277552050882,770.2744628080299,769.9021165531037,276.38947258000576,265.83618018294743,265.4584184142214,18.340700355537443,17.968354100611208,17.9626997744843
2025-04-29,548.9099731445312,554.3200073242188,24.170000076293945,24.950000762939453,96.30962783317747,-421.57049412516017,-139.23096456763307,-145.2806303081154,-145.39206947699097,217.29558109121183,211.2459153507295,211.13425018110186,8.535565013396052,8.424125844520455,8.423488542225316
2025-04-30,547.5700073242188,554.5399780273438,24.700000762939453,25.06999969482422,98.11702631646716,180.73984832896883,-217.27945775474464,-252.73156303756414,-254.44624230959988,241.30589665348623,233.8446350383331,233.8139163376103,72.15053261957553,70.43585334753975,70.43509304434797
2025-05-01,560.3699951171875,558.469970703125,24.600000381469727,24.81999969482422,97.22440142261325,-89.26248938539061,225.69371471896315,218.89958186020428,218.74296541274995,225.69371471896315,218.89958186020428,218.7417345708612,10.162226062469552,10.005609615015246,10.004244185539108
2025-05-02,564.72998046875,566.760009765625,22.68000030517578,21.219999313354492,89.25879761481335,-796.5603807799909,469.4461130902578,456.34260032582057,456.15605994577226,22.86852737606121,22.68198699601296,22.68136068169966,22.86852737606121,22.68198699601296,22.681360093835785
2025-05-05,562.5700073242188,563.510009765625,23.63999938964844,22.729999542236328,92.61240605256245,335.3608437749102,591.4493717400422,567.5620875681407,567.4605588002967,195.92164780373713,195.35260481329559,195.3494730414179,44.18100289600274,44.07947412815879,44.07885922687927
2025-05-06,557.9299926757812,558.7999877929688,24.760000228881836,24.13999938964844,96.99342055221393,438.1014499651485,684.4219826085736,648.2871308219682,648.1862396491475,219.22601914366302,213.13827245221222,213.11198694057762,68.67370002964986,68.57280885682923,68.57236842915174
2025-05-07,560.1500244140625,561.1500244140625,23.549999237060547,22.690000534057617,92.11475198176888,-487.86685704450576,162.1634082764827,158.90014764712686,158.86148788355797,162.1634082764827,158.90014764712686,158.86148788355797,2.742925772285374,2.704266008716483,2.704124445482388
2025-05-08,565.239990234375,565.0599975585938,22.479999542236328,21.6299991607666,87.66662529654894,-444.81266852199326,491.43351290901,476.4644775338995,476.20547912821445,26.81866567455718,26.559667268872047,26.55846903024161,26.81866567455718,26.559667268872047,26.55846736715943
2025-05-09,566.47998046875,564.3400268554688,21.899999618530273,20.8700008392334,85.37610322282896,-229.0522073719984,477.4294003655566,463.37636826064636,463.1370009321895,171.09203119880047,170.85370534440503,170.85263821748757,24.924246931430673,24.684879602973744,24.684852694866294
2025-05-12,581.469970703125,582.989990234375,18.38999938964844,17.969999313354492,71.32407612102202,-1405.2027101806943,443.76199154148634,443.1056097356401,443.10376243770787,80.60419203965444,79.94601281259733,79.94596204158033,-2.581691811402486,-2.5835391093346756,-2.5835400036304
2025-05-13,583.4099731445312,586.8400268554688,18.219999313354492,17.40999984741211,70.80964204839381,-51.44340726282053,339.80581621669205,334.95527328154765,334.9515190799566,5.825609304449243,5.8086034011394965,5.808597835133835,5.8123538172673825,5.808599615676364,5.808597834941203
2025-05-14,587.8099975585938,587.5900268554688,18.6200008392334,17.530000686645508,72.28816448764985,147.85224392560394,401.20887579110115,400.65223215968695,400.65143434808476,81.524100189469,81.45158997545964,81.45149471332724,-2.7843190082852334,-2.7851168198874623,-2.7851169179134176
2025-05-15,585.5599975585938,590.4600219726562,17.829999923706055,15.880000114440918,69.40570920443542,-288.24552832144263,166.21858989916296,164.10454989909266,164.10100556846243,0.3387129920670757,0.33516928553923275,0.33516866143677326,0.3387129920670757,0.33516866143677326,0.33516866142490365
2025-05-16,591.25,594.2000122070312,17.239999771118164,14.350000381469728,67.50799880133366,-189.7710403101769,325.7396212351863,325.69599016962655,325.695982010494,26.805504569483837,26.76186541437201,26.76186534469786,-3.8127133912017217,-3.812721550334318,-3.8127215504280385
2025-05-19,588.0999755859375,594.8499755859375,18.13999938964844,16.809999465942383,70.64676847881378,313.8769677480127,-582.431380927669,-582.7415972079295,-582.7418488421673,64.33044605522227,64.28284536459635,64.28280592486169,-3.278812492787087,-3.279064127024783,-3.2790641416842448
2025-05-20,593.0900268554688,592.8499755859375,18.09000015258789,16.56999969482422,70.01675267793573,-63.001580087805564,324.93812784591194,320.81167734792996,320.81012646014733,89.31446807987976,89.3034135331612,89.30341132311452,4.357554914458534,4.356004026675871,4.35600360829366
2025-05-21,588.4400024414062,582.8599853515625,20.8700008392334,19.559999465942383,79.51184110139667,949.5088423460942,525.128965208735,523.6905137860803,523.6842634824786,116.56203844455558,116.16996070046702,116.16806133999351,-1.0043329216091625,-1.010583225210738,-1.01058766528923
2025-05-22,582.6599731445312,583.0900268554688,20.280000686645508,18.420000076293945,77.12999446553886,-238.1846635857812,411.790423310261,403.2182073617541,403.21168534448793,110.64476147433503,110.58766652081472,110.58762276704658,13.264015114281998,13.257493097015812,13.257487375192687
2025-05-23,575.97998046875,579.1099853515625,22.290000915527344,20.6299991607666,84.39053141926638,726.0536953727524,470.5936245674541,457.1493255153248,456.93427866645743,23.63387406365387,23.419679729486766,23.41878309771196,23.63387406365387,23.418827214786404,23.41878207750259
2025-05-27,586.0700073242188,591.1500244140625,18.959999084472656,17.899999618530273,72.0824006289053,-1230.8130790361076,126.96198103562313,120.86803052730977,120.86428738878584,8.333367167085521,8.295430999619125,8.295389063686887,8.299133074949445,8.29538993642553,8.295389055508803
2025-05-28,591.5599975585938,587.72998046875,19.309999465942383,18.190000534057617,72.89349743076934,81.10968018640392,6.899149488577164,5.984169178844981,5.9806650756027455,91.79816935829895,91.69409447204379,91.69399006192421,-2.0595193875140354,-2.063023490756308,-2.0630260515013803
2025-05-29,593.0599975585938,590.0499877929688,19.18000030517578,17.84000015258789,72.48439600403424,-40.91014267351056,384.02413839548086,376.9787385309788,376.9723511196288,114.74233183867698,114.70382050486522,114.7037973036818,10.20997678453689,10.203589373186873,10.203584432692637
2025-05-30,588.9299926757812,589.3900146484375,18.56999969482422,16.739999771118164,69.97574042420871,-250.8655579825529,439.91874256531025,439.68829198236443,439.6881237039305,55.75334255184847,55.52279504806221,55.52272367827229,-3.4385939622169075,-3.4387622406508043,-3.4387622528472335
2025-06-02,587.760009765625,592.7100219726562,18.36000061035156,17.639999389648438,69.13473531015342,-84.10051140552923,-138.75991165806883,-139.36647325638563,-139.36741722186954,84.4416316862482,84.36480607929299,84.36469844423428,-2.6840445189588777,-2.6849884844427656,-2.6849886137604937
2025-06-03,592.3400268554688,596.0900268554688,17.690000534057617,16.6200008392334,66.98849432317627,-214.62409869771477,353.04120389052446,352.5316955778755,352.5307573521294,74.14208027262525,74.12451901296706,74.12451481404067,-2.8781680308600532,-2.8791062566061356,-2.87910647880738
2025-06-04,596.9600219726562,595.9299926757812,17.610000610351562,16.040000915527344,66.52130422394703,-46.719009922924215,314.8531984265363,310.79294671232964,310.792677750453,74.1217707241842,74.1075813545205,74.10757552802546,4.221310344980891,4.221041383104273,4.221041372791728
2025-06-05,597.6300048828125,593.0499877929688,18.479999542236328,17.34000015258789,69.1788705093262,265.75662853791755,396.5035883472616,395.8674638033792,395.86644745282626,86.43986438108615,86.3690470655862,86.3689516094266,-2.6247014379731297,-2.625717788526062,-2.625717929393129
2025-06-06,598.6599731445312,599.1400146484375,16.770000457763672,14.199999809265137,63.702112213290405,-547.6758296035797,332.9640647366723,332.9335109260501,332.93350865274897,25.607812905587203,25.601717847552713,25.60171725534432,-3.8388855588347193,-3.83888783213575,-3.8388878321416535
2025-06-09,599.719970703125,599.6799926757812,17.15999984741211,15.380000114440918,64.80876398377316,110.66517704827561,36.64254400886841,36.556485566786996,36.55645629317455,36.64254400886841,36.55645629317455,36.55645629218342,-3.727795292026446,-3.7278245656388904,-3.7278245666300154
2025-06-10,600.219970703125,603.0800170898438,16.950000762939453,15.15999984741211,64.62025889065399,-18.850509311917563,34.211451820109936,34.13501463274536,34.13498836973467,34.211451820109936,34.13498836973467,34.13498836885737,-3.747046833606875,-3.747073096617572,-3.7470730974948654
2025-06-11,604.1900024414062,601.3599853515625,17.260000228881836,15.420000076293944,65.22198111891751,60.172222826352595,260.41190338655264,258.3518712385733,258.3507323822415,0.22497627907833095,0.2223422552137837,0.22234200862981623,0.22348086496160313,0.22234200862981623,0.22234200862728848
2025-06-12,600.010009765625,603.75,18.020000457763672,16.1200008392334,68.34525593783926,312.3274818921743,47.754613993510326,47.5833366902272,47.5832126254804,47.754613993510326,47.5832126254804,47.583212614061246,-3.5570731649354697,-3.5571972296822674,-3.5571972411014254
2025-06-13,598.5,597.0,20.81999969482422,19.260000228881836,77.059460147334,871.4204209494739,530.1358828359939,528.6931976022521,528.6868463340285,116.53040542700013,116.12200588904743,116.11999073283778,-0.9955617865494255,-1.0019130547730297,-1.001917701273686
2025-06-16,600.4000244140625,602.6799926757812,19.11000061035156,17.8700008392334,71.40755437804975,-565.1905769284241,80.947097049066,80.30394828922267,80.30220063252001,80.947097049066,80.30220063252001,80.3021997217026,-2.6084567774691254,-2.6102044341717785,-2.6102053449891933
2025-06-17,600.2100219726562,597.530029296875,21.600000381469727,21.86000061035156,79.26539464926077,785.7840271211018,182.77250776100234,178.5031866386851,178.43906694990181,182.77250776100234,178.43906694990181,178.43875272161753,4.831945654855273,4.76782596607201,4.767511737787736
2025-06-18,598.4400024414062,597.4400024414062,20.13999938964844,19.1299991607666,73.81203574881687,-545.3358900443902,520.6105124456263,519.2445872107196,519.238946890423,114.09350125114989,113.72508320248023,113.72339759977234,-1.1512174202620225,-1.15685774055867,-1.1568614565000521
2025-06-20,598.3800048828125,594.280029296875,20.6200008392334,18.31999969482422,74.73106714885245,91.90314000355784,481.0139057601362,480.11931362095817,480.11693901020675,96.34588309919657,96.12921162569096,96.12857831482137,-2.1036894118477605,-2.1060640225991207,-2.106064848406314
2025-06-23,595.0399780273438,600.1500244140625,19.829999923706055,17.920000076293945,72.31903109322812,-241.2036055624327,328.17684572835697,322.1886339357576,322.15435130343405,8.179271501283084,8.145022110359681,8.144988868959496,8.179271501283084,8.144988868959496,8.144988862588535
2025-06-24,604.3300170898438,606.780029296875,17.479999542236328,15.399999618530272,65.3081990018002,-701.0832091427915,257.937168578884,255.93229724049812,255.93105770541771,0.11476422405486542,0.11222199577140479,0.11222174694071896,0.11346128202108119,0.11222174694071896,0.11222174693796028
2025-06-25,607.9099731445312,607.1199951171875,16.760000228881836,13.8100004196167,62.73788608573753,-257.0312916062676,278.2055492942785,278.16661611836486,278.166613292483,29.84903931067445,29.846402329734474,29.846402165943225,-3.8221251705136683,-3.8221279963955364,-3.8221279964000074
2025-06-26,608.989990234375,611.8699951171875,16.59000015258789,13.489999771118164,63.37164368479773,63.375759906020335,18.919885460309203,18.904775217500372,18.904774619055637,18.90901873218258,18.904774619055637,18.90477461905477,-3.869777719045521,-3.8697783174902654,-3.869778317491129
2025-06-27,612.8800048828125,614.9099731445312,16.31999969482422,12.8100004196167,63.30718745797347,-6.445622682426233,197.21563928963133,197.1711480092981,197.1711440161586,-2.597508265664887,-2.5976164464827507,-2.597616446739334,-3.811005459914992,-3.8110094530544836,-3.8110094530544836
2025-06-30,617.3800048828125,617.8499755859375,16.729999542236328,13.770000457763672,65.26485425695694,195.76667989834675,257.22690083981627,257.1601122021715,257.16010485754526,38.53436556958743,38.53218592714195,38.5321857828863,-3.7664006908299155,-3.7664080354561746,-3.7664080354567417
2025-07-01,616.3599853515625,617.6500244140625,16.829999923706055,13.789999961853027,65.36909334908648,10.42390921295464,219.80908511820425,218.59557273397363,218.595551276822,-1.4719862362134828,-1.4729322713802784,-1.472932317235184,-1.472910860083375,-1.472932317235049,-1.472932317235184
2025-07-02,617.239990234375,620.4500122070312,16.639999389648438,13.06999969482422,65.64980558902266,28.071223993617878,133.56520717767052,133.53022999680113,133.5302283769026,-1.5452844314181742,-1.5459318855344106,-1.5459319006569627,-3.8300407785657047,-3.8300423984642165,-3.8300423984642316
2025-07-03,622.4500122070312,625.3400268554688,16.3799991607666,12.850000381469728,66.70046150449676,105.06559154740955,224.76110184214053,224.71914040997183,224.71913596890843,29.818786176862673,29.818523076560744,29.818523075383013,-3.8160638124723554,-3.8160682535357444,-3.816068253535745
2025-07-07,623.3599853515625,620.6799926757812,17.790000915527344,15.710000038146973,68.67297993587556,197.2518431378802,310.5106938354733,309.71524325691126,309.713524065784,3.564243140560392,3.5550709565174783,3.5550692382060163,-2.3039412694162924,-2.305660460543592,-2.305660460569532
2025-07-08,621.3499755859375,620.3400268554688,16.809999465942383,13.899999618530272,65.2308739678779,-344.2105967997662,328.13765740185426,328.0780390514062,328.0780242247586,30.54866410135208,30.54501628973322,30.54501628948764,-3.780718818424377,-3.78073364507199,-3.7807336453175693
2025-07-09,622.77001953125,624.0599975585938,15.9399995803833,12.529999732971191,63.876286738361046,-135.45872295168522,198.69742251192122,198.66001492893568,198.66001204137135,-2.5920891262637964,-2.592193214207844,-2.592193214432567,-3.8251761713358685,-3.8251790589002184,-3.8251790589002184
2025-07-10,624.2000122070312,625.8200073242188,15.779999732971191,12.460000038146973,64.02595538502618,14.966864666513402,158.20846984760016,157.8846832406302,157.88468324056325,-3.252395479752501,-3.252426785859199,-3.2524267859261737,-3.252426785859199,-3.2524267859261737,-3.2524267859261737
2025-07-11,622.739990234375,623.6199951171875,16.399999618530273,13.029999732971191,64.80817436708651,78.22189820603285,218.98399833329213,218.9205907920083,218.92058143018303,-1.9698297069834318,-1.9701096007985603,-1.970109602354139,-3.773156831956418,-3.7731661937817176,-3.7731661937817176
2025-07-14,623.1599731445312,624.8099975585938,17.200000762939453,14.270000457763672,67.31763375136791,250.94593842813993,253.65570278177424,253.39472688672836,253.39455923683997,-0.29097202614968953,-0.29251685742870226,-0.29251691047096307,-3.377545260242643,-3.377712910131074,-3.3777129101311445
2025-07-15,627.52001953125,622.1400146484375,17.3799991607666,14.6899995803833,66.62489668377958,-69.27370675883253,311.1519243595289,310.9751708260894,310.9751054150161,3.803713851630075,3.792989813034194,3.7929898119976855,-3.5462966996986163,-3.546362110771858,-3.546362110839407
2025-07-16,623.739990234375,624.219970703125,17.15999984741211,13.770000457763672,66.62479461051169,-0.010207326789668514,218.174818209967,217.10566848056075,217.10555068756477,-1.7609636382080103,-1.761464946793979,-1.7614649551955148,-1.761347162199565,-1.7614649551955135,-1.761464955195521
2025-07-17,624.4000244140625,628.0399780273438,16.520000457763672,13.140000343322754,66.21170322309177,-41.30913874199109,182.36270522520064,181.79219380717015,181.79219380602248,-2.758844979485949,-2.758977160495995,-2.758977161643646,-2.758977160495995,-2.758977161643646,-2.7589771616436467
2025-07-18,629.2999877929688,627.5800170898438,16.40999984741211,12.699999809265137,65.51743553178892,-69.42676913028549,14.513060191292743,14.504615762034602,14.504615552521463,14.50787863075814,14.504615552521463,14.504615552521264,-3.8831105129437042,-3.8831107224568466,-3.8831107224570447
2025-07-21,628.77001953125,628.77001953125,16.649999618530273,14.949999809265137,66.31005273583142,79.26172040425001,44.578091540376334,44.449343023279404,44.4492944190759,44.483269975653656,44.44929441958269,44.449294418321166,-3.64235715093143,-3.6424057551349396,-3.6424057558896683
2025-07-22,629.0999755859375,628.8599853515625,16.5,15.029999732971191,65.75753740469469,-55.25153311367319,43.97143808455062,43.8431086467288,43.84305532159148,43.888830879748,43.84305532159148,43.843055319714516,-3.6431811433134547,-3.6432344684507774,-3.6432344703277524
2025-07-23,631.5499877929688,634.2100219726562,15.369999885559082,14.050000190734863,65.15594962978489,-60.15877749098024,330.13709378144426,330.0400130959062,330.03997509724945,37.420536991399075,37.41540029286807,37.41540029172918,-3.7057246329522813,-3.7057626316090673,-3.7057626316095065
2025-07-24,634.5999755859375,634.4199829101562,15.390000343322754,14.079999923706056,65.1796754461034,2.3725816318517445,229.3873206918249,228.04241826571476,228.04241820897357,-1.2091367530009656,-1.2101949775554321,-1.210195034296854,-1.2101949775554321,-1.2101950342965688,-1.210195034296854
2025-07-25,635.0900268554688,637.0999755859375,14.93000030517578,12.829999923706056,65.34473971640162,16.50642702982168,176.6903236516035,176.16111616765912,176.16111616603845,-2.8414502204123036,-2.8415850272492653,-2.8415850288699165,-2.8415850272492653,-2.8415850288699156,-2.8415850288699165
2025-07-28,637.47998046875,636.9400024414062,15.029999732971191,13.369999885559082,65.0847877012421,-25.995201515951294,263.60772539737366,263.5428340843376,263.54282680262406,0.3098886909745122,0.30742304929321396,0.30742304927346176,-3.7701955287850986,-3.770202810498623,-3.7702028104993417
2025-07-29,638.3499755859375,635.260009765625,15.979999542236328,14.619999885559082,66.47589664652597,139.1108945283861,365.78801412248026,365.6513159351842,365.65126698054826,46.326710822962774,46.30369589027597,46.30369588932923,-3.626456760527604,-3.626505715163518,-3.6265057154876263
2025-07-30,635.9199829101562,634.4600219726562,15.479999542236328,13.460000038146973,64.5624111456589,-191.34855008670684,213.18904810793975,212.09775266020557,212.09775262414206,-1.7166342046733303,-1.7174089963408643,-1.7174090324044347,-1.7174089963408643,-1.7174090324043272,-1.7174090324044347
2025-07-31,639.4600219726562,632.0800170898438,16.719999313354492,15.149999618530272,66.52115926334471,195.87481176858148,48.59759228177163,48.426949115562536,48.42684351322994,48.426949115562536,48.426843514171566,48.42684350701937,-3.5583968419521086,-3.5585024442847133,-3.5585024504953457
2025-08-01,626.2999877929688,621.719970703125,20.3799991607666,19.530000686645508,72.73659387123209,621.5434607887374,496.16636344350786,491.67116807812465,491.66925260831437,30.29194749659738,29.956275316088707,29.954356749612806,5.096146501737859,5.094231031927576,5.094227912854386
2025-08-04,625.6699829101562,631.1699829101562,17.520000457763672,16.43000030517578,67.64676377967871,-508.9830091553381,99.22742111444661,94.34577482115603,94.34575803400091,5.886069782873751,5.8633429541297115,5.863326164955737,5.8633429541297115,5.863326166974584,5.86332616494688
2025-08-05,631.7899780273438,627.969970703125,17.850000381469727,16.809999465942383,66.93653378099577,-71.02299986829337,31.047886551010222,30.17890167187322,30.17585830683742,90.27733979186542,90.19959286095875,90.19959097842538,-2.152900132653657,-2.1559434976893748,-2.1559435023444413
2025-08-06,629.0499877929688,632.780029296875,16.770000457763672,15.0,66.03971469416194,-89.68190868338297,43.735194501895165,43.60920013288026,43.60914956209024,43.65217330189851,43.60914956209024,43.60914956043248,-3.6478595446268067,-3.6479101154168307,-3.647910117074601
2025-08-07,636.239990234375,632.25,16.56999969482422,14.760000228881836,65.06803427820009,-97.16804159618562,275.8307141062557,275.37726936346735,275.377267820984,1.5872880572705848,1.5810137739728551,1.5810122314500692,-2.993105886854935,-2.9931074293382878,-2.9931074293777353
2025-08-08,634.0599975585938,637.1799926757812,15.149999618530272,12.859999656677246,63.942967990499426,-112.50662877006619,183.5810385533813,183.00895997444138,183.00895997372365,-2.755722824041743,-2.755842839967011,-2.755842840684738,-2.755842839967011,-2.755842840684738,-2.755842840684738
2025-08-11,637.4600219726562,635.9199829101562,16.25,15.75,65.5270001075296,158.40321170301763,365.50643868190434,365.01619942589986,365.0156279412021,9.511128510332586,9.470855006153023,9.470854957498021,-2.9178070219213064,-2.918378506619007,-2.918378510611123
2025-08-12,638.2899780273438,642.6900024414062,14.729999542236328,13.109999656677246,65.79188213402261,26.48820264930123,-237.97358937869134,-238.00285998959984,-238.0028617981941,25.78992871573466,25.786587519877784,25.78658751987512,-3.8414533523981365,-3.841455160992382,-3.8414551609930983
2025-08-13,644.9099731445312,644.8900146484375,14.489999771118164,12.380000114440918,66.58872382789622,79.68416938736027,166.05334610876454,165.6407441936188,165.64074419313087,-3.074724690934419,-3.0747961682446836,-3.0747961687326155,-3.0747961682446836,-3.0747961687326155,-3.0747961687326155
2025-08-14,642.7899780273438,644.9500122070312,14.829999923706056,12.979999542236328,67.21495929820409,62.62354703078756,231.2143177930671,231.11948588053514,231.1194640914225,-1.4746790586162764,-1.4751941581684576,-1.4751941584238062,-3.7102708075981283,-3.7102925967107585,-3.7102925967107594
2025-08-15,645.989990234375,643.4400024414062,15.09000015258789,13.270000457763672,66.6498871891422,-56.50721090618873,214.57548778094375,214.3830454860299,214.3830454451819,-1.6306854545605014,-1.6315260046137356,-1.6315260454619143,-3.5151152876278013,-3.5151153284758534,-3.5151153284759804
2025-08-18,642.8599853515625,643.2999877929688,14.989999771118164,13.789999961853027,65.911925075949,-73.79621131932055,262.4893743516728,262.2795439358271,262.27954387215556,0.06923792885041413,0.06743163850120704,0.06743163364964655,-3.4803389772938402,-3.4803390409654007,-3.4803390409654718
2025-08-19,643.1199951171875,639.8099975585938,15.56999969482422,14.699999809265137,64.87524118252445,-103.66838934245521,255.55051577364353,255.0560098140842,255.05600923053404,2.1786531355291325,2.173231122256646,2.1732310292152377,-2.910986330220245,-2.9109869137704396,-2.910986913773949
2025-08-20,639.4000244140625,638.1099853515625,15.6899995803833,15.09000015258789,63.98820483583063,-88.70363466938187,47.730126250496276,47.56786842981821,47.56777461809562,47.64088136842272,47.567774618930095,47.567774613222205,-3.5752029088557244,-3.5752967205783177,-3.575296725451779
2025-08-21,636.280029296875,635.5499877929688,16.600000381469727,16.3700008392334,64.58718878857556,59.898395274493055,351.50458038873285,350.2840233363068,350.28398521251694,8.258087064805459,8.221141361565294,8.221103231288385,-1.4587715042896283,-1.4588096280794618,-1.458809634575522
2025-08-22,637.760009765625,645.3099975585938,14.220000267028809,11.850000381469728,65.1110903849202,52.39015963446434,-842.6102072130101,-842.6182769834751,-842.6182770661177,16.887269894626876,16.887032472001515,16.887032472001508,-3.883860211142356,-3.8838602937848195,-3.8838602937848195
2025-08-25,644.0399780273438,642.469970703125,14.789999961853027,13.010000228881836,63.94285667762422,-116.82337072959825,197.80578044187394,197.57671704031176,197.57671703767855,-2.3665019322037653,-2.366744900433374,-2.366744903066617,-3.4418731889759364,-3.4418731916091776,-3.4418731916091794
2025-08-26,642.2000122070312,645.1599731445312,14.619999885559082,12.90999984741211,65.25342621200893,131.05695343847117,255.19386543369038,255.135791501733,255.13578144843777,-0.7775375907819435,-0.7782984296275188,-0.7782984297135167,-3.783821976199571,-3.783832029494779,-3.7838320294947807
2025-08-27,644.5700073242188,646.6300048828125,14.850000381469728,13.270000457763672,66.57565801043546,132.22317984265288,203.6674725654828,202.795046252276,202.79504624361252,-2.1547669485033127,-2.1551473475959506,-2.1551473562593984,-2.1551473475959506,-2.1551473562593837,-2.1551473562593984
2025-08-28,647.239990234375,648.9199829101562,14.43000030517578,11.68000030517578,67.25478771386712,67.91297034316557,193.4248287259365,193.41203788824978,193.41203788746398,-2.60282895538035,-2.6029694853759278,-2.602969485375947,-3.8744183222691264,-3.8744183230549343,-3.8744183230549343
2025-08-29,647.469970703125,645.0499877929688,15.359999656677246,12.720000267028809,66.24148453783266,-101.33031760344551,245.08211736423956,245.04197947818267,245.04197695696513,-0.7239392312801312,-0.7251571014520062,-0.7251571014549176,-3.8197166642333653,-3.819719185450938,-3.819719185451016
2025-09-02,637.5,640.27001953125,17.170000076293945,16.170000076293945,66.56996673677406,32.84821989414013,332.7116409176181,332.07378495384893,332.07277940416805,12.166835511274074,12.106287046001155,12.106286911743203,-2.6212713837348245,-2.6222769334156992,-2.6222769466433506
2025-09-03,642.6699829101562,643.739990234375,16.350000381469727,14.449999809265137,66.68877975356317,11.88130167891046,298.7955128880783,298.4761611979317,298.47584873402343,2.317320370279308,2.3121671135565194,2.3121670848116365,-3.260359227976871,-3.260671691885202,-3.2606716918868597
2025-09-04,644.4199829101562,649.1199951171875,15.300000190734863,13.31999969482422,68.02553836028268,133.67586067195134,206.86325495113675,205.94674771382242,205.9467477046853,-2.0665742250876544,-2.0669854979598736,-2.066985507097016,-2.0669854979598736,-2.0669855070970007,-2.066985507097016
2025-09-05,651.47998046875,647.239990234375,15.18000030517578,12.65999984741211,66.34424960955543,-168.12887507272478,24.281323705215797,24.248568665093046,24.24856460686138,24.249891103301103,24.24856460688582,24.248564606861372,-3.8344777450594707,-3.8344818032911427,-3.8344818032911467
2025-09-08,648.6199951171875,648.8300170898438,15.109999656677246,13.5,66.89633759514759,55.20879855921521,30.906013603492895,30.85655322985391,30.856546951209886,30.866307100552454,30.85654695122622,30.856546951194524,-3.801060416743891,-3.801066695387907,-3.8010666954032697
2025-09-09,648.969970703125,650.3300170898438,15.039999961853027,13.609999656677246,67.70604871510473,80.9711119957143,30.35983734115247,30.310394785753687,30.310387669902767,30.324969733899295,30.310387669918697,30.31038766986442,-3.801093541534625,-3.8011006573855437,-3.801100657423889
2025-09-10,653.6199951171875,652.2100219726562,15.350000381469728,14.289999961853027,69.46497551278631,175.8926797681582,271.2048612624955,270.6337936932829,270.6337934132056,0.8440075839803098,0.8406930052622217,0.840692910456001,-2.757864021337764,-2.757864301415059,-2.757864301416752
2025-09-11,654.1799926757812,657.6300048828125,14.710000038146973,12.989999771118164,72.42930747886231,296.4331966076003,203.38800759633233,203.09511881518137,203.0951188100049,-2.1824033693659777,-2.182734672266477,-2.1827346756245394,-3.314222422168701,-3.3142224273451673,-3.3142224273451726
2025-09-12,657.5999755859375,657.4099731445312,14.760000228881836,12.850000381469728,72.19892109094764,-23.038638791467747,265.19502280063034,265.14183285374986,265.14183271458404,0.2769676907784362,0.27468913457555555,0.2746891345647242,-3.793619688739982,-3.79361982790584,-3.793619827906312
2025-09-15,659.6400146484375,660.9099731445312,15.6899995803833,14.710000038146973,75.89531150850108,369.6390417553445,48.63704125353165,48.46348380350921,48.46336963610535,48.46348380350921,48.46336964468866,48.46336963610535,-3.552542597743285,-3.5526567651471495,-3.552656765147241
2025-09-16,661.469970703125,660.0,16.360000610351562,15.789999961853027,76.0550232880217,15.971177952062021,80.53712300874408,79.88925920593546,79.88750995299104,79.9617547394785,79.88751073080196,79.88750994981491,-2.5990246258504626,-2.600773878794879,-2.600773882027892
2025-09-17,660.010009765625,659.1799926757812,15.720000267028809,14.529999732971191,74.31264319933247,-174.2380088689231,45.613070409638105,45.46073079689987,45.4606346306408,45.46073079689987,45.46063463772003,45.4606346306408,-3.5950322757461173,-3.5951284420051826,-3.595128442005249
2025-09-18,661.8900146484375,662.260009765625,15.699999809265137,13.529999732971191,76.5657463174505,225.3103118118034,314.7730259259071,314.64037894188414,314.64031447924225,2.734085202751344,2.7293852917115995,2.7293852892620976,-3.6345126440268607,-3.634577106668762,-3.634577106669277
2025-09-19,662.3300170898438,663.7000122070312,15.449999809265137,12.40999984741211,77.25471190194772,68.89655844972111,243.96127245856306,243.90505410413783,243.9050540990111,-1.193370329167431,-1.193932941476763,-1.1939329415392077,-3.7875632757693567,-3.7875632808961064,-3.7875632808961073
2025-09-22,662.2000122070312,666.8400268554688,16.100000381469727,14.25,80.2444437084751,298.9731806527388,330.63540022970653,330.33929674391624,330.33929546484234,4.531702032015355,4.522115562616882,4.522115529617979,-3.307789191174632,-3.307790470248539,-3.307790470256215
2025-09-23,666.719970703125,663.2100219726562,16.639999389648438,14.670000076293944,77.92447528283721,-231.99684256378958,317.6255499351142,317.0895139272555,317.0895054944471,4.834433472489334,4.817415788087491,4.817415751004601,-2.8279026843303665,-2.8279111171387443,-2.8279111176477825
2025-09-24,664.510009765625,661.0999755859375,16.18000030517578,13.390000343322754,75.47821010624901,-244.62651765881986,226.65367797832405,226.0773235848102,226.077323540834,-1.3019379727973392,-1.3028920361547245,-1.3028920707680438,-2.7472910810431372,-2.747291125019343,-2.7472911250195216
2025-09-25,657.9400024414062,658.0499877929688,16.739999771118164,14.170000076293944,73.80957859376478,-166.86315124842253,340.64665087232237,340.4830295152768,340.4829654373044,6.021541987555075,6.004447132197125,6.004447130976024,-3.5725650514384593,-3.5726291294108807,-3.5726291295952866
2025-09-26,659.510009765625,661.8200073242188,15.289999961853027,12.270000457763672,74.59976681779372,79.01882240289382,15.54977095061568,15.539478164272479,15.539477812828087,15.539478164272479,15.539477812828613,15.539477812828087,-3.879413372980424,-3.879413724424816,-3.879413724424816
2025-09-29,664.3599853515625,663.6799926757812,16.1200008392334,13.510000228881836,76.74221101674313,214.24441989494056,233.25216853611326,232.67517181491226,232.6751717567522,-1.0358278197945756,-1.0369894005717066,-1.0369894424155337,-2.7460063831170434,-2.7460064412770797,-2.7460064412773395
2025-09-30,662.9299926757812,666.1799926757812,16.280000686645508,13.949999809265137,78.83425710488774,209.20460881446132,285.7315898161014,285.37971601297494,285.37971570300994,1.5531028868346564,1.5490787426342747,1.5490787117974278,-3.196251463848765,-3.1962517738138345,-3.196251773814886
2025-10-01,663.1699829101562,668.4500122070312,16.290000915527344,13.529999732971191,80.58295991292051,174.87028080327747,258.5201701109052,258.2309747755214,258.23097469692755,-0.012854387991365623,-0.014731375641635847,-0.014731386905427968,-3.3216090934504843,-3.3216091720443433,-3.3216091720444743
2025-10-02,670.4500122070312,669.219970703125,16.6299991607666,13.789999961853027,81.47600857089768,89.3048657977161,38.25681167416953,38.15497981216194,38.15493361401126,38.15497981216194,38.15493361609476,38.15493361401126,-3.6961976815327384,-3.696243879683421,-3.6962438796834305
2025-10-03,669.989990234375,669.2100219726562,16.649999618530273,13.470000267028809,81.35233378850972,-12.367478238795115,32.22660079048028,32.162473319338176,32.16245625330544,32.162473319338176,32.16245625370214,32.16245625330544,-3.771693859617583,-3.771710925650314,-3.7717109256503147
2025-10-06,671.6199951171875,671.6099853515625,16.3700008392334,13.56999969482422,82.66431580223016,131.19820137204385,43.91510171937812,43.772683091177974,43.77268237861836,4.580137906099294,4.580057467045043,4.580057463108782,-3.6151606059208405,-3.615161318480447,-3.615161318480464
2025-10-07,672.5399780273438,669.1199951171875,17.239999771118164,14.989999771118164,81.39026960335238,-127.40461988777838,184.4218476529477,183.71235868783597,183.71235054929636,7.897152004065095,7.873574619604437,7.87357405594952,-2.480997653566966,-2.4810057921065884,-2.481005792303492
2025-10-08,670.25,673.1099853515625,16.299999237060547,13.170000076293944,83.62337466242347,223.3105059071093,28.533504129356338,28.48475812666446,28.484747707290275,28.48475812666446,28.48474770746558,28.484747707290275,-3.8024767364936776,-3.802487155867867,-3.8024871558678672
2025-10-09,673.530029296875,671.1599731445312,16.43000030517578,13.920000076293944,81.94496665707521,-167.84080053482597,275.82798315860214,275.263923476825,275.26392313760164,1.118725247168019,1.1149846313215832,1.1149845338199658,-2.7718796187695274,-2.7718799579929083,-2.7718799579949507
2025-10-10,672.1300048828125,653.02001953125,21.65999984741211,21.700000762939453,75.9472946293189,-599.767202775631,-2650.9795923952793,-2663.0594277374194,-2663.1017883178733,-1301.830258367136,-1304.278102231974,-1304.2850812635227,20.387425766208672,20.345065185754855,20.344840862475536
2025-10-13,660.6500244140625,663.0399780273438,19.030000686645508,18.020000457763672,77.92932067014985,198.2026040830945,127.95943659639181,126.04089175561631,126.02653543489137,126.04089175561631,126.02656305935193,126.02653543489137,-0.01984131351510543,-0.03419763424003497,-0.03419764849111839
2025-10-14,657.1699829101562,662.22998046875,20.809999465942383,20.3799991607666,79.7882924093053,185.897173915545,172.73487938030328,165.89701490400148,165.88094622890847,59.48431804893639,58.30198275097283,58.3014556607172,9.824166886334979,9.80809821124205,9.808020908566789
2025-10-15,666.8200073242188,665.1699829101562,20.63999938964844,19.280000686645508,81.45800054003467,166.97081307293757,562.0368097201291,556.4780854418856,556.4715634668487,44.824613396135206,44.12833413757612,44.128102503097885,7.237073148349237,7.230551173312392,7.23053161774442
2025-10-16,666.8200073242188,660.6400146484375,25.309999465942383,25.8700008392334,85.94275395070666,448.4753410671985,967.056883851243,933.8927996502197,933.3739595611247,183.37659020610522,174.09699060704608,174.01825912027735,64.03531442639112,63.516474337296266,63.4996058451461
2025-10-17,659.5,664.3900146484375,20.780000686645508,19.799999237060547,80.68778141263684,-525.4972538069821,179.63677781216194,175.60602142016486,175.55219245721682,175.60602142016486,175.55239894149418,175.55219245721682,4.323000474842761,4.269171511894696,4.269171244688351
2025-10-20,667.3200073242188,671.2999877929688,18.229999542236328,17.350000381469727,82.33177357386484,164.39921612279988,215.1580350260417,213.07641152626917,213.0753845791577,26.45698130754618,26.20382356905317,26.20381447381356,0.2663307348124686,0.26530378770105756,0.2653028230566896
2025-10-21,671.4400024414062,671.2899780273438,17.8700008392334,16.8799991607666,81.80305895656058,-52.871461730426006,112.71112564874515,111.25653649046164,111.25609754584113,111.26451454444305,111.25610840433639,111.25609754276847,-0.9895048403450453,-0.9899437849655444,-0.9899437880408186
2025-10-22,672.0,667.7999877929688,18.600000381469727,18.350000381469727,79.54357742439262,-225.94815321679533,118.22142885722619,114.68193312968098,114.67990346478244,40.96912934175962,40.502647123511146,40.502483151500776,3.185080951297069,3.183051286398552,3.183051119276234
2025-10-23,668.1199951171875,671.760009765625,17.299999237060547,16.6200008392334,93.40902393297768,1383.9446508585052,125.25443663830589,124.15320153220031,124.15252567652837,25.960744451281393,25.740612502906053,25.74061104303371,-1.695500988667285,-1.6961768443392575,-1.696177255041127
2025-10-24,676.4600219726562,677.25,16.3700008392334,14.850000381469728,90.14773462447167,-326.1289308506008,328.8594095394551,328.0592654043203,328.05925042543566,5.911179695163177,5.8885553202763266,5.888555178391096,-2.299666788967644,-2.2996817678521744,-2.299681769221867
2025-10-27,682.72998046875,685.239990234375,15.789999961853027,14.640000343322754,89.58398367164563,-56.37509528260409,346.2516098758981,345.54002207326084,345.5400166808412,6.559704902522393,6.541269775102174,6.541269288655608,-2.4768082174088453,-2.476813609828472,-2.476813609847677
2025-10-28,687.0499877929688,687.0599975585938,16.420000076293945,15.630000114440918,93.1845963994671,360.06127278214706,400.04954460244494,398.8879514927133,398.8878071784578,14.22580466790327,14.14195456722935,14.141953620450439,-1.5763808376956483,-1.5765251519510985,-1.5765251519760017
2025-10-29,688.719970703125,687.3900146484375,16.920000076293945,15.609999656677246,95.60650576915884,242.1909369691747,85.65009913339176,84.9743585926252,84.97387953393587,26.198108640276274,26.196671280321183,26.196670888890594,-2.5470817423450898,-2.5475608010344133,-2.547560801052348
2025-10-30,683.9000244140625,679.8300170898438,16.90999984741211,14.899999618530272,92.86649077986294,-274.00149892959007,293.15724868773185,291.6842736825938,291.6842680331765,5.169232532308657,5.153547770679609,5.153545119374643,-0.9540330407275808,-0.9540386901448081,-0.9540386903930149
2025-10-31,685.0399780273438,682.0599975585938,17.440000534057617,14.710000038146973,96.06443132510518,319.79405452422327,308.2671671183898,308.2542946545551,308.2542890689921,3.9055017413601014,3.8926236919623927,3.892623691597458,-3.8742383145467487,-3.874243900109771,-3.874243900474708
2025-11-03,685.6699829101562,683.3400268554688,17.170000076293945,14.970000267028809,94.75626080330429,-130.81705218008892,328.78768055715716,327.3571564279821,327.3571412023095,5.770329786317369,5.748432545829338,5.748432544160485,-1.0389060596254542,-1.0389212852980272,-1.038921286966909
2025-11-04,676.1099853515625,675.239990234375,19.0,17.75,101.25344365939694,649.718285609265,473.434745065539,469.2610876847655,469.25997214570475,25.831308748213615,25.58180602790444,25.581745456416975,4.450665386945662,4.449549847884892,4.449548511813145
2025-11-05,674.97998046875,677.5800170898438,18.010000228881836,15.869999885559082,96.83523624654114,-441.8207412855793,355.8438118611579,355.8077065527768,355.807671917871,8.558416581964376,8.52227663867747,8.522276632394306,-3.827685459670186,-3.8277200945760192,-3.827720100859409
2025-11-06,676.469970703125,670.3099975585938,19.5,18.1200008392334,102.22898256732282,539.3746320781673,502.499419281666,498.16113196812177,498.15901147246996,31.593578826320737,31.231017762755677,31.230933942733643,4.7829466100922335,4.78082611444038,4.780822615758812
2025-11-07,667.9099731445312,670.969970703125,19.079999923706055,17.309999465942383,100.13817149563448,-209.08110716883357,306.77607912453027,305.05474532724054,305.0533179555073,31.003653423248203,30.681710259758958,30.681704034658537,-0.4530459638861779,-0.45447333561938574,-0.4544747777309155
2025-11-10,677.239990234375,681.4400024414062,17.600000381469727,16.040000915527344,95.29673948041022,-484.14320152242567,128.83753392831642,127.63760717086626,127.63738593350902,16.60206865171083,16.494013963230046,16.49401276716206,-1.4994825219325514,-1.4997037592898037,-1.499703842988295
2025-11-11,679.9500122070312,683.0,17.280000686645508,15.18000030517578,94.10528771704037,-119.14517633698551,66.42992065678315,66.04464055859847,66.04405076672323,66.04464055859847,66.04405090461904,66.04405076672323,-3.127670427988242,-3.1282602198634755,-3.128260219869036
2025-11-12,684.7899780273438,683.3800048828125,17.510000228881836,15.369999885559082,95.20887003102081,110.35823139804393,341.7131499281849,341.68692916250967,341.6869103945899,6.980141369757362,6.953901836162379,6.953901833812129,-3.8475021578393642,-3.847520925759118,-3.8475209281094225
2025-11-13,680.5,672.0399780273438,20.0,19.170000076293945,104.10005822410196,889.1188193081149,180.37088207646698,176.20479958531084,176.1428384056642,176.20479958531084,176.14312952842397,176.1428384056642,4.618049920422459,4.556088740775838,4.556088274640038
2025-11-14,665.3800048828125,671.9299926757812,19.829999923706055,18.61000061035156,103.0797216197968,-102.03366043051574,110.61763839586419,103.99582489924302,103.99424188966299,29.530463059598645,29.22064695020451,29.220423262192682,9.348383173266614,9.346800163686495,9.34679777993073
2025-11-17,669.7000122070312,665.6699829101562,22.3799991607666,22.329999923706055,113.90385744806929,1082.4135828272488,286.66632053642115,275.58946834985187,275.21334314201505,275.58946834985187,275.2182325706107,275.21334314201505,19.382163618061938,19.006038410225145,19.00601061099188
2025-11-18,662.0999755859375,660.0800170898438,24.690000534057617,25.18000030517578,124.18465015402359,1028.0792705954298,940.2734138128498,913.9228511637327,913.6304400991412,168.60715066171454,161.25853476523662,161.19157389340322,49.69314848388843,49.400737419296966,49.395820371943316
2025-11-19,660.780029296875,662.6300048828125,23.65999984741211,23.100000381469727,119.34344553829192,-484.12046157316695,310.5643171856421,297.35499402798797,296.80239740794866,297.35499402798797,296.81218228593235,296.80239740794866,24.17668162737479,23.624085007335495,23.624003509443938
2025-11-20,672.9099731445312,652.530029296875,26.420000076293945,26.350000381469727,131.24130971031155,1189.7864172019638,-2472.298135699085,-2511.9402761423435,-2512.4945473661805,-1291.05371206786,-1301.4298013827215,-1301.6333346435538,77.09098896259906,76.53671773876216,76.52219440498193
2025-11-21,655.0499877929688,659.030029296875,23.43000030517578,21.510000228881836,117.24633041491677,-1399.4979295394785,665.0064364647366,631.6506478746936,631.6322644129001,64.1587474231061,62.86702775214854,62.848544453275345,62.86702775214854,62.84864429035499,62.848544453275345
2025-11-24,662.6900024414062,668.72998046875,20.520000457763672,18.549999237060547,104.22592165155987,-1302.0408763356897,526.5637692280827,522.3596197389601,522.3582690443296,34.568601164566346,34.2148472360869,34.21461376369969,4.51235390050641,4.511003205875937,4.511002259829263
2025-11-25,668.6300048828125,675.02001953125,18.559999465942383,15.390000343322754,96.00546714256902,-822.0454508990855,71.07668416091529,70.65684642709508,70.65630825231472,70.65684642709508,70.65630832281016,70.65630825231472,-3.0587100080144944,-3.059248182794864,-3.0592481827961895
2025-11-26,677.6300048828125,679.6799926757812,17.190000534057617,13.329999923706056,90.57886309950803,-542.660404306099,304.69651416866316,304.56718908614044,304.56718756978364,3.082195144630437,3.074174716281169,3.07417471591053,-3.6413452858841966,-3.6413468022410074,-3.6413468022410074
2025-11-28,680.8599853515625,683.3900146484375,16.350000381469727,13.609999656677246,87.51334387860658,-306.551922090145,40.87512098324008,40.753073172097906,40.7530067612848,40.753073172097906,40.75300676483012,40.75300676128479,-3.6557051452762934,-3.6557715560893884,-3.655771556089407
2025-12-01,678.8099975585938,680.27001953125,17.239999771118164,16.549999237060547,90.30876642641158,279.54225478050034,102.63018559770168,101.57025902118572,101.56890672114076,101.57250315485807,101.56890864596582,101.56890672110711,-1.7760899462081254,-1.7774422462530683,-1.7774422464614377
2025-12-02,681.9199829101562,681.530029296875,16.59000015258789,15.420000076293944,87.49484307217227,-281.3923354239307,421.79943927217005,420.9731159578701,420.9730697991538,14.929799194546364,14.92715760039909,14.927156193913921,-2.2472148948831583,-2.2472610535994857,-2.247261053722161
2025-12-03,680.5700073242188,683.8900146484375,16.079999923706055,14.460000038146973,85.75891599649765,-173.5927075674624,54.09250997513292,53.85180250238362,53.85154875956681,53.85180250238362,53.85154879474972,53.851548759566164,-3.4178238260490255,-3.4180775688658414,-3.4180775688664866
2025-12-04,685.2999877929688,684.3900146484375,15.779999732971191,14.300000190734863,84.40891765976514,-134.99983367325115,289.31880537780324,289.31042658911866,289.31042388580374,2.457822807531082,2.4494413155315877,2.4494413154158376,-3.8832343123388275,-3.883237015653761,-3.8832370157695117
2025-12-05,685.469970703125,685.6900024414062,15.40999984741211,13.899999618530272,83.04055717333006,-136.83604864350798,271.3941777128366,271.3888894876367,271.38888828710776,1.2402971633971651,1.2350077376683526,1.2350077376369537,-3.88941994791931,-3.889421148448179,-3.889421148479577
2025-12-08,686.5900268554688,683.6300048828125,16.65999984741211,16.290000915527344,87.69670326988916,465.6146096559098,419.11310358375965,417.1053017441895,417.1050127637702,17.033227391838757,16.91491801324058,16.914912638445898,0.11647106269003427,0.11618208227074422,0.11618193484010142
2025-12-09,683.1500244140625,683.0399780273438,16.93000030517578,16.299999237060547,88.61969556934366,92.29922994545063,417.93912348685234,415.67929377790574,415.67919466731746,15.594405068382882,15.512323256945146,15.512300964559683,0.6199567973274549,0.6198576867391736,0.6198576708497558
2025-12-10,682.5599975585938,687.5700073242188,15.770000457763672,14.68000030517578,84.72886607730337,-389.08294920402966,355.0341007613361,354.3611254242794,354.3611187463454,7.34087225725961,7.3197179295230175,7.319717474030499,-2.5540292920299166,-2.5540359699639,-2.5540359699821433
2025-12-11,685.1400146484375,689.1699829101562,14.850000381469728,12.460000038146973,81.07477475227569,-365.4091325027679,201.24018613460473,201.23975442739464,201.239754414526,-2.1521823699796974,-2.1526140900583846,-2.1526140900584103,-3.899136546973928,-3.899136559842549,-3.899136559842575
2025-12-12,688.1699829101562,681.760009765625,15.739999771118164,13.479999542236328,82.28115192404266,120.63771717669738,46.848507428357216,46.71087432929603,46.710868402727506,6.65830694343285,6.65825905237555,6.658259051553609,-3.624716022172048,-3.6247219487405795,-3.6247219487405804
2025-12-15,685.739990234375,680.72998046875,16.5,14.199999809265137,85.05847641997553,277.73244959328736,290.7564270569804,289.89883640792095,289.8988332879409,2.5756486205040305,2.5666183900340602,2.5666183898995474,-2.1848093415375223,-2.184812461517547,-2.1848124616520606
2025-12-16,679.22998046875,678.8699951171875,16.479999542236328,13.880000114440918,84.25743278345092,-80.10436365246107,42.675864624690035,42.55514225960217,42.55509347378722,42.55514225960217,42.55509347545603,42.55509347378722,-3.6584089123793606,-3.6584576981943235,-3.658457698194331
2025-12-17,679.8900146484375,671.4000244140625,17.6200008392334,15.75,87.44532628516706,318.78935017161325,79.04032379375055,78.45167680520696,78.45033518603506,78.45167680520696,78.45033571296717,78.45033518603506,-2.718681165274198,-2.7200227844460816,-2.720022784487071
2025-12-18,677.5999755859375,676.469970703125,16.8700008392334,13.920000076293944,85.09987993232684,-234.5446352840213,330.07396485468786,329.8484745713596,329.8484686229516,5.4307101753220675,5.414343496088852,5.41434349306024,-3.449001588119537,-3.449007536527506,-3.4490075365275095
2025-12-19,676.5900268554688,680.5900268554688,14.90999984741211,10.489999771118164,77.19060264938051,-790.9277282946334,24.15830723023528,24.150143163853656,24.150143163842735,-3.4666334038051927,-3.466645894155876,-3.466645894155877,-3.883671867203963,-3.8836718672148938,-3.8836718672148938
2025-12-22,683.9400024414062,684.8300170898438,14.079999923706056,10.5,74.59889132500192,-259.17113243785934,127.6757107172192,127.64730841963899,127.64730841963839,-3.63424618686408,-3.6342493103963207,-3.6342493103966005,-3.8431954048378034,-3.8431954048384074,-3.8431954048384074
2025-12-23,683.9199829101562,687.9600219726562,14.0,10.0600004196167,75.35245612692935,75.3564801927439,111.9013745548768,111.88693625076259,111.88693625076255,-3.7487596598984023,-3.748760402198506,-3.7487604021985224,-3.8711233917714685,-3.8711233917715053,-3.8711233917715053
2025-12-24,687.9500122070312,690.3800048828125,13.470000267028809,9.170000076293944,73.96835843583605,-138.40976910933023,86.62214845623546,86.62198398456259,86.62198398456248,-3.5692015390112686,-3.5692015390262033,-3.5692015390262033,-3.8996710566539203,-3.8996710566540203,-3.8996710566540203
2025-12-26,690.6400146484375,690.3099975585938,13.600000381469728,9.649999618530272,74.25073839337938,28.2379957543327,1.6688295017767762,1.6685437924651083,1.6685437924632982,1.6685437927351234,1.6685437924632982,1.6685437924632982,-3.899428581371234,-3.8994285813730443,-3.8994285813730443
2025-12-29,687.5399780273438,687.8499755859375,14.199999809265137,11.369999885559082,75.43369307875011,118.29546853707313,223.4042565524759,223.38703942010142,223.38703941493648,-1.783042847933031,-1.7830432539847356,-1.7830432539848502,-3.8655657197561886,-3.8655657249210917,-3.8655657249210917
2025-12-30,687.4500122070312,687.010009765625,14.329999923706056,11.460000038146973,75.5399256723226,10.623259357248571,222.52633874860993,222.50540633156942,222.50540632510805,-1.7498490465824736,-1.750298678755147,-1.7502986787553656,-3.8581351465348814,-3.8581351529962453,-3.8581351529962453
2025-12-31,687.1400146484375,681.9199829101562,14.949999809265137,12.0,76.28262833086916,74.27026585465626,230.71198192007134,230.6596986800018,230.65969864979664,-1.2067332887090676,-1.2076576729916693,-1.2076576729972945,-3.795433429245432,-3.7954334594505905,-3.7954334594505905
2026-01-02,685.7100219726562,683.1699829101562,14.510000228881836,11.720000267028809,74.51451050887167,-176.81178219974925,175.45759529388056,175.35032927131678,175.35032926962103,-2.831151092090119,-2.831296455753958,-2.831296455753959,-3.6854679497852074,-3.685467951480951,-3.685467951480952
2026-01-05,686.5399780273438,687.719970703125,14.899999618530272,12.4399995803833,77.51245956110549,299.7949052233821,227.07222624198582,226.94473735853902,226.94473729657037,-1.1633671651476951,-1.1645444746916276,-1.1645444747843428,-3.645022047199971,-3.645022109168624,-3.645022109168817
2026-01-06,687.9299926757812,691.8099975585938,14.75,12.130000114440918,78.38295037306045,87.04908119549657,-85.03924619911243,-85.07479571911544,-85.07479584000762,0.5863640023173993,0.5863615745071771,0.5863615745035942,-3.828900597317387,-3.828900718209589,-3.828900718209589
2026-01-07,692.1900024414062,689.5800170898438,15.380000114440918,12.539999961853027,80.03493080471429,165.19804316538398,196.19249462874544,196.08633613037753,196.08633606818572,0.6481947295911565,0.648158994744473,0.6481589939765247,-3.6876828166887514,-3.6876828788805263,-3.687682878880527
2026-01-08,688.8200073242188,689.510009765625,15.449999809265137,12.829999923706056,80.17303101714552,13.810021243122605,31.27214139869467,31.219526587053245,31.21952422241933,31.21953193365701,31.219524222471726,31.21952422241933,-3.7947632828154076,-3.7947656474493217,-3.7947656474493217
2026-01-09,690.6300048828125,694.0700073242188,14.489999771118164,10.859999656677246,77.87528106568084,-229.7749951464681,8.939424284419177,8.935893708440176,8.935893707492651,8.935893758542996,8.93589370749267,8.935893707492651,-3.8929388451994282,-3.892938846146954,-3.892938846146954
2026-01-12,690.6799926757812,695.1599731445312,15.119999885559082,11.9399995803833,80.56645835268372,269.1177287002887,19.379861935324584,19.360090240816746,19.360090187227435,19.360091904449938,19.360090187234945,19.360090187227435,-3.860456450216384,-3.860456503805696,-3.860456503805696
2026-01-13,695.489990234375,693.77001953125,15.979999542236328,12.510000228881836,83.43716315822303,287.07048055393045,214.84798686727663,214.847175403355,214.84717536277628,-1.645605873031073,-1.6464173775314372,-1.6464173775315807,-3.8983769504200994,-3.8983769909988406,-3.8983769909989845
2026-01-14,691.0,690.3599853515625,16.75,13.18000030517578,85.23854885924791,180.13857010248842,38.09631694623004,37.99365482267185,37.993653439030496,37.99369968298927,37.99365344087306,37.99365343903049,-3.6946716019595387,-3.694672985600893,-3.6946729856008993
2026-01-15,694.5700073242188,692.239990234375,15.84000015258789,12.31999969482422,81.94477778128237,-329.37710779655447,202.9833826052817,202.98299952779206,202.98299951935675,-2.1469442067529827,-2.1473272926778977,-2.147327292677911,-3.899233819714843,-3.899233828150131,-3.8992338281501437
2026-01-16,693.6599731445312,691.6599731445312,15.859999656677246,12.09000015258789,81.65733002615977,-28.744775512259935,205.7385752926798,205.55877195878358,205.55877195574098,-2.159744709633318,-2.160047040482989,-2.16004704048299,-3.5403933230797535,-3.5403933261223433,-3.540393326122344
2026-01-20,681.489990234375,677.5800170898438,20.09000015258789,19.93000030517578,94.99780474169151,1334.047471553174,219.78946915422242,213.15026771504964,213.1336782918548,73.67200595317284,73.52443432460208,73.52322588509185,9.428181850245284,9.411592427050417,9.411588863413979
2026-01-21,679.6500244140625,685.4000244140625,16.899999618530273,15.880000114440918,83.09171939791386,-1190.6085343777647,82.10642176619837,81.46837711677719,81.46686694487221,81.46837711677719,81.46686754895697,81.46686694487221,-2.619380185293744,-2.6208903571987308,-2.6208903572483804
2026-01-22,689.8499755859375,688.97998046875,15.640000343322754,14.380000114440918,78.84588742606178,-424.5831971852084,54.43683551461447,54.20327343942321,54.20305851506756,54.20327343942321,54.2030585404025,54.20305851506712,-3.4322310765492032,-3.432446000904853,-3.432446000905295
2026-01-23,688.1500244140625,689.22998046875,16.09000015258789,15.0,80.69600377761552,185.0116351553737,77.50239890718603,76.99696406854133,76.99684581788021,16.132944673088964,16.132226030752136,16.132225936286503,-2.888775570723372,-2.888893821384502,-2.888893821385793
2026-01-26,690.489990234375,692.72998046875,16.149999618530273,15.050000190734863,81.86649014663317,117.04863690176524,70.20216778367636,69.74728241100368,69.74717353008955,69.74804471554178,69.74717380222674,69.74717353007539,-2.9899026118696224,-2.990011492783758,-2.9900114927979695
2026-01-27,694.1799926757812,695.489990234375,16.350000381469727,14.850000381469728,83.66859333340898,180.21031867758097,330.0553921001472,330.0371028382479,330.03709463673385,5.65857986735044,5.640282403937128,5.64028240341565,-3.863396870094873,-3.8634050716089283,-3.86340507213041
2026-01-28,697.0499877929688,695.4199829101562,16.350000381469727,14.539999961853027,83.49224821978365,-17.63451136253309,355.3478087578096,354.6888779812122,354.68884738863227,8.549514493842315,8.513448577174824,8.51344846362648,-2.5820466690627946,-2.582077261642752,-2.5820772616436143
2026-01-29,696.3900146484375,694.0399780273438,16.8799991607666,15.220000267028809,84.96631193115778,147.40637113741286,368.437057754276,367.07142136520605,367.07135798019823,10.169308332343727,10.119156771526674,10.11915675777905,-1.1685370667607553,-1.1686004517685764,-1.1686004517938242
2026-01-30,691.7899780273438,691.969970703125,17.440000534057617,15.6899995803833,86.3472642832138,138.09523520560276,99.59807721855046,98.52286134794944,98.522741671689,19.695260208983328,19.690743723860464,19.69074014614273,-1.7492092284477945,-1.749328904708209,-1.7493289052311667
2026-02-02,689.5800170898438,695.4099731445312,16.34000015258789,14.449999809265137,82.70722043577533,-364.0043847438477,55.95070011973053,55.7052524726574,55.705028937679515,55.7052524726574,55.70502896258554,55.705028937679515,-3.408434100918844,-3.4086576358967178,-3.4086576358971468
2026-02-03,696.2100219726562,689.530029296875,18.0,17.06999969482422,87.18082724630568,447.3606810530356,371.90310490145106,368.14979734173113,368.1488602481759,24.529583259230925,24.30259027016365,24.302589274068268,3.609429389200531,3.608492295645248,3.60849129928037
2026-02-04,690.3499755859375,686.1900024414062,18.63999938964844,18.670000076293945,88.60831494503657,142.74876987308858,171.71168638004275,167.9923267358142,167.9429389098638,167.9923267358142,167.94313787482528,167.9429386512213,3.6868835617018876,3.637495735751502,3.637495470737691
2026-02-05,680.9400024414062,677.6199951171875,21.770000457763672,22.290000915527344,99.531692110682,1092.3377165645434,306.76225435061394,293.8571460229102,293.3263388485944,293.8571460229102,293.3355244292597,293.32626752718835,23.502859698932212,22.972052524616473,22.971978955866554
2026-02-06,681.4600219726562,690.6199951171875,20.3700008392334,15.43000030517578,97.04590646601179,-248.57856446702158,-41.19298525794766,-41.88643812038319,-41.88650477370161,17.99079390596097,17.98881584348014,17.988814889002292,-2.5128943149443534,-2.512960968262778,-2.512960968339213
2026-02-09,689.4199829101562,693.9500122070312,17.360000610351562,14.75,85.19809230629218,-1184.7814159719605,62.37689512954321,62.057996154600936,62.057784479543436,62.05814814748408,62.05778453202674,62.05778447954339,-3.2615670249391555,-3.2617786999966514,-3.261778699997916
2026-02-10,694.9500122070312,692.1199951171875,17.790000915527344,14.9399995803833,86.10593936046678,90.78470541745958,330.8581875607123,330.8368903028506,330.8368769286447,5.933598040705229,5.912287408637637,5.9122874072336575,-3.857365357446969,-3.857378731652804,-3.857378733056807
2026-02-11,696.3900146484375,691.9600219726562,17.649999618530273,14.18000030517578,85.3102701077928,-79.56692526739744,314.5680993423333,313.8663891376283,313.86638082825783,4.577659408368634,4.561340613202171,4.5613406126639955,-2.4965546624773403,-2.4965629718477804,-2.4965629718481734
2026-02-12,694.239990234375,681.27001953125,20.81999969482422,19.799999237060547,95.05728969757774,974.7019589784941,-1139.2081205193736,-1140.1864661585162,-1140.196844665459,56.27642886798649,55.287704721900916,55.28766869460592,-1.9120649748856082,-1.9224434818284957,-1.9224795571351563
2026-02-13,681.6900024414062,681.75,20.600000381469727,18.770000457763672,94.06524068272023,-99.2049014857514,182.14455340494442,177.7500989525212,177.74504733796087,52.952182528504835,52.88386719238242,52.883528684438964,4.904065309839998,4.899013695279672,4.899013175091088
2026-02-17,680.1400146484375,682.8499755859375,20.290000915527344,20.309999465942383,92.323734344743,-174.15063379772278,219.53024561034948,213.17244408404352,213.03760275450185,213.17244408404352,213.03858939752482,213.03760275450185,9.220135401885155,9.085294072343462,9.0852912885808
2026-02-18,684.02001953125,686.2899780273438,19.6200008392334,19.079999923706055,90.351444107855,-197.2290236888,559.4194526520234,550.1000992445173,550.0964173701271,41.8859417405446,41.32980476817081,41.32979787036915,14.749773144991694,14.746091270601584,14.746084368333028
2026-02-19,683.8400268554688,684.47998046875,20.229999542236328,19.8700008392334,92.1719006350744,182.04565272193918,609.3234016308975,597.989392204713,597.9810617626412,53.8774580526606,52.98699277429744,52.98304532075117,18.793080906216282,18.784750464144487,18.784726888277767
2026-02-20,682.3200073242188,689.4299926757812,19.09000015258789,18.020000457763672,88.81626565266546,-335.56349824089295,540.9756429826958,537.1999719080204,537.1983446614862,37.44275662910431,37.04030785613317,37.040124097232535,3.656224449519791,3.6545972029855047,3.654597016182862
2026-02-23,687.8300170898438,682.3900146484375,21.010000228881836,21.11000061035156,94.09190900410096,527.5643351435491,741.9488657144241,731.3519108783378,731.2765738402364,95.04915298816077,94.75392385552358,94.75124998559025,17.519943648952328,17.44460661085099,17.444598998204455
2026-02-24,681.9000244140625,687.3499755859375,19.549999237060547,18.600000381469727,89.31596071728268,-477.5948286818277,591.5956311172947,587.2886503179466,587.2848262309266,48.327281851121164,48.26194310666255,48.26163482966172,4.725435174545158,4.721611087525304,4.721610649451092
2026-02-25,690.1799926757812,693.1500244140625,17.93000030517578,16.280000686645508,84.58151864581339,-473.4442071469289,98.54199915708858,97.52420840433568,97.52016244206641,97.52420840433568,97.52016578741406,97.52016244143834,-1.8522806058021182,-1.856326568071379,-1.8563265686994552
2026-02-26,693.280029296875,689.2999877929688,18.6299991607666,16.649999618530273,85.85068159734647,126.9162951533076,306.64344745344124,303.4887375789632,303.4884950041831,20.02832931152436,19.89700393640542,19.896937983205788,2.410147569437287,2.4099049946572,2.4099049626102236
2026-02-27,683.0900268554688,685.989990234375,19.86000061035156,18.59000015258789,89.61947766535548,376.879606800901,547.6037525206558,541.6316030132746,541.6292194070096,39.27679187291755,38.80974341787713,38.809113844283154,8.051457800398081,8.049074194133068,8.049071539053983
2026-03-02,678.7000122070312,686.3800048828125,21.440000534057617,21.18000030517578,95.63374070928032,601.4263043924842,258.2931220658321,249.3779598196394,249.2859409249911,249.51309416865928,249.2878447681982,249.28593927865506,14.206398421528563,14.114379526880326,14.114373786051383
2026-03-03,675.0599975585938,680.3300170898438,23.56999969482422,24.549999237060547,102.58153036851735,694.7789659237031,789.5330649179131,783.9127364327476,783.684529398227,143.35265073137867,137.5041152116926,137.49958574375287,8.03900926113612,7.810802226615321,7.806225435094742
2026-03-04,681.6300048828125,685.1300048828125,21.149999618530273,20.600000381469727,93.69069447807854,-889.0835890438808,247.96097694474645,239.34249694131347,239.31501179826913,83.6595579179852,83.42101568113206,83.41839057148194,13.41944886177235,13.391963718727991,13.391952595116072
2026-03-05,682.0800170898438,681.3099975585938,23.75,23.549999237060547,103.13314305044531,944.2448572366771,882.7541666073864,861.356220025204,861.1743966842707,140.61596062011856,139.387870628583,139.3510820350193,39.442957965118104,39.261134624184805,39.26060682198581
2026-03-06,673.4099731445312,672.3800048828125,29.489999771118164,30.440000534057617,124.71735679351127,2158.4213743065957,1304.1564293026959,1226.4218602443746,1223.8861940654986,342.763982388181,317.3757895312656,316.1155954914157,159.66344302774039,157.12777684886444,156.9692591553764
2026-03-09,666.3900146484375,678.27001953125,25.5,27.850000381469727,108.70903272149752,-1600.832407201375,-561.2457983238871,-610.645693504764,-611.7228392447254,239.06312938066674,224.48327725174457,224.2353354268296,98.28440072618577,97.20725498622438,97.15626678136697
2026-03-10,677.719970703125,677.1799926757812,24.93000030517578,25.540000915527344,105.89630151401661,-281.27312074809083,997.0995587543424,966.5440603709925,965.8557386526157,199.84087689704927,188.98370682925645,188.9137565693315,59.27906509683582,58.59074337845904,58.58971645977663
2026-03-11,677.5800170898438,676.3300170898438,24.229999542236328,24.440000534057617,102.61844895140706,-327.7852562609553,920.1245057000235,895.7153429379815,895.3182680668101,165.67208002474777,157.87614423117495,157.84147555084053,46.11060877549245,45.71353390432093,45.71318264012435
2026-03-12,671.1599731445312,666.0599975585938,27.290000915527344,28.979999542236328,113.02412030622082,1040.5671354813762,630.4151355837147,582.1103200857614,575.8130597316749,582.1103200857614,576.2409076965998,575.8130597316749,111.66127597400363,105.36401561991714,105.34463334995434
2026-03-13,669.27001953125,662.2899780273438,27.190000534057617,28.0,111.82737220187914,-119.67481043416797,564.1871927282368,524.376230336792,520.2066262582379,524.376230336792,520.4186061882268,520.2066262582379,88.25016455851268,84.08056047995848,84.0742020371652
2026-03-16,668.3800048828125,669.030029296875,23.510000228881836,24.329999923706055,97.16367078324038,-1466.3701418638766,385.25129804060896,364.9054275228428,364.50025537088004,365.55634603464904,364.52286581459015,364.50017168201174,38.00789894275182,37.60272679078909,37.60251397208184
2026-03-17,672.3900146484375,670.7899780273438,22.3700008392334,22.36000061035156,92.64358818549783,-452.0082597742544,776.1252681574687,760.8891703920033,760.8257644798737,104.74915600857551,101.71607004414818,101.70252063299557,26.763749458388126,26.70034354625848,26.699898608337392
2026-03-18,668.3599853515625,661.4299926757812,25.09000015258789,26.030000686645508,102.00384436015861,936.0256174660776,468.66149009428835,438.88700130800737,438.02666094951996,206.45959982159084,204.38852371262234,204.31764422020026,58.23346057684663,57.37312021835929,57.3719762307995
2026-03-19,656.969970703125,659.7999877929688,24.059999465942383,24.09000015258789,97.43374785734864,-457.00965028099745,832.4317695583369,811.9332246536235,811.7476474112497,129.00403759439024,124.03567513484703,124.01760691685575,37.66432369746911,37.4787464550954,37.47524603357169
2026-03-20,656.510009765625,648.5700073242188,26.780000686645508,26.950000762939453,107.2273010732398,979.3553215891166,719.7522805506986,680.7247277361822,680.0722453344251,199.27429655684708,188.58844107379204,188.46504660590873,76.18450450875521,75.532022106998,75.50805423644107
2026-03-23,658.0700073242188,655.3800048828125,26.149999618530273,27.760000228881836,104.45979310869558,-276.75079645442224,1103.7053803518581,1066.7678713874227,1063.3417134651186,251.87298862254758,235.64900093066547,235.4985335424296,80.44814914580668,77.02199122350252,76.95714828680832
2026-03-24,651.3200073242188,653.1799926757812,26.950000762939453,28.209999084472656,107.22183800793817,276.20448992425963,543.574912197491,505.91945024472756,501.977765061277,518.1981464683214,502.1627282007289,501.9487990611315,83.34495454346101,79.40326936001051,79.36709302920043
2026-03-25,658.6699829101562,656.8200073242188,25.329999923706055,25.260000228881836,100.85671962170653,-636.5118386231643,407.78651681409707,385.76838755261275,384.4625372193001,385.76838755261275,384.47883725553106,384.445522652029,44.1060523119215,42.80020197860887,42.78279022657364
2026-03-26,652.0599975585938,645.0900268554688,27.440000534057617,27.049999237060547,108.25597926458408,739.9259642877553,54.276291755641076,21.58327343274366,18.506609941847756,211.32491876019768,200.2736943714665,200.12689996296504,70.76076395078144,67.68410045988551,67.66925515496142
2026-03-27,642.5,634.0900268554688,31.049999237060547,30.63999938964844,121.93178136307455,1367.5802098490465,51.48323941854877,-3.200531543521942,-11.267775855969328,308.1544057714925,286.84619198020016,286.2047448532274,129.944109826319,121.87686551387148,121.78651240204915
2026-03-30,640.1099853515625,631.969970703125,30.61000061035156,30.56999969482422,119.50018684205878,-243.1594521015768,631.9260748342123,583.5776127933082,577.8133103367808,583.5776127933082,577.8133103367808,577.4108346528398,111.35033247515774,105.5860300186304,105.16634953109973
2026-03-31,638.9400024414062,650.3400268554688,25.25,24.18000030517578,98.70940383071922,-2079.0783011339554,254.83420277747192,240.8683441017558,240.31224227402777,246.68372501234683,240.3158415818278,240.30723555546768,25.715215811142713,25.15911398341469,25.15404985043594
2026-04-01,653.9000244140625,655.239990234375,24.540000915527344,23.61000061035156,96.00478716864666,-270.4616662072567,780.1242276106767,756.7942081503323,756.7177086390994,104.82741548963618,101.67769946396805,101.63875471948157,42.99180784424797,42.91530833301516,42.91455493137415
2026-04-02,646.4199829101562,655.8300170898438,23.8700008392334,21.709999084472656,93.21166144645287,-279.31257221937926,-511.3363276701966,-522.4176908637879,-522.4438136659758,68.63147685908906,67.08569665213587,67.08357308726823,18.34162433432092,18.315501532133183,18.31532548575516
2026-04-06,655.8599853515625,658.9299926757812,24.170000076293945,23.899999618530273,93.73298268824107,52.13212417882005,799.1534097813698,775.6699104563423,775.5486731218708,113.76830258865388,109.88808684147732,109.86578416127529,43.436250291106795,43.31501295663507,43.31318001218429
2026-04-07,656.6500244140625,659.219970703125,25.780000686645508,27.270000457763672,99.73623562432897,600.3252936087904,1029.6303020508306,988.9965738917143,988.2298154242193,210.68654120337695,198.8923899661205,198.7502554246491,79.7597367077231,78.99297824022811,78.96233268078572
2026-04-08,676.3900146484375,676.010009765625,21.040000915527344,19.15999984741211,83.83928318192187,-1589.6952442407098,559.9238007697795,553.3026795321339,553.296503052749,43.95016157447329,43.28054175114605,43.2801785031311,9.36082809509387,9.35465161570894,9.354632888524925
2026-04-09,674.8400268554688,679.9099731445312,19.489999771118164,16.809999465942383,78.65628151276093,-518.3001669160944,404.93028261302175,404.8441747510135,404.8440177624705,14.756234172590274,14.669969322039117,14.66996925787729,-3.7273131178499876,-3.72747010639293,-3.7274701705611806
2026-04-10,681.3200073242188,679.4600219726562,19.229999542236328,16.360000610351562,77.36394415351134,-129.23373592495864,103.84121595325843,102.64524279865435,102.64491885119064,102.65069696671159,102.64492472626877,102.64491884995257,-1.5070818446829124,-1.5074057921466308,-1.5074057933858387
2026-04-13,677.4099731445312,686.0999755859375,19.1200008392334,17.329999923706055,78.21802086432157,85.4076710810233,-728.3438794533695,-730.6279926244595,-730.6294440866783,29.580214181688646,29.2705564775856,29.270543182651046,0.6725856464583142,0.6711341842394614,0.6711325450322567
2026-04-14,687.6900024414062,694.4600219726562,18.36000061035156,16.700000762939453,78.12586914675884,-9.215171756272866,-407.7428713793813,-409.4691418989228,-409.47020993664955,27.64865127526774,27.64045137123643,27.64044566688706,-0.4442548460729414,-0.4453228837996708,-0.44532288435427914
2026-04-15,695.260009765625,699.9400024414062,18.170000076293945,16.010000228881836,79.46611992182571,134.02507750668633,389.2869590949592,389.2174935827542,389.21737974335963,12.746843789205988,12.677264437606441,12.67726439784658,-3.760727338117701,-3.760841177512235,-3.760841217275126
2026-04-16,701.0599975585938,701.6599731445312,17.940000534057617,15.460000038146973,79.23082706300849,-23.529285881721762,89.552943497175,88.7176141188218,88.7174126957274,25.48565549323375,25.482772256580475,25.48277036235109,-2.2287369733081857,-2.228938396402567,-2.228938396636651
2026-04-17,706.1400146484375,710.1400146484375,17.479999542236328,14.8100004196167,81.55039541885083,231.95683558423354,322.4397454340631,322.40352408926316,322.4034878002481,8.219278819976306,8.18302119210192,8.183021186144886,-3.827448443305266,-3.8274847323203023,-3.8274847323368384
2026-04-20,708.780029296875,708.719970703125,18.8700008392334,17.790000915527344,84.81873609269712,326.83406738462963,162.4222270264066,159.25469189147628,159.24261505008113,60.62672661244863,60.595659067409564,60.595587704939014,2.4713009243472364,2.4592240829520513,2.45922403952705
2026-04-21,710.280029296875,704.0800170898438,19.5,18.68000030517578,84.62184870310412,-19.688738959300167,190.6753908205577,185.91393313863628,185.91353934015785,185.9895755415461,185.91393313863628,185.91353862532355,5.62409890516823,5.623705106689801,5.6237043918554885
2026-04-22,709.1500244140625,711.2100219726562,18.920000076293945,17.290000915527344,85.79564093553321,117.37922324290935,143.06193890125925,140.6813922369956,140.67245243077477,58.609983284143915,58.59147959229282,58.59144682960345,0.8879127939955884,0.8789729877747394,0.8789729721752293
2026-04-23,709.5,708.4500122070312,19.309999465942383,18.040000915527344,85.54893457740866,-24.670635812455544,166.72191483045214,163.29909995051364,163.27679930492,163.31560079257102,163.2769182339757,163.2767991909131,3.012532038792491,2.9902313931988216,2.9902312791919314
2026-04-24,710.75,713.9400024414062,18.709999084472656,16.709999084472656,86.11010203704532,56.1167459636664,127.54969965765679,125.63277939568232,125.63079651928274,125.64488249219798,125.63082271148221,125.63079650664008,-0.06021080891968955,-0.0621936853192655,-0.06219369796191376
2026-04-27,713.1699829101562,715.1699829101562,18.020000457763672,16.690000534057617,84.04805786709781,-206.20441699475123,478.79839976968447,474.9674018747464,474.9668600962044,25.345920392171557,25.30040387285728,25.300403623759586,3.763621418277971,3.7630796397359685,3.763079542144048
2026-04-28,711.8200073242188,711.6900024414062,17.829999923706055,16.690000534057617,81.43938724336329,-260.86706237345254,141.64260770416672,139.17195686645482,139.17092910541635,34.322977684803504,34.30036133963925,34.30030849713217,1.0443850504484757,1.0433572894100047,1.0433572587735949
2026-04-29,711.0,711.5800170898438,18.809999465942383,17.610000610351562,84.2537180054835,281.4330762120221,158.99489907430373,155.79163706356613,155.7867526024454,55.919964762199484,55.8824922683683,55.88236242713207,2.5211778062272794,2.5162933451065506,2.5162932113507708
2026-04-30,714.6300048828125,718.6599731445312,16.889999389648438,14.369999885559082,82.13966305463796,-211.40549508455422,323.01413879944226,322.99725748414755,322.99724938497485,5.1118505930454,5.094961178617089,5.094961178019176,-3.866213070215981,-3.866221169388664,-3.8662211699475337
2026-05-01,721.25,720.6500244140625,16.989999771118164,14.149999618530272,83.42996899813917,129.03059435012096,70.27647341297161,69.81294435205132,69.81290806713184,15.982197619205559,15.98129770196138,15.981297442601031,-2.9728330233683167,-2.9728693082877955,-2.9728693082986837
2026-05-04,720.0700073242188,718.010009765625,18.290000915527344,16.600000381469727,85.08920954984904,165.92405517098712,127.38676320594277,125.51319749139586,125.51317626427038,125.52593891724803,125.51319749139586,125.51317625474059,-0.15280486093687173,-0.1528260880623562,-0.15282609759214338
2026-05-05,721.77001953125,723.77001953125,17.3799991607666,14.640000343322754,85.69508506153443,60.58755116853831,89.01048552719259,88.1941740808126,88.19411295417565,16.43804915320343,16.435441181820615,16.435441177357617,-2.2671937269570392,-2.2672548535939923,-2.267254853718034
2026-05-06,728.1599731445312,733.8300170898438,17.389999389648438,14.760000228881836,92.03128778212941,633.6202720594983,91.92025521326217,91.13863563467821,91.13832096449829,21.278904867560428,21.277131123120277,21.277131008465105,-2.335816832249606,-2.3361315024295233,-2.336131502443769
2026-05-07,735.0499877929688,731.5800170898438,17.079999923706055,14.5600004196167,89.58419736256766,-244.70904195617464,355.2742501147119,355.2383898414298,355.23835599116074,8.510390425392675,8.474496307660942,8.474496301841567,-3.828177902628104,-3.828211752897208,-3.828211752897399
2026-05-08,734.9299926757812,737.6199951171875,17.190000534057617,14.210000038146973,93.8253274055556,424.1130042987933,335.42219678785176,335.3988287473096,335.39881328390936,6.376992228367406,6.3536087261250564,6.353608724425012,-3.853217528714871,-3.8532329921151103,-3.853232992115143
2026-05-11,736.4500122070312,739.2999877929688,18.3799991607666,16.889999389648438,97.28345275895735,345.8125353401755,512.9683388496474,512.5460576503734,512.5432988028135,34.186418725352304,34.12953199252123,34.129526839148255,-3.0471610505495494,-3.0499198981094136,-3.049919900849952
2026-05-12,736.8900146484375,738.1799926757812,17.989999771118164,16.34000015258789,95.4097380170267,-187.37147419306552,493.9939276295349,493.65883171559483,493.6570533606247,30.289084545991805,30.26125590860167,30.261253478206143,-3.224473079578705,-3.2262514345489555,-3.226251443759062
2026-05-13,738.469970703125,742.3099975585938,17.8700008392334,15.869999885559082,97.85903139729986,244.92933802731613,125.75474466009831,124.03578138766368,124.03577319033073,38.962034891686976,38.95300458373999,38.953001412889456,-0.4620488588759697,-0.4620570562089048,-0.4620570576274856
2026-05-14,743.6500244140625,748.1699829101562,17.260000228881836,15.140000343322754,100.7174436306541,285.8412233354244,411.8576045603582,411.77396074768825,411.77384608618,15.26518565897205,15.24057596753883,15.240575942877124,-3.7323683901319744,-3.732483051640161,-3.7324830516413106
2026-05-15,741.7899780273438,739.1699829101562,18.43000030517578,16.3700008392334,96.59687755127047,-412.0566079383636,152.93168983631517,149.9863141339148,149.9862229572361,39.15028868183068,39.11869696519482,39.11869582731374,1.9910251432338422,1.9909339665551666,1.99093389708948
2026-05-18,739.8300170898438,738.6500244140625,17.81999969482422,16.860000610351562,94.29651319891212,-230.03643523583435,150.54034481636484,147.7936353438007,147.79357102170567,147.81944820653155,147.7936353438007,147.7935709742451,1.593612053827962,1.5935477317329125,1.59354768426138
2026-05-19,734.780029296875,733.72998046875,18.059999465942383,16.639999389648438,91.30770726078003,-298.88059381320886,475.8867753185036,475.6440930068845,475.64314041566524,26.452210149968586,26.208576231008095,26.208575247130156,-3.4117776022022035,-3.412730193421526,-3.4127301937220387
2026-05-20,735.7100219726562,741.25,17.440000534057617,15.140000343322754,94.9756988127629,366.79915519828654,144.57409242978494,144.49506911270348,144.49492353289517,13.522374859677685,13.507518456256284,13.50751840038774,-3.741516626398831,-3.741662206207115,-3.7416622062115765
2026-05-21,738.6400146484375,742.719970703125,16.760000228881836,14.079999923706056,94.4998165644208,-47.58822483421028,74.4594657477453,73.98381227379139,73.98381216459983,20.777110433219995,20.776411021054038,20.77641097352442,-2.9486927245106394,-2.948692833702194,-2.9486928337044773
2026-05-22,746.239990234375,745.6400146484375,16.700000762939453,14.06999969482422,96.44593507336376,194.6118508942959,356.0625261378088,356.0224533367182,356.02241089641393,8.80043554182911,8.796787638064355,8.796787630732053,-3.8197270769054046,-3.8197695172096506,-3.8197695172098567
2026-05-26,750.010009765625,750.5900268554688,17.010000228881836,14.84000015258789,100.24635403289093,380.0418959527178,94.20517599368375,93.29633685037645,93.29633477108032,42.46010317210689,42.45697499962671,42.45697477529682,-2.082315474604306,-2.082317553900422,-2.0823175541979957
2026-05-27,750.8800048828125,750.4600219726562,16.290000915527344,13.270000457763672,98.76476520956929,-148.1588823321644,59.61872275023213,59.31103382814607,59.311033756975846,16.022087578164665,16.02168304525275,16.0216830444354,-3.284621942312249,-3.2846220134824695,-3.2846220134841255
2026-05-28,750.25,754.5999755859375,15.739999771118164,12.979999542236328,101.17857138181951,241.38061722502187,50.01512581168571,49.82105326438164,49.8210532490848,18.552418927525622,18.552261804392884,18.552261803820848,-3.5118548595007715,-3.5118548747976135,-3.511854874797801
2026-05-29,755.9000244140625,756.47998046875,15.31999969482422,12.59000015258789,102.06113944711075,88.25680652912382,277.16828576877924,277.1619364478418,277.1619348674436,1.6551442968108718,1.654527944715273,1.6545279446731929,-3.887296616930549,-3.8872981973287426,-3.887298197328743
2026-06-01,755.3599853515625,758.5399780273438,16.049999237060547,13.760000228881836,104.39742062965124,233.6281182540489,333.6755941371449,333.65171819142796,333.6517011813714,6.2852693334397145,6.279720753110713,6.279720751143328,-3.852197078396179,-3.8522140884527967,-3.852214088452834
2026-06-02,757.030029296875,759.5700073242188,15.770000457763672,13.1899995803833,104.77898965045313,38.15690208018907,343.5760154921761,343.5480589589158,343.54804011247086,7.252117774032907,7.251385614684022,7.251385613063524,-3.8440303941445717,-3.844049240589481,-3.8440492405894986
2026-06-03,758.1500244140625,754.239990234375,16.059999465942383,13.40999984741211,100.51595569056327,-426.3033959889853,72.38879662704586,71.96098453454991,71.9609844808523,14.461878620474627,14.46136152668546,14.461361515424732,-3.0443756539137885,-3.0443757076113904,-3.0443757076118874
2026-06-04,752.0999755859375,757.0900268554688,15.399999618530272,12.649999618530272,101.91785246864302,140.18967780797453,60.97083329026642,60.664780205481286,60.66478016850731,5.383278928593816,5.3829472900803825,5.3829472900636475,-3.287893719506537,-3.287893756480516,-3.2878937564809387
2026-06-05,752.3099975585938,737.5499877929688,21.510000228881836,23.920000076293945,98.67378568945009,-324.40667791929343,44.869273453128294,4.568869168914672,4.370382129694198,-274.9976520496344,-278.78245032671396,-278.80350328841706,77.31524671991141,77.1167596806909,77.11043513098225
2026-06-08,743.3599853515625,739.219970703125,18.920000076293945,19.690000534057617,93.26257857633541,-541.1207113114671,542.9342981559697,540.9296780325972,540.8955912162806,82.00846105457614,81.33223618194694,81.33204553262291,0.2115018684168346,0.17741505210031594,0.17741466155693253
2026-06-09,743.6300048828125,737.0499877929688,19.8700008392334,22.13999938964844,93.64954963037643,38.69710540410125,267.21904039462265,261.7678191270027,261.56491175054396,139.49821089573067,137.1856415973194,137.1824779259946,7.611234039009302,7.408326662550552,7.408303627146241
2026-06-10,733.3900146484375,725.4299926757812,22.219999313354492,25.670000076293945,92.0626697686898,-158.68798616866258,171.09409204735627,156.66885640531052,155.58357315362056,241.7482550891759,235.1471962681691,235.10577928313376,28.269576421366665,27.184293169676714,27.163218811043002
2026-06-11,728.760009765625,737.760009765625,19.440000534057617,20.65999984741211,92.773207031101,71.05372624111936,299.30220963709166,286.92921569023594,286.9241106679049,127.16400444810571,126.75507499711159,126.74994547275858,20.861376625701453,20.85627160337048,20.85624709483053
2026-06-12,740.7100219726562,741.75,17.68000030517578,17.260000228881836,91.89331801255403,-87.98890185469617,168.9659359121942,165.30782337762156,165.30763715557413,66.10734093834226,66.05999751914734,66.05998426854518,3.4167844289956886,3.4165982069482403,3.4165979757122127
2026-06-15,751.8499755859375,754.8300170898438,16.200000762939453,15.579999923706056,99.5293605876202,763.604257506617,135.03575509098047,132.83245076461196,132.83241552593222,31.3350389099377,31.31706389636242,31.31706359720794,0.5067144174660045,0.5066791787862268,0.5066791625563258
2026-06-16,754.5499877929688,750.3300170898438,16.40999984741211,15.770000457763672,95.90966861812595,-361.9691969494255,450.21346705044954,450.0463410991081,450.04586762405495,21.66924133902385,21.580315800086403,21.58031548533239,-3.5643276719851107,-3.5648011470383176,-3.5648011470958245
2026-06-17,751.2899780273438,740.9600219726562,18.440000534057617,18.6299991607666,91.83834196485044,-407.13266532755057,239.9367437598668,231.92915325781271,231.92713867489365,87.46469509784143,87.25809621821857,87.25797637330427,12.1212474710376,12.119232888118516,12.119225315400305
2026-06-18,747.760009765625,746.739990234375,16.399999618530273,13.93000030517578,92.65976528730833,82.14233224578891,86.36042633561411,85.71364165064509,85.7136414667628,14.64704739702447,14.645923598358644,14.64592357638607,-2.6064300784072567,-2.6064302622895408,-2.6064302622921556
2026-06-22,747.7000122070312,744.3900146484375,17.280000686645508,16.290000915527344,91.5120495242835,-114.77157630248342,158.58281114206554,155.68533367611374,155.68529813034291,39.078683990235504,39.055218818503135,39.05521262386528,1.8950615976026173,1.8950260518318034,1.8950260423699836
2026-06-23,733.8099975585938,733.5800170898438,19.489999771118164,19.469999313354492,87.56529313140213,-394.6756392881369,659.3921590500152,657.8860265733333,657.8647015889848,70.26256157031119,69.65486611917703,69.65476693874751,-0.8237595656704029,-0.8450845500190476,-0.8450847258518008
2026-06-24,735.1699829101562,733.239990234375,18.6299991607666,18.06999969482422,85.36350324923472,-220.17898821674038,564.3182610198484,563.6290622157503,563.6228759827233,45.83915444450241,45.14378770833656,45.143769407377434,-2.503043634896766,-2.5092298679238056,-2.509229887192034
2026-06-25,738.9099731445312,734.2999877929688,18.88999938964844,17.920000076293945,86.41527136140503,105.17681121703077,192.76361302688076,188.0326227831582,188.0323568446151,77.61711540193866,77.54941859543548,77.54927282853274,5.562779247233827,5.562513308690736,5.562512993970962
2026-06-26,728.9500122070312,728.989990234375,18.40999984741211,16.799999237060547,81.61323480086402,-480.2036560541012,143.8609361244121,141.45369184493399,141.4536610791584,55.30404969018506,55.28565174624182,55.2856209674555,0.9145808953205261,0.9145501295449296,0.9145501165341301
2026-06-29,736.530029296875,741.0,17.649999618530273,15.510000228881836,88.2839399423836,667.0705141519577,234.2717981927329,234.12035899002998,234.11991192672343,19.549500366415586,19.53546315001821,19.535462859064957,-3.595780404550015,-3.596227467856613,-3.596227467898097
2026-06-30,741.2899780273438,746.77001953125,16.450000762939453,13.729999542236328,90.92543112423564,264.14911818520466,69.85807072965521,69.40230143847148,69.40230120097816,15.39330888847203,15.392445993788085,15.392445992412332,-2.9884607051246586,-2.9884609426179782,-2.988460942627299
2026-07-01,745.0,745.760009765625,16.59000015258789,13.140000343322754,90.12923430962893,-79.61968146067164,287.1874194429889,287.179991136387,287.1799891174236,2.240396230294846,2.232965904800201,2.232965904729559,-3.885137329906028,-3.885139348869425,-3.8851393488694255
2026-07-02,747.4000244140625,744.780029296875,16.149999618530273,12.369999885559082,88.58160271518263,-154.7631594446301,308.0104109797166,308.00037925598605,308.0003767894867,3.564519285797749,3.5644350773072624,3.5644350772540054,-3.8799291530409374,-3.879931619540259,-3.87993161954026
2026-07-06,748.739990234375,751.280029296875,15.56999969482422,12.31999969482422,92.86346495642556,428.18622412429335,40.410623653959284,40.30949377986104,40.30949377936907,9.099815355567392,9.09978569374213,9.099785693511878,-3.6977402503276005,-3.697740250819572,-3.6977402508195727
2026-07-07,750.219970703125,747.7100219726562,16.1299991607666,13.420000076293944,90.26292486981474,-260.05400866108204,59.23054138457126,58.9360329723255,58.93603291308,23.042037244587455,23.04168148095303,23.04168147810927,-3.3109829977676553,-3.3109830570131473,-3.3109830570145906
2026-07-08,743.1599731445312,745.4000244140625,16.899999618530273,14.40999984741211,89.1397793499996,-112.31455198151394,382.5878730235785,382.54197417378066,382.54194005667034,11.081338220386423,11.073400849041832,11.073400846271033,-3.8080999490734087,-3.808134066183664,-3.808134066183696
2026-07-09,747.3499755859375,751.7100219726562,15.84000015258789,12.5,93.10531626603998,396.5536916040378,-29.78050491689877,-29.792084050855856,-29.792087344431046,3.9767388505267833,3.9766238210699107,3.976623820983086,-3.8768318513602504,-3.8768351449354506,-3.8768351449354537
2026-07-10,752.0499877929688,754.9500122070312,15.029999732971191,11.149999618530272,95.11994891493477,201.46326488947892,32.727825881521845,32.66731037199406,32.667310371888874,-0.18753256173870714,-0.18754381270914733,-0.18754381270915355,-3.7789689806288593,-3.778968980734047,-3.778968980734047
2026-07-13,752.469970703125,749.1699829101562,17.15999984741211,15.130000114440918,91.79132095737043,-332.8627957564336,131.94288703687258,131.79570852509303,131.79568432307167,21.957045820025,21.941674261576168,21.941674200184387,-3.6055703703711535,-3.605594572392528,-3.605594572394402
2026-07-14,750.9099731445312,751.8300170898438,16.5,13.460000038146973,93.17654182995656,138.52208725861317,64.1056461075285,63.73766853396106,63.73766840620818,17.411822689831844,17.411247670979954,17.411247669428022,-3.16404446959452,-3.1640445973473867,-3.1640445973513756
2026-07-15,754.239990234375,754.8099975585938,15.670000076293944,12.0600004196167,94.89245095357035,171.5909123613784,242.10532114935117,242.1037362401235,242.1037361469915,-0.6033859149354179,-0.6040438449704917,-0.6040438449709331,-3.896829902148673,-3.8968299952806555,-3.8968299952806555
2026-07-16,752.760009765625,750.719970703125,16.729999542236328,13.979999542236328,92.16351522231125,-272.89357312590994,382.53599283967947,382.4940468935509,382.4940204943674,10.817209275106254,10.812743493495129,10.812743491954155,-3.8160289101924163,-3.816055309375901,-3.81605530937591
2026-07-17,742.0800170898438,743.2899780273438,18.770000457763672,16.850000381469727,88.45671370971795,-370.68015125933016,175.59263992578389,171.5678453997725,171.56761481886585,43.0125937166047,42.956146486406624,42.9561439325659,4.1502816011656005,4.150051020258953,4.150050751451348
2026-07-20,747.0599975585938,742.0900268554688,18.649999618530273,16.784999656677247,86.76948115181723,-168.7232557900714,539.8696575334659,539.30598804795,539.3015856745233,40.02617381435371,39.9773090550228,39.977299181379685,-2.7594538896926415,-2.763856263119279,-2.763856269449935
2026-07-21,746.2899780273438,748.280029296875,17.049999237060547,15.344999313354492,89.65154286249177,288.20617106745345,430.22778967552443,430.08533982445005,430.0849326710435,18.88284820343391,18.866010414637877,18.86601015462562,-3.613878837520873,-3.614285990927452,-3.6142859909642677
2026-07-22,746.6199951171875,747.4099731445312,16.639999389648438,14.975999450683593,88.3224890264126,-132.90538360791686,418.2009826660554,418.0830637482291,418.08278155114726,17.018302812752452,17.009116736398624,17.009116598945056,-3.663315573061279,-3.6635977701430793,-3.6635977701566422
2026-07-23,739.3699951171875,738.1799926757812,18.700000762939453,16.83000068664551,83.22647579459246,-509.60132318201374,150.220377010583,147.52256522306018,147.52251316903636,66.2518172597592,66.2279184162239,66.22786633015704,1.4957798332654004,1.495727779241566,1.4957277471921469
2026-07-24,738.510009765625,738.9299926757812,18.700000762939453,16.83000068664551,83.60149836642749,37.50225718350322,156.92113279348072,154.0075415674931,154.0074930503809,53.01830988058331,52.99266270835239,52.992642652267214,1.9273280672610769,1.9272795501488655,1.9272795288351467
2026-07-27,744.9099731445312,739.0900268554688,18.670000076293945,16.803000068664552,110.15841475432546,2653.0916387897973,317.57448816508804,317.24378483250143,317.2421183982573,31.149081488503498,30.81671408455935,30.816711721672824,-3.2335940289715523,-3.23526046321565,-3.2352604642565055
