Date,Open,Close,vix,vix9d,straddle_mark,straddle_pnl,fly_w1pct_o-0.7pct,fly_w1pct_o+0.0pct,fly_w1pct_o+0.7pct,fly_w2pct_o-0.7pct,fly_w2pct_o+0.0pct,fly_w2pct_o+0.7pct,fly_w3pct_o-0.7pct,fly_w3pct_o+0.0pct,fly_w3pct_o+0.7pct,fly_w4pct_o-0.7pct,fly_w4pct_o+0.0pct,fly_w4pct_o+0.7pct
2016-01-04,200.4900054931641,201.02000427246097,20.700000762939453,21.93000030517578,33.174077085392895,-2.6,111.29704230903002,111.29704230903002,111.29704230903002,111.29704230903002,111.29704230903002,111.29704230903002,111.29704230903002,111.29704230903002,111.29704230903002,119.98043148991314,119.98043148991314,119.98043148991314
2016-01-05,201.3999938964844,201.36000061035156,19.34000015258789,19.3700008392334,31.151593166473873,-202.2483918919022,80.62527777783187,80.62527777783187,-35.53885726392527,80.62527777783187,80.62527777783187,-35.53885726392527,80.62527777783187,80.62527777783187,-35.53885726392527,89.2348055717681,89.2348055717681,6.530289587468399
2016-01-06,198.33999633789065,198.82000732421875,20.59000015258789,20.600000381469727,32.407217368997365,125.56242025234923,29.3800786033408,29.3800786033408,54.27182327374636,74.87517304937955,74.87517304937955,113.6436507280721,74.87517304937955,74.87517304937955,113.6436507280721,81.48670740720004,81.48670740720004,124.32142628103969
2016-01-07,195.3300018310547,194.0500030517578,24.989999771118164,26.190000534057617,38.27977373791151,587.2556368914147,78.92053191628781,78.92053191628781,-62.29390213790451,143.51628965040956,143.51628965040956,-68.90317026284728,143.51628965040956,143.51628965040956,-68.90317026284728,158.52464322642263,158.52464322642263,-40.88865392480463
2016-01-08,195.19000244140625,191.9199981689453,27.010000228881836,27.979999542236328,41.04504025016848,276.52665122569715,-72.03250021492275,-72.03250021492275,-58.693373001520065,-58.37955581074843,-58.37955581074843,-212.46073245459496,-58.37955581074843,-58.37955581074843,-212.46073245459496,-39.3791979426634,-39.3791979426634,-236.12477736244728
2016-01-11,193.0099945068359,192.11000061035156,24.299999237060547,24.209999084472656,36.81874344836004,-422.6296801808445,129.35490797312033,129.35490797312033,-67.59889895832957,184.98202854194685,184.98202854194685,-29.12270476145948,184.98202854194685,184.98202854194685,-29.12270476145948,195.63156676414025,195.63156676414025,-8.806223033705082
2016-01-12,193.82000732421875,193.66000366210935,22.469999313354492,22.299999237060547,34.16559406949318,-265.3149378866857,53.88398922225066,34.64468546514252,34.64468546514252,111.57206343294227,89.74367881712485,89.74367881712485,111.57206343294227,89.74367881712485,89.74367881712485,122.86527429974379,99.42585996361316,99.42585996361316
2016-01-13,194.4499969482422,188.8300018310547,25.219999313354492,25.56999969482422,37.8811843789058,371.5590309412619,-66.47565413128441,-77.08270843858253,-77.08270843858253,-102.16217309459019,-264.4677761013926,-264.4677761013926,-102.16217309459019,-264.4677761013926,-264.4677761013926,-77.75771041936733,-367.79773427380627,-367.79773427380627
2016-01-14,189.5500030517578,191.92999267578125,23.950000762939453,24.6299991607666,36.12964659028482,-175.1537788620979,-67.40025523173331,-24.710867223408094,-24.710867223408094,-181.669544293715,30.475205072941748,30.475205072941748,-181.669544293715,30.475205072941748,30.475205072941748,-159.7162139659879,40.63921861992406,40.63921861992406
2016-01-15,186.77000427246097,187.80999755859375,27.020000457763672,29.600000381469727,40.406121934467194,427.6475344182373,-64.05064676432241,149.28655973677428,149.28655973677428,-64.05064676432241,149.28655973677428,149.28655973677428,-8.179490655094066,224.93324457373623,224.93324457373623,21.07638461015207,246.09295186888434,246.09295186888434
2016-01-19,189.9600067138672,188.05999755859375,26.049999237060547,30.43000030517578,38.7796677371302,-162.64541973369973,137.52295007434512,-12.521199246070955,-54.7644972882811,239.75059176535302,65.59541307480215,-143.85404068522354,239.75059176535302,65.59541307480215,-143.85404068522354,280.7258538020404,88.65471061493858,-102.10364627886241
2016-01-20,185.02999877929688,185.6499938964844,27.59000015258789,32.849998474121094,40.93879781604191,215.91300789117156,-54.501241039147196,119.45996299616118,11.100127646760408,-54.501241039147196,119.45996299616118,11.100127646760408,-12.620090642584733,203.3981713808199,118.45132922099546,32.92049936153354,230.57056035545622,163.0510228470411
2016-01-21,186.2100067138672,186.69000244140625,26.690000534057617,29.989999771118164,39.58566457406047,-135.3133241981439,13.59378348783016,13.59378348783016,102.7704603297831,13.59378348783016,13.59378348783016,102.7704603297831,94.08548627728467,94.08548627728467,184.84301814093234,119.06052359312234,119.06052359312234,210.01596172165205
2016-01-22,189.77999877929688,190.52000427246097,22.34000015258789,22.59000015258789,33.2600383271823,-632.5626246878173,-66.03259176110703,109.40958400957362,109.40958400957362,-39.070360640491074,154.68666222783784,154.68666222783784,-39.070360640491074,154.68666222783784,154.68666222783784,-18.76292462762923,161.07053150520665,161.07053150520665
2016-01-25,189.9199981689453,187.63999938964844,24.149999618530273,26.040000915527344,35.70188088057242,244.1842553390117,175.1075958397333,-64.58583413710636,-64.58583413710636,266.32764748533896,-4.294338223062352,-4.294338223062352,266.32764748533896,-4.294338223062352,-4.294338223062352,296.5286515958284,8.366992184325264,8.366992184325264
2016-01-26,188.4199981689453,190.1999969482422,22.5,24.25,33.30094442303789,-240.09364575345273,-80.7925825476673,-80.7925825476673,156.26528777510947,-43.79173504128142,-43.79173504128142,223.40378574350626,-43.79173504128142,-43.79173504128142,223.40378574350626,-32.49838906121482,-32.49838906121482,238.46325981466768
2016-01-27,189.5800018310547,188.1300048828125,23.11000061035156,24.510000228881836,34.10019258954773,79.9248166509841,119.86608445863779,-19.15300166504219,-19.15300166504219,198.95441977913126,35.36388972659699,35.36388972659699,198.95441977913126,35.36388972659699,35.36388972659699,221.00848506901792,45.24703118622842,45.24703118622842
2016-01-28,189.9600067138672,189.11000061035156,22.420000076293945,23.399999618530273,33.06178760715201,-103.84049823957184,26.651254491628396,74.81918794601759,-60.6474347049738,112.68234713353358,123.52155445956984,-61.60249432055445,112.68234713353358,123.52155445956984,-61.60249432055445,137.33847874479628,131.17839953987678,-36.93777774022402
2016-01-29,190.02000427246097,193.72000122070312,20.200000762939453,19.3700008392334,30.017415969457147,-304.4371637694866,-62.572683237864155,-100.83575862780557,64.19660842070972,-234.15878346859074,-192.1682332918827,140.0525350715779,-234.15878346859074,-192.1682332918827,140.0525350715779,-339.9508774543016,-189.6626482439355,154.5901995435261
2016-02-01,192.52999877929688,193.6499938964844,19.979999542236328,19.68000030517578,29.557706122650927,-45.970984680621996,-62.3225355819214,36.51469360146853,51.12701484137896,-97.1938340748682,69.71322524328109,128.15842665154844,-97.1938340748682,69.71322524328109,128.15842665154844,-79.55379965771276,72.7586449590352,143.82955060711504
2016-02-02,191.9600067138672,190.16000366210935,21.979999542236328,22.190000534057617,32.22389686653841,266.61907438874834,162.41052960001454,-71.75649327455604,-71.75649327455604,232.56010488110854,-25.477161066394704,-25.477161066394704,232.56010488110854,-25.477161066394704,-25.477161066394704,248.80458581548302,-18.84123739961645,-18.84123739961645
2016-02-03,191.41000366210935,191.3000030517578,21.649999618530273,22.350000381469727,31.74699941084448,-47.68974556939298,40.46409710846264,47.06837585525354,47.06837585525354,98.89457916135063,99.85653034203138,99.85653034203138,98.89457916135063,99.85653034203138,99.85653034203138,110.40040109642611,108.64697299416254,108.64697299416254
2016-02-04,190.7100067138672,191.6000061035156,21.84000015258789,21.75,31.99587230882051,24.88728979760282,1.2810135255825883,1.2810135255825883,85.04382500895707,46.680010656905836,46.680010656905836,148.6468039588831,46.680010656905836,46.680010656905836,148.6468039588831,53.29052858734913,53.29052858734913,161.03323296511698
2016-02-05,190.9900054931641,187.9499969482422,23.3799991607666,22.959999084472656,34.07578733084202,207.99150220215097,-37.75575062177412,-37.75575062177412,-76.6006422232458,16.169335801521825,16.169335801521825,-219.42479717710395,16.169335801521825,16.169335801521825,-219.42479717710395,26.04645746408776,26.04645746408776,-206.91524066874894
2016-02-08,185.77000427246097,185.4199981689453,26.0,26.399999618530273,37.6895044575875,361.37171267454846,130.6965501354387,130.6965501354387,-26.7805711580259,130.6965501354387,130.6965501354387,-26.7805711580259,193.35317115398618,193.35317115398618,49.44717596395807,207.4477423058512,207.4477423058512,69.81221886278263
2016-02-09,183.36000061035156,185.42999267578125,26.540000915527344,26.84000015258789,38.39658952676541,70.70850691779071,-76.60619864552275,-76.60619864552275,137.42879676768175,-76.60619864552275,-76.60619864552275,137.42879676768175,-55.76891087056863,-55.76891087056863,212.34428442482573,-41.04643693664449,-41.04643693664449,232.05053095580465
2016-02-10,186.41000366210935,185.27000427246097,26.290000915527344,25.530000686645508,37.998843832533,-39.774569423241246,148.79689390269917,-49.52646972945269,-49.52646972945269,148.79689390269917,-49.52646972945269,-49.52646972945269,216.50299291067554,13.657456742963594,13.657456742963594,233.0699763951149,27.30100300145766,27.30100300145766
2016-02-11,182.33999633789065,182.86000061035156,28.13999938964844,27.36000061035156,40.61944612034047,262.0602287807472,-61.756292487470276,136.1007608985428,136.1007608985428,-61.756292487470276,136.1007608985428,136.1007608985428,-7.914267112748094,197.48909613091817,197.48909613091817,21.66173843258832,210.66689561345163,210.66689561345163
2016-02-12,184.9600067138672,186.6300048828125,25.399999618530273,22.709999084472656,36.616379202831524,-400.3066917508946,-63.14635822236936,-3.409944362444526,101.59395103935721,-63.14635822236936,-3.409944362444526,101.59395103935721,-143.19985973379767,39.50706287298027,186.49438670232152,-121.53345061890725,45.16394138696078,208.0984985862344
2016-02-16,188.77000427246097,189.77999877929688,24.11000061035156,21.809999465942383,34.611864140599536,-200.4515062231988,-61.36466561899356,144.4496165410447,144.4496165410447,-8.740483538317198,195.97552391302546,195.97552391302546,-8.740483538317198,195.97552391302546,195.97552391302546,0.3137071981198747,204.08237846158295,204.08237846158295
2016-02-17,191.16000366210935,192.8800048828125,22.309999465942383,20.270000457763672,32.15730801684455,-245.45561237549833,-88.22844388726435,-88.22844388726435,126.63854576114701,-80.5711369682877,-80.5711369682877,174.99919723889653,-80.5711369682877,-80.5711369682877,174.99919723889653,-74.12431121398978,-74.12431121398978,181.71206783986278
2016-02-18,193.1999969482422,192.08999633789065,21.63999938964844,19.530000686645508,31.09456561570923,-106.27424011353241,113.55744415253851,113.55744415253851,-78.27322130256384,150.40045487227036,150.40045487227036,-62.46937257646097,150.40045487227036,150.40045487227036,-62.46937257646097,154.39614659929907,154.39614659929907,-53.62080229291688
2016-02-19,191.1699981689453,192.0,20.530000686645508,18.219999313354492,29.457099130246846,-163.7466485462383,-44.12648694672916,-44.12648694672916,108.82294249981788,-6.491111962926375,-6.491111962926375,148.69771028264987,-6.491111962926375,-6.491111962926375,148.69771028264987,-2.608420019440192,-2.608420019440192,152.67051500395732
2016-02-22,193.8699951171875,194.77999877929688,19.3799991607666,18.38999938964844,27.900984201512827,-155.61149287340186,-67.12792083099794,134.47897725450008,134.47897725450008,-23.724436979127425,172.26357633572218,172.26357633572218,-23.724436979127425,172.26357633572218,172.26357633572218,-18.444992917442768,175.95962264604282,175.95962264604282
2016-02-23,194.0,192.32000732421875,20.979999542236328,20.690000534057617,29.93796249378869,203.69782922758617,150.7115108534993,-87.91562399127778,-87.91562399127778,205.80433090920562,-60.29462374197225,-60.29462374197225,205.80433090920562,-60.29462374197225,-60.29462374197225,215.47228342819855,-54.12004865958042,-54.12004865958042
2016-02-24,190.6300048828125,193.1999969482422,20.719999313354492,20.719999313354492,29.581948533420245,-35.601396036844335,-92.77464451767196,-92.77464451767196,104.66511119287814,-122.66874664306457,-122.66874664306457,166.58915611195144,-122.66874664306457,-122.66874664306457,166.58915611195144,-117.75226946213216,-117.75226946213216,177.68170271975964
2016-02-25,193.72999572753903,195.5399932861328,19.11000061035156,17.790000915527344,27.472943007270715,-210.90055261495309,-93.56232621026594,-93.56232621026594,103.0625884134462,-109.50357282353998,-109.50357282353998,140.9268953355942,-109.50357282353998,-109.50357282353998,140.9268953355942,-105.5994094509802,-105.5994094509802,144.45959392315365
2016-02-26,196.57000732421875,195.08999633789065,19.809999465942383,18.559999465942383,28.37418280272641,90.12397954556945,156.87202121392028,-86.06863004408895,-86.06863004408895,206.5108258998569,-49.64715995425526,-49.64715995425526,206.5108258998569,-49.64715995425526,-49.64715995425526,213.53303802247183,-46.12192098495371,-46.12192098495371
2016-02-29,195.11000061035156,193.55999755859375,20.549999237060547,20.36000061035156,29.141742377093166,76.75595743667571,83.4963902346851,11.326968712506494,-65.07842584880594,168.49657307820829,48.95126059177646,-132.00410327889412,168.49657307820829,48.95126059177646,-132.00410327889412,189.50160141861974,53.0987972927049,-115.18231767874886
2016-03-01,195.0099945068359,198.11000061035156,17.700000762939453,17.040000915527344,25.646145983051753,-349.55963940414136,-62.29095725671836,-109.36009570390547,125.37394806680278,-238.86911536557005,-147.7578418168472,196.3639625709751,-238.86911536557005,-147.7578418168472,196.3639625709751,-287.92051289604353,-146.58588971762106,207.03612051580973
2016-03-02,197.7400054931641,199.0,17.09000015258789,15.779999732971191,24.916805240641878,-72.93407424098746,-14.081441329939024,-14.081441329939024,79.79989048492138,4.845388872681225,4.845388872681225,139.0619378776233,4.845388872681225,4.845388872681225,139.0619378776233,5.610544372525842,5.610544372525842,145.72775216523038
2016-03-03,198.7899932861328,199.77999877929688,16.700000762939453,15.90999984741211,24.497422760043733,-41.9382480598145,-74.58368661826447,129.04032514032426,129.04032514032426,-41.025170242448205,159.73030654805143,159.73030654805143,-41.025170242448205,159.73030654805143,159.73030654805143,-38.38948809547109,161.74340812553527,161.74340812553527
2016-03-04,200.0099945068359,200.42999267578125,16.860000610351562,15.859999656677246,24.83256557264903,33.5142812605298,113.05229509369362,113.05229509369362,113.05229509369362,113.05229509369362,113.05229509369362,113.05229509369362,113.05229509369362,113.05229509369362,113.05229509369362,113.85722447728969,113.85722447728969,113.85722447728969
2016-03-07,199.33999633789065,200.58999633789065,17.350000381469727,17.65999984741211,25.42773291958416,59.516734693512774,-79.34684732994538,90.089916857832,90.089916857832,-83.98366237756935,120.31558746935485,120.31558746935485,-83.98366237756935,120.31558746935485,120.31558746935485,-76.17943049617752,122.60324263755128,122.60324263755128
2016-03-08,199.32000732421875,198.3999938964844,18.670000076293945,19.170000076293945,26.761905336055747,133.41724164715885,82.5583634331564,-4.637103658125616,-4.637103658125616,141.71966206708245,32.644401128378924,32.644401128378924,141.71966206708245,32.644401128378924,32.644401128378924,152.09048836935958,36.51277140841764,36.51277140841764
2016-03-09,199.36000061035156,199.3800048828125,18.34000015258789,18.790000915527344,26.447868198848155,-31.403713720759185,-15.214719073517655,91.54201931166844,91.54201931166844,43.69952530478496,126.7013701532504,126.7013701532504,43.69952530478496,126.7013701532504,126.7013701532504,53.69500894976789,130.05624766436594,130.05624766436594
2016-03-10,199.9600067138672,199.5399932861328,18.049999237060547,17.65999984741211,26.033724911680935,-41.41432871672208,-17.91742623414898,99.76510275003106,-62.5011785654779,56.52145269668403,126.99095948131779,-32.71687499896798,56.52145269668403,126.99095948131779,-32.71687499896798,70.25965314943357,128.84903922862966,-19.1854280349957
2016-03-11,201.2599945068359,202.7599945068359,16.5,15.199999809265137,24.678650838879037,-135.5074072801898,-94.06689830178598,-94.06689830178598,119.62709003988132,-94.06689830178598,-94.06689830178598,119.62709003988132,-94.06689830178598,-94.06689830178598,119.62709003988132,-91.92996547738267,-91.92996547738267,148.35256792755297
2016-03-14,202.16000366210935,202.5,16.920000076293945,15.989999771118164,25.045801182499062,36.71503436200254,-12.690576253955907,-12.690576253955907,29.834722568467356,-12.690576253955907,-12.690576253955907,29.834722568467356,-12.690576253955907,-12.690576253955907,29.834722568467356,-4.64391534730588,-4.64391534730588,44.22368269456396
2016-03-15,201.36000061035156,202.1699981689453,16.84000015258789,16.459999084472656,24.800742718782132,-24.505846371692996,-21.56425876546455,-21.56425876546455,51.29206604357315,-21.56425876546455,-21.56425876546455,51.29206604357315,-21.56425876546455,-21.56425876546455,51.29206604357315,-17.776521727237004,-17.776521727237004,82.56561948525108
2016-03-16,201.6000061035156,203.33999633789065,14.989999771118164,14.06999969482422,22.63450976266074,-216.6232956121391,-140.93580101047695,-140.93580101047695,155.13563553780133,-140.93580101047695,-140.93580101047695,155.13563553780133,-140.93580101047695,-140.93580101047695,155.13563553780133,-138.77485882586925,-138.77485882586925,172.4573170201414
2016-03-17,203.2400054931641,204.6300048828125,14.4399995803833,13.050000190734863,22.331461720129226,-30.304804253151474,-148.62029693552864,158.0571294726413,158.0571294726413,-148.62029693552864,158.0571294726413,158.0571294726413,-148.62029693552864,158.0571294726413,158.0571294726413,-135.41173833105378,159.56621093348053,159.56621093348053
2016-03-18,204.1699981689453,204.3800048828125,14.020000457763672,12.470000267028809,21.65675160868706,-67.47101114421667,78.88170545979584,78.88170545979584,78.88170545979584,78.88170545979584,78.88170545979584,78.88170545979584,78.88170545979584,78.88170545979584,78.88170545979584,79.08883609389449,79.08883609389449,79.08883609389449
2016-03-21,204.07000732421875,204.6699981689453,13.789999961853027,12.770000457763672,21.361310291741198,-29.544131694586184,114.41855241628355,114.41855241628355,114.41855241628355,114.41855241628355,114.41855241628355,114.41855241628355,114.41855241628355,114.41855241628355,114.41855241628355,114.72901340997878,114.72901340997878,114.72901340997878
2016-03-22,203.7599945068359,204.55999755859375,14.170000076293944,13.140000343322754,21.767812570356746,40.65022786155481,-101.69728722566714,120.69030488361281,120.69030488361281,-101.69728722566714,120.69030488361281,120.69030488361281,-101.69728722566714,120.69030488361281,120.69030488361281,-78.09393854173693,121.36537997093478,121.36537997093478
2016-03-23,204.11000061035156,203.2100067138672,14.9399995803833,13.359999656677246,22.252731881928966,48.49193115722201,-27.98869126796648,-27.98869126796648,-27.98869126796648,-27.98869126796648,-27.98869126796648,-27.98869126796648,-27.98869126796648,-27.98869126796648,-27.98869126796648,-27.556249541835975,-27.556249541835975,-27.556249541835975
2016-03-24,202.0,203.1199951171875,14.739999771118164,12.350000381469728,21.922122467524787,-33.060941440417935,-99.03887302695341,-99.03887302695341,102.75614980829374,-99.03887302695341,-99.03887302695341,102.75614980829374,-99.03887302695341,-99.03887302695341,102.75614980829374,-97.16977206600498,-97.16977206600498,109.88377664928873
2016-03-28,203.61000061035156,203.2400054931641,15.239999771118164,14.06999969482422,22.45684365927133,53.47211917465415,16.566567977191873,3.2808724994025007,3.2808724994025007,16.566567977191873,3.2808724994025007,3.2808724994025007,16.566567977191873,3.2808724994025007,3.2808724994025007,40.3161742247075,4.670223695429378,4.670223695429378
2016-03-29,202.7599945068359,205.1199951171875,13.81999969482422,12.170000076293944,21.2787106897591,-117.81329695122267,-224.68737845890422,215.14122105220127,215.14122105220127,-224.68737845890422,215.14122105220127,215.14122105220127,-224.68737845890422,215.14122105220127,215.14122105220127,-231.11137652393535,217.29850844509255,217.29850844509255
2016-03-30,206.3000030517578,206.02000427246097,13.5600004196167,11.869999885559082,21.292515612323065,1.3804922563963373,60.98902909437349,60.98902909437349,-49.37661522069707,60.98902909437349,60.98902909437349,-49.37661522069707,60.98902909437349,60.98902909437349,-49.37661522069707,61.47240567644936,61.47240567644936,-32.9677121221186
2016-03-31,205.91000366210935,205.52000427246097,13.949999809265137,12.25,21.52641258944103,23.389697711796487,93.31235889232838,93.31235889232838,93.31235889232838,93.31235889232838,93.31235889232838,93.31235889232838,93.31235889232838,93.31235889232838,93.31235889232838,93.60964646225952,93.60964646225952,93.60964646225952
2016-04-01,204.3500061035156,206.9199981689453,13.100000381469728,10.920000076293944,21.067370379147775,-45.9042210293255,-71.66931301220424,-71.66931301220424,-71.66931301220424,-71.66931301220424,-71.66931301220424,-71.66931301220424,-71.66931301220424,-71.66931301220424,-71.66931301220424,-71.63713580877071,-71.63713580877071,-71.63713580877071
2016-04-04,206.8300018310547,206.25,14.119999885559082,12.5,21.8856058959964,81.8235516848624,77.07914367050347,77.07914367050347,-70.50531806091304,77.07914367050347,77.07914367050347,-70.50531806091304,77.07914367050347,77.07914367050347,-70.50531806091304,78.8399275590061,78.8399275590061,-60.41259029937043
2016-04-05,204.6699981689453,204.19000244140625,15.420000076293944,13.960000038146973,22.68104072847514,79.54348324787404,61.74375670016867,61.74375670016867,61.74375670016867,61.74375670016867,61.74375670016867,61.74375670016867,61.74375670016867,61.74375670016867,61.74375670016867,62.06779558695283,62.06779558695283,62.06779558695283
2016-04-06,204.19000244140625,206.4199981689453,14.09000015258789,12.5600004196167,21.84423144398835,-83.68092844867903,-1.0480813500469677,-1.0480813500469677,-1.0480813500469677,-1.0480813500469677,-1.0480813500469677,-1.0480813500469677,-1.0480813500469677,-1.0480813500469677,-1.0480813500469677,-0.8339097261126782,-0.8339097261126782,-0.8339097261126782
2016-04-07,205.13999938964844,203.9499969482422,16.15999984741211,15.199999809265137,23.46244343391072,161.8211989922372,48.936424327637205,48.936424327637205,48.936424327637205,48.936424327637205,48.936424327637205,48.936424327637205,48.936424327637205,48.936424327637205,48.936424327637205,49.660996363237444,49.660996363237444,49.660996363237444
2016-04-08,205.33999633789065,204.5,15.359999656677246,13.59000015258789,22.589145821694345,-87.32976122163763,90.36769473620149,90.36769473620149,90.36769473620149,90.36769473620149,90.36769473620149,90.36769473620149,90.36769473620149,90.36769473620149,90.36769473620149,90.67261621193981,90.67261621193981,90.67261621193981
2016-04-11,205.25,204.02000427246097,16.260000228881836,15.59000015258789,23.440142312062918,85.09964903685727,60.73618386162405,60.73618386162405,60.73618386162405,60.73618386162405,60.73618386162405,60.73618386162405,60.73618386162405,60.73618386162405,60.73618386162405,61.698169379085606,61.698169379085606,61.698169379085606
2016-04-12,204.22000122070312,205.9199981689453,14.850000381469728,13.710000038146973,22.32477089707846,-111.53714149844589,58.35574836796849,58.35574836796849,58.35574836796849,58.35574836796849,58.35574836796849,58.35574836796849,58.35574836796849,58.35574836796849,58.35574836796849,58.81292680594499,58.81292680594499,58.81292680594499
2016-04-13,207.0,208.0,13.84000015258789,12.449999809265137,21.99261984518111,-33.21510518973483,-85.53006739813301,-85.53006739813301,90.53485842978371,-85.53006739813301,-85.53006739813301,90.53485842978371,-85.53006739813301,-85.53006739813301,90.53485842978371,-83.2791505777543,-83.2791505777543,98.5682891601092
2016-04-14,208.07000732421875,208.0099945068359,13.720000267028809,12.31999969482422,21.82080901299208,-17.181083218903126,0.1920298060435388,5.831870514252671,5.831870514252671,0.1920298060435388,5.831870514252671,5.831870514252671,0.1920298060435388,5.831870514252671,5.831870514252671,9.881705178411096,7.4459306723796885,7.4459306723796885
2016-04-15,208.0099945068359,207.77999877929688,13.619999885559082,12.199999809265137,21.55777410724601,-26.30349057460677,18.328837183423488,-13.253240423645993,-13.253240423645993,18.328837183423488,-13.253240423645993,-13.253240423645993,18.328837183423488,-13.253240423645993,-13.253240423645993,27.006853671806287,-11.575973495968947,-11.575973495968947
2016-04-18,207.77999877929688,209.2400054931641,13.350000381469728,12.859999656677246,21.869631957233032,31.185784998702104,-146.79453730078023,152.5367162559726,152.5367162559726,-146.79453730078023,152.5367162559726,152.5367162559726,-146.79453730078023,152.5367162559726,152.5367162559726,-138.9644392243038,155.728694141707,155.728694141707
2016-04-19,209.7400054931641,209.8999938964844,13.239999771118164,12.859999656677246,22.064468995760933,19.483703852790057,124.07697458471561,124.07697458471561,124.07697458471561,124.07697458471561,124.07697458471561,124.07697458471561,124.07697458471561,124.07697458471561,124.07697458471561,124.24562995646363,124.24562995646363,124.24562995646363
2016-04-20,209.9499969482422,210.1000061035156,13.279999732971191,12.800000190734863,22.178645279723916,11.41762839629834,122.32993515584978,122.32993515584978,122.32993515584978,122.32993515584978,122.32993515584978,122.32993515584978,122.32993515584978,122.32993515584978,122.32993515584978,122.48303313984403,122.48303313984403,122.48303313984403
2016-04-21,210.1199951171875,208.97000122070312,13.949999809265137,13.18000030517578,22.279430849326346,10.078556960242935,33.85222725775377,33.85222725775377,33.85222725775377,33.85222725775377,33.85222725775377,33.85222725775377,33.85222725775377,33.85222725775377,33.85222725775377,34.08104626377702,34.08104626377702,34.08104626377702
2016-04-22,208.5500030517578,208.97000122070312,13.220000267028809,11.93000030517578,21.436336742888557,-84.3094106437789,-55.99662340088643,67.0454149658597,67.0454149658597,-55.99662340088643,67.0454149658597,67.0454149658597,-55.99662340088643,67.0454149658597,67.0454149658597,-40.22801281132613,67.60594162765169,67.60594162765169
2016-04-25,208.2599945068359,208.61000061035156,14.079999923706056,13.619999885559082,22.088745215636777,65.24084727482204,-46.36028531374274,59.65125197201224,59.65125197201224,-46.36028531374274,59.65125197201224,59.65125197201224,-46.36028531374274,59.65125197201224,59.65125197201224,-29.977166283117572,61.84332428998831,61.84332428998831
2016-04-26,209.0399932861328,208.9199981689453,13.960000038146973,13.5,22.068427675598677,-2.0317540038099935,49.7176675825566,49.7176675825566,49.7176675825566,49.7176675825566,49.7176675825566,49.7176675825566,49.7176675825566,49.7176675825566,49.7176675825566,50.361305249242115,50.361305249242115,50.361305249242115
2016-04-27,208.47000122070312,209.3500061035156,13.770000457763672,12.8100004196167,22.038812078927286,-2.961559667139113,-102.56647715835203,115.74314778051212,115.74314778051212,-102.56647715835203,115.74314778051212,115.74314778051212,-102.56647715835203,115.74314778051212,115.74314778051212,-85.19017895809944,116.82576056320025,116.82576056320025
2016-04-28,208.4600067138672,207.4499969482422,15.220000267028809,14.550000190734863,22.73464280906557,69.58307301382831,82.86409014548005,-62.10454063577537,-62.10454063577537,82.86409014548005,-62.10454063577537,-62.10454063577537,82.86409014548005,-62.10454063577537,-62.10454063577537,106.48031603348967,-59.66158252542552,-59.66158252542552
2016-04-29,206.72000122070312,206.3300018310547,15.699999809265137,14.789999961853027,22.794244008694704,5.960119962913524,73.40608724381482,73.40608724381482,-56.12393674609122,73.40608724381482,73.40608724381482,-56.12393674609122,73.40608724381482,73.40608724381482,-56.12393674609122,77.20751215186138,77.20751215186138,-37.354713194253385
2016-05-02,206.9199981689453,207.97000122070312,14.68000030517578,13.770000457763672,22.176509634463848,-61.77343742308565,-82.91976189456284,-82.91976189456284,93.4961591924292,-82.91976189456284,-82.91976189456284,93.4961591924292,-82.91976189456284,-82.91976189456284,93.4961591924292,-79.48941215121327,-79.48941215121327,105.92341873582505
2016-05-03,206.52000427246097,206.16000366210935,15.600000381469728,15.170000076293944,22.43297231709566,25.646268263181327,81.40697350594775,81.40697350594775,-59.27272801066172,81.40697350594775,81.40697350594775,-59.27272801066172,81.40697350594775,81.40697350594775,-59.27272801066172,84.78963441640789,84.78963441640789,-35.222543662993935
2016-05-04,204.9900054931641,205.0099945068359,16.049999237060547,15.470000267028809,22.497986024710983,6.501370761532144,154.99213635082344,154.99213635082344,154.99213635082344,154.99213635082344,154.99213635082344,154.99213635082344,154.99213635082344,154.99213635082344,154.99213635082344,155.7919118508009,155.7919118508009,155.7919118508009
2016-05-05,205.55999755859375,204.97000122070312,15.90999984741211,15.369999885559082,22.270540280875224,-22.744574383575866,158.83107371587244,158.83107371587244,158.83107371587244,158.83107371587244,158.83107371587244,158.83107371587244,158.83107371587244,158.83107371587244,158.83107371587244,159.96713981866736,159.96713981866736,159.96713981866736
2016-05-06,204.05999755859375,205.72000122070312,14.720000267028809,13.380000114440918,21.095961071308594,-117.45792095666303,81.09156728820959,81.09156728820959,81.09156728820959,81.09156728820959,81.09156728820959,81.09156728820959,81.09156728820959,81.09156728820959,81.09156728820959,81.56633295778774,81.56633295778774,81.56633295778774
2016-05-09,205.57000732421875,205.88999938964844,14.56999969482422,13.859999656677246,20.862870631463146,-23.309043984544786,58.90598551349429,58.90598551349429,58.90598551349429,58.90598551349429,58.90598551349429,58.90598551349429,58.90598551349429,58.90598551349429,58.90598551349429,59.40258600241404,59.40258600241404,59.40258600241404
2016-05-10,206.72000122070312,208.4499969482422,13.630000114440918,12.800000190734863,20.91932192786433,5.64512964011854,-149.21606615072758,-149.21606615072758,158.05896128115114,-149.21606615072758,-149.21606615072758,158.05896128115114,-149.21606615072758,-149.21606615072758,158.05896128115114,-147.51025035792497,-147.51025035792497,170.47610843717626
2016-05-11,207.91000366210935,206.5,14.6899995803833,13.75,21.16601562341448,24.669369555014953,137.56194204765671,-127.56582245989546,-127.56582245989546,137.56194204765671,-127.56582245989546,-127.56582245989546,137.56194204765671,-127.56582245989546,-127.56582245989546,149.10897707394025,-123.834769456741,-123.834769456741
2016-05-12,207.2899932861328,206.55999755859375,14.40999984741211,13.460000038146973,20.830500812250747,-33.55148111637334,83.58413456553866,83.58413456553866,-76.35269774092605,83.58413456553866,83.58413456553866,-76.35269774092605,83.58413456553866,83.58413456553866,-76.35269774092605,88.61481675332905,88.61481675332905,-68.87182883354177
2016-05-13,206.2100067138672,204.7599945068359,15.039999961853027,14.149999618530272,20.80921152096903,-2.1289291281718192,150.5110258868113,150.5110258868113,-151.1626645259188,150.5110258868113,150.5110258868113,-151.1626645259188,150.5110258868113,150.5110258868113,-151.1626645259188,151.99477452990325,151.99477452990325,-148.0056461960137
2016-05-16,204.9600067138672,206.77999877929688,14.68000030517578,13.59000015258789,21.059047978326028,24.983645735699866,-40.823659477292004,-40.823659477292004,-40.823659477292004,-40.823659477292004,-40.823659477292004,-40.823659477292004,-40.823659477292004,-40.823659477292004,-40.823659477292004,-40.59638464136466,-40.59638464136466,-40.59638464136466
2016-05-17,206.4600067138672,204.8500061035156,15.56999969482422,15.109999656677246,21.28581357918803,22.676560086200226,178.86793782516966,178.86793782516966,-170.96919700811313,178.86793782516966,178.86793782516966,-170.96919700811313,178.86793782516966,178.86793782516966,-170.96919700811313,181.9415693845204,181.9415693845204,-160.8444156824825
2016-05-18,204.44000244140625,204.91000366210935,15.949999809265137,15.34000015258789,21.706112887554823,42.02993083667934,150.89467212610086,150.89467212610086,150.89467212610086,150.89467212610086,150.89467212610086,150.89467212610086,150.89467212610086,150.89467212610086,150.89467212610086,151.8081362966063,151.8081362966063,151.8081362966063
2016-05-19,204.05999755859375,204.1999969482422,16.329999923706055,15.279999732971191,21.866986968604394,16.087408104957035,89.536651762655,89.536651762655,89.536651762655,89.536651762655,89.536651762655,89.536651762655,89.536651762655,89.536651762655,89.536651762655,90.86552061026556,90.86552061026556,90.86552061026556
2016-05-20,204.9199981689453,205.4900054931641,15.199999809265137,12.729999542236328,20.957178988451588,-90.98079801528058,79.47576907901879,79.47576907901879,79.47576907901879,79.47576907901879,79.47576907901879,79.47576907901879,79.47576907901879,79.47576907901879,79.47576907901879,79.58401073687445,79.58401073687445,79.58401073687445
2016-05-23,205.5099945068359,205.2100067138672,15.81999969482422,13.600000381469728,21.43076442237583,47.358543392424224,122.93294000901442,122.93294000901442,122.93294000901442,122.93294000901442,122.93294000901442,122.93294000901442,122.93294000901442,122.93294000901442,122.93294000901442,123.3182533202017,123.3182533202017,123.3182533202017
2016-05-24,206.1699981689453,207.8699951171875,14.420000076293944,11.90999984741211,20.913234075141176,-51.75303472346542,-131.30850068841903,-131.30850068841903,145.6253311632713,-131.30850068841903,-131.30850068841903,145.6253311632713,-131.30850068841903,-131.30850068841903,145.6253311632713,-130.92247859246538,-130.92247859246538,164.83629172702123
2016-05-25,208.6699981689453,209.27999877929688,13.899999618530272,11.40999984741211,21.012764114508812,9.953003936763594,-75.92853980869478,87.15036714312792,87.15036714312792,-75.92853980869478,87.15036714312792,87.15036714312792,-75.92853980869478,87.15036714312792,87.15036714312792,-59.73388317766981,87.45748793706103,87.45748793706103
2016-05-26,209.44000244140625,209.33999633789065,13.43000030517578,10.460000038146973,20.5263727471007,-48.63913674081104,49.541508267381865,49.541508267381865,49.541508267381865,49.541508267381865,49.541508267381865,49.541508267381865,49.541508267381865,49.541508267381865,49.541508267381865,49.561771040295376,49.561771040295376,49.561771040295376
2016-05-27,209.52999877929688,210.2400054931641,13.119999885559082,9.770000457763672,20.672445912428223,14.60731653275218,82.22960207774464,82.22960207774464,82.22960207774464,82.22960207774464,82.22960207774464,82.22960207774464,82.22960207774464,82.22960207774464,82.22960207774464,82.23552561441286,82.23552561441286,82.23552561441286
2016-05-31,210.55999755859375,209.83999633789065,14.1899995803833,11.850000381469728,21.345372313445928,67.29264010177047,115.3382285499244,115.3382285499244,115.3382285499244,115.3382285499244,115.3382285499244,115.3382285499244,115.3382285499244,115.3382285499244,115.3382285499244,115.47592287575722,115.47592287575722,115.47592287575722
2016-06-01,209.1199951171875,210.27000427246097,14.199999809265137,11.609999656677246,21.540208562602032,19.48362491561042,110.73441660850273,110.73441660850273,110.73441660850273,110.73441660850273,110.73441660850273,110.73441660850273,110.73441660850273,110.73441660850273,110.73441660850273,110.87703203537028,110.87703203537028,110.87703203537028
2016-06-02,209.8000030517578,210.91000366210935,13.630000114440918,11.010000228881836,21.29864836725205,-24.156019534998308,23.283134534207917,23.283134534207917,23.283134534207917,23.283134534207917,23.283134534207917,23.283134534207917,23.283134534207917,23.283134534207917,23.283134534207917,23.306058340337234,23.306058340337234,23.306058340337234
2016-06-03,210.25,210.27999877929688,13.470000267028809,10.109999656677246,20.75134647425648,-54.730189299557,78.54123043616258,78.54123043616258,78.54123043616258,78.54123043616258,78.54123043616258,78.54123043616258,78.54123043616258,78.54123043616258,78.54123043616258,78.55066604051206,78.55066604051206,78.55066604051206
2016-06-06,210.6999969482422,211.3500061035156,13.649999618530272,11.260000228881836,21.4060856251482,65.47391508917215,-4.572426173113218,-4.572426173113218,-4.572426173113218,-4.572426173113218,-4.572426173113218,-4.572426173113218,-4.572426173113218,-4.572426173113218,-4.572426173113218,-4.465394746492077,-4.465394746492077,-4.465394746492077
2016-06-07,211.52999877929688,211.67999267578125,14.050000190734863,11.5600004196167,21.926513473845496,52.04278486972953,9.677811681729322,9.677811681729322,-1.887097933594648,9.677811681729322,9.677811681729322,-1.887097933594648,9.677811681729322,9.677811681729322,-1.887097933594648,10.410137044123793,10.410137044123793,10.45089148030807
2016-06-08,211.83999633789065,212.3699951171875,14.079999923706056,10.890000343322754,22.316297641208344,38.97841673628477,-39.80545036283844,-39.80545036283844,42.044632995271925,-39.80545036283844,-39.80545036283844,42.044632995271925,-39.80545036283844,-39.80545036283844,42.044632995271925,-38.94684774756285,-38.94684774756285,48.70459339246052
2016-06-09,211.5099945068359,212.0800018310547,14.640000343322754,12.229999542236328,22.620020729866056,30.372308865771203,-27.623656868317823,-27.623656868317823,38.243690022870894,-27.623656868317823,-27.623656868317823,38.243690022870894,-27.623656868317823,-27.623656868317823,38.243690022870894,-26.570989954695023,-26.570989954695023,53.0912278651426
2016-06-10,210.4600067138672,210.07000732421875,17.030000686645508,15.829999923706056,23.89925527057882,127.92345407127641,160.7256260065397,160.7256260065397,160.7256260065397,160.7256260065397,160.7256260065397,160.7256260065397,160.7256260065397,160.7256260065397,160.7256260065397,162.2646396009278,162.2646396009278,162.2646396009278
2016-06-13,209.36000061035156,208.4499969482422,20.969999313354492,22.940000534057617,27.296154032087955,339.6898761509135,75.4524308671418,75.4524308671418,75.4524308671418,75.4524308671418,75.4524308671418,75.4524308671418,75.4524308671418,75.4524308671418,75.4524308671418,88.88673985502695,88.88673985502695,88.88673985502695
2016-06-14,208.0,208.0399932861328,20.5,23.350000381469727,26.563434153329112,-73.27198787588429,-1.5093374399635295,68.48062897207836,68.48062897207836,-1.5093374399635295,68.48062897207836,68.48062897207836,-1.5093374399635295,68.48062897207836,68.48062897207836,46.049549933991266,94.86677836348434,94.86677836348434
2016-06-15,208.0399932861328,207.75,20.13999938964844,22.600000381469727,25.999348689267777,-56.40854640613355,27.914816334322424,34.348502803665525,34.348502803665525,27.914816334322424,34.348502803665525,34.348502803665525,27.914816334322424,34.348502803665525,34.348502803665525,73.47095313064233,57.669700434041516,57.669700434041516
2016-06-16,207.75,208.3699951171875,19.3700008392334,21.88999938964844,25.333410882220043,-66.59378070477331,-48.64479878638799,103.73032311797104,103.73032311797104,-48.64479878638799,103.73032311797104,103.73032311797104,-48.64479878638799,103.73032311797104,103.73032311797104,-12.528090573806525,128.84364841093665,128.84364841093665
2016-06-17,207.1699981689453,206.52000427246097,19.40999984741211,22.0,24.63777270153743,-69.56381806826144,111.77274008842079,111.77274008842079,-56.169491088049185,111.77274008842079,111.77274008842079,-56.169491088049185,111.77274008842079,111.77274008842079,-56.169491088049185,137.5107913240354,137.5107913240354,-20.199668265976968
2016-06-20,208.82000732421875,207.8500061035156,18.3700008392334,22.209999084472656,23.82547069570306,-81.23020058343684,53.863742791087766,19.42995734327926,19.42995734327926,53.863742791087766,19.42995734327926,19.42995734327926,53.863742791087766,19.42995734327926,19.42995734327926,120.25792378719825,33.74294144571704,33.74294144571704
2016-06-21,208.3000030517578,208.44000244140625,18.479999542236328,22.469999313354492,24.121188167492093,29.57174717890325,-29.403279653339908,94.15135666134859,94.15135666134859,-29.403279653339908,94.15135666134859,94.15135666134859,-29.403279653339908,94.15135666134859,94.15135666134859,22.40067867289628,113.89733105034787,113.89733105034787
2016-06-22,208.6499938964844,208.1000061035156,21.170000076293945,27.86000061035156,26.81696078121594,269.57726137238467,23.522341388002154,82.90437436062133,82.90437436062133,23.522341388002154,82.90437436062133,82.90437436062133,23.522341388002154,82.90437436062133,82.90437436062133,107.64645617179224,118.06664947172558,118.06664947172558
2016-06-23,209.80999755859375,210.80999755859375,17.25,21.1299991607666,23.801687701338935,-301.5273079877005,131.4419894818081,131.4419894818081,131.4419894818081,131.4419894818081,131.4419894818081,131.4419894818081,131.4419894818081,131.4419894818081,131.4419894818081,139.6340985536573,139.6340985536573,139.6340985536573
2016-06-24,203.6300048828125,203.2400054931641,25.760000228881836,30.709999084472656,30.361454020767823,655.9766319428888,11.284307409172348,108.42438153720762,108.42438153720762,11.284307409172348,108.42438153720762,108.42438153720762,11.284307409172348,108.42438153720762,108.42438153720762,103.00374576148393,152.66974178279605,152.66974178279605
2016-06-27,201.58999633789065,199.6000061035156,23.850000381469727,25.059999465942383,27.277029908959932,-308.4424111807891,216.58543341822354,216.58543341822354,-178.5873083934732,216.58543341822354,216.58543341822354,-178.5873083934732,216.58543341822354,216.58543341822354,-178.5873083934732,242.17691234375954,242.17691234375954,-158.4614303394733
2016-06-28,201.47999572753903,203.1999969482422,18.75,19.079999923706055,22.248932011864397,-502.80978970955346,-102.15419747888929,-102.15419747888929,144.01099481635126,-102.15419747888929,-102.15419747888929,144.01099481635126,-102.15419747888929,-102.15419747888929,144.01099481635126,-93.52485295929186,-93.52485295929186,182.763192234237
2016-06-29,204.83999633789065,206.66000366210935,16.639999389648438,15.859999656677246,21.048151939082075,-120.07800727823223,-5.928995953602632,-5.928995953602632,-5.928995953602632,-5.928995953602632,-5.928995953602632,-5.928995953602632,-5.928995953602632,-5.928995953602632,-5.928995953602632,-4.944461275246502,-4.944461275246502,-4.944461275246502
2016-06-30,207.2100067138672,209.47999572753903,15.630000114440918,14.050000190734863,21.212369626925565,16.421768784348956,-212.58117591855907,-212.58117591855907,222.42427234849504,-212.58117591855907,-212.58117591855907,222.42427234849504,-212.58117591855907,-212.58117591855907,222.42427234849504,-207.08619398829225,-207.08619398829225,232.05360052747474
2016-07-01,209.47999572753903,209.9199981689453,14.770000457763672,11.850000381469728,20.568540335889104,-64.38292910364609,120.20951223872346,120.20951223872346,120.20951223872346,120.20951223872346,120.20951223872346,120.20951223872346,120.20951223872346,120.20951223872346,120.20951223872346,120.29916562496852,120.29916562496852,120.29916562496852
2016-07-05,208.9499969482422,208.41000366210935,15.579999923706056,14.1899995803833,20.410211305666742,-15.832903022236167,22.109078344277336,8.21590954677223,8.21590954677223,22.109078344277336,8.21590954677223,8.21590954677223,22.109078344277336,8.21590954677223,8.21590954677223,56.680503717593275,9.287284908004613,9.287284908004613
2016-07-06,207.8300018310547,209.66000366210935,14.960000038146973,13.18000030517578,20.375309710292413,-3.490159537432902,-184.7231855451035,191.91907464869476,191.91907464869476,-184.7231855451035,191.91907464869476,191.91907464869476,-184.7231855451035,191.91907464869476,191.91907464869476,-175.61435092752203,195.2864790796866,195.2864790796866
2016-07-07,209.8699951171875,209.52999877929688,14.760000228881836,13.109999656677246,20.076004849302088,-29.93048609903255,88.73796857668233,88.73796857668233,88.73796857668233,88.73796857668233,88.73796857668233,88.73796857668233,88.73796857668233,88.73796857668233,88.73796857668233,88.9369992197029,88.9369992197029,88.9369992197029
2016-07-08,211.0500030517578,212.6499938964844,13.199999809265137,11.43000030517578,20.496238921128345,42.02340718262576,-117.28564154911994,-117.28564154911994,133.38646578538913,-117.28564154911994,-117.28564154911994,133.38646578538913,-117.28564154911994,-117.28564154911994,133.38646578538913,-117.0245599624915,-117.0245599624915,154.5063805747955
2016-07-11,213.19000244140625,213.3999938964844,13.539999961853027,12.229999542236328,21.11841421801266,62.21752968843148,-29.17389426349175,37.21044007692649,37.21044007692649,-29.17389426349175,37.21044007692649,37.21044007692649,-29.17389426349175,37.21044007692649,37.21044007692649,-17.32764851506785,38.681012761349876,38.681012761349876
2016-07-12,214.52999877929688,214.9499969482422,13.550000190734863,12.25,22.12747794722835,100.90637292156899,129.01219113807127,129.01219113807127,129.01219113807127,129.01219113807127,129.01219113807127,129.01219113807127,129.01219113807127,129.01219113807127,129.01219113807127,129.16925583624774,129.16925583624774,129.16925583624774
2016-07-13,215.44000244140625,214.9199981689453,13.039999961853027,11.109999656677246,21.712962411367776,-41.451553586057344,115.40794811373586,115.40794811373586,115.40794811373586,115.40794811373586,115.40794811373586,115.40794811373586,115.40794811373586,115.40794811373586,115.40794811373586,115.47688640344352,115.47688640344352,115.47688640344352
2016-07-14,216.3999938964844,216.1199951171875,12.81999969482422,10.93000030517578,22.40329694601025,69.03345346424743,54.77232574348838,54.77232574348838,-46.40748029205024,54.77232574348838,54.77232574348838,-46.40748029205024,54.77232574348838,54.77232574348838,-46.40748029205024,55.215360792937496,55.215360792937496,-33.2061316040466
2016-07-15,216.77999877929688,215.8300018310547,12.670000076293944,10.260000228881836,22.056192033835103,-34.71049121751477,107.9237144170253,107.9237144170253,-106.26813083947744,107.9237144170253,107.9237144170253,-106.26813083947744,107.9237144170253,107.9237144170253,-106.26813083947744,108.50982541494722,108.50982541494722,-99.91928926137291
2016-07-18,215.97000122070312,216.41000366210935,12.4399995803833,10.989999771118164,22.24423605505524,18.80440212201364,1.2203689783234073,1.2203689783234073,1.2203689783234073,1.2203689783234073,1.2203689783234073,1.2203689783234073,1.2203689783234073,1.2203689783234073,1.2203689783234073,1.4107858764771186,1.4107858764771186,1.4107858764771186
2016-07-19,215.9199981689453,216.19000244140625,11.970000267028809,11.020000457763672,21.772372877227017,-47.18631778282223,21.046744880530888,21.046744880530888,21.046744880530888,21.046744880530888,21.046744880530888,21.046744880530888,21.046744880530888,21.046744880530888,21.046744880530888,21.222398688104583,21.222398688104583,21.222398688104583
2016-07-20,216.19000244140625,217.08999633789065,11.770000457763672,10.43000030517578,22.34550127432245,57.31283970954344,-59.011939140104715,-59.011939140104715,69.10152444830356,-59.011939140104715,-59.011939140104715,69.10152444830356,-59.011939140104715,-59.011939140104715,69.10152444830356,-58.82414853299929,-58.82414853299929,84.28280459363296
2016-07-21,216.9600067138672,216.27000427246097,12.739999771118164,11.5,22.20007244033319,-14.542883398926065,83.08963515200668,83.08963515200668,-79.09849207997453,83.08963515200668,83.08963515200668,-79.09849207997453,83.08963515200668,83.08963515200668,-79.09849207997453,84.84444041215998,84.84444041215998,-71.58269097046872
2016-07-22,216.41000366210935,217.2400054931641,12.020000457763672,10.220000267028809,22.523057963043204,32.29855227100131,-61.01450402524162,-61.01450402524162,66.7052838450837,-61.01450402524162,-61.01450402524162,66.7052838450837,-61.01450402524162,-61.01450402524162,66.7052838450837,-60.75878073005894,-60.75878073005894,77.41973522144481
2016-07-25,217.0,216.6499938964844,12.869999885559082,11.93000030517578,22.411179622374476,-11.187834066872782,49.815630534286434,49.815630534286434,-44.62958119000595,49.815630534286434,49.815630534286434,-44.62958119000595,49.815630534286434,49.815630534286434,-44.62958119000595,52.12528976924411,52.12528976924411,-36.4736113288713
2016-07-26,216.52999877929688,216.75,13.050000190734863,11.979999542236328,22.552026843090882,14.084722071640599,6.927666711186079,6.927666711186079,3.5127131062621575,6.927666711186079,6.927666711186079,3.5127131062621575,6.927666711186079,6.927666711186079,3.5127131062621575,8.036781997555645,8.036781997555645,18.12415178898552
2016-07-27,217.19000244140625,216.52000427246097,12.829999923706056,11.609999656677246,22.212328493868863,-33.96983492220187,76.53688758122271,76.53688758122271,-73.43902770620791,76.53688758122271,76.53688758122271,-73.43902770620791,76.53688758122271,76.53688758122271,-73.43902770620791,79.21355568209768,79.21355568209768,-67.73839501103734
2016-07-28,216.2899932861328,216.77000427246097,12.720000267028809,11.789999961853027,22.304716577231,9.238808336213822,-11.125151671900687,-11.125151671900687,24.85207832677563,-11.125151671900687,-11.125151671900687,24.85207832677563,-11.125151671900687,-11.125151671900687,24.85207832677563,-10.473927151467509,-10.473927151467509,43.20829692820845
2016-07-29,216.4600067138672,217.1199951171875,11.869999885559082,10.010000228881836,22.106553869915075,-19.816270731592667,-46.699651944173006,-46.699651944173006,51.02048393172376,-46.699651944173006,-46.699651944173006,51.02048393172376,-46.699651944173006,-46.699651944173006,51.02048393172376,-46.46175485998882,-46.46175485998882,60.382795260770884
2016-08-01,217.19000244140625,216.94000244140625,12.4399995803833,11.100000381469728,22.138693461052988,3.213959113791276,33.15046938461654,33.15046938461654,-31.615559412521655,33.15046938461654,33.15046938461654,-31.615559412521655,33.15046938461654,33.15046938461654,-31.615559412521655,35.247324093156806,35.247324093156806,-26.8981194550445
2016-08-02,216.6499938964844,215.5500030517578,13.369999885559082,12.350000381469728,21.567742151334443,-57.0951309718545,136.98347121669016,136.98347121669016,-126.71951007348562,136.98347121669016,136.98347121669016,-126.71951007348562,136.98347121669016,136.98347121669016,-126.71951007348562,138.62308885907282,138.62308885907282,-112.81473806752774
2016-08-03,215.47999572753903,216.17999267578125,12.859999656677246,11.289999961853027,21.69863873103345,13.08965796990087,8.26559131235012,8.26559131235012,8.26559131235012,8.26559131235012,8.26559131235012,8.26559131235012,8.26559131235012,8.26559131235012,8.26559131235012,8.355382186945695,8.355382186945695,8.355382186945695
2016-08-04,216.30999755859375,216.41000366210935,12.420000076293944,10.800000190734863,21.600061381997005,-9.857734903644655,19.08091841395132,19.08091841395132,-9.725702800877764,19.08091841395132,19.08091841395132,-9.725702800877764,19.08091841395132,19.08091841395132,-9.725702800877764,19.414513390662158,19.414513390662158,4.5754610738004935
2016-08-05,216.41000366210935,218.17999267578125,11.390000343322754,9.18000030517578,22.542258741498067,94.2197359501062,-161.0270906765494,-161.0270906765494,163.4631584003149,-161.0270906765494,-161.0270906765494,163.4631584003149,-161.0270906765494,-161.0270906765494,163.4631584003149,-160.93659816931387,-160.93659816931387,171.08809430423315
2016-08-08,218.3999938964844,218.0500030517578,11.5,10.100000381469728,22.376041401867823,-16.621733963024354,27.225170932458976,-23.06604105108014,-23.06604105108014,27.225170932458976,-23.06604105108014,-23.06604105108014,27.225170932458976,-23.06604105108014,-23.06604105108014,36.379595266409595,-22.781931250258403,-22.781931250258403
2016-08-09,218.1300048828125,218.17999267578125,11.65999984741211,10.489999771118164,22.516274745518558,14.023334365073481,-9.88633891094188,12.338764563732799,12.338764563732799,-9.88633891094188,12.338764563732799,12.338764563732799,-9.88633891094188,12.338764563732799,12.338764563732799,-2.831834750573201,13.0160888696244,13.0160888696244
2016-08-10,218.30999755859375,217.63999938964844,12.050000190734863,10.68000030517578,22.192945919886203,-32.33288256323554,59.224770617598544,-54.28976927217646,-54.28976927217646,59.224770617598544,-54.28976927217646,-54.28976927217646,59.224770617598544,-54.28976927217646,-54.28976927217646,68.89679409293697,-53.74730852993257,-53.74730852993257
2016-08-11,218.2599945068359,218.6499938964844,11.68000030517578,9.739999771118164,22.857760412207593,66.48144923213906,-44.16328451721079,45.71338472584241,45.71338472584241,-44.16328451721079,45.71338472584241,45.71338472584241,-44.16328451721079,45.71338472584241,45.71338472584241,-37.61839097702373,45.99796067748139,45.99796067748139
2016-08-12,218.2899932861328,218.4600067138672,11.550000190734863,9.539999961853027,22.613115544126934,-24.4644868080659,-22.108232535988858,23.410679682057925,23.410679682057925,-22.108232535988858,23.410679682057925,23.410679682057925,-22.108232535988858,23.410679682057925,23.410679682057925,-15.747258367858905,23.6315181355941,23.6315181355941
2016-08-15,218.88999938964844,219.08999633789065,11.8100004196167,9.720000267028809,23.151196047104527,53.80805029775928,-35.213588365065114,46.13914807629376,46.13914807629376,-35.213588365065114,46.13914807629376,46.13914807629376,-35.213588365065114,46.13914807629376,46.13914807629376,-19.068238659282265,46.19882584879447,46.19882584879447
2016-08-16,218.6000061035156,217.9600067138672,12.640000343322754,10.869999885559082,22.498523908787597,-65.26721383169303,50.68072269566508,-40.782437191567865,-40.782437191567865,50.68072269566508,-40.782437191567865,-40.782437191567865,50.68072269566508,-40.782437191567865,-40.782437191567865,65.50954774110636,-40.43316043528436,-40.43316043528436
2016-08-17,218.0,218.3699951171875,12.1899995803833,10.760000228881836,22.61308484791097,11.456093912337195,-40.53424356288355,42.71293771933593,42.71293771933593,-40.53424356288355,42.71293771933593,42.71293771933593,-40.53424356288355,42.71293771933593,42.71293771933593,-34.113172029994196,43.74997169707673,43.74997169707673
2016-08-18,218.33999633789065,218.86000061035156,11.43000030517578,9.899999618530272,22.72199202582523,10.890717791426141,-58.4834268305382,61.31863831982347,61.31863831982347,-58.4834268305382,61.31863831982347,61.31863831982347,-58.4834268305382,61.31863831982347,61.31863831982347,-50.64191160011793,61.591715389348884,61.591715389348884
2016-08-19,218.30999755859375,218.5399932861328,11.34000015258789,9.399999618530272,22.38018236316685,-34.18096626583811,-28.04205993769775,29.16865773390758,29.16865773390758,-28.04205993769775,29.16865773390758,29.16865773390758,-28.04205993769775,29.16865773390758,29.16865773390758,-21.819785562446746,29.35234472808519,29.35234472808519
2016-08-22,218.2599945068359,218.52999877929688,12.270000457763672,10.949999809265137,22.60325697675349,22.30746135866397,-34.55379424479712,39.80145682436449,39.80145682436449,-34.55379424479712,39.80145682436449,39.80145682436449,-34.55379424479712,39.80145682436449,39.80145682436449,-24.74724287969885,40.52211123584599,40.52211123584599
2016-08-23,219.25,218.97000122070312,12.380000114440918,11.369999885559082,22.982973812392057,37.97168356385683,32.50737980262459,32.50737980262459,32.50737980262459,32.50737980262459,32.50737980262459,32.50737980262459,32.50737980262459,32.50737980262459,32.50737980262459,32.65126973183279,32.65126973183279,32.65126973183279
2016-08-24,218.8000030517578,217.8500061035156,13.449999809265137,12.670000076293944,22.46816635692505,-51.480745546700746,70.91631681066593,-48.879637588214564,-48.879637588214564,70.91631681066593,-48.879637588214564,-48.879637588214564,70.91631681066593,-48.879637588214564,-48.879637588214564,97.4218944356898,-48.05800966865592,-48.05800966865592
2016-08-25,217.3999938964844,217.6999969482422,13.630000114440918,12.770000457763672,22.39267617934331,-7.549017758173804,-22.093980961737245,-22.093980961737245,28.862420114400035,-22.093980961737245,-22.093980961737245,28.862420114400035,-22.093980961737245,-22.093980961737245,28.862420114400035,-16.426513010411647,-16.426513010411647,35.24343182534337
2016-08-26,217.9199981689453,217.2899932861328,13.649999618530272,12.100000381469728,22.03841419487591,-35.42619844674029,59.75133713949996,-53.73610644068327,-53.73610644068327,59.75133713949996,-53.73610644068327,-53.73610644068327,59.75133713949996,-53.73610644068327,-53.73610644068327,68.63476175946842,-51.32437438285316,-51.32437438285316
2016-08-29,217.44000244140625,218.36000061035156,12.9399995803833,11.140000343322754,22.46772312512693,42.93089302510218,-87.83335685044361,-87.83335685044361,89.03575843178658,-87.83335685044361,-87.83335685044361,89.03575843178658,-87.83335685044361,-87.83335685044361,89.03575843178658,-84.63018863398794,-84.63018863398794,92.31437789466062
2016-08-30,218.2599945068359,218.0,13.119999885559082,11.210000038146973,22.206524178602763,-26.119894652416775,17.940822608291086,-11.792479738483294,-11.792479738483294,17.940822608291086,-11.792479738483294,-11.792479738483294,17.940822608291086,-11.792479738483294,-11.792479738483294,28.516207832918397,-10.939857357965607,-10.939857357965607
2016-08-31,217.61000061035156,217.3800048828125,13.420000076293944,11.640000343322754,21.796103633464146,-41.042054513861714,25.03670738247206,-22.121442876509544,-22.121442876509544,25.03670738247206,-22.121442876509544,-22.121442876509544,25.03670738247206,-22.121442876509544,-22.121442876509544,30.09154346965601,-18.981543680896237,-18.981543680896237
2016-09-01,217.3699951171875,217.38999938964844,13.479999542236328,11.890000343322754,21.790157388319255,-0.5946245144890838,4.686182600471136,4.686182600471136,-1.1067398582998078,4.686182600471136,4.686182600471136,-1.1067398582998078,4.686182600471136,4.686182600471136,-1.1067398582998078,8.634043482510714,8.634043482510714,3.804335801086658
2016-09-02,218.38999938964844,218.3699951171875,11.979999542236328,9.100000381469728,21.97921349413666,18.905610581740362,-3.2765676681357747,4.414236314810706,4.414236314810706,-3.2765676681357747,4.414236314810706,4.414236314810706,-3.2765676681357747,4.414236314810706,4.414236314810706,3.0312572357699596,4.523441474340142,4.523441474340142
2016-09-06,218.6999969482422,219.02999877929688,12.020000457763672,9.979999542236328,22.43049459045035,45.128109631369284,-45.34456238545304,53.602854842435185,53.602854842435185,-45.34456238545304,53.602854842435185,53.602854842435185,-45.34456238545304,53.602854842435185,53.602854842435185,-31.933892818385722,53.72993715020274,53.72993715020274
2016-09-07,218.83999633789065,219.0099945068359,11.9399995803833,9.800000190734863,22.355431575164154,-7.50630152861973,-31.459210551388693,41.67422526424527,41.67422526424527,-31.459210551388693,41.67422526424527,41.67422526424527,-31.459210551388693,41.67422526424527,41.67422526424527,-16.03905767554521,41.748555477857096,41.748555477857096
2016-09-08,218.6199951171875,218.5099945068359,12.510000228881836,10.989999771118164,22.06548160737098,-28.99499677931736,-3.0948746558593787,13.824868690580486,13.824868690580486,-3.0948746558593787,13.824868690580486,13.824868690580486,-3.0948746558593787,13.824868690580486,13.824868690580486,12.546946398884476,14.193006514390197,14.193006514390197
2016-09-09,216.97000122070312,213.27999877929688,17.5,18.780000686645508,20.839839330056314,-122.5642277314666,72.96596475115707,72.96596475115707,-203.20609913711618,72.96596475115707,72.96596475115707,-203.20609913711618,72.96596475115707,72.96596475115707,-203.20609913711618,88.86067537169396,88.86067537169396,-343.7704710412294
2016-09-12,212.38999938964844,216.33999633789065,15.15999984741211,16.030000686645508,21.299825440155868,45.998611009955326,-245.31832619079086,-245.31832619079086,131.88264189516528,-245.31832619079086,-245.31832619079086,131.88264189516528,-245.31832619079086,-245.31832619079086,131.88264189516528,-367.0617587091561,-367.0617587091561,145.49534879995207
2016-09-13,214.83999633789065,213.22999572753903,17.850000381469727,19.549999237060547,20.791144364265463,-50.868107589040434,25.773668924215954,25.773668924215954,25.773668924215954,25.773668924215954,25.773668924215954,25.773668924215954,25.773668924215954,25.773668924215954,25.773668924215954,31.795415460007902,31.795415460007902,31.795415460007902
2016-09-14,213.2899932861328,213.1499938964844,18.13999938964844,19.3799991607666,20.874177882920968,8.303351865550468,-2.3082245761290676,49.82711538201021,49.82711538201021,-2.3082245761290676,49.82711538201021,49.82711538201021,-2.3082245761290676,49.82711538201021,49.82711538201021,38.45751601489076,62.388565576046,62.388565576046
2016-09-15,212.9600067138672,215.27999877929688,16.299999237060547,17.0,21.006974440143466,13.279655722249828,-207.66241121182776,208.19822017063802,208.19822017063802,-207.66241121182776,208.19822017063802,208.19822017063802,-207.66241121182776,208.19822017063802,208.19822017063802,-211.66776895358873,218.11042355289032,218.11042355289032
2016-09-16,213.47999572753903,213.3699951171875,15.369999885559082,15.270000457763672,19.1278075621248,-187.91668780186654,-9.668357555296556,36.2427383997267,36.2427383997267,-9.668357555296556,36.2427383997267,36.2427383997267,-9.668357555296556,36.2427383997267,36.2427383997267,18.684131691521767,39.79801471363815,39.79801471363815
2016-09-19,214.1300048828125,213.41000366210935,15.529999732971191,16.309999465942383,19.08162866335055,-4.617889877425085,24.125978516403148,24.125978516403148,24.125978516403148,24.125978516403148,24.125978516403148,24.125978516403148,24.125978516403148,24.125978516403148,24.125978516403148,26.774978473319845,26.774978473319845,26.774978473319845
2016-09-20,214.41000366210935,213.4199981689453,15.920000076293944,17.219999313354492,19.259382172972174,17.775350962162406,27.405678921400135,27.405678921400135,27.405678921400135,27.405678921400135,27.405678921400135,27.405678921400135,27.405678921400135,27.405678921400135,27.405678921400135,30.480915451278243,30.480915451278243,30.480915451278243
2016-09-21,214.2400054931641,215.82000732421875,13.300000190734863,12.829999923706056,19.62361652486697,36.42343518947975,65.35628386059818,65.35628386059818,65.35628386059818,65.35628386059818,65.35628386059818,65.35628386059818,65.35628386059818,65.35628386059818,65.35628386059818,65.7331216652643,65.7331216652643,65.7331216652643
2016-09-22,217.0,217.17999267578125,12.020000457763672,10.789999961853027,20.259641997894377,63.602547302740575,-7.347218004762343,-7.347218004762343,8.895922691364014,-7.347218004762343,-7.347218004762343,8.895922691364014,-7.347218004762343,-7.347218004762343,8.895922691364014,-6.075027020454879,-6.075027020454879,14.451814071943959
2016-09-23,216.72000122070312,215.9900054931641,12.289999961853027,11.390000343322754,19.297109563575624,-96.25324343187529,92.63233512802572,92.63233512802572,-86.85745311869317,92.63233512802572,92.63233512802572,-86.85745311869317,92.63233512802572,92.63233512802572,-86.85745311869317,93.72860010516658,93.72860010516658,-76.89931178249029
2016-09-26,215.02000427246097,214.2400054931641,14.5,15.670000076293944,18.7299663034791,-56.71432600965254,89.45157911334049,89.45157911334049,89.45157911334049,89.45157911334049,89.45157911334049,89.45157911334049,89.45157911334049,89.45157911334049,89.45157911334049,90.78445042567049,90.78445042567049,90.78445042567049
2016-09-27,214.0500030517578,215.57000732421875,13.100000381469728,12.800000190734863,19.087191332449525,35.722502897042574,96.81370050100978,96.81370050100978,96.81370050100978,96.81370050100978,96.81370050100978,96.81370050100978,96.81370050100978,96.81370050100978,96.81370050100978,97.31111917741273,97.31111917741273,97.31111917741273
2016-09-28,215.8300018310547,216.63999938964844,12.390000343322754,11.720000267028809,19.687142516697875,59.99511842483507,-21.6930705264593,-21.6930705264593,-21.6930705264593,-21.6930705264593,-21.6930705264593,-21.6930705264593,-21.6930705264593,-21.6930705264593,-21.6930705264593,-21.43090290105287,-21.43090290105287,-21.43090290105287
2016-09-29,216.3999938964844,214.67999267578125,14.020000457763672,14.710000038146973,18.68295753588641,-100.41849808114662,161.05069846308803,161.05069846308803,-167.48193790434624,161.05069846308803,161.05069846308803,-167.48193790434624,161.05069846308803,161.05069846308803,-167.48193790434624,164.24263614850508,164.24263614850508,-171.79554669070438
2016-09-30,215.6499938964844,216.3000030517578,13.289999961853027,12.369999885559082,19.6237590085962,94.080147270979,11.93119430513803,11.93119430513803,11.93119430513803,11.93119430513803,11.93119430513803,11.93119430513803,11.93119430513803,11.93119430513803,11.93119430513803,12.24203562823383,12.24203562823383,12.24203562823383
2016-10-03,215.82000732421875,215.77999877929688,13.56999969482422,13.0,19.17314716408127,-45.061184451492764,75.69536785705654,75.69536785705654,75.69536785705654,75.69536785705654,75.69536785705654,75.69536785705654,75.69536785705654,75.69536785705654,75.69536785705654,76.32369123909127,76.32369123909127,76.32369123909127
2016-10-04,215.91000366210935,214.67999267578125,13.630000114440918,12.949999809265137,18.27986218863335,-89.32849754479228,124.68468351143939,124.68468351143939,124.68468351143939,124.68468351143939,124.68468351143939,124.68468351143939,124.68468351143939,124.68468351143939,124.68468351143939,125.38676616470772,125.38676616470772,125.38676616470772
2016-10-05,215.41000366210935,215.6300048828125,12.989999771118164,12.029999732971191,23.04525897373742,473.93967851040696,69.15073774736638,69.15073774736638,69.15073774736638,69.15073774736638,69.15073774736638,69.15073774736638,69.15073774736638,69.15073774736638,69.15073774736638,69.30885969650822,69.30885969650822,69.30885969650822
2016-10-06,215.3699951171875,215.77999877929688,12.84000015258789,11.470000267028809,22.82065524013153,-22.460373360588903,47.52512590874258,47.52512590874258,47.52512590874258,47.52512590874258,47.52512590874258,47.52512590874258,47.52512590874258,47.52512590874258,47.52512590874258,47.61253977378976,47.61253977378976,47.61253977378976
2016-10-07,216.1000061035156,215.0399932861328,13.479999542236328,11.470000267028809,23.585992292017693,76.53370518861635,148.8583308407012,148.8583308407012,-132.56950088451705,148.8583308407012,148.8583308407012,-132.56950088451705,148.8583308407012,148.8583308407012,-132.56950088451705,149.22381708123666,149.22381708123666,-111.36562224896213
2016-10-10,216.16000366210935,216.16000366210935,13.380000114440918,10.8100004196167,23.6599173083749,7.392501635720805,35.02644352672919,35.02644352672919,-22.8317954188334,35.02644352672919,35.02644352672919,-22.8317954188334,35.02644352672919,35.02644352672919,-22.8317954188334,35.27151530851551,35.27151530851551,-5.602555863508771
2016-10-11,215.66000366210935,213.42999267578125,15.359999656677246,13.34000015258789,26.067793861689523,240.78765533146225,-5.349805167376795,-5.349805167376795,-5.349805167376795,-5.349805167376795,-5.349805167376795,-5.349805167376795,-5.349805167376795,-5.349805167376795,-5.349805167376795,-4.739974869688844,-4.739974869688844,-4.739974869688844
2016-10-12,213.58999633789065,213.7100067138672,15.90999984741211,13.15999984741211,26.98464122816722,91.68473664776968,-31.08745827334578,49.38106685279469,49.38106685279469,-31.08745827334578,49.38106685279469,49.38106685279469,-31.08745827334578,49.38106685279469,49.38106685279469,-8.768530118274029,50.64380001860205,50.64380001860205
2016-10-13,212.16000366210935,213.0099945068359,16.690000534057617,14.06999969482422,28.058217965415807,107.35767372485867,-67.83937870372561,-67.83937870372561,79.43245464539935,-67.83937870372561,-67.83937870372561,79.43245464539935,-67.83937870372561,-67.83937870372561,79.43245464539935,-62.06412341644765,-62.06412341644765,90.53273434902665
2016-10-14,214.1499938964844,213.1199951171875,16.1200008392334,12.9399995803833,27.117833423599805,-94.03845418160017,-36.60616397809109,-36.60616397809109,-36.60616397809109,-36.60616397809109,-36.60616397809109,-36.60616397809109,-36.60616397809109,-36.60616397809109,-36.60616397809109,-36.14007713585401,-36.14007713585401,-36.14007713585401
2016-10-17,213.08999633789065,212.3800048828125,16.209999084472656,13.8100004196167,26.9971135847523,-12.071983884750637,63.21419602195515,-49.82014024814034,-49.82014024814034,63.21419602195515,-49.82014024814034,-49.82014024814034,63.21419602195515,-49.82014024814034,-49.82014024814034,78.50067568779039,-46.427056803483715,-46.427056803483715
2016-10-18,214.2400054931641,213.7100067138672,15.279999732971191,12.449999809265137,25.741800739292785,-125.5312845459514,14.703732758083857,14.703732758083857,14.703732758083857,14.703732758083857,14.703732758083857,14.703732758083857,14.703732758083857,14.703732758083857,14.703732758083857,14.989430762988468,14.989430762988468,14.989430762988468
2016-10-19,214.02000427246097,214.27999877929688,14.40999984741211,11.970000267028809,24.450511431759068,-129.12893075337166,75.61411602726501,75.61411602726501,75.61411602726501,75.61411602726501,75.61411602726501,75.61411602726501,75.61411602726501,75.61411602726501,75.61411602726501,75.90627685382917,75.90627685382917,75.90627685382917
2016-10-20,213.8699951171875,213.8800048828125,13.75,11.06999969482422,23.265204763621924,-118.53066681371445,-20.086727493141176,35.193670951741176,35.193670951741176,-20.086727493141176,35.193670951741176,35.193670951741176,-20.086727493141176,35.193670951741176,35.193670951741176,0.11009816546841078,35.384094825070235,35.384094825070235
2016-10-21,213.8800048828125,213.97999572753903,13.34000015258789,10.68000030517578,22.604898316516667,-66.03064471052562,-27.838054699724132,41.52154254286269,41.52154254286269,-27.838054699724132,41.52154254286269,41.52154254286269,-27.838054699724132,41.52154254286269,41.52154254286269,-9.005638834657168,41.6524579921197,41.6524579921197
2016-10-24,215.0,214.88999938964844,13.020000457763672,11.350000381469728,22.241899993327408,-36.29983231892595,109.02410104447078,109.02410104447078,109.02410104447078,109.02410104447078,109.02410104447078,109.02410104447078,109.02410104447078,109.02410104447078,109.02410104447078,109.07202254142584,109.07202254142584,109.07202254142584
2016-10-25,214.67999267578125,214.1699981689453,13.460000038146973,11.899999618530272,22.70681001920798,46.49100258805703,44.81308565893853,44.81308565893853,44.81308565893853,44.81308565893853,44.81308565893853,44.81308565893853,44.81308565893853,44.81308565893853,44.81308565893853,44.90832025110145,44.90832025110145,44.90832025110145
2016-10-26,213.2100067138672,213.7400054931641,14.239999771118164,12.579999923706056,23.79881685563339,109.20068364254121,-62.096439266644516,71.7287941812186,71.7287941812186,-62.096439266644516,71.7287941812186,71.7287941812186,-62.096439266644516,71.7287941812186,71.7287941812186,-48.87928181406009,73.424986169716,73.424986169716
2016-10-27,214.5800018310547,213.1699981689453,15.359999656677246,14.59000015258789,25.411949920886713,161.31330652533222,-25.90694553207011,-25.90694553207011,-25.90694553207011,-25.90694553207011,-25.90694553207011,-25.90694553207011,-25.90694553207011,-25.90694553207011,-25.90694553207011,-25.10316934246857,-25.10316934246857,-25.10316934246857
2016-10-28,213.13999938964844,212.5399932861328,16.190000534057617,16.690000534057617,26.567110439875464,115.5160518988751,49.58585761393015,-20.755202821893025,-20.755202821893025,49.58585761393015,-20.755202821893025,-20.755202821893025,49.58585761393015,-20.755202821893025,-20.755202821893025,76.01962162620265,-12.986063624964192,-12.986063624964192
2016-10-31,212.92999267578125,212.5500030517578,17.059999465942383,20.190000534057617,27.832284755973234,126.51743160977702,39.59382513336849,8.746919425451452,8.746919425451452,39.59382513336849,8.746919425451452,8.746919425451452,39.59382513336849,8.746919425451452,8.746919425451452,75.03579874773386,27.49084197579428,27.49084197579428
2016-11-01,212.92999267578125,211.0099945068359,18.559999465942383,22.86000061035156,29.913439233109088,208.1154477135854,198.715855714603,-131.96206688514118,-131.96206688514118,198.715855714603,-131.96206688514118,-131.96206688514118,198.715855714603,-131.96206688514118,-131.96206688514118,244.818188480273,-104.36498254300949,-104.36498254300949
2016-11-02,210.6499938964844,209.7400054931641,19.31999969482422,24.15999984741211,30.90073129317649,98.72920600674036,214.27732943837412,214.27732943837412,214.27732943837412,214.27732943837412,214.27732943837412,214.27732943837412,214.27732943837412,214.27732943837412,214.27732943837412,232.33882328051658,232.33882328051658,232.33882328051658
2016-11-03,209.9900054931641,208.77999877929688,22.079999923706055,27.899999618530273,35.1148047587055,421.4073465529012,139.94968672165732,139.94968672165732,139.94968672165732,139.94968672165732,139.94968672165732,139.94968672165732,139.94968672165732,139.94968672165732,139.94968672165732,169.08032216993496,169.08032216993496,169.08032216993496
2016-11-04,208.91000366210935,208.5500030517578,22.510000228881836,28.81999969482422,35.717983577272406,60.31788185669029,-12.078438249427911,129.45125727063757,129.45125727063757,-12.078438249427911,129.45125727063757,129.45125727063757,-12.078438249427911,129.45125727063757,129.45125727063757,84.06718504937139,166.17844210354704,166.17844210354704
2016-11-07,208.5500030517578,213.1499938964844,18.709999084472656,24.670000076293945,30.252133692984472,-546.5849884287934,-172.89484994854305,-58.48671035535127,-58.48671035535127,-172.89484994854305,-58.48671035535127,-58.48671035535127,-172.89484994854305,-58.48671035535127,-58.48671035535127,-419.7351081589112,-34.24964364580283,-34.24964364580283
2016-11-08,212.69000244140625,214.11000061035156,18.739999771118164,25.309999465942383,30.448162327272627,19.602863428815454,-114.03078189981099,196.78269935485048,196.78269935485048,-114.03078189981099,196.78269935485048,196.78269935485048,-114.03078189981099,196.78269935485048,196.78269935485048,-63.61646482671996,237.69990910763588,237.69990910763588
2016-11-09,212.3699951171875,216.3800048828125,14.380000114440918,15.359999656677246,24.204519899137438,-624.3642428135189,-248.5441127585321,-248.5441127585321,127.61963533555866,-248.5441127585321,-248.5441127585321,127.61963533555866,-248.5441127585321,-248.5441127585321,127.61963533555866,-376.2098447295914,-376.2098447295914,139.6534448703924
2016-11-10,217.3000030517578,216.9199981689453,14.739999771118164,14.119999885559082,24.877372606000705,67.28527068632673,52.154672662501575,52.154672662501575,-39.35550729855503,52.154672662501575,52.154672662501575,-39.35550729855503,52.154672662501575,52.154672662501575,-39.35550729855503,59.762376441678256,59.762376441678256,-28.87997243387941
2016-11-11,216.0800018310547,216.4199981689453,14.170000076293944,12.84000015258789,23.821382777971635,-105.59898280290696,21.105888940363716,21.105888940363716,2.038223016714704,21.105888940363716,21.105888940363716,2.038223016714704,21.105888940363716,21.105888940363716,2.038223016714704,21.96824301517153,21.96824301517153,29.60765680917683
2016-11-14,217.02999877929688,216.58999633789065,14.479999542236328,12.510000228881836,24.229476624696133,40.80938467244977,60.3075747836064,60.3075747836064,-53.1692676404077,60.3075747836064,60.3075747836064,-53.1692676404077,60.3075747836064,60.3075747836064,-53.1692676404077,63.42167333607811,63.42167333607811,-43.86511900083156
2016-11-15,217.0399932861328,218.27999877929688,13.369999885559082,10.640000343322754,23.08560199723064,-114.38746274654932,-114.56364572315964,-114.56364572315964,115.47513542672706,-114.56364572315964,-114.56364572315964,115.47513542672706,-114.56364572315964,-114.56364572315964,115.47513542672706,-113.31122531789683,-113.31122531789683,120.41357500026598
2016-11-16,217.55999755859375,217.8699951171875,13.720000267028809,9.520000457763672,23.422884893600994,33.7282896370354,-29.707902735760538,27.250711515744698,27.250711515744698,-29.707902735760538,27.250711515744698,27.250711515744698,-29.707902735760538,27.250711515744698,27.250711515744698,-27.986266257010705,28.35124289919928,28.35124289919928
2016-11-17,218.0500030517578,218.9900054931641,13.350000381469728,9.380000114440918,23.24401353609821,-17.88713575027856,-96.48394015691817,95.51124653080959,95.51124653080959,-96.48394015691817,95.51124653080959,95.51124653080959,-96.48394015691817,95.51124653080959,95.51124653080959,-92.51412267902289,95.84809568547138,95.84809568547138
2016-11-18,219.07000732421875,218.5,12.850000381469728,8.630000114440918,22.297351719260803,-94.66618168374055,-31.795465523059807,-31.795465523059807,-31.795465523059807,-31.795465523059807,-31.795465523059807,-31.795465523059807,-31.795465523059807,-31.795465523059807,-31.795465523059807,-31.787948488505855,-31.787948488505855,-31.787948488505855
2016-11-21,219.1699981689453,220.1499938964844,12.420000076293944,10.0,22.237012226174784,-6.033949308601905,110.46627572773676,110.46627572773676,110.46627572773676,110.46627572773676,110.46627572773676,110.46627572773676,110.46627572773676,110.46627572773676,110.46627572773676,110.50684792512743,110.50684792512743,110.50684792512743
2016-11-22,220.5099945068359,220.5800018310547,12.40999984741211,10.199999809265137,22.37369125701212,13.667903083733535,60.54053874388594,60.54053874388594,60.54053874388594,60.54053874388594,60.54053874388594,60.54053874388594,60.54053874388594,60.54053874388594,60.54053874388594,60.57827499996853,60.57827499996853,60.57827499996853
2016-11-23,219.97999572753903,220.6999969482422,12.43000030517578,10.0600004196167,22.41875123784095,4.505998082883167,38.620706063478536,38.620706063478536,38.620706063478536,38.620706063478536,38.620706063478536,38.620706063478536,38.620706063478536,38.620706063478536,38.620706063478536,38.632468323796324,38.632468323796324,38.632468323796324
2016-11-25,221.1000061035156,221.52000427246097,12.34000015258789,10.43000030517578,22.59570339384142,17.695215600046765,-5.424928859675157,-5.424928859675157,18.272709447579793,-5.424928859675157,-5.424928859675157,18.272709447579793,-5.424928859675157,-5.424928859675157,18.272709447579793,-5.2341600638863035,-5.2341600638863035,36.20936238440626
2016-11-28,221.16000366210935,220.47999572753903,13.149999618530272,12.859999656677246,23.144069978133402,54.83665842919834,121.54568987796821,121.54568987796821,-98.77592062559859,121.54568987796821,121.54568987796821,-98.77592062559859,121.54568987796821,121.54568987796821,-98.77592062559859,122.70747897791352,122.70747897791352,-71.87849454180213
2016-11-29,220.52000427246097,220.91000366210935,12.899999618530272,12.640000343322754,22.943129839933064,-20.09401382003375,52.888656623780264,52.888656623780264,52.888656623780264,52.888656623780264,52.888656623780264,52.888656623780264,52.888656623780264,52.888656623780264,52.888656623780264,53.26929820089254,53.26929820089254,53.26929820089254
2016-11-30,221.6300048828125,220.3800048828125,13.329999923706056,13.229999542236328,23.27977468055478,33.664484062171596,159.81246670812507,159.81246670812507,-144.06565777712436,159.81246670812507,159.81246670812507,-144.06565777712436,159.81246670812507,159.81246670812507,-144.06565777712436,162.53027734403486,162.53027734403486,-125.75162584873853
2016-12-01,220.72999572753903,219.57000732421875,14.06999969482422,13.960000038146973,23.970434532111412,69.06598515566316,119.75951986834815,119.75951986834815,119.75951986834815,119.75951986834815,119.75951986834815,119.75951986834815,119.75951986834815,119.75951986834815,119.75951986834815,120.90052598329991,120.90052598329991,120.90052598329991
2016-12-02,219.6699981689453,219.67999267578125,14.119999885559082,13.640000343322754,24.043975942162604,7.354141005119175,117.42315750759217,117.42315750759217,117.42315750759217,117.42315750759217,117.42315750759217,117.42315750759217,117.42315750759217,117.42315750759217,117.42315750759217,117.93536639279681,117.93536639279681,117.93536639279681
2016-12-05,220.6499938964844,221.0,12.140000343322754,11.40999984741211,21.733549925550307,-231.0426016612297,35.202923895039405,35.202923895039405,35.202923895039405,35.202923895039405,35.202923895039405,35.202923895039405,35.202923895039405,35.202923895039405,35.202923895039405,35.381401783487036,35.381401783487036,35.381401783487036
2016-12-06,221.22000122070312,221.6999969482422,11.789999961853027,10.84000015258789,21.563386124136905,-17.016380141340193,-13.306912389732403,-13.306912389732403,25.44911749458414,-13.306912389732403,-13.306912389732403,25.44911749458414,-13.306912389732403,-13.306912389732403,25.44911749458414,-12.958919939898058,-12.958919939898058,42.52312004671948
2016-12-07,221.52000427246097,224.6000061035156,12.220000267028809,11.789999961853027,23.566814472079557,200.3428347942652,-278.143168417876,-278.143168417876,289.057867368846,-278.143168417876,-278.143168417876,289.057867368846,-278.143168417876,-278.143168417876,289.057867368846,-277.00093825212605,-277.00093825212605,304.1106549701165
2016-12-08,224.57000732421875,225.1499938964844,12.640000343322754,12.920000076293944,24.348467230622695,78.16527585431388,131.32854757274848,131.32854757274848,131.32854757274848,131.32854757274848,131.32854757274848,131.32854757274848,131.32854757274848,131.32854757274848,131.32854757274848,131.73776239398617,131.73776239398617,131.73776239398617
2016-12-09,225.41000366210935,226.5099945068359,11.75,11.100000381469728,24.03611824578895,-31.234898483374707,-23.073990947522848,-23.073990947522848,-23.073990947522848,-23.073990947522848,-23.073990947522848,-23.073990947522848,-23.073990947522848,-23.073990947522848,-23.073990947522848,-22.965945455895298,-22.965945455895298,-22.965945455895298
2016-12-12,226.3999938964844,226.25,12.640000343322754,12.25,24.814830379202135,77.87121334131868,54.663036020511925,54.663036020511925,-38.49463610181687,54.663036020511925,54.663036020511925,-38.49463610181687,54.663036020511925,54.663036020511925,-38.49463610181687,56.069141077480445,56.069141077480445,-18.449125444619007
2016-12-13,227.02000427246097,227.7599945068359,12.720000267028809,12.25,25.75631984285156,94.14894636494253,-56.06742180195672,-56.06742180195672,64.47683177576339,-56.06742180195672,-56.06742180195672,64.47683177576339,-56.06742180195672,-56.06742180195672,64.47683177576339,-52.5940190970718,-52.5940190970718,74.69317092223385
2016-12-14,227.41000366210935,225.8800048828125,13.1899995803833,12.84000015258789,25.198315277987973,-55.80045648635874,162.28667778373332,162.28667778373332,-152.79093798438012,162.28667778373332,162.28667778373332,-152.79093798438012,162.28667778373332,162.28667778373332,-152.79093798438012,169.36551274583834,169.36551274583834,-145.09278225069383
2016-12-15,226.16000366210935,226.80999755859375,12.789999961853027,11.850000381469728,25.203140642718267,0.4825364730294268,-17.492529467821004,-17.492529467821004,36.61071275225167,-17.492529467821004,-17.492529467821004,36.61071275225167,-17.492529467821004,-17.492529467821004,36.61071275225167,-16.734128347878862,-16.734128347878862,60.25381842640869
2016-12-16,226.0099945068359,225.0399932861328,12.199999809265137,10.670000076293944,23.46104578087487,-174.20948618433982,141.7818845535305,141.7818845535305,-124.79785350293986,141.7818845535305,141.7818845535305,-124.79785350293986,141.7818845535305,141.7818845535305,-124.79785350293986,142.02183593700477,142.02183593700477,-102.77349197837592
2016-12-19,225.25,225.52999877929688,11.710000038146973,9.949999809265137,23.057499070705617,-40.35467101692518,59.25742880378024,59.25742880378024,59.25742880378024,59.25742880378024,59.25742880378024,59.25742880378024,59.25742880378024,59.25742880378024,59.25742880378024,59.27780545569279,59.27780545569279,59.27780545569279
2016-12-20,226.1499938964844,226.3999938964844,11.449999809265137,9.850000381469728,23.251633991676485,19.41349209708676,6.756129325063467,6.756129325063467,3.5856825294206884,6.756129325063467,6.756129325063467,3.5856825294206884,6.756129325063467,6.756129325063467,3.5856825294206884,6.908730716308268,6.908730716308268,19.054363555631305
2016-12-21,226.25,225.77000427246097,11.270000457763672,9.329999923706056,22.633136041950706,-61.849794972577854,72.25977062465411,72.25977062465411,-65.72538922992474,72.25977062465411,72.25977062465411,-65.72538922992474,72.25977062465411,72.25977062465411,-65.72538922992474,72.37260758288963,72.37260758288963,-54.02446519729873
2016-12-22,225.6000061035156,225.3800048828125,11.43000030517578,9.34000015258789,22.54466288092057,-8.847316103013725,77.07275819264993,77.07275819264993,77.07275819264993,77.07275819264993,77.07275819264993,77.07275819264993,77.07275819264993,77.07275819264993,77.07275819264993,77.0931392025785,77.0931392025785,77.0931392025785
2016-12-23,225.42999267578125,225.7100067138672,11.4399995803833,8.979999542236328,22.717647466931453,17.298458601088385,34.752627264805945,34.752627264805945,34.752627264805945,34.752627264805945,34.752627264805945,34.752627264805945,34.752627264805945,34.752627264805945,34.752627264805945,34.75977906384635,34.75977906384635,34.75977906384635
2016-12-27,226.02000427246097,226.27000427246097,11.989999771118164,10.220000267028809,23.52727139832968,80.96239313982281,15.413244993808098,15.413244993808098,-0.728005729777268,15.413244993808098,15.413244993808098,-0.728005729777268,15.413244993808098,15.413244993808098,-0.728005729777268,15.576119802181124,15.576119802181124,19.07409957851891
2016-12-28,226.57000732421875,224.3999938964844,12.949999809265137,11.220000267028809,23.580280662871495,5.300926454181365,123.2097512751719,123.2097512751719,-174.3199830512502,123.2097512751719,123.2097512751719,-174.3199830512502,123.2097512751719,123.2097512751719,-174.3199830512502,124.24406276686864,124.24406276686864,-221.18467665402167
2016-12-29,224.47999572753903,224.3500061035156,13.369999885559082,11.640000343322754,24.0337606816937,45.3480018822205,69.35321824102121,69.35321824102121,69.35321824102121,69.35321824102121,69.35321824102121,69.35321824102121,69.35321824102121,69.35321824102121,69.35321824102121,69.5118034117628,69.5118034117628,69.5118034117628
2016-12-30,224.72999572753903,223.52999877929688,14.039999961853027,12.68000030517578,24.438715825010632,40.49551433169327,-5.386448537573882,-5.386448537573882,-5.386448537573882,-5.386448537573882,-5.386448537573882,-5.386448537573882,-5.386448537573882,-5.386448537573882,-5.386448537573882,-5.082830482019826,-5.082830482019826,-5.082830482019826
2017-01-03,225.0399932861328,225.2400054931641,12.850000381469728,11.989999771118164,23.67495744918685,-76.37583758237838,108.96461191227385,108.96461191227385,108.96461191227385,108.96461191227385,108.96461191227385,108.96461191227385,108.96461191227385,108.96461191227385,108.96461191227385,109.1292507551757,109.1292507551757,109.1292507551757
2017-01-04,225.6199951171875,226.5800018310547,11.850000381469728,10.68000030517578,23.27036339753169,-40.45940516551596,-28.627550963079383,-28.627550963079383,-28.627550963079383,-28.627550963079383,-28.627550963079383,-28.627550963079383,-28.627550963079383,-28.627550963079383,-28.627550963079383,-28.52079144164139,-28.52079144164139,-28.52079144164139
2017-01-05,226.27000427246097,226.3999938964844,11.670000076293944,9.949999809265137,22.92989901973661,-34.046437779507954,14.96210155449103,14.96210155449103,-6.415438816100913,14.96210155449103,14.96210155449103,-6.415438816100913,14.96210155449103,14.96210155449103,-6.415438816100913,15.182933648752387,15.182933648752387,7.189843650037389
2017-01-06,226.52999877929688,227.2100067138672,11.31999969482422,9.1899995803833,23.03278244160183,10.288342186522215,-52.50154353248557,-52.50154353248557,54.77774818065642,-52.50154353248557,-52.50154353248557,54.77774818065642,-52.50154353248557,-52.50154353248557,54.77774818065642,-52.30719685985383,-52.30719685985383,62.13896942668075
2017-01-09,226.91000366210935,226.4600067138672,11.5600004196167,9.4399995803833,22.706151926519155,-32.66305150826767,54.24525661343511,54.24525661343511,-54.51917662343295,54.24525661343511,54.24525661343511,-54.51917662343295,54.24525661343511,54.24525661343511,-54.51917662343295,54.82407962683607,54.82407962683607,-50.09255876636416
2017-01-10,226.47999572753903,226.4600067138672,11.489999771118164,8.880000114440918,22.596446008527096,-10.97059179920592,17.00248979634871,17.00248979634871,-15.080875490772103,17.00248979634871,17.00248979634871,-15.080875490772103,17.00248979634871,17.00248979634871,-15.080875490772103,17.125660130959332,17.125660130959332,-8.00307070825401
2017-01-11,226.36000061035156,227.1000061035156,11.260000228881836,8.880000114440918,22.726658211447678,13.021220292058189,-55.98860927960152,-55.98860927960152,59.36429355107327,-55.98860927960152,-55.98860927960152,59.36429355107327,-55.98860927960152,-55.98860927960152,59.36429355107327,-55.89884097733499,-55.89884097733499,67.92957172625832
2017-01-12,226.5,226.52999877929688,11.539999961853027,9.31999969482422,22.62123094351825,-10.542726792942858,13.937170215703555,13.937170215703555,-10.924825060253715,13.937170215703555,13.937170215703555,-10.924825060253715,13.937170215703555,13.937170215703555,-10.924825060253715,14.143015210223256,14.143015210223256,-2.8389585839217557
2017-01-13,226.72999572753903,227.0500030517578,11.229999542236328,8.989999771118164,22.59432655340744,-2.6904390110807697,-21.499208639837473,-21.499208639837473,21.37318554739396,-21.499208639837473,-21.499208639837473,21.37318554739396,-21.499208639837473,-21.499208639837473,21.37318554739396,-21.240443084056615,-21.240443084056615,26.26775666698229
2017-01-17,226.30999755859375,226.25,11.869999885559082,10.850000381469728,22.619542705393428,2.521615198598681,39.031178351788135,39.031178351788135,-27.526457723687223,39.031178351788135,39.031178351788135,-27.526457723687223,39.031178351788135,39.031178351788135,-27.526457723687223,39.53450996932255,39.53450996932255,-11.245180904298799
2017-01-18,226.5399932861328,226.75,12.479999542236328,11.289999961853027,23.537253611228465,91.77109058350368,6.65940201469906,6.65940201469906,2.9417802840525,6.65940201469906,6.65940201469906,2.9417802840525,6.65940201469906,6.65940201469906,2.9417802840525,7.684253231288565,7.684253231288565,16.798075417959414
2017-01-19,226.83999633789065,225.91000366210935,12.779999732971191,11.5,23.34431469913779,-19.293891209067482,112.56565255684626,112.56565255684626,-105.71574448733651,112.56565255684626,112.56565255684626,-105.71574448733651,112.56565255684626,112.56565255684626,-105.71574448733651,114.45390933268389,114.45390933268389,-95.47434140106851
2017-01-20,226.6999969482422,226.7400054931641,11.539999961853027,9.720000267028809,22.465026767715862,-87.92879314219277,10.345015767442181,10.345015767442181,-8.242914507412566,10.345015767442181,10.345015767442181,-8.242914507412566,10.345015767442181,10.345015767442181,-8.242914507412566,10.807761899410664,10.807761899410664,-1.3241896681001042
2017-01-23,226.7400054931641,226.1499938964844,11.770000457763672,10.920000076293944,22.232471537336693,-23.25552303791696,78.38589641352128,78.38589641352128,-72.720776662645,78.38589641352128,78.38589641352128,-72.720776662645,78.38589641352128,78.38589641352128,-72.720776662645,79.54457071693133,79.54457071693133,-62.934804057607096
2017-01-24,226.3999938964844,227.6000061035156,11.06999969482422,10.079999923706056,22.41321158202758,18.074004469088578,-95.56519321879415,-95.56519321879415,102.51169975348898,-95.56519321879415,-95.56519321879415,102.51169975348898,-95.56519321879415,-95.56519321879415,102.51169975348898,-95.23613658369528,-95.23613658369528,114.40858891325861
2017-01-25,228.6999969482422,229.57000732421875,10.8100004196167,10.0600004196167,23.51023435329767,109.70227712700904,-101.0404188317824,111.40486032753338,111.40486032753338,-101.0404188317824,111.40486032753338,111.40486032753338,-101.0404188317824,111.40486032753338,111.40486032753338,-85.6078154720379,111.61637413636078,111.61637413636078
2017-01-26,229.3999938964844,229.3300018310547,10.630000114440918,9.710000038146973,23.151209759139785,-35.90245941578836,51.364684545537706,51.364684545537706,51.364684545537706,51.364684545537706,51.364684545537706,51.364684545537706,51.364684545537706,51.364684545537706,51.364684545537706,51.39264596699014,51.39264596699014,51.39264596699014
2017-01-27,229.4199981689453,228.97000122070312,10.579999923706056,9.359999656677246,22.816170316230526,-33.50394429092596,11.02909581940206,11.02909581940206,11.02909581940206,11.02909581940206,11.02909581940206,11.02909581940206,11.02909581940206,11.02909581940206,11.02909581940206,11.045305140485498,11.045305140485498,11.045305140485498
2017-01-30,228.1699981689453,227.5500030517578,11.880000114440918,11.65999984741211,22.95306123064819,13.689091441766266,54.06172290415559,-45.28135543542049,-45.28135543542049,54.06172290415559,-45.28135543542049,-45.28135543542049,54.06172290415559,-45.28135543542049,-45.28135543542049,66.40411492945114,-43.56276340316156,-43.56276340316156
2017-01-31,226.97999572753903,227.52999877929688,11.989999771118164,11.770000457763672,23.01262949718935,5.956826654116298,-38.01369220137454,-38.01369220137454,44.73818948723809,-38.01369220137454,-38.01369220137454,44.73818948723809,-38.01369220137454,-38.01369220137454,44.73818948723809,-35.3490831279825,-35.3490831279825,54.07789868217334
2017-02-01,227.52999877929688,227.6199951171875,11.8100004196167,12.039999961853027,22.85447136518475,-15.815813200460127,-4.184967576274865,10.313324364069734,10.313324364069734,-4.184967576274865,10.313324364069734,10.313324364069734,-4.184967576274865,10.313324364069734,10.313324364069734,2.1390534201488864,15.397588024745291,15.397588024745291
2017-02-02,227.6199951171875,227.77000427246097,11.93000030517578,11.15999984741211,23.03095028786887,17.64789226841188,-12.957853397111238,16.0072404685683,16.0072404685683,-12.957853397111238,16.0072404685683,16.0072404685683,-12.957853397111238,16.0072404685683,16.0072404685683,-7.762673774987647,19.14092807340422,19.14092807340422
2017-02-03,228.82000732421875,229.33999633789065,10.970000267028809,9.1899995803833,23.17471245961977,14.376217175090034,-65.21753093099842,74.3166561598129,74.3166561598129,-65.21753093099842,74.3166561598129,74.3166561598129,-65.21753093099842,74.3166561598129,74.3166561598129,-50.90197138100259,74.37964469288121,74.37964469288121
2017-02-06,228.8699951171875,228.92999267578125,11.369999885559082,10.170000076293944,23.130538887927983,-4.417357169178615,-24.185594141004763,38.545345966773816,38.545345966773816,-24.185594141004763,38.545345966773816,38.545345966773816,-24.185594141004763,38.545345966773816,38.545345966773816,-4.707417738067241,38.70695562864914,38.70695562864914
2017-02-07,229.3800048828125,228.94000244140625,11.289999961853027,9.470000267028809,23.03096754747478,-9.95713404532026,10.464610762363916,10.464610762363916,10.464610762363916,10.464610762363916,10.464610762363916,10.464610762363916,10.464610762363916,10.464610762363916,10.464610762363916,10.485653371683703,10.485653371683703,10.485653371683703
2017-02-08,228.94000244140625,229.2400054931641,11.449999809265137,9.600000381469728,23.343739083199956,31.27715357251759,-47.47243097796983,60.86156062364423,60.86156062364423,-47.47243097796983,60.86156062364423,60.86156062364423,-47.47243097796983,60.86156062364423,60.86156062364423,-28.879102323558236,60.93698222941886,60.93698222941886
2017-02-09,229.2400054931641,230.6000061035156,10.880000114440918,8.850000381469727,23.81413169437392,47.039261117396336,55.411269941588,55.411269941588,55.411269941588,55.411269941588,55.411269941588,55.411269941588,55.411269941588,55.411269941588,55.411269941588,55.42338588210214,55.42338588210214,55.42338588210214
2017-02-10,231.0,231.5099945068359,10.850000381469728,9.020000457763672,24.444633186948703,63.05014925747834,-18.039312840991492,-18.039312840991492,28.7924031558348,-18.039312840991492,-18.039312840991492,28.7924031558348,-18.039312840991492,-18.039312840991492,28.7924031558348,-17.98750382773031,-17.98750382773031,44.773083931133975
2017-02-13,232.0800018310547,232.77000427246097,11.06999969482422,9.31999969482422,25.475591778274353,103.09585913256498,-61.913708331598926,-61.913708331598926,60.9729303783997,-61.913708331598926,-61.913708331598926,60.9729303783997,-61.913708331598926,-61.913708331598926,60.9729303783997,-61.03332999876236,-61.03332999876236,64.43113436559375
2017-02-14,232.55999755859375,233.6999969482422,10.739999771118164,8.9399995803833,25.963650454681733,48.80586764073804,-112.46367917245271,110.0726936012862,110.0726936012862,-112.46367917245271,110.0726936012862,110.0726936012862,-112.46367917245271,110.0726936012862,110.0726936012862,-110.70001570466059,111.1974036800944,111.1974036800944
2017-02-15,233.4499969482422,234.9199981689453,11.970000267028809,10.260000228881836,27.716574655045953,175.29242003642196,-157.56768605875575,165.42031935979162,165.42031935979162,-157.56768605875575,165.42031935979162,165.42031935979162,-157.56768605875575,165.42031935979162,165.42031935979162,-144.94044846287298,165.9254137500103,165.9254137500103
2017-02-16,234.9499969482422,234.72000122070312,11.760000228881836,10.020000457763672,27.380469036438697,-33.610561860725596,87.70532132837315,87.70532132837315,87.70532132837315,87.70532132837315,87.70532132837315,87.70532132837315,87.70532132837315,87.70532132837315,87.70532132837315,87.73422736933253,87.73422736933253,87.73422736933253
2017-02-17,233.9499969482422,235.08999633789065,11.489999771118164,9.029999732971191,27.464172820809555,8.37037843708579,-121.06919274544691,124.04970158904736,124.04970158904736,-121.06919274544691,124.04970158904736,124.04970158904736,-121.06919274544691,124.04970158904736,124.04970158904736,-112.85606624634298,124.09655616754057,124.09655616754057
2017-02-21,235.52000427246097,236.4900054931641,11.56999969482422,10.220000267028809,28.52324698839139,105.90741675818336,-22.75826247995294,-22.75826247995294,-22.75826247995294,-22.75826247995294,-22.75826247995294,-22.75826247995294,-22.75826247995294,-22.75826247995294,-22.75826247995294,-22.67223606119737,-22.67223606119737,-22.67223606119737
2017-02-22,236.02000427246097,236.27999877929688,11.739999771118164,10.390000343322754,28.41800331903138,-10.524366936000717,19.944913037824286,19.944913037824286,-2.3920441819444727,19.944913037824286,19.944913037824286,-2.3920441819444727,19.944913037824286,19.944913037824286,-2.3920441819444727,20.22987633240061,20.22987633240061,20.156454287025017
2017-02-23,236.8800048828125,236.44000244140625,11.710000038146973,10.149999618530272,28.49755281303214,7.954949400075861,58.511876702820565,58.511876702820565,-55.26886928634702,58.511876702820565,58.511876702820565,-55.26886928634702,58.511876702820565,58.511876702820565,-55.26886928634702,59.732934385379835,59.732934385379835,-47.967505476059124
2017-02-24,235.4600067138672,236.7400054931641,11.470000267028809,9.40999984741211,28.574444081699454,7.6891268667313994,-58.37928098340917,-58.37928098340917,-58.37928098340917,-58.37928098340917,-58.37928098340917,-58.37928098340917,-58.37928098340917,-58.37928098340917,-58.37928098340917,-58.35163620343637,-58.35163620343637,-58.35163620343637
2017-02-27,236.63999938964844,237.11000061035156,12.09000015258789,10.829999923706056,29.137808458498437,56.33643767989831,-22.40033550648308,-22.40033550648308,30.69777458029288,-22.40033550648308,-22.40033550648308,30.69777458029288,-22.40033550648308,-22.40033550648308,30.69777458029288,-21.171819202272665,-21.171819202272665,43.04653309930424
2017-02-28,236.6699981689453,236.47000122070312,12.920000076293944,11.890000343322754,29.11521509991653,-2.2593358581907808,50.19935816935721,50.19935816935721,-37.52855678534879,50.19935816935721,50.19935816935721,-37.52855678534879,50.19935816935721,50.19935816935721,-37.52855678534879,52.47954570479718,52.47954570479718,-21.85597658231464
2017-03-01,238.38999938964844,239.77999877929688,12.539999961853027,10.56999969482422,31.549229540457972,243.4014440541443,-149.81489550180598,158.96062049367964,158.96062049367964,-149.81489550180598,158.96062049367964,158.96062049367964,-149.81489550180598,158.96062049367964,158.96062049367964,-136.21682894707533,159.788429235214,159.788429235214
2017-03-02,239.55999755859375,238.27000427246097,11.8100004196167,9.600000381469728,29.84929882071445,-169.99307197435235,-55.52541593402855,-55.52541593402855,-55.52541593402855,-55.52541593402855,-55.52541593402855,-55.52541593402855,-55.52541593402855,-55.52541593402855,-55.52541593402855,-55.495236082053424,-55.495236082053424,-55.495236082053424
2017-03-03,238.1699981689453,238.4199981689453,10.960000038146973,8.5600004196167,29.536785615787032,-31.25132049274164,-28.21262127233892,28.009355710425933,28.009355710425933,-28.21262127233892,28.009355710425933,28.009355710425933,-28.21262127233892,28.009355710425933,28.009355710425933,-23.38106518902758,28.253895011570386,28.253895011570386
2017-03-06,237.5,237.7100067138672,11.239999771118164,9.670000076293944,28.953507877788166,-58.32777379988663,-18.072104867372804,17.750418456280915,17.750418456280915,-18.072104867372804,17.750418456280915,17.750418456280915,-18.072104867372804,17.750418456280915,17.750418456280915,-15.366557596486638,20.002550227627424,20.002550227627424
2017-03-07,237.36000061035156,237.0,11.449999809265137,10.229999542236328,28.419767231880208,-53.37406459079581,41.75836852857684,41.75836852857684,-40.41917790894887,41.75836852857684,41.75836852857684,-40.41917790894887,41.75836852857684,41.75836852857684,-40.41917790894887,44.627932032784145,44.627932032784145,-36.670164398296
2017-03-08,237.33999633789065,236.55999755859375,11.859999656677246,10.90999984741211,28.241486975709257,-17.828025617095022,85.60798348900474,85.60798348900474,-81.9111836230457,85.60798348900474,85.60798348900474,-81.9111836230457,85.60798348900474,85.60798348900474,-81.9111836230457,89.43274484639824,89.43274484639824,-76.75964564981405
2017-03-09,236.6999969482422,236.86000061035156,12.300000190734863,11.779999732971191,28.708239198047504,46.6752222338247,12.438373910703929,12.438373910703929,-0.6803730356927251,12.438373910703929,12.438373910703929,-0.6803730356927251,12.438373910703929,12.438373910703929,-0.6803730356927251,14.696293088360713,14.696293088360713,14.10113068050614
2017-03-10,237.97000122070312,237.69000244140625,11.65999984741211,10.670000076293944,29.0140493911498,30.581019310229607,24.422281195034067,-19.614817979957987,-19.614817979957987,24.422281195034067,-19.614817979957987,-19.614817979957987,24.422281195034067,-19.614817979957987,-19.614817979957987,32.71589460679525,-17.82132060571684,-17.82132060571684
2017-03-13,237.6199951171875,237.80999755859375,11.350000381469728,10.779999732971191,28.867132825794478,-14.69165653553226,-16.73334839903695,20.107246122009336,20.107246122009336,-16.73334839903695,20.107246122009336,20.107246122009336,-16.73334839903695,20.107246122009336,20.107246122009336,-11.343534625933291,23.37083548778873,23.37083548778873
2017-03-14,237.17999267578125,236.8999938964844,12.300000190734863,11.779999732971191,28.56397103445378,-30.3161791340699,41.87840014876285,41.87840014876285,-34.183660935796055,41.87840014876285,41.87840014876285,-34.183660935796055,41.87840014876285,41.87840014876285,-34.183660935796055,46.27894913559761,46.27894913559761,-25.609264270196938
2017-03-15,237.55999755859375,238.9499969482422,11.630000114440918,10.760000228881836,29.919959993550897,135.5988959097118,-135.71854368415634,138.88967248130734,138.88967248130734,-135.71854368415634,138.88967248130734,138.88967248130734,-135.71854368415634,138.88967248130734,138.88967248130734,-130.80206282140088,142.42380397678878,142.42380397678878
2017-03-16,239.11000061035156,238.47999572753903,11.210000038146973,9.739999771118164,29.292112889543517,-62.784710400737964,38.695902021834904,-18.263365324356172,-18.263365324356172,38.695902021834904,-18.263365324356172,-18.263365324356172,38.695902021834904,-18.263365324356172,-18.263365324356172,64.31485513447103,-18.16904236778367,-18.16904236778367
2017-03-17,237.75,237.02999877929688,11.279999732971191,9.869999885559082,28.032697352359182,-125.9415537184335,71.94832883670135,-71.1310692697676,-71.1310692697676,71.94832883670135,-71.1310692697676,-71.1310692697676,71.94832883670135,-71.1310692697676,-71.1310692697676,76.40662038622231,-69.49271905231844,-69.49271905231844
2017-03-20,237.02999877929688,236.77000427246097,11.34000015258789,10.229999542236328,27.7407692568811,-29.192809547808096,37.65421598856167,37.65421598856167,-35.17295790493693,37.65421598856167,37.65421598856167,-35.17295790493693,37.65421598856167,37.65421598856167,-35.17295790493693,39.31971041010678,39.31971041010678,-29.07779162051225
2017-03-21,237.47000122070312,233.72999572753903,12.470000267028809,14.229999542236328,25.894759289966547,-184.6009966914554,132.7585862223533,132.7585862223533,-239.88547498397162,132.7585862223533,132.7585862223533,-239.88547498397162,132.7585862223533,132.7585862223533,-239.88547498397162,145.6576863630353,145.6576863630353,-354.6087981216133
2017-03-22,233.77000427246097,234.27999877929688,12.8100004196167,14.510000228881836,26.507629808260933,61.28705182943861,-82.57972378825113,118.96107582291123,118.96107582291123,-82.57972378825113,118.96107582291123,118.96107582291123,-82.57972378825113,118.96107582291123,118.96107582291123,-43.97300337489758,122.15011774028599,122.15011774028599
2017-03-23,234.27999877929688,234.02999877929688,13.119999885559082,15.140000343322754,26.492719782050234,-1.4910026210699812,84.60040192483048,84.60040192483048,84.60040192483048,84.60040192483048,84.60040192483048,84.60040192483048,84.60040192483048,84.60040192483048,84.60040192483048,87.1833332138234,87.1833332138234,87.1833332138234
2017-03-24,234.3800048828125,233.86000061035156,12.960000038146973,13.43000030517578,26.21310331994651,-27.961646210372493,47.58396636236713,47.58396636236713,47.58396636236713,47.58396636236713,47.58396636236713,47.58396636236713,47.58396636236713,47.58396636236713,47.58396636236713,48.581244324660645,48.581244324660645,48.581244324660645
2017-03-27,231.92999267578125,233.6199951171875,12.5,12.119999885559082,25.60100526727235,-61.20980526741597,-147.72156949444343,-147.72156949444343,157.4260594420074,-147.72156949444343,-147.72156949444343,157.4260594420074,-147.72156949444343,-147.72156949444343,157.4260594420074,-144.47340542294322,-144.47340542294322,169.16317626665816
2017-03-28,233.27000427246097,235.32000732421875,11.529999732971191,10.510000228881836,26.345448793043666,74.44435257713167,-181.05712550908962,155.4286598576263,155.4286598576263,-181.05712550908962,155.4286598576263,155.4286598576263,-181.05712550908962,155.4286598576263,155.4286598576263,-202.25419591041162,156.2769479433866,156.2769479433866
2017-03-29,234.9900054931641,235.5399932861328,11.420000076293944,10.079999923706056,26.437934471195437,9.248567815177111,62.4371324887095,62.4371324887095,62.4371324887095,62.4371324887095,62.4371324887095,62.4371324887095,62.4371324887095,62.4371324887095,62.4371324887095,62.469055463268084,62.469055463268084,62.469055463268084
2017-03-30,235.47000122070312,236.2899932861328,11.539999961853027,9.579999923706056,27.095931047925767,65.799657673033,-11.219352536990954,-11.219352536990954,-11.219352536990954,-11.219352536990954,-11.219352536990954,-11.219352536990954,-11.219352536990954,-11.219352536990954,-11.219352536990954,-11.183713889828992,-11.183713889828992,-11.183713889828992
2017-03-31,235.8999938964844,235.7400054931641,12.369999885559082,9.65999984741211,27.044615682749754,-5.131536517601276,61.22671420080194,61.22671420080194,-44.29503505050054,61.22671420080194,61.22671420080194,-44.29503505050054,61.22671420080194,61.22671420080194,-44.29503505050054,61.3353120906474,61.3353120906474,-22.19216275728748
2017-04-03,235.8000030517578,235.3300018310547,12.380000114440918,10.15999984741211,26.608054712974127,-43.6560969775627,102.5558292397784,102.5558292397784,102.5558292397784,102.5558292397784,102.5558292397784,102.5558292397784,102.5558292397784,102.5558292397784,102.5558292397784,102.70185071215137,102.70185071215137,102.70185071215137
2017-04-04,235.0,235.47999572753903,11.789999961853027,9.510000228881836,26.370789047722766,-23.72656652513605,61.744982403626246,61.744982403626246,61.744982403626246,61.744982403626246,61.744982403626246,61.744982403626246,61.744982403626246,61.744982403626246,61.744982403626246,61.75880847112732,61.75880847112732,61.75880847112732
2017-04-05,236.2599945068359,234.77999877929688,12.890000343322754,11.890000343322754,26.400827566596234,3.003851887346798,151.38536700146827,151.38536700146827,-153.69035294813338,151.38536700146827,151.38536700146827,-153.69035294813338,151.38536700146827,151.38536700146827,-153.69035294813338,152.62516536756536,152.62516536756536,-151.94910347275982
2017-04-06,234.94000244140625,235.44000244140625,12.390000343322754,10.270000457763672,26.59126027733695,19.043271074071555,74.65235232114145,74.65235232114145,74.65235232114145,74.65235232114145,74.65235232114145,74.65235232114145,74.65235232114145,74.65235232114145,74.65235232114145,74.69279169080276,74.69279169080276,74.69279169080276
2017-04-07,235.1499938964844,235.1999969482422,12.869999885559082,10.0600004196167,26.640672563247556,4.941228591060565,97.15499739643938,97.15499739643938,97.15499739643938,97.15499739643938,97.15499739643938,97.15499739643938,97.15499739643938,97.15499739643938,97.15499739643938,97.19122972885104,97.19122972885104,97.19122972885104
2017-04-10,235.36000061035156,235.33999633789065,14.050000190734863,10.359999656677246,27.373235323188997,73.2562759941441,89.85874162721599,89.85874162721599,89.85874162721599,89.85874162721599,89.85874162721599,89.85874162721599,89.85874162721599,89.85874162721599,89.85874162721599,89.93242706677232,89.93242706677232,89.93242706677232
2017-04-11,234.8999938964844,235.05999755859375,15.06999969482422,10.539999961853027,27.82863014475553,45.53948215665322,115.90143021900076,115.90143021900076,115.90143021900076,115.90143021900076,115.90143021900076,115.90143021900076,115.90143021900076,115.90143021900076,115.90143021900076,115.95815640343284,115.95815640343284,115.95815640343284
2017-04-12,234.7400054931641,234.02999877929688,15.770000457763672,10.90999984741211,27.582588853483458,-24.60412912720713,30.31319388959031,30.31319388959031,30.31319388959031,30.31319388959031,30.31319388959031,30.31319388959031,30.31319388959031,30.31319388959031,30.31319388959031,30.40619151998896,30.40619151998896,30.40619151998896
2017-04-13,233.63999938964844,232.5099945068359,15.960000038146973,12.75,26.66897341037624,-91.36154431072185,90.67574650252824,-67.52960394602287,-67.52960394602287,90.67574650252824,-67.52960394602287,-67.52960394602287,90.67574650252824,-67.52960394602287,-67.52960394602287,117.4105299392833,-65.8167654617733,-65.8167654617733
2017-04-17,233.11000061035156,234.57000732421875,14.65999984741211,13.4399995803833,26.90549068836679,23.651727799055067,-154.60305243539497,172.4621913176099,172.4621913176099,-154.60305243539497,172.4621913176099,172.4621913176099,-154.60305243539497,172.4621913176099,172.4621913176099,-135.96433016664605,176.97846752363466,176.97846752363466
2017-04-18,233.72000122070312,233.8699951171875,14.420000076293944,14.199999809265137,26.182558253374005,-72.2932434992785,-43.96737680795899,77.23765123055149,77.23765123055149,-43.96737680795899,77.23765123055149,77.23765123055149,-43.96737680795899,77.23765123055149,77.23765123055149,-8.293446617959718,80.21147492283148,80.21147492283148
2017-04-19,234.52000427246097,233.44000244140625,14.93000030517578,16.200000762939453,26.195173417501607,1.261516412760244,32.28937091434274,32.28937091434274,32.28937091434274,32.28937091434274,32.28937091434274,32.28937091434274,32.28937091434274,32.28937091434274,32.28937091434274,35.78902916440878,35.78902916440878,35.78902916440878
2017-04-20,234.1499938964844,235.33999633789065,14.149999618530272,15.829999923706056,27.007685071718363,81.25116542167561,157.4116691703375,157.4116691703375,157.4116691703375,157.4116691703375,157.4116691703375,157.4116691703375,157.4116691703375,157.4116691703375,157.4116691703375,161.17546833028837,161.17546833028837,161.17546833028837
2017-04-21,235.25,234.58999633789065,14.630000114440918,17.09000015258789,26.716714354296702,-29.097071742166136,154.79691223439616,154.79691223439616,154.79691223439616,154.79691223439616,154.79691223439616,154.79691223439616,154.79691223439616,154.79691223439616,154.79691223439616,159.64316498860254,159.64316498860254,159.64316498860254
2017-04-24,237.17999267578125,237.1699981689453,10.84000015258789,9.960000038146973,26.758710577145308,4.199622284860638,9.02871300973496,9.02871300973496,-8.096132011120025,9.02871300973496,9.02871300973496,-8.096132011120025,9.02871300973496,9.02871300973496,-8.096132011120025,10.870220691255097,10.870220691255097,-3.7256845340815503
2017-04-25,237.91000366210935,238.5500030517578,10.760000228881836,9.800000190734863,27.95522596296129,119.65153858159816,-66.03225453399403,67.44547079452923,67.44547079452923,-66.03225453399403,67.44547079452923,67.44547079452923,-66.03225453399403,67.44547079452923,67.44547079452923,-60.51648865557928,68.62231298600612,68.62231298600612
2017-04-26,238.5099945068359,238.3999938964844,10.850000381469728,9.789999961853027,27.813576923980666,-14.16490389806242,0.18662530152513623,7.566073078555304,7.566073078555304,0.18662530152513623,7.566073078555304,7.566073078555304,0.18662530152513623,7.566073078555304,7.566073078555304,12.855683797825293,7.929309201390769,7.929309201390769
2017-04-27,238.77000427246097,238.6000061035156,10.359999656677246,9.239999771118164,27.835268537970137,2.169161398947139,3.1966351868494747,6.814827758123235,6.814827758123235,3.1966351868494747,6.814827758123235,6.814827758123235,3.1966351868494747,6.814827758123235,6.814827758123235,18.36814438022081,6.934300576796673,6.934300576796673
2017-04-28,238.8999938964844,238.0800018310547,10.81999969482422,9.420000076293944,27.451487299690836,-38.37812382793011,64.62317422848825,-51.07653854509591,-51.07653854509591,64.62317422848825,-51.07653854509591,-51.07653854509591,64.62317422848825,-51.07653854509591,-51.07653854509591,83.34234402458648,-50.9693393138571,-50.9693393138571
2017-05-01,238.67999267578125,238.67999267578125,10.109999656677246,9.489999771118164,27.736211600437635,28.472430074679878,-12.962213912863849,22.347391211696088,22.347391211696088,-12.962213912863849,22.347391211696088,22.347391211696088,-12.962213912863849,22.347391211696088,22.347391211696088,1.5114317613293315,22.53849339455465,22.53849339455465
2017-05-02,238.83999633789065,238.77000427246097,10.59000015258789,10.489999771118164,27.90301105859453,16.67994581568948,-13.450600068094662,30.75952369750199,30.75952369750199,-13.450600068094662,30.75952369750199,30.75952369750199,-13.450600068094662,30.75952369750199,30.75952369750199,8.80067829223086,31.09892743672942,31.09892743672942
2017-05-03,238.77000427246097,238.47999572753903,10.68000030517578,10.779999732971191,27.627694921007915,-27.531613758661422,9.152705268791353,7.9918901881225874,7.9918901881225874,9.152705268791353,7.9918901881225874,7.9918901881225874,9.152705268791353,7.9918901881225874,7.9918901881225874,31.093619420370345,8.47811034232411,8.47811034232411
2017-05-04,238.8300018310547,238.7599945068359,10.460000038146973,11.039999961853027,27.8034455993093,17.57506783013838,-15.429607098023565,35.27850146358911,35.27850146358911,-15.429607098023565,35.27850146358911,35.27850146358911,-15.429607098023565,35.27850146358911,35.27850146358911,9.17413695248597,35.808490683480024,35.808490683480024
2017-05-05,239.19000244140625,239.6999969482422,10.56999969482422,11.4399995803833,28.678157291027375,87.47116917180762,118.30583155034154,118.30583155034154,118.30583155034154,118.30583155034154,118.30583155034154,118.30583155034154,118.30583155034154,118.30583155034154,118.30583155034154,118.69795391044194,118.69795391044194,118.69795391044194
2017-05-08,239.75,239.66000366210935,9.770000457763672,9.09000015258789,28.407204089231378,-27.095320179599724,74.27761840181273,74.27761840181273,74.27761840181273,74.27761840181273,74.27761840181273,74.27761840181273,74.27761840181273,74.27761840181273,74.27761840181273,74.28774216703074,74.28774216703074,74.28774216703074
2017-05-09,239.9600067138672,239.44000244140625,9.960000038146973,9.3100004196167,28.20096753360489,-20.623655562648935,53.673866870947016,53.673866870947016,53.673866870947016,53.673866870947016,53.673866870947016,53.673866870947016,53.673866870947016,53.673866870947016,53.673866870947016,53.68734042849852,53.68734042849852,53.68734042849852
2017-05-10,239.38999938964844,239.8699951171875,10.210000038146973,9.43000030517578,28.625860994994802,42.48934613899138,107.00824752803838,107.00824752803838,107.00824752803838,107.00824752803838,107.00824752803838,107.00824752803838,107.00824752803838,107.00824752803838,107.00824752803838,107.04230213114005,107.04230213114005,107.04230213114005
2017-05-11,239.3500061035156,239.3800048828125,10.600000381469728,10.350000381469728,28.209966633493664,-41.58943615011381,69.4003315858949,69.4003315858949,69.4003315858949,69.4003315858949,69.4003315858949,69.4003315858949,69.4003315858949,69.4003315858949,69.4003315858949,69.51145923980008,69.51145923980008,69.51145923980008
2017-05-12,239.08999633789065,238.97999572753903,10.399999618530272,9.399999618530272,27.76362006298043,-44.6346570513235,-11.093132202942765,29.234249641208912,29.234249641208912,-11.093132202942765,29.234249641208912,29.234249641208912,-11.093132202942765,29.234249641208912,29.234249641208912,12.261316056790752,29.30094120181257,29.30094120181257
2017-05-15,239.47000122070312,240.3000030517578,10.420000076293944,9.15999984741211,28.93124653201204,116.76264690316103,84.65167954555749,84.65167954555749,84.65167954555749,84.65167954555749,84.65167954555749,84.65167954555749,84.65167954555749,84.65167954555749,84.65167954555749,84.67093412671224,84.67093412671224,84.67093412671224
2017-05-16,240.63999938964844,240.0800018310547,10.649999618530272,8.960000038146973,28.73490761455542,-19.633891745661813,110.8378205277075,110.8378205277075,110.8378205277075,110.8378205277075,110.8378205277075,110.8378205277075,110.8378205277075,110.8378205277075,110.8378205277075,110.86832837758739,110.86832837758739,110.86832837758739
2017-05-17,240.0800018310547,235.82000732421875,15.59000015258789,20.170000076293945,27.007937764549368,-172.69698500060537,-190.10017936819372,-190.10017936819372,-190.10017936819372,-190.10017936819372,-190.10017936819372,-190.10017936819372,-190.10017936819372,-190.10017936819372,-190.10017936819372,-177.17946892543517,-177.17946892543517,-177.17946892543517
2017-05-18,235.72999572753903,236.77000427246097,14.65999984741211,16.670000076293945,27.180269548025528,17.23317834761602,21.63234513847823,21.63234513847823,21.63234513847823,21.63234513847823,21.63234513847823,21.63234513847823,21.63234513847823,21.63234513847823,21.63234513847823,27.0076823006683,27.0076823006683,27.0076823006683
2017-05-19,237.3300018310547,238.30999755859375,12.039999961853027,10.979999542236328,27.35339763230515,17.312808427962167,-90.02181516600963,-90.02181516600963,93.99617398875078,-90.02181516600963,-90.02181516600963,93.99617398875078,-90.02181516600963,-90.02181516600963,93.99617398875078,-86.13521624919713,-86.13521624919713,99.3634565069025
2017-05-22,238.8999938964844,239.52000427246097,10.93000030517578,9.390000343322754,28.08608518217731,73.26875498721606,-79.24766046093109,92.65442502368562,92.65442502368562,-79.24766046093109,92.65442502368562,92.65442502368562,-79.24766046093109,92.65442502368562,92.65442502368562,-60.66486660912764,92.75810521806739,92.75810521806739
2017-05-23,239.9499969482422,240.0500030517578,10.720000267028809,9.31999969482422,28.51793687893438,43.1851696757068,104.79531711379343,104.79531711379343,104.79531711379343,104.79531711379343,104.79531711379343,104.79531711379343,104.79531711379343,104.79531711379343,104.79531711379343,104.80896147170614,104.80896147170614,104.80896147170614
2017-05-24,240.32000732421875,240.61000061035156,10.020000457763672,8.5600004196167,28.923651541075806,40.57146621414276,43.63772030805699,43.63772030805699,43.63772030805699,43.63772030805699,43.63772030805699,43.63772030805699,43.63772030805699,43.63772030805699,43.63772030805699,43.64445736855753,43.64445736855753,43.64445736855753
2017-05-25,241.1999969482422,241.7599945068359,9.989999771118164,8.119999885559082,30.00934568790979,108.56941468339834,-34.56514977918739,-34.56514977918739,39.46372145752248,-34.56514977918739,-34.56514977918739,39.46372145752248,-34.56514977918739,-34.56514977918739,39.46372145752248,-34.521653191272584,-34.521653191272584,49.59815868964193
2017-05-26,241.5399932861328,241.7100067138672,9.8100004196167,7.599999904632568,29.917438602428003,-9.190708548178605,-6.80377046305389,-6.80377046305389,6.101630811464512,-6.80377046305389,-6.80377046305389,6.101630811464512,-6.80377046305389,-6.80377046305389,6.101630811464512,-6.748407885220818,-6.748407885220818,10.623487438663373
2017-05-30,241.33999633789065,241.5,10.380000114440918,9.039999961853027,29.665433142077035,-25.20054603509685,7.6089191125601445,7.6089191125601445,-1.3986324309259257,7.6089191125601445,7.6089191125601445,-1.3986324309259257,7.6089191125601445,7.6089191125601445,-1.3986324309259257,7.802040481379626,7.802040481379626,9.897925928070242
2017-05-31,241.83999633789065,241.44000244140625,10.40999984741211,8.710000038146973,29.583741132867733,-8.169200920930209,50.02599657805729,50.02599657805729,-50.23907833108454,50.02599657805729,50.02599657805729,-50.23907833108454,50.02599657805729,50.02599657805729,-50.23907833108454,50.464388373423354,50.464388373423354,-45.61119138082794
2017-06-01,241.97000122070312,243.36000061035156,9.890000343322754,8.5,31.38693862193517,180.31974890674363,-131.63341658584673,-131.63341658584673,130.16038295924312,-131.63341658584673,-131.63341658584673,130.16038295924312,-131.63341658584673,-131.63341658584673,130.16038295924312,-131.1482995264055,-131.1482995264055,133.4815915124541
2017-06-02,243.4199981689453,244.1699981689453,9.75,8.470000267028809,32.152215105806896,76.52764838717268,-81.07111406899602,83.50751179442464,83.50751179442464,-81.07111406899602,83.50751179442464,83.50751179442464,-81.07111406899602,83.50751179442464,83.50751179442464,-73.50050064536552,83.65266317175882,83.65266317175882
2017-06-05,243.97000122070312,243.9900054931641,10.06999969482422,9.6899995803833,31.916938608466904,-23.527649733999212,-23.136587816029074,40.65042131342194,40.65042131342194,-23.136587816029074,40.65042131342194,40.65042131342194,-23.136587816029074,40.65042131342194,40.65042131342194,-0.4930686105165649,40.80130341886381,40.80130341886381
2017-06-06,243.33999633789065,243.2100067138672,10.449999809265137,10.390000343322754,31.15152107629008,-76.54175321768228,3.1097386631076662,5.48673130401003,5.48673130401003,3.1097386631076662,5.48673130401003,5.48673130401003,3.1097386631076662,5.48673130401003,5.48673130401003,16.059530124050415,6.413502884840129,6.413502884840129
2017-06-07,243.6000061035156,243.66000366210935,10.390000343322754,10.130000114440918,31.56205725516086,41.05361788707782,-20.279081421507538,31.915114400900116,31.915114400900116,-20.279081421507538,31.915114400900116,31.915114400900116,-20.279081421507538,31.915114400900116,31.915114400900116,-3.83961946491149,32.391989880858716,32.391989880858716
2017-06-08,243.77000427246097,243.77999877929688,10.15999984741211,9.619999885559082,31.639515535625556,7.745828046469683,-17.023896427400917,29.625060337442235,29.625060337442235,-17.023896427400917,29.625060337442235,29.625060337442235,-17.023896427400917,29.625060337442235,29.625060337442235,0.6408163030199332,29.841444786364036,29.841444786364036
2017-06-09,244.08999633789065,243.41000366210935,10.699999809265137,10.369999885559082,31.288592311255247,-35.09232243703089,40.237830423652255,-15.88172009813715,-15.88172009813715,40.237830423652255,-15.88172009813715,-15.88172009813715,40.237830423652255,-15.88172009813715,-15.88172009813715,69.64989501749271,-15.6529121736229,-15.6529121736229
2017-06-12,243.1300048828125,243.36000061035156,11.460000038146973,11.350000381469728,31.230430167691647,-5.81621435635995,-30.491531634268853,40.689388210805326,40.689388210805326,-30.491531634268853,40.689388210805326,40.689388210805326,-30.491531634268853,40.689388210805326,40.689388210805326,-17.27368092770105,42.950957780955726,42.950957780955726
2017-06-13,243.97999572753903,244.5500030517578,10.420000076293944,9.350000381469728,32.286037274285654,105.56071065940067,-76.81851315253134,92.87036760842219,92.87036760842219,-76.81851315253134,92.87036760842219,92.87036760842219,-76.81851315253134,92.87036760842219,92.87036760842219,-55.58891381662596,92.97261219665596,92.97261219665596
2017-06-14,244.86000061035156,244.2400054931641,10.640000343322754,9.90999984741211,31.96797277557996,-31.80644987056951,43.61218482322842,43.61218482322842,43.61218482322842,43.61218482322842,43.61218482322842,43.61218482322842,43.61218482322842,43.61218482322842,43.61218482322842,43.656106717865285,43.656106717865285,43.656106717865285
2017-06-15,242.67999267578125,243.77000427246097,10.899999618530272,10.140000343322754,31.498395640650006,-46.95771349299527,-107.91264536986225,109.9896526738305,109.9896526738305,-107.91264536986225,109.9896526738305,109.9896526738305,-107.91264536986225,109.9896526738305,109.9896526738305,-102.96817704745293,112.40161443865081,112.40161443865081
2017-06-16,242.77000427246097,242.63999938964844,10.380000114440918,8.329999923706055,30.327807537073326,-117.05881035766801,13.117372810523811,-15.536215670381257,-15.536215670381257,13.117372810523811,-15.536215670381257,-15.536215670381257,13.117372810523811,-15.536215670381257,-15.536215670381257,15.388495650901328,-14.946822293247328,-14.946822293247328
2017-06-19,243.58999633789065,244.66000366210935,10.369999885559082,8.520000457763672,32.24106506054023,191.32575234669034,-115.59405615684139,120.41752443542924,120.41752443542924,-115.59405615684139,120.41752443542924,120.41752443542924,-115.59405615684139,120.41752443542924,120.41752443542924,-105.59132947148402,120.5176440905843,120.5176440905843
2017-06-20,244.25,243.0099945068359,10.859999656677246,9.420000076293944,30.619413964014743,-162.1651096525486,-72.22026996735777,-72.22026996735777,-72.22026996735777,-72.22026996735777,-72.22026996735777,-72.22026996735777,-72.22026996735777,-72.22026996735777,-72.22026996735777,-72.16068884207542,-72.16068884207542,-72.16068884207542
2017-06-21,243.4600067138672,242.9499969482422,10.75,9.5600004196167,30.526602836814597,-9.281112720014661,41.21661811003368,-34.325946933853444,-34.325946933853444,41.21661811003368,-34.325946933853444,-34.325946933853444,41.21661811003368,-34.325946933853444,-34.325946933853444,52.99443530274475,-33.9335456869067,-33.9335456869067
2017-06-22,242.9600067138672,242.83999633789065,10.479999542236328,9.229999542236328,30.37556698679767,-15.10358500169282,9.776649800675832,-9.153977933053767,-9.153977933053767,9.776649800675832,-9.153977933053767,-9.153977933053767,9.776649800675832,-9.153977933053767,-9.153977933053767,14.855868765176199,-8.331152075354106,-8.331152075354106
2017-06-23,242.91000366210935,243.1300048828125,10.020000457763672,8.380000114440918,30.61344783000943,23.78808432117623,-22.93660214855564,21.150000384214685,21.150000384214685,-22.93660214855564,21.150000384214685,21.150000384214685,-22.93660214855564,21.150000384214685,21.150000384214685,-19.89286383807889,21.59901976663592,21.59901976663592
2017-06-26,243.8999938964844,243.2899932861328,9.899999618530272,8.699999809265137,30.69281666572276,7.936883571332842,45.99411521015842,-34.88959494206891,-34.88959494206891,45.99411521015842,-34.88959494206891,-34.88959494206891,45.99411521015842,-34.88959494206891,-34.88959494206891,62.32172221780889,-34.833218517944516,-34.833218517944516
2017-06-27,243.0399932861328,241.3300018310547,11.0600004196167,10.5,28.807048184676837,-188.5768481045922,166.26491322875742,-160.66405243945172,-160.66405243945172,166.26491322875742,-160.66405243945172,-160.66405243945172,166.26491322875742,-160.66405243945172,-160.66405243945172,175.49942272977452,-159.0179546741538,-159.0179546741538
2017-06-28,242.5,243.4900054931641,10.029999732971191,8.489999771118164,30.84592739596177,203.88792112849325,-96.8871556676173,-96.8871556676173,94.28918799094646,-96.8871556676173,-96.8871556676173,94.28918799094646,-96.8871556676173,-96.8871556676173,94.28918799094646,-95.4009523253646,-95.4009523253646,95.48437595040554
2017-06-29,243.66000366210935,241.3500061035156,11.4399995803833,11.369999885559082,28.80585044394673,-204.00769520150385,211.03165851439869,-192.09437698774695,-192.09437698774695,211.03165851439869,-192.09437698774695,-192.09437698774695,211.03165851439869,-192.09437698774695,-192.09437698774695,234.2325357177183,-191.07061544068674,-191.07061544068674
2017-06-30,242.27999877929688,241.8000030517578,11.18000030517578,9.93000030517578,29.193086031889578,38.723558794284685,54.923361787191304,54.923361787191304,-53.73331150968965,54.923361787191304,54.923361787191304,-53.73331150968965,54.923361787191304,54.923361787191304,-53.73331150968965,57.33146025521443,57.33146025521443,-49.671978801634765
2017-07-03,242.8800048828125,242.2100067138672,11.220000267028809,10.210000038146973,29.515581875926006,32.24958440364283,65.08194063905746,-61.802056708381706,-61.802056708381706,65.08194063905746,-61.802056708381706,-61.802056708381706,65.08194063905746,-61.802056708381706,-61.802056708381706,71.83043019797947,-59.99117115975212,-59.99117115975212
2017-07-05,242.6300048828125,242.77000427246097,11.06999969482422,9.649999618530272,30.002617198928355,48.7035323002349,-12.469112796328139,12.855963223976133,12.855963223976133,-12.469112796328139,12.855963223976133,12.855963223976133,-12.469112796328139,12.855963223976133,12.855963223976133,-8.79884398704742,14.851919150284035,14.851919150284035
2017-07-06,241.88999938964844,240.5500030517578,12.539999961853027,11.529999732971191,27.95626041693042,-204.6356781997936,156.1829387275856,156.1829387275856,-146.54691512859395,156.1829387275856,156.1829387275856,-146.54691512859395,156.1829387275856,156.1829387275856,-146.54691512859395,159.13677429831756,159.13677429831756,-134.58402045220123
2017-07-07,241.2100067138672,242.11000061035156,11.1899995803833,9.260000228881836,23.059235558975942,-492.30248579544775,-60.22605337065612,-60.22605337065612,69.49787352839171,-60.22605337065612,-60.22605337065612,69.49787352839171,-60.22605337065612,-60.22605337065612,69.49787352839171,-60.046509557980855,-60.046509557980855,83.86960575739789
2017-07-10,242.11000061035156,242.3699951171875,11.109999656677246,9.899999618530272,22.920694229491914,-13.854132948402764,-16.233137023796317,-16.233137023796317,17.90339242597814,-16.233137023796317,-16.233137023796317,17.90339242597814,-16.233137023796317,-16.233137023796317,17.90339242597814,-14.452396768378836,-14.452396768378836,23.07229294600146
2017-07-11,242.3699951171875,242.19000244140625,10.890000343322754,9.369999885559082,22.444914967920113,-47.57792615718017,22.476388318339136,22.476388318339136,-23.0544509801369,22.476388318339136,22.476388318339136,-23.0544509801369,22.476388318339136,22.476388318339136,-23.0544509801369,24.52128765166981,24.52128765166981,-20.398050091389774
2017-07-12,243.3000030517578,244.0099945068359,10.300000190734863,8.0600004196167,22.19472601138085,-25.018895653926165,-74.72577966992345,74.74654965080852,74.74654965080852,-74.72577966992345,74.74654965080852,74.74654965080852,-74.72577966992345,74.74654965080852,74.74654965080852,-69.54707566476037,74.86797556020962,74.86797556020962
2017-07-13,244.02000427246097,244.4199981689453,9.899999618530272,8.010000228881836,21.712571473795307,-48.21545375855436,-54.58663178579448,65.14633424537979,65.14633424537979,-54.58663178579448,65.14633424537979,65.14633424537979,-54.58663178579448,65.14633424537979,65.14633424537979,-38.76177731452197,65.16056370142618,65.16056370142618
2017-07-14,244.4199981689453,245.55999755859375,9.510000228881836,7.550000190734863,21.64459016470414,-6.798130909116651,44.11389421611032,44.11389421611032,44.11389421611032,44.11389421611032,44.11389421611032,44.11389421611032,44.11389421611032,44.11389421611032,44.11389421611032,44.11537297163155,44.11537297163155,44.11537297163155
2017-07-17,245.47000122070312,245.52999877929688,9.81999969482422,8.390000343322754,22.004214054162894,35.96238894587529,55.66729681773743,55.66729681773743,55.66729681773743,55.66729681773743,55.66729681773743,55.66729681773743,55.66729681773743,55.66729681773743,55.66729681773743,55.67763424900998,55.67763424900998,55.67763424900998
2017-07-18,245.05999755859375,245.66000366210935,9.890000343322754,8.4399995803833,22.144553744045034,14.033968988213985,35.63084799169414,35.63084799169414,35.63084799169414,35.63084799169414,35.63084799169414,35.63084799169414,35.63084799169414,35.63084799169414,35.63084799169414,35.63506262156173,35.63506262156173,35.63506262156173
2017-07-19,246.02000427246097,246.9900054931641,9.789999961853027,7.849999904632568,22.66286238172524,51.83086376802066,-70.084834766827,-70.084834766827,77.65127205736636,-70.084834766827,-70.084834766827,77.65127205736636,-70.084834766827,-70.084834766827,77.65127205736636,-70.0631995657941,-70.0631995657941,90.47543805288319
2017-07-20,247.27999877929688,247.1000061035156,9.579999923706056,7.690000057220459,22.385735636124302,-27.71267456009383,21.084108484363576,21.084108484363576,-24.644499044189395,21.084108484363576,21.084108484363576,-24.644499044189395,21.084108484363576,21.084108484363576,-24.644499044189395,21.631333756670323,21.631333756670323,-23.47275608784833
2017-07-21,246.44000244140625,246.8800048828125,9.359999656677246,7.099999904632568,21.914437437722647,-47.12981984016551,-33.66350236671656,-33.66350236671656,32.94252965720459,-33.66350236671656,-33.66350236671656,32.94252965720459,-33.66350236671656,-33.66350236671656,32.94252965720459,-33.640632126109324,-33.640632126109324,37.4780455104051
2017-07-24,246.7899932861328,246.82000732421875,9.43000030517578,7.639999866485596,21.885450551554975,-2.898688616767231,4.38619387657533,4.38619387657533,-6.394033943255748,4.38619387657533,4.38619387657533,-6.394033943255748,4.38619387657533,4.38619387657533,-6.394033943255748,4.534200615828789,4.534200615828789,-3.270521915344402
2017-07-25,247.67999267578125,247.4199981689453,9.43000030517578,7.869999885559082,22.19123328673831,30.578273518333532,26.837871157344996,-30.007158524656518,-30.007158524656518,26.837871157344996,-30.007158524656518,-30.007158524656518,26.837871157344996,-30.007158524656518,-30.007158524656518,28.394638680998053,-29.45385458133447,-29.45385458133447
2017-07-26,247.75,247.42999267578125,9.600000381469728,8.069999694824219,22.404906365691026,21.367307895271637,32.36243705596136,-35.01460255343558,-35.01460255343558,32.36243705596136,-35.01460255343558,-35.01460255343558,32.36243705596136,-35.01460255343558,-35.01460255343558,34.422857732357116,-34.44782976399614,-34.44782976399614
2017-07-27,247.9600067138672,247.1999969482422,10.109999656677246,9.029999732971191,22.98093242189303,57.602605620200364,73.86481282339966,-73.27903323004425,-73.27903323004425,73.86481282339966,-73.27903323004425,-73.27903323004425,73.86481282339966,-73.27903323004425,-73.27903323004425,78.91648204983926,-72.46555054222027,-72.46555054222027
2017-07-28,246.6499938964844,246.91000366210935,10.289999961853027,8.550000190734863,23.058928644208613,7.799622231558345,-12.310003632235864,-12.310003632235864,13.665749120284092,-12.310003632235864,-12.310003632235864,13.665749120284092,-12.310003632235864,-12.310003632235864,13.665749120284092,-12.020726357189558,-12.020726357189558,20.011580112750174
2017-07-31,247.3699951171875,246.77000427246097,10.260000228881836,9.43000030517578,22.839805492536726,-21.912315167188723,64.99403421249566,64.99403421249566,-64.86847099546245,64.99403421249566,64.99403421249566,-64.86847099546245,64.99403421249566,64.99403421249566,-64.86847099546245,67.3618628248274,67.3618628248274,-61.83136855616136
2017-08-01,247.4600067138672,247.32000732421875,10.09000015258789,8.930000305175781,22.84865179952463,0.884630698790545,17.137976719350668,17.137976719350668,-18.398224918393,17.137976719350668,17.137976719350668,-18.398224918393,17.137976719350668,17.137976719350668,-18.398224918393,19.20089818988078,19.20089818988078,-16.44203388423
2017-08-02,247.47000122070312,247.44000244140625,10.279999732971191,8.680000305175781,23.15522938084837,30.657758132373658,5.764352409600518,5.764352409600518,-7.614722859466136,5.764352409600518,5.764352409600518,-7.614722859466136,5.764352409600518,5.764352409600518,-7.614722859466136,7.558379956858621,7.558379956858621,-5.979761291528638
2017-08-03,247.30999755859375,246.9600067138672,10.4399995803833,9.3100004196167,23.10279364027887,-5.243574056949996,40.58766746530795,40.58766746530795,-40.73005811470278,40.58766746530795,40.58766746530795,-40.73005811470278,40.58766746530795,40.58766746530795,-40.73005811470278,42.57898241808061,42.57898241808061,-37.58439869032182
2017-08-04,247.52000427246097,247.41000366210935,10.029999732971191,8.579999923706055,22.710058273093736,-39.27353671851321,13.214910826501105,-15.26041783663847,-15.26041783663847,13.214910826501105,-15.26041783663847,-15.26041783663847,13.214910826501105,-15.26041783663847,-15.26041783663847,15.062055470290959,-13.873710105883339,-13.873710105883339
2017-08-07,247.4900054931641,247.8699951171875,9.93000030517578,8.430000305175781,22.721403305618225,1.1345032524488374,-35.6423937171573,-35.6423937171573,33.26201378791789,-35.6423937171573,-35.6423937171573,33.26201378791789,-35.6423937171573,-35.6423937171573,33.26201378791789,-34.0657372864398,-34.0657372864398,34.584336514191506
2017-08-08,247.5099945068359,247.2599945068359,10.960000038146973,10.5,23.85394887214307,113.2545566524847,29.56691072426512,-25.79776252787729,-25.79776252787729,29.56691072426512,-25.79776252787729,-25.79776252787729,29.56691072426512,-25.79776252787729,-25.79776252787729,34.50649034297333,-21.688664838678996,-21.688664838678996
2017-08-09,246.47000122070312,247.25,11.109999656677246,10.720000267028809,24.03701654534251,18.306767319943873,-45.08920631161348,-45.08920631161348,57.32757604623486,-45.08920631161348,-45.08920631161348,57.32757604623486,-45.08920631161348,-45.08920631161348,57.32757604623486,-43.94957597251736,-43.94957597251736,73.7070660084476
2017-08-10,246.2899932861328,243.7599945068359,16.040000915527344,17.829999923706055,30.575139209290654,653.8122663948144,105.38889551059815,105.38889551059815,-167.32040840608448,105.38889551059815,105.38889551059815,-167.32040840608448,105.38889551059815,105.38889551059815,-167.32040840608448,118.49262050339082,118.49262050339082,-236.0465207844511
2017-08-11,244.02000427246097,244.1199951171875,15.510000228881836,15.529999732971191,29.750847242590126,-82.42919667005282,-56.08697363839352,110.0934545428103,110.0934545428103,-56.08697363839352,110.0934545428103,110.0934545428103,-56.08697363839352,110.0934545428103,110.0934545428103,-0.9767619625949941,114.82207015958345,114.82207015958345
2017-08-14,245.58999633789065,246.5399932861328,12.329999923706056,11.630000114440918,25.379465114758247,-437.1382127831879,-5.052872357870617,-5.052872357870617,-5.052872357870617,-5.052872357870617,-5.052872357870617,-5.052872357870617,-5.052872357870617,-5.052872357870617,-5.052872357870617,-4.53271763045646,-4.53271763045646,-4.53271763045646
2017-08-15,246.97999572753903,246.5099945068359,12.039999961853027,10.40999984741211,24.87707171667705,-50.23933980811961,62.3909404445514,62.3909404445514,-57.37804137632219,62.3909404445514,62.3909404445514,-57.37804137632219,62.3909404445514,62.3909404445514,-57.37804137632219,64.55193779403825,64.55193779403825,-49.246577799379246
2017-08-16,247.11000061035156,246.94000244140625,11.739999771118164,9.729999542236328,24.57887357170266,-29.819814497439268,26.938716871233858,26.938716871233858,-25.17105285037988,26.938716871233858,26.938716871233858,-25.17105285037988,26.938716871233858,26.938716871233858,-25.17105285037988,28.753322884040536,28.753322884040536,-19.93860710022266
2017-08-17,246.2400054931641,243.08999633789065,15.550000190734863,15.770000457763672,29.211253328671972,463.2379756969314,19.794991091248693,19.794991091248693,-162.91070825319204,19.794991091248693,19.794991091248693,-162.91070825319204,19.794991091248693,19.794991091248693,-162.91070825319204,27.202413578728613,27.202413578728613,-307.7863954147305
2017-08-18,242.8999938964844,242.7100067138672,14.260000228881836,13.170000076293944,26.88148285471486,-232.97704739571117,16.586721129533256,0.721312538151444,0.721312538151444,16.586721129533256,0.721312538151444,0.721312538151444,16.586721129533256,0.721312538151444,0.721312538151444,32.84911850969306,7.0620582719840534,7.0620582719840534
2017-08-21,242.63999938964844,242.8999938964844,13.1899995803833,12.479999542236328,25.045434294699646,-183.60485600152145,-21.747398821194718,33.75355356297247,33.75355356297247,-21.747398821194718,33.75355356297247,33.75355356297247,-21.747398821194718,33.75355356297247,33.75355356297247,-11.237994812021876,40.534136639626816,40.534136639626816
2017-08-22,243.57000732421875,245.44000244140625,11.350000381469728,9.920000076293944,23.06839317532767,-197.70411193719752,-155.95194333075943,122.1109929242263,122.1109929242263,-155.95194333075943,122.1109929242263,122.1109929242263,-155.95194333075943,122.1109929242263,122.1109929242263,-184.93931178697585,122.53734549192222,122.53734549192222
2017-08-23,244.3300018310547,244.55999755859375,12.25,11.140000343322754,24.062892579453163,99.44994041254915,99.23371765681333,99.23371765681333,99.23371765681333,99.23371765681333,99.23371765681333,99.23371765681333,99.23371765681333,99.23371765681333,99.23371765681333,99.53374204450566,99.53374204450566,99.53374204450566
2017-08-24,245.0,243.9900054931641,12.229999542236328,10.329999923706056,23.767608717022313,-29.52838624308498,23.557444960820263,23.557444960820263,23.557444960820263,23.557444960820263,23.557444960820263,23.557444960820263,23.557444960820263,23.557444960820263,23.557444960820263,23.63365790855181,23.63365790855181,23.63365790855181
2017-08-25,244.8999938964844,244.55999755859375,11.279999732971191,8.970000267028809,22.46602654244333,-130.15821745789822,63.92395645421254,63.92395645421254,63.92395645421254,63.92395645421254,63.92395645421254,63.92395645421254,63.92395645421254,63.92395645421254,63.92395645421254,63.93425800470603,63.93425800470603,63.93425800470603
2017-08-28,245.1699981689453,244.57000732421875,11.31999969482422,9.449999809265137,22.421980758393318,-4.404578405001303,71.96384343983092,71.96384343983092,71.96384343983092,71.96384343983092,71.96384343983092,71.96384343983092,71.96384343983092,71.96384343983092,71.96384343983092,71.99193999291039,71.99193999291039,71.99193999291039
2017-08-29,243.05999755859375,244.8500061035156,11.699999809265137,9.8100004196167,23.090775988374546,66.87952299812281,-183.1863293942052,186.39670068827837,186.39670068827837,-183.1863293942052,186.39670068827837,186.39670068827837,-183.1863293942052,186.39670068827837,186.39670068827837,-175.72830693499233,187.42850011909653,187.42850011909653
2017-08-30,244.8300018310547,246.0099945068359,11.220000267028809,9.149999618530272,22.836030764643482,-25.474522373106367,9.498375416551765,9.498375416551765,9.498375416551765,9.498375416551765,9.498375416551765,9.498375416551765,9.498375416551765,9.498375416551765,9.498375416551765,9.512692850969275,9.512692850969275,9.512692850969275
2017-08-31,246.72000122070312,247.4900054931641,10.59000015258789,8.65999984741211,22.613306295936674,-22.272446870680795,-64.17348994137772,-64.17348994137772,65.22990025337648,-64.17348994137772,-64.17348994137772,65.22990025337648,-64.17348994137772,-64.17348994137772,65.22990025337648,-63.79575711950562,-63.79575711950562,71.18794087801578
2017-09-01,247.9199981689453,247.83999633789065,10.130000114440918,7.940000057220459,22.125795468312354,-48.75108276243196,7.31811717628659,-9.622359486193385,-9.622359486193385,7.31811717628659,-9.622359486193385,-9.622359486193385,7.31811717628659,-9.622359486193385,-9.622359486193385,9.958410145135524,-9.28753575315315,-9.28753575315315
2017-09-05,247.2599945068359,246.05999755859375,12.229999542236328,11.34000015258789,24.151785979507977,202.5990511195623,132.07281513913125,132.07281513913125,-124.51132278032696,132.07281513913125,132.07281513913125,-124.51132278032696,132.07281513913125,132.07281513913125,-124.51132278032696,137.03911304634326,137.03911304634326,-116.63591569073809
2017-09-06,246.83999633789065,246.8999938964844,11.630000114440918,10.220000267028809,23.597908947865065,-55.387703164291224,11.990618604652806,11.990618604652806,-6.600270290530672,11.990618604652806,11.990618604652806,-6.600270290530672,11.990618604652806,11.990618604652806,-6.600270290530672,13.53673701013374,13.53673701013374,2.523511535711467
2017-09-07,247.25,246.8699951171875,11.550000190734863,9.75,23.427921459174527,-16.99874886905377,45.54420240612405,45.54420240612405,-44.2153972246625,45.54420240612405,45.54420240612405,-44.2153972246625,45.54420240612405,45.54420240612405,-44.2153972246625,47.86461875405521,47.86461875405521,-39.927625516823475
2017-09-08,246.5399932861328,246.5800018310547,12.119999885559082,11.289999961853027,24.09840673262947,67.04852734549434,30.404547630215227,30.404547630215227,-16.47118850898239,30.404547630215227,30.404547630215227,-16.47118850898239,30.404547630215227,30.404547630215227,-16.47118850898239,32.1779558302508,32.1779558302508,0.971074964320342
2017-09-11,248.0399932861328,249.2100067138672,10.729999542236328,9.010000228881836,23.339186894026902,-75.92198386025686,-120.01869531823057,121.0924658402074,121.0924658402074,-120.01869531823057,121.0924658402074,121.0924658402074,-120.01869531823057,121.0924658402074,121.0924658402074,-114.34797045663828,121.77488741584666,121.77488741584666
2017-09-12,249.6300048828125,250.0500030517578,10.579999923706056,9.25,23.58793474164638,24.874784761947666,111.48472911242453,111.48472911242453,111.48472911242453,111.48472911242453,111.48472911242453,111.48472911242453,111.48472911242453,111.48472911242453,111.48472911242453,111.51289290153645,111.51289290153645,111.51289290153645
2017-09-13,249.72000122070312,250.1699981689453,10.5,9.380000114440918,23.51975228396543,-6.818245768094755,99.71613805916893,99.71613805916893,99.71613805916893,99.71613805916893,99.71613805916893,99.71613805916893,99.71613805916893,99.71613805916893,99.71613805916893,99.74632084737956,99.74632084737956,99.74632084737956
2017-09-14,249.8000030517578,250.08999633789065,10.4399995803833,9.289999961853027,23.35958521833799,-16.016706562744076,105.75368671920808,105.75368671920808,105.75368671920808,105.75368671920808,105.75368671920808,105.75368671920808,105.75368671920808,105.75368671920808,105.75368671920808,105.7782128285874,105.7782128285874,105.7782128285874
2017-09-15,248.69000244140625,249.19000244140625,10.170000076293944,8.300000190734863,22.448899885368014,-91.0685332969976,-59.96573169795789,66.15809555049032,66.15809555049032,-59.96573169795789,66.15809555049032,66.15809555049032,-59.96573169795789,66.15809555049032,66.15809555049032,-48.56648747765264,66.23059853108332,66.23059853108332
2017-09-18,249.61000061035156,249.72000122070312,10.149999618530272,8.720000267028809,22.628802808608484,17.99029232404692,82.41338286800607,82.41338286800607,82.41338286800607,82.41338286800607,82.41338286800607,82.41338286800607,82.41338286800607,82.41338286800607,82.41338286800607,82.42598689583825,82.42598689583825,82.42598689583825
2017-09-19,250.0,249.97000122070312,10.18000030517578,9.09000015258789,22.780349412228958,15.154660362047423,108.63743595700889,108.63743595700889,108.63743595700889,108.63743595700889,108.63743595700889,108.63743595700889,108.65518264705703,108.65518264705703,108.65518264705703,108.65518264705703,108.65518264705703,108.65518264705703
2017-09-20,250.07000732421875,250.05999755859375,9.779999732971191,8.949999809265137,22.308752480349966,-47.159693187899165,104.19345329304011,104.19345329304011,104.19345329304011,104.19345329304011,104.19345329304011,104.19345329304011,104.20848202786236,104.20848202786236,104.20848202786236,104.20848202786236,104.20848202786236,104.20848202786236
2017-09-21,249.8800048828125,249.38999938964844,9.670000076293944,8.4399995803833,21.728140811513832,-58.061166883613424,42.607053606450165,42.607053606450165,42.607053606450165,42.607053606450165,42.607053606450165,42.607053606450165,42.607053606450165,42.607053606450165,42.607053606450165,42.61237993259775,42.61237993259775,42.61237993259775
2017-09-22,249.0500030517578,249.44000244140625,9.59000015258789,7.980000019073486,21.626339279020947,-10.180153249288537,-54.82967636038804,66.71725959647702,66.71725959647702,-54.82967636038804,66.71725959647702,66.71725959647702,-54.82967636038804,66.71725959647702,66.71725959647702,-37.67895536337227,66.73351931813221,66.73351931813221
2017-09-25,249.1499938964844,248.92999267578125,10.210000038146973,9.210000038146973,21.99102267563626,36.468339661531246,-2.6297849280775254,23.483233475931975,23.483233475931975,-2.6297849280775254,23.483233475931975,23.483233475931975,-2.6297849280775254,23.483233475931975,23.483233475931975,23.431189764452643,23.55624395857834,23.55624395857834
2017-09-26,249.4199981689453,249.0800018310547,10.170000076293944,9.34000015258789,21.990524111151267,-0.049856448499241424,30.408917332459673,30.408917332459673,30.408917332459673,30.408917332459673,30.408917332459673,30.408917332459673,30.408917332459673,30.408917332459673,30.408917332459673,30.456211007513367,30.456211007513367,30.456211007513367
2017-09-27,249.8800048828125,250.0500030517578,9.869999885559082,9.029999732971191,22.164744237683543,17.422012653227625,105.99513035945705,105.99513035945705,105.99513035945705,105.99513035945705,105.99513035945705,105.99513035945705,105.99513035945705,105.99513035945705,105.99513035945705,106.01074417754862,106.01074417754862,106.01074417754862
2017-09-28,249.72999572753903,250.3500061035156,9.550000190734863,8.390000343322754,21.940652994781168,-22.409124290237514,69.3516475752648,69.3516475752648,69.3516475752648,69.3516475752648,69.3516475752648,69.3516475752648,69.3516475752648,69.3516475752648,69.3516475752648,69.35719478783724,69.35719478783724,69.35719478783724
2017-09-29,250.33999633789065,251.22999572753903,9.510000228881836,7.949999809265137,22.433207604572353,49.25546097911848,-21.092397315086675,-21.092397315086675,-21.092397315086675,-21.092397315086675,-21.092397315086675,-21.092397315086675,-21.08819380856284,-21.08819380856284,-21.08819380856284,-21.08819380856284,-21.08819380856284,-21.08819380856284
2017-10-02,251.4900054931641,252.32000732421875,9.449999809265137,8.180000305175781,23.002788777344044,56.95811727716915,-66.81178272481253,-66.81178272481253,69.17974406796372,-66.81178272481253,-66.81178272481253,69.17974406796372,-66.65371791264371,-66.65371791264371,76.6690032626616,-66.65371791264371,-66.65371791264371,76.6690032626616
2017-10-03,252.32000732421875,252.86000061035156,9.510000228881836,8.039999961853027,23.40634296221129,40.35541848672466,-50.415386888065704,-50.415386888065704,47.655183073608654,-50.415386888065704,-50.415386888065704,47.655183073608654,-49.47461774830677,-49.47461774830677,49.233568993018004,-49.47461774830677,-49.47461774830677,49.233568993018004
2017-10-04,252.69000244140625,253.16000366210935,9.630000114440918,8.020000457763672,23.70502110699131,29.867814478001975,-46.176667505595084,43.58659218450616,43.58659218450616,-46.176667505595084,43.58659218450616,43.58659218450616,-44.20231710118496,44.30152546371644,44.30152546371644,-44.20231710118496,44.30152546371644,44.30152546371644
2017-10-05,253.5399932861328,254.66000366210935,9.1899995803833,7.809999942779541,24.340381751842994,63.53606448516835,-118.50272702233082,121.3011476224774,121.3011476224774,-118.50272702233082,121.3011476224774,121.3011476224774,-110.49433272626976,121.37053705024127,121.37053705024127,-110.49433272626976,121.37053705024127,121.37053705024127
2017-10-06,254.1499938964844,254.3699951171875,9.649999618530272,7.880000114440918,24.520319997430867,17.993824558787352,-40.544505305435074,55.2170693114651,55.2170693114651,-40.544505305435074,55.2170693114651,55.2170693114651,-20.605805494075224,55.230360706023966,55.230360706023966,-20.605805494075224,55.230360706023966,55.230360706023966
2017-10-09,254.6300048828125,253.9499969482422,10.329999923706056,9.34000015258789,24.800528142663516,28.020814523264903,14.848495311859415,14.848495311859415,14.848495311859415,14.848495311859415,14.848495311859415,14.848495311859415,14.890228578500357,14.890228578500357,14.890228578500357,14.890228578500357,14.890228578500357,14.890228578500357
2017-10-10,254.6000061035156,254.6199951171875,10.079999923706056,8.720000267028809,24.980091816822835,17.95636741593185,74.71262107758288,74.71262107758288,74.71262107758288,74.71262107758288,74.71262107758288,74.71262107758288,74.72978580121759,74.72978580121759,74.72978580121759,74.72978580121759,74.72978580121759,74.72978580121759
2017-10-11,254.5099945068359,255.02000427246097,9.850000381469728,8.319999694824219,25.01160566771587,3.15138508930346,107.89581907930273,107.89581907930273,107.89581907930273,107.89581907930273,107.89581907930273,107.89581907930273,107.90635585473304,107.90635585473304,107.90635585473304,107.90635585473304,107.90635585473304,107.90635585473304
2017-10-12,254.66000366210935,254.63999938964844,9.90999984741211,8.34000015258789,24.757331950897665,-25.427371681820432,70.86689177956978,70.86689177956978,70.86689177956978,70.86689177956978,70.86689177956978,70.86689177956978,70.87472740007652,70.87472740007652,70.87472740007652,70.87472740007652,70.87472740007652,70.87472740007652
2017-10-13,255.13999938964844,254.9499969482422,9.609999656677246,8.029999732971191,24.667064341786443,-9.026760911122267,96.34004967769799,96.34004967769799,96.34004967769799,96.34004967769799,96.34004967769799,96.34004967769799,96.344157698417,96.344157698417,96.344157698417,96.344157698417,96.344157698417,96.344157698417
2017-10-16,255.2100067138672,255.2899932861328,9.90999984741211,8.460000038146973,25.09035891470063,42.32945729141875,78.69188804546113,78.69188804546113,78.69188804546113,78.69188804546113,78.69188804546113,78.69188804546113,78.70280689044223,78.70280689044223,78.70280689044223,78.70280689044223,78.70280689044223,78.70280689044223
2017-10-17,255.22999572753903,255.47000122070312,10.3100004196167,8.6899995803833,25.563169967589637,47.281105288900704,63.88570991329714,63.88570991329714,63.88570991329714,63.88570991329714,63.88570991329714,63.88570991329714,63.9025801875275,63.9025801875275,63.9025801875275,63.9025801875275,63.9025801875275,63.9025801875275
2017-10-18,255.8999938964844,255.72000122070312,10.06999969482422,8.369999885559082,25.484438856165987,-7.873111142365019,57.987206520943666,57.987206520943666,-43.913974887754414,57.987206520943666,57.987206520943666,-43.913974887754414,58.042207486011854,58.042207486011854,-24.616269642012355,58.042207486011854,58.042207486011854,-24.616269642012355
2017-10-19,254.8300018310547,255.7899932861328,10.050000190734863,8.880000114440918,25.482316645388828,-0.2122210777159239,32.61925518263069,32.61925518263069,32.61925518263069,32.61925518263069,32.61925518263069,32.61925518263069,32.63591215069939,32.63591215069939,32.63591215069939,32.63591215069939,32.63591215069939,32.63591215069939
2017-10-20,256.70001220703125,257.1099853515625,9.970000267028809,8.40999984741211,26.37395178088599,89.1635135497161,-27.18200652322411,-27.18200652322411,28.677689852609035,-27.18200652322411,-27.18200652322411,28.677689852609035,-26.787973330144354,-26.787973330144354,35.05870516698193,-26.787973330144354,-26.787973330144354,35.05870516698193
2017-10-23,257.4800109863281,256.1099853515625,11.06999969482422,10.770000457763672,26.537554145023527,16.36023641375388,143.59250222554178,143.59250222554178,-136.90273363888787,143.59250222554178,143.59250222554178,-136.90273363888787,149.85785138566305,149.85785138566305,-131.19826267516586,149.85785138566305,149.85785138566305,-131.19826267516586
2017-10-24,256.6000061035156,256.55999755859375,11.15999984741211,10.479999542236328,26.906593842069014,36.9039697045487,33.575161394383194,33.575161394383194,-22.43822239640003,33.575161394383194,33.575161394383194,-22.43822239640003,35.145493524819635,35.145493524819635,-7.590879504561585,35.145493524819635,35.145493524819635,-7.590879504561585
2017-10-25,256.17999267578125,255.2899932861328,11.229999542236328,11.09000015258789,26.05207410989164,-85.45197321773728,141.7124512045549,141.7124512045549,-119.59533145108729,141.7124512045549,141.7124512045549,-119.59533145108729,142.9011784199066,142.9011784199066,-93.37793935678658,142.9011784199066,142.9011784199066,-93.37793935678658
2017-10-26,255.9900054931641,255.6199951171875,11.300000190734863,10.6899995803833,26.311206438321072,25.913232842943046,95.90659931822552,95.90659931822552,-71.462985255747,95.90659931822552,95.90659931822552,-71.462985255747,96.5804946406984,96.5804946406984,-42.40540034221964,96.5804946406984,96.5804946406984,-42.40540034221964
2017-10-27,256.4700012207031,257.7099914550781,9.800000190734863,8.609999656677246,26.460448003723812,14.92415654027397,-103.39119100468778,-103.39119100468778,108.12485161698667,-103.39119100468778,-103.39119100468778,108.12485161698667,-103.10265141654466,-103.10265141654466,117.84936009559257,-103.10265141654466,-103.10265141654466,117.84936009559257
2017-10-30,256.4700012207031,256.75,10.5,9.8100004196167,26.203030774430474,-25.741722929333832,1.2573024167927183,1.2573024167927183,8.583828940049834,1.2573024167927183,1.2573024167927183,8.583828940049834,2.068391555397666,2.068391555397666,22.89377481752546,2.068391555397666,2.068391555397666,22.89377481752546
2017-10-31,257.17999267578125,257.1499938964844,10.18000030517578,9.31999969482422,26.19199597203029,-1.1034802400182286,11.725541160038125,11.725541160038125,-10.356080872400739,11.725541160038125,11.725541160038125,-10.356080872400739,13.731987059406174,13.731987059406174,-5.713684624901314,13.731987059406174,13.731987059406174,-5.713684624901314
2017-11-01,258.0400085449219,257.489990234375,10.199999809265137,9.289999961853027,26.43385552822381,24.185955619351773,51.24666874159145,-48.00304391626036,-48.00304391626036,51.24666874159145,-48.00304391626036,-48.00304391626036,58.66278015266324,-46.89607509747848,-46.89607509747848,58.66278015266324,-46.89607509747848,-46.89607509747848
2017-11-02,257.4100036621094,257.5899963378906,9.93000030517578,8.539999961853027,26.259083293164593,-17.477223505921557,-14.228988797859829,-14.228988797859829,12.863036849295709,-14.228988797859829,-14.228988797859829,12.863036849295709,-12.394377461997871,-12.394377461997871,14.941833865647494,-12.394377461997871,-12.394377461997871,14.941833865647494
2017-11-03,257.7699890136719,258.45001220703125,9.140000343322754,7.840000152587891,26.35311582139079,9.403252822619734,-67.6557717926104,65.23158139161052,65.23158139161052,-67.6557717926104,65.23158139161052,65.23158139161052,-65.38540953293628,65.81638779670972,65.81638779670972,-65.38540953293628,65.81638779670972,65.81638779670972
2017-11-06,258.29998779296875,258.8500061035156,9.399999618530272,8.09000015258789,26.756627800564274,40.35119791734836,-59.70794787098479,61.24588653778673,61.24588653778673,-59.70794787098479,61.24588653778673,61.24588653778673,-53.111947146846084,61.46719063132529,61.46719063132529,-53.111947146846084,61.46719063132529,61.46719063132529
2017-11-07,258.9700012207031,258.6700134277344,9.890000343322754,8.829999923706055,26.91369839456531,15.707059400103418,10.512487337852486,5.461056022880209,5.461056022880209,10.512487337852486,5.461056022880209,5.461056022880209,31.65873965999244,5.56834295350024,5.56834295350024,31.65873965999244,5.56834295350024,5.56834295350024
2017-11-08,258.4700012207031,259.1099853515625,9.779999732971191,8.279999732971191,27.159152112908274,24.545371834296503,-71.44272300487377,75.60350992411621,75.60350992411621,-71.44272300487377,75.60350992411621,75.60350992411621,-62.18543217367818,75.78639145044977,75.78639145044977,-62.18543217367818,75.78639145044977,75.78639145044977
2017-11-09,257.7300109863281,258.1700134277344,10.5,9.649999618530272,26.913682894084253,-24.546921882402017,-43.41450687843065,46.05045312427551,46.05045312427551,-43.41450687843065,46.05045312427551,46.05045312427551,-37.85046967959642,48.40181404860429,48.40181404860429,-37.85046967959642,48.40181404860429,48.40181404860429
2017-11-10,257.7300109863281,258.0899963378906,11.289999961853027,10.3100004196167,27.48247000794678,56.87871138625269,-35.15262229020644,40.438310511072984,40.438310511072984,-35.15262229020644,40.438310511072984,40.438310511072984,-27.90886789802005,43.76001628850845,43.76001628850845,-27.90886789802005,43.76001628850845,43.76001628850845
2017-11-13,257.30999755859375,258.3299865722656,11.5,9.84000015258789,27.72806910805106,24.5599100104279,-94.11425407019556,-94.11425407019556,96.99008104579872,-94.11425407019556,-94.11425407019556,96.99008104579872,-90.82319800167642,-90.82319800167642,101.85429284125689,-90.82319800167642,-90.82319800167642,101.85429284125689
2017-11-14,257.4100036621094,257.7300109863281,11.59000015258789,9.729999542236328,27.33048902706617,-39.75800809848877,-26.16920687692967,-26.16920687692967,28.51285287305381,-26.16920687692967,-26.16920687692967,28.51285287305381,-22.54859234608044,-22.54859234608044,32.515305977012,-22.54859234608044,-22.54859234608044,32.515305977012
2017-11-15,256.6199951171875,256.44000244140625,13.130000114440918,11.729999542236328,27.93329177423471,60.28027471685391,55.82860732769917,55.82860732769917,-38.28430759371539,55.82860732769917,55.82860732769917,-38.28430759371539,58.92847689055028,58.92847689055028,-18.551551128696286,58.92847689055028,58.92847689055028,-18.551551128696286
2017-11-16,257.5199890136719,258.6199951171875,11.760000228881836,8.739999771118164,28.05247273648952,11.918096225480923,-107.20462187469352,106.39474983827614,106.39474983827614,-107.20462187469352,106.39474983827614,106.39474983827614,-104.67452759134838,108.33414607752431,108.33414607752431,-104.67452759134838,108.33414607752431,108.33414607752431
2017-11-17,258.2200012207031,257.8599853515625,11.43000030517578,8.489999771118164,27.162467525042395,-89.00052114471251,31.311930976256733,-29.250577995279237,-29.250577995279237,31.311930976256733,-29.250577995279237,-29.250577995279237,38.251383522542135,-28.849299067551115,-28.849299067551115,38.251383522542135,-28.849299067551115,-28.849299067551115
2017-11-20,258.1400146484375,258.29998779296875,10.649999618530272,8.600000381469727,26.727833893426222,-43.46336316161725,-19.941682205040422,21.633387916093973,21.633387916093973,-19.941682205040422,21.633387916093973,21.633387916093973,-13.497090781921514,22.159881429577034,22.159881429577034,-13.497090781921514,22.159881429577034,22.159881429577034
2017-11-21,259.17999267578125,259.989990234375,9.729999542236328,7.96999979019165,27.412815627947122,68.49817345208997,-101.58438400164657,118.39197755678885,118.39197755678885,-101.58438400164657,118.39197755678885,118.39197755678885,-79.51582527203823,118.4105256137236,118.4105256137236,-79.51582527203823,118.4105256137236,118.4105256137236
2017-11-22,260.0,259.760009765625,9.880000114440918,7.869999885559082,27.280169540513604,-13.264608743351758,76.28825950883292,76.28825950883292,76.28825950883292,76.28825950883292,76.28825950883292,76.28825950883292,76.29152377514504,76.29152377514504,76.29152377514504,76.29152377514504,76.29152377514504,76.29152377514504
2017-11-24,260.32000732421875,260.3599853515625,9.670000076293944,7.869999885559082,27.587801216422076,30.763167590847118,68.3074857717519,68.3074857717519,68.3074857717519,68.3074857717519,68.3074857717519,68.3074857717519,68.31379841164187,68.31379841164187,68.31379841164187,68.31379841164187,68.31379841164187,68.31379841164187
2017-11-27,260.4100036621094,260.2300109863281,9.869999885559082,9.0,27.49447911485774,-9.332210156433618,97.50990553686096,97.50990553686096,97.50990553686096,97.50990553686096,97.50990553686096,97.50990553686096,97.56022428792207,97.56022428792207,97.56022428792207,97.56022428792207,97.56022428792207,97.56022428792207
2017-11-28,260.760009765625,262.8699951171875,10.029999732971191,9.18000030517578,29.809344082332828,231.48649674750885,-152.98005353018303,-152.98005353018303,176.14294870853308,-152.98005353018303,-152.98005353018303,176.14294870853308,-152.84685948102998,-152.84685948102998,204.45373346204104,-152.84685948102998,-152.84685948102998,204.45373346204104
2017-11-29,263.0199890136719,262.7099914550781,10.699999809265137,10.15999984741211,30.0101874920491,20.084340971627057,26.408439758911427,-18.913350728892663,-18.913350728892663,26.408439758911427,-18.913350728892663,-18.913350728892663,36.96378647996166,-16.693330009873517,-16.693330009873517,36.96378647996166,-16.693330009873517,-16.693330009873517
2017-11-30,263.760009765625,265.010009765625,11.279999732971191,11.380000114440918,32.2650027246178,225.48152325687028,-149.82060226930494,175.32826199851755,175.32826199851755,-149.82060226930494,175.32826199851755,175.32826199851755,-120.5236425221708,176.84893770317038,176.84893770317038,-120.5236425221708,176.84893770317038,176.84893770317038
2017-12-01,264.760009765625,264.4599914550781,11.43000030517578,11.979999542236328,31.85002126021276,-41.49814644050416,102.8437087467719,102.8437087467719,102.8437087467719,102.8437087467719,102.8437087467719,102.8437087467719,103.66188021372825,103.66188021372825,103.66188021372825,103.66188021372825,103.66188021372825,103.66188021372825
2017-12-04,266.30999755859375,264.1400146484375,11.68000030517578,12.210000038146973,31.624250120389352,-22.57711398234079,105.63383071656746,105.63383071656746,-162.643571205961,105.63383071656746,105.63383071656746,-162.643571205961,108.86623182850818,108.86623182850818,-217.5585524615969,108.86623182850818,108.86623182850818,-217.5585524615969
2017-12-05,263.19000244140625,263.19000244140625,11.329999923706056,11.109999656677246,30.57822692026256,-104.60232001267933,-9.482998189277378,23.762117690486242,23.762117690486242,-9.482998189277378,23.762117690486242,23.762117690486242,7.223835773880463,26.620389370372543,26.620389370372543,7.223835773880463,26.620389370372543,26.620389370372543
2017-12-06,263.29998779296875,263.239990234375,11.020000457763672,10.899999618530272,30.395727418050548,-18.24995022120106,-5.815106198727868,20.477186036259432,20.477186036259432,-5.815106198727868,20.477186036259432,20.477186036259432,11.924367291883023,22.68536868064424,22.68536868064424,11.924367291883023,22.68536868064424,22.68536868064424
2017-12-07,264.07000732421875,264.07000732421875,10.15999984741211,9.510000228881836,30.624821859506966,22.9094441456418,-26.535005928551293,49.96100514201658,49.96100514201658,-26.535005928551293,49.96100514201658,49.96100514201658,1.9542885393002662,50.18156407806269,50.18156407806269,1.9542885393002662,50.18156407806269,50.18156407806269
2017-12-08,265.1600036621094,265.510009765625,9.579999923706056,8.4399995803833,31.653477832953023,102.86559734460567,59.9768037944654,59.9768037944654,59.9768037944654,59.9768037944654,59.9768037944654,59.9768037944654,59.99377010647826,59.99377010647826,59.99377010647826,59.99377010647826,59.99377010647826,59.99377010647826
2017-12-11,266.30999755859375,266.30999755859375,9.34000015258789,8.789999961853027,32.22344839234798,56.99705593949602,29.78275939508228,29.78275939508228,-20.463571151879442,29.78275939508228,29.78275939508228,-20.463571151879442,30.123142098589177,30.123142098589177,-6.205207191991288,30.123142098589177,30.123142098589177,-6.205207191991288
2017-12-12,267.2099914550781,266.7799987792969,9.920000076293944,9.239999771118164,32.81420375469097,59.07553623429891,52.19311970909908,52.19311970909908,-49.953560530833904,52.19311970909908,52.19311970909908,-49.953560530833904,54.67649395415457,54.67649395415457,-44.91796887979851,54.67649395415457,54.67649395415457,-44.91796887979851
2017-12-13,267.05999755859375,266.75,10.18000030517578,9.350000381469728,32.847091690540864,3.288793584989236,43.57184391114062,43.57184391114062,-40.24442081081008,43.57184391114062,43.57184391114062,-40.24442081081008,45.65443609873825,45.65443609873825,-33.720145616693586,45.65443609873825,45.65443609873825,-33.720145616693586
2017-12-14,267.0899963378906,265.6600036621094,10.489999771118164,9.869999885559082,31.952249378884105,-89.48423116567596,157.0937359977486,157.0937359977486,-151.73923204033383,157.0937359977486,157.0937359977486,-151.73923204033383,160.0204520392571,160.0204520392571,-144.03180318222928,160.0204520392571,160.0204520392571,-144.03180318222928
2017-12-15,265.45001220703125,266.510009765625,9.420000076293944,8.25,32.31204421279438,35.979483391027856,-36.71920868230709,-36.71920868230709,-36.71920868230709,-36.71920868230709,-36.71920868230709,-36.71920868230709,-36.69609668012485,-36.69609668012485,-36.69609668012485,-36.69609668012485,-36.69609668012485,-36.69609668012485
2017-12-18,268.1000061035156,268.20001220703125,9.529999732971191,8.050000190734863,33.8392672283853,152.722301559092,-12.918740881684407,13.543905818085202,13.543905818085202,-12.918740881684407,13.543905818085202,13.543905818085202,-7.474345815982694,14.004042686577781,14.004042686577781,-7.474345815982694,14.004042686577781,14.004042686577781
2017-12-19,268.4800109863281,267.1700134277344,10.029999732971191,9.029999732971191,32.98978916551857,-84.947806286673,120.00529546372881,-111.11995898481715,-111.11995898481715,120.00529546372881,-111.11995898481715,-111.11995898481715,133.64842871665317,-110.59792954039753,-110.59792954039753,133.64842871665317,-110.59792954039753,-110.59792954039753
2017-12-20,268.2699890136719,267.0299987792969,9.720000267028809,8.34000015258789,32.73211297515678,-25.767619036179212,118.41122397627348,-115.22557618035037,-115.22557618035037,118.41122397627348,-115.22557618035037,-115.22557618035037,126.45248692873159,-114.80179329642492,-114.80179329642492,126.45248692873159,-114.80179329642492,-114.80179329642492
2017-12-21,267.739990234375,267.5799865722656,9.619999885559082,7.630000114440918,33.187820072123756,45.57070969669752,16.682817471781796,-19.013483758101543,-19.013483758101543,16.682817471781796,-19.013483758101543,-19.013483758101543,18.95646707151795,-18.33844050582225,-18.33844050582225,18.95646707151795,-18.33844050582225,-18.33844050582225
2017-12-22,267.6000061035156,267.510009765625,9.899999618530272,7.510000228881836,33.17085377849352,-1.6966293630233054,10.663635188323298,-13.538566944869698,-13.538566944869698,10.663635188323298,-13.538566944869698,-13.538566944869698,12.247257843897133,-12.717762462285684,-12.717762462285684,12.247257843897133,-12.717762462285684,-12.717762462285684
2017-12-26,267.04998779296875,267.19000244140625,10.25,8.479999542236328,32.85718708451915,-31.36666939743762,-4.658970509028723,-4.658970509028723,4.947142983492261,-4.658970509028723,-4.658970509028723,4.947142983492261,-3.526101343615926,-3.526101343615926,9.381811792169461,-3.526101343615926,-3.526101343615926,9.381811792169461
2017-12-27,267.3800048828125,267.32000732421875,10.470000267028809,9.710000038146973,33.01832894472172,16.114186020257648,13.304287391677708,13.304287391677708,-9.561913729930735,13.304287391677708,13.304287391677708,-9.561913729930735,17.41933311243773,17.41933311243773,-4.655076971896285,17.41933311243773,17.41933311243773,-4.655076971896285
2017-12-28,267.8900146484375,267.8699951171875,10.18000030517578,9.270000457763672,33.401167921274904,38.2838976553181,0.2822541937247425,3.1329832423298476,3.1329832423298476,0.2822541937247425,3.1329832423298476,3.1329832423298476,7.187183177791637,4.9227888594254114,4.9227888594254114,7.187183177791637,4.9227888594254114,4.9227888594254114
2017-12-29,268.5299987792969,266.8599853515625,11.039999961853027,10.420000076293944,32.747183705744135,-65.39842155307696,150.31166593093025,-133.3000224002791,-133.3000224002791,150.31166593093025,-133.3000224002791,-133.3000224002791,171.2686175835261,-131.95906670850422,-131.95906670850422,171.2686175835261,-131.95906670850422,-131.95906670850422
2018-01-02,267.8399963378906,268.7699890136719,9.770000457763672,8.539999961853027,33.984566726802676,123.7383021058541,-93.63492583029347,94.14128610192554,94.14128610192554,-93.63492583029347,94.14128610192554,94.14128610192554,-89.03055985912457,95.32265471952506,95.32265471952506,-89.03055985912457,95.32265471952506,95.32265471952506
2018-01-03,268.9599914550781,270.4700012207031,9.149999618530272,7.849999904632568,35.47368939102696,148.91226642242827,-119.83238784202685,85.12562323363984,85.12562323363984,-119.83238784202685,85.12562323363984,85.12562323363984,-149.30488751514775,85.17083111017348,85.17083111017348,-149.30488751514775,85.17083111017348,85.17083111017348
2018-01-04,271.20001220703125,271.6099853515625,9.220000267028809,7.730000019073486,36.56350397048836,108.98145794614038,-14.975711282460333,-14.975711282460333,22.004039651882824,-14.975711282460333,-14.975711282460333,22.004039651882824,-14.882633560125955,-14.882633560125955,34.21867104803928,-14.882633560125955,-14.882633560125955,34.21867104803928
2018-01-05,272.510009765625,273.4200134277344,9.220000267028809,7.699999809265137,38.304953648805174,174.14496783168119,-88.400041081476,86.13115357684505,86.13115357684505,-88.400041081476,86.13115357684505,86.13115357684505,-86.69804389086073,87.43962804757105,87.43962804757105,-86.69804389086073,87.43962804757105,87.43962804757105
2018-01-08,273.30999755859375,273.9200134277344,9.520000457763672,7.900000095367432,38.742502960364604,43.754931155942955,-66.2878806776609,68.84383751536869,68.84383751536869,-66.2878806776609,68.84383751536869,68.84383751536869,-58.74045371555996,69.13174447693716,69.13174447693716,-58.74045371555996,69.13174447693716,69.13174447693716
2018-01-09,274.3999938964844,274.5400085449219,10.079999923706056,8.350000381469727,39.38619280636554,64.36898460009388,-46.28343291485681,75.08243839267477,75.08243839267477,-46.28343291485681,75.08243839267477,75.08243839267477,-12.242866687976514,75.12260850144051,75.12260850144051,-12.242866687976514,75.12260850144051,75.12260850144051
2018-01-10,273.67999267578125,274.1199951171875,9.81999969482422,7.849999904632568,38.915705352606025,-47.04874537595174,-54.72030856472052,62.18594390577561,62.18594390577561,-54.72030856472052,62.18594390577561,62.18594390577561,-42.08852047727147,62.29921251635644,62.29921251635644,-42.08852047727147,62.29921251635644,62.29921251635644
2018-01-11,274.75,276.1199951171875,9.880000114440918,7.840000152587891,40.85167334243096,193.59679898249382,-5.051986227499004,-5.051986227499004,-5.051986227499004,-5.051986227499004,-5.051986227499004,-5.051986227499004,-5.043555519380714,-5.043555519380714,-5.043555519380714,-5.043555519380714,-5.043555519380714,-5.043555519380714
2018-01-12,276.4200134277344,277.9200134277344,10.15999984741211,8.680000305175781,42.61777683286146,176.61034904304955,-122.21581173252027,-122.21581173252027,130.72374759087228,-122.21581173252027,-122.21581173252027,130.72374759087228,-121.69711555303527,-121.69711555303527,143.99258513104203,-121.69711555303527,-121.69711555303527,143.99258513104203
2018-01-16,279.3500061035156,276.9700012207031,11.65999984741211,11.25,41.775454305594295,-84.23225272671644,189.0432298333343,-141.1607989911349,-141.1607989911349,189.0432298333343,-141.1607989911349,-141.1607989911349,241.34158454247287,-140.14672993664138,-140.14672993664138,241.34158454247287,-140.14672993664138,-140.14672993664138
2018-01-17,278.0299987792969,279.6099853515625,11.90999984741211,11.65999984741211,44.33332393431037,255.78696287160767,-163.81998309046122,183.4159078008844,183.4159078008844,-163.81998309046122,183.4159078008844,183.4159078008844,-144.71321695645238,189.20758016948164,189.20758016948164,-144.71321695645238,189.20758016948164,189.20758016948164
2018-01-18,279.4800109863281,279.1400146484375,12.220000267028809,12.369999885559082,43.9001928812973,-43.313105301307075,87.56068261350876,87.56068261350876,87.56068261350876,87.56068261350876,87.56068261350876,87.56068261350876,89.43555276503557,89.43555276503557,89.43555276503557,89.43555276503557,89.43555276503557,89.43555276503557
2018-01-19,279.79998779296875,280.4100036621094,11.270000457763672,10.40999984741211,44.97114484385272,107.09519625554194,102.9985443181082,102.9985443181082,102.9985443181082,102.9985443181082,102.9985443181082,102.9985443181082,103.36486185070298,103.36486185070298,103.36486185070298,103.36486185070298,103.36486185070298,103.36486185070298
2018-01-22,280.1700134277344,282.69000244140625,11.029999732971191,10.859999656677246,47.10751802958454,213.637318573182,-118.36421709037573,-118.36421709037573,-118.36421709037573,-118.36421709037573,-118.36421709037573,-118.36421709037573,-117.77296797882425,-117.77296797882425,-117.77296797882425,-117.77296797882425,-117.77296797882425,-117.77296797882425
2018-01-23,282.739990234375,283.2900085449219,11.100000381469728,11.020000457763672,47.67697143114161,56.94534015570696,-52.51797855496314,66.88856769355145,66.88856769355145,-52.51797855496314,66.88856769355145,66.88856769355145,-39.631888134877855,73.66058093716842,73.66058093716842,-39.631888134877855,73.66058093716842,73.66058093716842
2018-01-24,284.0199890136719,283.17999267578125,11.470000267028809,11.449999809265137,47.56767766488032,-10.929376626128828,45.84009507628759,-6.0381362292903,-6.0381362292903,45.84009507628759,-6.0381362292903,-6.0381362292903,89.18715653501017,-4.178089976799491,-4.178089976799491,89.18715653501017,-4.178089976799491,-4.178089976799491
2018-01-25,284.1600036621094,283.29998779296875,11.579999923706056,11.640000343322754,47.666535530388686,9.885786550836428,41.59096206665407,4.017264208487717,4.017264208487717,41.59096206665407,4.017264208487717,4.017264208487717,90.87194660267234,5.8115366128394665,5.8115366128394665,90.87194660267234,5.8115366128394665,5.8115366128394665
2018-01-26,284.25,286.5799865722656,11.079999923706056,10.460000038146973,50.852053485676166,318.551795528748,-116.6323665769796,-1.2568981335067098,-1.2568981335067098,-116.6323665769796,-1.2568981335067098,-1.2568981335067098,-229.9025236587329,-0.5281481730363669,-0.5281481730363669,-229.9025236587329,-0.5281481730363669,-0.5281481730363669
2018-01-29,285.92999267578125,284.67999267578125,13.84000015258789,14.90999984741211,49.16735974929034,-168.46937363858245,184.03139602479212,184.03139602479212,-149.13633926427832,184.03139602479212,184.03139602479212,-149.13633926427832,193.27438198293103,193.27438198293103,-117.04102148017324,193.27438198293103,193.27438198293103,-117.04102148017324
2018-01-30,282.6000061035156,281.760009765625,14.789999961853027,16.200000762939453,46.54912063545733,-261.8239113833013,106.95805400669606,-51.37280457497886,-51.37280457497886,106.95805400669606,-51.37280457497886,-51.37280457497886,140.73085572508307,-23.412643078146253,-23.412643078146253,140.73085572508307,-23.412643078146253,-23.412643078146253
2018-01-31,282.7300109863281,281.8999938964844,13.539999961853027,13.859999656677246,46.37656508977571,-17.255554568161813,91.5983389017,-56.175957065234726,-56.175957065234726,91.5983389017,-56.175957065234726,-56.175957065234726,116.49687093255679,-40.18624056635309,-40.18624056635309,116.49687093255679,-40.18624056635309,-40.18624056635309
2018-02-01,281.07000732421875,281.5799865722656,13.470000267028809,13.859999656677246,46.024549330640355,-35.20157591353552,48.114245520468366,48.114245520468366,4.19518652423532,48.114245520468366,48.114245520468366,4.19518652423532,54.69205882725075,54.69205882725075,55.67621569511052,54.69205882725075,54.69205882725075,55.67621569511052
2018-02-02,280.0799865722656,275.45001220703125,17.309999465942383,18.86000061035156,41.73271159268026,-429.1837737960094,-211.46189696684098,-211.46189696684098,-211.46189696684098,-211.46189696684098,-211.46189696684098,-211.46189696684098,-192.235445622017,-192.235445622017,-192.235445622017,-192.235445622017,-192.235445622017,-192.235445622017
2018-02-05,273.45001220703125,263.92999267578125,37.31999969482422,59.34000015258789,52.95318666908041,1122.0475076400148,-94.65573049404875,-96.60776881688273,-96.60776881688273,-94.65573049404875,-96.60776881688273,-96.60776881688273,41.36591303091064,-359.0979273876915,-359.0979273876915,41.36591303091064,-359.0979273876915,-359.0979273876915
2018-02-06,259.94000244140625,269.1300048828125,29.979999542236328,39.459999084472656,47.39943593941813,-555.3750729662277,-149.71365288121385,-149.71365288121385,-149.71365288121385,-149.71365288121385,-149.71365288121385,-149.71365288121385,-434.04721100419977,-434.04721100419977,-434.04721100419977,-434.04721100419977,-434.04721100419977,-434.04721100419977
2018-02-07,268.5,267.6700134277344,27.729999542236328,32.86000061035156,44.18907322879524,-321.03627106228953,87.65995775926035,102.0999077085765,102.0999077085765,87.65995775926035,102.0999077085765,102.0999077085765,222.42530498546128,205.6785366512182,205.6785366512182,222.42530498546128,205.6785366512182,205.6785366512182
2018-02-08,268.010009765625,257.6300048828125,33.459999084472656,41.439998626708984,45.463736952033756,127.46637232385183,-129.6810383903605,-133.45695462450743,-133.45695462450743,-129.6810383903605,-133.45695462450743,-133.45695462450743,-200.59373637381273,-476.2330248459009,-476.2330248459009,-200.59373637381273,-476.2330248459009,-476.2330248459009
2018-02-09,260.79998779296875,261.5,29.059999465942383,31.63999938964844,42.101010929088474,-336.27260229452816,170.4015667747928,170.4015667747928,13.940304180414012,170.4015667747928,170.4015667747928,13.940304180414012,254.91541200287892,254.91541200287892,157.11652067427656,254.91541200287892,254.91541200287892,157.11652067427656
2018-02-12,263.8299865722656,265.3399963378906,25.61000061035156,26.829999923706055,40.25948505139584,-184.15258776926322,-153.3707975491952,266.5633760932486,266.5633760932486,-153.3707975491952,266.5633760932486,266.5633760932486,-74.55252472090399,326.66010337784826,326.66010337784826,-74.55252472090399,326.66010337784826,326.66010337784826
2018-02-13,263.9700012207031,266.0,24.969999313354492,25.290000915527344,39.939350688427425,-32.013436296841746,-152.0602880030607,190.01719522109502,190.01719522109502,-152.0602880030607,190.01719522109502,190.01719522109502,-141.99906947565958,239.9113654159522,239.9113654159522,-141.99906947565958,239.9113654159522,239.9113654159522
2018-02-14,264.30999755859375,269.5899963378906,19.260000228881836,18.729999542236328,37.538618177251294,-240.07325111761304,-140.07111778440856,-222.89032691473008,-222.89032691473008,-140.07111778440856,-222.89032691473008,-222.89032691473008,-508.7283060688273,-207.2587501770289,-207.2587501770289,-508.7283060688273,-207.2587501770289,-207.2587501770289
2018-02-15,271.57000732421875,273.0299987792969,19.1299991607666,18.579999923706055,40.05601654264085,251.73983653895533,-46.47845561884092,-46.47845561884092,124.33451506155072,-46.47845561884092,-46.47845561884092,124.33451506155072,-21.16857606483824,-21.16857606483824,184.62420451488794,-21.16857606483824,-21.16857606483824,184.62420451488794
2018-02-16,272.32000732421875,273.1099853515625,19.459999084472656,18.68000030517578,40.25998673380624,20.397019116538928,-30.749489492842685,-30.749489492842685,103.35796525520647,-30.749489492842685,-30.749489492842685,103.35796525520647,6.726472110107176,6.726472110107176,145.85169189572173,6.726472110107176,6.726472110107176,145.85169189572173
2018-02-20,272.0299987792969,271.3999938964844,20.600000381469727,20.63999938964844,39.41732754724416,-84.26591865620736,142.01630035419822,142.01630035419822,-50.15985695234415,142.01630035419822,142.01630035419822,-50.15985695234415,184.09098721120463,184.09098721120463,9.338446617694743,184.09098721120463,184.09098721120463,9.338446617694743
2018-02-21,271.8999938964844,270.04998779296875,20.020000457763672,20.010000228881836,37.94065935001799,-147.6668197226175,269.8684944831861,269.8684944831861,-182.82965455464253,269.8684944831861,269.8684944831861,-182.82965455464253,306.59660940417785,306.59660940417785,-123.55152237602282,306.59660940417785,306.59660940417785,-123.55152237602282
2018-02-22,271.1000061035156,270.3999938964844,18.719999313354492,18.1299991607666,37.3029423065897,-63.77170434282888,201.82463340064743,201.82463340064743,-119.21684576845851,201.82463340064743,201.82463340064743,-119.21684576845851,220.3566101056597,220.3566101056597,-47.089219314575395,220.3566101056597,220.3566101056597,-47.089219314575395
2018-02-23,271.7900085449219,274.7099914550781,16.489999771118164,14.979999542236328,39.703716603025484,240.07742964357845,-233.30477614978264,-233.30477614978264,276.84877359111016,-233.30477614978264,-233.30477614978264,276.84877359111016,-219.41850930142175,-219.41850930142175,312.11693464325197,-219.41850930142175,-219.41850930142175,312.11693464325197
2018-02-26,275.92999267578125,277.8999938964844,15.800000190734863,15.15999984741211,42.20635959218484,250.2642989159355,-76.97181464471076,-76.97181464471076,141.541790609182,-76.97181464471076,-76.97181464471076,141.541790609182,-68.53169566778547,-68.53169566778547,203.95474959028252,-68.53169566778547,-68.53169566778547,203.95474959028252
2018-02-27,278.1099853515625,274.42999267578125,18.59000015258789,18.1200008392334,40.201906396275135,-200.44531959097043,252.46063398897655,-235.21934024850736,-235.21934024850736,252.46063398897655,-235.21934024850736,-235.21934024850736,306.53512775074256,-264.42374223612586,-264.42374223612586,306.53512775074256,-264.42374223612586,-264.42374223612586
2018-02-28,275.67999267578125,271.6499938964844,19.850000381469727,19.190000534057617,38.58722595720428,-161.46804390708525,-87.51334591437471,-87.51334591437471,-142.71125043160444,-87.51334591437471,-87.51334591437471,-142.71125043160444,-66.1603468483541,-66.1603468483541,-383.2066516981443,-66.1603468483541,-66.1603468483541,-383.2066516981443
2018-03-01,271.4100036621094,267.70001220703125,22.469999313354492,23.88999938964844,37.44369462137067,-114.35313358336145,59.27702352278066,59.27702352278066,-162.66872542401399,59.27702352278066,59.27702352278066,-162.66872542401399,109.63890354357594,109.63890354357594,-299.0520227154978,109.63890354357594,109.63890354357594,-299.0520227154978
2018-03-02,265.79998779296875,269.0799865722656,19.59000015258789,18.8700008392334,36.315039435578164,-112.86551857925033,-168.05404716259693,-168.05404716259693,261.3575624675997,-168.05404716259693,-168.05404716259693,261.3575624675997,-150.21410523426837,-150.21410523426837,346.0279697096189,-150.21410523426837,-150.21410523426837,346.0279697096189
2018-03-05,267.7300109863281,272.19000244140625,18.729999542236328,18.260000228881836,38.073947513998434,175.89080784202693,-207.59419967305172,54.9087395705927,54.9087395705927,-207.59419967305172,54.9087395705927,54.9087395705927,-384.49208794664673,85.99125578465106,85.99125578465106,-384.49208794664673,85.99125578465106,85.99125578465106
2018-03-06,273.29998779296875,272.8800048828125,18.36000061035156,17.229999542236328,38.39915294460532,32.52054306068857,27.510864108235534,38.351965119063514,38.351965119063514,27.510864108235534,38.351965119063514,38.351965119063514,80.10885039906438,58.474339462214765,58.474339462214765,80.10885039906438,58.474339462214765,58.474339462214765
2018-03-07,270.4200134277344,272.7799987792969,17.760000228881836,16.709999084472656,37.978014540840846,-42.11384037644734,-60.47860113616397,-60.47860113616397,-60.47860113616397,-60.47860113616397,-60.47860113616397,-60.47860113616397,-50.720775894200294,-50.720775894200294,-50.720775894200294,-50.720775894200294,-50.720775894200294,-50.720775894200294
2018-03-08,273.54998779296875,274.1000061035156,16.540000915527344,15.859999656677246,38.57500389459422,59.698935375337214,-82.92987695803454,141.4791571404691,141.4791571404691,-82.92987695803454,141.4791571404691,141.4791571404691,-30.75969347757492,154.15088391470445,154.15088391470445,-30.75969347757492,154.15088391470445,154.15088391470445
2018-03-09,275.70001220703125,278.8699951171875,14.640000343322754,13.529999732971191,42.42937197930196,385.4368084707744,-196.95667462437308,-196.95667462437308,255.66356904627864,-196.95667462437308,-196.95667462437308,255.66356904627864,-193.04378959695046,-193.04378959695046,316.2513827412897,-193.04378959695046,-193.04378959695046,316.2513827412897
2018-03-12,279.20001220703125,278.5199890136719,15.779999732971191,15.239999771118164,42.216723967244775,-21.264801205718697,8.737859279379892,64.09831082356438,64.09831082356438,8.737859279379892,64.09831082356438,64.09831082356438,80.63342488248287,71.96428917106597,71.96428917106597,80.63342488248287,71.96428917106597,71.96428917106597
2018-03-13,279.8399963378906,276.7200012207031,16.350000381469727,15.359999656677246,40.65173341458696,-156.4990552657818,-121.21116527471526,-121.21116527471526,-121.21116527471526,-121.21116527471526,-121.21116527471526,-121.21116527471526,-114.33069428847548,-114.33069428847548,-114.33069428847548,-114.33069428847548,-114.33069428847548,-114.33069428847548
2018-03-14,277.80999755859375,275.29998779296875,17.229999542236328,17.280000686645508,39.59779787306575,-105.39355415212057,264.73627284826443,-200.92615114927852,-200.92615114927852,264.73627284826443,-200.92615114927852,-200.92615114927852,306.98742529732004,-172.68172579616402,-172.68172579616402,306.98742529732004,-172.68172579616402,-172.68172579616402
2018-03-15,275.8800048828125,275.0,16.59000015258789,15.960000038146973,39.071321895419466,-52.64759776462853,220.01359906995575,220.01359906995575,-147.4825925677661,220.01359906995575,220.01359906995575,-147.4825925677661,230.46257768931227,230.46257768931227,-78.56723128642545,230.46257768931227,230.46257768931227,-78.56723128642545
2018-03-16,274.5,274.20001220703125,15.800000190734863,14.93000030517578,38.06444765025106,-100.68742451684045,121.14768511365915,121.14768511365915,121.14768511365915,121.14768511365915,121.14768511365915,121.14768511365915,126.75965656722963,126.75965656722963,126.75965656722963,126.75965656722963,126.75965656722963,126.75965656722963
2018-03-19,273.3500061035156,270.489990234375,19.020000457763672,21.950000762939453,35.97869057933835,-208.5757070912713,276.83819955726904,-168.43403054671617,-168.43403054671617,276.83819955726904,-168.43403054671617,-168.43403054671617,356.1177629014638,-126.0841958453404,-126.0841958453404,356.1177629014638,-126.0841958453404,-126.0841958453404
2018-03-20,270.94000244140625,270.95001220703125,18.200000762939453,19.700000762939453,35.90667038634916,-7.202019298918572,157.26369685394025,157.26369685394025,-57.72872217593197,157.26369685394025,157.26369685394025,-57.72872217593197,181.1055668770907,181.1055668770907,28.406053217399997,181.1055668770907,181.1055668770907,28.406053217399997
2018-03-21,270.8999938964844,270.42999267578125,17.860000610351562,18.520000457763672,35.26212505289198,-64.45453334571809,198.52304830674123,198.52304830674123,-107.86017265411384,198.52304830674123,198.52304830674123,-107.86017265411384,217.04049020722306,217.04049020722306,-26.776202445417606,217.04049020722306,217.04049020722306,-26.776202445417606
2018-03-22,267.9100036621094,263.6700134277344,23.34000015258789,26.309999465942383,33.572901217824054,-168.92238350679278,192.79231193895183,-187.9387166683657,-187.9387166683657,192.79231193895183,-187.9387166683657,-187.9387166683657,281.16836683798704,-249.63277616300277,-249.63277616300277,281.16836683798704,-249.63277616300277,-249.63277616300277
2018-03-23,264.1700134277344,258.04998779296875,24.8700008392334,28.219999313354492,31.49923285585217,-207.36683619718832,161.6045705366285,-194.1509273548128,-194.1509273548128,161.6045705366285,-194.1509273548128,-194.1509273548128,290.6884435092987,-323.0744326335626,-323.0744326335626,290.6884435092987,-323.0744326335626,-323.0744326335626
2018-03-26,262.1300048828125,265.1099853515625,21.030000686645508,22.280000686645508,32.54203053589201,104.27976800398397,-210.98354366264715,-210.98354366264715,298.83091381869053,-210.98354366264715,-210.98354366264715,298.83091381869053,-173.86352546593537,-173.86352546593537,360.49497066874255,-173.86352546593537,-173.86352546593537,360.49497066874255
2018-03-27,266.1700134277344,260.6000061035156,22.5,22.950000762939453,30.5449286009569,-199.71019349351096,-163.0103635175864,-163.0103635175864,-158.26781335907773,-163.0103635175864,-163.0103635175864,-158.26781335907773,-122.96039962746833,-122.96039962746833,-504.6553010579355,-122.96039962746833,-122.96039962746833,-504.6553010579355
2018-03-28,260.75,259.8299865722656,22.8700008392334,24.940000534057617,30.275436449867442,-26.94921510894588,265.7506971504929,265.7506971504929,-144.09621050333126,265.7506971504929,265.7506971504929,-144.09621050333126,310.41953052355086,310.41953052355086,-46.407077167816645,310.41953052355086,310.41953052355086,-46.407077167816645
2018-03-29,261.1199951171875,263.1499938964844,19.969999313354492,20.56999969482422,30.234115599812846,-4.132085005459629,-58.946392984601225,-58.946392984601225,155.5442760189848,-58.946392984601225,-58.946392984601225,155.5442760189848,-33.04111013938409,-33.04111013938409,236.32308950401261,-33.04111013938409,-33.04111013938409,236.32308950401261
2018-04-02,262.54998779296875,257.4700012207031,23.6200008392334,27.309999465942383,29.022183672519176,-121.19319272936693,67.44382732616907,-179.70997700967146,-179.70997700967146,67.44382732616907,-179.70997700967146,-179.70997700967146,150.51047901143883,-352.30059697369086,-352.30059697369086,150.51047901143883,-352.30059697369086,-352.30059697369086
2018-04-03,258.8699951171875,260.7699890136719,21.100000381469727,23.479999542236328,28.957176276423652,-6.500739609552397,-157.54930778732208,199.2206172639367,199.2206172639367,-157.54930778732208,199.2206172639367,199.2206172639367,-138.29696301417212,237.39754873750707,237.39754873750707,-138.29696301417212,237.39754873750707,237.39754873750707
2018-04-04,256.75,263.55999755859375,20.059999465942383,21.950000762939453,30.09316789433671,113.59916179130565,-224.4285134077364,-224.4285134077364,-36.46899665019936,-224.4285134077364,-224.4285134077364,-36.46899665019936,-542.379429980826,-542.379429980826,30.74170760778101,-542.379429980826,-542.379429980826,30.74170760778101
2018-04-05,265.54998779296875,265.6400146484375,18.940000534057617,19.93000030517578,30.94611942353706,85.29515292003502,182.2420196889384,182.2420196889384,182.2420196889384,182.2420196889384,182.2420196889384,182.2420196889384,202.96065381162197,202.96065381162197,202.96065381162197,202.96065381162197,202.96065381162197,202.96065381162197
2018-04-06,263.4200134277344,259.7200012207031,21.489999771118164,23.059999465942383,28.28270611962145,-266.34133039156075,300.47450170873867,-216.88144396993022,-216.88144396993022,300.47450170873867,-216.88144396993022,-216.88144396993022,383.10131313199724,-201.91816261655052,-201.91816261655052,383.10131313199724,-201.91816261655052,-201.91816261655052
2018-04-09,261.3699951171875,261.0,21.770000457763672,23.829999923706055,45.166836129488104,1685.8130009866654,182.69982029336373,182.69982029336373,-63.456723237227685,182.69982029336373,182.69982029336373,-63.456723237227685,227.31037773004485,227.31037773004485,26.395063978873857,227.31037773004485,227.31037773004485,26.395063978873857
2018-04-10,264.2699890136719,265.1499938964844,20.469999313354492,20.920000076293945,43.681606901026655,-148.52292284614492,-144.14789502946704,240.60748585698553,240.60748585698553,-144.14789502946704,240.60748585698553,240.60748585698553,-59.27545150173288,265.5622235096302,265.5622235096302,-59.27545150173288,265.5622235096302,265.5622235096302
2018-04-11,263.4700012207031,263.760009765625,20.239999771118164,20.3700008392334,42.759745005774946,-92.1861895251709,-50.43933394849203,140.0912420117283,140.0912420117283,-50.43933394849203,140.0912420117283,140.0912420117283,19.965655451823473,168.9575055132828,168.9575055132828,19.965655451823473,168.9575055132828,168.9575055132828
2018-04-12,265.260009765625,265.92999267578125,18.489999771118164,17.81999969482422,39.971904566351284,-278.7840439423661,131.2433843978157,131.2433843978157,131.2433843978157,131.2433843978157,131.2433843978157,131.2433843978157,142.99967720483642,142.99967720483642,142.99967720483642,142.99967720483642,142.99967720483642,142.99967720483642
2018-04-13,267.4100036621094,265.1499938964844,17.40999984741211,16.360000610351562,37.58276241483702,-238.9142151514264,256.2693167845936,256.2693167845936,-207.4236898299885,256.2693167845936,256.2693167845936,-207.4236898299885,283.0341457591506,283.0341457591506,-179.51721222508988,283.0341457591506,283.0341457591506,-179.51721222508988
2018-04-16,267.0,267.3299865722656,16.559999465942383,16.56999969482422,36.58797935102926,-99.4783063807759,21.82643110577869,21.82643110577869,30.56060613138694,21.82643110577869,21.82643110577869,30.56060613138694,43.07054276894207,43.07054276894207,67.64475583928385,43.07054276894207,43.07054276894207,67.64475583928385
2018-04-17,269.3299865722656,270.19000244140625,15.25,15.350000381469728,35.30746174723055,-128.05176037987138,-131.43664959993913,186.08290398684477,186.08290398684477,-131.43664959993913,186.08290398684477,186.08290398684477,-76.30585484432865,192.41449708480792,192.41449708480792,-76.30585484432865,192.41449708480792,192.41449708480792
2018-04-18,270.69000244140625,270.3900146484375,15.600000381469728,14.640000343322754,35.97588679733056,66.84250501000122,160.34409321549268,160.34409321549268,-94.75220493914983,160.34409321549268,160.34409321549268,-94.75220493914983,165.83626933171016,165.83626933171016,-28.514576821855208,165.83626933171016,165.83626933171016,-28.514576821855208
2018-04-19,269.6499938964844,268.8900146484375,15.960000038146973,15.5,35.941047920804095,-3.4838876526464446,91.99194011665543,91.99194011665543,91.99194011665543,91.99194011665543,91.99194011665543,91.99194011665543,98.01184189264686,98.01184189264686,98.01184189264686,98.01184189264686,98.01184189264686,98.01184189264686
2018-04-20,268.80999755859375,266.6099853515625,16.8799991607666,16.229999542236328,36.71993324041651,77.88853196124137,179.15432940309233,-114.12585862072154,-114.12585862072154,179.15432940309233,-114.12585862072154,-114.12585862072154,239.7891113462716,-103.1016995345525,-103.1016995345525,239.7891113462716,-103.1016995345525,-103.1016995345525
2018-04-23,267.260009765625,266.57000732421875,16.34000015258789,16.440000534057617,35.54335226194584,-117.65809784706676,107.96929516970923,107.96929516970923,-58.15932277190125,107.96929516970923,107.96929516970923,-58.15932277190125,132.5735368233714,132.5735368233714,-27.100528875893005,132.5735368233714,132.5735368233714,-27.100528875893005
2018-04-24,267.7300109863281,262.9800109863281,18.020000457763672,19.170000076293945,37.50116400865254,195.7811746706696,93.58671259337872,-221.0945999617528,-221.0945999617528,93.58671259337872,-221.0945999617528,-221.0945999617528,140.2728751411209,-387.67386890663437,-387.67386890663437,140.2728751411209,-387.67386890663437,-387.67386890663437
2018-04-25,262.9100036621094,263.6300048828125,17.84000015258789,18.709999084472656,37.29463112806778,-20.653288058475994,-62.97642832176569,131.3742036092014,131.3742036092014,-62.97642832176569,131.3742036092014,131.3742036092014,-16.22297041170657,160.08285904073392,160.08285904073392,-16.22297041170657,160.08285904073392,160.08285904073392
2018-04-26,264.7900085449219,266.30999755859375,16.239999771118164,16.010000228881836,35.112409802731406,-218.22213253363714,73.56733977897986,73.56733977897986,73.56733977897986,73.56733977897986,73.56733977897986,73.56733977897986,79.95146877726484,79.95146877726484,79.95146877726484,79.95146877726484,79.95146877726484,79.95146877726484
2018-04-27,267.0,266.55999755859375,15.40999984741211,14.4399995803833,33.623332767213654,-148.90770355177523,85.88136864792503,85.88136864792503,-51.02422672757536,85.88136864792503,85.88136864792503,-51.02422672757536,99.35199111196232,99.35199111196232,-24.203453502169502,99.35199111196232,99.35199111196232,-24.203453502169502
2018-04-30,267.260009765625,264.510009765625,15.93000030517578,16.450000762939453,33.70929069368594,8.595792647228961,216.02132536258236,216.02132536258236,-215.12443748133998,216.02132536258236,216.02132536258236,-215.12443748133998,240.66802779707865,240.66802779707865,-233.01774387191438,240.66802779707865,240.66802779707865,-233.01774387191438
2018-05-01,263.8699951171875,264.9800109863281,15.489999771118164,15.699999809265137,33.003264541906745,-70.60261517791986,-153.47960652577794,213.4833591720882,213.4833591720882,-153.47960652577794,213.4833591720882,213.4833591720882,-95.58361191328811,221.83583585282614,221.83583585282614,-95.58361191328811,221.83583585282614,221.83583585282614
2018-05-02,264.760009765625,263.20001220703125,15.970000267028809,16.530000686645508,33.263630094402046,26.036555249530124,30.33043613209381,30.33043613209381,30.33043613209381,30.33043613209381,30.33043613209381,30.33043613209381,38.00027702619231,38.00027702619231,38.00027702619231,38.00027702619231,38.00027702619231,38.00027702619231
2018-05-03,262.260009765625,262.6199951171875,15.899999618530272,15.75,32.906202030418626,-35.742806398342,-1.992827324555455,-1.992827324555455,43.50124089790099,-1.992827324555455,-1.992827324555455,43.50124089790099,18.550744659141507,18.550744659141507,70.04834696098027,18.550744659141507,18.550744659141507,70.04834696098027
2018-05-04,261.5199890136719,266.0199890136719,14.770000457763672,13.859999656677246,31.918428239453448,-98.77737909651785,-286.76180874905805,-286.76180874905805,219.47186447426697,-286.76180874905805,-286.76180874905805,219.47186447426697,-381.8512676260742,-381.8512676260742,252.6765787857611,-381.8512676260742,-381.8512676260742,252.6765787857611
2018-05-07,266.8900146484375,266.9200134277344,14.75,14.220000267028809,32.08895382182841,17.052558237496385,43.12411061564389,43.12411061564389,-8.938375047739708,43.12411061564389,43.12411061564389,-8.938375047739708,54.73509534038021,54.73509534038021,19.056144290974576,54.73509534038021,54.73509534038021,19.056144290974576
2018-05-08,266.5,266.9200134277344,14.710000038146973,13.979999542236328,31.970200739667348,-11.875308216106362,23.56634388641641,23.56634388641641,14.319008728093353,23.56634388641641,23.56634388641641,14.319008728093353,31.23689740046609,31.23689740046609,49.98857318396535,31.23689740046609,31.23689740046609,49.98857318396535
2018-05-09,267.67999267578125,269.5,13.420000076293944,12.130000114440918,30.79230797348697,-117.78927661803777,-177.15924275320052,194.26975338261596,194.26975338261596,-177.15924275320052,194.26975338261596,194.26975338261596,-163.31102061703274,202.82606620182338,202.82606620182338,-163.31102061703274,202.82606620182338,202.82606620182338
2018-05-10,270.3399963378906,272.0199890136719,13.229999542236328,12.43000030517578,31.685099198754074,89.27912252671035,-34.56508998439826,-34.56508998439826,-34.56508998439826,-34.56508998439826,-34.56508998439826,-34.56508998439826,-33.0655751626703,-33.0655751626703,-33.0655751626703,-33.0655751626703,-33.0655751626703,-33.0655751626703
2018-05-11,272.1600036621094,272.8500061035156,12.649999618530272,11.239999771118164,31.168413171002584,-51.668602775149,-49.81934219833788,-49.81934219833788,62.9531738923048,-49.81934219833788,-49.81934219833788,62.9531738923048,-43.37166736107931,-43.37166736107931,74.92356912941068,-43.37166736107931,-43.37166736107931,74.92356912941068
2018-05-14,273.3399963378906,272.9800109863281,12.93000030517578,11.920000076293944,31.547093185731924,37.868001472934054,20.535392146636447,3.66588116144573,3.66588116144573,20.535392146636447,3.66588116144573,3.66588116144573,45.892741236859514,7.830610027042287,7.830610027042287,45.892741236859514,7.830610027042287,7.830610027042287
2018-05-15,271.5899963378906,271.1000061035156,14.630000114440918,14.289999961853027,33.310889768720855,176.3796582988931,114.07172658081154,114.07172658081154,-73.29418570580658,114.07172658081154,114.07172658081154,-73.29418570580658,123.9321547370279,123.9321547370279,-36.85383107760381,123.9321547370279,123.9321547370279,-36.85383107760381
2018-05-16,271.1400146484375,272.239990234375,13.420000076293944,12.359999656677246,31.83875183079195,-147.2137937928906,-35.864315168524776,-35.864315168524776,71.37077527761825,-35.864315168524776,-35.864315168524776,71.37077527761825,-32.70194399606143,-32.70194399606143,109.08623260988847,-32.70194399606143,-32.70194399606143,109.08623260988847
2018-05-17,271.94000244140625,272.010009765625,13.43000030517578,12.020000457763672,31.69062332362303,-14.812850716892001,24.40120413587932,24.40120413587932,-4.796992539771036,24.40120413587932,24.40120413587932,-4.796992539771036,31.104191096502397,31.104191096502397,13.401991612158449,31.104191096502397,31.104191096502397,13.401991612158449
2018-05-18,271.6199951171875,271.3299865722656,13.420000076293944,11.479999542236328,31.28239988167293,-40.82234419500992,70.08837019173949,70.08837019173949,-50.09505380234869,70.08837019173949,70.08837019173949,-50.09505380234869,73.82220117438004,73.82220117438004,-28.540847531585477,73.82220117438004,73.82220117438004,-28.540847531585477
2018-05-21,273.010009765625,273.3699951171875,13.079999923706056,11.369999885559082,31.686878794148228,40.44789124752981,-41.22238891499046,57.38511220191265,57.38511220191265,-41.22238891499046,57.38511220191265,57.38511220191265,-24.627522544056667,62.244177138136855,62.244177138136855,-24.627522544056667,62.244177138136855,62.244177138136855
2018-05-22,273.9599914550781,272.6099853515625,13.220000267028809,10.920000076293944,31.44813221061895,-23.874658352927725,103.1001898968319,-71.58558663224736,-71.58558663224736,103.1001898968319,-71.58558663224736,-71.58558663224736,138.81049521705344,-70.45902168661212,-70.45902168661212,138.81049521705344,-70.45902168661212,-70.45902168661212
2018-05-23,271.1700134277344,273.3599853515625,12.579999923706056,10.0600004196167,30.831938563386686,-61.61936472322651,-169.80406249110862,-169.80406249110862,189.588052639729,-169.80406249110862,-169.80406249110862,189.588052639729,-168.92406863243886,-168.92406863243886,213.77667742758243,-168.92406863243886,-168.92406863243886,213.77667742758243
2018-05-24,272.9100036621094,272.79998779296875,12.529999732971191,10.329999923706056,30.39885562464523,-43.308293874145676,8.489346278441914,0.8033510801339427,0.8033510801339427,8.489346278441914,0.8033510801339427,0.8033510801339427,19.602768528813755,4.263933869625738,4.263933869625738,19.602768528813755,4.263933869625738,4.263933869625738
2018-05-25,272.1499938964844,272.1499938964844,13.220000267028809,11.460000038146973,31.070502713028432,67.16470883832031,20.54485852355603,20.54485852355603,-6.0319028463305475,20.54485852355603,20.54485852355603,-6.0319028463305475,27.4589858440643,27.4589858440643,6.853156396339768,27.4589858440643,27.4589858440643,6.853156396339768
2018-05-29,270.30999755859375,269.0199890136719,17.020000457763672,17.239999771118164,35.81091431495703,474.04116019285993,124.0335598889734,124.0335598889734,124.0335598889734,124.0335598889734,124.0335598889734,124.0335598889734,135.10282429201584,135.10282429201584,135.10282429201584,135.10282429201584,135.10282429201584,135.10282429201584
2018-05-30,270.5,272.6099853515625,14.9399995803833,13.260000228881836,33.8194695436286,-199.14447713284318,-80.96788640163274,-80.96788640163274,-80.96788640163274,-80.96788640163274,-80.96788640163274,-80.96788640163274,-78.31636523521615,-78.31636523521615,-78.31636523521615,-78.31636523521615,-78.31636523521615,-78.31636523521615
2018-05-31,272.1499938964844,270.94000244140625,15.43000030517578,14.119999885559082,33.790641735269915,-2.8827808358684592,155.1740815056984,155.1740815056984,-121.78933751207543,155.1740815056984,155.1740815056984,-121.78933751207543,170.22096477494992,170.22096477494992,-98.03520534685003,170.22096477494992,170.22096477494992,-98.03520534685003
2018-06-01,272.4100036621094,273.6000061035156,13.460000038146973,11.4399995803833,31.90091007819028,-188.97316570796363,-106.90749230714755,-106.90749230714755,120.55399631424625,-106.90749230714755,-106.90749230714755,120.55399631424625,-97.75698165999762,-97.75698165999762,130.33553761999414,-97.75698165999762,-97.75698165999762,130.33553761999414
2018-06-04,274.5299987792969,274.8999938964844,12.739999771118164,12.020000457763672,31.434677390239187,-46.62326879510914,155.58004180983744,155.58004180983744,155.58004180983744,155.58004180983744,155.58004180983744,155.58004180983744,156.8585779438309,156.8585779438309,156.8585779438309,156.8585779438309,156.8585779438309,156.8585779438309
2018-06-05,275.04998779296875,275.1000061035156,12.399999618530272,11.68000030517578,31.0268054954365,-40.78718948026889,148.1096970936813,148.1096970936813,148.1096970936813,148.1096970936813,148.1096970936813,148.1096970936813,149.0152401802494,149.0152401802494,149.0152401802494,149.0152401802494,149.0152401802494,149.0152401802494
2018-06-06,275.7900085449219,277.3999938964844,11.640000343322754,11.029999732971191,31.435138304272876,40.83328088363771,-76.7890163511482,-76.7890163511482,114.30021198693082,-76.7890163511482,-76.7890163511482,114.30021198693082,-75.67006265595874,-75.67006265595874,156.02700801288935,-75.67006265595874,-75.67006265595874,156.02700801288935
2018-06-07,277.95001220703125,277.3699951171875,12.130000114440918,11.899999618530272,32.002263245616625,56.712494134374936,54.708072679384294,-34.3091583155249,-34.3091583155249,54.708072679384294,-34.3091583155249,-34.3091583155249,73.5078931314795,-27.403491366091593,-27.403491366091593,73.5078931314795,-27.403491366091593,-27.403491366091593
2018-06-08,276.8500061035156,278.19000244140625,12.18000030517578,11.5600004196167,32.56466132051705,56.23980749004218,-100.46471647733914,-100.46471647733914,119.34696641586815,-100.46471647733914,-100.46471647733914,119.34696641586815,-94.92958860926005,-94.92958860926005,137.9886916923873,-94.92958860926005,-94.92958860926005,137.9886916923873
2018-06-11,278.44000244140625,278.55999755859375,12.350000381469728,12.529999732971191,32.89979934810731,33.513802759026134,-32.11367061593544,64.00562652589124,64.00562652589124,-32.11367061593544,64.00562652589124,64.00562652589124,-0.07307092702839357,69.24705825024365,69.24705825024365,-0.07307092702839357,69.24705825024365,69.24705825024365
2018-06-12,279.0299987792969,278.9200134277344,12.34000015258789,12.029999732971191,33.085184437458324,18.53850893510156,-29.22609690532003,72.0158285552912,72.0158285552912,-29.22609690532003,72.0158285552912,72.0158285552912,16.75737478874282,74.27997606005748,74.27997606005748,16.75737478874282,74.27997606005748,74.27997606005748
2018-06-13,279.19000244140625,278.0299987792969,12.9399995803833,12.65999984741211,33.234462549277445,14.927811181912176,66.58751962765,-14.032392813201053,-14.032392813201053,66.58751962765,-14.032392813201053,-14.032392813201053,122.08029806099672,-11.319588844212399,-11.319588844212399,122.08029806099672,-11.319588844212399,-11.319588844212399
2018-06-14,279.010009765625,278.7300109863281,12.119999885559082,11.039999961853027,32.59849668786748,-63.596586140996436,-7.036207503586908,42.183025675313935,42.183025675313935,-7.036207503586908,42.183025675313935,42.183025675313935,32.1592306630621,43.48081807123301,43.48081807123301,32.1592306630621,43.48081807123301,43.48081807123301
2018-06-15,276.6000061035156,277.1300048828125,11.979999542236328,10.84000015258789,31.31441933729314,-128.40773505743428,-14.45097815743612,-14.45097815743612,31.99087247877854,-14.45097815743612,-14.45097815743612,31.99087247877854,-11.488174934156278,-11.488174934156278,51.856170346611584,-11.488174934156278,-11.488174934156278,51.856170346611584
2018-06-18,275.489990234375,276.55999755859375,12.3100004196167,11.6899995803833,31.246781436995263,-6.7637900297874864,7.4591071548645775,7.4591071548645775,7.4591071548645775,7.4591071548645775,7.4591071548645775,7.4591071548645775,8.683843986251752,8.683843986251752,8.683843986251752,8.683843986251752,8.683843986251752,8.683843986251752
2018-06-19,274.0,275.5,13.350000381469728,12.970000267028809,31.98117925455383,73.43978175585661,-141.93622832893695,139.03950834113223,139.03950834113223,-141.93622832893695,139.03950834113223,139.03950834113223,-142.5723760603117,142.35844775776474,142.35844775776474,-142.5723760603117,142.35844775776474,142.35844775776474
2018-06-20,276.2699890136719,275.9700012207031,12.789999961853027,12.15999984741211,31.435872809957317,-54.530644459651256,96.75108835911644,96.75108835911644,-64.14619421067346,96.75108835911644,96.75108835911644,-64.14619421067346,100.44444150260284,100.44444150260284,-29.87891046429538,100.44444150260284,100.44444150260284,-29.87891046429538
2018-06-21,275.9599914550781,274.239990234375,14.640000343322754,14.5600004196167,33.08030764338811,164.44348334307932,131.59895917118433,131.59895917118433,-148.72273642051388,131.59895917118433,131.59895917118433,-148.72273642051388,138.6666925379566,138.6666925379566,-166.9343885772001,138.6666925379566,138.6666925379566,-166.9343885772001
2018-06-22,275.6600036621094,274.739990234375,13.770000457763672,12.15999984741211,32.010132035877454,-107.01756075106559,147.0234423605251,147.0234423605251,-123.19708014417989,147.0234423605251,147.0234423605251,-123.19708014417989,148.94314617080232,148.94314617080232,-95.80938108612662,148.94314617080232,148.94314617080232,-95.80938108612662
2018-06-25,273.44000244140625,271.0,17.329999923706055,17.68000030517578,35.614560393760726,360.4428357883272,222.25797700786822,-150.17501524888905,-150.17501524888905,222.25797700786822,-150.17501524888905,-150.17501524888905,281.2790307788507,-129.71979700467486,-129.71979700467486,281.2790307788507,-129.71979700467486,-129.71979700467486
2018-06-26,271.6400146484375,271.6000061035156,15.920000076293944,15.15999984741211,33.525063066279245,-208.94973274814816,72.93993754970106,72.93993754970106,-25.867548766973258,72.93993754970106,72.93993754970106,-25.867548766973258,85.89146054260335,85.89146054260335,13.955186278882683,85.89146054260335,85.89146054260335,13.955186278882683
2018-06-27,272.260009765625,269.3500061035156,17.90999984741211,17.90999984741211,35.80126607043189,227.62030041526486,209.18787697960082,209.18787697960082,-208.49420480921356,209.18787697960082,209.18787697960082,-208.49420480921356,241.84079276855408,241.84079276855408,-233.69307821395637,241.84079276855408,241.84079276855408,-233.69307821395637
2018-06-28,269.2900085449219,270.8900146484375,16.850000381469727,15.829999923706056,34.60741184517059,-119.38542252613047,-134.96398231029738,121.86353854600983,121.86353854600983,-134.96398231029738,121.86353854600983,121.86353854600983,-148.57484958645995,129.4767152396259,129.4767152396259,-148.57484958645995,129.4767152396259,129.4767152396259
2018-06-29,272.1199951171875,271.2799987792969,16.09000015258789,14.93000030517578,33.49016893438605,-111.72429107845403,124.16923118640443,124.16923118640443,-84.03699268601811,124.16923118640443,124.16923118640443,-84.03699268601811,141.81155695584437,141.81155695584437,-56.00455329626117,141.81155695584437,141.81155695584437,-56.00455329626117
2018-07-02,269.510009765625,271.8599853515625,15.600000381469728,14.420000076293944,32.812153228545014,-67.80157058410339,6.083451941882537,6.083451941882537,6.083451941882537,6.083451941882537,6.083451941882537,6.083451941882537,10.14132501660894,10.14132501660894,10.14132501660894,10.14132501660894,10.14132501660894,10.14132501660894
2018-07-03,272.8699951171875,270.8999938964844,16.139999389648438,15.170000076293944,33.181867246392926,36.97140178479117,200.98484933879692,-158.00616016311616,-158.00616016311616,200.98484933879692,-158.00616016311616,-158.00616016311616,232.3903764793978,-140.78338820996422,-140.78338820996422,232.3903764793978,-140.78338820996422,-140.78338820996422
2018-07-05,272.1700134277344,273.1099853515625,14.970000267028809,14.140000343322754,32.28342296595633,-89.84442804365926,-60.684016656470895,-60.684016656470895,94.1219747024613,-60.684016656470895,-60.684016656470895,94.1219747024613,-45.31669651857053,-45.31669651857053,117.61021340778804,-45.31669651857053,-45.31669651857053,117.61021340778804
2018-07-06,273.1400146484375,275.4200134277344,13.369999885559082,11.489999771118164,31.165991116605035,-111.74318493512985,-194.94196031443207,171.36116583873837,171.36116583873837,-194.94196031443207,171.36116583873837,171.36116583873837,-217.60535552503933,175.74068599289893,175.74068599289893,-217.60535552503933,175.74068599289893,175.74068599289893
2018-07-09,276.54998779296875,277.8999938964844,12.6899995803833,10.789999961853027,31.665687483214185,49.96963666091503,-94.73493740054876,-94.73493740054876,112.74436021501704,-94.73493740054876,-94.73493740054876,112.74436021501704,-92.03093532394894,-92.03093532394894,133.33824838541676,-92.03093532394894,-92.03093532394894,133.33824838541676
2018-07-10,278.4100036621094,278.8999938964844,12.640000343322754,10.65999984741211,32.218509129431,55.28216462168132,-64.24904635268385,82.82321870535294,82.82321870535294,-64.24904635268385,82.82321870535294,82.82321870535294,-42.67931546160375,85.12005145383779,85.12005145383779,-42.67931546160375,85.12005145383779,85.12005145383779
2018-07-11,277.1499938964844,276.8599853515625,13.630000114440918,11.800000190734863,32.13357826055661,-8.49308688743875,52.30641949873578,52.30641949873578,-34.25963697753424,52.30641949873578,52.30641949873578,-34.25963697753424,60.688996548733144,60.688996548733144,-19.30118125782585,60.688996548733144,60.688996548733144,-19.30118125782585
2018-07-12,278.2799987792969,279.3699951171875,12.579999923706056,10.600000381469728,32.37438249199576,24.080423143914942,-120.70550184809986,136.80926867909145,136.80926867909145,-120.70550184809986,136.80926867909145,136.80926867909145,-101.96275483304774,139.45876170341307,139.45876170341307,-101.96275483304774,139.45876170341307,139.45876170341307
2018-07-13,279.1700134277344,279.5899963378906,12.18000030517578,10.06999969482422,32.0203221376332,-35.406035436255934,-77.57098784422413,111.04491965683464,111.04491965683464,-77.57098784422413,111.04491965683464,111.04491965683464,-39.299413227402916,111.55593215894966,111.55593215894966,-39.299413227402916,111.55593215894966,111.55593215894966
2018-07-16,279.6400146484375,279.3399963378906,12.829999923706056,11.5,32.46931699374624,44.8994856113039,94.11113694963471,94.11113694963471,94.11113694963471,94.11113694963471,94.11113694963471,94.11113694963471,95.08175258366515,95.08175258366515,95.08175258366515,95.08175258366515,95.08175258366515,95.08175258366515
2018-07-17,278.4700012207031,280.4700012207031,12.0600004196167,10.5600004196167,32.33669910068531,-13.261789306093164,-169.59215412192435,141.6222318710759,141.6222318710759,-169.59215412192435,141.6222318710759,141.6222318710759,-194.27109792557997,143.62347939745172,143.62347939745172,-194.27109792557997,143.62347939745172,143.62347939745172
2018-07-18,280.55999755859375,281.05999755859375,12.100000381469728,10.029999732971191,32.76115403114516,42.445493045985216,40.39941144984063,40.39941144984063,-0.810232181803825,40.39941144984063,40.39941144984063,-0.810232181803825,40.83778992751945,40.83778992751945,43.65327592111432,40.83778992751945,40.83778992751945,43.65327592111432
2018-07-19,280.30999755859375,280.0,12.869999885559082,11.149999618530272,32.82573573370469,6.458170255952922,156.10786323920675,156.10786323920675,156.10786323920675,156.10786323920675,156.10786323920675,156.10786323920675,156.9322889778945,156.9322889778945,156.9322889778945,156.9322889778945,156.9322889778945,156.9322889778945
2018-07-20,279.7699890136719,279.67999267578125,12.859999656677246,11.010000228881836,32.55142306917549,-27.4312664529198,120.34910471801506,120.34910471801506,120.34910471801506,120.34910471801506,120.34910471801506,120.34910471801506,120.97794490613666,120.97794490613666,120.97794490613666,120.97794490613666,120.97794490613666,120.97794490613666
2018-07-23,279.45001220703125,280.20001220703125,12.619999885559082,11.34000015258789,32.498096738151034,-5.332633102445783,-108.62003956378234,140.9107946373652,140.9107946373652,-108.62003956378234,140.9107946373652,140.9107946373652,-71.84273602603427,141.8968136392751,141.8968136392751,-71.84273602603427,141.8968136392751,141.8968136392751
2018-07-24,281.7900085449219,281.6099853515625,12.40999984741211,11.149999618530272,33.22542175728322,72.73250191321878,52.60223613377282,52.60223613377282,-34.407415479921006,52.60223613377282,52.60223613377282,-34.407415479921006,57.348262780275114,57.348262780275114,-15.666541416198474,57.348262780275114,57.348262780275114,-15.666541416198474
2018-07-25,281.3299865722656,284.010009765625,12.289999961853027,11.270000457763672,34.845438790663984,162.0017033380762,-211.1163949594934,-211.1163949594934,237.61009147945126,-211.1163949594934,-211.1163949594934,237.61009147945126,-208.23782143840057,-208.23782143840057,266.5380068399404,-208.23782143840057,-208.23782143840057,266.5380068399404
2018-07-26,283.20001220703125,283.3399963378906,12.140000343322754,11.06999969482422,34.15072044237672,-69.47183482872603,-24.514462091910502,43.663793006410124,43.663793006410124,-24.514462091910502,43.663793006410124,43.663793006410124,-4.1142308797085665,47.71145610709298,47.71145610709298,-4.1142308797085665,47.71145610709298,47.71145610709298
2018-07-27,283.7099914550781,281.4200134277344,13.029999732971191,11.59000015258789,33.62135831876327,-52.93621236134527,201.32567380349994,-168.89467061718707,-168.89467061718707,201.32567380349994,-168.89467061718707,-168.89467061718707,236.2767169023954,-166.0496235535721,-166.0496235535721,236.2767169023954,-166.0496235535721,-166.0496235535721
2018-07-30,281.510009765625,279.95001220703125,14.260000228881836,13.56999969482422,33.922689866675306,30.13315479120351,214.04565726546278,214.04565726546278,-178.68388985853497,214.04565726546278,214.04565726546278,-178.68388985853497,222.68004428133688,222.68004428133688,-146.45033817181192,222.68004428133688,222.68004428133688,-146.45033817181192
2018-07-31,280.80999755859375,281.3299865722656,12.829999923706056,11.640000343322754,33.15824742156744,-76.44424451078677,40.514474167906855,40.514474167906855,2.1340882874649103,40.514474167906855,40.514474167906855,2.1340882874649103,42.404706963893624,42.404706963893624,48.29315149263464,42.404706963893624,42.404706963893624,48.29315149263464
2018-08-01,281.55999755859375,280.8599853515625,13.149999618530272,12.289999961853027,33.133308201669536,-2.4939219897902376,124.22341695849138,124.22341695849138,-94.71778354096323,124.22341695849138,124.22341695849138,-94.71778354096323,130.03967447220467,130.03967447220467,-65.68000659454542,130.03967447220467,130.03967447220467,-65.68000659454542
2018-08-02,279.3900146484375,282.3900146484375,12.1899995803833,10.510000228881836,33.18484096612499,5.153276445545174,-107.29357908825855,-87.57794331835977,-87.57794331835977,-107.29357908825855,-87.57794331835977,-87.57794331835977,-297.3612203398505,-87.0255399990476,-87.0255399990476,-297.3612203398505,-87.0255399990476,-87.0255399990476
2018-08-03,282.5299987792969,283.6000061035156,11.640000343322754,9.579999923706056,33.56075470095787,37.59137348328849,-101.64422527113099,107.21052575712518,107.21052575712518,-101.64422527113099,107.21052575712518,107.21052575712518,-95.58454259960222,111.99693393332176,111.99693393332176,-95.58454259960222,111.99693393332176,111.99693393332176
2018-08-06,283.6400146484375,284.6400146484375,11.270000457763672,9.739999771118164,33.963228053259435,40.24733523015627,-118.83655791815225,137.30914492975515,137.30914492975515,-118.83655791815225,137.30914492975515,137.30914492975515,-96.1107748791622,138.3425315867948,138.3425315867948,-96.1107748791622,138.3425315867948,138.3425315867948
2018-08-07,285.3900146484375,285.5799865722656,10.93000030517578,9.130000114440918,34.44535309671272,48.21250434532871,74.6834246345075,74.6834246345075,74.6834246345075,74.6834246345075,74.6834246345075,74.6834246345075,74.84559756123625,74.84559756123625,74.84559756123625,74.84559756123625,74.84559756123625,74.84559756123625
2018-08-08,285.3900146484375,285.4599914550781,10.850000381469728,8.859999656677246,34.250463895992624,-19.48892007200982,82.99572635988214,82.99572635988214,82.99572635988214,82.99572635988214,82.99572635988214,82.99572635988214,83.11302367669188,83.11302367669188,83.11302367669188,83.11302367669188,83.11302367669188,83.11302367669188
2018-08-09,285.5299987792969,285.07000732421875,11.270000457763672,9.460000038146973,34.195284831142544,-5.517906485007984,133.4301321286281,133.4301321286281,-95.56496000623504,133.4301321286281,133.4301321286281,-95.56496000623504,133.7183202887475,133.7183202887475,-52.68785661926947,133.7183202887475,133.7183202887475,-52.68785661926947
2018-08-10,283.45001220703125,283.1600036621094,13.15999984741211,13.09000015258789,34.35587463755566,16.058980641311393,7.427259436983061,30.706882053518633,30.706882053518633,7.427259436983061,30.706882053518633,30.706882053518633,44.11322981689432,37.65232001614114,37.65232001614114,44.11322981689432,37.65232001614114,37.65232001614114
2018-08-13,283.4700012207031,282.1000061035156,14.779999732971191,15.34000015258789,35.222722868123874,86.68482305682161,113.08916635073264,-55.735395759820626,-55.735395759820626,113.08916635073264,-55.735395759820626,-55.735395759820626,163.2076687759334,-42.26254055090764,-42.26254055090764,163.2076687759334,-42.26254055090764,-42.26254055090764
2018-08-14,282.9200134277344,283.8999938964844,13.3100004196167,12.619999885559082,34.860807151277896,-36.19157168459779,-99.45901069274795,126.37485741672461,126.37485741672461,-99.45901069274795,126.37485741672461,126.37485741672461,-76.9029841898878,136.08630495133949,136.08630495133949,-76.9029841898878,136.08630495133949,136.08630495133949
2018-08-15,282.3800048828125,281.7799987792969,14.640000343322754,15.010000228881836,34.746073243094706,-11.473390818319018,89.79286053015855,89.79286053015855,-45.244097321172184,89.79286053015855,89.79286053015855,-45.244097321172184,113.87871291702714,113.87871291702714,-19.106578527023043,113.87871291702714,113.87871291702714,-19.106578527023043
2018-08-16,283.3999938964844,284.05999755859375,13.449999809265137,12.920000076293944,35.02235220005192,27.62789569572135,-85.42872991388812,121.28046994258213,121.28046994258213,-85.42872991388812,121.28046994258213,121.28046994258213,-50.96724794511369,128.12777730210988,128.12777730210988,-50.96724794511369,128.12777730210988,128.12777730210988
2018-08-17,283.8299865722656,285.05999755859375,12.640000343322754,11.56999969482422,34.97758907011815,-4.476312993377007,-148.78211511712203,178.0934357434047,178.0934357434047,-148.78211511712203,178.0934357434047,178.0934357434047,-116.5470854936471,180.5518639239672,180.5518639239672,-116.5470854936471,180.5518639239672,180.5518639239672
2018-08-20,285.57000732421875,285.6700134277344,12.489999771118164,11.420000076293944,35.19572534235537,21.81362722372171,99.98893922769454,99.98893922769454,-49.41171866922558,99.98893922769454,99.98893922769454,-49.41171866922558,101.44036808638718,101.44036808638718,5.170424503568485,101.44036808638718,101.44036808638718,5.170424503568485
2018-08-21,286.25,286.3399963378906,12.859999656677246,11.550000190734863,35.988867892636165,79.31425502807983,57.08955320489642,57.08955320489642,-25.4445415871374,57.08955320489642,57.08955320489642,-25.4445415871374,60.40292473400479,60.40292473400479,8.231854254018891,60.40292473400479,60.40292473400479,8.231854254018891
2018-08-22,285.8800048828125,286.1700134277344,12.25,10.770000457763672,35.31466960293186,-67.41982897043073,50.841542404215346,50.841542404215346,-15.216800643353709,50.841542404215346,50.841542404215346,-15.216800643353709,52.209705613459946,52.209705613459946,24.373046969660695,52.209705613459946,52.209705613459946,24.373046969660695
2018-08-23,285.9700012207031,285.7900085449219,12.40999984741211,10.800000190734863,35.095784995253084,-21.888460767877405,92.49279126620476,92.49279126620476,-59.23154394394763,92.49279126620476,92.49279126620476,-59.23154394394763,94.05925734758476,94.05925734758476,-22.210202551610635,94.05925734758476,94.05925734758476,-22.210202551610635
2018-08-24,286.44000244140625,287.510009765625,11.989999771118164,10.170000076293944,36.13294539957604,103.71604043229539,-63.987941052108674,-63.987941052108674,82.28499531697578,-63.987941052108674,-63.987941052108674,82.28499531697578,-61.95630604087508,-61.95630604087508,103.83774188840594,-61.95630604087508,-61.95630604087508,103.83774188840594
2018-08-27,288.8599853515625,289.7799987792969,12.15999984741211,10.229999542236328,38.03412799046428,190.118259088824,-119.91518098031644,147.9115842812859,147.9115842812859,-119.91518098031644,147.9115842812859,147.9115842812859,-87.79558444054906,149.09787650308235,149.09787650308235,-87.79558444054906,149.09787650308235,149.09787650308235
2018-08-28,290.29998779296875,289.9200134277344,12.5,10.199999809265137,38.33478738045387,30.06593899895904,140.18601227827867,140.18601227827867,140.18601227827867,140.18601227827867,140.18601227827867,140.18601227827867,140.6960440804423,140.6960440804423,140.6960440804423,140.6960440804423,140.6960440804423,140.6960440804423
2018-08-29,290.1600036621094,291.4800109863281,12.25,9.770000457763672,39.4688389310221,113.40515505682305,-7.517417992925289,-7.517417992925289,-7.517417992925289,-7.517417992925289,-7.517417992925289,-7.517417992925289,-7.218418219312859,-7.218418219312859,-7.218418219312859,-7.218418219312859,-7.218418219312859,-7.218418219312859
2018-08-30,290.94000244140625,290.29998779296875,13.529999732971191,11.489999771118164,39.29452916369891,-17.430976732318726,150.74342628137768,150.74342628137768,-110.13315539781125,150.74342628137768,150.74342628137768,-110.13315539781125,153.2557099595477,153.2557099595477,-66.63090230646944,153.2557099595477,153.2557099595477,-66.63090230646944
2018-08-31,289.8399963378906,290.30999755859375,12.859999656677246,11.010000228881836,38.78018488671188,-51.43442769870319,126.23726784565824,126.23726784565824,126.23726784565824,126.23726784565824,126.23726784565824,126.23726784565824,127.08212451557515,127.08212451557515,127.08212451557515,127.08212451557515,127.08212451557515,127.08212451557515
2018-09-04,289.8399963378906,289.80999755859375,13.15999984741211,11.970000267028809,38.40250275377735,-37.7682132934531,151.37964549730353,151.37964549730353,151.37964549730353,151.37964549730353,151.37964549730353,151.37964549730353,153.04867239828263,153.04867239828263,153.04867239828263,153.04867239828263,153.04867239828263,153.04867239828263
2018-09-05,289.4100036621094,289.0299987792969,13.90999984741211,12.649999618530272,38.29303339532324,-10.946935845410621,-23.03961393495346,86.76483410345662,86.76483410345662,-23.03961393495346,86.76483410345662,86.76483410345662,43.72865842945976,89.6726623548589,89.6726623548589,43.72865842945976,89.6726623548589,89.6726623548589
2018-09-06,289.1499938964844,288.1600036621094,14.649999618530272,13.460000038146973,38.1890593403193,-10.397405500394541,46.36856921966082,14.701928004897782,14.701928004897782,46.36856921966082,14.701928004897782,14.701928004897782,108.5258534606602,19.69544643030281,19.69544643030281,108.5258534606602,19.69544643030281,19.69544643030281
2018-09-07,286.9800109863281,287.6000061035156,14.880000114440918,13.489999771118164,37.92109132896842,-26.796801135087378,-18.521622259741587,-18.521622259741587,53.992575341493755,-18.521622259741587,-18.521622259741587,53.992575341493755,-5.0556642238477085,-5.0556642238477085,81.44204750222633,-5.0556642238477085,-5.0556642238477085,81.44204750222633
2018-09-10,288.739990234375,288.1000061035156,14.15999984741211,12.56999969482422,37.528178389570705,-39.291293939771776,31.68575724555989,10.526033933682813,10.526033933682813,31.68575724555989,10.526033933682813,10.526033933682813,74.67713187415005,15.282433402969778,15.282433402969778,74.67713187415005,15.282433402969778,15.282433402969778
2018-09-11,287.3699951171875,289.04998779296875,13.220000267028809,11.0,37.51325164986649,-1.4926739704215208,-153.90631186417508,-153.90631186417508,168.60420967814423,-153.90631186417508,-153.90631186417508,168.60420967814423,-144.64098877503682,-144.64098877503682,179.32399401871234,-144.64098877503682,-144.64098877503682,179.32399401871234
2018-09-12,289.05999755859375,289.1199951171875,13.140000343322754,10.670000076293944,37.469632981352746,-4.36186685137443,-42.75074183453478,79.53430564497864,79.53430564497864,-42.75074183453478,79.53430564497864,79.53430564497864,-1.8420326709489765,80.762851506668,80.762851506668,-1.8420326709489765,80.762851506668,80.762851506668
2018-09-13,290.32000732421875,290.8299865722656,12.369999885559082,10.029999732971191,38.37636108026069,90.67280989079478,63.12736090828471,63.12736090828471,63.12736090828471,63.12736090828471,63.12736090828471,63.12736090828471,63.57334150858134,63.57334150858134,63.57334150858134,63.57334150858134,63.57334150858134,63.57334150858134
2018-09-14,291.05999755859375,290.8800048828125,12.06999969482422,9.93000030517578,38.21197970791407,-16.43813723466252,79.32293498747528,79.32293498747528,-53.286897479611525,79.32293498747528,79.32293498747528,-53.286897479611525,80.44796493832882,80.44796493832882,-23.080208834329706,80.44796493832882,80.44796493832882,-23.080208834329706
2018-09-17,290.82000732421875,289.3399963378906,13.68000030517578,13.5,37.810734034049744,-40.124567386432375,134.73135777361145,134.73135777361145,-140.45520792833975,134.73135777361145,134.73135777361145,-140.45520792833975,140.42224279577485,140.42224279577485,-145.9077491100948,140.42224279577485,140.42224279577485,-145.9077491100948
2018-09-18,289.5799865722656,290.9100036621094,12.789999961853027,11.739999771118164,38.485931712782254,67.51976787325091,78.42086003204766,78.42086003204766,78.42086003204766,78.42086003204766,78.42086003204766,78.42086003204766,79.98077479019307,79.98077479019307,79.98077479019307,79.98077479019307,79.98077479019307,79.98077479019307
2018-09-19,290.9700012207031,291.2200012207031,11.75,11.449999809265137,38.1528547425884,-33.307697019385074,59.29920689005635,59.29920689005635,-19.845704237689453,59.29920689005635,59.29920689005635,-19.845704237689453,61.84076814044676,61.84076814044676,22.460152887529517,61.84076814044676,61.84076814044676,22.460152887529517
2018-09-20,292.6400146484375,293.5799865722656,11.800000190734863,11.039999961853027,40.25837036105441,210.55156184660078,-87.69669751452908,104.28369395594086,104.28369395594086,-87.69669751452908,104.28369395594086,104.28369395594086,-74.55092439431895,113.01723925328287,113.01723925328287,-74.55092439431895,113.01723925328287,113.01723925328287
2018-09-21,293.0899963378906,291.989990234375,11.68000030517578,10.630000114440918,38.732515971963124,-152.5854389091286,102.78925939446218,-85.46541551411197,-85.46541551411197,102.78925939446218,-85.46541551411197,-85.46541551411197,120.9255791299128,-80.98417674276172,-80.98417674276172,120.9255791299128,-80.98417674276172,-80.98417674276172
2018-09-24,291.3399963378906,291.0199890136719,12.199999809265137,11.630000114440918,38.00673492933424,-72.57810426288813,95.89759942235253,95.89759942235253,-64.1200408410745,95.89759942235253,95.89759942235253,-64.1200408410745,100.06878632852926,100.06878632852926,-31.158718702862863,100.06878632852926,100.06878632852926,-31.158718702862863
2018-09-25,291.5299987792969,290.75,12.420000076293944,11.760000228881836,37.84757804738673,-15.915688194750999,132.90489296827198,132.90489296827198,-103.75085180338918,132.90489296827198,132.90489296827198,-103.75085180338918,138.30735730155172,138.30735730155172,-74.655362485708,138.30735730155172,138.30735730155172,-74.655362485708
2018-09-26,290.9100036621094,289.8800048828125,12.890000343322754,12.699999809265137,37.330370785464666,-51.72072619220671,181.8840772474104,181.8840772474104,-142.86009328757186,181.8840772474104,181.8840772474104,-142.86009328757186,186.26227285546724,186.26227285546724,-102.57813266555368,186.26227285546724,186.26227285546724,-102.57813266555368
2018-09-27,290.4100036621094,290.69000244140625,12.40999984741211,12.09000015258789,37.70845569711837,37.80849116537013,106.31393416169,106.31393416169,106.31393416169,106.31393416169,106.31393416169,106.31393416169,108.47376152908151,108.47376152908151,108.47376152908151,108.47376152908151,108.47376152908151,108.47376152908151
2018-09-28,289.989990234375,290.7200012207031,12.119999885559082,11.170000076293944,37.54295719984514,-16.549849727322652,87.26358543897655,87.26358543897655,87.26358543897655,87.26358543897655,87.26358543897655,87.26358543897655,88.2228414474996,88.2228414474996,88.2228414474996,88.2228414474996,88.2228414474996,88.2228414474996
2018-10-01,292.1099853515625,291.7300109863281,12.0,11.1899995803833,38.26254087587385,71.95836760287122,62.95315505904917,62.95315505904917,-44.72105100750279,62.95315505904917,62.95315505904917,-44.72105100750279,70.98983001484059,70.98983001484059,-29.23096711535298,70.98983001484059,70.98983001484059,-29.23096711535298
2018-10-02,291.55999755859375,291.55999755859375,12.050000190734863,11.130000114440918,38.09490542761361,-16.7635448260242,47.80438922411145,47.80438922411145,-23.838988208886413,47.80438922411145,47.80438922411145,-23.838988208886413,52.07195575351313,52.07195575351313,1.1683937984993586,52.07195575351313,52.07195575351313,1.1683937984993586
2018-10-03,292.739990234375,291.7200012207031,11.609999656677246,10.8100004196167,38.007423580456226,-8.74818471573846,104.84599159417839,-89.36205561397232,-89.36205561397232,104.84599159417839,-89.36205561397232,-89.36205561397232,118.40609274527182,-82.14840886790512,-82.14840886790512,118.40609274527182,-82.14840886790512,-82.14840886790512
2018-10-04,291.17999267578125,289.44000244140625,14.220000267028809,15.420000076293944,37.47734324262723,-53.008033782899844,173.96976374366895,173.96976374366895,-162.58013685509215,173.96976374366895,173.96976374366895,-162.58013685509215,187.4266452501865,187.4266452501865,-158.00585508536705,187.4266452501865,187.4266452501865,-158.00585508536705
2018-10-05,289.69000244140625,287.82000732421875,14.81999969482422,14.859999656677246,36.595637911564104,-88.17053310631238,-10.192414406910919,-10.192414406910919,-10.192414406910919,-10.192414406910919,-10.192414406910919,-10.192414406910919,-3.125190940134701,-3.125190940134701,-3.125190940134701,-3.125190940134701,-3.125190940134701,-3.125190940134701
2018-10-08,287.04998779296875,287.82000732421875,15.6899995803833,14.920000076293944,37.14411023209993,54.84723205358293,-28.100030075420722,-28.100030075420722,75.54532092628196,-28.100030075420722,-28.100030075420722,75.54532092628196,-8.235756182098239,-8.235756182098239,108.87787809096679,-8.235756182098239,-8.235756182098239,108.87787809096679
2018-10-09,287.3900146484375,287.3999938964844,15.949999809265137,14.399999618530272,36.9962434024769,-14.786682962303388,26.682329988406362,26.682329988406362,14.727599714814703,26.682329988406362,26.682329988406362,14.727599714814703,49.361665982650415,49.361665982650415,39.04411243762775,49.361665982650415,49.361665982650415,39.04411243762775
2018-10-10,286.8299865722656,278.29998779296875,22.959999084472656,25.979999542236328,39.290446401620386,229.42029991434865,-185.7393308909565,-185.7393308909565,-162.67635661777595,-185.7393308909565,-185.7393308909565,-162.67635661777595,-278.9777071779487,-278.9777071779487,-561.0215124368096,-278.9777071779487,-278.9777071779487,-561.0215124368096
2018-10-11,277.0799865722656,272.1700134277344,24.979999542236328,29.579999923706055,39.36902085812629,7.857445650590478,46.21926666649008,46.21926666649008,-157.98823013395238,46.21926666649008,46.21926666649008,-157.98823013395238,142.6800413170528,142.6800413170528,-329.60191905246893,142.6800413170528,142.6800413170528,-329.60191905246893
2018-10-12,276.7699890136719,275.95001220703125,21.309999465942383,22.84000015258789,35.907722530147126,-346.1298327979165,196.40064611806858,196.40064611806858,-79.08583944285478,196.40064611806858,196.40064611806858,-79.08583944285478,248.2439669740517,248.2439669740517,1.3134816845255215,248.2439669740517,248.2439669740517,1.3134816845255215
2018-10-15,275.54998779296875,274.3999938964844,21.299999237060547,23.90999984741211,34.94809795291934,-95.96245772277854,223.7138231783188,223.7138231783188,223.7138231783188,223.7138231783188,223.7138231783188,223.7138231783188,269.07714155772953,269.07714155772953,269.07714155772953,269.07714155772953,269.07714155772953,269.07714155772953
2018-10-16,276.6000061035156,280.3999938964844,17.6200008392334,17.850000381469727,33.507016292329034,-144.10816605903065,-245.55696893484475,-245.55696893484475,279.3864656930141,-245.55696893484475,-245.55696893484475,279.3864656930141,-261.6174399050886,-261.6174399050886,336.62090617817813,-261.6174399050886,-261.6174399050886,336.62090617817813
2018-10-17,280.44000244140625,280.45001220703125,17.399999618530273,17.75,33.22931695831411,-27.769933401492608,189.64726257292773,189.64726257292773,189.64726257292773,189.64726257292773,189.64726257292773,189.64726257292773,205.2034848705217,205.2034848705217,205.2034848705217,205.2034848705217,205.2034848705217,205.2034848705217
2018-10-18,279.3999938964844,276.3999938964844,20.059999465942383,22.309999465942383,34.041489610812434,81.2172652498326,219.55092960746344,-85.02231855480639,-85.02231855480639,219.55092960746344,-85.02231855480639,-85.02231855480639,336.53106080221824,-47.29075536299299,-47.29075536299299,336.53106080221824,-47.29075536299299,-47.29075536299299
2018-10-19,277.1300048828125,276.25,19.88999938964844,21.1299991607666,33.67823327650494,-36.32563343074935,164.45046349466625,164.45046349466625,-65.10425775547796,164.45046349466625,164.45046349466625,-65.10425775547796,212.90996053697026,212.90996053697026,-3.1834208004770415,212.90996053697026,212.90996053697026,-3.1834208004770415
2018-10-22,277.0,275.010009765625,19.63999938964844,20.670000076293945,32.53529001817509,-114.29432583298507,282.62583877208925,282.62583877208925,-186.84271441681804,282.62583877208925,282.62583877208925,-186.84271441681804,326.31944966548105,326.31944966548105,-124.39467517460831,326.31944966548105,326.31944966548105,-124.39467517460831
2018-10-23,270.95001220703125,273.6099853515625,20.709999084472656,23.43000030517578,33.15743942685742,62.21494086823327,-80.41576956564286,-80.41576956564286,210.4622211249639,-80.41576956564286,-80.41576956564286,210.4622211249639,-37.49773273744423,-37.49773273744423,315.64022535156835,-37.49773273744423,-37.49773273744423,315.64022535156835
2018-10-24,273.3299865722656,265.32000732421875,25.229999542236328,31.90999984741211,36.29876585867726,314.13264318198344,-116.5998561418249,-165.12804977603503,-165.12804977603503,-116.5998561418249,-165.12804977603503,-165.12804977603503,12.805895217713095,-530.0385339608305,-530.0385339608305,12.805895217713095,-530.0385339608305,-530.0385339608305
2018-10-25,267.3800048828125,270.0799865722656,24.219999313354492,29.6200008392334,36.198865154183466,-9.990070449379118,-171.26265633271774,-171.26265633271774,326.05658932451644,-171.26265633271774,-171.26265633271774,326.05658932451644,-83.88150194121275,-83.88150194121275,425.81413655273883,-83.88150194121275,-83.88150194121275,425.81413655273883
2018-10-26,265.9200134277344,265.3299865722656,24.15999984741211,29.88999938964844,34.6385180926699,-156.03470615135677,282.38432170327525,282.38432170327525,-107.36424397912822,282.38432170327525,282.38432170327525,-107.36424397912822,360.63012253639636,360.63012253639636,27.314310699742062,360.63012253639636,360.63012253639636,27.314310699742062
2018-10-29,268.79998779296875,263.8599853515625,24.700000762939453,31.030000686645508,34.71134931920972,7.283122653981877,241.2123214294011,-174.84593351537507,-174.84593351537507,241.2123214294011,-174.84593351537507,-174.84593351537507,374.69108347498553,-199.2344699589883,-199.2344699589883,374.69108347498553,-199.2344699589883,-199.2344699589883
2018-10-30,263.6700134277344,267.7699890136719,23.350000381469727,28.8700008392334,33.814384178690375,-89.69651405193417,-152.98558282304296,35.99109316293896,35.99109316293896,-152.98558282304296,35.99109316293896,35.99109316293896,-312.31464247469944,109.87597538170257,109.87597538170257,-312.31464247469944,109.87597538170257,109.87597538170257
2018-10-31,270.6499938964844,270.6300048828125,21.229999542236328,25.15999984741211,31.914240819102574,-190.01433595878012,226.68811228034647,226.68811228034647,-77.44371898200556,226.68811228034647,226.68811228034647,-77.44371898200556,277.3670592263923,277.3670592263923,45.86721799123781,277.3670592263923,277.3670592263923,45.86721799123781
2018-11-01,271.6000061035156,273.510009765625,19.34000015258789,21.540000915527344,30.655263289462695,-125.89775296398784,-73.3910472865839,-73.3910472865839,177.30310302925048,-73.3910472865839,-73.3910472865839,177.30310302925048,-33.34371928847235,-33.34371928847235,252.91331900704105,-33.34371928847235,-33.34371928847235,252.91331900704105
2018-11-02,274.75,271.8900146484375,19.510000228881836,21.170000076293945,30.076804560809208,-57.845872865348724,-49.87910354926941,-49.87910354926941,-49.87910354926941,-49.87910354926941,-49.87910354926941,-49.87910354926941,-21.389521052657233,-21.389521052657233,-21.389521052657233,-21.389521052657233,-21.389521052657233,-21.389521052657233
2018-11-05,272.44000244140625,273.3900146484375,19.959999084472656,21.6299991607666,31.006804884196768,93.000032338756,-40.96907874690727,-40.96907874690727,140.65971452803802,-40.96907874690727,-40.96907874690727,140.65971452803802,14.145186031643343,14.145186031643343,196.42145338031736,14.145186031643343,14.145186031643343,196.42145338031736
2018-11-06,273.32000732421875,275.1199951171875,19.90999984741211,21.6200008392334,31.649934829186336,64.31299449895675,-175.85231825673333,268.98661231705137,268.98661231705137,-175.85231825673333,268.98661231705137,268.98661231705137,-111.15998272144802,309.9221158815856,309.9221158815856,-111.15998272144802,309.9221158815856,309.9221158815856
2018-11-07,277.55999755859375,281.010009765625,16.360000610351562,15.539999961853027,31.115633118820078,-53.43017103662575,-222.60061066951937,168.54435216686068,168.54435216686068,-222.60061066951937,168.54435216686068,168.54435216686068,-295.19253803854514,192.8445675933054,192.8445675933054,-295.19253803854514,192.8445675933054,192.8445675933054
2018-11-08,280.1099853515625,280.5,16.719999313354492,15.5600004196167,31.057111539117315,-5.852157970276295,159.21803035779865,159.21803035779865,159.21803035779865,159.21803035779865,159.21803035779865,159.21803035779865,166.73261896264208,166.73261896264208,166.73261896264208,166.73261896264208,166.73261896264208,166.73261896264208
2018-11-09,279.0299987792969,277.760009765625,17.360000610351562,15.630000114440918,29.962989392836747,-109.41221462805686,75.29468980230381,-4.47063950534041,-4.47063950534041,75.29468980230381,-4.47063950534041,-4.47063950534041,143.3453903489486,5.240728947155285,5.240728947155285,143.3453903489486,5.240728947155285,5.240728947155285
2018-11-12,277.19000244140625,272.57000732421875,20.450000762939453,20.690000534057617,30.61622755441512,65.3238161578372,45.62886520940352,45.62886520940352,-193.62040123168075,45.62886520940352,45.62886520940352,-193.62040123168075,92.83112660217213,92.83112660217213,-378.53856433955974,92.83112660217213,92.83112660217213,-378.53856433955974
2018-11-13,273.0899963378906,272.05999755859375,20.020000457763672,19.3799991607666,29.802067010174,-81.4160544241119,104.84167702309594,-22.43122380110256,-22.43122380110256,104.84167702309594,-22.43122380110256,-22.43122380110256,163.3196548376963,10.082172436588424,10.082172436588424,163.3196548376963,10.082172436588424,10.082172436588424
2018-11-14,274.1600036621094,270.20001220703125,21.25,21.38999938964844,30.465465085473525,66.33980752995257,331.70294590507126,-213.23115762396336,-213.23115762396336,331.70294590507126,-213.23115762396336,-213.23115762396336,433.8360551425986,-181.49453714747415,-181.49453714747415,433.8360551425986,-181.49453714747415,-181.49453714747415
2018-11-15,268.7799987792969,273.0199890136719,19.979999542236328,19.5,29.984267324769647,-48.11977607038784,-162.70684276417234,-47.975188830535686,-47.975188830535686,-162.70684276417234,-47.975188830535686,-47.975188830535686,-387.1714042429909,-24.423857056319974,-24.423857056319974,-387.1714042429909,-24.423857056319974,-24.423857056319974
2018-11-16,271.7900085449219,273.7300109863281,18.13999938964844,16.350000381469727,28.129134487521924,-185.5132837247723,-125.62492026866609,-125.62492026866609,180.81967868696165,-125.62492026866609,-125.62492026866609,180.81967868696165,-106.78969980587587,-106.78969980587587,223.23048540723673,-106.78969980587587,-106.78969980587587,223.23048540723673
2018-11-19,273.04998779296875,269.1000061035156,20.100000381469727,20.43000030517578,28.206197715582803,7.70632280608794,222.23091379777296,-220.69259958427668,-220.69259958427668,222.23091379777296,-220.69259958427668,-220.69259958427668,285.25565040330855,-272.2768700840999,-272.2768700840999,285.25565040330855,-272.2768700840999,-272.2768700840999
2018-11-20,265.3599853515625,264.1199951171875,22.479999542236328,23.6299991607666,29.58204219318401,137.58444776012055,186.47635814734966,186.47635814734966,186.47635814734966,186.47635814734966,186.47635814734966,186.47635814734966,224.38726346298603,224.38726346298603,224.38726346298603,224.38726346298603,224.38726346298603,224.38726346298603
2018-11-21,265.8599853515625,265.0199890136719,20.799999237060547,19.86000061035156,27.613533332217315,-196.85088609666934,247.33006430759693,247.33006430759693,-147.56954409967227,247.33006430759693,247.33006430759693,-147.56954409967227,269.64161474485684,269.64161474485684,-59.74200403948438,269.64161474485684,269.64161474485684,-59.74200403948438
2018-11-23,263.17999267578125,263.25,21.520000457763672,21.420000076293945,27.886202155899383,27.26688236820678,-7.904987425907814,102.6035005697249,102.6035005697249,-7.904987425907814,102.6035005697249,102.6035005697249,59.63603566895996,140.2175369200236,140.2175369200236,59.63603566895996,140.2175369200236,140.2175369200236
2018-11-26,265.7799987792969,267.5,18.899999618530273,20.040000915527344,25.586373466636644,-229.9828689262739,-0.24939970862371874,-0.24939970862371874,103.46868612023047,-0.24939970862371874,-0.24939970862371874,103.46868612023047,22.280335441611165,22.280335441611165,195.07858589114366,22.280335441611165,22.280335441611165,195.07858589114366
2018-11-27,266.3399963378906,268.3999938964844,19.020000457763672,21.329999923706055,25.947332244049335,36.09587774126908,-71.49657469938424,-71.49657469938424,173.7785709044047,-71.49657469938424,-71.49657469938424,173.7785709044047,-37.8548946316793,-37.8548946316793,253.70534311305724,-37.8548946316793,-37.8548946316793,253.70534311305724
2018-11-28,269.6000061035156,274.5799865722656,18.489999771118164,22.059999465942383,27.924121962667996,197.67897186186616,-192.31562246318109,-192.31562246318109,-192.31562246318109,-192.31562246318109,-192.31562246318109,-192.31562246318109,-161.0128614911617,-161.0128614911617,-161.0128614911617,-161.0128614911617,-161.0128614911617,-161.0128614911617
2018-11-29,273.7099914550781,273.9800109863281,18.790000915527344,22.1299991607666,27.858553816772073,-6.5568145895923635,-60.53964922222625,175.85821591859678,175.85821591859678,-60.53964922222625,175.85821591859678,175.85821591859678,30.40024985349124,215.1273731266065,215.1273731266065,30.40024985349124,215.1273731266065,215.1273731266065
2018-11-30,273.80999755859375,275.6499938964844,18.06999969482422,21.459999084472656,27.877385703132518,1.8831886360445083,-160.07117465892165,206.59388537372436,206.59388537372436,-160.07117465892165,206.59388537372436,206.59388537372436,-134.3783712442476,241.3032342483718,241.3032342483718,-134.3783712442476,241.3032342483718,241.3032342483718
2018-12-03,280.2799987792969,279.29998779296875,16.440000534057617,17.209999084472656,28.277411026628485,40.00253234959672,157.9742327101691,157.9742327101691,157.9742327101691,157.9742327101691,157.9742327101691,157.9742327101691,170.98906937273293,170.98906937273293,170.98906937273293,170.98906937273293,170.98906937273293,170.98906937273293
2018-12-04,278.3699951171875,270.25,20.739999771118164,25.100000381469727,27.92112535627591,-35.628567035257674,-139.7417290881286,-196.06448895598803,-196.06448895598803,-139.7417290881286,-196.06448895598803,-196.06448895598803,-41.18861356727932,-607.9481593288027,-607.9481593288027,-41.18861356727932,-607.9481593288027,-607.9481593288027
2018-12-06,265.9200134277344,269.8399963378906,21.190000534057617,25.11000061035156,28.070455055768377,14.93296994924691,-195.62015410178478,-195.62015410178478,335.8960513850957,-195.62015410178478,-195.62015410178478,335.8960513850957,-146.0095578508404,-146.0095578508404,448.11382644933667,-146.0095578508404,-146.0095578508404,448.11382644933667
2018-12-07,269.4599914550781,263.57000732421875,23.229999542236328,27.420000076293945,28.520977885959496,45.05228301911188,-197.16290044484134,-197.16290044484134,-197.16290044484134,-197.16290044484134,-197.16290044484134,-197.16290044484134,-277.1603156029001,-277.1603156029001,-277.1603156029001,-277.1603156029001,-277.1603156029001,-277.1603156029001
2018-12-10,263.3699951171875,264.07000732421875,22.63999938964844,25.530000686645508,27.599935409662123,-92.1042476297373,-74.35137655902999,205.56345697933975,205.56345697933975,-74.35137655902999,205.56345697933975,205.56345697933975,19.17612468171004,262.91005868560393,262.91005868560393,19.17612468171004,262.91005868560393,262.91005868560393
2018-12-11,267.6600036621094,264.1300048828125,21.760000228881836,23.489999771118164,26.485201850214395,-111.47335594477283,222.82601777444773,-196.89352812046118,-196.89352812046118,222.82601777444773,-196.89352812046118,-196.89352812046118,290.4303596827189,-224.43051752389863,-224.43051752389863,290.4303596827189,-224.43051752389863,-224.43051752389863
2018-12-12,267.4700012207031,265.4599914550781,21.459999084472656,22.86000061035156,26.36220219825077,-12.29996519636245,256.42345296472456,256.42345296472456,-149.361700666372,256.42345296472456,256.42345296472456,-149.361700666372,316.51709799082903,316.51709799082903,-89.69032191373817,316.51709799082903,316.51709799082903,-89.69032191373817
2018-12-13,266.5199890136719,265.3699951171875,20.649999618530273,20.56999969482422,25.313172486599726,-104.90297116510447,229.81641276547728,229.81641276547728,-136.83967820441617,229.81641276547728,229.81641276547728,-136.83967820441617,261.96979475412274,261.96979475412274,-66.28495273168886,261.96979475412274,261.96979475412274,-66.28495273168886
2018-12-14,262.9599914550781,260.4700012207031,21.6299991607666,21.469999313354492,25.321338677107903,0.8166190508177351,262.87185807223614,-169.82639100714422,-169.82639100714422,262.87185807223614,-169.82639100714422,-169.82639100714422,324.8974688881767,-128.66753552992674,-128.66753552992674,324.8974688881767,-128.66753552992674,-128.66753552992674
2018-12-17,259.3999938964844,255.36000061035156,24.520000457763672,27.06999969482422,27.87793219512767,255.6593518019767,-169.08654040670328,-169.08654040670328,-169.08654040670328,-169.08654040670328,-169.08654040670328,-169.08654040670328,-114.23448163248989,-114.23448163248989,-114.23448163248989,-114.23448163248989,-114.23448163248989,-114.23448163248989
2018-12-18,257.20001220703125,255.0800018310547,25.579999923706055,28.36000061035156,28.94712679970749,106.91946045798204,308.49072133486976,308.49072133486976,-163.44458439299015,308.49072133486976,308.49072133486976,-163.44458439299015,387.585522522619,387.585522522619,-73.23763848334102,387.585522522619,387.585522522619,-73.23763848334102
2018-12-19,255.1699981689453,251.2599945068359,25.579999923706055,26.649999618530273,28.918312524004534,-2.881427570295614,-86.18568159522157,-86.18568159522157,-86.18568159522157,-86.18568159522157,-86.18568159522157,-86.18568159522157,-37.46386124858054,-37.46386124858054,-37.46386124858054,-37.46386124858054,-37.46386124858054,-37.46386124858054
2018-12-20,249.86000061035156,247.1699981689453,28.3799991607666,30.420000076293945,32.24876551080958,333.04529868050423,23.233049249267502,23.233049249267502,23.233049249267502,23.233049249267502,23.233049249267502,23.233049249267502,23.233049249267502,23.233049249267502,23.233049249267502,90.17274581437896,90.17274581437896,90.17274581437896
2018-12-21,246.7400054931641,240.6999969482422,30.11000061035156,33.7400016784668,35.148502419404835,289.97369085952585,-102.35524308832248,-102.35524308832248,-151.0843511486236,-102.35524308832248,-102.35524308832248,-151.0843511486236,-102.35524308832248,-102.35524308832248,-151.0843511486236,-7.817817898252885,-7.817817898252885,-459.67308044151366
2018-12-24,239.0399932861328,234.33999633789065,36.06999969482422,42.400001525878906,42.233887281296134,708.5384861891299,305.423416221959,-149.24430856832453,-149.24430856832453,305.423416221959,-149.24430856832453,-149.24430856832453,305.423416221959,-149.24430856832453,-149.24430856832453,472.2723015622749,-86.26400391053278,-86.26400391053278
2018-12-26,235.97000122070312,246.17999267578125,30.40999984741211,34.709999084472656,33.69733493496719,-853.6552346328947,-180.02771109633713,-180.02771109633713,-139.25886352038913,-180.02771109633713,-180.02771109633713,-139.25886352038913,-180.02771109633713,-180.02771109633713,-139.25886352038913,-595.9273582973691,-595.9273582973691,-119.4462704308963
2018-12-27,242.57000732421875,248.07000732421875,29.959999084472656,33.880001068115234,32.83978117555061,-85.75537594165752,-164.8684691740293,28.75661800042051,28.75661800042051,-164.8684691740293,28.75661800042051,28.75661800042051,-164.8684691740293,28.75661800042051,28.75661800042051,-367.1779951509552,131.6477149588129,131.6477149588129
2018-12-28,249.5800018310547,247.75,28.34000015258789,31.020000457763672,31.06290520189674,-177.68759736538726,84.84596202111553,84.84596202111553,84.84596202111553,84.84596202111553,84.84596202111553,84.84596202111553,84.84596202111553,84.84596202111553,84.84596202111553,155.70358890862772,155.70358890862772,155.70358890862772
2018-12-31,249.55999755859375,249.9199981689453,25.420000076293945,27.350000381469727,27.388786997758046,-367.41182041386935,281.45257248078826,281.45257248078826,281.45257248078826,281.45257248078826,281.45257248078826,281.45257248078826,281.45257248078826,281.45257248078826,281.45257248078826,331.2547145633684,331.2547145633684,331.2547145633684
2019-01-02,245.97999572753903,250.17999267578125,23.219999313354492,23.020000457763672,24.87016010894341,-251.86268888146373,-237.68300348273712,-237.68300348273712,328.4738140021227,-237.68300348273712,-237.68300348273712,328.4738140021227,-237.68300348273712,-237.68300348273712,328.4738140021227,-225.8961580618791,-225.8961580618791,419.78483265554706
2019-01-03,248.22999572753903,244.2100067138672,25.450000762939453,26.959999084472656,28.144734727507952,327.4574618564543,249.72216007126204,-199.836317614367,-199.836317614367,249.72216007126204,-199.836317614367,-199.836317614367,249.72216007126204,-199.836317614367,-199.836317614367,338.87077242932435,-220.2177354195446,-220.2177354195446
2019-01-04,247.58999633789065,252.38999938964844,21.3799991607666,21.270000457763672,22.51378336465335,-563.0951362854603,-207.7294322660275,47.30847545069865,47.30847545069865,-207.7294322660275,47.30847545069865,47.30847545069865,-207.7294322660275,47.30847545069865,47.30847545069865,-400.61787072696075,87.81454390178712,87.81454390178712
2019-01-07,252.69000244140625,254.3800048828125,21.399999618530273,21.68000030517578,22.05627060898655,-45.751275566679794,-139.20666891532588,225.21449795212794,225.21449795212794,-139.20666891532588,225.21449795212794,225.21449795212794,-86.84826603018264,267.8691007557265,267.8691007557265,-86.84826603018264,267.8691007557265,267.8691007557265
2019-01-08,256.82000732421875,256.7699890136719,20.469999313354492,20.56999969482422,20.96377569806326,-109.24949109232927,91.98133127873936,91.98133127873936,-9.419012670014324,91.98133127873936,91.98133127873936,-9.419012670014324,124.63757644612858,124.63757644612858,48.83735297422207,124.63757644612858,124.63757644612858,48.83735297422207
2019-01-09,257.55999755859375,257.9700012207031,19.979999542236328,19.18000030517578,40.92744162659331,1993.766592853005,-10.664849385289951,78.1835438547488,78.1835438547488,-10.664849385289951,78.1835438547488,78.1835438547488,28.772520058768848,113.21099241773463,113.21099241773463,28.772520058768848,113.21099241773463,113.21099241773463
2019-01-10,256.260009765625,258.8800048828125,19.5,17.8799991607666,40.112458140033525,-81.49834865597825,-153.2331906384199,-153.2331906384199,221.8598974804485,-153.2331906384199,-153.2331906384199,221.8598974804485,-137.97397729312544,-137.97397729312544,281.98669108027786,-137.97397729312544,-137.97397729312544,281.98669108027786
2019-01-11,257.67999267578125,258.9800109863281,18.190000534057617,16.100000381469727,37.48732101600787,-262.5137124025656,-116.9773224509069,159.10418706029125,159.10418706029125,-116.9773224509069,159.10418706029125,159.10418706029125,-89.18107892165563,179.0540050685697,179.0540050685697,-89.18107892165563,179.0540050685697,179.0540050685697
2019-01-14,256.8599853515625,257.3999938964844,19.06999969482422,17.56999969482422,38.73412886417954,124.68078481716702,11.527308835074537,11.527308835074537,45.11307397423943,11.527308835074537,11.527308835074537,45.11307397423943,32.22149592729122,32.22149592729122,87.18987543462767,32.22149592729122,32.22149592729122,87.18987543462767
2019-01-15,257.82000732421875,260.3500061035156,18.600000381469727,16.84000015258789,38.407525738747395,-32.66031254321433,-209.92636164078442,223.85043164775686,223.85043164775686,-209.92636164078442,223.85043164775686,223.85043164775686,-210.96378175761444,244.66795033141653,244.66795033141653,-210.96378175761444,244.66795033141653,244.66795033141653
2019-01-16,260.8299865722656,260.9800109863281,19.040000915527344,16.729999542236328,39.37254714078999,96.50214020425949,119.5073974634526,119.5073974634526,-46.618294702658254,119.5073974634526,119.5073974634526,-46.618294702658254,129.25976042541512,129.25976042541512,23.324283812803138,129.25976042541512,129.25976042541512,23.324283812803138
2019-01-17,260.010009765625,262.9599914550781,18.059999465942383,15.75,37.94619750803054,-142.63496327594538,-97.93357391570245,-97.93357391570245,-97.93357391570245,-97.93357391570245,-97.93357391570245,-97.93357391570245,-92.75562301886336,-92.75562301886336,-92.75562301886336,-92.75562301886336,-92.75562301886336,-92.75562301886336
2019-01-18,264.9800109863281,266.4599914550781,17.799999237060547,15.220000267028809,38.50874636934779,56.25488613172536,49.39569978673759,49.39569978673759,49.39569978673759,49.39569978673759,49.39569978673759,49.39569978673759,54.100623632817936,54.100623632817936,54.100623632817936,54.100623632817936,54.100623632817936,54.100623632817936
2019-01-22,264.82000732421875,262.8599853515625,20.799999237060547,21.56999969482422,42.94862061907608,443.9874249728291,43.711683116947576,43.711683116947576,43.711683116947576,43.711683116947576,43.711683116947576,43.711683116947576,70.1971530826709,70.1971530826709,70.1971530826709,70.1971530826709,70.1971530826709,70.1971530826709
2019-01-23,264.010009765625,263.4100036621094,19.520000457763672,19.36000061035156,40.565344231449615,-238.32763876264664,5.657822482106736,86.88517211917917,86.88517211917917,5.657822482106736,86.88517211917917,86.88517211917917,88.30888843739996,106.561457150692,106.561457150692,88.30888843739996,106.561457150692,106.561457150692
2019-01-24,263.2099914550781,263.54998779296875,18.88999938964844,18.09000015258789,39.33648145231135,-122.8862779138268,-43.39585633297707,109.68344517005336,109.68344517005336,-43.39585633297707,109.68344517005336,109.68344517005336,7.795288126021818,131.68086118736377,131.68086118736377,7.795288126021818,131.68086118736377,131.68086118736377
2019-01-25,265.6099853515625,265.7799987792969,17.420000076293945,16.350000381469727,37.185436475397594,-215.10449769137523,134.9962273340125,134.9962273340125,134.9962273340125,134.9962273340125,134.9962273340125,134.9962273340125,143.5530769600938,143.5530769600938,143.5530769600938,143.5530769600938,143.5530769600938,143.5530769600938
2019-01-28,263.3900146484375,263.760009765625,18.8700008392334,19.3799991607666,39.13521689916334,194.97804237657448,-54.89517392453271,134.84507180343337,134.84507180343337,-54.89517392453271,134.84507180343337,134.84507180343337,8.019923905633089,160.15582963517397,160.15582963517397,8.019923905633089,160.15582963517397,160.15582963517397
2019-01-29,263.9200134277344,263.4100036621094,19.1299991607666,19.850000381469727,39.47382646169794,33.86095625346002,1.827804488617637,92.43827015687101,92.43827015687101,1.827804488617637,92.43827015687101,92.43827015687101,83.91058866796345,114.79425782782162,114.79425782782162,83.91058866796345,114.79425782782162,114.79425782782162
2019-01-30,265.1000061035156,267.5799865722656,17.65999984741211,17.31999969482422,37.999546298468104,-147.42801632298352,-39.56739960681548,-39.56739960681548,-39.56739960681548,-39.56739960681548,-39.56739960681548,-39.56739960681548,-29.64740811630235,-29.64740811630235,-29.64740811630235,-29.64740811630235,-29.64740811630235,-29.64740811630235
2019-01-31,267.510009765625,269.92999267578125,16.56999969482422,15.510000228881836,36.87128380990046,-112.82624885676427,-220.45015106351863,262.1693943097369,262.1693943097369,-220.45015106351863,262.1693943097369,262.1693943097369,-195.6627944560696,284.70099986491687,284.70099986491687,-195.6627944560696,284.70099986491687,284.70099986491687
2019-02-01,270.1499938964844,270.05999755859375,16.139999389648438,14.130000114440918,36.10523727427292,-76.60465356275381,180.41245117995834,180.41245117995834,180.41245117995834,180.41245117995834,180.41245117995834,180.41245117995834,183.80702284247982,183.80702284247982,183.80702284247982,183.80702284247982,183.80702284247982,183.80702284247982
2019-02-04,270.1099853515625,271.9599914550781,15.729999542236328,13.579999923706056,36.07819010467931,-2.7047169593615195,-16.44726886125911,-16.44726886125911,-16.44726886125911,-16.44726886125911,-16.44726886125911,-16.44726886125911,-13.883768632798096,-13.883768632798096,-13.883768632798096,-13.883768632798096,-13.883768632798096,-13.883768632798096
2019-02-05,272.44000244140625,273.1000061035156,15.56999969482422,13.579999923706056,36.29445867001641,21.62685653371028,-47.474998642674855,-47.474998642674855,75.87885203911443,-47.474998642674855,-47.474998642674855,75.87885203911443,-30.602317801166976,-30.602317801166976,92.7709669641731,-30.602317801166976,-30.602317801166976,92.7709669641731
2019-02-06,272.7900085449219,272.739990234375,15.380000114440918,12.729999542236328,35.74863123422483,-54.58274357915798,7.643865748342618,15.680119849653876,15.680119849653876,7.643865748342618,15.680119849653876,15.680119849653876,26.391625802582496,25.579340499109172,25.579340499109172,26.391625802582496,25.579340499109172,25.579340499109172
2019-02-07,270.94000244140625,270.1400146484375,16.3700008392334,14.890000343322754,36.24073852139705,49.21072871722174,193.67870358748286,193.67870358748286,-133.7360750159446,193.67870358748286,193.67870358748286,-133.7360750159446,200.79031892041547,200.79031892041547,-74.88474896267496,200.79031892041547,200.79031892041547,-74.88474896267496
2019-02-08,268.75,270.4700012207031,15.720000267028809,13.609999656677246,35.18854889397977,-105.21896274172775,-158.2003622761499,154.3546569114567,154.3546569114567,-158.2003622761499,154.3546569114567,154.3546569114567,-161.39842018207335,159.26779588259691,159.26779588259691,-161.39842018207335,159.26779588259691,159.26779588259691
2019-02-11,271.20001220703125,270.6199951171875,15.970000267028809,14.670000076293944,35.53868255189087,35.01336579111012,151.00097521578274,151.00097521578274,-99.48896682317387,151.00097521578274,151.00097521578274,-99.48896682317387,159.04004738241707,159.04004738241707,-50.250859023734606,159.04004738241707,159.04004738241707,-50.250859023734606
2019-02-12,272.4200134277344,274.1000061035156,15.43000030517578,13.470000267028809,36.20621795794469,66.75354060538154,-149.051052935156,-149.051052935156,176.62199466076922,-149.051052935156,-149.051052935156,176.62199466076922,-132.87596640408609,-132.87596640408609,193.3702746381062,-132.87596640408609,-132.87596640408609,193.3702746381062
2019-02-13,275.0299987792969,274.989990234375,15.649999618530272,13.489999771118164,36.97044576462075,76.4227806676061,180.21130741666573,180.21130741666573,180.21130741666573,180.21130741666573,180.21130741666573,180.21130741666573,182.94482715690006,182.94482715690006,182.94482715690006,182.94482715690006,182.94482715690006,182.94482715690006
2019-02-14,273.7799987792969,274.3800048828125,16.219999313354492,14.109999656677246,37.55705722486499,58.66114602442423,-96.18078021455797,145.85150008827543,145.85150008827543,-96.18078021455797,145.85150008827543,145.85150008827543,-47.07633242369369,152.18234100165338,152.18234100165338,-47.07633242369369,152.18234100165338,152.18234100165338
2019-02-15,276.3599853515625,277.3699951171875,14.90999984741211,12.18000030517578,36.975692370551045,-58.13648543139465,-39.10486645171118,-39.10486645171118,69.93210713471346,-39.10486645171118,-39.10486645171118,69.93210713471346,-34.99035647051809,-34.99035647051809,101.99161959088394,-34.99035647051809,-34.99035647051809,101.99161959088394
2019-02-19,276.4800109863281,277.8500061035156,14.880000114440918,13.380000114440918,37.01024937298004,3.4557002428996952,-71.0086299092744,-71.0086299092744,108.4893510988579,-71.0086299092744,-71.0086299092744,108.4893510988579,-63.70463842452174,-63.70463842452174,144.11236671391347,-63.70463842452174,-63.70463842452174,144.11236671391347
2019-02-20,277.80999755859375,278.4100036621094,14.020000457763672,12.600000381469728,36.01458157329016,-99.56677996898833,-57.850983410348114,82.03816204140279,82.03816204140279,-57.850983410348114,82.03816204140279,82.03816204140279,-38.33798527206931,92.04126473039159,92.04126473039159,-38.33798527206931,92.04126473039159,92.04126473039159
2019-02-21,277.70001220703125,277.4200134277344,14.460000038146973,13.18000030517578,36.03141341013879,1.6831836848631099,35.45594477723084,-7.586858752348677,-7.586858752348677,35.45594477723084,-7.586858752348677,-7.586858752348677,55.663114312139484,5.43470824217154,5.43470824217154,55.663114312139484,5.43470824217154,5.43470824217154
2019-02-22,278.1099853515625,279.1400146484375,13.510000228881836,11.489999771118164,35.6507273919723,-38.068601816648595,-111.16176204709244,130.56186996151675,130.56186996151675,-111.16176204709244,130.56186996151675,130.56186996151675,-91.40667211374463,135.50778858514775,135.50778858514775,-91.40667211374463,135.50778858514775,135.50778858514775
2019-02-25,280.7300109863281,279.5199890136719,14.850000381469728,14.0600004196167,37.65687091242667,200.61435204543656,151.55073376331168,151.55073376331168,-135.7774723422014,151.55073376331168,151.55073376331168,-135.7774723422014,157.06280548842878,157.06280548842878,-119.4430679569866,157.06280548842878,157.06280548842878,-119.4430679569866
2019-02-26,279.1300048828125,279.32000732421875,15.170000076293944,14.199999809265137,37.959281397831894,30.24104854052254,-71.68935769195632,134.0813747310619,134.0813747310619,-71.68935769195632,134.0813747310619,134.0813747310619,-8.716550020308953,139.68498618428555,139.68498618428555,-8.716550020308953,139.68498618428555,139.68498618428555
2019-02-27,278.5199890136719,279.20001220703125,14.699999809265137,13.140000343322754,37.149773376288536,-80.95080215433583,-92.09817758915372,130.18242057612477,130.18242057612477,-92.09817758915372,130.18242057612477,130.18242057612477,-54.63087612413215,136.28629213678386,136.28629213678386,-54.63087612413215,136.28629213678386,136.28629213678386
2019-02-28,278.9599914550781,278.67999267578125,14.779999732971191,13.18000030517578,36.90864134665451,-24.113202963402358,-13.81232692668146,63.12227602583341,63.12227602583341,-13.81232692668146,63.12227602583341,63.12227602583341,36.97959565557863,67.30946681123083,67.30946681123083,36.97959565557863,67.30946681123083,67.30946681123083
2019-03-01,280.44000244140625,280.4200134277344,13.56999969482422,11.329999923706056,36.240525872246124,-66.81154744083884,118.56716951837066,118.56716951837066,118.56716951837066,118.56716951837066,118.56716951837066,118.56716951837066,119.62095582944623,119.62095582944623,119.62095582944623,119.62095582944623,119.62095582944623,119.62095582944623
2019-03-04,281.6000061035156,279.3999938964844,14.630000114440918,13.399999618530272,36.928806111707054,68.828023946093,161.4085426334986,161.4085426334986,-183.93793014753476,161.4085426334986,161.4085426334986,-183.93793014753476,170.26525068059337,170.26525068059337,-209.86592773728958,170.26525068059337,170.26525068059337,-209.86592773728958
2019-03-05,279.5400085449219,279.0199890136719,14.739999771118164,13.359999656677246,36.80978630293286,-11.90198087741976,87.06663481917161,87.06663481917161,87.06663481917161,87.06663481917161,87.06663481917161,87.06663481917161,90.1663419481871,90.1663419481871,90.1663419481871,90.1663419481871,90.1663419481871,90.1663419481871
2019-03-06,279.1499938964844,277.3299865722656,15.739999771118164,14.989999771118164,37.28326119980632,47.34748968734621,125.92887150122516,-56.66415914379661,-56.66415914379661,125.92887150122516,-56.66415914379661,-56.66415914379661,194.46085718875466,-49.26203015443951,-49.26203015443951,194.46085718875466,-49.26203015443951,-49.26203015443951
2019-03-07,276.8299865722656,275.010009765625,16.59000015258789,16.149999618530273,37.361319229381664,7.8058029575345245,248.56500718284929,248.56500718284929,-192.98998903367794,248.56500718284929,248.56500718284929,-192.98998903367794,268.28300520788775,268.28300520788775,-151.05709687106767,268.28300520788775,268.28300520788775,-151.05709687106767
2019-03-08,272.94000244140625,274.4599914550781,16.049999237060547,14.630000114440918,36.16572250410829,-119.55967252733757,-152.26443299860458,191.3934623910931,191.3934623910931,-152.26443299860458,191.3934623910931,191.3934623910931,-122.02724514657876,205.83334304809668,205.83334304809668,-122.02724514657876,205.83334304809668,205.83334304809668
2019-03-11,275.260009765625,278.44000244140625,14.329999923706056,13.399999618530272,35.585317727000614,-58.04047771076739,-162.53139067930903,-162.53139067930903,-162.53139067930903,-162.53139067930903,-162.53139067930903,-162.53139067930903,-159.7318951291525,-159.7318951291525,-159.7318951291525,-159.7318951291525,-159.7318951291525,-159.7318951291525
2019-03-12,279.05999755859375,279.489990234375,13.770000457763672,12.729999542236328,35.41045106610375,-17.486666089686764,-87.29659928423705,136.18954089413103,136.18954089413103,-87.29659928423705,136.18954089413103,136.18954089413103,-35.93457684422649,139.3246530131763,139.3246530131763,-35.93457684422649,139.3246530131763,139.3246530131763
2019-03-13,280.4800109863281,281.3399963378906,13.40999984741211,12.529999732971191,36.10229452178892,69.18434556851736,42.53322600049512,42.53322600049512,42.53322600049512,42.53322600049512,42.53322600049512,42.53322600049512,44.81353461928801,44.81353461928801,44.81353461928801,44.81353461928801,44.81353461928801,44.81353461928801
2019-03-14,281.3699951171875,281.1600036621094,13.5,12.520000457763672,36.050962653546684,-5.133186824223657,87.6561340221927,87.6561340221927,-52.896707033982416,87.6561340221927,87.6561340221927,-52.896707033982416,92.88915351703317,92.88915351703317,-17.97775822478422,92.88915351703317,92.88915351703317,-17.97775822478422
2019-03-15,280.5400085449219,281.30999755859375,12.880000114440918,11.220000267028809,35.335974088403454,-71.498856514323,30.192843022326812,30.192843022326812,18.56449376633822,30.192843022326812,30.192843022326812,18.56449376633822,31.272874306969257,31.272874306969257,71.64982185189021,31.272874306969257,31.272874306969257,71.64982185189021
2019-03-18,281.54998779296875,282.3299865722656,13.100000381469728,12.529999732971191,36.17750276629339,84.15286778899329,-21.1974422182726,-21.1974422182726,52.676920484156774,-21.1974422182726,-21.1974422182726,52.676920484156774,-14.901752095552576,-14.901752095552576,83.2285503883006,-14.901752095552576,-14.901752095552576,83.2285503883006
2019-03-19,283.510009765625,282.3999938964844,13.5600004196167,13.529999732971191,36.73793396455032,56.043119825693566,86.45299360472734,-43.59793983347367,-43.59793983347367,86.45299360472734,-43.59793983347367,-43.59793983347367,127.2469080023883,-35.930144981321696,-35.930144981321696,127.2469080023883,-35.930144981321696,-35.930144981321696
2019-03-20,282.1600036621094,281.54998779296875,13.90999984741211,13.489999771118164,36.55804450887853,-17.988945567179115,94.08354430526268,94.08354430526268,-61.82097002158297,94.08354430526268,94.08354430526268,-61.82097002158297,108.78762128325693,108.78762128325693,-38.86160461355647,108.78762128325693,108.78762128325693,-38.86160461355647
2019-03-21,280.6400146484375,284.7300109863281,13.630000114440918,13.109999656677246,38.36090661202964,180.28621031511065,-286.3365856160504,-286.3365856160504,345.6514560482346,-286.3365856160504,-286.3365856160504,345.6514560482346,-282.8903394734197,-282.8903394734197,407.2943176235945,-282.8903394734197,-282.8903394734197,407.2943176235945
2019-03-22,283.2200012207031,279.25,16.479999542236328,16.850000381469727,38.613964643406334,25.305803137669614,237.33061506668912,-245.50916905150788,-245.50916905150788,237.33061506668912,-245.50916905150788,-245.50916905150788,289.07019954489687,-298.4902908791899,-298.4902908791899,289.07019954489687,-298.4902908791899,-298.4902908791899
2019-03-25,278.8699951171875,279.0400085449219,16.329999923706055,16.40999984741211,38.111615845986556,-50.23487974197778,-61.741777893427475,134.72151246889092,134.72151246889092,-61.741777893427475,134.72151246889092,134.72151246889092,5.369959368482727,147.8762438331827,147.8762438331827,5.369959368482727,147.8762438331827,147.8762438331827
2019-03-26,280.989990234375,281.1199951171875,14.68000030517578,13.949999809265137,36.99436550044678,-111.72503455397731,92.73244099123568,92.73244099123568,-37.56338979245444,92.73244099123568,92.73244099123568,-37.56338979245444,99.11372507984775,99.11372507984775,17.051323140315034,99.11372507984775,99.11372507984775,17.051323140315034
2019-03-27,281.1099853515625,279.6499938964844,15.149999618530272,14.699999809265137,36.67397441240951,-32.0391088037276,180.8075845939347,180.8075845939347,-157.57713518591834,180.8075845939347,180.8075845939347,-157.57713518591834,189.7779807268931,189.7779807268931,-137.2884283245384,189.7779807268931,189.7779807268931,-137.2884283245384
2019-03-28,280.3500061035156,280.7099914550781,14.43000030517578,13.699999809265137,36.30611233996856,-36.78620724409498,118.076862708214,118.076862708214,118.076862708214,118.076862708214,118.076862708214,118.076862708214,121.8690820867879,121.8690820867879,121.8690820867879,121.8690820867879,121.8690820867879,121.8690820867879
2019-03-29,282.3900146484375,282.4800109863281,13.710000038146973,12.34000015258789,36.518494943366285,21.238260339772808,8.67586954439881,8.67586954439881,13.938455206790069,8.67586954439881,8.67586954439881,13.938455206790069,22.010215834986436,22.010215834986436,28.53361878962002,22.010215834986436,22.010215834986436,28.53361878962002
2019-04-01,284.70001220703125,285.8299865722656,13.399999618530272,12.109999656677246,38.41509071766599,189.65957742997048,87.31246815139569,87.31246815139569,87.31246815139569,87.31246815139569,87.31246815139569,87.31246815139569,88.9576430609346,88.9576430609346,88.9576430609346,88.9576430609346,88.9576430609346,88.9576430609346
2019-04-02,286.0400085449219,285.9700012207031,13.359999656677246,11.859999656677246,38.4322276096839,1.7136892017909133,89.10071978731627,89.10071978731627,-49.96390149466385,89.10071978731627,89.10071978731627,-49.96390149466385,92.15042355979892,92.15042355979892,-8.47290619632168,92.15042355979892,92.15042355979892,-8.47290619632168
2019-04-03,287.32000732421875,286.4200134277344,13.739999771118164,12.289999961853027,39.12499678157736,69.27691718934597,111.20004287842588,111.20004287842588,-87.23210638013434,111.20004287842588,111.20004287842588,-87.23210638013434,124.29597407320786,124.29597407320786,-71.0374377331141,124.29597407320786,124.29597407320786,-71.0374377331141
2019-04-04,286.7799987792969,287.17999267578125,13.579999923706056,11.579999923706056,39.47730215595751,35.23053743801512,-0.32550352097364454,-0.32550352097364454,22.96696767537434,-0.32550352097364454,-0.32550352097364454,22.96696767537434,5.738793625225227,5.738793625225227,44.85252460054483,5.738793625225227,5.738793625225227,44.85252460054483
2019-04-05,287.9200134277344,288.57000732421875,12.81999969482422,10.119999885559082,39.76781956820701,29.05174122494998,-67.58872260748025,78.85051943180906,78.85051943180906,-67.58872260748025,78.85051943180906,78.85051943180906,-55.0578728537402,82.8643894314656,82.8643894314656,-55.0578728537402,82.8643894314656,82.8643894314656
2019-04-08,288.1000061035156,288.7900085449219,13.18000030517578,10.739999771118164,40.14654844182196,37.872887361495344,-76.50004297541494,93.44521133232097,93.44521133232097,-76.50004297541494,93.44521133232097,93.44521133232097,-58.5462379635352,97.7291439693086,97.7291439693086,-58.5462379635352,97.7291439693086,97.7291439693086
2019-04-09,287.7200012207031,287.30999755859375,14.279999732971191,11.779999732971191,40.083818991967476,-6.272944985448703,45.74223133993704,-24.940024110622105,-24.940024110622105,45.74223133993704,-24.940024110622105,-24.940024110622105,62.190470341953294,-15.277835301774198,-15.277835301774198,62.190470341953294,-15.277835301774198,-15.277835301774198
2019-04-10,287.7699890136719,288.2900085449219,13.300000190734863,10.140000343322754,39.78382123236494,-29.999775960253316,-50.98084136344287,61.302971735161485,61.302971735161485,-50.98084136344287,61.302971735161485,61.302971735161485,-40.279468396181635,66.20585433212523,66.20585433212523,-40.279468396181635,66.20585433212523,66.20585433212523
2019-04-11,288.8299865722656,288.2099914550781,13.020000457763672,10.520000457763672,39.415489556903324,-36.83316754616186,33.7487554292881,-4.5269607374119865,-4.5269607374119865,33.7487554292881,-4.5269607374119865,-4.5269607374119865,66.79409286170046,-3.030413160547638,-3.030413160547638,66.79409286170046,-3.030413160547638,-3.030413160547638
2019-04-12,290.0,290.1600036621094,12.010000228881836,9.739999771118164,40.107817623365136,69.23280664618119,123.14030114022293,123.14030114022293,123.14030114022293,123.14030114022293,123.14030114022293,123.14030114022293,123.40569547211672,123.40569547211672,123.40569547211672,123.40569547211672,123.40569547211672,123.40569547211672
2019-04-15,290.239990234375,289.9700012207031,12.31999969482422,10.609999656677246,40.069804296201276,-3.8013327163859856,150.09383218040628,150.09383218040628,150.09383218040628,150.09383218040628,150.09383218040628,150.09383218040628,150.78284670968387,150.78284670968387,150.78284670968387,150.78284670968387,150.78284670968387,150.78284670968387
2019-04-16,290.95001220703125,290.1600036621094,12.18000030517578,10.760000228881836,40.07987053903896,1.0066242837680761,156.49439787251347,156.49439787251347,-121.6352529888747,156.49439787251347,156.49439787251347,-121.6352529888747,158.16677337190438,158.16677337190438,-83.11123406900204,158.16677337190438,158.16677337190438,-83.11123406900204
2019-04-17,291.3999938964844,289.45001220703125,12.600000381469728,11.0,39.787857089439555,-29.2013449599402,139.50777835977257,139.50777835977257,-168.6109283227842,139.50777835977257,139.50777835977257,-168.6109283227842,142.83390309372265,142.83390309372265,-195.72682273214784,142.83390309372265,142.83390309372265,-195.72682273214784
2019-04-18,290.1000061035156,290.0199890136719,12.09000015258789,9.93000030517578,39.81639370688375,2.853661744419611,140.28459686668566,140.28459686668566,140.28459686668566,140.28459686668566,140.28459686668566,140.28459686668566,140.6225257920596,140.6225257920596,140.6225257920596,140.6225257920596,140.6225257920596,140.6225257920596
2019-04-22,289.1700134277344,290.2699890136719,12.420000076293944,11.630000114440918,40.11583488326352,29.944117637976575,-128.69287373930283,149.10175199105632,149.10175199105632,-128.69287373930283,149.10175199105632,149.10175199105632,-104.76907495461127,151.09108755187899,151.09108755187899,-104.76907495461127,151.09108755187899,151.09108755187899
2019-04-23,290.67999267578125,292.8800048828125,12.279999732971191,11.640000343322754,42.181869546890454,206.60346636269367,-113.05289656254375,-113.05289656254375,162.94524327196223,-113.05289656254375,-113.05289656254375,162.94524327196223,-110.96782280033385,-110.96782280033385,216.2467380457782,-110.96782280033385,-110.96782280033385,216.2467380457782
2019-04-24,292.7900085449219,292.2300109863281,13.140000343322754,12.539999961853027,42.21339452646261,3.1524979572154166,60.16750545242042,-31.468024210943014,-31.468024210943014,60.16750545242042,-31.468024210943014,-31.468024210943014,82.09739014743484,-19.329345134631268,-19.329345134631268,82.09739014743484,-19.329345134631268,-19.329345134631268
2019-04-25,292.1199951171875,292.04998779296875,13.25,12.359999656677246,42.10894719853047,-10.444732793213518,38.18674605990944,38.18674605990944,-11.195729641234983,38.18674605990944,38.18674605990944,-11.195729641234983,50.02356161951227,50.02356161951227,9.301189688260594,50.02356161951227,50.02356161951227,9.301189688260594
2019-04-26,292.1000061035156,293.4100036621094,12.729999542236328,11.8100004196167,42.823356321418935,71.44091228884619,-102.1383091611246,-102.1383091611246,124.97168295350426,-102.1383091611246,-102.1383091611246,124.97168295350426,-92.32004394412773,-92.32004394412773,143.30051258891123,-92.32004394412773,-92.32004394412773,143.30051258891123
2019-04-29,293.510009765625,293.8699951171875,13.109999656677246,12.520000457763672,43.3590993621788,53.574304075986845,-59.62029330301972,97.96633224715467,97.96633224715467,-59.62029330301972,97.96633224715467,97.96633224715467,-22.058259016235503,104.24284066992209,104.24284066992209,-22.058259016235503,104.24284066992209,104.24284066992209
2019-04-30,293.489990234375,294.0199890136719,13.119999885559082,12.4399995803833,43.452540650123474,9.34412879446711,-75.71525518677952,113.00559759977212,113.00559759977212,-75.71525518677952,113.00559759977212,113.00559759977212,-39.15333226436146,119.20743913484888,119.20743913484888,-39.15333226436146,119.20743913484888,119.20743913484888
2019-05-01,294.7200012207031,291.80999755859375,14.800000190734863,14.949999809265137,42.974844616731055,-47.76960333924194,-107.2964091452283,-107.2964091452283,-107.2964091452283,-107.2964091452283,-107.2964091452283,-107.2964091452283,-99.29682594703013,-99.29682594703013,-99.29682594703013,-99.29682594703013,-99.29682594703013,-99.29682594703013
2019-05-02,291.67999267578125,291.17999267578125,14.420000076293944,13.920000076293944,42.090942490961396,-88.39021257696587,115.061188916999,115.061188916999,-70.40187553850751,115.061188916999,115.061188916999,-70.40187553850751,127.72414337246241,127.72414337246241,-32.77122861505017,127.72414337246241,127.72414337246241,-32.77122861505017
2019-05-03,292.82000732421875,294.0299987792969,12.869999885559082,10.960000038146973,43.169108533065604,107.81660421042076,-120.34338186207606,137.35113448619873,137.35113448619873,-120.34338186207606,137.35113448619873,137.35113448619873,-105.03807914526286,144.3474360653027,144.3474360653027,-105.03807914526286,144.3474360653027,144.3474360653027
2019-05-06,289.25,292.82000732421875,15.4399995803833,15.449999809265137,44.109098945731375,93.99904126657717,-138.80206480592398,-62.62669481949647,-62.62669481949647,-138.80206480592398,-62.62669481949647,-62.62669481949647,-342.4134561836729,-52.76865598567453,-52.76865598567453,-342.4134561836729,-52.76865598567453,-52.76865598567453
2019-05-07,290.1499938964844,287.92999267578125,19.31999969482422,20.739999771118164,44.94620585394464,83.7106908213265,59.79387530596616,59.79387530596616,59.79387530596616,59.79387530596616,59.79387530596616,59.79387530596616,92.13744669728457,92.13744669728457,92.13744669728457,92.13744669728457,92.13744669728457,92.13744669728457
2019-05-08,287.5299987792969,287.5299987792969,19.399999618530273,21.329999923706055,44.73349355457796,-21.27122993666788,51.40935834117773,56.28078568977999,56.28078568977999,51.40935834117773,56.28078568977999,56.28078568977999,113.20113176344287,115.03866860238924,115.03866860238924,113.20113176344287,115.03866860238924,115.03866860238924
2019-05-09,285.2300109863281,286.6600036621094,19.100000381469727,21.86000061035156,43.7460477803829,-98.74457741950593,107.1332924522064,107.1332924522064,107.1332924522064,107.1332924522064,107.1332924522064,107.1332924522064,143.96620769074264,143.96620769074264,143.96620769074264,143.96620769074264,143.96620769074264,143.96620769074264
2019-05-10,285.6199951171875,288.1000061035156,16.040000915527344,16.56999969482422,41.00753779637932,-273.8509984003585,-82.22035353720312,-82.22035353720312,172.25591256478435,-82.22035353720312,-82.22035353720312,172.25591256478435,-69.19500552504664,-69.19500552504664,257.72750157583073,-69.19500552504664,-69.19500552504664,257.72750157583073
2019-05-13,282.4200134277344,280.8599853515625,20.549999237060547,22.760000228881836,42.14146445640479,113.39266600254732,220.5143495908242,220.5143495908242,-103.12382882289236,220.5143495908242,220.5143495908242,-103.12382882289236,285.93069026976156,285.93069026976156,-35.96165380102987,285.93069026976156,285.93069026976156,-35.96165380102987
2019-05-14,281.989990234375,283.3999938964844,18.059999465942383,18.760000228881836,40.10850649966622,-203.29579567385707,-65.93518436121066,-65.93518436121066,147.1264578082229,-65.93518436121066,-65.93518436121066,147.1264578082229,-30.494887655315473,-30.494887655315473,201.10730058786064,-30.494887655315473,-30.494887655315473,201.10730058786064
2019-05-15,281.5899963378906,285.05999755859375,16.440000534057617,16.309999465942383,39.102928217426005,-100.5578282240215,-255.28423638727733,-255.28423638727733,312.03775159245333,-255.28423638727733,-255.28423638727733,312.03775159245333,-242.63580423253515,-242.63580423253515,362.5963216356585,-242.63580423253515,-242.63580423253515,362.5963216356585
2019-05-16,285.8399963378906,287.70001220703125,15.289999961853027,15.0600004196167,39.61900784123416,51.60796238081531,-54.356538799087794,-54.356538799087794,125.0696242202375,-54.356538799087794,-54.356538799087794,125.0696242202375,-45.162369558695545,-45.162369558695545,193.23985854013273,-45.162369558695545,-45.162369558695545,193.23985854013273
2019-05-17,285.1400146484375,285.8399963378906,15.960000038146973,16.260000228881836,38.96946282248801,-64.95450187461458,136.29737389645732,136.29737389645732,136.29737389645732,136.29737389645732,136.29737389645732,136.29737389645732,146.7749530552822,146.7749530552822,146.7749530552822,146.7749530552822,146.7749530552822,146.7749530552822
2019-05-20,284.05999755859375,283.95001220703125,16.309999465942383,16.81999969482422,37.93983214720535,-102.9630675282661,-44.810814592796234,128.792920444525,128.792920444525,-44.810814592796234,128.792920444525,128.792920444525,33.016463737684965,143.34115605110267,143.34115605110267,33.016463737684965,143.34115605110267,143.34115605110267
2019-05-21,285.8299865722656,286.510009765625,14.949999809265137,14.5,38.15603532288626,21.620317568090996,58.40029137357281,58.40029137357281,7.904275666469898,58.40029137357281,58.40029137357281,7.904275666469898,65.98562286021281,65.98562286021281,72.94413798943555,65.98562286021281,65.98562286021281,72.94413798943555
2019-05-22,285.45001220703125,285.6300048828125,14.75,13.920000076293944,37.26824628208539,-88.77890408008682,132.94766876915202,132.94766876915202,132.94766876915202,132.94766876915202,132.94766876915202,132.94766876915202,137.8334676104456,137.8334676104456,137.8334676104456,137.8334676104456,137.8334676104456,137.8334676104456
2019-05-23,283.1600036621094,282.1400146484375,16.920000076293945,17.399999618530273,37.355731998830784,8.748571674539107,96.7193639564448,-25.600259756681453,-25.600259756681453,96.7193639564448,-25.600259756681453,-25.600259756681453,149.9160371550762,-0.3591742543667764,-0.3591742543667764,149.9160371550762,-0.3591742543667764,-0.3591742543667764
2019-05-24,283.739990234375,282.7799987792969,15.850000381469728,15.359999656677246,36.41768831176441,-93.80436870663758,58.7974279570892,4.492030496013724,4.492030496013724,58.7974279570892,4.492030496013724,4.492030496013724,117.17623006858621,15.934880513143382,15.934880513143382,117.17623006858621,15.934880513143382,15.934880513143382
2019-05-28,283.0899963378906,280.1499938964844,17.5,17.979999542236328,36.60222314074679,18.453482898237894,294.1378287806303,-218.42100032538536,-218.42100032538536,294.1378287806303,-218.42100032538536,-218.42100032538536,348.70243679252934,-189.48684343828626,-189.48684343828626,348.70243679252934,-189.48684343828626,-189.48684343828626
2019-05-29,278.9100036621094,278.2699890136719,17.899999618530273,18.34000015258789,36.0239685517363,-57.82545890104842,15.678617767961514,74.66589562640866,74.66589562640866,15.678617767961514,74.66589562640866,74.66589562640866,95.07538584579159,95.11649789396407,95.11649789396407,95.07538584579159,95.11649789396407,95.11649789396407
2019-05-30,279.1099853515625,279.0299987792969,17.299999237060547,17.1200008392334,35.58464069474608,-43.9327856990225,-50.622678933588205,135.9638429529995,135.9638429529995,-50.622678933588205,135.9638429529995,135.9638429529995,28.96923784802803,150.23563611367692,150.23563611367692,28.96923784802803,150.23563611367692,150.23563611367692
2019-05-31,276.20001220703125,275.2699890136719,18.709999084472656,19.0,35.493215193002115,-9.142550174396291,226.9558080431767,226.9558080431767,-136.00363366241749,226.9558080431767,226.9558080431767,-136.00363366241749,251.5577129628231,251.5577129628231,-60.397806402706,251.5577129628231,251.5577129628231,-60.397806402706
2019-06-03,275.30999755859375,274.57000732421875,18.86000061035156,19.260000228881836,35.169455285525814,-32.37599074763011,201.94435474790103,201.94435474790103,201.94435474790103,201.94435474790103,201.94435474790103,201.94435474790103,221.93584256312002,221.93584256312002,221.93584256312002,221.93584256312002,221.93584256312002,221.93584256312002
2019-06-04,277.1199951171875,280.5299987792969,16.969999313354492,16.649999618530273,35.71668298953929,54.722770401347276,-236.24585660253857,-236.24585660253857,240.9121470485984,-236.24585660253857,-236.24585660253857,240.9121470485984,-263.29096988383924,-263.29096988383924,278.840588905563,-263.29096988383924,-263.29096988383924,278.840588905563
2019-06-05,282.3299865722656,282.9599914550781,16.09000015258789,14.899999618530272,36.12582240534761,40.91394158083261,-31.10249218120622,-31.10249218120622,74.7507647902064,-31.10249218120622,-31.10249218120622,74.7507647902064,-8.313329436627923,-8.313329436627923,101.25477966727317,-8.313329436627923,-8.313329436627923,101.25477966727317
2019-06-06,283.2900085449219,284.79998779296875,15.93000030517578,14.880000114440918,37.11820131758681,99.23789122391966,-166.33963592489658,216.54397862405722,216.54397862405722,-166.33963592489658,216.54397862405722,216.54397862405722,-123.7443233840646,230.0548592465415,230.0548592465415,-123.7443233840646,230.0548592465415,230.0548592465415
2019-06-07,285.92999267578125,287.6499938964844,16.299999237060547,15.020000457763672,39.42854982696867,231.03485093818605,-47.81833562800417,-47.81833562800417,115.65114114098377,-47.81833562800417,-47.81833562800417,115.65114114098377,-38.250096958330836,-38.250096958330836,180.42597495281282,-38.250096958330836,-38.250096958330836,180.42597495281282
2019-06-10,289.3699951171875,288.9700012207031,15.9399995803833,15.25,39.86709087370864,43.854104673997085,-29.539187384879703,112.4397783405377,112.4397783405377,-29.539187384879703,112.4397783405377,112.4397783405377,52.27747391397555,121.26892424239249,121.26892424239249,52.27747391397555,121.26892424239249,121.26892424239249
2019-06-11,290.989990234375,288.8999938964844,15.989999771118164,15.149999618530272,39.80827372279655,-5.8817150912091165,112.63090292900537,112.63090292900537,-153.03558799431656,112.63090292900537,112.63090292900537,-153.03558799431656,123.79493043501742,123.79493043501742,-197.91187681257807,123.79493043501742,123.79493043501742,-197.91187681257807
2019-06-12,288.6400146484375,288.3900146484375,15.90999984741211,14.65999984741211,39.30389599892517,-50.43777238713787,-6.8380816969052045,64.07412215058031,64.07412215058031,-6.8380816969052045,64.07412215058031,64.07412215058031,45.8460622461921,74.80635880243909,74.80635880243909,45.8460622461921,74.80635880243909,74.80635880243909
2019-06-13,289.3999938964844,289.5799865722656,15.81999969482422,14.59000015258789,40.04840821280785,74.4512213882679,-86.85975866884965,165.49469256492299,165.49469256492299,-86.85975866884965,165.49469256492299,165.49469256492299,-7.941304784559231,172.39376730334212,172.39376730334212,-7.941304784559231,172.39376730334212,172.39376730334212
2019-06-14,289.260009765625,289.260009765625,15.279999732971191,13.5600004196167,39.274109125793245,-77.42990870146045,-58.10554394285494,123.62221754814965,123.62221754814965,-58.10554394285494,123.62221754814965,123.62221754814965,8.785175070307163,128.49425142868867,128.49425142868867,8.785175070307163,128.49425142868867,128.49425142868867
2019-06-17,289.5199890136719,289.3699951171875,15.350000381469728,14.989999771118164,39.26302164506577,-1.1087480727475452,-61.57409192799135,147.72266967802716,147.72266967802716,-61.57409192799135,147.72266967802716,147.72266967802716,24.711731704999163,155.41665647235152,155.41665647235152,24.711731704999163,155.41665647235152,155.41665647235152
2019-06-18,291.3900146484375,292.3999938964844,15.149999618530272,15.289999961853027,41.42226341567345,215.92417706076787,-5.355651683317772,-5.355651683317772,67.20954047367623,-5.355651683317772,-5.355651683317772,67.20954047367623,9.433315073129103,9.433315073129103,120.62126117604593,9.433315073129103,9.433315073129103,120.62126117604593
2019-06-19,292.54998779296875,293.05999755859375,14.329999923706056,13.869999885559082,41.32470104705669,-9.75623686167566,-32.39470356806386,71.36586603564734,71.36586603564734,-32.39470356806386,71.36586603564734,71.36586603564734,-8.358684534096803,91.83395969883995,91.83395969883995,-8.358684534096803,91.83395969883995,91.83395969883995
2019-06-20,296.0400085449219,295.8599853515625,14.75,14.770000457763672,43.90577391802701,258.1072870970317,136.55384878771522,136.55384878771522,-69.37877053249021,136.55384878771522,136.55384878771522,-69.37877053249021,147.63266649412552,147.63266649412552,-6.736475456558308,147.63266649412552,147.63266649412552,-6.736475456558308
2019-06-21,294.1300048828125,294.0,15.399999618530272,14.829999923706056,42.75403489901635,-115.17390190106624,-43.60602460394774,117.44181014775882,117.44181014775882,-43.60602460394774,117.44181014775882,117.44181014775882,28.104857033610365,126.67018244982648,126.67018244982648,28.104857033610365,126.67018244982648,126.67018244982648
2019-06-24,294.2300109863281,293.6400146484375,15.260000228881836,15.800000190734863,42.21214534886758,-54.18895501487668,-5.198150511864938,90.3443345233783,90.3443345233783,-5.198150511864938,90.3443345233783,90.3443345233783,76.2252999787801,102.36527436014406,102.36527436014406,76.2252999787801,102.36527436014406,102.36527436014406
2019-06-25,293.70001220703125,290.760009765625,16.280000686645508,17.010000228881836,40.69326461525666,-151.88807336109207,258.05138579620024,-175.92924419414473,-175.92924419414473,258.05138579620024,-175.92924419414473,-175.92924419414473,328.2765611724272,-155.59397741179222,-155.59397741179222,328.2765611724272,-155.59397741179222,-155.59397741179222
2019-06-26,291.75,290.4700012207031,16.209999084472656,16.799999237060547,40.358094345333235,-33.51702699234238,210.93652018778295,210.93652018778295,-140.36385676336238,210.93652018778295,210.93652018778295,-140.36385676336238,236.22135238032212,236.22135238032212,-87.98983898209116,236.22135238032212,236.22135238032212,-87.98983898209116
2019-06-27,291.30999755859375,291.5,15.81999969482422,16.34000015258789,40.77392627639563,41.583193106239236,91.82713480337766,91.82713480337766,-18.742819073890814,91.82713480337766,91.82713480337766,-18.742819073890814,109.99356931018792,109.99356931018792,43.35498221106693,109.99356931018792,109.99356931018792,43.35498221106693
2019-06-28,292.5799865722656,293.0,15.079999923706056,15.670000076293944,41.365861380136536,59.19351037409086,-17.717610511563397,73.4780058394067,73.4780058394067,-17.717610511563397,73.4780058394067,73.4780058394067,15.802116960161188,101.87345493230939,101.87345493230939,15.802116960161188,101.87345493230939,101.87345493230939
2019-07-01,296.67999267578125,295.6600036621094,14.0600004196167,12.510000228881836,42.840123296380554,147.42619162440178,157.32565600282882,157.32565600282882,-122.89764188860991,157.32565600282882,157.32565600282882,-122.89764188860991,166.20552785127452,166.20552785127452,-91.93471087706817,166.20552785127452,166.20552785127452,-91.93471087706817
2019-07-02,295.6099853515625,296.42999267578125,12.93000030517578,10.420000076293944,42.938573178392765,9.844988201221128,16.855965819786125,16.855965819786125,27.554081390492847,16.855965819786125,16.855965819786125,27.554081390492847,17.843572247031837,17.843572247031837,76.34556671468874,17.843572247031837,17.843572247031837,76.34556671468874
2019-07-03,297.17999267578125,298.79998779296875,12.56999969482422,9.90999984741211,44.94006611790325,200.14929395104843,-145.00561938060923,-145.00561938060923,155.6111938827755,-145.00561938060923,-145.00561938060923,155.6111938827755,-139.3842392830968,-139.3842392830968,165.87716059494463,-139.3842392830968,-139.3842392830968,165.87716059494463
2019-07-05,297.44000244140625,298.4599914550781,13.279999732971191,10.56999969482422,44.8106700440998,-12.939607380344853,-90.20367807174462,-90.20367807174462,104.4540503280674,-90.20367807174462,-90.20367807174462,104.4540503280674,-80.41903905455686,-80.41903905455686,114.20638820730916,-80.41903905455686,-80.41903905455686,114.20638820730916
2019-07-08,297.010009765625,296.82000732421875,13.960000038146973,11.119999885559082,43.50974502269535,-130.09250214044528,48.5965369987188,48.5965369987188,-28.814002175479445,48.5965369987188,48.5965369987188,-28.814002175479445,56.152647565774075,56.152647565774075,-11.288391481613822,56.152647565774075,56.152647565774075,-11.288391481613822
2019-07-09,295.5400085449219,297.19000244140625,14.09000015258789,11.079999923706056,43.8580078921032,34.82628694078542,-52.00908423746853,-52.00908423746853,103.97739278510583,-52.00908423746853,-52.00908423746853,103.97739278510583,-50.55505394137643,-50.55505394137643,159.9649420601821,-50.55505394137643,-50.55505394137643,159.9649420601821
2019-07-10,298.3699951171875,298.6099853515625,13.029999732971191,9.9399995803833,44.6622850834457,80.42771913425,-37.91288223401994,55.81710540733369,55.81710540733369,-37.91288223401994,55.81710540733369,55.81710540733369,-17.128946140732303,58.2285877876787,58.2285877876787,-17.128946140732303,58.2285877876787,58.2285877876787
2019-07-11,299.32000732421875,299.30999755859375,12.93000030517578,10.079999923706056,45.23842859330568,57.614350985997476,-44.0321235068551,87.7622398484013,87.7622398484013,-44.0321235068551,87.7622398484013,87.7622398484013,4.315326520548515,88.5161808625606,88.5161808625606,4.315326520548515,88.5161808625606,88.5161808625606
2019-07-12,299.8500061035156,300.6499938964844,12.390000343322754,9.880000114440918,46.300843074633065,106.24144813273873,81.12506477318306,81.12506477318306,81.12506477318306,81.12506477318306,81.12506477318306,81.12506477318306,81.55184671209705,81.55184671209705,81.55184671209705,81.55184671209705,81.55184671209705,81.55184671209705
2019-07-15,301.1300048828125,300.75,12.68000030517578,11.010000228881836,46.36628810969667,6.5445035063604,111.62475457899562,111.62475457899562,-76.91709188664794,111.62475457899562,111.62475457899562,-76.91709188664794,114.5713901826349,114.5713901826349,-39.79364670018304,114.5713901826349,114.5713901826349,-39.79364670018304
2019-07-16,300.6499938964844,299.7799987792969,12.859999656677246,11.710000038146973,45.46987171368342,-89.6416396013251,158.2032636336263,158.2032636336263,-125.66453462430022,158.2032636336263,158.2032636336263,-125.66453462430022,160.838842796754,160.838842796754,-90.15271330939757,160.838842796754,160.838842796754,-90.15271330939757
2019-07-17,299.75,297.739990234375,13.970000267028809,13.420000076293944,43.95992722666922,-150.99444870141951,-30.39677830745291,-30.39677830745291,-30.39677830745291,-30.39677830745291,-30.39677830745291,-30.39677830745291,-25.707479477832184,-25.707479477832184,-25.707479477832184,-25.707479477832184,-25.707479477832184,-25.707479477832184
2019-07-18,297.19000244140625,298.8299865722656,13.529999732971191,12.68000030517578,44.73619824402843,77.62710173592069,-132.90577588314952,-132.90577588314952,163.90588787259523,-132.90577588314952,-132.90577588314952,163.90588787259523,-118.31511358979895,-118.31511358979895,185.70080679940213,-118.31511358979895,-118.31511358979895,185.70080679940213
2019-07-19,300.0400085449219,297.1700134277344,14.449999809265137,13.5600004196167,43.58105676201423,-115.51414820142014,-86.01362241420098,-86.01362241420098,-86.01362241420098,-86.01362241420098,-86.01362241420098,-86.01362241420098,-81.02264661400135,-81.02264661400135,-81.02264661400135,-81.02264661400135,-81.02264661400135,-81.02264661400135
2019-07-22,297.6099853515625,297.8999938964844,13.529999732971191,13.640000343322754,43.72632282746627,14.526606545204146,-13.194219667255222,52.361412215999415,52.361412215999415,-13.194219667255222,52.361412215999415,52.361412215999415,11.918208884846873,71.9556391866181,71.9556391866181,11.918208884846873,71.9556391866181,71.9556391866181
2019-07-23,299.1400146484375,300.0299987792969,12.609999656677246,12.81999969482422,45.38237474794102,165.6051920474752,-137.3498672179831,193.57304695018604,193.57304695018604,-137.3498672179831,193.57304695018604,193.57304695018604,-79.76590632669175,198.19368191587157,198.19368191587157,-79.76590632669175,198.19368191587157,198.19368191587157
2019-07-24,299.19000244140625,301.44000244140625,12.06999969482422,12.1899995803833,46.57134391084228,118.89691629012589,-131.93562291181516,43.62935638595735,43.62935638595735,-131.93562291181516,43.62935638595735,43.62935638595735,-217.77564689378838,46.931986138789085,46.931986138789085,-217.77564689378838,46.931986138789085,46.931986138789085
2019-07-25,300.94000244140625,300.0,12.739999771118164,12.529999732971191,45.31608589568541,-125.52580151568691,197.76565579841179,197.76565579841179,-145.52801140906465,197.76565579841179,197.76565579841179,-145.52801140906465,202.7853191605055,202.7853191605055,-92.61679697183337,202.7853191605055,202.7853191605055,-92.61679697183337
2019-07-26,300.760009765625,302.010009765625,12.15999984741211,11.539999961853027,47.069770184689936,175.3684289004525,-20.256901389129787,-20.256901389129787,69.75945273445151,-20.256901389129787,-20.256901389129787,69.75945273445151,-17.60510393412653,-17.60510393412653,122.13390185524167,-17.60510393412653,-17.60510393412653,122.13390185524167
2019-07-29,301.8800048828125,301.4599914550781,12.829999923706056,12.670000076293944,46.57938581139224,-49.03843732976938,89.72605284963774,89.72605284963774,-54.636046531272676,89.72605284963774,89.72605284963774,-54.636046531272676,101.60818441039456,101.60818441039456,-25.99309934895413,101.60818441039456,101.60818441039456,-25.99309934895413
2019-07-30,299.9100036621094,300.7200012207031,13.9399995803833,14.460000038146973,46.150093119752164,-42.92926916400788,136.17950222911492,136.17950222911492,136.17950222911492,136.17950222911492,136.17950222911492,136.17950222911492,143.39492282628245,143.39492282628245,143.39492282628245,143.39492282628245,143.39492282628245,143.39492282628245
2019-07-31,300.989990234375,297.42999267578125,16.1200008392334,18.40999984741211,44.09058348728324,-205.95096324689237,2.209272922802954,2.209272922802954,-154.68731854197122,2.209272922802954,2.209272922802954,-154.68731854197122,29.96007442352704,29.96007442352704,-323.42158531091286,29.96007442352704,29.96007442352704,-323.42158531091286
2019-08-01,297.6000061035156,294.8399963378906,17.8700008392334,19.31999969482422,42.97645949733228,-111.41239899509614,284.44640745991944,-205.4766238993377,-205.4766238993377,284.44640745991944,-205.4766238993377,-205.4766238993377,340.2215104345564,-171.91058108901754,-171.91058108901754,340.2215104345564,-171.91058108901754,-171.91058108901754
2019-08-02,293.8500061035156,292.6199951171875,17.610000610351562,17.690000534057617,40.9831632018496,-199.32962954826792,78.33599417284701,13.269163975396816,13.269163975396816,78.33599417284701,13.269163975396816,13.269163975396816,157.45071165126444,35.50151114753215,35.50151114753215,157.45071165126444,35.50151114753215,35.50151114753215
2019-08-05,288.0899963378906,283.82000732421875,24.59000015258789,29.13999938964844,41.722911552097386,73.97483502477868,226.7907494720184,-167.98535339714073,-167.98535339714073,226.7907494720184,-167.98535339714073,-167.98535339714073,345.28459941161987,-187.38073064885745,-187.38073064885745,345.28459941161987,-187.38073064885745,-187.38073064885745
2019-08-06,285.9100036621094,287.79998779296875,20.170000076293945,21.84000015258789,39.38077397414875,-234.2137577948634,-2.4184082462689305,-2.4184082462689305,130.07957745914405,-2.4184082462689305,-2.4184082462689305,130.07957745914405,38.06399898508215,38.06399898508215,234.53851200838176,38.06399898508215,38.06399898508215,234.53851200838176
2019-08-07,284.3999938964844,287.9700012207031,19.489999771118164,20.950000762939453,38.79104700342206,-58.97269707266943,-140.2006494643959,-29.759677664437255,-29.759677664437255,-140.2006494643959,-29.759677664437255,-29.759677664437255,-324.8258337338648,2.4749139226701877,2.4749139226701877,-324.8258337338648,2.4749139226701877,2.4749139226701877
2019-08-08,289.6199951171875,293.6199951171875,16.90999984741211,16.770000457763672,40.94490003363062,215.3853030208559,-132.3373070783703,-132.3373070783703,-132.3373070783703,-132.3373070783703,-132.3373070783703,-132.3373070783703,-118.97903506208635,-118.97903506208635,-118.97903506208635,-118.97903506208635,-118.97903506208635,-118.97903506208635
2019-08-09,292.5799865722656,291.6199951171875,17.969999313354492,17.75,40.041260001331665,-90.36400322989522,129.27480497648602,-53.160876259721526,-53.160876259721526,129.27480497648602,-53.160876259721526,-53.160876259721526,173.92164103671698,-13.936274496219456,-13.936274496219456,173.92164103671698,-13.936274496219456,-13.936274496219456
2019-08-12,289.9599914550781,288.07000732421875,21.09000015258789,22.450000762939453,39.94536160055494,-9.589840077672562,87.34037051011184,87.34037051011184,87.34037051011184,87.34037051011184,87.34037051011184,87.34037051011184,129.5796843618243,129.5796843618243,129.5796843618243,129.5796843618243,129.5796843618243,129.5796843618243
2019-08-13,287.739990234375,292.54998779296875,17.520000457763672,17.489999771118164,40.19597877796722,25.06171774122805,-205.14093073045947,21.34004779103622,21.34004779103622,-205.14093073045947,21.34004779103622,21.34004779103622,-415.06132081584883,54.7492524997512,54.7492524997512,-415.06132081584883,54.7492524997512,54.7492524997512
2019-08-14,288.07000732421875,283.8999938964844,22.100000381469727,24.420000076293945,38.18788870192071,-200.8090076046507,219.17255034891576,-190.86622498758956,-190.86622498758956,219.17255034891576,-190.86622498758956,-190.86622498758956,311.1420395277276,-232.48776619827797,-232.48776619827797,311.1420395277276,-232.48776619827797,-232.48776619827797
2019-08-15,284.8800048828125,284.6499938964844,21.18000030517578,22.450000762939453,37.610367322151596,-57.752137976911655,242.38355436031324,242.38355436031324,242.38355436031324,242.38355436031324,242.38355436031324,242.38355436031324,282.2340636497419,282.2340636497419,282.2340636497419,282.2340636497419,282.2340636497419,282.2340636497419
2019-08-16,286.4800109863281,288.8500061035156,18.469999313354492,18.36000061035156,37.893557248288495,28.318992613689886,-124.79661587579623,-124.79661587579623,211.02193729342935,-124.79661587579623,-124.79661587579623,211.02193729342935,-96.9906612732864,-96.9906612732864,278.17703594104495,-96.9906612732864,-96.9906612732864,278.17703594104495
2019-08-19,292.19000244140625,292.3299865722656,16.8799991607666,17.200000762939453,39.24793068907058,135.43734407820835,41.84013962826987,41.84013962826987,29.15650491929227,41.84013962826987,41.84013962826987,29.15650491929227,75.93309865461151,75.93309865461151,73.25370703892727,75.93309865461151,75.93309865461151,73.25370703892727
2019-08-20,291.7699890136719,290.0899963378906,17.5,18.43000030517578,37.82663302638304,-142.1297662687536,261.2125518253882,261.2125518253882,-175.03086887954066,261.2125518253882,261.2125518253882,-175.03086887954066,294.8806089273076,294.8806089273076,-113.6925264672176,294.8806089273076,294.8806089273076,-113.6925264672176
2019-08-21,292.4800109863281,292.45001220703125,15.800000190734863,16.09000015258789,38.60901442636997,78.23813999869245,34.89370015484441,34.89370015484441,24.745233144044466,34.89370015484441,34.89370015484441,24.745233144044466,68.62569071831464,68.62569071831464,57.020970858304864,68.62569071831464,68.62569071831464,57.020970858304864
2019-08-22,293.2300109863281,292.3599853515625,16.68000030517578,16.709999084472656,38.97820910886796,36.91946824979908,77.62312189946135,-6.493181279202551,-6.493181279202551,77.62312189946135,-6.493181279202551,-6.493181279202551,132.17952191712502,17.39526518908956,17.39526518908956,132.17952191712502,17.39526518908956,17.39526518908956
2019-08-23,290.9200134277344,284.8500061035156,19.8700008392334,21.549999237060547,35.815252265512086,-316.29568433558717,-221.65298146754503,-221.65298146754503,-150.17148160497388,-221.65298146754503,-221.65298146754503,-150.17148160497388,-195.57384330832457,-195.57384330832457,-545.6126084682912,-195.57384330832457,-195.57384330832457,-545.6126084682912
2019-08-26,287.2699890136719,288.0,19.31999969482422,19.81999969482422,37.24265369189364,142.74014263815573,-9.93067267415377,-9.93067267415377,103.23530312987427,-9.93067267415377,-9.93067267415377,103.23530312987427,37.991094367266086,37.991094367266086,158.63037047505978,37.991094367266086,37.991094367266086,158.63037047505978
2019-08-27,289.5400085449219,286.8699951171875,20.309999465942383,20.809999465942383,37.21149798567865,-3.115570621499586,-44.761419572071425,-44.761419572071425,-44.761419572071425,-44.761419572071425,-44.761419572071425,-44.761419572071425,-11.764126369958047,-11.764126369958047,-11.764126369958047,-11.764126369958047,-11.764126369958047,-11.764126369958047
2019-08-28,286.1400146484375,288.8900146484375,19.350000381469727,19.15999984741211,37.75178752418681,54.02895385081621,-129.25904319253638,-129.25904319253638,228.8319903415644,-129.25904319253638,-129.25904319253638,228.8319903415644,-101.22937844506927,-101.22937844506927,311.03336936615864,-101.22937844506927,-101.22937844506927,311.03336936615864
2019-08-29,291.7200012207031,292.5799865722656,17.8799991607666,16.850000381469727,39.46338809868974,171.16005745029312,-0.5950859919946905,-0.5950859919946905,72.00908634661756,-0.5950859919946905,-0.5950859919946905,72.00908634661756,24.52200880891138,24.52200880891138,125.46058881244176,24.52200880891138,24.52200880891138,125.46058881244176
2019-08-30,294.2200012207031,292.45001220703125,18.979999542236328,18.600000381469727,40.00535190840395,54.19638097142112,109.41574101574008,-0.6845691604537607,-0.6845691604537607,109.41574101574008,-0.6845691604537607,-0.6845691604537607,206.63804666450065,23.55616891465113,23.55616891465113,206.63804666450065,23.55616891465113,23.55616891465113
2019-09-03,290.57000732421875,290.739990234375,19.65999984741211,19.06999969482422,38.89135132386995,-111.40005845340042,180.43494878420725,180.43494878420725,-65.34843168214312,180.43494878420725,180.43494878420725,-65.34843168214312,205.40377209909275,205.40377209909275,37.98559998219966,205.40377209909275,205.40377209909275,37.98559998219966
2019-09-04,293.1400146484375,294.0400085449219,17.329999923706055,15.600000381469728,39.97886111473082,108.75097908608709,-96.36703494539269,155.76300480598184,155.76300480598184,-96.36703494539269,155.76300480598184,155.76300480598184,-50.55995503731345,175.74769226831899,175.74769226831899,-50.55995503731345,175.74769226831899,175.74769226831899
2019-09-05,296.7900085449219,297.82000732421875,16.270000457763672,14.59000015258789,42.716925263344066,273.80641486132475,-37.3383995908066,-37.3383995908066,88.86245517840993,-37.3383995908066,-37.3383995908066,88.86245517840993,-20.059340778218203,-20.059340778218203,128.99560967971055,-20.059340778218203,-20.059340778218203,128.99560967971055
2019-09-06,298.1700134277344,298.04998779296875,15.0,12.390000343322754,42.448816993406965,-26.81082699371018,1.5319735035789672,31.62611773195796,31.62611773195796,1.5319735035789672,31.62611773195796,31.62611773195796,31.308873479306044,40.43228678975039,40.43228678975039,31.308873479306044,40.43228678975039,40.43228678975039
2019-09-09,299.1400146484375,298.20001220703125,15.270000457763672,13.65999984741211,42.53633879498492,8.752180157795664,39.65251443065821,26.61919392889287,26.61919392889287,39.65251443065821,26.61919392889287,26.61919392889287,105.79326565008216,33.18305114629883,33.18305114629883,105.79326565008216,33.18305114629883,33.18305114629883
2019-09-10,297.3599853515625,298.1300048828125,15.199999809265137,13.760000228881836,42.40733354153966,-12.900525344526415,-48.455720498232786,-48.455720498232786,88.46906540315851,-48.455720498232786,-48.455720498232786,88.46906540315851,-26.9499805743447,-26.9499805743447,112.52666465174792,-26.9499805743447,-26.9499805743447,112.52666465174792
2019-09-11,298.4700012207031,300.25,14.609999656677246,13.130000114440918,44.194627234089246,178.72936925495893,-176.01617864353565,195.52964502806262,195.52964502806262,-176.01617864353565,195.52964502806262,195.52964502806262,-159.55858207370977,204.2472790089117,204.2472790089117,-159.55858207370977,204.2472790089117,204.2472790089117
2019-09-12,301.25,301.2900085449219,14.220000267028809,13.100000381469728,45.067281975795865,87.26547417066186,84.72090475044187,84.72090475044187,-35.4338863906938,84.72090475044187,84.72090475044187,-35.4338863906938,92.78435433899371,92.78435433899371,11.495907333215552,92.78435433899371,92.78435433899371,11.495907333215552
2019-09-13,301.7799987792969,301.0899963378906,13.739999771118164,12.619999885559082,44.75814994841758,-30.91320273782827,121.62173394639811,121.62173394639811,-85.81655944876718,121.62173394639811,121.62173394639811,-85.81655944876718,132.36782875975237,132.36782875975237,-55.31513948358453,132.36782875975237,132.36782875975237,-55.31513948358453
2019-09-16,299.8399963378906,300.1600036621094,14.670000076293944,14.600000381469728,43.92467644307404,-83.34735053435409,194.0094572320916,194.0094572320916,194.0094572320916,194.0094572320916,194.0094572320916,194.0094572320916,201.6334141010013,201.6334141010013,201.6334141010013,201.6334141010013,201.6334141010013,201.6334141010013
2019-09-17,299.94000244140625,300.9200134277344,14.4399995803833,14.539999961853027,44.56482767402128,64.01512309472395,117.13861458459361,117.13861458459361,117.13861458459361,117.13861458459361,117.13861458459361,117.13861458459361,124.58492104567472,124.58492104567472,124.58492104567472,124.58492104567472,124.58492104567472,124.58492104567472
2019-09-18,300.489990234375,301.1000061035156,13.949999809265137,14.130000114440918,44.61962996661517,5.480229259389091,97.66834739379576,97.66834739379576,-17.36796348920937,97.66834739379576,97.66834739379576,-17.36796348920937,104.89778969111393,104.89778969111393,62.76247182684036,104.89778969111393,104.89778969111393,62.76247182684036
2019-09-19,301.5299987792969,301.0799865722656,14.050000190734863,13.18000030517578,44.579194331825335,-4.043563478983714,116.72125161206591,116.72125161206591,-72.25763495162052,116.72125161206591,116.72125161206591,-72.25763495162052,127.09056419314615,127.09056419314615,-32.55109239292919,127.09056419314615,127.09056419314615,-32.55109239292919
2019-09-20,300.3599853515625,298.2799987792969,15.31999969482422,14.68000030517578,42.14330360912197,-243.58907227033626,40.77420378337926,40.77420378337926,40.77420378337926,40.77420378337926,40.77420378337926,40.77420378337926,49.22278525026365,49.22278525026365,49.22278525026365,49.22278525026365,49.22278525026365,49.22278525026365
2019-09-23,297.54998779296875,298.2099914550781,14.90999984741211,9.829999923706056,41.85307382652644,-29.022978259553156,-59.36705625142393,69.03198949462073,69.03198949462073,-59.36705625142393,69.03198949462073,69.03198949462073,-50.92097155542794,75.53231920675815,75.53231920675815,-50.92097155542794,75.53231920675815,75.53231920675815
2019-09-24,299.4100036621094,295.8699951171875,17.049999237060547,17.729999542236328,40.302367969640976,-155.07058568854646,275.30379084923607,-165.93094053570977,-165.93094053570977,275.30379084923607,-165.93094053570977,-165.93094053570977,376.55867309724533,-145.33076205469362,-145.33076205469362,376.55867309724533,-145.33076205469362,-145.33076205469362
2019-09-25,295.9599914550781,297.6199951171875,15.960000038146973,15.300000190734863,41.4790251234003,117.66571537593222,-35.78812565495275,-35.78812565495275,109.7876121462395,-35.78812565495275,-35.78812565495275,109.7876121462395,-23.41546980000546,-23.41546980000546,178.46056838591196,-23.41546980000546,-23.41546980000546,178.46056838591196
2019-09-26,297.6300048828125,297.0,16.06999969482422,15.199999809265137,40.89465006689183,-58.437505650847044,83.70600297226026,-29.797496624986607,-29.797496624986607,83.70600297226026,-29.797496624986607,-29.797496624986607,117.14713069171275,-3.266836188559783,-3.266836188559783,117.14713069171275,-3.266836188559783,-3.266836188559783
2019-09-27,297.8299865722656,295.3999938964844,17.219999313354492,16.770000457763672,39.78750537363801,-110.71446932538151,258.00353931044515,-187.58240582322162,-187.58240582322162,258.00353931044515,-187.58240582322162,-187.58240582322162,304.4348370310925,-156.36544020182328,-156.36544020182328,304.4348370310925,-156.36544020182328,-156.36544020182328
2019-09-30,295.9700012207031,296.7699890136719,16.239999771118164,15.279999732971191,40.54191916391768,75.44137902796706,49.22085462878545,49.22085462878545,24.33757545516453,49.22085462878545,49.22085462878545,24.33757545516453,61.588375705030906,61.588375705030906,92.5428506253162,61.588375705030906,61.588375705030906,92.5428506253162
2019-10-01,297.739990234375,293.239990234375,18.559999465942383,18.940000534057617,38.248262518114245,-229.36566458034378,127.09119586812014,-211.43579751155013,-211.43579751155013,127.09119586812014,-211.43579751155013,-211.43579751155013,183.85160303270735,-342.68840593864314,-342.68840593864314,183.85160303270735,-342.68840593864314,-342.68840593864314
2019-10-02,291.5,288.05999755859375,20.559999465942383,21.709999084472656,35.201009384162546,-304.7253133951699,93.16395314902033,93.16395314902033,-166.67909729102502,93.16395314902033,93.16395314902033,-166.67909729102502,141.4563267514144,141.4563267514144,-272.8153060347952,141.4563267514144,141.4563267514144,-272.8153060347952
2019-10-03,287.80999755859375,290.4200134277344,19.1200008392334,19.479999542236328,36.07945370594403,87.84443217814868,-195.214057392875,244.07489481692292,244.07489481692292,-195.214057392875,244.07489481692292,244.07489481692292,-179.49511049599096,286.9603288542916,286.9603288542916,-179.49511049599096,286.9603288542916,286.9603288542916
2019-10-04,291.1400146484375,294.3500061035156,17.040000915527344,16.270000457763672,38.41001784574912,233.05641398050838,-197.9197588492487,-197.9197588492487,273.9248646021097,-197.9197588492487,-197.9197588492487,273.9248646021097,-181.56643136150802,-181.56643136150802,340.94507663898486,-181.56643136150802,-181.56643136150802,340.94507663898486
2019-10-07,293.4700012207031,293.0799865722656,17.860000610351562,17.700000762939453,37.43242093409111,-97.75969116580043,17.064242815089937,67.1467073694047,67.1467073694047,17.064242815089937,67.1467073694047,67.1467073694047,84.21300545175508,93.00573511427092,93.00573511427092,84.21300545175508,93.00573511427092,93.00573511427092
2019-10-08,291.0400085449219,288.5299987792969,20.280000686645508,20.290000915527344,34.86717524014576,-256.524569394535,123.07618742056493,123.07618742056493,-155.31662943364958,123.07618742056493,123.07618742056493,-155.31662943364958,157.9540559923068,157.9540559923068,-208.59282876174987,157.9540559923068,157.9540559923068,-208.59282876174987
2019-10-09,290.75,291.2699890136719,18.63999938964844,18.260000228881836,36.10592471261474,123.87494724689745,121.94332932824261,121.94332932824261,-18.59924568872666,121.94332932824261,121.94332932824261,-18.59924568872666,144.02011500747042,144.02011500747042,73.60315454296858,144.02011500747042,144.02011500747042,73.60315454296858
2019-10-10,291.17999267578125,293.239990234375,17.56999969482422,17.780000686645508,37.28062432986289,117.46996172481516,-72.42831341653775,-72.42831341653775,161.47598922605945,-72.42831341653775,-72.42831341653775,161.47598922605945,-49.1526331274333,-49.1526331274333,236.22269889921438,-49.1526331274333,-49.1526331274333,236.22269889921438
2019-10-11,296.2699890136719,296.2799987792969,15.579999923706056,15.279999732971191,37.439841419598125,13.321708973523608,105.54842121949534,105.54842121949534,-39.02058599297107,105.54842121949534,105.54842121949534,-39.02058599297107,120.204464608986,120.204464608986,19.473253630176423,120.204464608986,120.204464608986,19.473253630176423
2019-10-14,295.92999267578125,295.95001220703125,14.56999969482422,14.010000228881836,34.9649489467013,-247.48924728968262,116.75691872252204,116.75691872252204,-53.38110635457547,116.75691872252204,116.75691872252204,-53.38110635457547,124.84670235881958,124.84670235881958,8.121502035280484,124.84670235881958,124.84670235881958,8.121502035280484
2019-10-15,297.1000061035156,298.8800048828125,13.539999961853027,12.300000190734863,33.618619107646836,-134.63298390544622,-144.97610877490106,-144.97610877490106,173.2956956090743,-144.97610877490106,-144.97610877490106,173.2956956090743,-132.82885291144515,-132.82885291144515,194.82252148254213,-132.82885291144515,-132.82885291144515,194.82252148254213
2019-10-16,298.3699951171875,298.3999938964844,13.68000030517578,11.920000076293944,33.703257090282364,8.463798263552746,-20.696489118895144,53.18973712223658,53.18973712223658,-20.696489118895144,53.18973712223658,53.18973712223658,11.042872950088281,59.34686400572857,59.34686400572857,11.042872950088281,59.34686400572857,59.34686400572857
2019-10-17,299.67999267578125,299.2799987792969,13.789999961853027,11.899999618530272,34.19666653958696,49.34094493045933,103.91136776467626,103.91136776467626,103.91136776467626,103.91136776467626,103.91136776467626,103.91136776467626,106.03986770710542,106.03986770710542,106.03986770710542,106.03986770710542,106.03986770710542,106.03986770710542
2019-10-18,298.69000244140625,297.9700012207031,14.25,12.350000381469728,34.68756487097308,49.08983313861199,41.25268369478141,1.4334185451041725,1.4334185451041725,41.25268369478141,1.4334185451041725,1.4334185451041725,84.08527150425694,6.847252056260647,6.847252056260647,84.08527150425694,6.847252056260647,6.847252056260647
2019-10-21,299.4200134277344,299.989990234375,14.0,12.609999656677246,34.699934016196295,1.236914522321797,-120.30820391913221,187.54025530952458,187.54025530952458,-120.30820391913221,187.54025530952458,187.54025530952458,-50.45701494869494,191.06894602167185,191.06894602167185,-50.45701494869494,191.06894602167185,191.06894602167185
2019-10-22,300.5799865722656,299.010009765625,14.460000038146973,13.300000190734863,35.282315829447754,58.23818132514589,99.9175612127673,99.9175612127673,-128.77443543002684,99.9175612127673,99.9175612127673,-128.77443543002684,105.32960064918531,105.32960064918531,-156.71712001163354,105.32960064918531,105.32960064918531,-156.71712001163354
2019-10-23,298.7300109863281,299.8800048828125,14.010000228881836,12.270000457763672,34.581540109919246,-70.0775719528508,-147.13784370356194,190.1342760862107,190.1342760862107,-147.13784370356194,190.1342760862107,190.1342760862107,-103.63491743910679,195.1856511493038,195.1856511493038,-103.63491743910679,195.1856511493038,195.1856511493038
2019-10-24,300.9100036621094,300.3699951171875,13.710000038146973,11.890000343322754,34.082318367727765,-49.92217421914802,152.30333262600786,152.30333262600786,-104.55279215111182,152.30333262600786,152.30333262600786,-104.55279215111182,155.95726119544932,155.95726119544932,-54.91356874123048,155.95726119544932,155.95726119544932,-54.91356874123048
2019-10-25,299.739990234375,301.6000061035156,12.649999618530272,10.329999923706056,32.33702574695185,-174.52926207759134,-6.66375059145645,-6.66375059145645,-6.66375059145645,-6.66375059145645,-6.66375059145645,-6.66375059145645,-5.997370013395596,-5.997370013395596,-5.997370013395596,-5.997370013395596,-5.997370013395596,-5.997370013395596
2019-10-28,302.94000244140625,303.29998779296875,13.109999656677246,11.699999809265137,33.84732487257395,151.02991256220974,-38.04594821020564,64.47203148479818,64.47203148479818,-38.04594821020564,64.47203148479818,64.47203148479818,-15.515452708123842,73.71420157276177,73.71420157276177,-15.515452708123842,73.71420157276177,73.71420157276177
2019-10-29,303.0,303.2099914550781,13.199999809265137,11.75,33.93955155428236,9.222668170841075,-25.18579364578615,52.628383683298345,52.628383683298345,-25.18579364578615,52.628383683298345,52.628383683298345,-1.268147900592862,61.509106395217934,61.509106395217934,-1.268147900592862,61.509106395217934,61.509106395217934
2019-10-30,303.42999267578125,304.1400146484375,12.329999923706056,10.670000076293944,32.597762837061936,-134.17887172204246,-88.77904468375709,114.11856336985119,114.11856336985119,-88.77904468375709,114.11856336985119,114.11856336985119,-61.73418409744651,117.73683279751499,117.73683279751499,-61.73418409744651,117.73683279751499,117.73683279751499
2019-10-31,304.1300048828125,303.3299865722656,13.220000267028809,11.579999923706056,33.93390347444347,133.61406373815328,33.54367356111185,16.84734996314963,16.84734996314963,33.54367356111185,16.84734996314963,16.84734996314963,86.75499877040245,19.63600075060077,19.63600075060077,86.75499877040245,19.63600075060077,19.63600075060077
2019-11-01,304.9200134277344,306.1400146484375,12.300000190734863,9.84000015258789,33.425755302793064,-50.81481716504044,33.75459834516445,33.75459834516445,33.75459834516445,33.75459834516445,33.75459834516445,33.75459834516445,34.233909374831484,34.233909374831484,34.233909374831484,34.233909374831484,34.233909374831484,34.233909374831484
2019-11-04,307.8500061035156,307.3699951171875,12.829999923706056,11.079999923706056,34.90020315198721,147.44478491941493,48.67306293918781,-26.48554464539361,-26.48554464539361,48.67306293918781,-26.48554464539361,-26.48554464539361,67.50347979155012,-17.81273460812962,-17.81273460812962,67.50347979155012,-17.81273460812962,-17.81273460812962
2019-11-05,307.5899963378906,307.0299987792969,13.100000381469728,10.989999771118164,35.18502500704393,28.482185505671964,65.39896696564831,-45.309051425002366,-45.309051425002366,65.39896696564831,-45.309051425002366,-45.309051425002366,79.92947599279015,-34.445492760360864,-34.445492760360864,79.92947599279015,-34.445492760360864,-34.445492760360864
2019-11-06,307.0299987792969,307.1000061035156,12.619999885559082,9.470000267028809,34.27503386309998,-90.99911439439552,14.027213801716146,14.027213801716146,-3.301437187155518,14.027213801716146,14.027213801716146,-3.301437187155518,18.437388317577884,18.437388317577884,8.295837855752033,18.437388317577884,18.437388317577884,8.295837855752033
2019-11-07,308.57000732421875,308.17999267578125,12.729999542236328,10.15999984741211,34.99225278898447,71.72189258844952,17.8734215090963,7.718099386171653,7.718099386171653,17.8734215090963,7.718099386171653,7.718099386171653,46.23147846476539,10.268409341043762,10.268409341043762,46.23147846476539,10.268409341043762,10.268409341043762
2019-11-08,307.79998779296875,308.94000244140625,12.06999969482422,9.31999969482422,34.1767806125158,-81.54721764686741,-113.53808982917879,123.07007200902181,123.07007200902181,-113.53808982917879,123.07007200902181,123.07007200902181,-103.07173211377678,127.41718522188691,127.41718522188691,-103.07173211377678,127.41718522188691,127.41718522188691
2019-11-11,307.4200134277344,308.3500061035156,12.6899995803833,10.6899995803833,34.816003553134806,63.922294061900686,-78.74551943301921,-78.74551943301921,96.33562844369003,-78.74551943301921,-78.74551943301921,96.33562844369003,-67.49767135596831,-67.49767135596831,107.9721335557981,-67.49767135596831,-67.49767135596831,107.9721335557981
2019-11-12,308.75,309.0,12.68000030517578,10.800000190734863,35.0992910541281,28.328750099329625,-54.31524741893179,88.99517352690665,88.99517352690665,-54.31524741893179,88.99517352690665,88.99517352690665,-17.191833211850913,91.9378843761642,91.9378843761642,-17.191833211850913,91.9378843761642,91.9378843761642
2019-11-13,307.9100036621094,309.1000061035156,13.0,10.970000267028809,35.677716978996216,57.842592486811384,-120.46330891603333,142.29363925933603,142.29363925933603,-120.46330891603333,142.29363925933603,142.29363925933603,-101.16071403792414,150.13500678002487,150.13500678002487,-101.16071403792414,150.13500678002487,150.13500678002487
2019-11-14,308.7900085449219,309.54998779296875,13.050000190734863,11.229999542236328,35.9602183111751,28.250133217888163,-108.31775078857825,147.49321231207813,147.49321231207813,-108.31775078857825,147.49321231207813,147.49321231207813,-67.21714178666078,151.02074933258734,151.02074933258734,-67.21714178666078,151.02074933258734,151.02074933258734
2019-11-15,311.0199890136719,311.7900085449219,12.050000190734863,9.670000076293944,35.48237651843117,-47.78417927439307,-8.605772356726346,-8.605772356726346,38.405984220056034,-8.605772356726346,-8.605772356726346,38.405984220056034,-7.204003917771271,-7.204003917771271,72.11439205623144,-7.204003917771271,-7.204003917771271,72.11439205623144
2019-11-18,311.5299987792969,312.0199890136719,12.460000038146973,10.18000030517578,36.15485031799377,67.24737995626029,-1.806959059683353,-1.806959059683353,24.42723641609772,-1.806959059683353,-1.806959059683353,24.42723641609772,1.8654204128084628,1.8654204128084628,48.67780062095275,1.8654204128084628,1.8654204128084628,48.67780062095275
2019-11-19,312.67999267578125,311.92999267578125,12.859999656677246,10.25,36.72247055576456,56.76202377707895,80.13121037495975,-63.98302335662358,-63.98302335662358,80.13121037495975,-63.98302335662358,-63.98302335662358,93.47937994518806,-55.89177771314444,-55.89177771314444,93.48879885619088,-55.88932716659285,-55.88932716659285
2019-11-20,311.2799987792969,310.7699890136719,12.779999732971191,10.199999809265137,35.86807753804513,-85.43930177194312,110.97180385418619,110.97180385418619,-83.39213524358794,110.97180385418619,110.97180385418619,-83.39213524358794,113.71032993317456,113.71032993317456,-53.23409073919889,113.71032993317456,113.71032993317456,-53.23409073919889
2019-11-21,310.8900146484375,310.2699890136719,13.130000114440918,10.5600004196167,36.14532651996595,27.724898192082037,149.78846283755036,149.78846283755036,-109.36650770617621,149.78846283755036,149.78846283755036,-109.36650770617621,151.91566153274678,151.91566153274678,-65.6807997922706,151.91566153274678,151.91566153274678,-65.6807997922706
2019-11-22,311.0899963378906,310.9599914550781,12.34000015258789,9.220000267028809,35.13508894905671,-101.023757090924,71.97347487694748,71.97347487694748,-47.27928639777497,71.97347487694748,71.97347487694748,-47.27928639777497,73.08987789624153,73.08987789624153,-18.40839864368242,73.08987789624153,73.08987789624153,-18.40839864368242
2019-11-25,311.9800109863281,313.3699951171875,11.869999885559082,9.760000228881836,35.71428715334431,57.919820428760005,-113.51781632795596,-113.51781632795596,127.52537676730768,-113.51781632795596,-113.51781632795596,127.52537676730768,-108.37389061657593,-108.37389061657593,141.6740391378599,-108.37389061657593,-108.37389061657593,141.6740391378599
2019-11-26,313.4100036621094,314.0799865722656,11.539999961853027,9.5,35.631881481730844,-8.24056716134649,-81.89346968436377,100.77006737050772,100.77006737050772,-81.89346968436377,100.77006737050772,100.77006737050772,-60.05539508077848,103.10151240082813,103.10151240082813,-60.041922110515536,103.10160262043244,103.10160262043244
2019-11-27,314.6099853515625,315.4800109863281,11.75,9.899999618530272,36.82968587914699,119.78043974161494,-98.0842558203916,107.62200598877979,107.62200598877979,-98.0842558203916,107.62200598877979,107.62200598877979,-83.80913441415407,108.37483176606287,108.37483176606287,-83.59830651926778,108.3748460063793,108.3748460063793
2019-11-29,314.8599853515625,314.30999755859375,12.619999885559082,11.359999656677246,37.284433912084474,45.47480329374807,106.25279632172362,106.25279632172362,106.25279632172362,106.25279632172362,106.25279632172362,106.25279632172362,108.34567867190083,108.34567867190083,108.34567867190083,108.34610771782596,108.34610771782596,108.34610771782596
2019-12-02,314.5899963378906,311.6400146484375,14.90999984741211,15.300000190734863,39.446348688547815,216.1914776463341,209.4270626689837,-107.76919454813127,-107.76919454813127,209.4270626689837,-107.76919454813127,-107.76919454813127,308.4441667135572,-94.91706970951098,-94.91706970951098,313.3264878410798,-94.8363666993414,-94.8363666993414
2019-12-03,308.6499938964844,309.54998779296875,15.960000038146973,16.860000610351562,40.2668270178943,82.04783293464857,-122.5586522039933,210.29830661643555,210.29830661643555,-122.5586522039933,210.29830661643555,210.29830661643555,-49.68899764883157,234.40566836146706,234.40566836146706,-49.68899764883157,234.40566836146706,234.40566836146706
2019-12-04,310.70001220703125,311.4599914550781,14.800000190734863,14.920000076293944,39.043966235399566,-122.28607824947346,79.46354699149987,79.46354699149987,5.099287045410053,79.46354699149987,79.46354699149987,5.099287045410053,91.67211638089981,91.67211638089981,85.3436489728552,91.67211638089981,91.67211638089981,85.3436489728552
2019-12-05,312.2300109863281,312.0199890136719,14.520000457763672,13.9399995803833,38.79398211365216,-24.99841217474028,61.33323084438825,61.33323084438825,-12.758054771788505,61.33323084438825,61.33323084438825,-12.758054771788505,84.89171542516164,84.89171542516164,18.063374043492143,84.89171542516164,84.89171542516164,18.063374043492143
2019-12-06,314.1199951171875,314.8699951171875,13.619999885559082,12.8100004196167,38.863945710937,6.996359728483981,-127.56139687116176,191.5253759692455,191.5253759692455,-127.56139687116176,191.5253759692455,191.5253759692455,-63.42792469901186,197.63892401938008,197.63892401938008,-62.43154757617513,197.64697503930068,197.64697503930068
2019-12-09,314.44000244140625,313.8800048828125,15.859999656677246,17.059999465942383,41.91124143430493,304.7295723367924,-24.684665891089463,136.598509300153,136.598509300153,-24.684665891089463,136.598509300153,136.598509300153,78.85453929687294,157.98343171149665,157.98343171149665,86.37314840121684,158.30233626361058,158.30233626361058
2019-12-10,313.82000732421875,313.5299987792969,15.68000030517578,16.239999771118164,41.34926578132614,-56.19756529787878,-13.687069217799783,101.58473468912507,101.58473468912507,-13.687069217799783,101.58473468912507,101.58473468912507,62.5286754914814,122.42776594887718,122.42776594887718,66.1719371253249,122.69417962033467,122.69417962033467
2019-12-11,314.0299987792969,314.4200134277344,14.989999771118164,15.270000457763672,40.591419666712326,-75.78461146138125,-92.94069375147785,176.79336403888877,176.79336403888877,-92.94069375147785,176.79336403888877,176.79336403888877,-15.647615273891288,191.73858221235795,191.73858221235795,-12.636583924684183,191.848393954595,191.848393954595
2019-12-12,314.42999267578125,317.1300048828125,13.9399995803833,14.670000076293944,40.44920457676117,-14.221508995115784,-131.59853317220814,9.255124522694638,9.255124522694638,-131.59853317220814,9.255124522694638,9.255124522694638,-256.08450186139646,20.084689183352534,20.084689183352534,-252.7116115759176,20.132996473648102,20.132996473648102
2019-12-13,316.8699951171875,317.32000732421875,12.630000114440918,12.40999984741211,38.57391571761096,-187.528885915021,6.06107918612018,6.06107918612018,32.266338473238925,6.06107918612018,6.06107918612018,32.266338473238925,19.126171504436698,19.126171504436698,63.02298157270554,19.169279431992805,19.169279431992805,63.19485951122467
2019-12-16,319.2200012207031,319.5,12.140000343322754,11.630000114440918,39.2828321671198,70.89164495088411,-81.01942914020174,139.59853289673262,139.59853289673262,-81.01942914020174,139.59853289673262,139.59853289673262,-20.168841431458006,143.198030294626,143.198030294626,-19.578711274017046,143.19967860283347,143.19967860283347
2019-12-17,319.9200134277344,319.57000732421875,12.289999961853027,11.15999984741211,39.47990829900487,19.70761318850691,131.81408450187362,131.81408450187362,131.81408450187362,131.81408450187362,131.81408450187362,131.81408450187362,133.8740461051428,133.8740461051428,133.8740461051428,133.87446748337362,133.87446748337362,133.87446748337362
2019-12-18,320.0,319.5899963378906,12.579999923706056,10.300000190734863,39.82698557355506,34.707727455019466,120.98818023957912,120.98818023957912,120.98818023957912,120.98818023957912,120.98818023957912,120.98818023957912,122.09926086587042,122.09926086587042,122.09926086587042,122.09932702996497,122.09932702996497,122.09932702996497
2019-12-19,319.79998779296875,320.8999938964844,12.5,9.390000343322754,40.612354560300524,78.53689867454605,58.34597967594999,58.34597967594999,58.34597967594999,58.34597967594999,58.34597967594999,58.34597967594999,58.83772683621786,58.83772683621786,58.83772683621786,58.83773106774113,58.83773106774113,58.83773106774113
2019-12-20,320.4599914550781,320.7300109863281,12.510000228881836,9.270000457763672,40.45405355708504,-15.830100321548457,78.50308162943281,78.50308162943281,-31.49676913279571,78.50308162943281,78.50308162943281,-31.49676913279571,79.12321830126126,79.12321830126126,20.247563428948446,79.12322882518542,79.12322882518542,20.32635103337739
2019-12-23,321.5899963378906,321.2200012207031,12.609999656677246,9.829999923706056,40.79141050933412,33.73569522490811,81.19481885126908,81.19481885126908,-59.83010775436666,81.19481885126908,81.19481885126908,-59.83010775436666,85.07748236407825,85.07748236407825,-37.04870672479681,85.07823895706997,85.07823895706997,-37.02946861142331
2019-12-24,321.4700012207031,321.2300109863281,12.670000076293944,9.5600004196167,40.82588442254139,3.447391320727178,71.0636346110936,71.0636346110936,-49.75333999298292,71.0636346110936,71.0636346110936,-49.75333999298292,73.95001210420175,73.95001210420175,-26.033295088400997,73.95033235193597,73.95033235193597,-26.016846316897244
2019-12-26,321.6499938964844,322.94000244140625,12.649999618530272,9.9399995803833,41.96292334000425,113.70389174628599,-86.48780548910048,-86.48780548910048,107.79745551370155,-86.48780548910048,-86.48780548910048,107.79745551370155,-82.08015361416848,-82.08015361416848,129.99991584722312,-82.07907583778474,-82.07907583778474,130.01994152730146
2019-12-27,323.739990234375,322.8599853515625,13.43000030517578,11.0,42.819414384344995,85.64910443407427,56.74113777609302,-16.254051631345032,-16.254051631345032,56.74113777609302,-16.254051631345032,-16.254051631345032,98.43064769965906,-11.965536806888075,-11.965536806888075,98.64044216270526,-11.963731871895453,-11.963731871895453
2019-12-30,322.95001220703125,321.0799865722656,14.81999969482422,13.770000457763672,43.32614257820738,50.67281938623864,190.03380639163692,-136.64172339297127,-136.64172339297127,190.03380639163692,-136.64172339297127,-136.64172339297127,228.96281400543324,-116.12585790543815,-116.12585790543815,229.5821838124757,-115.97093167300392,-115.97093167300392
2019-12-31,320.5299987792969,321.8599853515625,13.779999732971191,13.260000228881836,42.360231817241505,-96.59107609658761,22.42660724713621,22.42660724713621,56.46403745323061,22.42660724713621,22.42660724713621,56.46403745323061,29.823389361398277,29.823389361398277,134.95863323763223,29.843243950319632,29.843243950319632,136.66189319207714
2020-01-02,323.5400085449219,324.8699951171875,12.470000267028809,10.600000381469728,42.89474224067234,53.4510423430838,-155.7099052877458,188.14764183013776,188.14764183013776,-155.7099052877458,188.14764183013776,188.14764183013776,-122.20132299270833,192.46147282131804,192.46147282131804,-122.0973386988897,192.46281068663106,192.46281068663106
2020-01-03,321.1600036621094,322.4100036621094,14.020000457763672,12.779999732971191,42.90481012787085,1.0067887198509595,-24.48965077005034,-24.48965077005034,80.48725546081762,-24.48965077005034,-24.48965077005034,80.48725546081762,-15.464598573360997,-15.464598573360997,133.41128476848894,-15.437105285244465,-15.437105285244465,134.0561829689292
2020-01-06,320.489990234375,323.6400146484375,13.850000381469728,12.420000076293944,43.40003016098637,49.52200331155154,-167.1104391868716,-167.1104391868716,239.86162427855422,-167.1104391868716,-167.1104391868716,239.86162427855422,-162.07151984585752,-162.07151984585752,313.9779730240822,-162.06487567201944,-162.06487567201944,315.0965592473037
2020-01-07,323.0199890136719,322.7300109863281,13.789999961853027,12.34000015258789,42.62076848034742,-77.92616806389461,25.717197580806527,14.080498761658491,14.080498761658491,25.717197580806527,14.080498761658491,14.080498761658491,57.65702099410144,27.499079450232266,27.499079450232266,57.90092872774812,27.536601485053083,27.536601485053083
2020-01-08,322.94000244140625,324.45001220703125,13.449999809265137,12.220000267028809,43.39961904767346,77.88505673260389,-150.97712565981496,188.78982587173687,188.78982587173687,-150.97712565981496,188.78982587173687,188.78982587173687,-121.44744283938095,202.5878547872198,202.5878547872198,-121.24889248945816,202.62501150660574,202.62501150660574
2020-01-09,326.1600036621094,326.6499938964844,12.539999961853027,10.859999656677246,44.038871209064425,63.925216139096364,31.375971933911465,31.375971933911465,8.512247009625076,31.375971933911465,31.375971933911465,8.512247009625076,35.76452370558789,35.76452370558789,49.45639462105953,35.76719378852056,35.76719378852056,49.61885260350976
2020-01-10,327.2900085449219,325.7099914550781,12.5600004196167,10.56999969482422,43.26973569904431,-76.91355100201136,179.72704437642264,179.72704437642264,-157.57691492611065,179.72704437642264,179.72704437642264,-157.57691492611065,191.6438243620677,191.6438243620677,-142.0316781341355,191.65817169357993,191.65817169357993,-142.01349655830754
2020-01-13,326.3900146484375,327.95001220703125,12.31999969482422,10.050000190734863,44.688026796344616,141.82910973003047,-98.17702040854142,-98.17702040854142,126.03537710532063,-98.17702040854142,-98.17702040854142,126.03537710532063,-94.44584870336824,-94.44584870336824,155.48880854565186,-94.44483798414286,-94.44483798414286,155.53468579304774
2020-01-14,327.4700012207031,327.45001220703125,12.390000343322754,10.18000030517578,44.30148042554054,-38.65463708040764,15.327322927797374,15.327322927797374,3.41671511584434,15.327322927797374,15.327322927797374,3.41671511584434,27.75892126611386,27.75892126611386,15.027354017621187,27.770373168941845,27.770373168941845,15.034742645983792
2020-01-15,327.3500061035156,328.19000244140625,12.420000076293944,9.6899995803833,44.88545546531281,58.39750397722696,-68.62884483230826,-68.62884483230826,83.5999861675872,-68.62884483230826,-68.62884483230826,83.5999861675872,-59.395074796766664,-59.395074796766664,94.62503938805632,-59.390971897105004,-59.390971897105004,94.6292596416852
2020-01-16,329.70001220703125,330.9200134277344,12.31999969482422,9.710000038146973,47.020025149064324,213.4569683751515,-94.96924434425146,66.67185944155688,66.67185944155688,-94.96924434425146,66.67185944155688,66.67185944155688,-118.57737265841949,67.5778132280833,67.5778132280833,-118.26153838838646,67.57784130892715,67.57784130892715
2020-01-17,331.70001220703125,331.95001220703125,12.100000381469728,9.039999961853027,47.67884380862483,65.88186595605094,10.040524181648028,10.040524181648028,5.952657053885282,10.040524181648028,10.040524181648028,5.952657053885282,13.430475158481483,13.430475158481483,23.842559968268763,13.430802754105665,13.430802754105665,23.84954625087137
2020-01-21,330.8999938964844,331.29998779296875,12.850000381469728,11.380000114440918,47.560047875532526,-11.879593309230785,66.63272430799806,66.63272430799806,-13.516416303776355,66.63272430799806,66.63272430799806,-13.516416303776355,71.46566579659115,71.46566579659115,40.47777724374073,71.47052898377105,71.47052898377105,40.904443836130504
2020-01-22,332.239990234375,331.3399963378906,12.90999984741211,11.029999732971191,47.598983060068065,3.8935184535539236,117.30042660672171,117.30042660672171,-89.47054353294381,117.30042660672171,117.30042660672171,-89.47054353294381,131.19993455152525,131.19993455152525,-70.18781580635448,131.22965119016138,131.22965119016138,-70.14453613308117
2020-01-23,330.6300048828125,331.7200012207031,12.979999542236328,11.399999618530272,47.929483009562695,33.04999494946301,18.456862494538107,18.456862494538107,43.39929580172919,18.456862494538107,18.456862494538107,43.39929580172919,22.425710216858864,22.425710216858864,107.18332571333055,22.428869516141294,22.428869516141294,107.79764039029186
2020-01-24,332.44000244140625,328.7699890136719,14.5600004196167,14.649999618530272,47.088243438347746,-84.1239571214949,158.3598195307353,158.3598195307353,-216.2418688106172,158.3598195307353,158.3598195307353,-216.2418688106172,194.34098564097346,194.34098564097346,-303.36579520487106,195.13586509703862,195.13586509703862,-302.6974292302306
2020-01-27,323.0299987792969,323.5,18.229999542236328,21.299999237060547,48.133901617796916,104.56581794491697,-23.20011882395667,156.63460038693697,156.63460038693697,-23.20011882395667,156.63460038693697,156.63460038693697,64.99201762471286,222.14019349164954,222.14019349164954,75.3369374471144,227.36075070222188,227.36075070222188
2020-01-28,325.05999755859375,326.8900146484375,16.280000686645508,18.34000015258789,47.56228307728681,-57.16185405101086,76.05540517358128,76.05540517358128,76.05540517358128,76.05540517358128,76.05540517358128,76.05540517358128,107.20033857312433,107.20033857312433,107.20033857312433,108.11343145265035,108.11343145265035,108.11343145265035
2020-01-29,328.3800048828125,326.6199951171875,16.389999389648438,18.1200008392334,47.456631385576124,-10.565169171068334,164.89171087060458,-57.52852247100064,-57.52852247100064,164.89171087060458,-57.52852247100064,-57.52852247100064,244.33428782349142,-16.668472418696886,-16.668472418696886,250.57493010550917,-15.108559431823718,-15.108559431823718
2020-01-30,324.3599853515625,327.67999267578125,15.489999771118164,16.40999984741211,47.02147268340041,-43.51587021757126,-139.47669988204618,-20.050364646014195,-20.050364646014195,-139.47669988204618,-20.050364646014195,-20.050364646014195,-307.68580320290835,0.9769036812511422,0.9769036812511422,-300.83304566823057,1.2789837002074278,1.2789837002074278
2020-01-31,327.0,321.7300109863281,18.84000015258789,21.65999984741211,47.71964611088987,69.81734274894578,-16.69263703124566,-16.69263703124566,-170.87178459815908,-16.69263703124566,-16.69263703124566,-170.87178459815908,54.855325294319826,54.855325294319826,-407.94850714603547,62.07360150315838,62.07360150315838,-397.73126771555815
2020-02-03,323.3500061035156,324.1199951171875,17.969999313354492,19.229999542236328,47.653797073824045,-6.584903706582423,-83.8542075503872,199.35494156824126,199.35494156824126,-83.8542075503872,199.35494156824126,199.35494156824126,-0.135660355243703,246.0549848474649,246.0549848474649,7.508549304404591,248.28012262887444,248.28012262887444
2020-02-04,328.07000732421875,329.05999755859375,16.049999237060547,15.8100004196167,48.400971500662216,74.71744268381713,-96.34413604194869,175.1678702786834,175.1678702786834,-96.34413604194869,175.1678702786834,175.1678702786834,-40.23650116576791,205.99935964283043,205.99935964283043,-38.011495531519856,206.6265066454238,206.6265066454238
2020-02-05,332.2699890136719,332.8599853515625,15.149999618530272,13.6899995803833,50.234446322855035,183.34748221928194,-17.064165933424057,-17.064165933424057,71.82782102667885,-17.064165933424057,-17.064165933424057,71.82782102667885,10.326291037032911,10.326291037032911,105.27986839045312,10.689585555720196,10.689585555720196,105.71684645754175
2020-02-06,333.9100036621094,333.9800109863281,14.960000038146973,12.979999542236328,50.885660680380376,65.12143575253404,-51.975112122470726,118.99056892678236,118.99056892678236,-51.975112122470726,118.99056892678236,118.99056892678236,11.673001500291827,129.046936049214,129.046936049214,13.051768564129043,129.08003828384426,129.08003828384426
2020-02-07,332.82000732421875,332.20001220703125,15.470000267028809,13.729999542236328,49.93786596252872,-94.77947178516573,73.1869093361324,-16.83861435562812,-16.83861435562812,73.1869093361324,-16.83861435562812,-16.83861435562812,111.51675431684772,7.380604041903974,7.380604041903974,112.1970420199926,7.623001189612635,7.623001189612635
2020-02-10,331.2300109863281,334.67999267578125,15.039999961853027,12.890000343322754,51.31408507280213,137.62191102734107,-243.7484572952007,-243.7484572952007,303.05356821098434,-243.7484572952007,-243.7484572952007,303.05356821098434,-232.4843672145286,-232.4843672145286,357.24601394369876,-232.43311941668355,-232.43311941668355,358.0674059348464
2020-02-11,336.1600036621094,335.260009765625,15.18000030517578,13.039999961853027,51.86019800888988,54.61129360877521,200.16824553593082,200.16824553593082,-135.78502038424585,200.16824553593082,200.16824553593082,-135.78502038424585,212.2244479716241,212.2244479716241,-77.02451939456047,212.28998841389907,212.28998841389907,-75.9348290014569
2020-02-12,336.8299865722656,337.4200134277344,13.739999771118164,10.84000015258789,52.43998680528401,57.97887963941264,-12.719252503884634,-12.719252503884634,43.38865034718265,-12.719252503884634,-12.719252503884634,43.38865034718265,-3.173512554510858,-3.173512554510858,69.8861474959245,-3.1591450273034316,-3.1591450273034316,69.96626380023255
2020-02-13,335.8599853515625,337.05999755859375,14.149999618530272,11.829999923706056,52.386557295792436,-5.342950949157199,-2.2629744372416583,-2.2629744372416583,62.44861094775087,-2.2629744372416583,-2.2629744372416583,62.44861094775087,3.982462805219036,3.982462805219036,122.38834967058503,3.9933868749290524,3.9933868749290524,123.0978449673011
2020-02-14,337.510009765625,337.6000061035156,13.68000030517578,10.979999542236328,52.460769127334494,7.421183154205835,7.378984176886741,21.233276227291256,21.233276227291256,7.378984176886741,21.233276227291256,21.233276227291256,25.444887611472012,37.14361691357835,37.14361691357835,25.49737750882366,37.1757563703562,37.1757563703562
2020-02-18,336.510009765625,336.7300109863281,14.829999923706056,13.020000457763672,52.39991601065464,-6.085311667985138,63.47314464785662,63.47314464785662,-6.290344410770141,63.47314464785662,63.47314464785662,-6.290344410770141,78.48307992540241,78.48307992540241,42.00210287715558,78.58360891189123,78.58360891189123,42.74243316052557
2020-02-19,337.7900085449219,338.3399963378906,14.380000114440918,11.880000114440918,53.36346757109614,96.35515604414948,-47.63868456072584,86.2774152053201,86.2774152053201,-47.63868456072584,86.2774152053201,86.2774152053201,-19.894974639066575,102.70351248670723,102.70351248670723,-19.70120756552427,102.76152660778817,102.76152660778817
2020-02-20,337.739990234375,336.95001220703125,15.5600004196167,13.859999656677246,53.09843287155929,-26.5034699536848,95.93903204102483,-36.401127285881806,-36.401127285881806,95.93903204102483,-36.401127285881806,-36.401127285881806,134.60182618418204,-9.143345083116625,-9.143345083116625,135.3688989744993,-8.805213093877137,-8.805213093877137
2020-02-21,335.4700012207031,333.4800109863281,17.079999923706055,15.770000457763672,51.81333463879454,-128.5098232764753,93.68696588588284,93.68696588588284,-135.18510605241048,93.68696588588284,93.68696588588284,-135.18510605241048,114.05617384603677,114.05617384603677,-185.09216005534964,114.36833997084544,114.36833997084544,-178.66363657634673
2020-02-24,323.1400146484375,322.4200134277344,25.030000686645508,31.899999618530273,55.88993443168634,407.65997928918057,122.63457038510415,98.94687003080767,98.94687003080767,122.63457038510415,98.94687003080767,98.94687003080767,277.2553836671113,238.46975320155755,238.46975320155755,322.4100076074564,273.19447263033675,273.19447263033675
2020-02-25,323.94000244140625,312.6499938964844,27.850000381469727,36.349998474121094,56.30141822580215,41.148379411581004,-117.59896734447574,-130.60878922384128,-130.60878922384128,-117.59896734447574,-130.60878922384128,-130.60878922384128,-162.32526370354955,-467.27807899043836,-467.27807899043836,-90.45052937479456,-651.6837489366627,-651.6837489366627
2020-02-26,314.17999267578125,311.5,27.559999465942383,34.84000015258789,55.25579141752435,-104.56268082778024,228.93876743008582,9.953977690772911,9.953977690772911,228.93876743008582,9.953977690772911,9.953977690772911,411.18790332740826,155.43184886017158,155.43184886017158,475.5126256834372,194.27547732980227,194.27547732980227
2020-02-27,305.4599914550781,297.510009765625,39.15999984741211,54.7400016784668,72.08014362451428,1682.435220698993,-95.70322699958959,-95.70322699958959,-86.18590916788557,-95.70322699958959,-95.70322699958959,-86.18590916788557,-104.65753438479376,-104.65753438479376,-323.6729549072252,-104.65753438479376,-104.65753438479376,-323.6729549072252
2020-02-28,288.70001220703125,296.260009765625,40.11000061035156,52.900001525878906,73.38300164986062,130.2858025346339,-98.57064780433868,-102.62604172271816,-102.62604172271816,-98.57064780433868,-102.62604172271816,-102.62604172271816,-364.9021652872858,-5.273021956287868,-5.273021956287868,-364.9021652872858,-5.273021956287868,-5.273021956287868
2020-03-02,298.2099914550781,309.0899963378906,33.41999816894531,42.16999816894531,64.16792989017407,-921.5071759686552,-116.79513687010862,-120.89538328053885,-120.89538328053885,-116.79513687010862,-120.89538328053885,-120.89538328053885,-424.2524474244617,-347.12988350324036,-347.12988350324036,-424.2524474244617,-347.12988350324036,-347.12988350324036
2020-03-03,309.5,300.239990234375,36.81999969482422,47.34000015258789,67.70715059511889,353.92207049448245,-74.37317071143534,-107.80654408644105,-107.80654408644105,-74.37317071143534,-107.80654408644105,-107.80654408644105,159.60141171279642,-372.1487952898027,-372.1487952898027,159.60141171279642,-372.1487952898027,-372.1487952898027
2020-03-04,306.1199951171875,312.8599853515625,31.989999771118164,37.060001373291016,62.6358747248339,-507.12758702849925,-135.76851359911296,-135.76851359911296,95.57777487980593,-135.76851359911296,-135.76851359911296,95.57777487980593,-267.6732872879683,-267.6732872879683,281.68496262959246,-267.6732872879683,-267.6732872879683,281.68496262959246
2020-03-05,304.9800109863281,302.4599914550781,39.619998931884766,48.630001068115234,72.91742828196094,1028.155355712704,139.06877140926318,139.06877140926318,139.06877140926318,139.06877140926318,139.06877140926318,139.06877140926318,352.805773134602,352.805773134602,352.805773134602,352.805773134602,352.805773134602,352.805773134602
2020-03-06,293.1499938964844,297.4599914550781,41.939998626708984,48.54999923706055,75.7465703163439,282.91420343829685,-106.19890338284642,145.8439680404151,145.8439680404151,-106.19890338284642,145.8439680404151,145.8439680404151,-136.2355514876388,356.37626407491393,356.37626407491393,-136.2355514876388,356.37626407491393,356.37626407491393
2020-03-09,275.29998779296875,274.2300109863281,54.459999084472656,70.30000305175781,93.73540509944975,1798.8834783105845,339.56814939549065,339.56814939549065,339.56814939549065,339.56814939549065,339.56814939549065,339.56814939549065,609.9127063474792,609.9127063474792,609.9127063474792,609.9127063474792,609.9127063474792,609.9127063474792
2020-03-10,284.6400146484375,288.4200134277344,47.29999923706055,57.38999938964844,82.85633036369875,-1087.9074735751005,60.485923047145796,60.485923047145796,60.485923047145796,60.485923047145796,60.485923047145796,60.485923047145796,296.059619853764,296.059619853764,296.059619853764,296.059619853764,296.059619853764,296.059619853764
2020-03-11,280.70001220703125,274.3599853515625,53.900001525878906,68.20999908447266,92.40336014257912,954.7029778880371,-84.32518717996979,-84.32518717996979,-77.83179914546957,-84.32518717996979,-84.32518717996979,-77.83179914546957,119.8060940547517,119.8060940547517,-293.6761843910343,119.8060940547517,119.8060940547517,-293.6761843910343
2020-03-12,256.0,248.11000061035156,75.47000122070312,103.55999755859376,125.36842882485749,3296.506868227837,-62.15165687041415,-62.15165687041415,-59.045577894228906,-62.15165687041415,-62.15165687041415,-59.045577894228906,75.51628745563724,75.51628745563724,-224.08406908268753,75.51628745563724,75.51628745563724,-224.08406908268753
2020-03-13,263.0899963378906,269.32000732421875,57.83000183105469,69.87000274658203,98.16051339683156,-2720.7915428025926,-85.8632351622017,-17.570977819990595,-17.570977819990595,-85.8632351622017,-17.570977819990595,-17.570977819990595,-253.28976543368927,247.06098710722947,247.06098710722947,-253.28976543368927,247.06098710722947,247.06098710722947
2020-03-16,241.17999267578125,239.8500061035156,82.69000244140625,106.66000366210938,134.82678349691383,3666.6270100082274,421.0245548463344,421.0245548463344,-60.77790979135538,421.0245548463344,421.0245548463344,-60.77790979135538,421.0245548463344,421.0245548463344,-60.77790979135538,742.7128282540625,742.7128282540625,254.3706844317899
2020-03-17,245.0399932861328,252.8000030517578,75.91000366210938,92.93000030517578,124.88610456753655,-994.0678929377284,-71.49986563682839,-71.49986563682839,-71.49986563682839,-71.49986563682839,-71.49986563682839,-71.49986563682839,-71.49986563682839,-71.49986563682839,-71.49986563682839,-50.157269680664406,-50.157269680664406,-50.157269680664406
2020-03-18,236.25,240.0,76.44999694824219,97.22000122070312,125.30604346257154,41.99388950349885,-71.16110724873616,-71.16110724873616,432.7144556532669,-71.16110724873616,-71.16110724873616,432.7144556532669,-71.16110724873616,-71.16110724873616,432.7144556532669,231.18554283704177,231.18554283704177,745.021059126103
2020-03-19,239.25,240.5099945068359,72.0,91.0199966430664,118.64826311202098,-665.7780350550553,374.85361271085327,374.85361271085327,374.85361271085327,374.85361271085327,374.85361271085327,374.85361271085327,374.85361271085327,374.85361271085327,374.85361271085327,669.1059345734675,669.1059345734675,669.1059345734675
2020-03-20,242.52999877929688,228.8000030517578,66.04000091552734,83.47000122070312,111.49411712057088,-715.4145991450107,-79.49001354827098,-77.44603178320696,-77.44603178320696,-79.49001354827098,-77.44603178320696,-77.44603178320696,-79.49001354827098,-77.44603178320696,-77.44603178320696,-298.7975385724849,-292.0466921163222,-292.0466921163222
2020-03-23,228.19000244140625,222.9499969482422,61.59000015258789,78.76000213623047,106.4712778256548,-502.2839294916082,207.37403238583417,-87.38379451189184,-87.38379451189184,207.37403238583417,-87.38379451189184,-87.38379451189184,207.37403238583417,-87.38379451189184,-87.38379451189184,467.6177042707433,-32.36387012589115,-32.36387012589115
2020-03-24,234.4199981689453,243.1499938964844,61.66999816894531,78.04000091552734,102.55955532968302,-391.1722495971773,-87.48191772111406,-87.48191772111406,-87.48191772111406,-87.48191772111406,-87.48191772111406,-87.48191772111406,-87.48191772111406,-87.48191772111406,-87.48191772111406,-142.4882566901868,-142.4882566901868,-142.4882566901868
2020-03-25,244.8699951171875,246.7899932861328,63.95000076293945,81.30000305175781,105.26719248981453,270.76371601315117,239.91375655152999,239.91375655152999,239.91375655152999,239.91375655152999,239.91375655152999,239.91375655152999,239.91375655152999,239.91375655152999,239.91375655152999,516.1791067106204,516.1791067106204,516.1791067106204
2020-03-26,249.52000427246097,261.20001220703125,61.0,73.61000061035156,100.10141092845957,-516.5781561354961,-87.25329371226033,-87.25329371226033,-87.25329371226033,-87.25329371226033,-87.25329371226033,-87.25329371226033,-87.25329371226033,-87.25329371226033,-87.25329371226033,-326.65735858375876,-326.65735858375876,-326.65735858375876
2020-03-27,253.27000427246097,253.4199981689453,65.54000091552734,72.33000183105469,106.81541774644408,671.4006817984512,72.0984879019287,255.91937206254264,255.91937206254264,72.0984879019287,255.91937206254264,255.91937206254264,336.6109532698015,519.276549144477,519.276549144477,336.6109532698015,519.276549144477,519.276549144477
2020-03-30,255.6999969482422,261.6499938964844,57.08000183105469,62.79999923706055,93.22856512294267,-1358.6852623501413,-99.41591944933955,-99.41591944933955,-99.41591944933955,-99.41591944933955,-99.41591944933955,-99.41591944933955,-33.166139880071576,-33.166139880071576,-33.166139880071576,-33.166139880071576,-33.166139880071576,-33.166139880071576
2020-03-31,260.55999755859375,257.75,53.540000915527344,60.15999984741211,87.89059354868587,-533.7971574256799,173.32099802471353,173.32099802471353,173.32099802471353,173.32099802471353,173.32099802471353,173.32099802471353,399.2393581939435,399.2393581939435,399.2393581939435,399.2393581939435,399.2393581939435,399.2393581939435
2020-04-01,247.97999572753903,246.1499938964844,57.060001373291016,61.33000183105469,94.06817186419569,617.757831550982,283.6874916012444,13.681695847527545,13.681695847527545,283.6874916012444,13.681695847527545,13.681695847527545,283.6874916012444,13.681695847527545,13.681695847527545,510.958090116124,239.84337285800555,239.84337285800555
2020-04-02,245.19000244140625,251.8300018310547,50.90999984741211,52.810001373291016,84.35117834193386,-971.699352226183,-121.32630516603734,-121.32630516603734,-121.32630516603734,-121.32630516603734,-121.32630516603734,-121.32630516603734,-121.32630516603734,-121.32630516603734,-121.32630516603734,-121.88101462419533,-121.88101462419533,-121.88101462419533
2020-04-03,250.7599945068359,248.19000244140625,46.79999923706055,46.65999984741211,79.09644004692387,-525.4738295009986,186.1827518184551,186.1827518184551,-112.63432855218377,186.1827518184551,186.1827518184551,-112.63432855218377,345.8142660719378,345.8142660719378,-95.53879146879007,345.8142660719378,345.8142660719378,-95.53879146879007
2020-04-06,257.8399963378906,264.8599853515625,45.2400016784668,47.02000045776367,73.78814085361368,-530.829919331019,-122.32914859165726,-109.0551772326233,-109.0551772326233,-122.32914859165726,-109.0551772326233,-109.0551772326233,-427.27570707370455,68.91005357134875,68.91005357134875,-427.27570707370455,68.91005357134875,68.91005357134875
2020-04-07,274.2099914550781,265.1300048828125,46.70000076293945,48.34000015258789,75.78738878318583,199.92479295721495,-94.26680093875854,-117.78603843096002,-117.78603843096002,-94.26680093875854,-117.78603843096002,-117.78603843096002,119.13042660687195,-415.1547872376444,-415.1547872376444,119.13042660687195,-415.1547872376444,-415.1547872376444
2020-04-08,267.9599914550781,274.0299987792969,43.349998474121094,42.459999084472656,70.08257890141451,-570.4809881771325,-127.69395062803179,-33.512774571074665,-33.512774571074665,-127.69395062803179,-33.512774571074665,-33.512774571074665,-360.6232567717024,129.44004323289775,129.44004323289775,-360.6232567717024,129.44004323289775,129.44004323289775
2020-04-09,277.5799865722656,278.20001220703125,41.66999816894531,40.41999816894531,67.27590938865484,-280.6669512759669,48.70767555318272,190.06479613357817,190.06479613357817,48.70767555318272,190.06479613357817,190.06479613357817,211.6976529502546,353.9169507066974,353.9169507066974,211.6976529502546,353.9169507066974,353.9169507066974
2020-04-13,277.1400146484375,275.6600036621094,41.16999816894531,41.7400016784668,65.81859887802517,-145.7310510629668,303.7312496881274,303.7312496881274,-58.0682808769833,303.7312496881274,303.7312496881274,-58.0682808769833,468.6970024560274,468.6970024560274,117.33525138107728,468.6970024560274,468.6970024560274,117.33525138107728
2020-04-14,280.9800109863281,283.7900085449219,37.7599983215332,38.810001373291016,60.434542058938476,-538.4056819086695,-19.960207980496513,-19.960207980496513,258.93990024447356,-19.960207980496513,-19.960207980496513,258.93990024447356,124.51393161592088,124.51393161592088,440.86161345659184,124.51393161592088,124.51393161592088,440.86161345659184
2020-04-15,277.57000732421875,277.760009765625,40.84000015258789,41.63999938964844,64.95072476208647,451.618270314799,95.69444923416162,149.23548760981154,149.23548760981154,95.69444923416162,149.23548760981154,149.23548760981154,264.56709469230594,319.46630320119147,319.46630320119147,264.56709469230594,319.46630320119147,319.46630320119147
2020-04-16,279.1499938964844,279.1000061035156,40.11000061035156,40.4900016784668,63.65573922366255,-129.49855384239157,-29.32138984410708,274.0511116638341,274.0511116638341,-29.32138984410708,274.0511116638341,274.0511116638341,157.05272805031478,427.10113958470646,427.10113958470646,157.05272805031478,427.10113958470646,427.10113958470646
2020-04-17,285.3800048828125,286.6400146484375,38.150001525878906,36.18000030517578,60.73615332541108,-291.95858982514693,187.16349354085685,187.16349354085685,187.16349354085685,187.16349354085685,187.16349354085685,187.16349354085685,317.525932399279,317.525932399279,317.525932399279,317.525932399279,317.525932399279,317.525932399279
2020-04-20,282.6099853515625,281.5899963378906,43.83000183105469,44.0,68.7670141843375,803.0860858926417,220.2295936136803,39.4807534006812,39.4807534006812,220.2295936136803,39.4807534006812,39.4807534006812,404.4350324487467,224.83453298606761,224.83453298606761,404.4350324487467,224.83453298606761,224.83453298606761
2020-04-21,276.7300109863281,273.0400085449219,45.40999984741211,45.459999084472656,70.88733089848824,212.03167141507464,181.35297169816303,181.35297169816303,-113.76422507321956,181.35297169816303,181.35297169816303,-113.76422507321956,361.5238730022291,361.5238730022291,-112.55338562614236,361.5238730022291,361.5238730022291,-112.55338562614236
2020-04-22,278.3500061035156,279.1000061035156,41.97999954223633,40.209999084472656,65.48305267402391,-540.4278224464335,-36.487746897895,275.703291734975,275.703291734975,-36.487746897895,275.703291734975,275.703291734975,135.7758481744919,431.5409663077954,431.5409663077954,135.7758481744919,431.5409663077954,431.5409663077954
2020-04-23,280.489990234375,279.0799865722656,41.380001068115234,39.349998474121094,64.39053571267338,-109.25169613505261,267.833311635913,267.833311635913,267.833311635913,267.833311635913,267.833311635913,267.833311635913,413.5633329612744,413.5633329612744,413.5633329612744,413.5633329612744,413.5633329612744,413.5633329612744
2020-04-24,280.7300109863281,282.9700012207031,35.93000030517578,31.719999313354492,55.953538177431696,-843.6997535241687,34.33332371425342,34.33332371425342,166.17953390046833,34.33332371425342,34.33332371425342,166.17953390046833,133.6918628005744,133.6918628005744,321.67725824122084,133.6918628005744,133.6918628005744,321.67725824122084
2020-04-27,285.1199951171875,287.04998779296875,33.290000915527344,31.40999984741211,51.588323017057306,-436.521516037439,126.2534615866567,126.2534615866567,126.2534615866567,126.2534615866567,126.2534615866567,126.2534615866567,225.18653095279893,225.18653095279893,225.18653095279893,225.18653095279893,225.18653095279893,225.18653095279893
2020-04-28,291.0199890136719,285.7300109863281,33.56999969482422,32.439998626708984,51.80257524454039,21.42522274830867,-86.53948378481681,-86.53948378481681,-131.2360745363943,-86.53948378481681,-86.53948378481681,-131.2360745363943,26.604320856866593,26.604320856866593,-400.9103266044857,26.604320856866593,26.604320856866593,-400.9103266044857
2020-04-29,291.5299987792969,293.2099914550781,31.229999542236328,29.65999984741211,48.6740245205457,-312.85507239946924,10.261631755599845,10.261631755599845,175.9177813160434,10.261631755599845,10.261631755599845,175.9177813160434,109.77007982171142,109.77007982171142,307.7891744039438,109.77007982171142,109.77007982171142,307.7891744039438
2020-04-30,291.7099914550781,290.4800109863281,34.150001525878906,32.880001068115234,52.717093114639056,404.3068594093356,297.8366655137332,297.8366655137332,-90.33951836049533,297.8366655137332,297.8366655137332,-90.33951836049533,419.7656300817806,419.7656300817806,55.57048311345605,419.7656300817806,419.7656300817806,55.57048311345605
2020-05-01,285.30999755859375,282.7900085449219,37.189998626708984,35.56999969482422,56.72789084009584,401.0797725456783,127.82779989306937,127.82779989306937,127.82779989306937,127.82779989306937,127.82779989306937,127.82779989306937,254.20393447387394,254.20393447387394,254.20393447387394,254.20393447387394,254.20393447387394,254.20393447387394
2020-05-04,280.739990234375,283.57000732421875,35.970001220703125,35.45000076293945,54.42064119984934,-230.72496402464964,-10.243243039849778,-10.243243039849778,232.99295366747683,-10.243243039849778,-10.243243039849778,232.99295366747683,112.88705067332073,112.88705067332073,404.8146633102785,112.88705067332073,112.88705067332073,404.8146633102785
2020-05-05,286.6400146484375,286.19000244140625,33.61000061035156,33.189998626708984,50.80905410178994,-361.15870980594025,225.3790407114824,225.3790407114824,-19.239749973217023,225.3790407114824,225.3790407114824,-19.239749973217023,344.9402113077919,344.9402113077919,126.58925713863604,344.9402113077919,344.9402113077919,126.58925713863604
2020-05-06,288.0400085449219,284.25,34.119998931884766,33.97999954223633,51.357275459081976,54.82213572920358,283.58511392654003,-148.4429729932405,-148.4429729932405,283.58511392654003,-148.4429729932405,-148.4429729932405,427.0183382890929,-93.6289103421336,-93.6289103421336,427.0183382890929,-93.6289103421336,-93.6289103421336
2020-05-07,287.75,287.67999267578125,31.440000534057617,29.75,47.32184746064328,-403.5427998438692,74.10397496089799,106.0406575599856,106.0406575599856,74.10397496089799,106.0406575599856,106.0406575599856,189.20316295499953,213.18969735901678,213.18969735901678,189.20316295499953,213.18969735901678,213.18969735901678
2020-05-08,291.0899963378906,292.44000244140625,27.979999542236328,24.88999938964844,42.35412556131507,-496.7721899328211,58.60566213280405,58.60566213280405,94.93647612912247,58.60566213280405,58.60566213280405,94.93647612912247,122.2033439940513,122.2033439940513,212.10699017388163,122.2033439940513,122.2033439940513,212.10699017388163
2020-05-11,290.3399963378906,292.5,27.56999969482422,26.170000076293945,41.342229663840925,-101.18958974741474,56.32066564400764,56.32066564400764,56.32066564400764,56.32066564400764,56.32066564400764,56.32066564400764,123.64084959912546,123.64084959912546,123.64084959912546,123.64084959912546,123.64084959912546,123.64084959912546
2020-05-12,293.7900085449219,286.6700134277344,33.040000915527344,33.36000061035156,48.89026149525317,754.8031831412245,33.69445048018738,-152.7596009300833,-152.7596009300833,33.69445048018738,-152.7596009300833,-152.7596009300833,191.0605381188973,-362.71577334130484,-362.71577334130484,191.0605381188973,-362.71577334130484,-362.71577334130484
2020-05-13,286.05999755859375,281.6000061035156,35.279998779296875,34.630001068115234,51.933091614777325,304.28301195241545,7.003564339293058,7.003564339293058,-128.17273310718494,7.003564339293058,7.003564339293058,-128.17273310718494,130.66634244646147,130.66634244646147,-303.90375911027553,130.66634244646147,130.66634244646147,-303.90375911027553
2020-05-14,278.95001220703125,284.9700012207031,32.61000061035156,31.65999984741211,47.906404202539164,-402.6687412238161,-138.62633579169545,-164.67666774845037,-164.67666774845037,-138.62633579169545,-164.67666774845037,-164.67666774845037,-490.4111977616151,-64.8294635798414,-64.8294635798414,-490.4111977616151,-64.8294635798414,-64.8294635798414
2020-05-15,282.3699951171875,286.2799987792969,31.88999938964844,29.709999084472656,46.733037046750454,-117.33671557887106,-164.71551003989904,-164.71551003989904,212.34862334250053,-164.71551003989904,-164.71551003989904,212.34862334250053,-187.66055406540465,-187.66055406540465,322.1739832559478,-187.66055406540465,-187.66055406540465,322.1739832559478
2020-05-18,293.04998779296875,295.0,29.299999237060547,27.6200008392334,43.222790978132025,-351.02460686184287,-159.07897581013728,327.7146806710891,327.7146806710891,-159.07897581013728,327.7146806710891,327.7146806710891,-47.11070482005149,420.0810065430822,420.0810065430822,-47.11070482005149,420.0810065430822,420.0810065430822
2020-05-19,294.3500061035156,291.9700012207031,30.530000686645508,28.030000686645508,44.500704541556786,127.79135634247609,167.5754672839078,17.441444353476122,17.441444353476122,167.5754672839078,17.441444353476122,17.441444353476122,314.3194668259883,101.20998328698069,101.20998328698069,314.3194668259883,101.20998328698069,101.20998328698069
2020-05-20,295.82000732421875,296.92999267578125,27.989999771118164,24.93000030517578,41.32643584410441,-317.42686974523764,110.47687026107516,110.47687026107516,50.810153490291455,110.47687026107516,110.47687026107516,50.810153490291455,174.91506094529691,174.91506094529691,178.23894961786146,174.91506094529691,174.91506094529691,178.23894961786146
2020-05-21,296.7900085449219,294.8800048828125,29.530000686645508,26.149999618530273,43.09404402837913,176.7608184274721,307.20992019425455,307.20992019425455,-158.50561177703622,307.20992019425455,307.20992019425455,-158.50561177703622,390.21214326364475,390.21214326364475,-61.77051691852109,390.21214326364475,390.21214326364475,-61.77051691852109
2020-05-22,294.57000732421875,295.44000244140625,28.15999984741211,23.469999313354492,41.0497846465295,-204.42593818496277,247.46869944952826,247.46869944952826,247.46869944952826,247.46869944952826,247.46869944952826,247.46869944952826,299.18226905627336,299.18226905627336,299.18226905627336,299.18226905627336,299.18226905627336,299.18226905627336
2020-05-26,301.92999267578125,299.0799865722656,28.010000228881836,25.5,40.88339466122332,-16.63899853061821,227.81130557498838,227.81130557498838,-161.7411415157367,227.81130557498838,227.81130557498838,-161.7411415157367,311.45802186378694,311.45802186378694,-149.47447598595912,311.45802186378694,311.45802186378694,-149.47447598595912
2020-05-27,302.1199951171875,303.5299987792969,27.6200008392334,25.170000076293945,41.228769955819345,34.53752945960247,-32.30909240600399,-32.30909240600399,186.75195964835822,-32.30909240600399,-32.30909240600399,186.75195964835822,52.22749777999842,52.22749777999842,284.91065908179496,52.22749777999842,52.22749777999842,284.91065908179496
2020-05-28,304.6499938964844,302.9700012207031,28.59000015258789,26.020000457763672,42.28641214301783,105.7642187198482,110.27729209887303,110.27729209887303,110.27729209887303,110.27729209887303,110.27729209887303,110.27729209887303,185.27565104846565,185.27565104846565,185.27565104846565,185.27565104846565,185.27565104846565,185.27565104846565
2020-05-29,302.4599914550781,304.32000732421875,27.510000228881836,24.59000015258789,40.99983955461194,-128.6572588405889,-108.84327622072868,-108.84327622072868,257.6274689680573,-108.84327622072868,-108.84327622072868,257.6274689680573,-21.841605054459666,-21.841605054459666,345.3372018796362,-21.841605054459666,-21.841605054459666,345.3372018796362
2020-06-01,303.6199951171875,305.54998779296875,28.229999542236328,27.079999923706055,41.89172866125085,89.18891066389136,-148.4679782412398,269.31700325386635,269.31700325386635,-148.4679782412398,269.31700325386635,269.31700325386635,-76.11675700642444,357.73440418779717,357.73440418779717,-76.11675700642444,357.73440418779717,357.73440418779717
2020-06-02,306.54998779296875,308.0799865722656,26.84000015258789,25.059999465942383,40.67278364582326,-121.89450154275931,7.367832521218867,7.367832521218867,152.9938717113536,7.367832521218867,7.367832521218867,152.9938717113536,85.60021107864821,85.60021107864821,265.8747572322878,85.60021107864821,85.60021107864821,265.8747572322878
2020-06-03,310.239990234375,312.17999267578125,25.65999984741211,23.969999313354492,40.527591564517095,-14.519208130616335,84.71487830524856,84.71487830524856,84.71487830524856,84.71487830524856,84.71487830524856,84.71487830524856,148.04184639892054,148.04184639892054,148.04184639892054,148.04184639892054,148.04184639892054,148.04184639892054
2020-06-04,311.1099853515625,311.3599853515625,25.809999465942383,23.559999465942383,40.250565133140896,-27.702643137619987,168.60215311836126,168.60215311836126,-13.075727908202436,168.60215311836126,168.60215311836126,-13.075727908202436,234.32091218313616,234.32091218313616,104.91323572139677,234.32091218313616,234.32091218313616,104.91323572139677
2020-06-05,317.2300109863281,319.3399963378906,24.520000457763672,22.6299991607666,42.225095010419025,197.45298772781297,-118.48311536841437,-118.48311536841437,259.895669399164,-118.48311536841437,-118.48311536841437,259.895669399164,-41.03436552423461,-41.03436552423461,346.7266905878723,-32.41586256040325,-32.41586256040325,356.4632977399623
2020-06-08,320.2200012207031,323.20001220703125,25.809999465942383,25.18000030517578,45.40704467483741,318.1949664418383,-4.491488147870745,-4.491488147870745,-4.491488147870745,-4.491488147870745,-4.491488147870745,-4.491488147870745,73.51061281664764,73.51061281664764,73.51061281664764,82.57467062646587,82.57467062646587,82.57467062646587
2020-06-09,320.29998779296875,320.7900085449219,27.56999969482422,26.920000076293945,45.99809928165082,59.105460681341526,246.79225952004307,246.79225952004307,-46.754796676188114,246.79225952004307,246.79225952004307,-46.754796676188114,338.16174693219483,338.16174693219483,115.47211984444183,351.4291491958058,351.4291491958058,156.2492060074401
2020-06-10,321.4200134277344,319.0,27.56999969482422,27.100000381469727,44.96163982386817,-103.64594577826551,231.6227876135418,231.6227876135418,-143.09355329711516,231.6227876135418,231.6227876135418,-143.09355329711516,331.57252721404456,331.57252721404456,-107.80965247390066,348.2583769006489,348.2583769006489,-78.62176556855253
2020-06-11,311.4599914550781,300.6099853515625,40.790000915527344,42.060001373291016,55.82701652509853,1086.5376701230362,-118.84129459416394,-118.84129459416394,-108.96712729272375,-118.84129459416394,-118.84129459416394,-108.96712729272375,-369.8496773471192,-369.8496773471192,-401.04291568245685,-369.8496773471192,-369.8496773471192,-401.04291568245685
2020-06-12,308.239990234375,304.2099914550781,36.09000015258789,36.52000045776367,50.157249488205025,-566.9767036893504,294.4426876413867,-133.25259990624937,-133.25259990624937,294.4426876413867,-133.25259990624937,-133.25259990624937,466.523339709313,-54.38639622475956,-54.38639622475956,466.523339709313,-54.38639622475956,-54.38639622475956
2020-06-15,298.0199890136719,307.04998779296875,34.400001525878906,35.97999954223633,48.106246545954576,-205.10029422504488,-132.76481458572286,-137.6434189841593,-137.6434189841593,-132.76481458572286,-137.6434189841593,-137.6434189841593,-472.87922946150354,-193.30594137816385,-193.30594137816385,-472.87922946150354,-193.30594137816385,-193.30594137816385
2020-06-16,315.4800109863281,312.9599914550781,33.66999816894531,35.380001068115234,48.906435587518104,80.01890415635273,157.2681606229917,157.2681606229917,-113.93318834379082,157.2681606229917,157.2681606229917,-113.93318834379082,305.61854126333185,305.61854126333185,-123.36864811512564,346.8220776478419,346.8220776478419,-52.72080403465964
2020-06-17,314.07000732421875,311.6600036621094,33.470001220703125,33.97999954223633,48.000790141111324,-90.56454464067798,210.0873361540536,23.081667639194215,23.081667639194215,210.0873361540536,23.081667639194215,23.081667639194215,386.37766511354255,163.30320761570928,163.30320761570928,445.9719421322639,198.91948630548146,198.91948630548146
2020-06-18,310.010009765625,311.7799987792969,32.939998626708984,32.04999923706055,47.18914467979744,-81.1645461313887,167.9501727602936,167.9501727602936,167.9501727602936,167.9501727602936,167.9501727602936,167.9501727602936,289.43234388919586,289.43234388919586,289.43234388919586,289.43234388919586,289.43234388919586,289.43234388919586
2020-06-19,314.1700134277344,308.6400146484375,35.119998931884766,33.91999816894531,48.70690752128965,151.7762841492214,240.97582092170452,-143.39348981796257,-143.39348981796257,240.97582092170452,-143.39348981796257,-143.39348981796257,418.90094838483105,-139.9817218237015,-139.9817218237015,479.53008173948166,-104.79850220602015,-104.79850220602015
2020-06-22,307.989990234375,310.6199951171875,31.770000457763672,31.229999542236328,44.586911114236784,-411.99964070528665,-143.44543636642587,287.73252892719046,287.73252892719046,-143.44543636642587,287.73252892719046,287.73252892719046,-65.77718970957208,414.4223254363497,414.4223254363497,-65.77718970957208,414.4223254363497,414.4223254363497
2020-06-23,313.489990234375,312.04998779296875,31.3700008392334,30.290000915527344,44.43047374153127,-15.643737270551128,155.86503314369295,49.66930752487675,49.66930752487675,155.86503314369295,49.66930752487675,49.66930752487675,302.44409362888143,168.3422703062339,168.3422703062339,341.41229896384783,192.13483501146615,192.13483501146615
2020-06-24,309.8399963378906,304.0899963378906,33.84000015258789,33.25,44.8163903893886,38.59166478573286,-149.06041308268848,-149.06041308268848,-149.06041308268848,-149.06041308268848,-149.06041308268848,-149.06041308268848,-110.30060880401714,-110.30060880401714,-110.30060880401714,-110.30060880401714,-110.30060880401714,-110.30060880401714
2020-06-25,303.4700012207031,307.3500061035156,32.220001220703125,30.920000076293945,43.51126980306233,-130.5120586326268,-140.4321755312374,108.28907467468161,108.28907467468161,-140.4321755312374,108.28907467468161,108.28907467468161,-231.25968089485875,224.68594619684055,224.68594619684055,-231.25968089485875,224.68594619684055,224.68594619684055
2020-06-26,306.1600036621094,300.04998779296875,34.72999954223633,33.310001373291016,44.62319599435236,111.19261912900242,-143.84943261293338,-143.84943261293338,-127.22224412765756,-143.84943261293338,-143.84943261293338,-127.22224412765756,-13.21927582713551,-13.21927582713551,-455.3028373776089,-13.21927582713551,-13.21927582713551,-455.3028373776089
2020-06-29,301.4100036621094,304.4599914550781,31.780000686645508,30.420000076293945,41.3845955701473,-323.86004242050603,-107.64498512129387,-107.64498512129387,307.33196720529315,-107.64498512129387,-107.64498512129387,307.33196720529315,2.3557502603403413,2.3557502603403413,451.3622306142006,2.3557502603403413,2.3557502603403413,451.3622306142006
2020-06-30,303.989990234375,308.3599853515625,30.43000030517578,29.13999938964844,40.72782355863093,-65.67720115163667,-137.61376162502563,-3.5322594988219636,-3.5322594988219636,-137.61376162502563,-3.5322594988219636,-3.5322594988219636,-326.7846605536198,96.59744416703012,96.59744416703012,-326.7846605536198,96.59744416703012,96.59744416703012
2020-07-01,309.57000732421875,310.5199890136719,28.6200008392334,25.200000762939453,39.186933138468305,-154.08904201626257,-132.88334873517258,258.9914613495057,258.9914613495057,-132.88334873517258,258.9914613495057,258.9914613495057,-38.088070304696075,331.2377017450622,331.2377017450622,-38.088070304696075,331.2377017450622,331.2377017450622
2020-07-02,314.239990234375,312.2300109863281,27.68000030517578,22.63999938964844,38.61621307334026,-57.07200651280431,134.20759067406027,20.850822441253648,20.850822441253648,134.20759067406027,20.850822441253648,20.850822441253648,260.41129704023587,78.59117104427298,78.59117104427298,281.31957544141966,82.75775153671854,82.75775153671854
2020-07-06,316.3699951171875,317.04998779296875,27.940000534057617,25.229999542236328,40.39227287494974,177.60598016094775,114.16729489775362,114.16729489775362,56.0945002341217,114.16729489775362,114.16729489775362,56.0945002341217,197.17151622074167,197.17151622074167,179.09774751388025,207.912283124939,207.912283124939,201.1448390513436
2020-07-07,315.3800048828125,313.7799987792969,29.43000030517578,26.84000015258789,40.341991863359056,-5.028101159068399,201.141737130958,201.141737130958,-127.86144261681189,201.141737130958,201.141737130958,-127.86144261681189,288.9815440712472,288.9815440712472,-92.16821642719559,301.08635172651924,301.08635172651924,-54.324795433302086
2020-07-08,314.6099853515625,316.17999267578125,28.079999923706055,23.670000076293945,39.79002385079366,-55.19680125653963,-132.98641163133587,185.46196465345693,185.46196465345693,-132.98641163133587,185.46196465345693,185.46196465345693,-107.9400831514768,249.26496115692166,249.26496115692166,-79.73754949782528,254.69726079582458,254.69726079582458
2020-07-09,316.8399963378906,314.3800048828125,29.260000228881836,25.549999237060547,40.05503486321888,26.50110124252194,263.35345176792583,263.35345176792583,-155.75903752702945,263.35345176792583,263.35345176792583,-155.75903752702945,354.43648106424627,354.43648106424627,-103.60766376133209,367.7489277884549,367.7489277884549,-84.1924554881537
2020-07-10,314.30999755859375,317.5899963378906,27.290000915527344,22.59000015258789,39.332184336782674,-72.28505264362042,-141.12021173785305,38.09965353637812,38.09965353637812,-141.12021173785305,38.09965353637812,38.09965353637812,-271.92088312855367,95.12814666847932,95.12814666847932,-250.50030236267622,99.18096141797452,99.18096141797452
2020-07-13,320.1300048828125,314.8399963378906,32.189998626708984,30.309999465942383,79.54480916495504,4018.6624828172367,-157.32420636483903,-157.32420636483903,-157.32420636483903,-157.32420636483903,-157.32420636483903,-157.32420636483903,-57.08119078101108,-57.08119078101108,-57.08119078101108,-33.73821231280056,-33.73821231280056,-33.73821231280056
2020-07-14,313.29998779296875,318.9200134277344,29.520000457763672,27.780000686645508,73.97338837805124,-557.14207869038,-148.87352192505435,-57.349393590805796,-57.349393590805796,-148.87352192505435,-57.349393590805796,-57.349393590805796,-412.11406615543524,45.506354699419816,45.506354699419816,-383.71132901433407,62.24476723539228,62.24476723539228
2020-07-15,322.4100036621094,321.8500061035156,27.760000228881836,25.219999313354492,70.42602592154333,-354.7362456507912,147.49151035002973,147.49151035002973,21.118485323618664,147.49151035002973,147.49151035002973,21.118485323618664,248.0759630936136,248.0759630936136,124.52126258669853,264.52726369922135,264.52726369922135,140.5640292011748
2020-07-16,319.7900085449219,320.7900085449219,28.0,25.850000381469727,70.61500495222865,18.89790306853172,240.47552310722187,240.47552310722187,240.47552310722187,240.47552310722187,240.47552310722187,240.47552310722187,323.2484884266467,323.2484884266467,323.2484884266467,333.57747745450774,333.57747745450774,333.57747745450774
2020-07-17,321.8800048828125,321.7200012207031,25.68000030517578,22.15999984741211,65.22696361059472,-538.8041341633923,137.4042561625604,137.4042561625604,4.2864139589319254,137.4042561625604,137.4042561625604,4.2864139589319254,208.12519221151848,208.12519221151848,98.09195337921909,215.22766803415027,215.22766803415027,109.28887059491917
2020-07-20,321.42999267578125,324.32000732421875,24.459999084472656,22.520000457763672,62.84649665470829,-238.04669558864333,-126.1983955786196,-126.1983955786196,275.0511198429329,-126.1983955786196,-126.1983955786196,275.0511198429329,-59.195927420113016,-59.195927420113016,382.39555043548444,-52.81533811533195,-52.81533811533195,397.19936264978304
2020-07-21,326.45001220703125,325.010009765625,24.84000015258789,23.329999923706055,63.8755605922199,102.90639375116086,312.2736965906206,312.2736965906206,-152.8731688013517,312.2736965906206,312.2736965906206,-152.8731688013517,387.9275595361846,387.9275595361846,-38.86802962824414,396.498696204235,396.498696204235,-20.929044366811777
2020-07-22,324.6199951171875,326.8599853515625,24.31999969482422,21.649999618530273,63.17362797921834,-70.193261300156,-133.417189379568,107.96734687686927,107.96734687686927,-133.417189379568,107.96734687686927,107.96734687686927,-182.02366050373567,162.0981082302077,162.0981082302077,-158.27923905927454,165.71000283243848,165.71000283243848
2020-07-23,326.4700012207031,322.9599914550781,26.079999923706055,24.100000381469727,66.00304745305603,282.9419473837689,114.02769118948902,114.02769118948902,-151.85448172552435,114.02769118948902,114.02769118948902,-151.85448172552435,195.55727928899475,195.55727928899475,-237.55979002205817,205.8233186233738,205.8233186233738,-217.44343051635522
2020-07-24,320.95001220703125,320.8800048828125,25.84000015258789,22.700000762939453,64.75297483513589,-125.00726179201394,214.4972639484507,214.4972639484507,-57.87111093710726,214.4972639484507,214.4972639484507,-57.87111093710726,277.8937091544414,277.8937091544414,63.91637792752237,283.48984241984414,283.48984241984414,82.85646449873718
2020-07-27,321.6300048828125,323.2200012207031,24.739999771118164,22.3799991607666,62.56811034103785,-218.48644940980364,-14.690987310272538,-14.690987310272538,160.32057212332268,-14.690987310272538,-14.690987310272538,160.32057212332268,53.89814006573628,53.89814006573628,261.63381754365906,60.599692359425084,60.599692359425084,274.7876550174174
2020-07-28,322.42999267578125,321.1700134277344,25.440000534057617,23.540000915527344,63.53336717814008,96.52568371022312,208.06080218178485,208.06080218178485,-54.77386230610899,208.06080218178485,208.06080218178485,-54.77386230610899,297.7560913621153,297.7560913621153,36.690694100407995,310.03142218594706,310.03142218594706,48.32876249154088
2020-07-29,322.1199951171875,325.1199951171875,24.100000381469727,21.93000030517578,61.49082987874084,-204.25372993992426,-188.16133929590998,-188.16133929590998,314.4533722511397,-188.16133929590998,-188.16133929590998,314.4533722511397,-127.03119969687792,-127.03119969687792,401.27329206987656,-119.50103077934943,-119.50103077934943,410.7751218966262
2020-07-30,321.8999938964844,323.9599914550781,24.760000228881836,22.790000915527344,62.579254074489086,108.84241957482459,-82.67185815252171,-82.67185815252171,230.31703955250487,-82.67185815252171,-82.67185815252171,230.31703955250487,-7.266338549570348,-7.266338549570348,327.7764543269344,1.066368724653468,1.066368724653468,340.36094155288146
2020-07-31,325.8999938964844,326.5199890136719,24.459999084472656,20.61000061035156,62.61267573485645,3.3421660367366712,137.3671661455507,137.3671661455507,4.075800820172473,137.3671661455507,137.3671661455507,4.075800820172473,187.76424525532582,187.76424525532582,117.21912358838286,190.94786208181714,190.94786208181714,131.46306266988057
2020-08-03,328.32000732421875,328.7900085449219,24.280000686645508,20.950000762939453,62.71686656112857,10.419082627211651,-45.51295927305274,181.13985051657087,181.13985051657087,-45.51295927305274,181.13985051657087,181.13985051657087,49.978272130403205,242.37596967856197,242.37596967856197,61.91514792071195,246.91821174186293,246.91821174186293
2020-08-04,327.8599853515625,330.05999755859375,23.760000228881836,20.440000534057617,61.903220162210985,-81.36463989175837,-179.2081331710021,300.1775770538078,300.1775770538078,-179.2081331710021,300.1775770538078,300.1775770538078,-104.55333844819059,364.5800676547686,364.5800676547686,-96.18696344186725,369.43532455272424,369.43532455272424
2020-08-05,331.4700012207031,332.1099853515625,22.989999771118164,19.020000457763672,60.86290918300436,-104.03109792066232,75.37214639091994,75.37214639091994,44.609039201149315,75.37214639091994,75.37214639091994,44.609039201149315,122.87786529446983,122.87786529446983,132.64146533531436,125.55541530812468,125.55541530812468,140.46336313456987
2020-08-06,331.4800109863281,334.3299865722656,22.649999618530273,19.399999618530273,60.92618131326367,6.327213025930689,-143.6088160332922,-143.6088160332922,267.4236213394722,-143.6088160332922,-143.6088160332922,267.4236213394722,-93.37245833436987,-93.37245833436987,357.64866199265646,-90.28529738290835,-90.28529738290835,366.2064379987152
2020-08-07,333.2799987792969,334.57000732421875,22.209999084472656,18.079999923706055,59.97503143205161,-95.11498812120607,-132.53196917646966,241.14082685795512,241.14082685795512,-132.53196917646966,241.14082685795512,241.14082685795512,-54.40231840175207,284.8370148076276,284.8370148076276,-48.14980888804465,286.67404520944234,286.67404520944234
2020-08-10,335.05999755859375,335.57000732421875,22.1299991607666,18.8799991607666,59.98831337919272,1.328194714110964,218.41232476500315,218.41232476500315,218.41232476500315,218.41232476500315,218.41232476500315,218.41232476500315,256.8466392678317,256.8466392678317,256.8466392678317,258.4085169645109,258.4085169645109,258.4085169645109
2020-08-11,336.8500061035156,332.79998779296875,24.030000686645508,21.88999938964844,62.95148577434138,296.31723951486606,93.40902481868233,93.40902481868233,-164.36401546694324,93.40902481868233,93.40902481868233,-164.36401546694324,168.9363417946675,168.9363417946675,-285.05034748685955,177.31358625598716,177.31358625598716,-271.87562757596635
2020-08-12,335.44000244140625,337.44000244140625,22.280000686645508,18.899999618530273,60.981434296251365,-197.00514780900136,32.8139270521312,32.8139270521312,107.89620600400144,32.8139270521312,32.8139270521312,107.89620600400144,72.4915824704137,72.4915824704137,229.97534998904808,74.22144775916725,74.22144775916725,244.48962996235994
2020-08-13,336.6099853515625,336.8299865722656,22.1299991607666,18.540000915527344,60.30230058127172,-67.91337149796419,104.21944236396905,104.21944236396905,12.006642518660795,104.21944236396905,104.21944236396905,12.006642518660795,152.2695558617757,152.2695558617757,94.80959957399227,154.97512000096768,154.97512000096768,101.63504113389327
2020-08-14,336.4100036621094,336.8399963378906,22.049999237060547,17.8700008392334,60.05352025450321,-24.87803267685109,94.48902629902756,94.48902629902756,17.012384897560807,94.48902629902756,94.48902629902756,17.012384897560807,135.37446127252298,135.37446127252298,101.00181587479486,137.20037766514446,137.20037766514446,107.3990181740644
2020-08-17,337.94000244140625,337.9100036621094,21.350000381469727,17.600000381469727,58.814110162351284,-123.94100921519282,22.494602553537103,80.56752657463537,80.56752657463537,22.494602553537103,80.56752657463537,80.56752657463537,90.23720288512273,127.84809152866936,127.84809152866936,94.9232713610831,129.94734172207538,129.94734172207538
2020-08-18,338.3399963378906,338.6400146484375,21.510000228881836,17.81999969482422,59.415033448195246,60.09232858439617,-37.62990903446506,147.05670804233415,147.05670804233415,-37.62990903446506,147.05670804233415,147.05670804233415,42.2563800432046,190.00279668148139,190.00279668148139,48.765595094451776,191.77912502360834,191.77912502360834
2020-08-19,339.04998779296875,337.2300109863281,22.540000915527344,19.229999542236328,60.867432071930295,145.239862373505,127.19899030527475,8.177304269167232,8.177304269167232,127.19899030527475,8.177304269167232,8.177304269167232,237.61705203091114,53.97149645842221,53.97149645842221,251.48627587462292,56.26405611777978,56.26405611777978
2020-08-20,335.3599853515625,338.2799987792969,22.719999313354492,18.850000381469727,61.6416095102891,77.41774383588051,-52.024281920736136,-52.024281920736136,194.26918279829053,-52.024281920736136,-52.024281920736136,194.26918279829053,-13.024813326063464,-13.024813326063464,318.94776764238276,-11.375044822468158,-11.375044822468158,333.9448294775004
2020-08-21,337.9200134277344,339.4800109863281,22.540000915527344,18.010000228881836,61.73126818166071,8.965867137160899,-133.40394764978134,240.88556269951553,240.88556269951553,-133.40394764978134,240.88556269951553,240.88556269951553,-63.43636127001553,291.30349816189994,291.30349816189994,-58.178818137676664,293.80791266584055,293.80791266584055
2020-08-24,342.1199951171875,342.9200134277344,22.3700008392334,18.809999465942383,62.797395675628664,106.61274939679544,8.74031610873354,8.74031610873354,109.68875247633088,8.74031610873354,8.74031610873354,109.68875247633088,68.8245942442148,68.8245942442148,183.41202218678097,73.27417930395,73.27417930395,189.29238931515812
2020-08-25,343.5299987792969,344.1199951171875,22.030000686645508,18.09000015258789,62.63538337300413,-16.201230262453237,-78.44445488857963,196.18011960132085,196.18011960132085,-78.44445488857963,196.18011960132085,196.18011960132085,10.440722944466144,240.52045705230438,240.52045705230438,18.907088713078203,242.52220988980804,242.52220988980804
2020-08-26,344.760009765625,347.57000732421875,23.270000457763672,19.959999084472656,66.85006764581364,421.46842728095066,-129.6984219730346,33.03965820693937,33.03965820693937,-129.6984219730346,33.03965820693937,33.03965820693937,-246.42448662116456,83.55869722301907,83.55869722301907,-222.7811899861383,86.61894404213014,86.61894404213014
2020-08-27,348.510009765625,348.3299865722656,24.469999313354492,20.190000534057617,69.58097106732599,273.0903421512352,6.529363250235301,135.81012235991707,135.81012235991707,6.529363250235301,135.81012235991707,135.81012235991707,110.16260443825877,198.1317623230863,198.1317623230863,124.53665096082085,202.98662494421353,202.98662494421353
2020-08-28,349.44000244140625,350.5799865722656,22.959999084472656,17.1299991607666,67.70419049211296,-187.6780575213033,-138.35759795681426,209.61641532946265,209.61641532946265,-138.35759795681426,209.61641532946265,209.61641532946265,-81.58778975815945,242.18378123801176,242.18378123801176,-69.4139658695904,243.16080428336136,243.16080428336136
2020-08-31,350.3500061035156,349.30999755859375,26.40999984741211,21.100000381469727,73.6681228887407,596.393239662774,233.01136901672982,233.01136901672982,-131.88792666268736,233.01136901672982,233.01136901672982,-131.88792666268736,295.62931181535856,295.62931181535856,-58.83720794764546,300.96328320594523,300.96328320594523,-32.964488282765835
2020-09-01,350.2099914550781,352.6000061035156,26.1200008392334,19.649999618530273,74.694321045817,102.61981570763083,29.94524151420668,29.94524151420668,130.51768433618074,29.94524151420668,29.94524151420668,130.51768433618074,80.58763957283394,80.58763957283394,269.4635074906326,83.73227305864049,83.73227305864049,291.3494099139548
2020-09-02,354.6700134277344,357.70001220703125,26.56999969482422,20.709999084472656,78.28880408611099,359.448304029398,-131.4885348547298,31.023885047838796,31.023885047838796,-131.4885348547298,31.023885047838796,31.023885047838796,-257.6108363329615,92.29111130457132,92.29111130457132,-229.84968604794764,97.22148910567608,97.22148910567608
2020-09-03,355.8699951171875,345.3900146484375,33.599998474121094,30.450000762939453,86.80708370183656,851.8279615725576,-141.82405942930993,-141.82405942930993,-119.99015010067461,-141.82405942930993,-141.82405942930993,-119.99015010067461,-460.0086631908664,-460.0086631908664,-437.85993376057297,-422.11561176077015,-422.11561176077015,-837.5752026223722
2020-09-04,346.1300048828125,342.57000732421875,30.75,29.40999984741211,79.30332543575717,-750.3758266079387,107.92229837874919,107.92229837874919,-127.30537938887034,107.92229837874919,107.92229837874919,-127.30537938887034,238.10478609478326,238.10478609478326,-203.46060161473707,268.8384244961053,268.8384244961053,-153.70832390589337
2020-09-08,336.7099914550781,333.2099914550781,31.459999084472656,32.90999984741211,76.76654330341296,-253.67821323442143,184.38355222667403,184.38355222667403,-125.41415621451969,184.38355222667403,184.38355222667403,-125.41415621451969,337.002483513738,337.002483513738,-132.13171540721194,381.34923017424705,381.34923017424705,-76.78972396037818
2020-09-09,337.54998779296875,339.7900085449219,28.809999465942383,29.09000015258789,73.40824698734906,-335.82963160638997,-124.18611593015962,334.509380995615,334.509380995615,-124.18611593015962,334.509380995615,334.509380995615,12.722530750236308,470.91760095875793,470.91760095875793,47.13165485949433,503.3515751975957,503.3515751975957
2020-09-10,341.82000732421875,333.8900146484375,29.709999084472656,30.43000030517578,72.94685030948159,-46.13966778674694,-143.50172259188946,-143.50172259188946,-132.2328123204283,-143.50172259188946,-143.50172259188946,-132.2328123204283,-114.45468107748484,-114.45468107748484,-473.6977823633968,-77.97973546568564,-77.97973546568564,-539.2472189948089
2020-09-11,335.82000732421875,334.05999755859375,26.8700008392334,26.329999923706055,66.74884003445742,-619.8010275024174,236.73644484685104,236.73644484685104,-133.06857927102806,236.73644484685104,236.73644484685104,-133.06857927102806,335.22219989756115,335.22219989756115,-75.34683039995846,351.22360868451375,351.22360868451375,-38.37499199389216
2020-09-14,337.489990234375,338.4599914550781,25.850000381469727,25.059999465942383,66.05989586983465,-68.89441646227681,-8.045050318611777,-8.045050318611777,185.37393253702064,-8.045050318611777,-8.045050318611777,185.37393253702064,100.70971576644715,100.70971576644715,294.2445486038864,120.52778024222482,120.52778024222482,312.73111385715134
2020-09-15,341.1199951171875,340.1700134277344,25.59000015258789,24.219999313354492,66.16509500032406,10.51991304894102,305.4242755296808,305.4242755296808,-125.3010172631818,305.4242755296808,305.4242755296808,-125.3010172631818,392.58189813885485,392.58189813885485,8.928787500736204,404.6101104024295,404.6101104024295,36.152510960593155
2020-09-16,341.510009765625,338.82000732421875,26.040000915527344,23.770000457763672,66.41383403739839,24.873903707432987,204.759349504776,204.759349504776,-150.25217761513724,204.759349504776,204.759349504776,-150.25217761513724,292.39002687407003,292.39002687407003,-146.27938084635997,304.5709576431211,304.5709576431211,-124.0706974854545
2020-09-17,333.55999755859375,335.8399963378906,26.459999084472656,24.950000762939453,65.96191753717902,-45.19165002193688,-148.363258687262,242.38129856232396,242.38129856232396,-148.363258687262,242.38129856232396,242.38129856232396,-104.47423531258391,333.63774877794225,333.63774877794225,-77.6843781726128,346.272729211655,346.272729211655
2020-09-18,335.3699951171875,330.6499938964844,25.829999923706055,24.020000457763672,62.55450560567111,-340.7411931507909,-119.39886429148638,-119.39886429148638,-129.71980481141475,-119.39886429148638,-119.39886429148638,-129.71980481141475,-41.21752870499764,-41.21752870499764,-413.0572887627773,-32.06910978037662,-32.06910978037662,-379.9258575737409
2020-09-21,325.70001220703125,326.9700012207031,27.780000686645508,28.11000061035156,65.21122021282686,265.6714607155749,138.28830626991538,138.28830626991538,67.89982645944937,138.28830626991538,138.28830626991538,67.89982645944937,243.37949715186508,243.37949715186508,227.70598176147078,261.98986545071386,261.98986545071386,269.8663287711975
2020-09-22,328.57000732421875,330.29998779296875,26.86000061035156,25.950000762939453,64.22972711999489,-98.14930928319683,-146.45153033220456,299.67919634801024,299.67919634801024,-146.45153033220456,299.67919634801024,299.67919634801024,-44.79783506261994,395.55636935822497,395.55636935822497,-15.777262643759846,409.8137921748183,409.8137921748183
2020-09-23,330.8999938964844,322.6400146484375,28.579999923706055,27.969999313354492,65.46486204850244,123.51349285075486,-162.5766079069873,-162.5766079069873,-131.291772718901,-162.5766079069873,-162.5766079069873,-131.291772718901,-290.1984312068877,-290.1984312068877,-474.68119540536765,-270.1409615390869,-270.1409615390869,-669.7064690526637
2020-09-24,321.2200012207031,323.5,28.510000228881836,27.649999618530273,65.44141624508052,-2.3445803421921596,-16.90214289055414,-16.90214289055414,211.33240109039517,-16.90214289055414,-16.90214289055414,211.33240109039517,85.14756908954223,85.14756908954223,354.2584665756786,102.64952864705171,102.64952864705171,387.33065341479073
2020-09-25,322.5799865722656,328.7300109863281,26.3799991607666,24.56999969482422,62.360984572408356,-308.04316726721623,-167.9991334803628,-42.13138818915534,-42.13138818915534,-167.9991334803628,-42.13138818915534,-42.13138818915534,-441.5946090332971,53.81477319803005,53.81477319803005,-425.8751104939804,67.2578269948679,67.2578269948679
2020-09-28,333.2200012207031,334.19000244140625,26.190000534057617,25.209999084472656,63.6294291077113,126.84445353029474,-71.91502138131193,249.6109195967218,249.6109195967218,-71.91502138131193,249.6109195967218,249.6109195967218,49.72697383100504,346.49119816366783,346.49119816366783,74.3315771724834,360.92267104287,360.92267104287
2020-09-29,333.9700012207031,332.3699951171875,26.270000457763672,25.989999771118164,63.00507259054818,-62.43565171631218,124.04387133218825,66.60222313948728,66.60222313948728,124.04387133218825,66.60222313948728,66.60222313948728,267.80292235152774,162.64984396356573,162.64984396356573,302.59333991577245,177.14308522736602,177.14308522736602
2020-09-30,333.0899963378906,334.8900146484375,26.3700008392334,25.770000457763672,64.07149689107169,106.64243005235079,-141.85743189648932,323.641904112225,323.641904112225,-141.85743189648932,323.641904112225,323.641904112225,-19.49367136546789,426.29492599788523,426.29492599788523,5.883229532666848,442.84105808215304,442.84105808215304
2020-10-01,337.69000244140625,337.0400085449219,26.700000762939453,24.799999237060547,65.51059366375748,143.90967726857866,135.40388983651113,39.829858341249725,39.829858341249725,135.40388983651113,39.829858341249725,39.829858341249725,246.01413493531774,143.6229158239988,143.6229158239988,266.37648994633565,160.2511667037861,160.2511667037861
2020-10-02,331.70001220703125,333.8399963378906,27.6299991607666,24.63999938964844,66.07902865559386,56.84349918363836,-58.683405834646884,-58.683405834646884,231.23584703013407,-58.683405834646884,-58.683405834646884,231.23584703013407,32.37231940181962,32.37231940181962,349.94009271106535,45.69926367560624,45.69926367560624,371.1559486366725
2020-10-05,336.05999755859375,339.760009765625,27.959999084472656,23.510000228881836,68.7927330947453,271.3704439151442,-160.47277739983593,-160.47277739983593,332.018660333861,-160.47277739983593,-160.47277739983593,332.018660333861,-82.11508401956952,-82.11508401956952,461.46759704799723,-72.78632335951941,-72.78632335951941,485.48465300828343
2020-10-06,339.9100036621094,334.92999267578125,29.479999542236328,25.079999923706055,69.8932743608925,110.05412661472036,-175.98930690003735,-175.98930690003735,-175.98930690003735,-175.98930690003735,-175.98930690003735,-175.98930690003735,-94.20880174776302,-94.20880174776302,-94.20880174776302,-81.94174062757585,-81.94174062757585,-81.94174062757585
2020-10-07,338.1199951171875,340.760009765625,28.059999465942383,21.739999771118164,69.20200983281637,-69.12645280761325,-165.8274132823687,237.97260097739075,237.97260097739075,-165.8274132823687,237.97260097739075,237.97260097739075,-142.2795792485113,312.47296264644444,312.47296264644444,-127.9231503183386,319.8743858816286,319.8743858816286
2020-10-08,342.8500061035156,343.7799987792969,26.36000061035156,19.940000534057617,67.05908280490631,-214.2927027910062,-55.57297958606464,186.74870697614878,186.74870697614878,-55.57297958606464,186.74870697614878,186.74870697614878,27.601662250758153,254.1827272210779,254.1827272210779,36.758625098424936,259.6876954379924,259.6876954379924
2020-10-09,345.55999755859375,346.8500061035156,25.0,18.850000381469727,65.83141290737558,-122.76698975307312,97.01884977083813,97.01884977083813,45.55000616345904,97.01884977083813,97.01884977083813,45.55000616345904,140.90247646682252,140.90247646682252,166.2830493278794,143.13753643134237,143.13753643134237,181.3858618913109
2020-10-12,349.5899963378906,352.42999267578125,25.06999969482422,20.299999237060547,68.64196538156659,281.0552474191013,-133.88557855911307,52.645829895016384,52.645829895016384,-133.88557855911307,52.645829895016384,52.645829895016384,-239.3010897073258,108.41091197990916,108.41091197990916,-215.12978198421635,112.29954191483408,112.29954191483408
2020-10-13,352.2799987792969,350.1300048828125,26.06999969482422,21.38999938964844,69.14731052378853,50.534514222194105,309.16397483546837,309.16397483546837,-157.2627142584299,309.16397483546837,309.16397483546837,-157.2627142584299,395.1422749814298,395.1422749814298,-64.1367859416211,406.29138376399794,406.29138376399794,-52.136016022644434
2020-10-14,350.75,347.92999267578125,26.399999618530273,21.299999237060547,68.53477352004596,-61.25370037425739,98.24720887747665,98.24720887747665,-140.54161790734415,98.24720887747665,98.24720887747665,-140.54161790734415,164.52298276679937,164.52298276679937,-216.77460437178766,170.71624240217122,170.71624240217122,-194.18945064128616
2020-10-15,343.7099914550781,347.5,26.969999313354492,21.3799991607666,69.30174615011845,76.69726300724875,-153.5085447561876,57.07340981120195,57.07340981120195,-153.5085447561876,57.07340981120195,57.07340981120195,-288.8121277145346,124.30890311655641,124.30890311655641,-270.24398986392765,130.2705383678528,130.2705383678528
2020-10-16,348.9599914550781,347.2900085449219,27.40999984741211,21.63999938964844,69.93437232645105,63.26261763326073,124.31636008437667,38.045009175586465,38.045009175586465,124.31636008437667,38.045009175586465,38.045009175586465,249.52399427594656,107.73175409010898,107.73175409010898,272.1943726408463,114.33435116047528,114.33435116047528
2020-10-19,348.6499938964844,342.010009765625,29.18000030517578,24.649999618530273,70.6224511953921,68.8078868941048,56.499735318998724,-169.86963797558056,-169.86963797558056,56.499735318998724,-169.86963797558056,-169.86963797558056,191.31468860710638,-372.24535640577517,-372.24535640577517,221.8395363321508,-357.6547149510206,-357.6547149510206
2020-10-20,343.4599914550781,343.3800048828125,29.350000381469727,24.56999969482422,71.44031034478267,81.78591493905714,13.168173177221812,167.0707083097934,167.0707083097934,13.168173177221812,167.0707083097934,167.0707083097934,140.87127027466246,262.02270380019417,262.02270380019417,167.9523885339426,275.91022000664157,275.91022000664157
2020-10-21,343.3299865722656,342.7300109863281,28.649999618530273,23.200000762939453,69.66044408349492,-177.98662612877507,71.52496976241432,95.36077973862794,95.36077973862794,71.52496976241432,95.36077973862794,95.36077973862794,187.64658834245535,180.95255287973282,180.95255287973282,208.9072408537798,191.63605001672417,191.63605001672417
2020-10-22,342.9599914550781,344.6099853515625,28.11000061035156,24.059999465942383,69.34508221368854,-31.536186980638092,-119.29515683829594,291.91167613824047,291.91167613824047,-119.29515683829594,291.91167613824047,291.91167613824047,-5.85231698821895,388.8857088322013,388.8857088322013,15.267018070012542,403.1673648685121,403.1673648685121
2020-10-23,345.92999267578125,345.7799987792969,27.549999237060547,24.290000915527344,68.70661692477218,-63.84652889163647,245.8636105118227,245.8636105118227,-60.013742480599696,245.8636105118227,245.8636105118227,-60.013742480599696,334.8704705762683,334.8704705762683,81.50410533531607,347.4811075744048,347.4811075744048,112.20642793426074
2020-10-26,342.1300048828125,339.3900146484375,32.459999084472656,35.90999984741211,75.21787520543474,651.125828066256,315.3582904089628,315.3582904089628,-118.54763943297579,315.3582904089628,315.3582904089628,-118.54763943297579,493.4658790892424,493.4658790892424,7.74363901585742,556.2319898276173,556.2319898276173,75.7156810326637
2020-10-27,339.760009765625,338.2200012207031,33.349998474121094,37.290000915527344,76.4201673724691,120.22921670343578,71.58468795389828,198.44518438037503,198.44518438037503,71.58468795389828,198.44518438037503,198.44518438037503,286.1266664354449,376.1950811178881,376.1950811178881,379.1916760449648,437.88239087568905,437.88239087568905
2020-10-28,332.1000061035156,326.6600036621094,40.279998779296875,47.900001525878906,86.62575385595744,1020.5586483488346,67.13024174479577,67.13024174479577,-95.38262355241082,67.13024174479577,67.13024174479577,-95.38262355241082,299.878029820314,299.878029820314,-189.12100653872807,412.4182685584912,412.4182685584912,-70.32872551125566
2020-10-29,326.9100036621094,329.9800109863281,37.59000015258789,44.34000015258789,81.93113286352052,-469.4620992436924,-105.74837925303805,-105.74837925303805,395.4670696940557,-105.74837925303805,-105.74837925303805,395.4670696940557,106.51140797003434,106.51140797003434,618.6017963194341,198.75004684317508,198.75004684317508,719.3957703778194
2020-10-30,328.2799987792969,326.5400085449219,38.02000045776367,44.33000183105469,81.64662250403336,-28.45103594871574,242.31779710298972,47.55108864206894,47.55108864206894,242.31779710298972,47.55108864206894,47.55108864206894,463.97450951831155,262.0506099822296,262.0506099822296,565.5042878744804,355.11214534057285,355.11214534057285
2020-11-02,330.20001220703125,330.20001220703125,37.130001068115234,43.86000061035156,80.45689582363273,-118.9726680400625,370.6189952951316,370.6189952951316,-74.76750224834811,370.6189952951316,370.6189952951316,-74.76750224834811,578.8894090184502,578.8894090184502,165.9783583444138,666.8030416444996,666.8030416444996,283.4523690211931
2020-11-03,333.69000244140625,336.0299987792969,35.54999923706055,43.20000076293945,79.05269717650815,-140.41986471245878,-102.90697808687065,288.7277545935642,288.7277545935642,-102.90697808687065,288.7277545935642,288.7277545935642,17.50982781705479,499.18812719077755,499.18812719077755,120.71385784054421,588.5926020675234,588.5926020675234
2020-11-04,340.8599853515625,343.5400085449219,29.56999969482422,32.459999084472656,70.14521626623653,-890.7480910271615,6.720032452822602,6.720032452822602,235.7242027152214,6.720032452822602,6.720032452822602,235.7242027152214,154.1728519809677,154.1728519809677,421.639227588005,194.94081693972498,194.94081693972498,486.07181014957024
2020-11-05,349.239990234375,350.239990234375,27.579999923706055,28.09000015258789,69.52761544187373,-61.76008243627962,-127.46956684589998,321.4972629760996,321.4972629760996,-127.46956684589998,321.4972629760996,321.4972629760996,15.934333963455474,441.95602478706076,441.95602478706076,67.17688918155095,466.9945618487158,466.9945618487158
2020-11-06,349.92999267578125,350.1600036621094,24.86000061035156,23.959999084472656,64.54304329687163,-498.45721450021045,-123.68924017026598,305.47648534474695,305.47648534474695,-123.68924017026598,305.47648534474695,305.47648534474695,26.126028082828224,390.91267434093237,390.91267434093237,69.37248756735215,402.10375495301577,402.10375495301577
2020-11-09,363.9700012207031,354.55999755859375,25.75,26.709999084472656,68.229394630965,368.63513340933736,-131.28463959123596,-154.7946020818632,-154.7946020818632,-131.28463959123596,-154.7946020818632,-154.7946020818632,-14.873925057136026,-534.9060076406175,-534.9060076406175,32.04337365263166,-554.2363264582667,-554.2363264582667
2020-11-10,353.489990234375,354.0400085449219,24.799999237060547,24.43000030517578,66.22943052720387,-199.99641037611298,-50.5161795919147,235.9409576400292,235.9409576400292,-50.5161795919147,235.9409576400292,235.9409576400292,81.41830801036647,335.0626329933963,335.0626329933963,110.84868877950659,350.5168643889682,350.5168643889682
2020-11-11,356.3999938964844,356.6700134277344,23.450000762939453,21.59000015258789,65.52479292583284,-70.46376013710329,147.3799354023079,147.3799354023079,14.618934953375609,147.3799354023079,147.3799354023079,14.618934953375609,224.3243934014722,224.3243934014722,131.20751879571432,233.2290547419137,233.2290547419137,150.26142162255488
2020-11-12,355.5799865722656,353.2099914550781,25.350000381469727,23.8799991607666,66.47336642275467,94.85734969218242,145.10645412957038,145.10645412957038,-131.5046968351485,145.10645412957038,145.10645412957038,-131.5046968351485,234.3012850522112,234.3012850522112,-158.30179548410854,246.89089217480074,246.89089217480074,-122.63486883596119
2020-11-13,355.2699890136719,358.1000061035156,23.100000381469727,21.010000228881836,65.70142195944638,-77.19444633082873,-6.597306241819842,-6.597306241819842,180.10454728496492,-6.597306241819842,-6.597306241819842,180.10454728496492,57.46928071226065,57.46928071226065,325.8239486418963,63.09333164229634,63.09333164229634,353.38233115343695
2020-11-16,360.9800109863281,362.5700073242187,22.450000762939453,19.329999923706055,67.44994080061177,174.85188411653922,39.144255183063926,39.144255183063926,108.2019596774664,39.144255183063926,39.144255183063926,108.2019596774664,95.95700447008716,95.95700447008716,223.32125878188157,100.21748359791752,100.21748359791752,239.21167484412737
2020-11-17,359.9700012207031,360.6199951171875,22.709999084472656,18.809999465942383,66.41215437832967,-103.7786422282096,-123.8497162650341,225.0421916295064,225.0421916295064,-123.8497162650341,225.0421916295064,225.0421916295064,-39.4084577226889,272.9613438450444,272.9613438450444,-14.688147334653332,275.66948726623446,275.66948726623446
2020-11-18,360.9100036621094,356.2799987792969,23.84000015258789,19.59000015258789,65.23567891716918,-117.64754611604928,-74.34617442779549,-74.34617442779549,-146.54637558836453,-74.34617442779549,-74.34617442779549,-146.54637558836453,-16.036462415619223,-16.036462415619223,-399.6407260112451,-11.496758856068176,-11.496758856068176,-382.36257112289275
2020-11-19,355.6000061035156,357.7799987792969,23.11000061035156,19.260000228881836,64.9634645206738,-27.22143964953858,12.55244199321657,12.55244199321657,138.26445161283195,12.55244199321657,12.55244199321657,138.26445161283195,63.91629483848778,63.91629483848778,263.26272585826985,67.221064322882,67.221064322882,281.11062312237425
2020-11-20,357.5,355.3299865722656,23.700000762939453,19.86000061035156,64.2409930079175,-72.24715127563002,286.1973401928985,-147.59239526774374,-147.59239526774374,286.1973401928985,-147.59239526774374,-147.59239526774374,367.2552414104417,-68.12913313266665,-68.12913313266665,376.4927246132306,-60.034100210687065,-60.034100210687065
2020-11-23,357.2799987792969,357.4599914550781,22.65999984741211,19.579999923706055,63.72198598636079,-51.90070215567033,67.60461103708371,67.60461103708371,68.02491007031949,67.60461103708371,67.60461103708371,68.02491007031949,142.2691829040266,142.2691829040266,149.757826114776,149.98094111125985,149.98094111125985,158.12242136259218
2020-11-24,360.2099914550781,363.2200012207031,21.63999938964844,18.399999618530273,66.1276278840107,240.56418976499145,-38.375864806473835,-38.375864806473835,192.34096443308164,-38.375864806473835,-38.375864806473835,192.34096443308164,6.696923652059475,6.696923652059475,327.271169169592,9.04749306608055,9.04749306608055,346.538340427743
2020-11-25,363.1300048828125,362.6600036621094,21.25,17.139999389648438,65.13728206260086,-99.03458214098464,56.261862200622105,57.31294899629995,57.31294899629995,56.261862200622105,57.31294899629995,57.31294899629995,134.36299918236665,107.16238990366074,107.16238990366074,141.09316449429937,109.73013989106722,109.73013989106722
2020-11-27,363.8399963378906,363.6700134277344,20.84000015258789,18.25,65.18671538759497,4.943332499411213,-21.871750174659365,157.1564151467168,157.1564151467168,-21.871750174659365,157.1564151467168,157.1564151467168,84.2175490281776,207.25065209600828,207.25065209600828,97.60782899288694,210.10291037123767,210.10291037123767
2020-11-30,362.8299865722656,362.05999755859375,20.56999969482422,19.8700008392334,63.44053095583869,-174.61844317562836,120.97288571873256,21.578293123521753,21.578293123521753,120.97288571873256,21.578293123521753,21.578293123521753,211.22058355925472,97.40701307527927,97.40701307527927,222.80183788664505,104.93474075872989,104.93474075872989
2020-12-01,365.5700073242187,366.0199890136719,20.770000457763672,19.8700008392334,66.53267962395456,309.2148668115875,197.95962045552676,197.95962045552676,-35.549277213973006,197.95962045552676,197.95962045552676,-35.549277213973006,258.5125911324308,258.5125911324308,97.2509998678812,263.45623754973747,263.45623754973747,119.47202129740313
2020-12-02,364.8200073242187,366.7900085449219,21.170000076293945,19.290000915527344,67.50382439842588,97.11447744713126,-128.00948271325157,114.65665398949517,114.65665398949517,-128.00948271325157,114.65665398949517,114.65665398949517,-162.26979944765284,168.6034609756569,168.6034609756569,-136.2483613600918,172.21981688519972,172.21981688519972
2020-12-03,366.6799926757813,366.69000244140625,21.280000686645508,19.350000381469727,67.479895957855,-2.392844057087018,137.1794329263146,137.1794329263146,4.820406974901006,137.1794329263146,137.1794329263146,4.820406974901006,204.3273327914729,204.3273327914729,102.57683570135796,210.61886033617753,210.61886033617753,114.65119885050095
2020-12-04,367.3200073242187,369.8500061035156,20.790000915527344,17.959999084472656,69.25815322697738,177.82572691223777,-177.1969273161533,-177.1969273161533,300.1739957110496,-177.1969273161533,-177.1969273161533,300.1739957110496,-109.99586290583696,-109.99586290583696,372.6641768177003,-104.25403644876498,-104.25403644876498,378.6652854007005
2020-12-07,369.0199890136719,369.0899963378906,21.299999237060547,18.739999771118164,69.00444348503419,-25.37097419431973,-57.70386229710713,203.8121010776063,203.8121010776063,-57.70386229710713,203.8121010776063,203.8121010776063,58.73461022432351,258.46933925884264,258.46933925884264,75.84444754234603,262.07478235693833,262.07478235693833
2020-12-08,367.7200012207031,370.1700134277344,20.68000030517578,18.170000076293945,69.09134024447272,8.689675943853103,-182.34696781106106,291.2163991161026,291.2163991161026,-182.34696781106106,291.2163991161026,291.2163991161026,-122.10686231103108,357.53972421457695,357.53972421457695,-114.46869827503613,362.6965912196997,362.6965912196997
2020-12-09,370.8800048828125,366.8500061035156,22.270000457763672,19.989999771118164,68.2933252775166,-79.80149669561172,-10.140165274228627,-10.140165274228627,-143.87858795631135,-10.140165274228627,-10.140165274228627,-143.87858795631135,55.72904902340559,55.72904902340559,-333.1108065900519,61.833754854460814,61.833754854460814,-312.31678835732714
2020-12-10,365.3699951171875,366.7300109863281,22.520000457763672,19.670000076293945,68.42462561903487,13.13003415182692,124.50683912834356,124.50683912834356,39.94644985772504,124.50683912834356,124.50683912834356,39.94644985772504,182.47863473490645,182.47863473490645,178.02707851744177,186.89417179115478,186.89417179115478,201.47019840646027
2020-12-11,364.8999938964844,366.2999877929687,23.309999465942383,20.450000762939453,69.01046401679977,58.583839776490265,-125.89505765371733,173.18547110133088,173.18547110133088,-125.89505765371733,173.18547110133088,173.18547110133088,-102.67346890051618,236.85039426246132,236.85039426246132,-70.8429310369331,242.3167394411417,242.3167394411417
2020-12-14,368.6400146484375,364.6600036621094,24.719999313354492,23.670000076293945,69.42969269795789,41.922868115811696,322.5825692915446,-167.760910464256,-167.760910464256,322.5825692915446,-167.760910464256,-167.760910464256,459.55711661844,-102.06608778458721,-102.06608778458721,491.41890820717475,-86.3064338741908,-86.3064338741908
2020-12-15,367.3999938964844,369.5899963378906,22.88999938964844,20.190000534057617,70.54688181298535,111.71891150274575,-136.69085668654725,-136.69085668654725,284.9330246855561,-136.69085668654725,-136.69085668654725,284.9330246855561,-50.94056215914959,-50.94056215914959,373.1031057895198,-40.05426739099989,-40.05426739099989,383.67708373553177
2020-12-16,369.8200073242187,370.1700134277344,22.5,18.799999237060547,70.44942647952008,-9.745533346526258,-127.95977671825717,274.63398893041204,274.63398893041204,-127.95977671825717,274.63398893041204,274.63398893041204,-1.36337060430469,326.6657281534564,326.6657281534564,23.719429862896458,329.97029741227675,329.97029741227675
2020-12-17,371.94000244140625,372.239990234375,21.93000030517578,18.6200008392334,71.33699289283325,88.75664133131664,82.76909988093414,82.76909988093414,52.11234959129756,82.76909988093414,82.76909988093414,52.11234959129756,150.14826033163254,150.14826033163254,140.01189169846978,156.33179361051884,156.33179361051884,149.48977903154022
2020-12-18,370.9700012207031,369.1799926757813,21.56999969482422,16.700000762939453,68.50101971388344,-283.5973178949814,195.22842287207033,195.22842287207033,-152.6520353507694,195.22842287207033,195.22842287207033,-152.6520353507694,235.31417571263472,235.31417571263472,-133.61987158288093,237.0966927819954,237.0966927819954,-123.8873497561099
2020-12-21,364.9700012207031,367.8599853515625,25.15999984741211,21.559999465942383,71.52532318800147,302.4303474118028,-123.88092042170868,25.623692029299484,163.50098396604318,-123.88092042170868,25.623692029299484,163.50098396604318,-249.13916772674565,98.82616516470283,324.6910723418194,-211.57119660760335,106.53431420614264,360.6732832721795
2020-12-22,368.2099914550781,367.239990234375,24.229999542236328,19.90999984741211,69.816646366475,-170.8676821526467,111.96966921552017,36.284131485112404,36.284131485112404,111.96966921552017,36.284131485112404,36.284131485112404,213.4745397402991,108.98499692554162,108.98499692554162,228.24700400056403,116.02331577405803,116.02331577405803
2020-12-23,368.2799987792969,367.5700073242187,23.309999465942383,19.200000762939453,68.84468469033551,-97.1961676139486,77.77041369078236,63.379589695795936,63.379589695795936,77.77041369078236,63.379589695795936,63.379589695795936,176.08834805177088,129.31631351589033,129.31631351589033,189.23847563959012,134.82874435970473,134.82874435970473
2020-12-24,368.0799865722656,369.0,21.530000686645508,17.1200008392334,67.8388255942125,-100.5859096123018,-78.2418268148364,193.89907651245366,193.89907651245366,-78.2418268148364,193.89907651245366,193.89907651245366,0.10062589887904982,246.1103036057674,246.1103036057674,7.057689609675302,248.99659204632022,248.99659204632022
2020-12-28,371.739990234375,372.1700134277344,21.700000762939453,20.049999237060547,70.17587358914894,233.7047994936441,96.61923764164369,96.61923764164369,55.46441581909816,96.61923764164369,96.61923764164369,55.46441581909816,172.43391478967231,172.43391478967231,158.81746848666464,180.90855293421322,180.90855293421322,173.32102814734947
2020-12-29,373.80999755859375,371.4599914550781,23.079999923706055,21.469999313354492,70.96239248431209,78.65188951631552,207.81368891668882,-34.83002303245153,-34.83002303245153,207.81368891668882,-34.83002303245153,-34.83002303245153,337.0623929659945,47.096055420329265,47.096055420329265,363.14570561095115,56.91049465319498,56.91049465319498
2020-12-30,372.3399963378906,371.989990234375,22.770000457763672,21.309999465942383,70.95636557153601,-0.602691277607903,130.0737691730802,130.0737691730802,33.15992647282753,130.0737691730802,130.0737691730802,33.15992647282753,225.58036710951103,225.58036710951103,133.4536553785897,240.0139233129785,240.0139233129785,148.2528413497353
2020-12-31,371.7799987792969,373.8800048828125,22.75,21.200000762939453,72.32693500114158,137.05694296055668,-66.5091325173208,-66.5091325173208,230.49109470663075,-66.5091325173208,-66.5091325173208,230.49109470663075,19.27478257248827,19.27478257248827,341.41369982811136,30.731812296189425,30.731812296189425,359.3167719416563
2021-01-04,375.30999755859375,368.7900085449219,26.969999313354492,27.38999938964844,73.01669304187563,68.97580407340484,-149.39517215641197,-149.39517215641197,-117.57078393005892,-141.0294834714396,-141.0294834714396,-432.4611826971765,-141.0294834714396,-141.0294834714396,-432.4611826971765,-111.02881524314674,-111.02881524314674,-492.09111831446194
2021-01-05,368.1000061035156,371.3299865722656,25.34000015258789,24.290000915527344,72.73902452258216,-27.76685192934707,-148.76602657957926,206.59293658034946,206.59293658034946,-148.76602657957926,206.59293658034946,206.59293658034946,-152.28631171177798,316.94491767163277,316.94491767163277,-123.10823701741002,336.77130467214283,336.77130467214283
2021-01-06,369.7099914550781,373.5499877929687,25.06999969482422,23.770000457763672,73.98218894342776,124.31644208456021,-126.0457414330162,-26.22429506920023,-26.22429506920023,-126.0457414330162,-26.22429506920023,-26.22429506920023,-316.1725660624592,69.02454297065839,69.02454297065839,-271.04148813481976,83.48141063468438,83.48141063468438
2021-01-07,376.1000061035156,379.1000061035156,22.3700008392334,19.420000076293945,75.62849101887815,164.6302075450393,-105.80519910483625,-105.80519910483625,260.4694818750381,-40.63058557853332,-40.63058557853332,377.84323270644353,-40.63058557853332,-40.63058557853332,377.84323270644353,-34.67710917905149,-34.67710917905149,395.70511544470173
2021-01-08,380.5899963378906,381.260009765625,21.559999465942383,18.34000015258789,76.7164770497667,108.7986030888544,167.63932021054407,167.63932021054407,-13.215053786080341,221.89038483204928,221.89038483204928,114.14105187873467,221.89038483204928,221.89038483204928,114.14105187873467,225.6636755335704,225.6636755335704,133.33168720781552
2021-01-11,377.8500061035156,378.69000244140625,24.079999923706055,21.690000534057617,76.50191199312658,-21.45650566401116,-29.34374817604317,200.14808418774413,200.14808418774413,80.98151144889555,297.365716919215,297.365716919215,80.98151144889555,297.365716919215,297.365716919215,100.78790480605794,311.6901059843988,311.6901059843988
2021-01-12,378.8900146484375,378.7699890136719,23.329999923706055,20.649999618530273,75.79565899935352,-70.6252993773063,-23.09351503352135,191.82352456514627,191.82352456514627,104.92289509662046,268.36520999450124,268.36520999450124,104.92289509662046,268.36520999450124,268.36520999450124,129.69829287473587,276.6925390189397,276.6925390189397
2021-01-13,378.69000244140625,379.7900085449219,22.209999084472656,18.90999984741211,75.61270791776684,-18.295108158667972,-134.10870587553526,282.28763020181475,282.28763020181475,-23.069329257054715,345.38747782107583,345.38747782107583,-23.069329257054715,345.38747782107583,345.38747782107583,-6.343394670414801,350.4806103973962,350.4806103973962
2021-01-14,380.5899963378906,378.4599914550781,23.25,21.170000076293945,75.30742047716981,-30.528744059702717,162.27719132170753,162.27719132170753,-134.27807599054537,241.36240453674975,241.36240453674975,-143.39997368396925,241.36240453674975,241.36240453674975,-143.39997368396925,250.79841692954597,250.79841692954597,-112.85196157729384
2021-01-15,376.7200012207031,375.7000122070313,24.34000015258789,21.690000534057617,74.0294130407487,-127.80074364211202,255.65324224613838,255.65324224613838,-83.39158789756455,347.06475220159103,347.06475220159103,34.55545936278328,347.06475220159103,347.06475220159103,34.55545936278328,360.44676448750414,360.44676448750414,55.597357113874835
2021-01-19,378.3399963378906,378.6499938964844,23.239999771118164,21.8799991607666,75.04279780029339,101.33847595446923,-17.009857746200673,192.36763208958683,192.36763208958683,105.29826444843955,284.8807170905237,284.8807170905237,105.29826444843955,284.8807170905237,284.8807170905237,129.69331382324788,297.8853648731952,297.8853648731952
2021-01-20,381.1099853515625,383.8900146484375,21.579999923706055,18.850000381469727,78.16052193957987,311.772413928648,-87.2137432168387,-87.2137432168387,238.34004115616574,-24.63204709994737,-24.63204709994737,353.21317935733776,-24.63204709994737,-24.63204709994737,353.21317935733776,-19.243947009700978,-19.243947009700978,369.9130530117518
2021-01-21,384.489990234375,384.239990234375,21.31999969482422,18.229999542236328,78.23239611793323,7.187417835336873,-60.30821317836878,217.95339012530837,217.95339012530837,72.87205146941396,272.0479332418707,272.0479332418707,72.87205146941396,272.0479332418707,272.0479332418707,95.11833310492548,275.6411520595651,275.6411520595651
2021-01-22,382.25,382.8800048828125,21.90999984741211,18.420000076293945,77.36261204384775,-86.97840740854872,25.969418824588054,25.969418824588054,111.1249005806531,101.12634912250113,101.12634912250113,194.34721092555893,101.12634912250113,101.12634912250113,194.34721092555893,108.9813504327619,108.9813504327619,203.12655465139713
2021-01-25,383.6700134277344,384.3900146484375,23.190000534057617,20.65999984741211,79.33872177884246,197.6109734994708,-88.48074432314857,257.4211873761118,257.4211873761118,35.523224525944094,338.30115279975746,338.30115279975746,35.523224525944094,338.30115279975746,338.30115279975746,59.30128855406192,347.767864952564,347.767864952564
2021-01-26,385.4100036621094,383.7900085449219,23.020000457763672,20.459999084472656,78.62677577511454,-71.19460037279168,191.43517971027,191.43517971027,-131.59524703356863,265.78110057094597,265.78110057094597,-105.11395134724265,265.78110057094597,265.78110057094597,-105.11395134724265,273.87764275691126,273.87764275691126,-74.44342458145964
2021-01-27,380.2200012207031,374.4100036621094,37.209999084472656,41.63999938964844,87.13586729488998,850.9091519775438,-100.66593705023516,-100.66593705023516,-89.25085966627543,68.57538231664256,68.57538231664256,-334.4872437924149,68.57538231664256,68.57538231664256,-334.4872437924149,175.91212924167294,175.91212924167294,-259.7280014433972
2021-01-28,376.3599853515625,377.6300048828125,30.209999084472656,30.0,80.33415041783748,-680.17168770525,101.4588903842135,101.4588903842135,141.81681260755246,255.98192351307492,255.98192351307492,322.63399118960155,255.98192351307492,255.98192351307492,322.63399118960155,301.4431308459858,301.4431308459858,384.2567489560055
2021-01-29,375.6300048828125,370.0700073242187,33.09000015258789,32.630001068115234,78.57313523409186,-176.1015183745613,-120.31541249016053,-120.31541249016053,-109.14422765452835,50.024479867463235,50.024479867463235,-395.5217409994646,50.024479867463235,50.024479867463235,-395.5217409994646,106.39003296631485,106.39003296631485,-312.5410839936035
2021-02-01,373.7200012207031,376.2300109863281,30.239999771118164,28.989999771118164,78.86250909627418,28.93738621823161,-125.6577983708585,237.02018697862817,237.02018697862817,-125.6577983708585,237.02018697862817,237.02018697862817,-75.53200073153025,382.5227114387036,382.5227114387036,-17.86542378863365,421.25528660309607,421.25528660309607
2021-02-02,379.6499938964844,381.5499877929687,25.559999465942383,22.440000534057617,78.15847406865099,-70.40350276231919,-128.12312600561032,169.25786554652652,169.25786554652652,-123.43670320072776,258.27415715595515,258.27415715595515,-123.43670320072776,258.27415715595515,258.27415715595515,-82.30765177661095,270.5498658462431,270.5498658462431
2021-02-03,382.44000244140625,381.8500061035156,22.90999984741211,18.969999313354492,76.27481056211931,-188.36635065316756,135.60427329801107,135.60427329801107,7.728770584862213,218.7870439944915,218.7870439944915,91.57651772800344,218.7870439944915,218.7870439944915,91.57651772800344,228.7542833010833,228.7542833010833,100.88516633088264
2021-02-04,382.9599914550781,386.19000244140625,21.770000457763672,17.479999542236328,79.28670253977164,301.18919776523256,-176.5955524223884,184.92635504156922,184.92635504156922,-212.46640731893092,247.33468458235288,247.33468458235288,-212.46640731893092,247.33468458235288,247.33468458235288,-203.704731894109,251.92064930593008,251.92064930593008
2021-02-05,388.2000122070313,387.7099914550781,20.8700008392334,15.520000457763672,80.1314593286227,84.47567888510576,51.477441391381326,56.39205179292863,56.39205179292863,127.67093121566865,101.08099601322652,101.08099601322652,127.67093121566865,101.08099601322652,101.08099601322652,133.6043379973702,103.0227912121925,103.0227912121925
2021-02-08,389.2699890136719,390.510009765625,21.239999771118164,16.56999969482422,82.68195322309927,255.0493894476574,-143.2730427926278,230.4237910359159,230.4237910359159,-77.4231978731816,273.2533476194469,273.2533476194469,-77.4231978731816,273.2533476194469,273.2533476194469,-62.51065882301081,275.2211859596489,275.2211859596489
2021-02-09,389.6099853515625,390.25,21.6299991607666,17.09000015258789,82.55915432795429,-12.279889514498166,-133.4193180468324,259.89872980318614,259.89872980318614,-26.414529860292312,305.8027931068396,305.8027931068396,-26.414529860292312,305.8027931068396,305.8027931068396,-6.59714244975291,308.192167476441,308.192167476441
2021-02-10,392.1199951171875,390.0799865722656,21.989999771118164,17.68000030517578,82.51117856606065,-4.797576189363895,301.9601271746161,301.9601271746161,-167.79770810316742,372.55786344244626,372.55786344244626,-84.02046589875695,372.55786344244626,372.55786344244626,-84.02046589875695,379.3466255495855,379.3466255495855,-75.33885292311099
2021-02-11,391.239990234375,390.7099914550781,21.25,17.09000015258789,82.68900621891258,17.782765285193136,221.2529929757288,221.2529929757288,-86.55394780516198,274.22296355608387,274.22296355608387,15.210335582686676,274.22296355608387,274.22296355608387,15.210335582686676,277.7752460584019,277.7752460584019,26.899002559761144
2021-02-12,389.8500061035156,392.6400146484375,19.969999313354492,15.050000190734863,83.95170058393643,126.26943650238474,-124.07649773045712,-1.6733102028904967,147.10696597026194,-259.2556007187348,27.642565395783272,283.97986664221395,-259.2556007187348,27.642565395783272,283.97986664221395,-245.01227489830165,28.409673282348024,299.05660791297436
2021-02-16,393.9599914550781,392.2999877929687,21.459999084472656,19.31999969482422,83.94625165645112,-0.5448927485304011,124.00716791381504,40.13092368287479,40.13092368287479,250.50915165391447,111.13467524192203,111.13467524192203,250.50915165391447,111.13467524192203,111.13467524192203,273.791041249017,118.07488591257908,118.07488591257908
2021-02-17,390.4200134277344,392.3900146484375,21.5,18.40999984741211,83.98601504101845,3.9763384567322646,58.709589704107735,58.709589704107735,104.57321005348177,116.89578569584549,116.89578569584549,240.829142151163,116.89578569584549,116.89578569584549,240.829142151163,121.35318248918944,121.35318248918944,263.75354981099383
2021-02-18,389.5899963378906,390.7200012207031,22.489999771118164,19.459999084472656,82.80881785419685,-117.71971868216013,-132.53666977555716,234.31800992191717,234.31800992191717,-59.61862382331822,301.2852503969524,301.2852503969524,-59.61862382331822,301.2852503969524,301.2852503969524,-30.103956084493365,307.4149043215322,307.4149043215322
2021-02-19,392.0700073242187,390.0299987792969,22.049999237060547,18.329999923706055,81.91525466389675,-89.35631903000996,310.53738233270167,310.53738233270167,-168.37560286553278,385.6672154164652,385.6672154164652,-78.22236197263602,385.6672154164652,385.6672154164652,-78.22236197263602,393.70132196759266,393.70132196759266,-67.6318270638337
2021-02-22,387.05999755859375,387.0299987792969,23.450000762939453,21.219999313354492,79.68906600097802,-222.61886629187302,126.83705407852662,126.83705407852662,44.799340331530125,223.85345907179885,223.85345907179885,156.31414192538563,223.85345907179885,223.85345907179885,156.31414192538563,239.10919635408268,239.10919635408268,175.28497123711347
2021-02-23,384.6600036621094,387.5,23.11000061035156,21.299999237060547,79.85709432576749,16.802832478947494,-129.16032407188675,68.30558386615343,68.30558386615343,-223.58466505777105,149.55746508908197,149.55746508908197,-223.58466505777105,149.55746508908197,149.55746508908197,-186.1788739754898,159.4070924283673,159.4070924283673
2021-02-24,386.3299865722656,391.7699890136719,21.34000015258789,18.350000381469727,82.93631113710137,307.9216811333879,-198.04559028440033,-198.04559028440033,166.49644350017104,-312.32636961913033,-312.32636961913033,273.33724508747736,-312.32636961913033,-312.32636961913033,273.33724508747736,-306.9344586215324,-306.9344586215324,287.6080709832873
2021-02-25,390.4100036621094,382.3299865722656,28.88999938964844,31.809999465942383,79.25460814443082,-368.17029926705516,-125.94441618466058,-125.94441618466058,-106.66852673282926,-219.90173865764044,-219.90173865764044,-394.56492846606614,-219.90173865764044,-219.90173865764044,-394.56492846606614,-161.59068195146597,-161.59068195146597,-573.7220927438627
2021-02-26,384.3500061035156,380.3599853515625,27.950000762939453,29.420000076293945,76.79181351153714,-246.27946328936758,347.15541747648007,-100.49477388158758,-100.49477388158758,538.1042440630878,51.69916205723444,51.69916205723444,538.1042440630878,51.69916205723444,51.69916205723444,609.2498881968864,94.93804487100971,94.93804487100971
2021-03-01,385.5899963378906,389.5799865722656,23.350000381469727,22.700000762939453,81.42388064411108,463.2067132573937,-129.36098999095657,-129.36098999095657,327.66953176179527,-33.966247794642456,-33.966247794642456,483.4621334122582,-33.966247794642456,-33.966247794642456,483.4621334122582,-19.213668451447784,-19.213668451447784,522.0721307866395
2021-03-02,389.8200073242187,386.5400085449219,24.100000381469727,23.170000076293945,78.9992281236845,-242.46525204265765,222.86933650947097,-13.366804974061017,-116.64235565384314,394.0597164209045,87.45208846926732,-282.0068798887599,394.0597164209045,87.45208846926732,-282.0068798887599,443.69779747111005,104.04474911984519,-229.3995387386274
2021-03-03,385.7900085449219,381.4200134277344,26.670000076293945,26.8799991607666,76.14100784025203,-285.8220283432473,-5.545920441210603,-5.545920441210603,-122.48935115087428,127.13086405993329,127.13086405993329,-304.21849789436044,127.13086405993329,127.13086405993329,-304.21849789436044,159.09248238086704,159.09248238086704,-248.04783659864188
2021-03-04,381.2200012207031,376.7000122070313,28.56999969482422,29.299999237060547,73.75573108162016,-238.52767586318748,32.785050793942695,32.785050793942695,-120.94651182961621,184.12755559814113,184.12755559814113,-269.8777246883827,184.12755559814113,184.12755559814113,-269.8777246883827,227.45501780562785,227.45501780562785,-208.34709182467535
2021-03-05,380.4599914550781,383.6300048828125,24.65999984741211,23.829999923706055,76.51793056303806,276.2199481417909,-29.568212790042402,-29.568212790042402,236.56312401446618,72.65626694770936,72.65626694770936,400.546904170031,72.65626694770936,72.65626694770936,400.546904170031,89.99281103870425,89.99281103870425,444.59105010464737
2021-03-08,384.6600036621094,381.7200012207031,25.469999313354492,25.700000762939453,75.10559310186261,-141.23374611754542,206.48462116473814,17.560411951324873,17.560411951324873,384.6774880427646,138.29973527904966,138.29973527904966,384.6774880427646,138.29973527904966,138.29973527904966,442.468242226618,163.6404190044865,163.6404190044865
2021-03-09,385.8500061035156,387.1700134277344,24.030000686645508,24.11000061035156,78.99108591634729,388.5492814484678,121.0684590117406,121.0684590117406,86.3922241499118,230.36725943359923,230.36725943359923,244.50825975977563,230.36725943359923,230.36725943359923,244.50825975977563,250.7639769312499,250.7639769312499,286.591671902836
2021-03-10,389.69000244140625,389.5799865722656,22.559999465942383,20.979999542236328,80.48927430802661,149.81883916793208,-86.61073068050788,275.9099852470466,275.9099852470466,69.6542622874994,356.6776476269721,356.6776476269721,69.6542622874994,356.6776476269721,356.6776476269721,107.24114013118749,366.39334060874273,366.39334060874273
2021-03-11,392.2300109863281,393.5299987792969,21.90999984741211,20.010000228881836,83.9047667350638,341.54924270371936,-26.559090816233798,-26.559090816233798,187.57374326475434,65.34981930771247,65.34981930771247,288.10709206909456,65.34981930771247,65.34981930771247,288.10709206909456,78.54660650226657,78.54660650226657,302.82854301315234
2021-03-12,392.0700073242187,394.05999755859375,20.690000534057617,17.40999984741211,84.03610771014182,13.134097507801812,-98.78630847539897,-98.78630847539897,229.83791653457394,-31.299075216663862,-31.299075216663862,312.55071120120397,-31.299075216663862,-31.299075216663862,312.55071120120397,-25.221554518982778,-25.221554518982778,320.79892170374876
2021-03-15,394.3299865722656,396.4100036621094,20.030000686645508,17.739999771118164,86.02357806010595,198.7470349964127,-140.34199625722155,153.41628001012103,153.41628001012103,-153.58535723485193,207.88997670542372,207.88997670542372,-153.58535723485193,207.88997670542372,207.88997670542372,-133.01302496622205,211.52431617163947,211.52431617163947
2021-03-16,397.0700073242187,395.9100036621094,19.790000915527344,17.93000030517578,85.45146062676346,-57.21174333424841,221.40559452050397,221.40559452050397,-81.28953116016577,295.12112689575116,295.12112689575116,7.454495845695133,295.12112689575116,295.12112689575116,7.454495845695133,302.7662464263952,302.7662464263952,17.58541296937375
2021-03-17,394.5299987792969,397.260009765625,19.229999542236328,16.690000534057617,86.64150964500007,119.0049018236607,-135.6388520260802,57.33877492032595,57.33877492032595,-233.5648854729035,101.88535133363959,101.88535133363959,-233.5648854729035,101.88535133363959,101.88535133363959,-215.2200034942568,104.09146328863532,104.09146328863532
2021-03-18,394.4800109863281,391.4800109863281,21.579999923706055,20.329999923706055,81.47417208062987,-516.73375643702,218.72460186114304,-36.51384063840022,-36.51384063840022,366.62185976903436,41.14815564295584,41.14815564295584,366.62185976903436,41.14815564295584,41.14815564295584,399.81714790640973,49.93510740853109,49.93510740853109
2021-03-19,389.8800048828125,389.4800109863281,20.950000762939453,18.280000686645508,79.35562674189558,-211.85453387342932,-74.32990278048754,243.67280863139234,-121.36729568235671,73.93163759584354,299.6071363617055,-19.38934011963893,73.93163759584354,299.6071363617055,-19.38934011963893,101.66727121718473,303.57382366936196,8.908091935416154
2021-03-22,390.0299987792969,392.5899963378906,18.8799991607666,16.399999618530273,81.8112138437947,245.5587101899127,-120.87695334865171,18.327914087921094,134.477259537422,-236.07777252095863,58.21485192637186,272.3159261124303,-236.07777252095863,58.21485192637186,272.3159261124303,-214.81958772472754,59.924785241152215,290.9649976326475
2021-03-23,391.9100036621094,389.5,20.299999237060547,18.3700008392334,79.01193072850484,-279.92831152898674,261.3881595648496,261.3881595648496,-168.00553939445282,334.222547991571,334.222547991571,-123.91424816134064,334.222547991571,334.222547991571,-123.91424816134064,341.7721100214751,341.7721100214751,-112.38599849976191
2021-03-24,391.0,387.5199890136719,21.200000762939453,19.06999969482422,77.28163643305699,-173.02942954478482,58.59614297081597,58.59614297081597,-146.3575772000498,126.39220511761675,126.39220511761675,-271.47543504598883,126.39220511761675,126.39220511761675,-271.47543504598883,132.93588308978363,132.93588308978363,-251.34231856517462
2021-03-25,385.9800109863281,389.7000122070313,19.809999465942383,17.15999984741211,79.0093673574854,172.7730924428414,-181.96971849027116,-181.96971849027116,318.99199730233073,-132.84648976720527,-132.84648976720527,427.5283167609752,-132.84648976720527,-132.84648976720527,427.5283167609752,-129.88247460432848,-129.88247460432848,440.43341865705776
2021-03-26,390.9299926757813,395.9800109863281,18.86000061035156,16.31999969482422,84.95858788723271,594.9220529747308,-218.40761960258138,-218.40761960258138,251.1697062351021,-272.83957103307273,-272.83957103307273,356.8103417421206,-272.83957103307273,-272.83957103307273,356.8103417421206,-270.6443998918325,-270.6443998918325,368.1416333323015
2021-03-29,394.3999938964844,395.7799987792969,20.739999771118164,18.850000381469727,84.86351771475807,-9.507017247463523,-137.23870010276758,225.88793624962128,225.88793624962128,-78.44012902799682,290.10671540684945,290.10671540684945,-78.44012902799682,290.10671540684945,290.10671540684945,-52.6252761752682,295.60076540182297,295.60076540182297
2021-03-30,394.4200134277344,394.7300109863281,19.61000061035156,17.280000686645508,83.64171537502585,-122.18023397322213,-111.42457678358194,262.64572168810673,262.64572168810673,16.47749945448156,312.6729362897208,312.6729362897208,16.47749945448156,312.6729362897208,312.6729362897208,36.09564407194774,315.6173046814756,315.6173046814756
2021-03-31,395.3399963378906,396.3299865722656,19.399999618530273,15.619999885559082,85.14487646672406,150.31610916982032,138.95241422032072,138.95241422032072,-0.49438739977569535,174.93191240706025,174.93191240706025,122.03616532990242,174.93191240706025,174.93191240706025,122.03616532990242,176.2695861882478,176.2695861882478,135.87411376665503
2021-04-01,398.3999938964844,400.6099853515625,17.329999923706055,12.970000267028809,89.20718944886416,406.23129821400994,-176.89936563473694,198.46265968711555,198.46265968711555,-172.85647958866082,224.52315907220307,224.52315907220307,-172.85647958866082,224.52315907220307,224.52315907220307,-170.02554148678738,224.97365489933276,224.97365489933276
2021-04-05,403.4599914550781,406.3599853515625,17.90999984741211,15.649999618530272,94.802174487449,559.4985038584838,-167.2829373263574,151.37874189301178,151.37874189301178,-214.22137308452022,198.51550191278577,198.51550191278577,-214.22137308452022,198.51550191278577,198.51550191278577,-205.46374968248574,200.8699534307434,200.8699534307434
2021-04-06,405.760009765625,406.1199951171875,18.1200008392334,15.710000038146973,94.53232379516503,-26.985069228396696,167.9492594544012,167.9492594544012,-34.00337138172784,210.14910548319654,210.14910548319654,77.0606356569603,210.14910548319654,210.14910548319654,77.0606356569603,212.17225248515265,212.17225248515265,89.47869013906454
2021-04-07,405.94000244140625,406.5899963378906,17.15999984741211,14.130000114440918,94.944349291567,41.20254964019665,105.52735784318939,105.52735784318939,5.583809786312502,136.49735322163303,136.49735322163303,98.7091100948472,136.49735322163303,136.49735322163303,98.7091100948472,137.4139664285384,137.4139664285384,105.60289142390296
2021-04-08,407.9299926757813,408.5199890136719,16.950000762939453,13.9399995803833,96.83247145181062,188.81221602436256,-41.36954954542349,135.80644872035705,135.80644872035705,21.276209432393877,177.91761599826523,177.91761599826523,21.276209432393877,177.91761599826523,177.91761599826523,24.849832031637288,179.4400337603652,179.4400337603652
2021-04-09,408.3900146484375,411.489990234375,16.690000534057617,13.1899995803833,99.76143595128575,292.89644994751285,-176.00715182245247,116.5639821131746,116.5639821131746,-255.87331064747644,146.51894449757137,146.51894449757137,-255.87331064747644,146.51894449757137,146.51894449757137,-252.25413600419856,147.18993716618053,147.18993716618053
2021-04-12,410.8500061035156,411.6400146484375,16.90999984741211,14.239999771118164,99.8085973388917,4.716138760595356,102.69651656464978,102.69651656464978,13.844317554384203,135.11368742802742,135.11368742802742,112.18537543775254,135.11368742802742,135.11368742802742,112.18537543775254,136.14797744293026,136.14797744293026,120.23469757106272
2021-04-13,411.5299987792969,412.8599853515625,16.649999618530273,13.779999732971191,100.99145552400458,118.28581851128774,-13.355457623868736,-13.355457623868736,111.91704539563813,22.620086371769666,22.620086371769666,185.27446736096857,22.620086371769666,22.620086371769666,185.27446736096857,23.871030080602942,23.871030080602942,189.57139144831723
2021-04-14,412.8299865722656,411.4500122070313,16.989999771118164,14.100000381469728,56.29808785977045,-4471.936766423413,164.19704658186376,-65.90180148582122,-65.90180148582122,227.0583359629394,-19.475679669780032,-19.475679669780032,227.0583359629394,-19.475679669780032,-19.475679669780032,230.890836839427,-17.523263208669103,-17.523263208669103
2021-04-15,413.739990234375,415.8699951171875,16.56999969482422,14.220000267028809,56.22186346062642,-7.622439914402435,-161.16716921510223,185.24736068691288,185.24736068691288,-158.76621696698206,220.58530539157266,220.58530539157266,-158.76621696698206,220.58530539157266,220.58530539157266,-151.36766433588866,221.72598746537412,221.72598746537412
2021-04-16,417.25,417.260009765625,16.25,12.970000267028809,55.628367815996114,-59.3495644630309,59.19644660177974,59.19644660177974,24.54572905833119,101.719817913778,101.719817913778,74.37746738451494,103.24905391819284,103.24905391819284,76.20217323109556,103.24905391819284,103.24905391819284,76.20217323109556
2021-04-19,416.260009765625,415.2099914550781,17.290000915527344,15.420000076293944,57.89552088823146,226.71530722353452,265.4091428795762,265.4091428795762,-139.2095640811756,312.97545102320174,312.97545102320174,-43.26941944068194,312.97545102320174,312.97545102320174,-43.26941944068194,315.672844288514,315.672844288514,-33.62835253793463
2021-04-20,413.9100036621094,412.1700134277344,18.68000030517578,17.329999923706055,61.22293370490027,332.74128166688115,133.31423651484488,18.371227117249212,18.371227117249212,251.10389154225865,79.65440683286923,79.65440683286923,251.10389154225865,79.65440683286923,79.65440683286923,269.69705448002634,84.45742499383522,84.45742499383522
2021-04-21,411.510009765625,416.0700073242187,17.5,14.789999961853027,58.63534699930463,-258.75867055956405,-217.68120595765376,-217.68120595765376,222.9627167394075,-280.92449508930986,-280.92449508930986,305.1402495075742,-280.92449508930986,-280.92449508930986,305.1402495075742,-278.8047284954086,-278.8047284954086,311.537528372662
2021-04-22,415.8900146484375,412.2699890136719,18.709999084472656,16.770000457763672,61.17039642474222,253.50494254375917,22.49499346220778,22.49499346220778,-146.97519439063547,78.5982681120941,78.5982681120941,-302.50040962025236,78.5982681120941,78.5982681120941,-302.50040962025236,82.70599377415489,82.70599377415489,-285.9398120335147
2021-04-23,412.8699951171875,416.739990234375,17.329999923706055,14.06999969482422,58.16670678446954,-300.36896402726825,-189.73514297928986,113.86778229711769,113.86778229711769,-300.1381346482519,159.3714194339348,159.3714194339348,-300.1381346482519,159.3714194339348,159.3714194339348,-296.24594057456966,161.2395459164321,161.2395459164321
2021-04-26,417.44000244140625,417.6099853515625,17.639999389648438,14.8100004196167,59.13152838201003,96.48215975404923,42.899741899042155,42.899741899042155,66.42322284682629,104.24630275162524,104.24630275162524,127.60047490822902,108.4853083421453,108.4853083421453,131.42386850104705,108.4853083421453,108.4853083421453,131.42386850104705
2021-04-27,417.9299926757813,417.5199890136719,17.559999465942383,14.550000190734863,58.77899903197613,-35.25293500339046,63.40572995953308,44.09307813614836,44.09307813614836,133.85103517188767,94.0322297286876,94.0322297286876,139.10751361021164,96.51676320471195,96.51676320471195,139.10751361021164,96.51676320471195,96.51676320471195
2021-04-28,417.80999755859375,417.3999938964844,17.280000686645508,13.619999885559082,57.81835339942765,-96.06456325484771,66.93704203919671,26.89991351356722,26.89991351356722,126.7777885302915,71.09637174490618,71.09637174490618,130.07205334213248,72.7749767218368,72.7749767218368,130.07205334213248,72.7749767218368,72.7749767218368
2021-04-29,420.3200073242187,420.05999755859375,17.610000610351562,13.960000038146973,59.61048653618158,179.21331367539324,-108.56037568158376,257.03273668337334,-126.5050309400186,34.05654508225869,286.95878430690584,-8.655994688782373,52.61079352258988,287.79200463861116,2.7210990996952034,52.61079352258988,287.79200463861116,2.7210990996952034
2021-04-30,417.6300048828125,417.2999877929687,18.61000061035156,15.529999732971191,61.60845307274218,199.79665365605968,83.13041908025605,36.28875762435795,36.28875762435795,154.64076652117592,99.9866321392595,99.9866321392595,160.86290228119273,104.53780291901509,104.53780291901509,160.86290228119273,104.53780291901509,104.53780291901509
2021-05-03,419.4299926757813,418.2000122070313,18.309999465942383,16.170000076293945,60.731329070141754,-87.7124002600425,41.955348807294506,108.74365877490851,108.74365877490851,169.83835195958514,157.97112084224398,157.97112084224398,189.2305230148854,160.8025884579221,160.8025884579221,189.2305230148854,160.8025884579221,160.8025884579221
2021-05-04,416.0700073242187,415.6199951171875,19.479999542236328,17.75,63.37145235691651,264.01232867747524,243.73636352960764,243.73636352960764,-86.53917993990491,310.5550876682962,310.5550876682962,32.91699420373442,310.5550876682962,310.5550876682962,32.91699420373442,316.8597862525706,316.8597862525706,51.76823207709125
2021-05-05,417.3800048828125,415.75,19.149999618530273,17.56999969482422,62.32465288232754,-104.67994745889655,245.97000693893276,245.97000693893276,-100.2346601548574,329.78114057530826,329.78114057530826,-13.670255013243723,339.99561643133603,339.99561643133603,-3.5751273236850545,339.99561643133603,339.99561643133603,-3.5751273236850545
2021-05-06,415.8299865722656,419.0700073242187,18.38999938964844,16.040000915527344,60.98886667603787,-133.57862062896686,-119.08948049277691,-119.08948049277691,260.06537228723266,-70.11407019222482,-70.11407019222482,374.0341476004819,-70.11407019222482,-70.11407019222482,374.0341476004819,-67.18035635028286,-67.18035635028286,388.3937501266773
2021-05-07,419.8900146484375,422.1199951171875,16.690000534057617,14.09000015258789,56.9994794385932,-398.93872374446744,-122.80935286319986,51.73569519334611,93.33924109511898,-203.39357837518506,81.95999618037571,229.09175954191514,-188.34178751483697,82.79259392184056,244.26920615482945,-188.34178751483697,82.79259392184056,244.26920615482945
2021-05-10,422.5,417.94000244140625,19.65999984741211,19.68000030517578,64.04269361849316,704.3214179899962,130.63087707983917,130.63087707983917,-163.08498618056328,237.0268349145208,237.0268349145208,-263.8081948879098,255.61067484140884,255.61067484140884,-246.66803510505935,255.61067484140884,255.61067484140884,-246.66803510505935
2021-05-11,413.1000061035156,414.2099914550781,21.84000015258789,22.030000686645508,69.42914502902971,538.6451410536552,-67.90090765156373,262.6624642042809,262.6624642042809,64.80115390987419,376.3793466440168,376.3793466440168,64.80115390987419,376.3793466440168,376.3793466440168,95.71816360937227,397.77292912090275,397.77292912090275
2021-05-12,411.2300109863281,405.4100036621094,27.59000015258789,29.549999237060547,84.8132090471153,1538.4064018085583,-86.32589744912772,-86.32589744912772,-114.25923111259985,84.11284170139622,84.11284170139622,-377.2897730627424,84.11284170139622,84.11284170139622,-377.2897730627424,140.71661392347463,140.71661392347463,-302.7725092469632
2021-05-13,407.0700073242187,410.2799987792969,23.1299991607666,23.209999084472656,72.17366461595458,-1263.9544431160716,-153.08446836039062,-153.08446836039062,327.6429085307956,-57.65925773534504,-57.65925773534504,463.6442558101716,-57.65925773534504,-57.65925773534504,463.6442558101716,-30.575335595137098,-30.575335595137098,495.32866528520486
2021-05-14,413.2099914550781,416.5799865722656,18.809999465942383,17.40999984741211,60.74346008392996,-1143.0204532024618,-165.18899931401646,151.51944081576332,151.51944081576332,-224.06331397372227,221.03358829853232,221.03358829853232,-224.06331397372227,221.03358829853232,221.03358829853232,-210.38878252728878,227.34132989686483,227.34132989686483
2021-05-17,415.3900146484375,415.5199890136719,19.719999313354492,18.829999923706055,62.85770484351147,211.424475958151,-114.65629530966518,259.1489954698776,-79.6436312350549,7.879523326756013,331.95678195679875,67.25563226230395,7.879523326756013,331.95678195679875,67.25563226230395,50.88507847766921,339.64286862070117,97.41221232415941
2021-05-18,415.7999877929687,411.94000244140625,21.34000015258789,20.989999771118164,66.66010882701417,380.24039835026997,22.93786743453372,22.93786743453372,-134.03423685918554,118.80549623000485,118.80549623000485,-290.2686012676514,118.80549623000485,118.80549623000485,-290.2686012676514,133.7627919738314,133.7627919738314,-254.4709612713124
2021-05-19,406.9200134277344,410.8599853515625,22.18000030517578,21.209999084472656,68.82010152722816,215.99927002139907,-165.34810708273577,-165.34810708273577,262.51248743574854,-147.19731885711076,-147.19731885711076,385.13269348359864,-147.19731885711076,-147.19731885711076,385.13269348359864,-129.032556082608,-129.032556082608,409.1730352231602
2021-05-20,411.7999877929687,415.2799987792969,20.670000076293945,18.559999465942383,65.31879417187633,-350.1307355351827,-182.1683792149738,-182.1683792149738,311.21951072223123,-129.2364894451728,-129.2364894451728,416.72262463674355,-129.2364894451728,-129.2364894451728,416.72262463674355,-119.35380544296815,-119.35380544296815,432.4052305816973
2021-05-21,416.8699951171875,414.94000244140625,20.149999618530273,17.1200008392334,63.59080116582746,-172.79930060488766,303.7960744781784,303.7960744781784,-168.0869481258535,374.74256651879796,374.74256651879796,-80.4330086343959,381.8110045322587,381.8110045322587,-69.13705576296982,381.8110045322587,381.8110045322587,-69.13705576296982
2021-05-24,417.3399963378906,419.1700134277344,18.399999618530273,14.670000076293944,59.4485474494368,-414.22537163906554,-116.54378531618212,-116.54378531618212,223.976987619171,-58.42488852063175,-58.42488852063175,286.0451236669461,-54.673417187737016,-54.673417187737016,289.8910164236214,-54.673417187737016,-54.673417187737016,289.8910164236214
2021-05-25,420.3299865722656,418.239990234375,18.84000015258789,15.789999961853027,60.33569559196033,88.71481425235288,62.81403264811731,108.23601563272581,-133.38406884294463,221.74728393447242,153.86071263239506,-179.05251932958805,249.209442295,156.28949779938102,-160.849209908713,249.209442295,156.28949779938102,-160.849209908713
2021-05-26,418.8699951171875,419.0700073242187,17.360000610351562,13.84000015258789,56.24630692925777,-408.9388662702561,-64.0367302522715,174.9761670995504,174.9761670995504,27.953243484881863,207.46362129846614,207.46362129846614,35.43401319724564,208.39176896283635,208.39176896283635,35.43401319724564,208.39176896283635,208.39176896283635
2021-05-27,420.1700134277344,419.2900085449219,16.739999771118164,13.029999732971191,54.46573912175623,-178.05678075015408,-38.99403792004919,179.23071231656598,-125.6758394137112,97.35156520818052,201.7502648611395,-79.79658007318672,110.5730136285766,202.14441501332766,-70.49725667184578,110.5730136285766,202.14441501332766,-70.49725667184578
2021-05-28,420.9700012207031,420.0400085449219,16.760000228881836,12.729999542236328,54.699518964625355,23.37798428691258,249.96292459162353,249.96292459162353,-151.19134789004525,274.5358055102221,274.5358055102221,-66.52366085867769,275.0327711291897,275.0327711291897,-61.7887966975178,275.0327711291897,275.0327711291897,-61.7887966975178
2021-06-01,422.5700073242187,419.6700134277344,17.899999618530273,15.0,57.46149114837314,276.1972183747787,276.54648236130436,-195.0102503511536,-195.0102503511536,343.8021135893382,-166.2438476555586,-166.2438476555586,349.1012883367782,-162.13922292005265,-162.13922292005265,349.1012883367782,-162.13922292005265,-162.13922292005265
2021-06-02,420.3699951171875,420.3299865722656,17.479999542236328,13.699999809265137,56.40689557340011,-105.45955749730354,-105.99789208891846,227.02061247267906,-100.90684654562986,10.30637185631498,255.0952038725745,13.118087865856046,28.198484759584087,255.80378975661486,23.30446027666262,28.198484759584087,255.80378975661486,23.30446027666262
2021-06-03,417.8500061035156,418.7699890136719,18.040000915527344,15.18000030517578,57.385020340997016,97.81247675969098,-60.46353761198271,176.0447453531828,176.0447453531828,13.224360977396968,232.75339695078142,232.75339695078142,19.5057726063131,236.22566155616815,236.22566155616815,19.5057726063131,236.22566155616815,236.22566155616815
2021-06-04,420.75,422.6000061035156,16.420000076293945,12.699999809265137,54.10139893685718,-328.36214041398364,-9.560344503513837,-9.560344503513837,113.23892139304073,13.174837898806693,13.174837898806693,205.31710719993927,13.586271547926048,13.586271547926048,210.8124666257419,13.586271547926048,13.586271547926048,210.8124666257419
2021-06-07,422.5899963378906,422.19000244140625,16.420000076293945,13.90999984741211,53.69276187905473,-40.86370578024514,84.06078919428495,15.269027658607628,15.269027658607628,142.5707706448837,67.23229404712157,67.23229404712157,146.01934724948438,69.72222833265465,69.72222833265465,146.01934724948438,69.72222833265465,69.72222833265465
2021-06-08,423.1099853515625,422.2799987792969,17.06999969482422,15.43000030517578,55.43373173907062,174.09698600158947,97.41787669719687,25.807703234001856,25.807703234001856,181.21244183175295,82.21218873321824,82.21218873321824,189.639089442044,85.81983345890556,85.81983345890556,189.639089442044,85.81983345890556,85.81983345890556
2021-06-09,423.1799926757813,421.6499938964844,17.889999389648438,17.09000015258789,57.39328126155766,195.95495224870376,169.64666215360606,-24.39734146618735,-24.39734146618735,268.8089309467094,46.358508882716684,46.358508882716684,282.5969425294352,52.948241222531344,52.948241222531344,282.5969425294352,52.948241222531344,52.948241222531344
2021-06-10,422.9599914550781,423.6099853515625,16.100000381469727,13.829999923706056,53.11940428664815,-427.38769749095127,-47.420198177171294,147.5106784280191,147.5106784280191,19.23774321787606,192.2916997033533,192.2916997033533,23.54762948365805,194.13374316543272,194.13374316543272,23.54762948365805,194.13374316543272,194.13374316543272
2021-06-11,424.2000122070313,424.30999755859375,15.649999618530272,13.0600004196167,52.109896891240254,-100.95073954078941,-76.37351185364177,187.26079813809875,187.26079813809875,22.20313871926407,212.69640419317372,212.69640419317372,29.666243921658065,213.198354208385,213.198354208385,29.666243921658065,213.198354208385,213.198354208385
2021-06-14,424.4299926757813,425.260009765625,16.389999389648438,14.920000076293944,54.23132740254401,212.14305113037568,-138.3825808044912,251.19614760903664,251.19614760903664,-43.686614494884005,290.7516870432269,290.7516870432269,-28.556523226857,292.37440631225644,292.37440631225644,-28.556523226857,292.37440631225644,292.37440631225644
2021-06-15,425.4200134277344,424.4800109863281,17.020000457763672,15.920000076293944,55.52400785264604,129.26804501020257,-59.33915371760665,235.96794146099106,-135.67599711159437,104.77795874320435,284.8794496545469,-58.32795903176893,135.04557402270618,287.77665873419227,-39.62684913150627,135.04557402270618,287.77665873419227,-39.62684913150627
2021-06-16,424.6300048828125,422.1099853515625,18.149999618530273,17.940000534057617,57.63403945404079,211.0031601394752,157.67025818447314,17.942666956562526,-115.87415889791137,304.6271226557657,85.64015076145972,-235.9809874007765,335.04736705078113,91.94751977332454,-198.4722295978653,335.04736705078113,91.94751977332454,-198.4722295978653
2021-06-17,421.6700134277344,421.9700012207031,17.75,16.670000076293945,56.39164895408811,-124.23904999526769,107.9985428443816,107.9985428443816,31.97865817880794,173.7215382451179,173.7215382451179,128.40128396380555,179.64642878099826,179.64642878099826,140.04437216783163,179.64642878099826,179.64642878099826,140.04437216783163
2021-06-18,417.0899963378906,414.9200134277344,20.700000762939453,20.13999938964844,62.39387422491444,600.222527082633,325.02724775457807,325.02724775457807,-156.53053646798406,426.60585031744705,426.60585031744705,-49.94363592455786,443.59883800662396,443.59883800662396,-29.431164793366737,443.59883800662396,443.59883800662396,-29.431164793366737
2021-06-21,416.7999877929687,420.8599853515625,17.889999389648438,16.829999923706055,56.01994262525213,-637.3931599662313,-193.47950449557985,-193.47950449557985,245.9742514742439,-212.21682773033726,-212.21682773033726,338.868202249135,-206.00246502380367,-206.00246502380367,349.67772198830323,-206.00246502380367,-206.00246502380367,349.67772198830323
2021-06-22,420.8500061035156,423.1099853515625,16.65999984741211,14.579999923706056,53.40802590094586,-261.1916724306269,-36.446750655962056,-36.446750655962056,161.4608035642006,1.5462443107845192,1.5462443107845192,265.0686475062182,3.0956603673918415,3.0956603673918415,275.0780381284851,3.0956603673918415,3.0956603673918415,275.0780381284851
2021-06-23,423.19000244140625,422.6000061035156,16.31999969482422,13.630000114440918,52.215218139711595,-119.28077612342634,60.0111204450317,39.4775026754562,39.4775026754562,131.07862413118187,79.15078741986055,79.15078741986055,135.73100873892162,80.55153034946805,80.55153034946805,135.73100873892162,80.55153034946805,80.55153034946805
2021-06-24,424.8900146484375,425.1000061035156,15.970000267028809,12.770000457763672,52.20277782339659,-1.244031631500775,-119.46722392864505,238.33961845907223,-105.36369963302407,-5.939261461982623,259.80703091824074,22.38735754384551,4.749741472770344,260.1464321027006,33.16662048869057,4.749741472770344,260.1464321027006,33.16662048869057
2021-06-25,425.8999938964844,426.6099853515625,15.619999885559082,11.859999656677246,51.85701314501813,-34.576467837845826,82.25311221011412,82.25311221011412,8.684323178412592,101.39596166567623,101.39596166567623,89.57572814194802,101.65228320125003,101.65228320125003,93.15635100548184,101.65228320125003,101.65228320125003,93.15635100548184
2021-06-28,427.1700134277344,427.4700012207031,15.760000228881836,11.920000076293944,52.34521024617173,48.81971011536024,29.541323880562835,29.541323880562835,43.6657980630901,64.76936461673247,64.76936461673247,89.05413589517218,65.65624454117155,65.65624454117155,90.3044404989043,65.65624454117155,65.65624454117155,90.3044404989043
2021-06-29,427.8800048828125,427.7000122070313,16.020000457763672,11.859999656677246,53.02577772562174,68.0567479450005,32.019097395234056,41.590505722607475,41.590505722607475,81.59757443604659,73.13961424726386,73.13961424726386,83.22217388662858,73.76280693724432,73.76280693724432,83.22217388662858,73.76280693724432,73.76280693724432
2021-06-30,427.2099914550781,428.05999755859375,15.829999923706056,11.109999656677246,52.61889378235695,-40.68839432647877,-34.86972333542193,-34.86972333542193,96.31171667693275,-4.975109302825784,-4.975109302825784,134.3218871977812,-4.472655271354517,-4.472655271354517,135.0047706152007,-4.472655271354517,-4.472655271354517,135.0047706152007
2021-07-01,428.8699951171875,430.4299926757813,15.479999542236328,11.43000030517578,52.77178672030553,15.289293794857883,-157.32680065227865,197.9007053261391,197.9007053261391,-125.73904646159379,215.32575645849053,215.32575645849053,-122.7312521622988,215.49345238329607,215.49345238329607,-122.7312521622988,215.49345238329607,215.49345238329607
2021-07-02,431.6700134277344,433.7200012207031,15.06999969482422,10.399999618530272,53.37202244783647,60.023572753094356,-126.43535241811371,-126.43535241811371,184.29751353415827,-108.1599028324257,-108.1599028324257,230.08162226867555,-108.00093614682417,-108.00093614682417,230.84158375922985,-108.00093614682417,-108.00093614682417,230.84158375922985
2021-07-06,433.7799987792969,432.9299926757813,16.440000534057617,13.760000228881836,55.91686249599465,254.48400481581785,47.63954196507252,66.86109516162409,66.86109516162409,140.0213656599008,103.45817834437415,103.45817834437415,148.15272625967378,104.72009206239615,104.72009206239615,148.15272625967378,104.72009206239615,104.72009206239615
2021-07-07,433.6600036621094,434.4599914550781,16.200000762939453,13.06999969482422,56.01927477205835,10.241227606370273,-110.62689096883359,213.65002538276377,213.65002538276377,-27.74302372971127,245.66240434351897,245.66240434351897,-21.92045826333866,246.52829713700436,246.52829713700436,-21.92045826333866,246.52829713700436,246.52829713700436
2021-07-08,428.7799987792969,430.9200134277344,19.0,17.239999771118164,61.221296032627436,520.2021260569084,-151.09131954573823,215.05735707517422,215.05735707517422,-125.16958178532757,282.46330271973477,282.46330271973477,-105.6052833522351,288.53077196046183,288.53077196046183,-105.6052833522351,288.53077196046183,288.53077196046183
2021-07-09,432.5299987792969,435.5199890136719,16.18000030517578,13.020000457763672,56.34758040260283,-487.37156300246056,-202.44193706447487,241.37660313299384,241.37660313299384,-202.0373467307178,289.5917212784739,289.5917212784739,-199.5254423929566,291.5249539336364,291.5249539336364,-199.5254423929566,291.5249539336364,291.5249539336364
2021-07-12,435.4299926757813,437.0799865722656,16.170000076293945,13.520000457763672,56.89380607466528,54.62256720624481,-105.15771849698538,56.200845420696034,71.69847137051474,-159.38556392946214,86.90116127669397,185.62039704367865,-139.457428120621,87.79439609668505,196.39865845797127,-139.457428120621,87.79439609668505,196.39865845797127
2021-07-13,436.239990234375,435.5899963378906,17.1200008392334,14.979999542236328,58.25443411875749,136.06280440922092,229.93815657691988,229.93815657691988,-99.96188084497143,279.76318949385706,279.76318949385706,-1.3175503146261236,282.7930800150201,282.7930800150201,9.249450358893244,282.7930800150201,282.7930800150201,9.249450358893244
2021-07-14,437.3999938964844,436.239990234375,16.329999923706055,13.449999809265137,56.639179118359266,-161.52550003982213,174.01274921381,174.01274921381,-74.63778452111376,228.64169213263412,228.64169213263412,-18.77405943949333,231.68271855504833,231.68271855504833,-15.904683304716391,231.68271855504833,231.68271855504833,-15.904683304716391
2021-07-15,434.80999755859375,434.75,17.010000228881836,14.550000190734863,57.38486365735682,74.56845389975513,-101.87230884212482,250.56346859787516,-118.19755557494,32.77986970486706,289.01579034045193,1.8533030737260225,51.15477144300875,290.55535893823475,21.946704965943532,51.15477144300875,290.55535893823475,21.946704965943532
2021-07-16,436.010009765625,431.3399963378906,18.450000762939453,16.299999237060547,59.210828669206705,182.59650118498882,-66.56327686488447,-66.56327686488447,-149.21314366020513,-6.5000755928803695,-6.5000755928803695,-399.13226933464335,-1.6493342367483987,-1.6493342367483987,-382.3483052328878,-1.6493342367483987,-1.6493342367483987,-382.3483052328878
2021-07-19,426.19000244140625,424.9700012207031,22.5,22.149999618530273,66.90187523755688,769.1046568350174,338.46282093013144,338.46282093013144,-134.2695504660455,453.08186062905196,453.08186062905196,15.323346963407738,475.90892995596505,475.90892995596505,55.17104378361546,475.90892995596505,475.90892995596505,55.17104378361546
2021-07-20,425.6799926757813,431.05999755859375,19.729999542236328,17.860000610351562,61.89975392472529,-500.21213128315907,-192.24019244457475,-192.24019244457475,255.18682039928055,-229.24149338728876,-229.24149338728876,389.7460246387617,-222.4545822072461,-222.4545822072461,414.3528615333563,-222.4545822072461,-222.4545822072461,414.3528615333563
2021-07-21,432.3399963378906,434.5499877929687,17.90999984741211,14.649999618530272,58.876715173627915,-302.3038751097374,-150.83458309687876,-150.83458309687876,265.22556029726104,-88.4009958705613,-88.4009958705613,331.5808632908781,-83.8041014202395,-83.8041014202395,336.2917401433201,-83.8041014202395,-83.8041014202395,336.2917401433201
2021-07-22,434.739990234375,435.4599914550781,17.690000534057617,14.06999969482422,58.69935787462042,-17.735729900749675,-128.39488660119383,223.862882264768,-69.15338134241803,-45.63226695370137,258.1362141476913,75.6887734739008,-29.940458509061262,259.2781063467346,94.27915510231804,-29.940458509061262,259.2781063467346,94.27915510231804
2021-07-23,437.5199890136719,439.94000244140625,17.200000762939453,12.869999885559082,59.80829918827973,110.89413136593151,-196.72095542469165,287.62181390376287,287.62181390376287,-144.52781386529364,336.00779491290405,336.00779491290405,-142.03651164247117,337.9546506385908,337.9546506385908,-142.01086625496157,337.968323273083,337.968323273083
2021-07-26,439.30999755859375,441.0199890136719,17.579999923706055,14.010000228881836,60.97325135774088,116.49521694611451,-141.98547952339933,171.142020102123,171.142020102123,-130.42102588391168,207.59617202016852,207.59617202016852,-117.73375848828974,208.90315678841986,208.90315678841986,-117.32955154882002,208.913889176457,208.913889176457
2021-07-27,439.9100036621094,439.010009765625,19.36000061035156,17.15999984741211,63.91710300964422,294.3851651903344,-26.110930375133922,206.0323016412159,-122.1958387861026,129.14375849563137,271.7165516829674,-62.91483159289781,162.19439422864627,277.6199461057215,-30.0722345759308,165.32675406279952,277.82892881395196,-27.298310098705358
2021-07-28,439.6799926757813,438.8299865722656,18.309999465942383,14.81999969482422,61.27091422317285,-264.618878647137,-14.022685303153246,163.94844832437875,-115.24134221214803,118.68368880298536,206.59158669522623,-79.40805513928694,137.75441815475213,208.58279954984724,-55.80989030570953,138.65940397386706,208.60855536434386,-54.72357357707287
2021-07-29,439.8200073242187,440.6499938964844,17.700000762939453,13.649999618530272,60.75214469166559,-51.876953150726024,-125.37499991650787,201.4074757551551,-52.04626121819687,-60.238601529594085,233.35240793736983,87.78156920739012,-44.93857230300906,234.30916099471557,104.43284148132078,-44.45388256216696,234.31553031301644,104.90491417920173
2021-07-30,437.9100036621094,438.510009765625,18.239999771118164,14.359999656677246,60.745153366221246,-0.699132544434633,-33.46722163447977,147.63527428553508,147.63527428553508,40.66872731139417,202.12916639347893,202.12916639347893,46.88870897541751,205.29266396740002,205.29266396740002,47.04498431634219,205.33866572361237,205.33866572361237
2021-08-02,440.3399963378906,437.5899963378906,19.459999084472656,16.209999084472656,62.819748810510134,207.45954442888888,126.4146079810115,55.3796170509681,-132.94394177180342,291.79094952504875,112.18861787291434,-236.15700233670483,325.5216775865663,116.37228180108211,-212.96546841698253,328.2975077504347,116.48554296037571,-211.5564959428438
2021-08-03,438.44000244140625,441.1499938964844,18.040000915527344,13.68000030517578,61.296281715422325,-152.34670950878098,-170.0146898930399,165.0118097201453,165.0118097201453,-202.39175363180524,205.86195960173643,205.86195960173643,-195.64743522022738,207.47176583571706,207.47176583571706,-195.50268544064704,207.4853048885368,207.4853048885368
2021-08-04,439.7799987792969,438.9800109863281,17.969999313354492,13.619999885559082,59.87847534660608,-141.7806368816244,-24.610223385783957,164.0876845462909,-115.7175735395951,103.73905969828375,195.80628972897276,-76.44210215835578,118.57441192289134,196.74335964798885,-59.55277722488186,119.03315433971649,196.74943162338855,-59.07444118391869
2021-08-05,440.2200012207031,441.760009765625,17.280000686645508,13.25,59.77868958500079,-9.978576160528974,-111.36114677255941,85.61686924640347,46.78832604625958,-143.3666563943957,114.61963532827005,167.77421397566047,-126.14977781748921,115.38314438943112,179.56450189673913,-125.63245391494286,115.38754480554972,179.81069272494432
2021-08-06,442.1000061035156,442.489990234375,16.149999618530273,10.960000038146973,57.73317176242189,-204.55178225789012,20.21731191125984,20.21731191125984,45.06020826144452,50.00468229059616,50.00468229059616,87.2742601424475,50.546119345711624,50.546119345711624,88.18031013396727,50.547283134985065,50.547283134985065,88.18209058824358
2021-08-09,442.4599914550781,442.1300048828125,16.719999313354492,12.75,58.429269565842304,69.60978034204146,82.69011002481344,82.69011002481344,8.526451205994137,133.83869560638348,133.83869560638348,58.313128835436444,136.25095791064558,136.25095791064558,60.379934868076894,136.27562797288698,136.27562797288698,60.39505548579112
2021-08-10,442.6099853515625,442.6799926757813,16.790000915527344,13.229999542236328,58.80485787822458,37.5588312382277,35.41978626562645,63.2088613489019,63.2088613489019,93.99703608814919,114.27453646279203,114.27453646279203,97.41149533851113,116.66593325081428,116.66593325081428,97.46012980613757,116.68842604196435,116.68842604196435
2021-08-11,443.8200073242187,443.7799987792969,16.170000076293945,11.6899995803833,58.11141013681342,-69.34477414111626,-37.56547609718008,128.859457997744,128.859457997744,41.166837358746626,151.03137659578144,151.03137659578144,45.205346591130784,151.3581443334539,151.3581443334539,45.23919469050204,151.35872315753514,151.35872315753514
2021-08-12,443.6199951171875,445.1099853515625,15.59000015258789,11.539999961853027,57.7242378726812,-38.717226413221795,-167.7821163213744,241.78352931326987,241.78352931326987,-107.85645558843868,264.6449383260792,264.6449383260792,-104.66494928713087,264.9824151590655,264.9824151590655,-104.64280958953847,264.98298177061133,264.98298177061133
2021-08-13,445.5899963378906,445.9200134277344,15.449999809265137,11.210000038146973,57.89825266975953,17.401479707832834,-89.16916287922325,145.1176717004877,-47.409571988841144,-32.2427081477308,161.6153260946771,43.55704748063676,-20.07053405280097,161.79072859515983,47.882778610547014,-19.91921056877157,161.7909794258105,47.90685767295313
2021-08-16,444.5299987792969,446.9700012207031,16.1200008392334,13.06999969482422,59.57936195659251,168.1109286832978,-134.2199356286842,64.7264813247247,90.37365360182682,-215.44824713044576,93.56539818435178,239.6484530034634,-204.0688967310782,94.28540475950207,257.1114694009567,-203.7962451922689,94.28885469673588,257.5588274159924
2021-08-17,444.239990234375,444.0400085449219,17.90999984741211,16.290000915527344,61.25520515809576,167.58432015032554,-45.38773721242484,204.3272197501647,204.3272197501647,83.65939972279442,264.72760215338485,264.72760215338485,105.83648549369612,269.4295928154,269.4295928154,107.40218292477415,269.55769245733075,269.55769245733075
2021-08-18,442.9599914550781,439.1799926757813,21.56999969482422,23.1200008392334,66.71062788915005,545.5422731054284,281.0245647214994,-143.0947143239383,-143.0947143239383,432.42722294660337,-85.5475381788475,-85.5475381788475,475.26491829858384,-50.71018603154782,-50.71018603154782,483.26691244161736,-45.44869308353754,-45.44869308353754
2021-08-19,436.2699890136719,439.8599853515625,21.670000076293945,21.239999771118164,67.14442187644084,43.37939872907981,-146.60647981282972,-146.60647981282972,349.21130034401597,-35.21580415945318,-35.21580415945318,497.0216365994433,-13.861463852789166,-13.861463852789166,533.949203752597,-13.861463852789166,-13.861463852789166,533.949203752597
2021-08-20,440.2300109863281,443.3599853515625,18.559999465942383,15.100000381469728,61.92963146695841,-521.4790409482432,-115.85721641799542,-51.76992499041726,205.2453861960738,-296.55488963240794,-6.192962640990338,339.18438590457635,-270.1674576501812,-3.7817111564830452,358.4136304987042,-268.60568217208845,-3.7419969295552336,359.26331279758085
2021-08-23,445.1600036621094,447.260009765625,17.149999618530273,14.020000457763672,61.08849160847237,-84.1139858486045,-115.93513709972339,47.2655036267138,97.57327205485618,-194.70276992072002,84.12785977033462,227.61323718286812,-173.7239277428179,85.53468845063622,243.51086441382665,-172.82682319501632,85.5488017158759,244.02062633614239
2021-08-24,447.9700012207031,447.9700012207031,17.219999313354492,13.9399995803833,61.57417684986608,48.56852413937105,21.673628817575775,91.47645899913284,91.47645899913284,96.46912417225714,144.04615070161861,144.04615070161861,102.6858214028202,146.95520591533668,146.95520591533668,102.8374106415855,146.99474031250918,146.99474031250918
2021-08-25,448.1700134277344,448.9100036621094,16.790000915527344,12.989999771118164,61.27548602832981,-29.86908215362689,-70.95603440658148,172.04146449567403,172.04146449567403,0.7309952592212698,212.9941040871237,212.9941040871237,5.565906533655809,214.52309183254215,214.52309183254215,5.6440967262015445,214.53421082027953,214.53421082027953
2021-08-26,448.6099853515625,446.260009765625,18.84000015258789,17.110000610351562,63.54264613629792,226.71601079681096,221.69237224277117,-59.89768175012069,-59.89768175012069,340.11255570042704,15.646221180840827,15.646221180840827,360.94423019561356,23.65711671271773,23.65711671271773,362.6224574408321,23.994109578613433,23.994109578613433
2021-08-27,447.1199951171875,450.25,16.389999389648438,12.31999969482422,61.25705727687587,-228.55888594220488,-216.5144813290393,-216.5144813290393,279.0419091214733,-199.46082699879383,-199.46082699879383,333.6309362959188,-197.88978719321074,-197.88978719321074,335.92315483026545,-197.87804570018542,-197.87804570018542,335.9388064972517
2021-08-30,450.9700012207031,452.2300109863281,16.190000534057617,12.0,62.00074438842044,74.3687111544574,32.648052105052706,32.648052105052706,67.62609654243013,58.14499555746446,58.14499555746446,153.1681146576405,58.690503791451825,58.690503791451825,158.15660090549704,58.69270279956027,58.69270279956027,158.20299766358391
2021-08-31,452.1300048828125,451.55999755859375,16.479999542236328,12.75,61.94332001808766,-5.742437033278236,132.85090026782703,132.85090026782703,-36.73995621809028,180.0065629783259,180.0065629783259,22.69579476170354,182.20022568519747,182.20022568519747,25.757297621060427,182.22401421068002,182.22401421068002,25.78766573077551
2021-09-01,452.55999755859375,451.7999877929687,16.110000610351562,11.75,61.39256035628432,-55.075966180334035,113.76996820998498,-33.41734253750366,-33.41734253750366,160.83165352545356,8.101177870120127,8.101177870120127,162.56452668135424,9.332767265926092,9.332767265926092,162.57569603837706,9.337852878083755,9.337852878083755
2021-09-02,453.3200073242187,453.19000244140625,16.40999984741211,12.729999542236328,62.77306759018535,138.0507233901028,5.521184891786282,95.653940224172,95.653940224172,80.3776620345288,133.5409541654907,133.5409541654907,85.47430634125578,134.82218206863874,134.82218206863874,85.55529419074011,134.83034168813657,134.83034168813657
2021-09-03,451.9800109863281,453.0799865722656,16.40999984741211,11.65999984741211,62.60749244733444,-16.5575142850912,-33.46943714996178,-33.46943714996178,113.80847757272761,1.8138105590035614,1.8138105590035614,167.02129413385305,2.806355738399826,2.806355738399826,168.92040568217323,2.811090526891149,2.811090526891149,168.9296708235777
2021-09-07,452.7099914550781,451.4599914550781,18.13999938964844,15.329999923706056,64.15141065662336,154.39182092889183,175.5217625113584,-41.50363837183344,-41.50363837183344,258.10282589198266,30.263588374096948,30.263588374096948,267.2618849904736,36.722994896466936,36.722994896466936,267.6465931844707,36.913226550702724,36.913226550702724
2021-09-08,450.8900146484375,450.9100036621094,17.959999084472656,14.75,63.36999177098588,-78.14188856374784,197.03064089757552,197.03064089757552,-57.874204481113914,246.09153337774882,246.09153337774882,53.61436327048386,249.0295307855414,249.0295307855414,67.35777981356071,249.08844906370533,249.08844906370533,67.87198378778213
2021-09-09,450.7000122070313,448.9800109863281,18.799999237060547,16.549999237060547,63.61413598333634,24.41442123504629,202.92182824941028,202.92182824941028,-140.15039487900813,268.75103937556247,268.75103937556247,-110.73556194345154,274.8000179686754,274.8000179686754,-87.83367890570909,275.0290971075749,275.0290971075749,-86.26455706125304
2021-09-10,451.0400085449219,445.44000244140625,20.950000762939453,22.579999923706055,65.75031662161697,213.6180638280635,-105.11814225107835,-105.11814225107835,-126.82759282667499,24.893851179232463,24.893851179232463,-414.8860500871731,55.41450074085448,55.41450074085448,-364.19923647601917,59.8929560735052,59.8929560735052,-354.7418295408896
2021-09-13,448.6400146484375,446.5799865722656,19.3700008392334,20.200000762939453,62.85110367210794,-289.92129495090353,201.83604079609196,-4.786811917044906,-4.786811917044906,345.04749518533526,102.43078721257442,102.43078721257442,380.71701487219605,121.28948511519332,121.28948511519332,385.90285661309883,123.00938349163218,123.00938349163218
2021-09-14,448.1199951171875,444.1700134277344,19.459999084472656,19.43000030517578,61.543372721231194,-130.77309508767456,266.47151620188254,-164.22760733303116,-164.22760733303116,392.40689589824933,-142.58793125541118,-142.58793125541118,419.33311589368975,-125.06422098390263,-125.06422098390263,422.5297133532075,-123.6133914539659,-123.6133914539659
2021-09-15,444.6199951171875,447.8800048828125,18.18000030517578,16.200000762939453,61.14607822985009,-39.72944913811034,-132.33583372720662,9.898398082296803,172.54472856031606,-279.51323822157394,67.96440855946669,336.5366463539552,-253.81254483042693,72.2805237764418,369.01462781414665,-251.90015418243522,72.39318815061038,371.41935202011916
2021-09-16,447.3200073242187,447.1700134277344,18.690000534057617,16.639999389648438,61.56257251763952,41.64942877894333,104.83094571867893,104.83094571867893,44.250847579785436,189.95181058648168,189.95181058648168,134.22539128005536,200.63984900804425,200.63984900804425,145.36399463532098,201.22500544054347,201.22500544054347,145.8927985136652
2021-09-17,444.9200134277344,441.3999938964844,20.809999465942383,19.65999984741211,62.48168279634156,91.91102787020355,237.7989786524905,-32.16177339832493,-119.56143153372062,408.58740049953775,61.87271788388295,-305.83158063751966,456.25603745748424,75.95276402545615,-258.40862797848536,463.66448381304394,77.00986236022905,-251.69766642257747
2021-09-20,434.8800048828125,434.0400085449219,25.709999084472656,27.700000762939453,69.58476471063236,710.3081914290797,-12.081063079847018,274.50714617289793,-104.54584501800747,197.86284515789382,440.3461018097072,15.426553538531154,285.34882566937705,493.1552624310887,105.52156321016069,285.34882566937705,493.1552624310887,105.52156321016069
2021-09-21,436.5299987792969,433.6300048828125,24.36000061035156,25.1299991607666,66.20234812183338,-338.2416588798975,224.760367179449,224.760367179449,-125.31668278129297,374.2147545719756,374.2147545719756,-89.84276185772659,416.32813646246984,416.32813646246984,-34.34868074680885,416.32813646246984,416.32813646246984,-34.34868074680885
2021-09-22,436.0499877929687,437.8599853515625,20.8700008392334,19.459999084472656,60.235093525712,-596.7254596121379,40.08148099590547,40.08148099590547,146.05669242596696,132.03312190404827,132.03312190404827,285.3356545388862,145.60600140596483,145.60600140596483,315.6465723336744,145.60600140596483,145.60600140596483,315.6465723336744
2021-09-23,439.8500061035156,443.1799926757813,18.6299991607666,17.079999923706055,58.348813228679006,-188.62802970329966,-126.51067298105254,-13.694405563389386,197.114927275208,-291.732627936079,51.17416072914247,356.95776348835005,-259.85829228304505,56.88944755064747,390.14767263248757,-256.9233945445908,57.08512605528722,392.93063376171904
2021-09-24,441.44000244140625,443.9100036621094,17.75,15.239999771118164,56.99950728081488,-134.93059478641243,-95.18188018986075,-95.18188018986075,228.33150713156022,-38.935378545782775,-38.935378545782775,324.8878943318207,-34.87414933743571,-34.87414933743571,335.6716940328631,-34.770401683715036,-34.770401683715036,336.0433457559486
2021-09-27,442.80999755859375,442.6400146484375,18.760000228881836,16.959999084472656,57.849775992559245,85.02687117443628,66.90728990539404,84.5751782935288,84.5751782935288,163.09048034133457,167.06834671572304,167.06834671572304,176.81145289136157,176.5183579759954,176.5183579759954,177.67813054651248,176.93711903836746,176.93711903836746
2021-09-28,439.69000244140625,433.7200012207031,23.25,24.559999465942383,62.751531759944726,490.1755767385481,255.86726590602424,-142.81449982252818,-108.3193500317517,446.9624710854641,-130.12236620902374,-403.42574538016225,516.5109375041081,-93.91905655546618,-454.3601591637986,534.1479644885186,-87.99713753396291,-435.18777612675115
2021-09-29,435.19000244140625,434.4500122070313,22.559999465942383,21.790000915527344,61.40736396672284,-134.41677932218852,-60.59718465432271,284.5331024964945,-120.5735236824051,126.22411732724794,395.8542142180327,0.8271608313346746,186.99016308772494,416.94309821684857,53.628297405316495,186.99016308772494,416.94309821684857,53.628297405316495
2021-09-30,436.0199890136719,429.1400146484375,23.13999938964844,23.030000686645508,60.43438962704303,-97.29743396798085,-151.03657306628727,-151.03657306628727,-127.60413339812865,-110.2618855304499,-110.2618855304499,-461.4966544758762,-81.46190159921575,-81.46190159921575,-498.3548997818934,-81.46190159921575,-81.46190159921575,-498.3548997818934
2021-10-01,430.9800109863281,434.239990234375,21.100000381469727,19.770000457763672,57.90528014343204,-252.91094836109949,-97.70345476142276,-97.70345476142276,285.4973145543869,-5.466910740536354,-5.466910740536354,427.16095330218377,8.20158749072524,8.20158749072524,458.5952936359677,8.20158749072524,8.20158749072524,458.5952936359677
2021-10-04,433.0,428.6400146484375,22.959999084472656,23.040000915527344,59.278432229749654,137.31520863176172,224.81439493893126,-146.42036789463654,-146.42036789463654,371.98625263812056,-148.77915065963398,-148.77915065963398,411.99722424133154,-117.32185748566437,-117.32185748566437,411.99722424133154,-117.32185748566437,-117.32185748566437
2021-10-05,430.239990234375,433.1000061035156,21.299999237060547,20.31999969482422,57.30738084558115,-197.10513841685042,-116.7623613605846,17.84834793853596,185.11162699802313,-246.85008221540105,112.00467907626626,349.85013933132456,-194.51732755663303,126.20712261621534,392.7646590338655,-194.51732755663303,126.20712261621534,392.7646590338655
2021-10-06,429.2699890136719,434.8999938964844,21.0,19.540000915527344,57.338386330648746,3.1005485067595373,-135.1914033511765,-166.97611417527335,-166.97611417527335,-477.5476555705741,-79.730517452116,-79.730517452116,-442.5936922760334,-68.11651002564868,-68.11651002564868,-442.5936922760334,-68.11651002564868,-68.11651002564868
2021-10-07,438.3900146484375,438.6600036621094,19.540000915527344,18.1299991607666,56.06154736552175,-127.68389651269985,-20.023724332274305,187.13900244907967,187.13900244907967,97.74753587529028,271.36575244270165,271.36575244270165,119.35000203925988,281.7489631381782,281.7489631381782,121.27790821107183,282.2921269380014,282.2921269380014
2021-10-08,439.4800109863281,437.8599853515625,18.770000457763672,16.739999771118164,54.017386987596865,-204.41603779248823,78.64445057726232,87.81690279721451,-112.3577276808603,217.11822142847691,149.87924605259255,-155.34589820766396,242.9796906654437,154.94794357978904,-118.99397983293404,245.02907714405592,155.09898793610768,-115.97309618903591
2021-10-11,437.1600036621094,434.69000244140625,20.0,19.75,54.53912566095413,52.17386733572624,306.1223170855843,306.1223170855843,-154.7475073417946,413.7776107418165,413.7776107418165,-67.8097602224492,433.2542716309093,433.2542716309093,-45.51826650439434,433.2542716309093,433.2542716309093,-45.51826650439434
2021-10-12,435.6700134277344,433.6199951171875,19.850000381469727,19.40999984741211,53.61223876883747,-92.68868921166558,185.88956615781348,185.88956615781348,-133.74870367811414,274.78143531824446,274.78143531824446,-123.10771834493386,287.25206976878997,287.25206976878997,-88.97537587658643,287.25206976878997,287.25206976878997,-88.97537587658643
2021-10-13,434.7099914550781,435.1799926757813,18.63999938964844,17.450000762939453,51.811745819268026,-180.04929495694455,-129.57470493558586,288.07822593613497,-99.69813033055718,1.5670485944026225,354.8423341678913,65.94862475279822,32.577753601124364,360.9526168451001,101.92148732888933,32.577753601124364,360.9526168451001,101.92148732888933
2021-10-14,439.0799865722656,442.5,16.860000610351562,14.800000190734863,52.47959079694178,66.78449776737523,-148.2890084957644,34.10143942066559,34.10143942066559,-286.6450172422566,79.10173241518946,79.10173241518946,-272.72212032592597,81.31950524847528,81.31950524847528,-272.1561820062237,81.34878359904779,81.34878359904779
2021-10-15,444.75,445.8699951171875,16.299999237060547,13.239999771118164,53.610815466220544,113.12246692787653,-127.11885879757958,176.15916800071253,-27.18652214153334,-88.52939732082412,205.97167262408075,113.77960797667814,-74.86268400303403,206.76809621833513,129.92979403505726,-74.4838110594655,206.77249097113608,130.34734961506257
2021-10-18,443.9700012207031,447.19000244140625,16.309999465942383,13.90999984741211,54.21949350660857,60.86780403880283,-152.53844016401175,57.89084315019506,57.89084315019506,-269.1628108888528,96.97061131684029,96.97061131684029,-258.5421136054212,98.50023053826658,98.50023053826658,-258.22677779527646,98.51406914990453,98.51406914990453
2021-10-19,448.9200134277344,450.6400146484375,15.699999809265137,13.34000015258789,55.665519997384045,144.60264907754734,-154.63752904439204,208.47107291627827,208.47107291627827,-121.28008937788898,244.20217184234264,244.20217184234264,-112.28403635829852,245.4073650967009,245.4073650967009,-112.0656709083881,245.41589725136834,245.41589725136834
2021-10-20,451.1300048828125,452.4100036621094,15.489999771118164,12.6899995803833,56.60248951882053,93.69695214364882,26.056622667156027,26.056622667156027,80.65947115204011,58.57472625725448,58.57472625725448,167.0592346129961,59.59255151077938,59.59255151077938,173.05161672468034,59.59984064246225,59.59984064246225,173.13230180857715
2021-10-21,451.7699890136719,453.5899963378906,15.010000228881836,11.8100004196167,56.81360060101692,21.111108219638908,-88.77939294950502,-88.77939294950502,173.21579690830666,-55.55445409310018,-55.55445409310018,233.06387156306613,-54.63643516632997,-54.63643516632997,235.52227721774796,-54.63190845982802,-54.63190845982802,235.536937854241
2021-10-22,453.1300048828125,453.1199951171875,15.43000030517578,11.979999542236328,56.885828847879914,7.222824686299134,3.103059748209105,84.61915862209091,84.61915862209091,66.02258347260047,118.68068443437816,118.68068443437816,69.14139363143875,119.57415124008718,119.57415124008718,69.17073962056327,119.57765891972694,119.57765891972694
2021-10-25,454.2799987792969,455.5499877929687,15.239999771118164,13.09000015258789,58.2762810325948,139.04521847148885,-142.81783823877163,212.50090860211728,212.50090860211728,-88.83277752025745,244.97948619374083,244.97948619374083,-78.01648829586051,245.94651186183526,245.94651186183526,-77.73859237178391,245.95241420296736,245.95241420296736
2021-10-26,457.2000122070313,455.9599914550781,15.979999542236328,14.329999923706056,59.38216926503231,110.58882324375077,209.0894260410433,209.0894260410433,-87.31224074290049,273.38360461008864,273.38360461008864,-13.480551629645074,278.5413732528693,278.5413732528693,-7.284666050994623,278.67923626845135,278.67923626845135,-7.13619649160033
2021-10-27,456.4500122070313,453.94000244140625,16.979999542236328,15.15999984741211,59.05549402105249,-32.667524397982106,194.06475392206025,194.06475392206025,-161.2553607231691,254.6208919597964,254.6208919597964,-167.3352935160014,259.50036992304763,259.50036992304763,-155.19930260568736,259.6476353601429,259.6476353601429,-154.7113572765281
2021-10-28,455.4599914550781,458.3200073242187,16.530000686645508,14.3100004196167,61.684874841164486,262.93808201119975,-108.76271458577317,-50.23881462886701,194.62303666102795,-277.7748727721566,-6.658589620720543,318.16773007579536,-250.0770772170805,-4.4872397634694945,334.0832277514179,-248.50373085454189,-4.454171540917315,334.6813860940512
2021-10-29,455.8699951171875,459.25,16.260000228881836,13.670000076293944,62.010191966215466,32.53171250509794,-147.6327733034083,-147.6327733034083,274.9160026478932,-107.51150873672543,-107.51150873672543,379.41328354869984,-105.73932497666522,-105.73932497666522,389.9915037719783,-105.7169053600807,-105.7169053600807,390.265121369243
2021-11-01,460.2999877929687,460.0400085449219,16.40999984741211,15.020000457763672,62.53883039289303,52.8638426677567,-114.82808495845302,287.0162551344865,-128.5061105580125,42.57610230702278,338.6570323142768,7.0042647449496425,73.04707552078804,341.95533974822825,28.246095144085338,75.22158635507148,342.0273661813389,29.370433555992005
2021-11-02,460.2200012207031,461.8999938964844,16.030000686645508,14.739999771118164,63.54901672084685,101.01863279538179,-116.50622466819463,97.63855127900561,59.44890704022521,-149.73490290204083,146.1785024918019,195.73585856669746,-121.83915205907924,148.99822450542234,216.43327593101966,-120.03718494590638,149.0514414999099,217.45135957530886
2021-11-03,461.2999877929687,464.7200012207031,15.100000381469728,13.100000381469728,64.97348369567031,142.446697482346,-193.97017747976335,-193.97017747976335,307.7221283213521,-153.52822424457904,-153.52822424457904,394.9705469152169,-151.766161175817,-151.766161175817,402.01895797058216,-151.74549255199778,-151.74549255199778,402.15022867279004
2021-11-04,465.3599853515625,466.9100036621094,15.4399995803833,13.039999961853027,67.06500421535935,209.15205196890412,-108.62977556098052,78.10837066857735,56.51784777194482,-146.26661311425232,112.06353110987342,176.01358351179755,-125.03156353523936,113.214058627877,188.7434633526376,-124.20802822030217,113.22382760643393,189.0704764872942
2021-11-05,469.2799987792969,468.5299987792969,16.479999542236328,13.149999618530272,69.25583848244605,219.08342670867,4.281970305791408,126.76471373928527,-102.0893131829282,117.25639631949053,163.6808021631981,-84.3485298048946,129.8817346037527,165.03129781564556,-60.04634593944085,130.28506095803667,165.04273154144866,-59.09915642277357
2021-11-08,469.7000122070313,468.9299926757813,17.219999313354492,14.43000030517578,70.00986047360668,75.40219911606272,-23.442765176735247,180.55469993799028,-116.78424201050889,114.10065933560654,228.84111025050433,-68.4430349779154,136.09680642119926,231.57104185744933,-42.105421829661104,137.36141994388748,231.61839177878227,-40.63985949315339
2021-11-09,469.3200073242187,467.3800048828125,17.780000686645508,15.1899995803833,69.17825705460808,-83.1603418998597,122.29881972936258,35.43049919828609,-108.19889642077946,252.33094276260823,92.91963926692038,-196.0284051941251,274.20107743887263,97.0917543285342,-160.30660833812684,275.66497984447057,97.19454579216274,-157.5975898732085
2021-11-10,465.5799865722656,463.6199951171875,18.729999542236328,15.949999809265137,67.12204566639491,-205.62113882131712,28.520179563168725,165.66654226441918,-137.7204955957213,206.04947581735135,230.09148605804305,-141.25975639609766,246.94048611730847,235.81497924743016,-117.52039104617761,251.02807865445874,236.0204111036834,-115.88150057511292
2021-11-11,465.2099914550781,463.7699890136719,17.65999984741211,14.300000190734863,65.95088459987667,-117.11610665182377,6.723235596541091,161.3247171089572,-130.3578668728313,161.49710991765582,206.97352050339356,-118.78987732638545,187.73267411267074,209.3906672619969,-99.33695282865857,189.27973325686142,209.4303525603023,-98.46666172314623
2021-11-12,465.1199951171875,467.2699890136719,16.290000915527344,11.989999771118164,67.45074298539743,149.98583855207528,-112.37766823404894,26.40695660977064,102.19968783202108,-203.29089199729813,50.594650379268536,222.59260378727353,-189.49187621136812,51.067385961501245,232.98298493613368,-189.18634358926366,51.06908912679342,233.15018904987363
2021-11-15,468.6400146484375,467.4299926757813,16.489999771118164,12.199999809265137,67.51001938322118,5.927639782375138,92.14292869039807,12.200970774937028,12.200970774937028,175.53649873541752,45.29243301603698,45.29243301603698,181.55273876762638,46.241101586778676,46.241101586778676,181.65128733057995,46.246024591857605,46.246024591857605
2021-11-16,467.1499938964844,469.2799987792969,16.3700008392334,11.9399995803833,68.92216127565132,141.21418924301423,-142.18629938593816,-142.18629938593816,231.89512560443342,-98.22701074261066,-98.22701074261066,287.08704040493626,-96.464577969337,-96.464577969337,289.5206568223679,-96.44987719719472,-96.44987719719472,289.5390289842771
2021-11-17,469.0,468.1400146484375,17.110000610351562,11.510000228881836,68.47283089171859,-44.93303839327325,33.64135810573685,68.30264464860035,68.30264464860035,122.72165239634914,92.53426233188787,92.53426233188787,128.44837117471738,92.96666905696125,92.96666905696125,128.51798565713446,92.96777289144259,92.96777289144259
2021-11-18,469.239990234375,469.7300109863281,17.59000015258789,12.43000030517578,70.14517904035347,167.23481486348817,-116.99135381743538,237.53009617260543,-97.99308662022199,-11.364300034822447,268.0344694693288,37.328997223993255,-1.6487749829723541,268.85351092355154,58.12206819135584,-1.4306690548433232,268.85773364604086,58.72300740110139
2021-11-19,469.6099853515625,468.8900146484375,17.90999984741211,12.449999809265137,69.63609257679367,-50.90864635597967,-20.463637100166498,151.3932478697331,-109.59974754519345,99.15710120552752,180.68182865586564,-74.47285115996502,111.41658089685852,181.43621547705504,-57.43990482491734,111.72802873344797,181.44006071730112,-56.9969621568599
2021-11-22,470.8900146484375,467.5700073242187,19.170000076293945,16.059999465942383,69.48626485641051,-14.982772038315773,65.18253470736715,65.18253470736715,-143.77737165764677,134.68057466384698,134.68057466384698,-259.3559968702205,141.5904754500933,141.5904754500933,-237.230302543499,141.8838483796172,141.8838483796172,-235.67910437826419
2021-11-23,467.2200012207031,468.19000244140625,19.3799991607666,16.350000381469727,70.0950332782464,60.87684218358902,4.439228495708372,4.439228495708372,150.56083958727268,92.00332912831647,92.00332912831647,246.5889737887173,103.60492389372362,103.60492389372362,259.69154823571165,104.3041881479115,104.3041881479115,260.41605274617115
2021-11-24,466.05999755859375,469.44000244140625,18.579999923706055,14.81999969482422,70.23952634661211,14.449306836570486,-148.44904201353125,-148.44904201353125,292.08398170581586,-92.33054766841319,-92.33054766841319,402.8782475633952,-88.23939002677768,-88.23939002677768,417.52889781893197,-88.13021980905354,-88.13021980905354,418.17221481769684
2021-11-26,462.3399963378906,458.9700012207031,28.6200008392334,30.600000381469727,75.94124991613278,570.1723569520666,288.29166778035744,288.29166778035744,-106.66896231292534,498.33931597541823,498.33931597541823,4.240037325984128,588.3756930714552,588.3756930714552,96.57071051545802,619.0996101345495,619.0996101345495,127.53400699918006
2021-11-29,464.0700073242187,464.6000061035156,22.959999084472656,21.43000030517578,70.79765814004716,-514.3591776085614,-88.01662602810617,307.7086997663794,307.7086997663794,78.59909345788603,431.846273075072,431.846273075072,129.55889456092623,458.7380525978938,458.7380525978938,139.61876074497582,462.1224048886456,462.1224048886456
2021-11-30,462.0,455.55999755859375,27.190000534057617,28.3799991607666,70.91409389217645,11.643575212929136,-61.08258421412709,-61.08258421412709,-112.22833731878589,130.61230341391442,130.61230341391442,-354.9874466870339,204.24478091692887,204.24478091692887,-274.67277948150746,225.84171793357714,225.84171793357714,-250.73501100292106
2021-12-01,461.6400146484375,450.5,31.1200008392334,33.93000030517578,74.55592138322882,364.1827491052368,-100.69384372103124,-100.69384372103124,-95.6140572327744,-322.3509736540454,-322.3509736540454,-355.8757559844754,-214.58313027353705,-214.58313027353705,-687.5729109178498,-172.72838862531935,-172.72838862531935,-639.7700581633363
2021-12-02,450.7300109863281,457.3999938964844,27.950000762939453,28.040000915527344,72.82486527628598,-173.10561069428445,-123.66092495565263,-123.66092495565263,152.04414725017264,-185.91224393728717,-185.91224393728717,361.83539186627377,-123.90806152316165,-123.90806152316165,448.4263688506477,-108.09948776621036,-108.09948776621036,474.8575033081228
2021-12-03,459.1700134277344,453.4200134277344,30.670000076293945,31.700000762939453,74.8499434316742,202.5078155388229,242.35156135496217,-108.2196644016083,-108.2196644016083,473.1068411982907,-55.476523222965234,-55.476523222965234,583.2226670440443,34.47453163651273,34.47453163651273,626.4849454889599,64.53170824179492,64.53170824179492
2021-12-06,456.1300048828125,458.7900085449219,27.18000030517578,27.290000915527344,71.73949273511312,-311.0450696561088,-3.766364401051112,-3.766364401051112,267.1934100586657,171.79754379624475,171.79754379624475,468.66243395919685,232.21645934018696,232.21645934018696,548.1439101592898,247.38123690005435,247.38123690005435,571.0185411306242
2021-12-07,464.4100036621094,468.2799987792969,21.88999938964844,20.829999923706055,71.22251225247234,-51.698048264077556,-125.50130925668343,15.00262607930514,219.09904962009747,-283.38688559432535,131.56171008378016,417.86391590476717,-231.41927365492202,154.8383739515029,485.07625623202466,-221.46042298379467,157.4592422136886,498.55597386742295
2021-12-08,468.7000122070313,469.5199890136719,19.899999618530273,17.5,70.10813054048646,-111.43817119858852,-98.2261858884158,274.88451361477394,274.88451361477394,31.807807252580453,361.70608567775616,361.70608567775616,58.727976503299374,373.0443633610959,373.0443633610959,61.56366054419767,373.7057301952822,373.7057301952822
2021-12-09,468.1499938964844,466.3500061035156,21.579999923706055,20.489999771118164,69.15931305699243,-94.88174834940253,223.75393424365234,-17.295990639766877,-17.295990639766877,366.6766480659105,106.41609710266715,106.41609710266715,403.6015631281865,132.718818680764,132.718818680764,409.5195643852259,135.86142741469817,135.86142741469817
2021-12-10,469.2300109863281,470.739990234375,18.690000534057617,15.699999809265137,69.90517065116364,74.58575941712127,-140.92562124610455,229.18412313852235,-32.78494739919868,-83.95859980231722,292.61639519350655,147.34758209730836,-60.52847299535646,297.93182299527854,187.51192165996738,-58.75180836381253,298.09401730991414,191.0523718154118
2021-12-13,470.19000244140625,466.5700073242187,20.309999465942383,18.540000915527344,67.56322752964408,-234.1943121519563,225.52309989319656,-15.608106512900497,-124.37370994843918,403.97137627972916,77.8918944807179,-301.8798247436077,455.30230859081615,91.84216258498256,-258.6597643982503,463.472716453361,92.89315424780858,-252.84009879464577
2021-12-14,463.0899963378906,463.3599853515625,21.88999938964844,21.020000457763672,66.60305608417629,-96.01714454677932,23.472797441212712,185.9282723263984,185.9282723263984,167.89013672727717,313.35426119966365,313.35426119966365,205.9009465099641,341.5353636795123,341.5353636795123,212.199931500992,345.1004106191973,345.1004106191973
2021-12-15,463.4200134277344,470.6000061035156,19.290000915527344,16.780000686645508,69.77193618718614,316.88801030098546,-154.9723923200407,-182.27461185165802,-182.27461185165802,-539.4838517091064,-162.3867400154981,-162.3867400154981,-579.2548515820059,-153.25302559936233,-153.25302559936233,-577.5966390805787,-152.82607441841984,-152.82607441841984
2021-12-16,472.5700073242187,466.4500122070313,20.56999969482422,18.760000228881836,67.37306018696046,-239.8876000225684,-10.38945814821057,-156.76041190615175,-156.76041190615175,108.61333310172697,-396.0888961243786,-396.0888961243786,132.9338181407909,-374.19420549986523,-374.19420549986523,135.74223331939422,-372.06485789708626,-372.06485789708626
2021-12-17,461.5499877929687,459.8699951171875,21.56999969482422,19.350000381469727,63.27147833508015,-410.15818518803115,323.2441107439033,323.2441107439033,-143.63802207278732,429.81321498052176,429.81321498052176,-20.96525615460678,449.0363310893175,449.0363310893175,9.368259008350924,450.96870360762495,450.96870360762495,12.937554297930712
2021-12-20,454.4800109863281,454.9800109863281,22.8700008392334,22.209999084472656,60.984824826187875,-228.66535088922717,-120.26320706101289,346.636845194828,-108.52874767738606,57.192048051643845,472.4404532130272,91.11651796236248,115.20998367286735,500.3041287706044,162.55655887121472,127.64111693808954,503.958497282481,178.2664373194957
2021-12-21,458.6099853515625,463.05999755859375,21.010000228881836,18.829999923706055,64.54927117030026,356.4446344112383,-144.1398130536161,24.785847861926747,24.785847861926747,-314.8495788367196,122.47604543486864,122.47604543486864,-284.2025733500946,137.54032544293526,137.54032544293526,-280.3956098052263,138.6661395915765,138.6661395915765
2021-12-22,462.7900085449219,467.69000244140625,18.6299991607666,14.760000228881836,66.11842669174175,156.91555214414876,-178.21023749933434,40.10106390350072,40.10106390350072,-365.00095258202134,108.07330156611384,108.07330156611384,-356.16398807820383,113.73746872589726,113.73746872589726,-355.8172200386452,113.88616998105466,113.88616998105466
2021-12-23,468.75,470.6000061035156,17.959999084472656,13.710000038146973,68.09342482599234,197.49981342505976,-157.82097458232587,225.76190122837474,225.76190122837474,-117.7333105125345,271.963001444453,271.963001444453,-106.57017543741995,274.2874459595557,274.2874459595557,-106.17763925034859,274.31812509158874,274.31812509158874
2021-12-27,472.05999755859375,477.260009765625,17.68000030517578,14.479999542236328,73.61980127717926,552.637645118692,-192.41033931904568,-192.41033931904568,97.72126238289366,-350.64858457543863,-350.64858457543863,180.5217820032231,-344.55793714391785,-344.55793714391785,188.8680607140709,-344.3571848850083,-344.3571848850083,189.13689083464948
2021-12-28,477.7200012207031,476.8699951171875,17.540000915527344,14.399999618530272,73.12245172843363,-49.734954874563186,134.02676833046596,-1.8537057260896916,-1.8537057260896916,215.6995553963881,68.34617190836745,68.34617190836745,224.52424016643144,74.4598165385696,74.4598165385696,224.87725861461632,74.63107440398085,74.63107440398085
2021-12-29,476.9800109863281,477.4800109863281,16.950000762939453,12.850000381469728,73.37535295808044,25.29012296468096,44.68329938419868,44.68329938419868,64.35633480518328,96.4901522027305,96.4901522027305,134.63800621261578,99.48795352393034,99.48795352393034,139.53893654920992,99.53644794483989,99.53644794483989,139.62011016129784
2021-12-30,477.9299926757813,476.1600036621094,17.329999923706055,13.859999656677246,72.2263466888936,-114.90062691868417,206.4203599946145,-81.3337946310032,-81.3337946310032,287.8567492681473,-20.202831666205,-20.202831666205,296.055239207456,-15.832417995314538,-15.832417995314538,296.3351152794945,-15.741345166782914,-15.741345166782914
2021-12-31,475.6400146484375,474.9599914550781,17.219999313354492,13.260000228881836,70.99616384928002,-123.01828396135761,-98.14719566765932,273.39042500314963,-143.09189870556597,70.09019933235174,313.50047319483696,-33.57109265182354,97.53961719518668,315.26824924544087,-20.888061978231608,98.92942806431611,315.29064959018024,-20.510016079966253
2022-01-03,476.2999877929687,477.7099914550781,16.600000381469727,13.520000457763672,73.12386307360454,212.7699224324516,16.629383219256134,16.629383219256134,109.4340877441569,65.18449570760379,65.18449570760379,204.27079236733235,67.99998960061616,67.99998960061616,213.82094607079657,68.0516884854012,68.0516884854012,214.0879491427336
2022-01-04,479.2200012207031,477.5499877929687,16.90999984741211,13.880000114440918,73.00527332490853,-11.858974869601013,101.34561976683443,41.713042073428475,-103.6552728389416,220.444017197308,89.07514863650778,-175.88893477252938,236.81394061414662,91.62684205996497,-144.85735143361052,237.58536549960903,91.66624225264324,-143.0769235455812
2022-01-05,477.1600036621094,468.3800048828125,19.729999542236328,18.06999969482422,66.07728969693898,-692.7983627969553,-162.8985615624064,-162.8985615624064,-155.05259464988407,-217.34471817590395,-217.34471817590395,-537.5291906800612,-197.96351527101834,-197.96351527101834,-677.370029859475,-196.06870566738712,-196.06870566738712,-675.2913830298711
2022-01-06,467.8900146484375,467.94000244140625,19.61000061035156,17.059999465942383,65.51673555854009,-56.0554138398885,44.167086404867796,121.03637165001862,121.03637165001862,151.53313133857355,212.6208867466933,212.6208867466933,169.71020411254815,225.07833524084785,225.07833524084785,171.21567556323302,225.81343173178945,225.81343173178945
2022-01-07,467.9500122070313,466.0899963378906,18.760000228881836,15.399999618530272,63.27195675860354,-224.47787999365545,220.90633419424105,-77.79058782070757,-77.79058782070757,314.28883960112563,-4.3098174438449295,-4.3098174438449295,326.5135836799671,2.8160113395356645,2.8160113395356645,327.1662604964115,3.061609068881157,3.061609068881157
2022-01-10,462.7000122070313,465.510009765625,19.399999618530273,17.90999984741211,62.886249717996265,-38.57070406072722,-160.92536902529312,282.91563881285276,282.91563881285276,-102.28986976097707,384.1491428945516,384.1491428945516,-82.65338808391444,399.96099454360893,399.96099454360893,-80.83213101733577,401.1049852310735,401.1049852310735
2022-01-11,465.2300109863281,469.75,18.40999984741211,16.59000015258789,65.91234636710058,302.6096649104318,-117.78850710149406,-166.2459374099637,346.0426961489515,-424.4798911966101,-96.27896821070482,496.03221809601695,-385.0345636359157,-89.3348929487917,526.8430710463734,-380.76239015379065,-89.0456816369997,529.5200333720041
2022-01-12,471.5899963378906,471.0199890136719,17.6200008392334,14.68000030517578,66.60843179045256,69.6085423351974,199.9996316397297,199.9996316397297,-62.60535364741424,262.4531308087562,262.4531308087562,33.55130051495878,267.6685700518914,267.6685700518914,44.870701124172086,267.8320228498681,267.8320228498681,45.31233025290147
2022-01-13,472.19000244140625,464.5299987792969,20.309999465942383,18.790000915527344,62.35861351419886,-424.9818276253699,-159.24238736248492,-159.24238736248492,-152.42289667097887,-92.9957556531524,-92.9957556531524,-530.3163751919991,-71.0640787148436,-71.0640787148436,-552.8410757005996,-68.67505841312155,-68.67505841312155,-550.3013885906341
2022-01-14,461.19000244140625,464.7200012207031,19.190000534057617,17.309999465942383,71.13231419130827,874.770067710941,-153.7501706859427,-153.7501706859427,325.4687691490808,-72.11979557928228,-72.11979557928228,452.169574542562,-61.916137610195165,-61.916137610195165,475.7764583394426,-61.311606101300974,-61.311606101300974,477.72935237134845
2022-01-18,459.739990234375,456.489990234375,22.790000915527344,24.170000076293945,81.86631734006988,1073.4003148761617,237.09128473520698,9.756532821921462,-107.60267978600348,433.2835325668682,156.96038815481364,-251.23810266212737,507.4441874395355,197.16068028842952,-171.0276775110689,527.406067351461,204.32790497926314,-149.9674890786472
2022-01-19,458.1300048828125,451.75,23.850000381469727,23.959999084472656,84.81285169505719,294.6534354987307,46.016979381026935,-136.03623288702133,-136.03623288702133,212.88913019171412,-308.3192634724789,-308.3192634724789,266.4442648311792,-265.155753605605,-265.155753605605,278.45286544538095,-257.27405157033314,-257.27405157033314
2022-01-20,453.75,446.75,25.59000015258789,26.729999542236328,90.25352717058013,544.0675475522937,59.016316363038946,-126.90588341127162,-126.90588341127162,252.68565392210397,-281.1466942406302,-281.1466942406302,327.3539630306182,-225.07420363337422,-225.07420363337422,348.9940658544024,-212.21562572683857,-212.21562572683857
2022-01-21,445.55999755859375,437.9800109863281,28.850000381469727,30.86000061035156,100.80583446628455,1055.2307295704422,202.24306742102945,-114.62688619029288,-100.79620709730614,441.2915227403873,-119.84819449509666,-374.1925083275167,558.293626805256,-42.169154215656434,-472.92639276688556,604.8006061380453,-18.67962628535278,-436.341707734515
2022-01-24,432.0299987792969,439.8399963378906,29.899999618530273,35.81999969482422,104.14572739498212,333.9892928697566,-101.22057145672338,-101.22057145672338,-81.75912468743613,-358.0548926799953,-358.0548926799953,152.8862427259117,-251.37513310037625,-251.37513310037625,265.898273594597,-251.37513310037625,-251.37513310037625,265.898273594597
2022-01-25,433.05999755859375,434.4700012207031,31.15999984741211,37.18000030517578,108.00733020115084,386.1602806168719,-42.62963830205317,350.08610894676724,350.08610894676724,197.84019590002336,586.9524591666429,586.9524591666429,318.5003416149534,702.6948901705601,702.6948901705601,318.5003416149534,702.6948901705601,702.6948901705601
2022-01-26,440.7200012207031,433.3800048828125,31.959999084472656,37.400001525878906,110.53675445640692,252.94242552560888,-96.8590214154265,-96.8590214154265,-88.64022168894687,-21.547224834975886,-21.547224834975886,-332.0032580675627,95.31992324813848,95.31992324813848,-357.41133114399895,143.2560914837692,143.2560914837692,-296.3536628913536
2022-01-27,438.260009765625,431.239990234375,30.489999771118164,33.029998779296875,105.34743522849129,-518.9319227915632,20.200349325014223,-107.13271209259327,-107.13271209259327,241.43957857919176,-270.0885242583123,-270.0885242583123,342.2687809262946,-178.24458921800075,-178.24458921800075,379.6804052180624,-147.30368667414677,-147.30368667414677
2022-01-28,432.6799926757813,441.9500122070313,27.65999984741211,28.1299991607666,96.04774503031155,-929.9690198179746,-121.94118957519217,-122.55900425116161,-122.55900425116161,-440.44721507730463,-138.2722200489358,-138.2722200489358,-570.2178719133336,-76.1530134949589,-76.1530134949589,-570.2178719133336,-76.1530134949589,-76.1530134949589
2022-01-31,441.239990234375,449.9100036621094,24.829999923706055,25.329999923706055,86.61719211401879,-943.0552916292754,-136.98084670865038,-136.98084670865038,-112.32664809886367,-476.23556001954023,-476.23556001954023,68.128096590301,-432.70048203877747,-432.70048203877747,129.40579121839482,-424.21016802785937,-424.21016802785937,143.389596039305
2022-02-01,450.6799926757813,452.9500122070313,21.959999084472656,21.100000381469727,76.89825443507772,-971.8937678941074,45.69574577429838,45.69574577429838,167.76386608944057,158.9736298262087,158.9736298262087,332.64317863175273,181.06771325646542,181.06771325646542,379.2354923483825,183.5473720692975,183.5473720692975,386.80244771204264
2022-02-02,455.5,457.3500061035156,22.09000015258789,21.600000381469727,77.884888422599,98.66339875212873,-110.02894389678987,109.98971890357686,112.15217014146111,-146.12939729137545,230.0613816135893,286.1026224853735,-75.92335486629952,255.3216616593393,339.1143503417094,-60.10755893542863,258.4677692307386,348.7906188523704
2022-02-03,450.9500122070313,446.6000061035156,24.350000381469727,24.11000061035156,84.27341477050206,638.8526347903053,18.9031597484554,18.9031597484554,-120.96493190603007,163.00257000883425,163.00257000883425,-280.41982063260764,201.6295676305958,201.6295676305958,-219.82949951255873,208.45667033215906,208.45667033215906,-206.43470637702228
2022-02-04,446.3500061035156,448.7000122070313,23.219999313354492,21.86000061035156,80.45484114182958,-381.8573628672482,-23.434537278466316,-23.434537278466316,236.35327365199038,99.4124933969747,99.4124933969747,391.06263621935375,126.23330685157208,126.23330685157208,433.0203184722865,129.79181933585656,129.79181933585656,439.71240753047715
2022-02-07,449.510009765625,447.260009765625,22.86000061035156,21.61000061035156,78.75289436937214,-170.19467724574326,149.96789331854288,69.3722328857344,-110.12546106314682,322.8582260196411,186.5456155886292,-187.45354611087743,376.61996361315437,210.13563035626245,-121.34773841165895,387.1628881221087,212.82979294609942,-108.13018336612005
2022-02-08,446.7300109863281,450.94000244140625,21.440000534057617,20.06999969482422,74.11361919945392,-463.92751699182213,-161.99132556001211,-161.99132556001211,260.39853195109856,-146.7492319543962,-146.7492319543962,393.1236440988214,-126.3851226773774,-126.3851226773774,422.24507344894033,-124.24372543785492,-124.24372543785492,425.61375307300506
2022-02-09,455.2200012207031,457.5400085449219,19.959999084472656,18.670000076293945,69.79862210425446,-431.4997095199459,-117.43060649734326,69.62581846987737,128.23453065837,-194.65409004168663,158.0142786625444,289.88928429667624,-145.62219887638233,170.21973028662998,330.0691142403633,-138.34277907496786,171.04299120295428,335.02223291274044
2022-02-10,451.3399963378906,449.3200073242187,23.90999984741211,23.709999084472656,82.19898310929733,1240.0361005042869,290.1104237626963,290.1104237626963,-125.85609253651066,432.85321841841545,432.85321841841545,-22.881102039879785,470.7374867785743,470.7374867785743,31.06941115390034,477.36155882104543,477.36155882104543,42.076569831296574
2022-02-11,449.4100036621094,440.4599914550781,27.36000061035156,26.84000015258789,93.12877313818754,1092.979002889021,-65.67641721114762,-128.89550362261454,-100.46073550909435,136.80916494327633,-415.96944240370533,-375.7852838059764,218.3336839666155,-362.51290492354883,-732.4687996655549,243.05421880064333,-350.5979629786975,-701.9168236413667
2022-02-14,439.9200134277344,439.0199890136719,28.329999923706055,27.6200008392334,95.92018240587404,279.1409267686504,-9.226145290419316,273.50305327962974,-104.4103357215665,202.66644396459108,441.3283431090366,14.064902620784794,291.99314023670894,495.5931174267686,104.89875093381701,320.5611971356157,507.9283721825118,132.54553853935434
2022-02-15,443.7300109863281,446.1000061035156,25.700000762939453,24.489999771118164,87.39141912067416,-852.8763285199886,-125.00431217521106,250.22593508164695,250.22593508164695,-60.7231812145802,396.1784557750842,396.1784557750842,-2.397180898499427,435.26766990883243,435.26766990883243,11.225764994310675,441.931530890622,441.931530890622
2022-02-16,443.9299926757813,446.6000061035156,24.290000915527344,21.31999969482422,82.54109032905194,-485.0328791622218,-133.2149275294956,181.62269027402365,181.62269027402365,-137.1298494766955,295.81508407646504,295.81508407646504,-93.63161876188875,317.8417111264508,317.8417111264508,-86.19079592906483,320.16755941642265,320.16755941642265
2022-02-17,443.2200012207031,437.05999755859375,28.11000061035156,27.690000534057617,94.71346734808145,1217.2377019029511,87.71769973244722,-123.9159474014219,-123.9159474014219,276.76614833105185,-241.22344838130303,-241.22344838130303,347.9782527328211,-180.84518025585058,-180.84518025585058,368.1667960840917,-166.2752334170235,-166.2752334170235
2022-02-18,437.3299865722656,434.2300109863281,27.75,26.030000686645508,93.33912753082765,-137.4339817253798,292.52275294264894,292.52275294264894,-127.56173622930655,456.8027406222434,456.8027406222434,-35.74483034288145,508.98413385604766,508.98413385604766,18.079978816870202,508.98413385604766,508.98413385604766,18.079978816870202
2022-02-22,431.8900146484375,429.5700073242187,28.809999465942383,28.6200008392334,96.30797948337471,296.88519525470554,333.4020974997553,333.4020974997553,-116.9786468497609,511.4751991522627,511.4751991522627,30.70844079377826,574.0211274999842,574.0211274999842,101.57241056101539,574.0211274999842,574.0211274999842,101.57241056101539
2022-02-23,432.6600036621094,421.9500122070313,31.020000457763672,30.709999084472656,103.52487017237772,721.6890689003009,-113.62608085405876,-113.6728533216033,-113.6728533216033,-219.41793820596942,-415.387158243453,-415.387158243453,-139.1993594233557,-642.3477504027476,-642.3477504027476,-139.1993594233557,-642.3477504027476,-642.3477504027476
2022-02-24,411.0199890136719,428.2999877929687,30.31999969482422,30.040000915527344,100.93531329990398,-258.9556872473736,-125.9309209716694,-125.9309209716694,-111.54447677113632,-452.7314460636277,-452.7314460636277,-409.7218834826269,-452.7314460636277,-452.7314460636277,-409.7218834826269,-894.1154317986804,-894.1154317986804,-660.2551212197134
2022-02-25,429.6099853515625,437.75,27.59000015258789,26.149999618530273,91.9627599314816,-897.2553368422382,-114.65378363533782,-137.72880620684768,119.39328919703661,-419.603301656423,-262.7593892902337,331.12193507976434,-620.8113150045458,-220.85145522174338,415.0054720159049,-620.8113150045458,-220.85145522174338,415.0054720159049
2022-02-28,432.0299987792969,436.6300048828125,30.149999618530273,31.5,99.89034244516569,792.7582513684087,-113.34015307382012,-113.34015307382012,228.09072122719377,-76.54416468954147,-76.54416468954147,436.7582174234893,4.157501255140142,4.157501255140142,523.8724117315404,4.157501255140142,4.157501255140142,523.8724117315404
2022-03-01,435.0400085449219,429.9800109863281,33.31999969482422,34.79999923706055,109.83599141556206,994.5648970396377,404.8863083530843,-104.92120208324886,-91.56677369083079,651.1340057039621,111.43584805751593,-342.6827599469917,777.4017079294191,208.88876123548172,-217.7763802183641,777.4017079294191,208.88876123548172,-217.7763802183641
2022-03-02,432.3699951171875,437.8900146484375,30.739999771118164,30.790000915527344,101.56902481784371,-826.6966597718351,-114.47255470022989,-114.47255470022989,98.64108065252245,-206.11411209585918,-206.11411209585918,299.72403293115406,-127.52285330105481,-127.52285330105481,380.0937801270752,-127.52285330105481,-127.52285330105481,380.0937801270752
2022-03-03,440.4700012207031,435.7099914550781,30.479999542236328,30.020000457763672,100.49854810236309,-107.04767154806234,330.58054539835416,-47.86855771476335,-102.98931218557038,563.0395786100959,139.81283534502856,-310.7965437401152,672.7699895776315,209.73319471698878,-213.34873834569177,714.0477724055919,229.230018019156,-180.65933280407702
2022-03-04,431.75,432.1700134277344,31.979999542236328,31.11000061035156,105.10778665213726,460.9238549774176,167.64149737885495,167.64149737885495,108.19142458904699,363.0292627167346,363.0292627167346,316.94390941042127,439.8192206189179,439.8192206189179,403.91615299146105,439.8192206189179,439.8192206189179,403.91615299146105
2022-03-07,431.5499877929687,419.4299926757813,36.45000076293945,38.56999969482422,118.82056598710895,1371.2779334971685,-95.41934371791749,-95.41934371791749,-90.51898697334232,-354.56838395809996,-354.56838395809996,-338.33982115879064,-290.7442384215866,-290.7442384215866,-706.3835299572688,-290.7442384215866,-290.7442384215866,-706.3835299572688
2022-03-08,419.6199951171875,416.25,35.130001068115234,36.65999984741211,114.73019581049877,-409.0370176610179,281.02212088225787,21.811469331191425,-88.50347588216644,525.3534658249752,244.10030122424152,-207.2217822088618,649.8957893604086,345.301870509072,-72.39248592146696,649.8957893604086,345.301870509072,-72.39248592146696
2022-03-09,425.1400146484375,427.4100036621094,32.45000076293945,33.439998626708984,105.84034472404957,-888.9851086449198,-96.49111648041747,147.7509114368498,144.89348937554388,-99.64567647117556,351.86291333059035,382.48484196651054,17.084478953688166,435.9487944939491,496.7697162306514,17.084478953688166,435.9487944939491,496.7697162306514
2022-03-10,422.5199890136719,425.4800109863281,30.229999542236328,30.010000228881836,98.7906005805697,-704.974414347987,-118.685232216777,334.3207856065685,334.3207856065685,21.659887297548842,523.8448547552099,523.8448547552099,92.55425964601817,594.2149900614497,594.2149900614497,92.55425964601817,594.2149900614497,594.2149900614497
2022-03-11,428.1199951171875,420.0700073242187,30.75,30.6299991607666,100.59779715734413,180.71965767744302,-105.92996202848647,-116.56846934726028,-116.56846934726028,94.76641359187921,-417.44674393459,-417.44674393459,176.24021454003048,-344.5562047536582,-344.5562047536582,176.24021454003048,-344.5562047536582,-344.5562047536582
2022-03-14,420.8900146484375,417.0,31.770000457763672,34.22999954223633,103.54619959825021,294.84024409060794,90.39564475083458,90.39564475083458,-99.01132927528843,298.2803027176675,298.2803027176675,-167.86481056631396,386.035678140605,386.035678140605,-59.430399903279095,386.035678140605,386.035678140605,-59.430399903279095
2022-03-15,419.7699890136719,426.1700134277344,29.829999923706055,30.709999084472656,96.81737512523205,-672.8824473018165,-104.83182024550752,-121.63724465134501,283.2504780341107,-386.7852105932656,-56.89711395231678,511.0370883911095,-407.5395399553122,7.973350708268947,613.4610801336286,-407.5395399553122,7.973350708268947,613.4610801336286
2022-03-16,429.8900146484375,435.6199951171875,26.670000076293945,26.510000228881836,86.49404216545977,-1032.3332959772274,-111.17413275247793,-136.19117535948,330.32611033384245,-408.827397014455,-45.271655575828284,538.2990437658374,-391.1411580211849,-1.3608110463303213,619.9632811114782,-391.1411580211849,-1.3608110463303213,619.9632811114782
2022-03-17,433.5899963378906,441.0700073242187,25.670000076293945,24.940000534057617,83.22644621525623,-326.75959502035425,-126.67298076011983,-139.82172276418547,-139.82172276418547,-455.6105736660682,-101.01530816931829,-101.01530816931829,-506.5089684426368,-62.080271324218494,-62.080271324218494,-506.5089684426368,-62.080271324218494,-62.080271324218494
2022-03-18,438.0,444.5199890136719,23.8700008392334,22.190000534057617,77.43627333327146,-579.0172881984773,-141.67586281319268,-101.55909702527916,-101.55909702527916,-451.1813250835127,26.635550328362513,26.635550328362513,-414.17635699209023,55.13286902361292,55.13286902361292,-408.12687788293897,58.74877071184918,58.74877071184918
2022-03-21,444.3399963378906,444.3900146484375,23.530000686645508,22.729999542236328,75.97757778180858,-145.86955514628812,-62.94007052334367,288.0198103996743,288.0198103996743,111.50389292091745,414.4214046265659,414.4214046265659,167.7205008052886,442.55098491794223,442.55098491794223,179.6079472899369,446.2539915081061,446.2539915081061
2022-03-22,445.8599853515625,449.5899963378906,22.940000534057617,22.56999969482422,74.26208201175226,-171.54957700563216,-110.21813856944968,-110.21813856944968,333.32468916927553,16.20611865328454,16.20611865328454,502.97070527357704,44.77999348221944,44.77999348221944,554.2664736200572,48.74634632475743,48.74634632475743,563.7491756096736
2022-03-23,446.9100036621094,443.7999877929687,23.56999969482422,23.209999084472656,75.8454232209371,158.33412091848516,236.96652930196967,236.96652930196967,-133.7564214948497,377.7050708699217,377.7050708699217,-97.78530273759608,414.41405706059584,414.41405706059584,-53.63961091271181,420.6712020842225,420.6712020842225,-45.857340241952315
2022-03-24,445.94000244140625,450.489990234375,21.670000076293945,20.420000076293945,70.00643913609645,-583.8984084840661,-164.46900888627064,-164.46900888627064,317.39363234493715,-108.02154748744482,-108.02154748744482,469.7869330298694,-89.28996009802239,-89.28996009802239,508.3998635453204,-87.44206847579338,-87.44206847579338,513.7099576522013
2022-03-25,451.1600036621094,452.69000244140625,20.809999465942383,18.450000762939453,67.3192377980254,-268.72013380710484,55.0124062416163,55.0124062416163,125.86161703407939,144.16599257314127,144.16599257314127,259.4764617270007,156.77403940218883,156.77403940218883,286.91813974998763,157.66985979918812,157.66985979918812,289.59887153348967
2022-03-28,452.05999755859375,455.9100036621094,19.6299991607666,17.81999969482422,63.551713961944614,-376.7523836080784,-172.28553991758596,-172.28553991758596,248.55495325076794,-169.43503789244963,-169.43503789244963,356.5388215270353,-155.45023408757743,-155.45023408757743,374.06838665518023,-154.41895348538026,-154.41895348538026,375.3381022930505
2022-03-29,460.0199890136719,461.5499877929687,18.899999618530273,17.540000915527344,61.9645526920165,-158.71612699281172,-121.96076647948982,160.55389635677633,31.411549410583262,-111.42078082714015,238.5172932064133,193.0133324389751,-70.618423674941,247.5051655303785,230.63623136126026,-65.63197079358274,247.96702475522582,234.64815470358164
2022-03-30,460.3399963378906,458.7000122070313,19.329999923706055,17.43000030517578,62.76061068704979,79.60579950332942,14.495661669874218,185.03869648145005,-130.05363408227632,189.87502787757674,262.4781381122595,-108.89227453893878,234.76013746997663,271.3801673818495,-75.87608229436357,240.41384352622907,271.8420275880151,-72.6169145756373
2022-03-31,457.8900146484375,451.6400146484375,20.559999465942383,18.399999618530273,65.75777345792645,299.7162770876656,7.306498544766507,-166.1813180059955,-166.1813180059955,123.31722449648116,-400.7602018965788,-400.7602018965788,145.59968259006374,-384.6928287578727,-384.6928287578727,147.87041180701016,-383.4879842593884,-383.4879842593884
2022-04-01,453.30999755859375,452.9200134277344,19.6299991607666,16.0,62.79729954569558,-296.0473912230867,45.7608697698898,101.21209308321218,101.21209308321218,148.7214351025133,170.6067025623761,170.6067025623761,163.5300832018168,176.96585388724324,176.96585388724324,164.40951855889236,177.17358524158445,177.17358524158445
2022-04-04,453.1300048828125,456.7999877929687,18.56999969482422,15.760000228881836,59.539961897518054,-325.73376481775256,-167.21460001997175,129.46418194945508,129.46418194945508,-250.8816202388638,198.83321799024165,198.83321799024165,-238.0999218080297,205.08393405322306,205.08393405322306,-237.42023691928262,205.27892333792232,205.27892333792232
2022-04-05,455.2200012207031,451.0299987792969,21.030000686645508,18.6200008392334,66.64123515361928,710.1273256101223,279.5325323166986,-73.77709427588607,-125.86378231958656,456.0539090916796,14.07327900710145,-361.53389265600777,504.80129769262584,26.101639721547333,-321.62955538811536,511.9801609922224,26.902992307398478,-316.7541133888189
2022-04-06,446.8900146484375,446.5199890136719,22.100000381469727,19.63999938964844,69.63561329669133,299.4378143072055,184.61774444420874,184.61774444420874,2.3303126250705986,291.67861079586345,291.67861079586345,128.22734513488302,311.0409543815932,311.0409543815932,153.9947767736474,312.9770547543862,312.9770547543862,156.68878448747438
2022-04-07,445.5899963378906,448.7699890136719,21.549999237060547,19.049999237060547,67.9007050009285,-173.49082957628355,-110.64856127746589,-52.7962093566533,244.76807918929885,-299.50683202660485,36.485816760292145,396.0126631309496,-244.77126049056335,49.068339309457244,431.4439927878686,-236.24793799372964,49.953214385472286,435.5344010458614
2022-04-08,447.9700012207031,447.5700073242187,21.15999984741211,17.299999237060547,66.50537686587171,-139.53281350567863,79.63670592091033,79.37539886693904,79.37539886693904,184.0597885617722,164.65904686925182,164.65904686925182,200.7463240005597,175.10765572562883,175.10765572562883,201.99182354639413,175.63217761359897,175.63217761359897
2022-04-11,444.1099853515625,439.9200134277344,24.3700008392334,22.850000381469727,75.97233567197765,946.6958806105936,365.72352767854386,-149.72912259324326,-149.72912259324326,536.0748995722396,-29.27692941246962,-29.27692941246962,589.9659464079688,-0.1399775400195069,-0.1399775400195069,601.2017741101511,3.784362627797735,3.784362627797735
2022-04-12,443.0799865722656,438.2900085449219,24.260000228881836,22.489999771118164,75.53875858339927,-43.35770885783745,190.49522631821281,-147.112660196645,-147.112660196645,338.81191260408843,-185.61390731893061,-185.61390731893061,379.42190317447887,-154.72590820129597,-154.72590820129597,386.5933249004724,-150.5023794563708,-150.5023794563708
2022-04-13,438.0299987792969,443.30999755859375,21.81999969482422,19.149999618530273,67.89247703849338,-764.6281544905889,-155.23092335314212,0.8827499529875182,0.8827499529875182,-368.21650162561383,99.60152964347778,99.60152964347778,-345.23725779794137,114.71916184686613,114.71916184686613,-342.87271987370855,115.80195498527821,115.80195498527821
2022-04-14,443.5499877929687,437.7900085449219,22.700000762939453,19.34000015258789,70.57980082997449,268.73237914811057,133.38097373982973,-169.67425936246025,-169.67425936246025,266.2120668508435,-293.69885174252687,-293.69885174252687,295.6475486792332,-278.93541719771275,-278.93541719771275,299.1978290327756,-277.85737243055934,-277.85737243055934
2022-04-18,436.80999755859375,437.9700012207031,22.170000076293945,20.8799991607666,68.51640265475157,-206.33981752229147,43.74095512414831,43.74095512414831,152.02346912585688,157.22212566640525,157.22212566640525,286.20121761031714,179.49111807357426,179.49111807357426,316.3445269312813,179.49111807357426,179.49111807357426,316.3445269312813
2022-04-19,437.8599853515625,445.0400085449219,21.3700008392334,20.700000762939453,65.83945264539625,-267.69500093553233,-149.98530385581043,-156.86645975784367,-156.86645975784367,-522.2470396109364,-45.0012479544432,-45.0012479544432,-497.71818631144816,-22.767060342151545,-22.767060342151545,-494.00059815843804,-20.52798369294504,-20.52798369294504
2022-04-20,446.9200134277344,444.7099914550781,20.31999969482422,19.299999237060547,62.523825632643394,-331.5627012752856,305.71180231047595,305.71180231047595,-151.7349273214567,409.8842961552141,409.8842961552141,-58.41917008931221,428.00863635682356,428.00863635682356,-34.44907021118279,429.71682859502766,429.71682859502766,-32.11004849671186
2022-04-21,448.5400085449219,438.05999755859375,22.68000030517578,22.209999084472656,69.69633149656192,717.2505863918531,-133.8797973395952,-149.81703933412726,-149.81703933412726,-171.52696109438398,-521.721888151971,-521.721888151971,-126.40703052237427,-686.9746941284516,-686.9746941284516,-117.99005739861619,-683.2124333158321,-683.2124333158321
2022-04-22,436.9100036621094,426.0400085449219,28.209999084472656,29.06999969482422,86.70262686646973,1700.6295369907803,-120.66952302881512,-120.66952302881512,-114.61437602704373,-332.5384691864578,-332.5384691864578,-418.73804784192293,-265.166845603158,-265.166845603158,-739.3378480613862,-265.166845603158,-265.166845603158,-739.3378480613862
2022-04-25,423.6700134277344,428.510009765625,27.020000457763672,28.950000762939453,82.62531193762311,-407.73149288466186,-115.70574781312823,23.615983954490694,23.615983954490694,-272.3049397002003,197.41583611744707,197.41583611744707,-196.80178918745776,255.7240407967283,255.7240407967283,-196.80178918745776,255.7240407967283,255.7240407967283
2022-04-26,425.8299865722656,416.1000061035156,33.52000045776367,37.7400016784668,102.23286657694155,1960.7554639318437,-99.1254082847494,-99.1254082847494,-90.77513484546566,-257.1810354082313,-257.1810354082313,-339.46034163137824,-145.89212483429714,-145.89212483429714,-598.937700871989,-145.89212483429714,-145.89212483429714,-598.937700871989
2022-04-27,417.239990234375,417.2699890136719,31.600000381469727,34.81999969482422,96.58383468993247,-564.9031887009073,166.41240425474385,166.41240425474385,123.16737726789987,381.2615140920808,381.2615140920808,343.5348148093258,475.8852662044192,475.8852662044192,442.02543018401576,475.8852662044192,475.8852662044192,442.02543018401576
2022-04-28,422.2900085449219,427.80999755859375,29.989999771118164,32.25,90.8122179777792,-577.1616712153275,-112.55440616104303,-112.55440616104303,109.1177989616792,-192.0074998034515,-192.0074998034515,315.68186906168836,-109.69816412530272,-109.69816412530272,400.98591501346107,-109.69816412530272,-109.69816412530272,400.98591501346107
2022-04-29,423.5899963378906,412.0,33.400001525878906,36.11000061035156,101.96815383228014,1115.593585450094,-98.23247199827458,-102.52519373997907,-102.52519373997907,-163.96816967071643,-378.8389132069615,-378.8389132069615,-49.87963837851732,-576.5255021049654,-576.5255021049654,-49.87963837851732,-576.5255021049654,-576.5255021049654
2022-05-02,412.0700073242187,414.4800109863281,32.34000015258789,35.400001525878906,98.24438216010256,-372.3771672177577,-54.61221916840524,-54.61221916840524,345.1281513238594,160.17160931709674,160.17160931709674,567.6682053051433,160.17160931709674,160.17160931709674,567.6682053051433,254.70977020526564,254.70977020526564,668.2163723672821
2022-05-03,415.010009765625,416.3800048828125,29.25,31.61000061035156,89.38117812821292,-886.3204031889637,-102.14805913487376,242.1960325695263,37.61588239660545,-15.992010780134455,427.81860596254865,264.3424904361257,-15.992010780134455,427.81860596254865,264.3424904361257,86.09963070336678,495.9052297872819,366.37985188686434
2022-05-04,417.0799865722656,429.05999755859375,25.420000076293945,26.15999984741211,76.81222796472105,-1256.8950163491877,-136.43398727820505,-136.43398727820505,-130.06532315106833,-483.55501683104836,-483.55501683104836,-372.57300940829873,-845.1685236458684,-845.1685236458684,-322.9624100775972,-845.1685236458684,-845.1685236458684,-322.9624100775972
2022-05-05,424.5499877929687,413.80999755859375,31.200000762939453,33.25,94.80596513914713,1799.3737174426087,-100.12248724016467,-111.70896307916573,-93.12744789831237,10.382303015121488,-408.7091437350456,-348.83276682972314,118.94588959192046,-444.80070933200443,-728.2955871115743,118.94588959192046,-444.80070933200443,-728.2955871115743
2022-05-06,411.1000061035156,411.3399963378906,30.190000534057617,29.790000915527344,92.41684861855049,-238.91165205966445,239.28894497816307,239.28894497816307,21.261430953629535,410.9334879222249,410.9334879222249,220.48008681124784,410.9334879222249,410.9334879222249,220.48008681124784,468.40118111340325,468.40118111340325,297.69906782124724
2022-05-09,405.1000061035156,398.1700134277344,34.75,36.650001525878906,106.61834214794179,1420.14935293913,222.84649565695352,-106.85636549798582,-93.0000181774883,466.5386757614708,-75.90753595474064,-347.7278857436968,466.5386757614708,-75.90753595474064,-347.7278857436968,589.9560358009342,17.313142081554012,-407.96498292020635
2022-05-10,404.489990234375,399.0899963378906,32.9900016784668,34.70000076293945,101.83716417296607,-478.1177974975719,308.09187754952734,-112.23672731807747,-112.23672731807747,535.799229877939,-1.418273728670647,-1.418273728670647,535.799229877939,-1.418273728670647,-1.418273728670647,642.6125314509621,80.40033187048435,80.40033187048435
2022-05-11,398.0700073242187,392.75,32.560001373291016,33.91999816894531,102.42555479531235,58.83906223462816,164.35177547136098,-113.38750035489406,-113.38750035489406,370.1384281805449,-139.39228600761632,-139.39228600761632,370.1384281805449,-139.39228600761632,-139.39228600761632,456.3251118853375,-60.592102244671175,-60.592102244671175
2022-05-12,389.3699951171875,392.3399963378906,31.770000457763672,33.31999969482422,100.54739933862132,-187.8155456691033,-107.1588877832884,145.48872274716265,145.48872274716265,-128.01264816915943,329.4880356237388,329.4880356237388,-128.01264816915943,329.4880356237388,329.4880356237388,-35.793289565494945,396.0334271571211,396.0334271571211
2022-05-13,396.7099914550781,401.7200012207031,28.8700008392334,29.3799991607666,90.5351810392246,-1001.2218299396721,-130.6988517221587,-130.6988517221587,206.902401018122,-138.82959878630177,-138.82959878630177,388.47997604538693,-138.82959878630177,-138.82959878630177,388.47997604538693,-86.88216615026596,-86.88216615026596,451.4133799175573
2022-05-16,399.9800109863281,400.0899963378906,27.469999313354492,28.520000457763672,87.34517236079147,-319.0008678433131,-110.414922347141,354.8936800842451,-99.34146457730259,84.54087394531172,507.9896908058167,107.25088163141939,84.54087394531172,507.9896908058167,107.25088163141939,165.55755841037862,552.0441532227462,187.82859438189323
2022-05-17,406.5299987792969,408.3200073242187,26.100000381469727,26.920000076293945,81.30280078951044,-604.2371571281024,29.412691759122445,29.412691759122445,206.59512503761837,178.25227192950447,178.25227192950447,378.8048895948973,178.25227192950447,178.25227192950447,378.8048895948973,220.00830072572677,220.00830072572677,434.00556205178674
2022-05-18,403.5,391.8599853515625,30.959999084472656,32.29999923706055,98.07443450364218,1677.1633714131738,-111.70810459482433,-118.27787949804966,-118.27787949804966,-222.36914358261973,-429.7432937752309,-429.7432937752309,-222.36914358261973,-429.7432937752309,-429.7432937752309,-138.6058117440837,-673.7619045032785,-673.7619045032785
2022-05-19,388.6199951171875,389.4599914550781,29.350000381469727,30.690000534057617,95.22111117257076,-285.33233310714223,-64.48722550120502,317.6686718318105,317.6686718318105,123.98457188789854,485.4829114301182,485.4829114301182,123.98457188789854,485.4829114301182,485.4829114301182,194.4895884180818,539.2600636980043,539.2600636980043
2022-05-20,393.25,389.6300048828125,29.43000030517578,29.190000534057617,95.22262082363035,0.15096510595924428,338.7154344237952,-131.32811234752958,-131.32811234752958,515.211792442884,-6.563447764743932,-6.563447764743932,515.211792442884,-6.563447764743932,-6.563447764743932,576.2232341412692,42.7151906933579,42.7151906933579
2022-05-23,392.8299865722656,396.9200134277344,28.479999542236328,28.979999542236328,90.02305902441876,-519.9561799211594,-127.78813377378208,177.7342654812198,177.7342654812198,-150.21313411260542,341.3941484586299,341.3941484586299,-150.21313411260542,341.3941484586299,341.3941484586299,-94.22369808238341,391.77008545721264,391.77008545721264
2022-05-24,392.55999755859375,393.8900146484375,29.450000762939453,29.479999542236328,93.2055461421769,318.2487117758143,-16.705087888457037,261.9351923978609,261.9351923978609,153.1091578716502,431.83972747975895,431.83972747975895,153.1091578716502,431.83972747975895,431.83972747975895,209.3870638092893,486.57601467607265,486.57601467607265
2022-05-25,392.30999755859375,397.3699951171875,28.3700008392334,27.3700008392334,89.38571778439135,-381.98283577855534,-136.98793842003846,-136.98793842003846,129.7286924596026,-222.1360747458018,-222.1360747458018,287.07437760645485,-222.1360747458018,-222.1360747458018,287.07437760645485,-178.42344509019992,-178.42344509019992,332.58246133806267
2022-05-26,398.6700134277344,405.30999755859375,27.5,25.670000076293945,84.5845744155724,-480.11433688189413,-130.5758920903255,-146.91720886718295,-146.91720886718295,-467.6760592648275,-44.82419102849955,-44.82419102849955,-467.6760592648275,-44.82419102849955,-44.82419102849955,-448.93482267840017,-13.363645933313892,-13.363645933313892
2022-05-27,407.9100036621094,415.260009765625,25.719999313354492,23.1299991607666,77.29409161501226,-729.0482800560142,-145.60339601178393,-152.35484602224824,-152.35484602224824,-510.07779998275066,-55.04000021382416,-55.04000021382416,-510.07779998275066,-55.04000021382416,-55.04000021382416,-503.1075405359555,-29.182226187701875,-29.182226187701875
2022-05-31,413.5499877929687,412.9299926757813,26.190000534057617,25.90999984741211,78.59701112737454,130.291951236228,79.12754076989506,152.26825720257685,152.26825720257685,247.82337974030176,296.37238253523884,296.37238253523884,247.82337974030176,296.37238253523884,296.37238253523884,302.2273536849253,334.2198975184368,334.2198975184368
2022-06-01,415.1700134277344,409.5899963378906,25.690000534057617,25.1200008392334,78.25214418812989,-34.48669392446533,346.4378049526498,-147.5403999887835,-115.35758319071833,543.2539172189304,-56.04186065387824,-425.46088646242856,543.2539172189304,-56.04186065387824,-425.46088646242856,615.2755563230089,-24.388651670524396,-401.28390132654323
2022-06-02,409.4200134277344,417.3900146484375,24.719999313354492,23.56999969482422,73.54939400421921,-470.27501839106804,-125.78210524750448,-157.30978467956797,-157.30978467956797,-456.1507596613092,-280.2745873582662,-280.2745873582662,-456.1507596613092,-280.2745873582662,-280.2745873582662,-643.435987647231,-257.2597323199938,-257.2597323199938
2022-06-03,412.3999938964844,410.5400085449219,24.790000915527344,23.049999237060547,75.60034842874099,205.09544245217768,296.33249875102723,296.33249875102723,-93.0413249721145,425.33256240040936,425.33256240040936,38.78734427471746,425.33256240040936,425.33256240040936,38.78734427471746,455.177629386155,455.177629386155,68.63127582743277
2022-06-06,414.7799987792969,411.7900085449219,25.06999969482422,25.56999969482422,75.53858483711821,-6.1763591622778335,204.72807185061973,33.78057160334682,-110.03316916470284,395.0560908727091,170.21476345437205,-230.23799879215377,395.0560908727091,170.21476345437205,-230.23799879215377,463.43984487872825,203.95738124566367,-156.9644846522193
2022-06-07,408.1000061035156,415.739990234375,24.020000457763672,24.229999542236328,71.73105528591498,-380.7529551203231,-139.18546842746872,-148.07808294821606,-148.07808294821606,-492.1070847951721,-91.2977317901259,-91.2977317901259,-492.1070847951721,-91.2977317901259,-91.2977317901259,-526.2547927055535,-61.38764447362963,-61.38764447362963
2022-06-08,413.9299926757813,411.2200012207031,23.959999084472656,23.90999984741211,72.91135528385136,118.02999979363875,247.77992839883322,-30.35238030866234,-30.35238030866234,410.45256051091604,93.59816490247253,93.59816490247253,410.45256051091604,93.59816490247253,93.59816490247253,459.07943889556566,120.31609613718331,120.31609613718331
2022-06-09,409.3399963378906,401.44000244140625,26.09000015258789,27.540000915527344,81.1559566085893,824.4601324737943,26.985748647971853,-136.87188340546507,-136.87188340546507,217.48814170424433,-341.37754314837287,-341.37754314837287,217.48814170424433,-341.37754314837287,-341.37754314837287,288.14694860365375,-298.58287197958026,-298.58287197958026
2022-06-10,394.8800048828125,389.7999877929687,27.75,28.780000686645508,89.43799809720917,828.2041488619868,368.4011382604058,-136.52539985438105,-107.5546745055764,569.8920315296257,-4.2456183921654596,-399.4852266111659,569.8920315296257,-4.2456183921654596,-399.4852266111659,648.9350713926287,39.24012262584602,-337.9637131807588
2022-06-13,379.8500061035156,375.0,34.02000045776367,38.86000061035156,108.10611476296934,1866.8116665760167,404.14886924092843,-107.3536204100524,-91.97706825570046,643.8816062484071,105.42327772688756,-344.4350752519846,643.8816062484071,105.42327772688756,-344.4350752519846,763.2931826270709,197.4516281481346,-219.62380168134032
2022-06-14,376.8500061035156,373.8699951171875,32.689998626708984,36.95000076293945,106.02006295398068,-208.60518089886568,275.36307001205915,275.36307001205915,-105.94383335623584,478.91206858980905,478.91206858980905,-3.668673411744925,478.91206858980905,478.91206858980905,-3.668673411744925,563.0116513157993,563.0116513157993,89.47825971932753
2022-06-15,377.3599853515625,379.2000122070313,29.6200008392334,32.529998779296875,97.63181789715928,-838.8245056821404,-42.71085203339562,-42.71085203339562,300.02021845028355,137.28225948832494,137.28225948832494,484.4753593759367,137.28225948832494,137.28225948832494,484.4753593759367,201.46920256757176,201.46920256757176,550.4121140964759
2022-06-16,370.510009765625,366.6499938964844,32.95000076293945,36.58000183105469,109.9549429705214,1232.312507336212,48.772321325114,48.772321325114,-101.21361405903536,48.772321325114,48.772321325114,-101.21361405903536,242.0941058415746,242.0941058415746,-210.84979738775118,316.79516377544945,316.79516377544945,-109.25933241447377
2022-06-17,365.510009765625,365.8599853515625,31.1299991607666,30.399999618530273,107.27245154899053,-268.24914215308695,274.78397179550274,274.78397179550274,-28.832320060012172,274.78397179550274,274.78397179550274,-28.832320060012172,422.23436823770226,422.23436823770226,163.9777638066967,462.85383998633205,462.85383998633205,233.42630631014154
2022-06-21,371.8900146484375,375.0700073242187,30.190000534057617,30.3799991607666,100.23275373992281,-703.9697809067718,-133.5604546512574,-133.5604546512574,367.86316756403284,-133.5604546512574,-133.5604546512574,367.86316756403284,17.822982106171615,17.822982106171615,541.0858496614651,65.99831041463753,65.99831041463753,597.5678128813723
2022-06-22,370.6199951171875,374.3900146484375,28.950000762939453,28.299999237060547,98.4274054743113,-180.53482656115136,-85.41210387606421,-85.41210387606421,319.2073715262175,-85.41210387606421,-85.41210387606421,319.2073715262175,49.18988726893863,49.18988726893863,500.81278503500505,82.18275963280959,82.18275963280959,560.7025359831388
2022-06-23,376.6400146484375,378.05999755859375,29.049999237060547,28.290000915527344,96.4792374712006,-194.81680031106947,52.61376814223515,52.61376814223515,177.40456392857843,196.38317471324828,196.38317471324828,343.0974284643452,196.38317471324828,196.38317471324828,343.0974284643452,235.02793251869727,235.02793251869727,393.4789506440472
2022-06-24,381.3999938964844,390.0799865722656,27.229999542236328,26.040000915527344,86.94034997577663,-953.8887495423978,-151.08452427903708,-151.08452427903708,-132.4195561651454,-524.2642824415777,-524.2642824415777,16.779773299547763,-524.2642824415777,-524.2642824415777,16.779773299547763,-503.3141832825211,-503.3141832825211,60.43458105523152
2022-06-27,391.0499877929687,388.5899963378906,26.950000762939453,25.809999465942383,86.8836121816509,-5.673779412572344,208.64872517760878,208.64872517760878,-127.33693725171983,336.6130261441096,336.6130261441096,-101.68821756357859,336.6130261441096,336.6130261441096,-101.68821756357859,366.08572631551976,366.08572631551976,-52.17959332556348
2022-06-28,390.2300109863281,380.6499938964844,28.36000061035156,27.18000030517578,93.45250130445444,656.888912280354,-46.295302988247066,-145.32336338160158,-114.96037727127374,153.6467709772788,-443.9436894609653,-423.76436468936436,153.6467709772788,-443.9436894609653,-423.76436468936436,228.68368523935973,-410.08223953192845,-792.0993250540164
2022-06-29,381.2300109863281,380.3399963378906,28.15999984741211,26.559999465942383,93.19665773510195,-25.584356935249275,316.6708382412064,316.6708382412064,-94.99834627048608,446.4182831458439,446.4182831458439,68.75415383067124,446.4182831458439,446.4182831458439,68.75415383067124,476.89881396364115,476.89881396364115,116.65233074609354
2022-06-30,376.239990234375,377.25,28.709999084472656,26.86000061035156,95.7482635078638,255.1605772761846,125.4491971144528,125.4491971144528,95.76533407011104,254.8279571082263,254.8279571082263,259.03125909394186,254.8279571082263,254.8279571082263,259.03125909394186,285.1173971250629,285.1173971250629,306.57874160690847
2022-07-01,376.55999755859375,381.239990234375,26.700000762939453,23.559999465942383,90.11799155628215,-563.0271951581648,-164.79839737333288,-164.79839737333288,232.08183370914844,-183.68317634707907,-183.68317634707907,366.92362038500454,-183.68317634707907,-183.68317634707907,366.92362038500454,-164.98334882349718,-164.98334882349718,396.5668312744023
2022-07-05,375.8800048828125,381.9599914550781,27.540000915527344,27.34000015258789,90.75709132785114,63.909977156899345,-148.52527579793994,-148.52527579793994,179.94459917069568,-213.49590599210978,-213.49590599210978,353.03602365155257,-213.49590599210978,-213.49590599210978,353.03602365155257,-182.4061530654465,-182.4061530654465,406.91919605903155
2022-07-06,382.1099853515625,383.25,26.729999542236328,25.950000762939453,88.62386695230055,-213.3224375550597,27.769249387658924,27.769249387658924,185.24604810760613,161.17045560102898,161.17045560102898,329.8314846386048,161.17045560102898,161.17045560102898,329.8314846386048,193.6735836711534,193.6735836711534,366.6889754634693
2022-07-07,385.1199951171875,388.989990234375,26.079999923706055,24.790000915527344,84.26627693102841,-435.7590021272131,-116.68675436266513,-58.56261166599135,279.9980573848916,-330.3713317681418,54.14479725200534,459.41759289905855,-330.3713317681418,54.14479725200534,459.41759289905855,-270.0041612113973,75.84236702668699,514.122709361648
2022-07-08,387.2699890136719,388.6700134277344,24.63999938964844,21.90999984741211,81.97014149561096,-229.61354354174546,-30.95869713770052,-30.95869713770052,209.24835498840363,75.02365163123929,75.02365163123929,322.33419119419204,75.02365163123929,75.02365163123929,322.33419119419204,93.75847597588515,93.75847597588515,342.4478123985315
2022-07-11,385.8500061035156,384.2300109863281,26.170000076293945,24.459999084472656,86.77480814748351,480.46666518725516,263.0548777151947,263.0548777151947,-129.65558218421444,375.41290968975284,375.41290968975284,-46.3558336130099,375.41290968975284,375.41290968975284,-46.3558336130099,397.1685660959915,397.1685660959915,-2.6276363872439235
2022-07-12,383.6499938964844,380.8299865722656,27.290000915527344,27.1299991607666,90.44133628784223,366.65281403587215,287.5135575934994,-61.6740657123817,-61.6740657123817,452.7647676432975,75.33786586861274,75.33786586861274,452.7647676432975,75.33786586861274,75.33786586861274,504.40045291175494,108.98619212064025,108.98619212064025
2022-07-13,375.1000061035156,378.8299865722656,26.81999969482422,25.940000534057617,90.86319298710754,42.18566992653052,-116.37565097288737,-39.92576043660885,265.20989769000704,-312.5496785181094,76.9414434056692,447.67504620538534,-312.5496785181094,76.9414434056692,447.67504620538534,-250.26174376235684,100.55832481243436,505.0135994451511
2022-07-14,373.6099853515625,377.9100036621094,26.399999618530273,25.219999313354492,90.76271287111285,-10.04801159946851,-137.94049210790612,51.76825599537727,51.76825599537727,-137.94049210790612,51.76825599537727,51.76825599537727,-280.75595121409555,167.5554176670321,167.5554176670321,-241.3521109130456,190.13310176621462,190.13310176621462
2022-07-15,382.5499877929687,385.1300048828125,24.229999542236328,22.13999938964844,83.01276827988065,-774.9944591232207,-160.92634962592385,325.58280242802726,325.58280242802726,-63.67275962316923,433.49894038614934,433.49894038614934,-63.67275962316923,433.49894038614934,433.49894038614934,-43.359098632934256,451.75256653247806,451.75256653247806
2022-07-18,388.3800048828125,381.9500122070313,25.299999237060547,25.600000381469727,86.37620473356162,336.34364536809755,59.010581424742604,-149.06568715280565,-149.06568715280565,211.75600758747464,-324.8412578328939,-324.8412578328939,211.75600758747464,-324.8412578328939,-324.8412578328939,254.91982437668443,-295.6371257453047,-295.6371257453047
2022-07-19,386.0799865722656,392.2699890136719,24.5,26.200000762939453,78.86245113929537,-751.3753594266248,-149.97697396685973,-149.97697396685973,145.52637742100137,-248.36826563778197,-248.36826563778197,311.98275826266683,-248.36826563778197,-248.36826563778197,311.98275826266683,-218.540590117226,-218.540590117226,361.43432190904804
2022-07-20,392.4700012207031,394.7699890136719,23.8799991607666,25.18000030517578,76.3660786348546,-249.6372504440771,-121.89878955190247,-121.89878955190247,333.6493111622491,15.431102214678985,15.431102214678985,472.16814166212794,15.431102214678985,15.431102214678985,472.16814166212794,50.00443155405863,50.00443155405863,505.8740178069138
2022-07-21,394.1600036621094,398.7900085449219,23.11000061035156,23.440000534057617,72.78328639491095,-358.27922399436574,-131.93170792010065,-41.54558386688658,-41.54558386688658,-353.46169113857405,66.21933654700365,66.21933654700365,-353.46169113857405,66.21933654700365,66.21933654700365,-309.97498060722603,85.45126360384464,85.45126360384464
2022-07-22,398.9200134277344,395.0899963378906,23.030000686645508,22.09000015258789,74.6821748590606,189.88884641496497,352.6412642418712,-159.13219435572225,-159.13219435572225,497.78909171999135,-59.777040328347496,-59.777040328347496,497.78909171999135,-59.777040328347496,-59.777040328347496,533.5659689587651,-44.01484905133899,-44.01484905133899
2022-07-25,395.75,395.5700073242187,23.36000061035156,23.09000015258789,74.7071885482497,2.5013689189108845,278.27287834117874,278.27287834117874,-73.38935651580273,383.31253398350424,383.31253398350424,84.36948880584109,383.31253398350424,383.31253398350424,84.36948880584109,401.865259799743,401.865259799743,125.64005852955961
2022-07-26,393.8399963378906,390.8900146484375,24.690000534057617,24.950000762939453,79.43181547070341,472.4626922453709,279.11125544473447,-63.88942453879205,-63.88942453879205,438.7092310587843,59.11044110154771,59.11044110154771,438.7092310587843,59.11044110154771,59.11044110154771,485.416878460147,85.29749636891947,85.29749636891947
2022-07-27,394.3599853515625,401.0400085449219,23.239999771118164,22.13999938964844,71.3018025036569,-813.0012967046512,-131.95797854023434,-171.3397351685071,-171.3397351685071,-477.0678712750755,-180.3767022388577,-180.3767022388577,-477.0678712750755,-180.3767022388577,-180.3767022388577,-541.1075507693639,-166.11520879232594,-166.11520879232594
2022-07-28,401.8900146484375,406.0700073242187,22.329999923706055,20.809999465942383,67.03079491827118,-427.10075853857177,-169.61037759607828,-169.61037759607828,238.96707905376252,-178.68712446671955,-178.68712446671955,356.9079275922419,-178.68712446671955,-178.68712446671955,356.9079275922419,-163.001740740249,-163.001740740249,378.5120897191481
2022-07-29,407.5799865722656,411.989990234375,21.329999923706055,18.56999969482422,62.24450835969135,-478.6286558579832,-172.38946369899966,126.0804248765165,126.0804248765165,-278.8975449152457,213.940051690892,213.940051690892,-278.8975449152457,213.940051690892,213.940051690892,-266.0197959270675,224.74436057651513,224.74436057651513
2022-08-01,409.1499938964844,410.7699890136719,22.84000015258789,21.940000534057617,65.30180996871881,305.7301609027462,-133.6954960097195,256.4116700245239,256.4116700245239,-57.34053027961521,358.1295555056568,358.1295555056568,-57.34053027961521,358.1295555056568,358.1295555056568,-17.035322887847148,374.8881964608045,374.8881964608045
2022-08-02,409.1199951171875,408.05999755859375,23.93000030517578,23.25,68.43592640944414,313.41164407253217,63.41076119898259,147.60682832415844,147.60682832415844,224.19719574240682,261.81723975456543,261.81723975456543,224.19719574240682,261.81723975456543,261.81723975456543,270.4605260139383,283.8919919787262,283.8919919787262
2022-08-03,410.2999877929687,414.4500122070313,21.950000762939453,20.559999465942383,61.80074258001892,-663.5183829425216,-116.28799640232047,-122.41991083005709,317.78356828989706,-383.0899655982205,-35.3855322107661,476.55419078767045,-383.0899655982205,-35.3855322107661,476.55419078767045,-333.7119066392877,-23.596968078835555,514.9882050943436
2022-08-04,414.3699951171875,414.1700134277344,21.440000534057617,19.690000534057617,60.88840618395625,-91.23363960626705,-51.65032724058813,235.48720524276908,235.48720524276908,95.24283930245358,316.8668435108244,316.8668435108244,95.24283930245358,316.8668435108244,316.8668435108244,128.74549033738816,326.6928610531081,326.6928610531081
2022-08-05,409.6600036621094,413.4700012207031,21.149999618530273,19.31999969482422,60.59901805112885,-28.938813282739773,-129.93422368493273,-34.076868092217815,230.68494011250758,-325.0002367471512,40.55569780491284,402.28767243364786,-325.0002367471512,40.55569780491284,402.28767243364786,-290.8259637923991,48.569285156052565,443.1102891890263
2022-08-08,415.25,412.989990234375,21.290000915527344,19.93000030517578,60.81098274108378,21.196468995492523,83.60752944619206,118.61192050746715,-127.0285534608096,258.5144844653923,201.76153456208678,-170.16903745259697,258.5144844653923,201.76153456208678,-170.16903745259697,305.1383116659219,212.31608508203254,-133.01099716455707
2022-08-09,412.2200012207031,411.3500061035156,21.770000457763672,20.809999465942383,62.36093313284658,154.9950391762806,201.88472768816047,201.88472768816047,-21.073831955933663,309.1623596577197,309.1623596577197,94.73606577601979,309.1623596577197,309.1623596577197,94.73606577601979,328.4623866632467,328.4623866632467,116.0751807910187
2022-08-10,418.7799987792969,419.989990234375,19.739999771118164,17.59000015258789,54.58276537476826,-777.8167758078325,-150.33507996233857,305.5565910911237,305.5565910911237,-32.919668019062186,372.3879497025664,372.3879497025664,-13.60179467710669,378.3225206895632,378.3225206895632,-13.60179467710669,378.3225206895632,378.3225206895632
2022-08-11,422.989990234375,419.989990234375,20.200000762939453,18.030000686645508,55.34291389486397,76.01485200957114,334.4116105919905,-179.85105512270573,-179.85105512270573,436.74685247344144,-98.5399690544263,-98.5399690544263,452.51730208339393,-88.99855767298784,-88.99855767298784,452.51730208339393,-88.99855767298784,-88.99855767298784
2022-08-12,422.0299987792969,427.1000061035156,19.530000686645508,16.780000686645508,51.11713230962451,-422.578158523946,-188.76303055631783,-188.76303055631783,117.88250768907992,-326.4395610267127,-326.4395610267127,206.64579231878557,-319.1481558859537,-319.1481558859537,216.71993697846793,-319.1481558859537,-319.1481558859537,216.71993697846793
2022-08-15,424.7699890136719,428.8599853515625,19.950000762939453,18.540000915527344,51.02230133008666,-9.483097953784636,-127.67680350702531,-74.07190765606694,267.28267072964115,-358.7532029052005,-0.5792305277522147,434.62838963368546,-323.6479252927644,7.161996634183756,473.35990756405164,-323.6479252927644,7.161996634183756,473.35990756405164
2022-08-16,427.7300109863281,429.7000122070313,19.690000534057617,18.600000381469727,50.10865477001323,-91.36465600734311,-134.80901750242006,298.7814588009303,298.7814588009303,-31.401723252703405,392.42350020007046,392.42350020007046,-14.521069851398602,405.394673611196,405.394673611196,-14.521069851398602,405.394673611196,405.394673611196
2022-08-17,425.9100036621094,426.6499938964844,19.899999618530273,18.63999938964844,51.48768167243901,137.90269024257782,150.5606336242554,150.5606336242554,23.58050568361987,228.82658851501387,228.82658851501387,157.18415279894717,238.05604266945,238.05604266945,183.01843001665955,238.05604266945,238.05604266945,183.01843001665955
2022-08-18,426.8599853515625,427.8900146484375,19.559999465942383,17.670000076293945,50.2651361987767,-122.25454736623078,27.889167272710914,27.889167272710914,125.87284034622851,107.52701783675874,107.52701783675874,227.90338230265243,116.97522383508463,116.97522383508463,242.36485142258832,116.97522383508463,116.97522383508463,242.36485142258832
2022-08-19,424.9800109863281,422.1400146484375,20.600000381469727,18.239999771118164,54.379412309298814,411.42761105221126,162.56049845368938,23.248624492472537,-123.32309016608961,322.62054359823026,93.69337483430635,-250.51516369795917,358.97999998985443,100.71272195450523,-216.13894355086583,358.97999998985443,100.71272195450523,-216.13894355086583
2022-08-22,417.0499877929687,413.3500061035156,23.799999237060547,22.850000381469727,63.60615727657466,922.6744967275849,182.81437342658398,182.81437342658398,-143.32585166966433,307.7257733065117,307.7257733065117,-170.44140545641184,335.57204882457756,335.57204882457756,-137.66767420069615,335.57204882457756,335.57204882457756,-137.66767420069615
2022-08-23,412.8999938964844,412.3500061035156,24.11000061035156,23.350000381469727,64.48229182786574,87.61345512910736,121.44734621670102,85.29220879235629,85.29220879235629,260.7069258667698,213.103061643357,213.103061643357,260.7069258667698,213.103061643357,213.103061643357,295.9273478710053,241.28640779384963,241.28640779384963
2022-08-24,412.1099853515625,413.6700134277344,22.81999969482422,21.200000762939453,61.56143382334925,-292.08580045164894,-29.054160989194976,-29.054160989194976,214.21439805832028,79.96708715671444,79.96708715671444,335.2860652193032,79.96708715671444,79.96708715671444,335.2860652193032,100.11699516846367,100.11699516846367,358.97668685045693
2022-08-25,415.239990234375,419.510009765625,21.780000686645508,20.34000015258789,56.99365205941234,-456.77817639369067,-117.36497443726358,-128.31353777355085,324.87174404238635,-391.8719615902182,-41.16158838021742,485.47682307425276,-391.8719615902182,-41.16158838021742,485.47682307425276,-343.27178699745633,-29.349958727754654,524.8063782803265
2022-08-26,419.3900146484375,405.30999755859375,25.559999465942383,23.899999618530273,69.94373235679554,1295.0080297383195,-123.92403525346617,-152.08958550679804,-152.08958550679804,-418.65452588362166,-527.5413998554964,-527.5413998554964,-362.7673935102516,-969.3640392030462,-969.3640392030462,-362.7673935102516,-969.3640392030462,-969.3640392030462
2022-08-29,402.2000122070313,402.6300048828125,26.209999084472656,24.760000228881836,72.00327616562052,205.95438088249836,90.95783692930118,90.95783692930118,122.77790254634019,226.37523676808814,226.37523676808814,266.69397049022314,226.37523676808814,226.37523676808814,266.69397049022314,259.9591913486962,259.9591913486962,303.32519754707107
2022-08-30,403.8500061035156,398.2099914550781,26.209999084472656,24.40999984741211,74.32552156924835,232.22454036278322,189.51723098625484,-152.52986906187297,-152.52986906187297,349.88852133341663,-207.9163964388352,-207.9163964388352,349.88852133341663,-207.9163964388352,-207.9163964388352,397.1044983638731,-181.40653718348398,-181.40653718348398
2022-08-31,399.9299926757813,395.1799926757813,25.8700008392334,23.690000534057617,75.5473136188582,122.17920496098458,362.37523783701204,-142.6120414995186,-116.70849345937883,542.0519123862862,-31.598621059636777,-415.5176546946263,542.0519123862862,-31.598621059636777,-415.5176546946263,598.7032680170643,-10.719066246091577,-358.96894227473956
2022-09-01,392.8900146484375,396.4200134277344,25.559999465942383,23.760000228881836,74.28801760576778,-125.92960130904203,-146.93229351864724,204.5812114945793,204.5812114945793,-155.71843788572136,326.0665896284189,326.0665896284189,-155.71843788572136,326.0665896284189,326.0665896284189,-124.03153473019393,350.96660108486543,350.96660108486543
2022-09-02,400.2799987792969,392.239990234375,25.469999313354492,22.969999313354492,76.70865242902248,242.06348232547015,108.76190895399435,-164.79305238182783,-123.14961023960224,294.5566535441544,-336.01508848750206,-452.8212974454455,294.5566535441544,-336.01508848750206,-452.8212974454455,353.08368934305656,-317.6989787213574,-680.825083083459
2022-09-06,393.1300048828125,390.760009765625,26.90999984741211,26.989999771118164,79.08652672799562,237.78742989731398,291.60815963824155,-63.81416585401676,-63.81416585401676,451.83027642171976,81.74843276596205,81.74843276596205,451.83027642171976,81.74843276596205,81.74843276596205,500.6892970399528,120.25286190072444,120.25286190072444
2022-09-07,390.4299926757813,397.7799987792969,24.63999938964844,24.049999237060547,71.71938034745097,-736.7146380544654,-161.6282160638992,-161.6282160638992,97.7816312357003,-330.0092435766644,-330.0092435766644,267.23807983421887,-330.0092435766644,-330.0092435766644,267.23807983421887,-309.59086473542607,-309.59086473542607,315.6611628282899
2022-09-08,395.3900146484375,400.3800048828125,23.61000061035156,22.84000015258789,68.6957733285996,-302.3607018851365,-167.2389475562728,-167.2389475562728,336.3471750837376,-104.0261349441858,-104.0261349441858,501.4930452093094,-104.0261349441858,-104.0261349441858,501.4930452093094,-87.11652844279449,-87.11652844279449,545.9950536035763
2022-09-09,402.739990234375,406.6000061035156,22.790000915527344,21.709999084472656,63.72786598380961,-496.79073447899924,-155.17507246630908,180.10141506268658,180.10141506268658,-195.98758119636506,290.8581414552522,290.8581414552522,-195.98758119636506,290.8581414552522,290.8581414552522,-171.7037122647886,310.6048118983432,310.6048118983432
2022-09-12,408.7799987792969,410.9700012207031,23.8700008392334,25.260000228881836,62.51054879914848,-121.73171846611268,-128.70748018558055,256.7340121055945,256.7340121055945,-59.25527059977755,391.01886086712335,391.01886086712335,-59.25527059977755,391.01886086712335,391.01886086712335,-7.146917129598782,423.19933768528153,423.19933768528153
2022-09-13,401.8299865722656,393.1000061035156,27.270000457763672,29.13999938964844,77.37594704772081,1486.5398248572333,-129.73899807756803,-129.73899807756803,-121.50363429107182,-153.9763640743214,-153.9763640743214,-440.64556992777784,-153.9763640743214,-153.9763640743214,-440.64556992777784,-100.66095791746062,-100.66095791746062,-568.115262057231
2022-09-14,394.4700012207031,394.6000061035156,26.15999984741211,27.280000686645508,74.98859655718383,-238.73504905369884,-78.85019080278185,317.074502771133,317.074502771133,107.0190142321211,457.4885447914095,457.4885447914095,107.0190142321211,457.4885447914095,457.4885447914095,172.98511167658066,493.4406128590767,493.4406128590767
2022-09-15,392.9599914550781,390.1199951171875,26.270000457763672,27.11000061035156,77.99604809131083,300.7451534127,354.64611880526206,-126.39013531907858,-126.39013531907858,513.1407747058686,21.717468733855206,21.717468733855206,513.1407747058686,21.717468733855206,21.717468733855206,560.971634039612,61.708653357372505,61.708653357372505
2022-09-16,384.1400146484375,385.55999755859375,26.299999237060547,27.059999465942383,81.14835649035318,315.23083990423544,-124.60966354769668,297.39167128209334,297.39167128209334,-6.440580469721466,431.18292158102025,431.18292158102025,-6.440580469721466,431.18292158102025,431.18292158102025,50.74017168886813,463.20035424089167,463.20035424089167
2022-09-19,382.260009765625,388.5499877929687,25.760000228881836,27.780000686645508,78.26158278041392,-288.6773709939263,-138.53503473264618,-138.53503473264618,10.994348000866319,-344.54307673453894,-344.54307673453894,166.82532495878684,-344.54307673453894,-344.54307673453894,166.82532495878684,-302.657952403742,-302.657952403742,211.21574661459616
2022-09-20,385.05999755859375,384.0899963378906,27.15999984741211,30.38999938964844,82.76167144046954,450.0088660055624,-17.39260865776162,275.9838794186702,-107.54553142800668,191.34765951248747,434.9883363133436,10.351288634533853,191.34765951248747,434.9883363133436,10.351288634533853,277.03210434523265,483.041545127463,93.62261350809618
2022-09-21,386.1099853515625,377.3900146484375,27.989999771118164,30.34000015258789,88.40997515874051,564.8303718270967,-131.8382695740585,-131.8382695740585,-116.24082545431273,-231.29400739609204,-231.29400739609204,-424.96745852923027,-231.29400739609204,-231.29400739609204,-424.96745852923027,-181.12351111013282,-181.12351111013282,-615.9500889218458
2022-09-22,376.5799865722656,374.2200012207031,27.350000381469727,27.670000076293945,90.3008377794925,189.08626207519887,277.6683671359808,277.6683671359808,-130.05317976639043,416.1590891678651,416.1590891678651,-45.4882824464381,416.1590891678651,416.1590891678651,-45.4882824464381,451.6322121635079,451.6322121635079,2.4683056329386743
2022-09-23,370.5799865722656,367.9500122070313,29.920000076293945,30.25,97.13555514592228,683.4717366429786,156.9594194424308,156.9594194424308,-114.9273493416363,156.9594194424308,156.9594194424308,-114.9273493416363,306.60136666362337,306.60136666362337,-127.06005382810395,348.6337104598711,348.6337104598711,-57.25299734151357
2022-09-26,366.4100036621094,364.30999755859375,32.2599983215332,34.13999938964844,101.56057561499959,442.502046907731,307.21687263089837,307.21687263089837,-112.83096695998759,307.21687263089837,307.21687263089837,-112.83096695998759,484.88744586203006,484.88744586203006,17.446058383146458,547.1016227289716,547.1016227289716,95.07559622106879
2022-09-27,368.0199890136719,363.3800048828125,32.599998474121094,33.4900016784668,102.4717370081437,91.11613931441127,218.74165831288045,-122.53191773984506,-122.53191773984506,218.74165831288045,-122.53191773984506,-122.53191773984506,405.9035321488794,-105.13534757911779,-105.13534757911779,475.83271310750024,-42.85851947023718,-42.85851947023718
2022-09-28,364.3800048828125,370.5299987792969,30.18000030517578,31.15999984741211,95.00667970985589,-746.5057298287818,-116.41387441504244,-136.02561716705745,-136.02561716705745,-116.41387441504244,-136.02561716705745,-136.02561716705745,-424.480078026255,-35.95405571723875,-35.95405571723875,-405.4298533438384,7.857542504971063,7.857542504971063
2022-09-29,366.80999755859375,362.7900085449219,31.84000015258789,32.66999816894531,102.26640164668126,725.9721936825372,151.6424113037626,151.6424113037626,-119.10105476040835,151.6424113037626,151.6424113037626,-119.10105476040835,322.1588372937059,322.1588372937059,-154.20743293565417,379.0188869442391,379.0188869442391,-87.67434273317349
2022-09-30,361.7999877929687,357.17999267578125,31.6200008392334,31.190000534057617,106.67407067861643,440.7669031935171,83.90323379941725,83.90323379941725,-124.55005734789532,83.90323379941725,83.90323379941725,-124.55005734789532,241.26539127928604,241.26539127928604,-232.2488387300098,288.75048746615926,288.75048746615926,-175.0974851410808
2022-10-03,361.0799865722656,366.6099853515625,30.100000381469727,30.649999618530273,97.80496488083043,-886.9105797786005,-138.7367751104325,-138.7367751104325,218.63449995819016,-138.7367751104325,-138.7367751104325,218.63449995819016,-151.23402097358502,-151.23402097358502,400.5714973830187,-109.74930968514391,-109.74930968514391,462.3763022172575
2022-10-04,372.3999938964844,377.9700012207031,29.06999969482422,29.81999969482422,87.98993145555704,-981.5033425273384,-132.92963543756608,-132.92963543756608,72.67379148898348,-132.92963543756608,-132.92963543756608,72.67379148898348,-270.33256637633605,-270.33256637633605,235.87210958020142,-221.348663551273,-221.348663551273,285.52007807873224
2022-10-05,373.3900146484375,377.0899963378906,28.549999237060547,28.809999465942383,88.21879007064672,22.885861508967764,-129.09636621531286,151.5486904453315,151.5486904453315,-129.09636621531286,151.5486904453315,151.5486904453315,-171.54268387056277,297.8844860364031,297.8844860364031,-118.34395141008623,336.9798581665544,336.9798581665544
2022-10-06,375.6199951171875,373.2000122070313,30.520000457763672,31.299999237060547,92.64256844452697,442.37783738802534,187.79124725068604,187.79124725068604,-112.01106076497462,348.4971454765993,348.4971454765993,-92.15328979955493,348.4971454765993,348.4971454765993,-92.15328979955493,397.92849373712244,397.92849373712244,-15.67115193456525
2022-10-07,368.9700012207031,362.7900085449219,31.36000061035156,30.549999237060547,101.52776948756369,888.5201043036716,158.55966703280336,-135.96553204287326,-135.96553204287326,158.55966703280336,-135.96553204287326,-135.96553204287326,342.41165247264917,-203.90014593262117,-203.90014593262117,408.41527731530846,-160.24751849890572,-160.24751849890572
2022-10-10,363.9599914550781,360.0199890136719,32.45000076293945,32.220001220703125,104.31145340646798,278.36839189042877,380.466092383806,-129.21765923724743,-129.21765923724743,380.466092383806,-129.21765923724743,-129.21765923724743,570.7127238029655,32.97180783013258,32.97180783013258,642.3277096046014,82.82088960688013,82.82088960688013
2022-10-11,358.239990234375,357.739990234375,33.630001068115234,34.65999984741211,106.82235665579648,251.0903249328507,108.54223331357139,151.4576411350429,151.4576411350429,108.54223331357139,151.4576411350429,151.4576411350429,299.50131184074775,330.89991973327807,330.89991973327807,372.57257589389695,393.30758437032534,393.30758437032534
2022-10-12,358.1700134277344,356.55999755859375,33.56999969482422,34.61000061035156,107.72551498089085,90.31583250943669,226.0172840525623,33.5352421427398,33.5352421427398,226.0172840525623,33.5352421427398,33.5352421427398,415.8750531785987,213.11253245847436,213.11253245847436,488.0424110545501,275.59163216141076,275.59163216141076
2022-10-13,349.2099914550781,365.9700012207031,31.940000534057617,31.510000228881836,98.92442756209218,-880.1087418798672,-120.18358101839618,-139.52220561282368,-139.52220561282368,-120.18358101839618,-139.52220561282368,-139.52220561282368,-436.23835689091544,-493.0351175397853,-493.0351175397853,-870.736651501995,-953.5168710516396,-953.5168710516396
2022-10-14,368.5499877929687,357.6300048828125,32.02000045776367,29.670000076293945,105.94746628971015,702.3038727617973,-126.38068006380686,-138.180137287846,-138.180137287846,-126.38068006380686,-138.180137287846,-138.180137287846,-191.46341258209986,-489.4226313415889,-489.4226313415889,-134.39056865846305,-685.7326313126237,-685.7326313126237
2022-10-17,364.010009765625,366.8200073242187,31.3700008392334,30.600000381469727,90.33780058530411,-1563.566570440604,-121.01934937779967,180.4826612094313,180.4826612094313,-121.01934937779967,180.4826612094313,180.4826612094313,-120.49194720353898,330.63906572717235,330.63906572717235,-55.701876907587184,372.4134857340458,372.4134857340458
2022-10-18,375.1300048828125,371.1300048828125,30.5,28.989999771118164,88.86470488567107,-147.3095699633035,-29.128711643196347,-29.128711643196347,-112.38496684487062,112.90601795494516,112.90601795494516,-302.3911101061088,112.90601795494516,112.90601795494516,-302.3911101061088,150.05357955912916,150.05357955912916,-230.7864618926904
2022-10-19,368.989990234375,368.5,30.760000228881836,28.670000076293945,88.80016735169389,-6.453753397718742,25.01319267671851,206.1207098971561,206.1207098971561,25.01319267671851,206.1207098971561,206.1207098971561,198.94065948923011,344.6575917546912,344.6575917546912,256.5376155493087,379.3127414783335,379.3127414783335
2022-10-20,368.0299987792969,365.4100036621094,29.979999542236328,27.8700008392334,85.77875757545723,-302.1409776236652,322.4550564843564,-102.13189673995623,-102.13189673995623,322.4550564843564,-102.13189673995623,-102.13189673995623,474.7834100626253,37.27182889410938,37.27182889410938,518.3548601453372,71.94761067477219,71.94761067477219
2022-10-21,365.1199951171875,374.2900085449219,29.690000534057617,28.459999084472656,87.12690334675227,134.81457712950373,-148.04099960507708,-148.04099960507708,-43.69815856241639,-148.04099960507708,-148.04099960507708,-43.69815856241639,-445.4218718723521,-445.4218718723521,147.21350872204215,-414.26251959483767,-414.26251959483767,212.7505462664369
2022-10-24,375.8900146484375,378.8699951171875,29.850000381469727,31.65999984741211,88.59631993463444,146.9416587882165,-17.419802691232555,-17.419802691232555,273.7227683891166,146.83837665008284,146.83837665008284,471.25937813677115,146.83837665008284,146.83837665008284,471.25937813677115,198.86529615355516,198.86529615355516,546.3410567404745
2022-10-25,378.7900085449219,384.9200134277344,28.459999084472656,30.670000076293945,86.715291600365,-188.10283342694305,-119.46931572369374,-123.86688881265437,-123.86688881265437,-425.26482207768396,37.01925998057616,37.01925998057616,-425.26482207768396,37.01925998057616,37.01925998057616,-356.91648768234097,85.90486179386232,85.90486179386232
2022-10-26,381.6199951171875,382.0199890136719,27.280000686645508,29.31999969482422,82.36627648502304,-434.901511534197,162.28912717698128,162.28912717698128,77.94499036796088,316.53447502256313,316.53447502256313,253.08645593862732,316.53447502256313,316.53447502256313,253.08645593862732,361.8604837409013,361.8604837409013,310.6668888254915
2022-10-27,383.0700073242187,379.9800109863281,27.38999938964844,29.770000457763672,81.86488168643903,-50.13947985840019,371.8671654761731,-131.2342010978558,-131.2342010978558,544.7007898961557,28.622430299288816,28.622430299288816,544.7007898961557,28.622430299288816,28.622430299288816,603.0370859696656,77.85072507175073,77.85072507175073
2022-10-28,379.8699951171875,389.0199890136719,25.75,27.809999465942383,80.66026307415225,-120.46186122867795,-115.65948059537875,-145.7952916562281,-13.060859401616318,-424.21859001086176,-412.3522057476784,185.50529958137164,-424.21859001086176,-412.3522057476784,185.50529958137164,-757.1413566380306,-379.1498645239453,256.9574559265956
2022-10-31,386.44000244140625,386.2099914550781,25.8799991607666,29.799999237060547,79.5823078216529,-107.79552524993505,246.02670737235533,246.02670737235533,0.8279645931157176,405.4481935764194,405.4481935764194,184.00401859038504,405.4481935764194,405.4481935764194,184.00401859038504,454.2354684836104,454.2354684836104,247.77300768455424
2022-11-01,390.1400146484375,384.5199890136719,25.809999465942383,30.510000228881836,78.65143634759859,-93.08714740543138,345.2475108159607,-130.9756399922268,-107.24883907090438,557.7724744426772,-15.993890677635767,-397.29563113455504,557.7724744426772,-15.993890677635767,-397.29563113455504,647.0541868489844,34.859920877656926,-360.5664762871806
2022-11-02,383.8999938964844,374.8699951171875,25.86000061035156,29.3700008392334,75.4431903417395,-320.82460058590954,-120.92627993667017,-135.75468451753105,-135.75468451753105,48.947300724092436,-482.2990634322203,-482.2990634322203,48.947300724092436,-482.2990634322203,-482.2990634322203,114.21356592859117,-451.40149089994435,-451.40149089994435
2022-11-03,371.4700012207031,371.010009765625,25.299999237060547,28.399999618530273,72.71984415719618,-272.3346184543317,255.6935277000516,255.6935277000516,-26.91509761903854,255.6935277000516,255.6935277000516,-26.91509761903854,395.99349674806575,395.99349674806575,139.79599226683453,432.52540574565415,432.52540574565415,190.5441024684813
2022-11-04,377.0,376.3500061035156,24.549999237060547,27.040000915527344,72.14585122763259,-57.39929295635875,220.2568323006236,220.2568323006236,-0.959998891665157,358.04332169835465,358.04332169835465,150.67553241088447,358.04332169835465,358.04332169835465,150.67553241088447,393.104050621123,393.104050621123,191.86806060161305
2022-11-07,377.7099914550781,379.9500122070313,24.350000381469727,27.15999984741211,72.4981246943093,35.227346667670645,-134.12006522675776,353.9920443791732,353.9920443791732,13.615578388841223,497.02301309114864,497.02301309114864,13.615578388841223,497.02301309114864,497.02301309114864,54.46775259531316,533.6381198453176,533.6381198453176
2022-11-08,381.1099853515625,382.0,25.540000915527344,28.700000762939453,76.27837019790637,378.02455035970723,159.94173720008254,159.94173720008254,78.33430015302304,306.0102419280031,306.0102419280031,257.56008247362126,306.0102419280031,306.0102419280031,257.56008247362126,345.9532538555642,345.9532538555642,317.27753435740806
2022-11-09,379.9299926757813,374.1300048828125,26.09000015258789,28.899999618530273,75.10873568041544,-116.9634517490934,299.9673846510855,-140.8619116128069,-109.79254173490746,497.6970685086148,-83.59026274767275,-407.35114144901866,497.6970685086148,-83.59026274767275,-407.35114144901866,572.722684346886,-45.15726699144775,-418.4660461474333
2022-11-10,388.0499877929687,394.69000244140625,23.530000686645508,24.459999084472656,76.06070904760759,95.19733671921529,-143.64569372540467,-121.64790487487275,-121.64790487487275,-473.7615260781959,1.2718365916464491,1.2718365916464491,-473.7615260781959,1.2718365916464491,1.2718365916464491,-438.95986296461354,27.00415042520381,27.00415042520381
2022-11-11,395.5899963378906,398.510009765625,22.520000457763672,21.309999465942383,75.32594195688743,-73.47670907201547,-27.885300212387087,-27.885300212387087,218.71422783895758,59.967627940020996,59.967627940020996,369.3833386058193,59.967627940020996,59.967627940020996,369.3833386058193,72.09430348575728,72.09430348575728,404.1850135561728
2022-11-14,396.6600036621094,395.1199951171875,23.729999542236328,21.190000534057617,76.36552032823633,103.95783713488953,316.9159720009883,316.9159720009883,-138.11615114128276,412.8520287618789,412.8520287618789,-14.40844879388303,412.8520287618789,412.8520287618789,-14.40844879388303,427.87100279848016,427.87100279848016,9.423266821875023
2022-11-15,401.1499938964844,398.489990234375,24.540000915527344,21.799999237060547,79.876753383432,351.12330551956745,179.79183082908,179.79183082908,-139.2614499683269,278.3900879865037,278.3900879865037,-148.6763488892798,278.3900879865037,278.3900879865037,-148.6763488892798,294.4390738977924,294.4390738977924,-116.4731300430357
2022-11-16,396.7799987792969,395.4500122070313,24.11000061035156,19.670000076293945,77.2657320529308,-261.10213305012024,275.29784652355676,275.29784652355676,-113.51472047409176,359.4633676695579,359.4633676695579,-4.255626730394743,359.4633676695579,359.4633676695579,-4.255626730394743,370.3713816535594,370.3713816535594,12.960200150972392
2022-11-17,390.4599914550781,394.239990234375,23.93000030517578,19.739999771118164,76.15627869980472,-110.9453353126085,-114.99008718606484,-114.99008718606484,290.5760282140594,-44.627430794542214,-44.627430794542214,433.7424913220824,-44.627430794542214,-44.627430794542214,433.7424913220824,-37.53335594709719,-37.53335594709719,461.8449548811172
2022-11-18,397.739990234375,396.0299987792969,23.1200008392334,18.34000015258789,74.89375275956918,-126.2525940235534,223.59839574629703,-78.73771245852305,-78.73771245852305,313.7551736630861,0.36750254536686233,0.36750254536686233,313.7551736630861,0.36750254536686233,0.36750254536686233,325.4654477899384,8.723563033437445,8.723563033437445
2022-11-21,394.6400146484375,394.5899963378906,22.36000061035156,19.510000228881836,72.05568008090104,-283.8072678668141,-90.0806756933129,267.6354077910463,267.6354077910463,58.12658997798888,337.2395814789208,337.2395814789208,58.12658997798888,337.2395814789208,337.2395814789208,89.56612404445153,343.99052413993405,343.99052413993405
2022-11-22,396.6300048828125,399.8999938964844,21.290000915527344,19.030000686645508,72.11167410777625,5.599402687521149,-175.84439485641215,-175.84439485641215,331.46526171098924,-99.33945470333316,-99.33945470333316,439.2258826683585,-99.33945470333316,-99.33945470333316,439.2258826683585,-90.65140415762914,-90.65140415762914,455.25653272187293
2022-11-23,399.5499877929687,402.4200134277344,20.350000381469727,16.90999984741211,71.27614610125897,-83.55280065172792,-134.9650186106689,45.57779784948328,45.57779784948328,-245.4996962291922,93.80381686534939,93.80381686534939,-245.4996962291922,93.80381686534939,93.80381686534939,-225.2551667337775,96.50402134838484,96.50402134838484
2022-11-25,401.8299865722656,402.3299865722656,20.5,17.059999465942383,71.38576913470135,10.962303344237512,70.8674891716054,70.8674891716054,62.532628919456265,135.11973554584668,135.11973554584668,151.54464991272823,135.11973554584668,135.11973554584668,151.54464991272823,140.6405725077024,140.6405725077024,161.10850481065384
2022-11-28,399.0899963378906,395.9100036621094,22.209999084472656,20.06999969482422,71.66792277285703,28.215363815567684,268.11448451908694,-91.97947572783713,-91.97947572783713,404.76813549711915,-12.584312848204712,-12.584312848204712,404.76813549711915,-12.584312848204712,-12.584312848204712,433.504731949948,-3.4041403884794463,-3.4041403884794463
2022-11-29,396.0499877929687,395.2300109863281,21.88999938964844,20.38999938964844,70.4758121010495,-119.21106718075265,295.834862895025,295.834862895025,-119.87092220353334,378.257199966555,378.257199966555,12.515204026525842,378.257199966555,378.257199966555,12.515204026525842,388.7366218134164,388.7366218134164,38.42709160726601
2022-11-30,395.489990234375,407.6799926757813,20.579999923706055,18.8700008392334,74.26170060780939,378.5888506759889,-195.99279035279872,-195.99279035279872,-135.12003994410478,-631.198369088683,-631.198369088683,-264.7817829336356,-631.198369088683,-631.198369088683,-264.7817829336356,-893.3883300769081,-893.3883300769081,-239.6732762017228
2022-12-01,408.7699890136719,407.3800048828125,19.84000015258789,18.3799991607666,72.43799662721216,-182.37039805972302,111.44348079803785,47.636490641921704,47.636490641921704,231.07119478174187,117.95373597067814,117.95373597067814,231.07119478174187,117.95373597067814,117.95373597067814,251.69096720754192,124.6837874369817,124.6837874369817
2022-12-02,402.25,406.9100036621094,19.059999465942383,17.950000762939453,70.45851568886074,-197.9480938351415,-183.00322110295113,-183.00322110295113,134.56427423207379,-295.00587163326657,-295.00587163326657,221.46426131245806,-295.00587163326657,-295.00587163326657,221.46426131245806,-286.0771019079841,-286.0771019079841,231.40480405001094
2022-12-05,403.9500122070313,399.5899963378906,20.75,23.809999465942383,69.53763264744029,-92.08830414204527,326.95018880483065,-156.22270520499094,-156.22270520499094,485.6170090560581,-79.61724306745987,-79.61724306745987,485.6170090560581,-79.61724306745987,-79.61724306745987,531.1164634499042,-56.01897274348835,-56.01897274348835
2022-12-06,399.4200134277344,393.8299865722656,22.170000076293945,27.079999923706055,69.7945747519124,25.694210447211674,263.9876238642923,-142.18831027020437,-142.18831027020437,449.6700623541018,-117.4608077042116,-117.4608077042116,449.6700623541018,-117.4608077042116,-117.4608077042116,515.6680462489619,-80.73989426642527,-80.73989426642527
2022-12-07,392.94000244140625,393.1600036621094,22.68000030517578,28.06999969482422,70.5987954495388,80.42206976263913,53.85777938999288,181.66001350836075,181.66001350836075,218.68321664981653,337.4302628909074,337.4302628909074,218.68321664981653,337.4302628909074,337.4302628909074,271.0741447850417,382.41200340026904,382.41200340026904
2022-12-08,395.1400146484375,396.239990234375,22.290000915527344,26.739999771118164,71.05666032821179,45.786487867299286,-112.47285271798441,230.1579647561322,9.798083262590376,-38.954311847830624,365.5998776186361,202.33256232305834,-38.954311847830624,365.5998776186361,202.33256232305834,34.21644068614265,398.8949327931257,269.75292525848437
2022-12-09,394.94000244140625,393.2799987792969,22.829999923706055,26.479999542236328,70.81517441227803,-24.148591593376523,56.73323341477319,180.8400136794301,-112.44375049500272,248.54148427355662,313.9282278403822,-88.90629126864582,248.54148427355662,313.9282278403822,-88.90629126864582,317.3844420420774,345.8339242460924,-19.920930356593413
2022-12-12,394.1099853515625,398.9500122070313,25.0,29.540000915527344,78.3639633745676,754.8788962289577,-116.76559979425144,-27.483412651136895,-27.483412651136895,-320.14419438909704,132.31023804569517,132.31023804569517,-320.14419438909704,132.31023804569517,132.31023804569517,-247.7533044510583,180.57543997791504,180.57543997791504
2022-12-13,410.2200012207031,401.9700012207031,22.549999237060547,23.700000762939453,74.12252622403028,-424.14371505373225,82.47727627694202,-156.98597371189928,-119.63758512709079,272.5578873748249,-343.1735387121787,-440.48100957658573,272.5578873748249,-343.1735387121787,-440.48100957658573,336.6887974144492,-319.5503783518915,-688.0313494151907
2022-12-14,401.6099853515625,399.3999938964844,21.13999938964844,20.200000762939453,69.48617549281829,-463.63507312119907,263.76424497303674,263.76424497303674,-152.3516142042972,352.6071189779552,352.6071189779552,-93.18140489307274,352.6071189779552,352.6071189779552,-93.18140489307274,365.10538286245,365.10538286245,-71.84508648109978
2022-12-15,394.2999877929687,389.6300048828125,22.829999923706055,21.729999542236328,68.56652477906745,-91.96507137508405,329.13479785171586,-173.8958830811388,-173.8958830811388,480.0410242450085,-119.50298418458428,-119.50298418458428,480.0410242450085,-119.50298418458428,-119.50298418458428,517.3801431911841,-106.51492936100811,-106.51492936100811
2022-12-16,385.1799926757813,383.2699890136719,22.6200008392334,20.510000228881836,65.34366136397819,-322.28634150892645,53.702329722249225,139.31903590847517,-126.86293779258799,221.8276685277659,213.4361813083802,-145.08045778229973,221.8276685277659,213.4361813083802,-145.08045778229973,262.7001929017235,221.42496421571,-111.45893636460055
2022-12-19,383.4700012207031,380.0199890136719,22.420000076293945,20.829999923706055,63.34628448966393,-199.73768743142557,345.4404030139908,-176.7484603537927,-176.7484603537927,465.5480912267451,-92.38158186576834,-92.38158186576834,465.5480912267451,-92.38158186576834,-92.38158186576834,488.18195593840693,-81.96152310567798,-81.96152310567798
2022-12-20,379.2300109863281,380.5400085449219,21.479999542236328,19.780000686645508,61.11660702998752,-222.96774596764095,-140.88364235840365,252.18119195771285,252.18119195771285,-62.38075344465479,318.8254569487199,318.8254569487199,-62.38075344465479,318.8254569487199,318.8254569487199,-37.615268905913375,324.80907202792275,324.80907202792275
2022-12-21,383.25,386.2300109863281,20.06999969482422,17.579999923706055,59.92196740031453,-119.46396296729915,-169.17404944374718,177.01372569156533,177.01372569156533,-200.9083626862225,235.9864206942606,235.9864206942606,-200.9083626862225,235.9864206942606,235.9864206942606,-190.3962595891429,240.10534150782868,240.10534150782868
2022-12-22,383.0499877929687,380.7200012207031,21.969999313354492,19.84000015258789,62.1910800049241,226.91126046095746,263.95060070419765,-108.91383846088837,-108.91383846088837,366.9179766620373,-27.96351886199464,-27.96351886199464,366.9179766620373,-27.96351886199464,-27.96351886199464,382.85493118856164,-18.811565079988156,-18.811565079988156
2022-12-23,379.6499938964844,382.9100036621094,20.8700008392334,17.489999771118164,60.254407932829125,-193.66720720949786,-132.37002418979984,-6.699561246218286,-6.699561246218286,-290.29204423586424,38.70580303444668,38.70580303444668,-290.29204423586424,38.70580303444668,38.70580303444668,-270.2842180842027,41.03385124338297,41.03385124338297
2022-12-27,382.7900085449219,381.3999938964844,21.649999618530273,19.770000457763672,61.170536990385,91.6129057555878,190.97206652569267,-37.929196744385884,-37.929196744385884,287.61274631105107,46.36618379609485,46.36618379609485,287.61274631105107,46.36618379609485,46.36618379609485,301.66467423236793,56.273460830265584,56.273460830265584
2022-12-28,381.3299865722656,376.6600036621094,22.13999938964844,20.8799991607666,60.609646868093236,-56.08901222917666,-15.277308636702378,-15.277308636702378,-148.80958206047413,67.04494591689459,67.04494591689459,-359.59610294187564,67.04494591689459,67.04494591689459,-359.59610294187564,77.50760103960194,77.50760103960194,-337.4009871781674
2022-12-29,379.6300048828125,383.44000244140625,21.440000534057617,20.489999771118164,61.25656005878038,64.69131906871439,-131.16614773732104,-33.707704437535234,-33.707704437535234,-326.27341822536863,37.79563510083512,37.79563510083512,-326.27341822536863,37.79563510083512,37.79563510083512,-294.0598574361068,45.0029222752917,45.0029222752917
2022-12-30,380.6400146484375,382.4299926757813,21.670000076293945,21.13999938964844,61.31468902245602,5.812896367564235,73.26057503380133,73.26057503380133,107.7054249205119,152.34170873395666,152.34170873395666,250.98318493539418,152.34170873395666,152.34170873395666,250.98318493539418,161.78616528904044,161.78616528904044,280.85533070742537
2023-01-03,384.3699951171875,380.8200073242187,22.899999618530273,25.079999923706055,63.27481744308412,196.0128420628095,291.3586943597458,-75.30154211827701,-75.30154211827701,459.5065918359875,40.71438657138733,40.71438657138733,459.5065918359875,40.71438657138733,40.71438657138733,510.4076656980684,63.69258572095189,63.69258572095189
2023-01-04,383.1799926757813,383.760009765625,22.010000228881836,23.920000076293945,62.14444046621547,-113.03769768686465,-21.442970652229953,218.02972382104747,218.02972382104747,113.80343046510413,332.3481103592449,332.3481103592449,113.80343046510413,332.3481103592449,332.3481103592449,146.1231695343594,354.02837407815,354.02837407815
2023-01-05,381.7200012207031,379.3800048828125,22.459999084472656,24.540000915527344,61.49521412796713,-64.92263382483401,281.2862919674959,281.2862919674959,-141.16541475095198,398.902837780992,398.902837780992,-62.273599484317835,398.902837780992,398.902837780992,-62.273599484317835,423.21680290674357,423.21680290674357,-28.505259600319576
2023-01-06,382.6099853515625,388.0799865722656,21.1299991607666,21.56999969482422,61.69930820043609,20.409407246896194,-162.9382088843574,26.85544055406266,26.85544055406266,-364.0193489739606,129.1122298247224,129.1122298247224,-364.0193489739606,129.1122298247224,129.1122298247224,-345.30185004205305,145.1099758986549,145.1099758986549
2023-01-09,390.3699951171875,387.8599853515625,21.969999313354492,23.040000915527344,63.23753797399267,153.822977355658,118.13880072041448,118.13880072041448,-125.50819955785074,218.44406829572287,218.44406829572287,-174.33985291327687,218.44406829572287,218.44406829572287,-174.33985291327687,234.99346694850834,234.99346694850834,-130.0164635045162
2023-01-10,387.25,390.5799865722656,20.579999923706055,21.5,61.21730896962809,-202.02290043645803,-166.39337891780139,-166.39337891780139,282.50469905006696,-122.07339371669487,-122.07339371669487,392.6465701083279,-122.07339371669487,-122.07339371669487,392.6465701083279,-104.86578812330231,-104.86578812330231,411.40007425549976
2023-01-11,392.2300109863281,395.5199890136719,21.09000015258789,22.40999984741211,64.68288122272189,346.55722530937965,-160.2396204783812,-160.2396204783812,294.45967324389204,-100.451237043509,-100.451237043509,414.536691742475,-100.451237043509,-100.451237043509,414.536691742475,-79.10505215669554,-79.10505215669554,437.9164813517885
2023-01-12,396.6700134277344,396.9599914550781,18.829999923706055,16.459999084472656,60.59786524559928,-408.5015977122609,98.76921166371487,98.76921166371487,25.82957566148758,153.7540195742765,153.7540195742765,112.44747773558456,153.7540195742765,153.7540195742765,112.44747773558456,157.5236511685366,157.5236511685366,120.70924676692573
2023-01-13,393.6199951171875,398.5,18.350000381469727,14.81999969482422,60.43263879093685,-16.52264546624309,-165.54204983642964,-77.07543192015721,-77.07543192015721,-430.92934995492607,-41.448143968940364,-41.448143968940364,-430.92934995492607,-41.448143968940364,-41.448143968940364,-424.3607799382239,-40.30731015909421,-40.30731015909421
2023-01-17,398.4800109863281,397.7699890136719,19.36000061035156,16.610000610351562,61.691254408253,125.86156173161527,58.66273410192979,71.03022503630923,71.03022503630923,154.00075165266622,124.40992165889153,124.40992165889153,154.00075165266622,124.40992165889153,124.40992165889153,164.95915917491502,127.67842634186474,127.67842634186474
2023-01-18,399.010009765625,391.489990234375,20.34000015258789,17.239999771118164,60.36263538646615,-132.86190217868494,0.07801614276583768,-206.0200414732595,-206.0200414732595,115.77607984323686,-503.1427006874186,-503.1427006874186,115.77607984323686,-503.1427006874186,-503.1427006874186,132.48144970223237,-499.6586698359169,-499.6586698359169
2023-01-19,389.3599853515625,388.6400146484375,20.520000457763672,18.280000686645508,59.31112355009539,-105.15118363707643,-3.2646365847784886,161.07696881682932,161.07696881682932,127.35074395862165,218.1786365896289,218.1786365896289,127.35074395862165,218.1786365896289,218.1786365896289,149.43887185908824,222.2726132173464,222.2726132173464
2023-01-20,390.1000061035156,395.8800048828125,19.850000381469727,18.260000228881836,61.38454431703096,207.34207669355698,-120.83186658995493,-204.43624405897333,285.2288020004378,-464.80153139681426,-236.51683514569729,431.3594820798614,-464.80153139681426,-236.51683514569729,431.3594820798614,-522.4482332427223,-232.5195758141597,457.0281369451197
2023-01-23,396.7200012207031,400.6300048828125,19.809999465942383,21.25,63.682014944100914,229.74706270699556,-170.17497973400816,-170.17497973400816,286.24016887152766,-135.96748909957466,-135.96748909957466,409.1254861179685,-135.96748909957466,-135.96748909957466,409.1254861179685,-120.48467819573283,-120.48467819573283,432.72030875930045
2023-01-24,398.8800048828125,400.2000122070313,19.200000762939453,21.84000015258789,62.144809820193245,-153.72051239076683,-139.71413758816666,310.4613743036633,310.4613743036633,-17.15919636778873,407.7716672370884,407.7716672370884,-17.15919636778873,407.7716672370884,407.7716672370884,17.051367070008606,422.74965067127977,422.74965067127977
2023-01-25,395.9500122070313,400.3500061035156,19.079999923706055,22.010000228881836,61.91185098422416,-23.295883596908595,-170.68953786329823,-170.68953786329823,328.61664315271884,-109.2402302050438,-109.2402302050438,474.5509961245409,-109.2402302050438,-109.2402302050438,474.5509961245409,-94.02741596061183,-94.02741596061183,508.53905727762333
2023-01-26,403.1300048828125,404.75,18.729999542236328,21.049999237060547,63.87525372571301,196.34027414888493,-127.9227254048621,307.51132431440556,307.51132431440556,-6.169979479755325,407.2146173882581,407.2146173882581,-6.169979479755325,407.2146173882581,407.2146173882581,18.560232106821296,422.74020840086115,422.74020840086115
2023-01-27,403.6600036621094,405.6799926757813,18.510000228881836,20.030000686645508,63.99383507098143,11.858134526842434,-148.2354594138702,253.2933699716043,253.2933699716043,-89.60027504693616,337.90655052223076,337.90655052223076,-89.60027504693616,337.90655052223076,337.90655052223076,-64.30327859912552,348.49799871571156,348.49799871571156
2023-01-30,402.7999877929687,400.5899963378906,19.940000534057617,22.420000076293945,63.266354822833705,-72.7480248147728,289.81582039115597,-97.63058393090881,-97.63058393090881,415.6881790992766,18.471706428262436,18.471706428262436,415.6881790992766,18.471706428262436,18.471706428262436,443.37780984983436,40.710666502498306,40.710666502498306
2023-01-31,401.1300048828125,406.4800109863281,19.399999618530273,21.739999771118164,65.75453169749707,248.81768746633668,-169.70554470661946,-169.70554470661946,212.84286296758378,-219.8237689988707,-219.8237689988707,354.4750005715804,-219.8237689988707,-219.8237689988707,354.4750005715804,-204.0503245953013,-204.0503245953013,386.608619643656
2023-02-01,405.2099914550781,410.7999877929687,17.8700008392334,18.559999465942383,65.97963823966815,22.51065421710763,-118.50223696304863,-195.4480488415161,291.267702081636,-453.62962001518724,-210.17191500268046,439.4136282868479,-453.62962001518724,-210.17191500268046,439.4136282868479,-496.99560607539667,-204.30532300809105,468.2678546765452
2023-02-02,414.8599853515625,416.7799987792969,18.729999542236328,19.1299991607666,71.53042458581734,555.0786346149196,-125.73009573585827,135.03279904550388,57.58044205210682,-145.2448593397189,209.87466196902068,222.8378740055941,-145.2448593397189,209.87466196902068,222.8378740055941,-108.26792444497137,217.98453127314352,261.0807954553303
2023-02-03,411.5899963378906,412.3500061035156,18.329999923706055,17.760000228881836,67.6439339053515,-388.64906804658403,74.34358168169729,74.34358168169729,74.70950127558174,145.11000037939613,145.11000037939613,178.7406943391538,145.11000037939613,145.11000037939613,178.7406943391538,152.28045330550611,152.28045330550611,193.05427707861023
2023-02-06,409.7900085449219,409.8299865722656,19.43000030517578,20.670000076293945,67.46566964732601,-17.826425802549295,-108.61062767394857,306.1415510416079,-117.89885718313099,54.66156116863059,393.73233478790064,39.417016943037346,54.66156116863059,393.73233478790064,39.417016943037346,97.10438405706448,405.5788467150402,85.32783004979495
2023-02-07,408.8699951171875,415.19000244140625,18.65999984741211,19.6200008392334,69.86275296428546,239.70833169594528,-144.8876247968526,-181.40481553618778,-181.40481553618778,-513.9040960604375,-119.13099908007638,-119.13099908007638,-513.9040960604375,-119.13099908007638,-119.13099908007638,-506.2617358626364,-109.46671729085884,-109.46671729085884
2023-02-08,413.1300048828125,410.6499938964844,19.6299991607666,21.0,68.17655772403106,-168.61952402544063,284.1142020439292,-99.66874259132192,-99.66874259132192,409.48372221446874,4.255394983164143,4.255394983164143,409.48372221446874,4.255394983164143,4.255394983164143,436.15159986325665,21.456439129452033,21.456439129452033
2023-02-09,414.4100036621094,407.0899963378906,20.709999084472656,22.739999771118164,67.68217820949731,-49.43795145337475,81.81019413464055,-160.5840936340716,-160.5840936340716,248.0513082171569,-340.6988478638912,-340.6988478638912,248.0513082171569,-340.6988478638912,-340.6988478638912,296.90815259046167,-320.0276947622345,-320.0276947622345
2023-02-10,405.8599853515625,408.0400085449219,20.530000686645508,21.5,67.8586133879036,17.643517840629386,25.12732010972376,25.12732010972376,169.0592869593942,121.28724467928647,121.28724467928647,317.35264756702503,121.28724467928647,121.28724467928647,317.35264756702503,136.36977361562782,136.36977361562782,352.45942727734615
2023-02-13,408.7200012207031,412.8299865722656,20.34000015258789,21.40999984741211,70.38291173309885,252.42983451952483,-141.7885326086264,49.015668200079055,49.015668200079055,-285.2918705508274,148.48910491764877,148.48910491764877,-285.2918705508274,148.48910491764877,148.48910491764877,-252.3193340861962,164.23272489890434,164.23272489890434
2023-02-14,411.239990234375,412.6400146484375,18.90999984741211,17.719999313354492,67.84870632390094,-253.42054091979094,41.19187272416658,41.19187272416658,111.01139506718576,107.40886590898005,107.40886590898005,223.92170023993853,107.40886590898005,107.40886590898005,223.92170023993853,113.5685990685958,113.5685990685958,240.52773134287315
2023-02-15,410.3500061035156,413.9800109863281,18.229999542236328,16.020000457763672,67.6895584606018,-15.914786329913966,-112.39506478336217,-115.3188908195329,264.0785301372483,-351.51673331121026,-70.99559872341172,392.74330363454004,-351.51673331121026,-70.99559872341172,392.74330363454004,-324.57367137217716,-68.73360293443508,410.15930356801687
2023-02-16,408.7900085449219,408.2799987792969,20.170000076293945,19.329999923706055,66.81384534420911,-87.57131163926886,24.729171904952963,144.95067010038872,144.95067010038872,151.57654834788408,224.0979238865404,224.0979238865404,151.57654834788408,224.0979238865404,224.0979238865404,176.21536251154612,233.12819385317968,233.12819385317968
2023-02-17,406.05999755859375,407.260009765625,20.020000457763672,16.940000534057617,65.8044827267897,-100.93626174194128,68.75547237110807,68.75547237110807,74.27980519352636,124.15309434438171,124.15309434438171,184.90191479173532,124.15309434438171,124.15309434438171,184.90191479173532,128.13588444383475,128.13588444383475,199.3349179219159
2023-02-21,403.05999755859375,399.0899963378906,22.8700008392334,21.13999938964844,65.9744211348835,16.99384080937989,255.4596525285447,-166.29259306940406,-166.29259306940406,376.43199976337536,-155.90541511859473,-155.90541511859473,376.43199976337536,-155.90541511859473,-155.90541511859473,400.94423209254495,-139.77713375776855,-139.77713375776855
2023-02-22,399.5199890136719,398.5400085449219,22.290000915527344,19.200000762939453,64.42504870190564,-154.93724329778615,12.26784479421619,162.39248795558615,162.39248795558615,156.35154771171844,231.67087275884305,231.67087275884305,156.35154771171844,231.67087275884305,231.67087275884305,186.07411856483154,238.32186214341124,238.32186214341124
2023-02-23,401.55999755859375,400.6600036621094,21.13999938964844,18.11000061035156,63.262668083195265,-116.23806187103725,242.23837433634398,242.23837433634398,-93.98128077646356,311.7666329616242,311.7666329616242,10.137464567741164,311.7666329616242,311.7666329616242,10.137464567741164,318.64791143219566,318.64791143219566,24.34529661351117
2023-02-24,395.4200134277344,396.3800048828125,21.670000076293945,18.3799991607666,61.84931980451729,-141.33482786779723,161.5161688246399,161.5161688246399,3.7864593591764772,221.53923013947949,221.53923013947949,141.2766336781856,221.53923013947949,221.53923013947949,141.2766336781856,226.34867832019165,226.34867832019165,165.04205939158857
2023-02-27,399.8699951171875,397.7300109863281,20.950000762939453,19.3700008392334,60.85677493705141,-99.2544867465881,101.02157075933683,82.1846919117167,-120.83874841146171,257.23070703915363,152.51092373307927,-185.2933077285254,257.23070703915363,152.51092373307927,-185.2933077285254,292.05179283442607,159.48080878411565,-149.50311176819852
2023-02-28,397.2300109863281,396.260009765625,20.700000762939453,19.59000015258789,59.47787955871813,-137.8895378333283,199.45521217288052,199.45521217288052,-40.340011027750954,289.96594338613613,289.96594338613613,58.7721710749556,289.96594338613613,289.96594338613613,58.7721710749556,302.6568640293439,302.6568640293439,72.95173795699269
2023-03-01,395.4100036621094,394.739990234375,20.579999923706055,19.59000015258789,58.335433660677225,-114.24458980409042,283.65311174639163,283.65311174639163,-132.24377316273782,354.7366006980465,354.7366006980465,-12.979099784634515,354.7366006980465,354.7366006980465,-12.979099784634515,361.9975453819782,361.9975453819782,16.111082970979474
2023-03-02,392.6799926757813,397.80999755859375,19.59000015258789,18.709999084472656,58.05350707181921,-28.192658885801336,-173.81396355208878,39.09961251646761,39.09961251646761,-364.88346247147933,120.41614836442864,120.41614836442864,-364.88346247147933,120.41614836442864,120.41614836442864,-353.1102992435413,129.3252427261734,129.3252427261734
2023-03-03,399.7099914550781,404.19000244140625,18.489999771118164,17.760000228881836,59.96201357772439,190.850650590518,-130.52539094000846,-123.7011263771482,301.7688302790435,-407.4700688764876,-68.20009585349408,461.4784212268564,-407.4700688764876,-68.20009585349408,461.4784212268564,-381.963768314681,-64.33405646501213,491.5653856876925
2023-03-06,405.0499877929687,404.4700012207031,18.61000061035156,19.600000381469727,60.07335464528683,11.134106756243511,-68.85392035849824,260.0180431553656,-124.22640102508905,95.65224769586658,334.9144824889119,-17.950766570345266,95.65224769586658,334.9144824889119,-17.950766570345266,135.20607601603973,343.0782418426549,17.779955600659992
2023-03-07,404.4200134277344,398.2699890136719,19.59000015258789,20.959999084472656,57.831632593472506,-224.1722051814321,194.77740634925098,-175.9183136020017,-175.9183136020017,347.6501422147741,-260.2160074599653,-260.2160074599653,347.6501422147741,-260.2160074599653,-260.2160074599653,385.39223202547714,-248.09737218058947,-248.09737218058947
2023-03-08,398.3900146484375,398.9200134277344,19.11000061035156,20.56999969482422,57.26280606403866,-56.882652943384926,-43.891449331707854,217.47592583092901,217.47592583092901,78.16057055111426,307.4562051474235,307.4562051474235,78.16057055111426,307.4562051474235,307.4562051474235,102.15900917915536,319.6463032014313,319.6463032014313
2023-03-09,399.739990234375,391.55999755859375,22.61000061035156,25.459999084472656,59.88963370336327,262.6827639324617,37.04295327270335,-150.6189063782234,-111.26903076915157,220.9564790180784,-367.5051726911264,-414.5891103111251,220.9564790180784,-367.5051726911264,-414.5891103111251,283.4751043620575,-338.8928201095015,-690.1297272386269
2023-03-10,390.989990234375,385.9100036621094,24.799999237060547,26.86000061035156,61.85483986844933,196.52061650860588,-54.43252933946818,-54.43252933946818,-123.70065639169533,81.97528798784644,81.97528798784644,-358.29891439183547,81.97528798784644,81.97528798784644,-358.29891439183547,116.09642610662368,116.09642610662368,-302.8687618718023
2023-03-13,381.80999755859375,385.3599853515625,26.520000457763672,30.93000030517578,64.87541634375386,302.0576475304523,-128.9245512598388,-128.9245512598388,343.4933673071352,2.4637226802088263,2.4637226802088263,526.4048241630088,2.4637226802088263,2.4637226802088263,526.4048241630088,56.98859028754695,56.98859028754695,590.5210798228827
2023-03-14,390.5,391.7300109863281,23.729999542236328,25.969999313354492,61.61834179163367,-325.7074552120187,176.00886616509362,176.00886616509362,52.30662367445154,302.7358393428091,302.7358393428091,231.16376895308298,302.7358393428091,302.7358393428091,231.16376895308298,331.39506044485876,331.39506044485876,288.1353134141421
2023-03-15,385.8900146484375,389.2799987792969,26.13999938964844,29.309999465942383,65.33964909678087,372.13073051472065,-64.46310128311305,-64.46310128311305,310.8425650682942,88.20314324744379,88.20314324744379,499.56855178449626,88.20314324744379,88.20314324744379,499.56855178449626,132.2896503010984,132.2896503010984,566.7736979954701
2023-03-16,386.8200073242187,396.1099853515625,22.989999771118164,24.61000061035156,62.03595463158281,-330.36944651980633,-154.0339084377802,-154.0339084377802,-140.82875487158086,-532.0847982380752,-532.0847982380752,-109.9480177874492,-532.0847982380752,-532.0847982380752,-109.9480177874492,-616.6507257680179,-616.6507257680179,-75.31306288388731
2023-03-17,393.2200012207031,389.989990234375,25.510000228881836,27.010000228881836,64.07304739520245,203.709276361964,367.43753073140755,-140.18236675484027,-140.18236675484027,529.1988345312761,3.751533052017544,3.751533052017544,529.1988345312761,3.751533052017544,3.751533052017544,579.0440786782109,41.91988920426473,41.91988920426473
2023-03-20,390.7999877929687,393.739990234375,24.149999618530273,25.899999618530273,62.63943202101406,-143.3615374188392,-24.679538217623453,-24.679538217623453,249.68663221876034,102.6593566166582,102.6593566166582,421.87197016663373,102.6593566166582,102.6593566166582,421.87197016663373,131.73287767063087,131.73287767063087,474.7382013252558
2023-03-21,397.239990234375,398.9100036621094,21.3799991607666,22.84000015258789,59.96816332098874,-267.12687000253226,-47.43655346799154,-47.43655346799154,240.6634054375491,70.41192848928083,70.41192848928083,366.3263983924288,70.41192848928083,70.41192848928083,366.3263983924288,94.61882421830498,94.61882421830498,392.5786366549929
2023-03-22,398.7300109863281,392.1099853515625,22.260000228881836,23.75,57.9533300453044,-201.48332756843388,75.064075554722,-157.2738694992321,-157.2738694992321,226.68131606073246,-330.4598682794314,-330.4598682794314,226.68131606073246,-330.4598682794314,-330.4598682794314,267.94410128336074,-307.7912285416827,-307.7912285416827
2023-03-23,395.0899963378906,393.1700134277344,22.61000061035156,23.11000061035156,59.02006332563623,106.67332803318317,64.54057177183134,151.09126407148457,-120.53551289360841,244.31552446252604,254.14630458294224,-129.05988728393976,244.31552446252604,254.14630458294224,-129.05988728393976,299.110768554241,271.70561881182095,-79.19714355983862
2023-03-24,391.8399963378906,395.75,21.739999771118164,20.6200008392334,58.57604393770568,-44.40193879305525,-174.56396340505088,-174.56396340505088,268.5943700594304,-158.55151833827216,-158.55151833827216,382.0067995180498,-158.55151833827216,-158.55151833827216,382.0067995180498,-145.37760908134763,-145.37760908134763,401.2848645559936
2023-03-27,398.1199951171875,396.489990234375,20.600000381469727,19.309999465942383,56.5827089034282,-199.33350342774787,189.2882878337925,-31.3271916525377,-31.3271916525377,295.62872736703196,50.55114754392471,50.55114754392471,295.62872736703196,50.55114754392471,50.55114754392471,312.7931023329103,60.03920846793063,60.03920846793063
2023-03-28,395.7699890136719,395.6000061035156,19.969999313354492,18.329999923706055,54.87185479064456,-171.0854112783636,240.84046859444433,240.84046859444433,-82.46254476200968,302.356309405281,302.356309405281,43.71208391885586,302.356309405281,302.356309405281,43.71208391885586,307.5061253705788,307.5061253705788,63.93627725864908
2023-03-29,399.9299926757813,401.3500061035156,19.1200008392334,17.170000076293945,56.74859096806614,187.67361774215772,-124.79880907806346,154.42523761653993,12.458281646522076,-113.21343348714105,204.4686653633071,160.91016473875442,-113.21343348714105,204.4686653633071,160.91016473875442,-87.84008119407575,207.48068642992192,185.639110780564
2023-03-30,404.0899963378906,403.7000122070313,19.020000457763672,17.299999237060547,58.00217708748299,125.35861194168518,-16.34443765211959,165.8886283403465,165.8886283403465,103.75701969254257,221.68253706698886,221.68253706698886,103.75701969254257,221.68253706698886,221.68253706698886,122.15291238300904,225.5046869282901,225.5046869282901
2023-03-31,404.6600036621094,409.3900146484375,18.700000762939453,16.510000228881836,61.32086109067835,331.8684003195358,-131.93054735197254,-153.7164772472206,-153.7164772472206,-436.70248097291505,-107.45313636739577,-107.45313636739577,-436.70248097291505,-107.45313636739577,-107.45313636739577,-416.1655296625522,-105.00951464418532,-105.00951464418532
2023-04-03,408.8500061035156,410.9500122070313,18.549999237060547,17.030000686645508,61.97171981292263,65.08587222442799,-152.42934426593033,202.31389244402,202.31389244402,-135.0847998122789,259.3722482990099,259.3722482990099,-135.0847998122789,259.3722482990099,259.3722482990099,-118.87918382376067,263.36918080367,263.36918080367
2023-04-04,411.6199951171875,408.6700134277344,19.0,17.420000076293945,60.8665137656751,-110.52060472475276,174.04458881577935,174.04458881577935,-162.36989703990636,242.14019439887923,242.14019439887923,-194.83268784229716,242.14019439887923,242.14019439887923,-194.83268784229716,248.64587510008337,248.64587510008337,-181.82024380142323
2023-04-05,407.9100036621094,407.6000061035156,19.079999923706055,16.989999771118164,60.142917400296994,-72.3596365378107,65.34941905354044,69.09754431175584,69.09754431175584,152.0745730845693,137.36015457913794,137.36015457913794,152.0745730845693,137.36015457913794,137.36015457913794,162.12770630516394,143.161597671304,143.161597671304
2023-04-06,406.7699890136719,409.19000244140625,18.399999618530273,15.68000030517578,60.23492301446001,9.200561416301412,-125.66364952420061,-125.66364952420061,244.5044802797092,-72.3304075675147,-72.3304075675147,325.4223372039711,-72.3304075675147,-72.3304075675147,325.4223372039711,-68.90515152124712,-68.90515152124712,332.3533103233728
2023-04-10,406.6099853515625,409.6099853515625,18.969999313354492,16.799999237060547,60.93512305872236,70.02000442623526,-160.8332561613942,-160.8332561613942,295.37858455108466,-100.24952536379749,-100.24952536379749,389.5214820566433,-100.24952536379749,-100.24952536379749,389.5214820566433,-95.39389266603219,-95.39389266603219,400.08276021488365
2023-04-11,410.260009765625,409.7200012207031,19.100000381469727,16.860000610351562,61.095090597096544,15.996753837418254,-88.1766875876584,262.95153546967174,-131.15702755947316,71.37080467765546,314.52807335398336,-21.863826664201834,71.37080467765546,314.52807335398336,-21.863826664201834,101.30436792051867,317.81723104489686,-0.1489193514434306
2023-04-12,411.8699951171875,408.0499877929687,19.09000015258789,15.899999618530272,59.81110480920708,-128.39857878894634,103.59659551619237,103.59659551619237,-175.12899415074233,162.02953936044983,162.02953936044983,-288.35241158506074,162.02953936044983,162.02953936044983,-288.35241158506074,166.31237640394966,166.31237640394966,-280.87477886145507
2023-04-13,409.1799926757813,413.4700012207031,17.799999237060547,14.649999618530272,62.08028762697897,226.91828177718918,-146.43028173018251,-77.13890340880242,-77.13890340880242,-387.40621905555497,-43.11940295956871,-43.11940295956871,-387.40621905555497,-43.11940295956871,-43.11940295956871,-376.8680980030143,-42.03993834230799,-42.03993834230799
2023-04-14,412.80999755859375,412.4599914550781,17.06999969482422,13.350000381469728,60.39534852095981,-168.4939106019165,58.59485379477716,29.207374551025445,29.207374551025445,114.90488283796918,69.95225225089249,69.95225225089249,114.90488283796918,69.95225225089249,69.95225225089249,117.5956170548503,71.26741264299817,71.26741264299817
2023-04-17,412.3699951171875,413.94000244140625,16.950000762939453,14.510000228881836,61.201012791887514,80.56642709277071,-95.21656810971743,-95.21656810971743,197.98730734987248,-39.28584235405179,-39.28584235405179,256.60115084425905,-39.28584235405179,-39.28584235405179,256.60115084425905,-35.96753870194605,-35.96753870194605,259.8680603497384
2023-04-18,415.5799865722656,414.2099914550781,16.829999923706055,14.710000038146973,61.21709086897581,1.6078077088295117,192.59928013462292,192.59928013462292,-141.09960688703006,228.3914072703842,228.3914072703842,-107.52163010883963,228.3914072703842,228.3914072703842,-107.52163010883963,229.72128697382848,229.72128697382848,-95.96088593836491
2023-04-19,412.2200012207031,414.1400146484375,16.459999084472656,14.300000190734863,60.716968571063546,-50.012229791226304,-120.61773124669469,-120.61773124669469,220.76380464376706,-69.36560331117164,-69.36560331117164,280.8873016488095,-69.36560331117164,-69.36560331117164,280.8873016488095,-66.64444310288788,-66.64444310288788,284.18985993990935
2023-04-20,411.2099914550781,411.8800048828125,17.170000076293945,15.130000114440918,59.572548271078844,-114.44202999847022,92.97341190700087,92.97341190700087,27.95684145732158,135.93386175090902,135.93386175090902,121.66219924500916,135.93386175090902,135.93386175090902,121.66219924500916,138.02341609184217,138.02341609184217,130.254534322467
2023-04-21,412.19000244140625,412.2000122070313,16.770000457763672,14.880000114440918,59.31921177840292,-25.33364926759276,77.08242237108428,77.08242237108428,31.113024726980655,132.52294933784475,132.52294933784475,96.75918221436731,132.52294933784475,132.52294933784475,96.75918221436731,135.96918853848678,135.96918853848678,101.050639464811
2023-04-24,411.989990234375,412.6300048828125,16.889999389648438,16.649999618530273,59.5496398200634,23.042804166048114,43.5645463425544,43.5645463425544,88.92469075655089,110.47885583232312,110.47885583232312,174.10899977036908,110.47885583232312,110.47885583232312,174.10899977036908,116.47748527806792,116.47748527806792,182.9277683347234
2023-04-25,410.5799865722656,406.0799865722656,18.760000228881836,19.079999923706055,56.7594901040688,-279.0149715994595,-80.03247777247859,-80.03247777247859,-135.4405632234853,-6.18700059502981,-6.18700059502981,-386.0433167947555,-6.18700059502981,-6.18700059502981,-386.0433167947555,1.8015087314001277,1.8015087314001277,-357.887262475959
2023-04-26,406.7200012207031,404.3599853515625,18.84000015258789,19.280000686645508,55.58221923428539,-117.72708697834133,256.31225628387176,256.31225628387176,-157.11398653265437,340.521967338971,340.521967338971,-109.79562603650913,340.521967338971,340.521967338971,-109.79562603650913,351.46004592582705,351.46004592582705,-91.8273953074791
2023-04-27,407.0,412.4100036621094,17.030000686645508,17.219999313354492,59.28079514008774,369.85759058023507,-190.60176825845477,-190.60176825845477,86.65025125747333,-361.3771268950607,-361.3771268950607,174.67141278928463,-361.3771268950607,-361.3771268950607,174.67141278928463,-354.58178715324163,-354.58178715324163,184.40496651452705
2023-04-28,411.489990234375,415.9299926757813,15.779999732971191,15.529999732971191,60.94726050239774,166.64653623099994,-211.00782809819097,-211.00782809819097,240.19854988528476,-254.3119262882571,-254.3119262882571,328.9349563255785,-254.3119262882571,-254.3119262882571,328.9349563255785,-251.35248819746872,-251.35248819746872,337.19812379362844
2023-05-01,415.4700012207031,415.510009765625,16.079999923706055,16.06999969482422,60.62901624075869,-31.824426163905173,234.78981057404374,234.78981057404374,-86.13784442056495,281.80313294594305,281.80313294594305,39.97201053148351,281.80313294594305,281.80313294594305,39.97201053148351,284.4341768947806,284.4341768947806,57.306105045083264
2023-05-02,414.7699890136719,410.8399963378906,17.780000686645508,18.61000061035156,58.43489704607889,-219.41191946798,287.9044968488921,-107.24237910987677,-118.81852455742268,440.6526431570434,-37.44006836652043,-369.3840264762594,440.6526431570434,-37.44006836652043,-369.3840264762594,473.91472030219694,-30.615044867328997,-332.57209902937757
2023-05-03,411.3599853515625,408.0199890136719,18.34000015258789,18.489999771118164,56.87093655144947,-156.396049462942,114.54526197201352,114.54526197201352,-152.75774346037886,189.19345061283542,189.19345061283542,-235.12764187377294,189.19345061283542,189.19345061283542,-235.12764187377294,197.42868242790468,197.42868242790468,-216.58314155788148
2023-05-04,406.9299926757813,405.1300048828125,20.09000015258789,19.8799991607666,56.986205004879224,11.526845342975633,313.60720016868584,313.60720016868584,-144.79902453595062,406.13596318356514,406.13596318356514,-33.201277024174146,406.13596318356514,406.13596318356514,-33.201277024174146,419.7821139608386,419.7821139608386,-14.473385135356962
2023-05-05,408.9100036621094,412.6300048828125,17.190000534057617,15.34000015258789,58.974554536634976,198.83495317557518,-154.27798439225342,17.193249517842425,17.193249517842425,-315.30358100996705,58.80083407508614,58.80083407508614,-315.30358100996705,58.80083407508614,58.80083407508614,-304.33230600320155,60.58579695323842,60.58579695323842
2023-05-08,412.9700012207031,412.739990234375,16.979999542236328,15.239999771118164,58.620521846151036,-35.40326904839404,45.028557013086235,69.65246082132415,69.65246082132415,120.6403463291326,123.33078138985755,123.33078138985755,120.6403463291326,123.33078138985755,123.33078138985755,127.11450770302164,126.3957331251851,126.3957331251851
2023-05-09,411.1300048828125,410.9299926757813,17.709999084472656,16.399999618530273,57.8290786122906,-79.14432338604342,199.38284198335336,199.38284198335336,-61.43681363993709,252.4812212872,252.4812212872,44.53936280493147,252.4812212872,252.4812212872,44.53936280493147,256.0597673630831,256.0597673630831,57.37221044377623
2023-05-10,413.8800048828125,412.8500061035156,16.940000534057617,14.59000015258789,58.513544030277544,68.44654179869423,58.973984197112976,59.4280774202925,59.4280774202925,155.74669337863634,96.52891393977694,96.52891393977694,155.74669337863634,96.52891393977694,96.52891393977694,164.85961730446286,97.84865887393671,97.84865887393671
2023-05-11,411.9500122070313,412.1300048828125,16.93000030517578,14.489999771118164,57.84303108338297,-67.05129468945756,75.43089192138977,75.43089192138977,28.61506524384019,123.36777349162469,123.36777349162469,96.67232559388442,123.36777349162469,123.36777349162469,96.67232559388442,125.8298215090935,125.8298215090935,100.97063329629566
2023-05-12,413.4200134277344,411.5899963378906,17.030000686645508,14.09000015258789,57.42309441806434,-41.99366653186303,168.9319032580291,-64.78780631718168,-64.78780631718168,247.51970862770952,-27.048386096866196,-27.048386096866196,247.51970862770952,-27.048386096866196,-27.048386096866196,253.24424531897154,-25.760082836370234,-25.760082836370234
2023-05-15,412.2200012207031,413.010009765625,17.1200008392334,14.640000343322754,58.409308000404465,98.62135823401275,-5.026935394298368,-5.026935394298368,109.85132221820633,49.004055509487436,49.004055509487436,172.81120006942302,49.004055509487436,49.004055509487436,172.81120006942302,52.17479619693888,52.17479619693888,176.62898164662064
2023-05-16,411.8599853515625,410.25,17.989999771118164,15.989999771118164,56.9825635056363,-142.67444947681653,274.1533377129794,274.1533377129794,-149.43856502607798,333.2000476153434,333.2000476153434,-66.66400677157063,333.2000476153434,333.2000476153434,-66.66400677157063,337.6091552017759,337.6091552017759,-58.92737295787749
2023-05-17,412.3500061035156,415.2300109863281,16.8700008392334,14.670000076293944,59.865519530262574,288.29560246262747,-200.59064010440014,-200.59064010440014,282.57726592459716,-166.75376301540206,-166.75376301540206,342.9543758985525,-166.75376301540206,-166.75376301540206,342.9543758985525,-163.2477961069345,-163.2477961069345,346.5013330216068
2023-05-18,414.8999938964844,419.2300109863281,16.049999237060547,14.0600004196167,62.62182909498132,275.6309564718748,-122.0497829150623,-161.76364970198202,304.51453416759426,-414.56170732730544,-133.1038305896591,438.5885987635904,-414.56170732730544,-133.1038305896591,438.5885987635904,-400.2093729793628,-132.37804070392414,452.8998739167902
2023-05-19,420.1700134277344,418.6199951171875,16.809999465942383,14.25,62.54327869153107,-7.855040345025088,23.76808982365597,128.04410637874176,-127.94392522057782,167.69693529087996,159.87109492232756,-140.2606546139742,186.02630429509784,160.83910461741337,-126.75610298051733,186.02630429509784,160.83910461741337,-126.75610298051733
2023-05-22,418.6400146484375,418.7900085449219,17.209999084472656,15.520000457763672,62.75903533021365,21.575663868257777,-39.80298622137808,168.01166346787468,168.01166346787468,58.001253695012416,216.92320415397404,216.92320415397404,69.01350263052464,219.57703995635129,219.57703995635129,69.01350263052464,219.57703995635129,219.57703995635129
2023-05-23,417.0799865722656,414.0899963378906,18.530000686645508,17.3700008392334,59.901616550794124,-285.74187794195257,223.79555863459294,223.79555863459294,-170.9509965473739,300.4128624851989,300.4128624851989,-170.93375244043554,308.8260182025166,308.8260182025166,-159.98868859066218,308.8260182025166,308.8260182025166,-159.98868859066218
2023-05-24,412.4200134277344,411.0899963378906,20.030000686645508,19.770000457763672,59.030525656664246,-87.10908941298783,224.39747032725066,224.39747032725066,-55.192633375435584,326.02689296686845,326.02689296686845,48.090761510100386,326.02689296686845,326.02689296686845,48.090761510100386,342.7148659991948,342.7148659991948,64.27935847441687
2023-05-25,414.739990234375,414.6499938964844,19.13999938964844,18.459999084472656,60.74172954143304,171.12038847687927,-93.88256234399375,272.5075225211473,-118.21272207548105,57.050982888930584,340.87847818459187,12.442977516755763,57.050982888930584,340.87847818459187,12.442977516755763,89.21466746103323,347.3602004886058,48.89620371040253
2023-05-26,415.3299865722656,420.0199890136719,17.950000762939453,17.239999771118164,64.04849452778195,330.6764986348917,-115.03845448112122,-203.15830981845588,365.5105816329902,-449.96915866104143,-147.88577492327698,504.15346562787715,-449.96915866104143,-147.88577492327698,504.15346562787715,-418.13003909930376,-143.61528528985434,527.704927384329
2023-05-30,422.0299987792969,420.1799926757813,17.459999084472656,16.510000228881836,63.53046962935757,-51.802489842438604,291.2228262289268,291.2228262289268,-155.6028036597825,361.12303970215953,361.12303970215953,-69.18058606363397,367.79798118016356,367.79798118016356,-59.8599716631931,367.79798118016356,367.79798118016356,-59.8599716631931
2023-05-31,418.2799987792969,417.8500061035156,17.940000534057617,16.850000381469727,61.80569650510779,-172.47731242497792,49.866790195451905,90.72040849166213,90.72040849166213,148.00839955408003,156.0217414829906,156.0217414829906,160.9821875541171,161.43133874828493,161.43133874828493,160.9821875541171,161.43133874828493,161.43133874828493
2023-06-01,418.0899963378906,421.8200073242187,15.649999618530272,13.979999542236328,63.804781117620095,199.90846125123056,-182.4746641119166,101.47381561027123,101.47381561027123,-294.59211353681405,144.1316886436214,144.1316886436214,-289.9089847415487,145.79957050571718,145.79957050571718,-289.9089847415487,145.79957050571718,145.79957050571718
2023-06-02,424.5,427.9200134277344,14.600000381469728,12.739999771118164,69.04652313885691,524.1742021236817,-133.7518521139754,-42.64848353628994,-42.64848353628994,-318.35172484315416,-20.79797639291503,-20.79797639291503,-310.2031394284993,-20.454081687767967,-20.454081687767967,-310.2031394284993,-20.454081687767967,-20.454081687767967
2023-06-05,428.2799987792969,427.1000061035156,14.729999542236328,14.140000343322754,68.14486354182155,-90.1659597035362,115.46212536515509,-5.638442458988655,-5.638442458988655,194.62547041497504,38.47079975232302,38.47079975232302,201.0338240730981,40.38993785489715,40.38993785489715,201.0338240730981,40.38993785489715,40.38993785489715
2023-06-06,426.6700134277344,428.0299987792969,13.960000038146973,13.829999923706056,68.78421118734116,63.934764551960654,-21.93627722452034,-21.93627722452034,126.25293667877955,20.371886817123766,20.371886817123766,200.20050867845399,22.24652009602208,22.24652009602208,205.07388774013629,22.24652009602208,22.24652009602208,205.07388774013629
2023-06-07,428.44000244140625,426.5499877929687,13.9399995803833,13.859999656677246,67.30400811749836,-148.02030698428013,174.48744614066615,-66.41482241437161,-66.41482241437161,255.91255486891836,-26.732316480513884,-26.732316480513884,262.3217789786415,-25.24598312303332,-25.24598312303332,262.3217789786415,-25.24598312303332,-25.24598312303332
2023-06-08,426.6199951171875,429.1300048828125,13.649999618530272,13.59000015258789,69.68907477551127,238.50666580129172,-135.363053481745,-135.363053481745,236.88184294888674,-95.75178879342815,-95.75178879342815,310.15311704223467,-94.16552850287766,-94.16552850287766,314.72285942452095,-94.16552850287766,-94.16552850287766,314.72285942452095
2023-06-09,429.9599914550781,429.8999938964844,13.829999923706056,13.289999961853027,70.42277405526113,73.36992797498567,-109.16219399369403,247.54042706687648,-119.86874855938618,22.02289158228641,274.0086291424406,-0.32111639017291305,35.76580722770382,274.60091982075784,12.40674814339238,35.76580722770382,274.60091982075784,12.40674814339238
2023-06-12,430.9200134277344,433.7999877929687,15.010000228881836,15.350000381469728,74.28767369987182,386.4899644610688,-92.61489668096524,-92.61489668096524,230.26466120470175,-44.11523529243324,-44.11523529243324,340.267210930228,-41.2559255826278,-41.2559255826278,353.5078533019711,-41.2559255826278,-41.2559255826278,353.5078533019711
2023-06-13,435.3200073242187,436.6600036621094,14.609999656677246,14.399999618530272,76.954105828759,266.64321288871804,-111.39173943448759,108.4971130188112,32.76709913483031,-123.34151207328736,146.32830329972595,157.32820150207107,-100.30585123903856,147.84252000935572,172.1402898457918,-100.30585123903856,147.84252000935572,172.1402898457918
2023-06-14,437.010009765625,437.1799926757813,13.880000114440918,12.710000038146973,77.3263721115344,37.22662827753993,63.36764471973877,63.36764471973877,26.362393578766042,104.35656128647761,104.35656128647761,84.52474631622844,105.88991095946655,105.88991095946655,87.16523955807344,105.88991095946655,105.88991095946655,87.16523955807344
2023-06-15,436.3299865722656,442.6000061035156,14.5,13.579999923706056,82.68812175684269,536.1749645308294,-224.53613043289133,-224.53613043289133,74.17183141297564,-446.10594192229934,-446.10594192229934,158.34277503621183,-444.56419772344,-444.56419772344,164.60295717659673,-444.56419772344,-444.56419772344,164.60295717659673
2023-06-16,443.0199890136719,439.4599914550781,13.539999961853027,11.329999923706056,79.45985267878997,-322.8269078052719,253.14079071972955,-234.15129911584742,-234.15129911584742,305.14612282682873,-259.7060425836341,-259.7060425836341,306.8438816436992,-259.21341270559464,-259.21341270559464,306.85163885669454,-259.2125149096521,-259.2125149096521
2023-06-20,437.4500122070313,437.1799926757813,13.880000114440918,12.920000076293944,77.05994189404593,-239.9910784744037,77.53776592810773,77.53776592810773,14.03190007296258,128.6669824324167,128.6669824324167,64.24537061370928,131.09144434360766,131.09144434360766,66.35533452540899,131.09144434360766,131.09144434360766,66.35533452540899
2023-06-21,436.1600036621094,434.94000244140625,13.199999809265137,12.029999732971191,74.745675418837,-231.42664752089388,247.94055551980685,247.94055551980685,-162.85214002280722,272.32992724586006,272.32992724586006,-92.80335564419798,272.80102689779227,272.80102689779227,-89.17850571027454,272.80102689779227,272.80102689779227,-89.17850571027454
2023-06-22,433.9500122070313,436.510009765625,12.90999984741211,11.149999618530272,76.23890185890055,149.32264400635518,-153.5989496929529,86.24490171353683,86.24490171353683,-228.54383567862362,102.20745294412338,102.20745294412338,-225.57085091316546,102.3412489958482,102.3412489958482,-225.57085091316546,102.3412489958482,102.3412489958482
2023-06-23,432.9299926757813,433.2099914550781,13.4399995803833,11.609999656677246,72.96974632686268,-326.9155532037871,-17.484444987213774,89.87583587735192,89.87583587735192,32.38644508718982,119.79679079903461,119.79679079903461,33.97080841955667,120.34165955045027,120.34165955045027,33.97080841955667,120.34165955045027,120.34165955045027
2023-06-26,432.6199951171875,431.44000244140625,14.25,12.68000030517578,71.18529902764547,-178.44472992172058,154.1423072443866,-67.96713516263885,-67.96713516263885,205.67258011954056,-24.329497308876633,-24.329497308876633,207.9288821394106,-22.845037740523622,-22.845037740523622,207.9288821394106,-22.845037740523622,-22.845037740523622
2023-06-27,432.3500061035156,436.1700134277344,13.739999771118164,12.050000190734863,75.74289931619413,455.7600288548656,-215.21918628511642,-215.21918628511642,174.86949355751483,-291.5208133866119,-291.5208133866119,218.60312327408462,-290.2730848436506,-290.2730848436506,219.86860591032217,-290.2730848436506,-290.2730848436506,219.86860591032217
2023-06-28,435.0499877929687,436.3900146484375,13.43000030517578,11.739999771118164,75.8958017999356,15.290248374147097,-110.35746835211732,98.51846014963569,20.44049777873569,-124.2209531962673,115.0786672876495,135.59456827738072,-115.02750004706962,115.25079279250882,142.96155563900672,-115.02750004706962,115.25079279250882,142.96155563900672
2023-06-29,435.9599914550781,438.1099853515625,13.539999961853027,11.75,77.56509194721903,166.92901472834336,-64.43824448209165,-64.43824448209165,156.05721576737002,-43.75135806925263,-43.75135806925263,236.2575114507642,-43.438559796762696,-43.438559796762696,239.9559817562652,-43.438559796762696,-43.438559796762696,239.9559817562652
2023-06-30,441.44000244140625,443.2799987792969,13.59000015258789,11.529999732971191,82.66281860898978,509.772666177075,-72.5039279101079,-72.5039279101079,153.33608531804995,-47.768818065381936,-47.768818065381936,217.5337157823632,-47.31820052685081,-47.31820052685081,219.91617967118788,-47.316978155782394,-47.316978155782394,219.92681939168966
2023-07-03,442.9200134277344,443.7900085449219,13.56999969482422,12.0,83.04549436978792,38.26757607981364,-72.69595643073795,154.681270025182,154.681270025182,-17.429516974542356,189.86699269935954,189.86699269935954,-15.11718997351432,190.76224800785,190.76224800785,-15.10020244883765,190.76537403109091,190.76537403109091
2023-07-05,441.9100036621094,443.1300048828125,14.18000030517578,12.56999969482422,82.32781696633944,-71.76774034484765,-34.19832518936643,-34.19832518936643,124.67900911152972,5.165924147621206,5.165924147621206,185.31493049043942,6.584948214141464,6.584948214141464,188.16926824796897,6.595532100040582,6.595532100040582,188.191957289934
2023-07-06,439.4200134277344,439.6600036621094,15.4399995803833,13.960000038146973,78.93095944504512,-339.6857521294322,-104.51079393135771,237.80720177157696,237.80720177157696,12.638854466091034,273.3410772112836,273.3410772112836,25.949755438817125,274.572357358021,274.572357358021,26.37805712215504,274.58207701925363,274.58207701925363
2023-07-07,438.6300048828125,438.5499877929687,14.829999923706056,12.600000381469728,77.73845019033774,-119.25092547073746,-21.21974436924343,119.2819377466712,119.2819377466712,58.020223654602155,149.00864986969282,149.00864986969282,63.008213460555645,149.7124212592256,149.7124212592256,63.07236864336294,149.7150533361933,149.7150533361933
2023-07-10,438.1799926757813,439.6600036621094,15.06999969482422,13.5,78.72023794523506,98.17877548973115,-144.82252282997374,249.04713153647006,249.04713153647006,-71.07808434070986,291.72507911340915,291.72507911340915,-65.76614809419442,293.4417832983017,293.4417832983017,-65.6696723954295,293.45595509159267,293.45595509159267
2023-07-11,440.4500122070313,442.4599914550781,14.84000015258789,13.699999809265137,81.43751795394613,271.72800087110716,-105.76551520323669,22.58221107848184,108.84877555433653,-195.18945808417564,56.206400069820475,224.58264077437107,-173.36778745886426,57.334111330434176,236.3946703445725,-172.52391660931423,57.343622534608386,236.67853104890352
2023-07-12,446.3900146484375,446.0199890136719,13.539999961853027,11.380000114440918,84.89907490625195,346.1556952305827,152.04772453593714,152.04772453593714,-70.70585504478039,176.07285049025523,176.07285049025523,-5.244433719267791,176.49509492542433,176.49509492542433,-2.789237748662041,176.4961902134158,176.4961902134158,-2.7782067586475034
2023-07-13,447.8999938964844,449.55999755859375,13.609999656677246,12.130000114440918,88.39304755696824,349.39726507162874,-149.03086411842142,234.83077682782837,234.83077682782837,-91.93695603658624,272.50849653297,272.50849653297,-89.30795520481976,273.59959265922134,273.59959265922134,-89.28494118376219,273.60435652292233,273.60435652292233
2023-07-14,450.4800109863281,449.2799987792969,13.34000015258789,11.899999618530272,88.07023166091898,-32.28158960492635,-25.88679340714528,176.29595789423004,-136.76265683299252,123.08297938462525,197.90118311008212,-106.477716171693,137.89831056725558,198.25993866892196,-99.68678763233021,138.1858313085055,198.26097317506316,-99.61555230395174
2023-07-17,449.1300048828125,450.8399963378906,13.479999542236328,13.09000015258789,89.50929420274878,143.90625418297986,-147.86392464637854,183.00376058357696,183.00376058357696,-129.40098277919063,215.06593373499857,215.06593373499857,-119.9992228683681,215.9898732462121,215.9898732462121,-119.78354711352674,215.9951097136152,215.9951097136152
2023-07-18,450.5,454.19000244140625,13.300000190734863,13.149999618530272,92.81586524188104,330.65710391322654,-103.22211332777417,-153.25164751884589,280.2386770703056,-364.7869066437686,-121.52801373339629,392.12460479534496,-343.6563249216607,-120.5552318055054,402.7248164462789,-342.90706007465013,-120.54807221791319,402.9483461461801
2023-07-19,455.010009765625,455.2000122070313,13.760000228881836,13.359999656677246,51.04203839203734,-4179.98268498437,-119.60162865346213,248.47655890447447,-103.42404815590191,-0.6472317275571826,281.8861585613542,29.783640708526598,17.11355757912736,282.9716854472132,45.440837868404735,17.747536427031353,282.9800722568961,45.892401457146256
2023-07-20,454.1700134277344,452.1799926757813,13.989999771118164,13.56999969482422,50.959434946517575,-8.260344551976573,135.7325158959857,-7.497029164072108,-7.497029164072108,244.65881728640832,29.90479254317455,29.90479254317455,256.45913972708996,31.29090338080112,31.29090338080112,256.8234577871525,31.302706972467952,31.302706972467952
2023-07-21,453.9599914550781,452.1799926757813,13.600000381469728,12.5,49.55068473798437,-140.87502085332062,128.13271704463165,-18.85949191532392,-18.85949191532392,221.0137904750131,10.565948600860223,10.565948600860223,228.16967132474602,11.289931377532605,11.289931377532605,228.29294250124005,11.293026061523184,11.293026061523184
2023-07-24,453.3699951171875,454.2000122070313,13.90999984741211,13.40999984741211,50.91145442643986,136.07696884554912,-91.44270307703604,203.16236462344077,203.16236462344077,-9.181342559330938,246.50907229028334,246.50907229028334,-2.265911745896363,248.378197026034,248.378197026034,-2.1075307695406864,248.3962659471214,248.3962659471214
2023-07-25,453.9200134277344,455.44000244140625,13.859999656677246,13.489999771118164,51.00982824366426,9.837381722439886,-154.19214006204794,232.0633550907498,232.0633550907498,-98.33907428741125,270.4764592939763,270.4764592939763,-88.3941835165704,271.9341719163422,271.9341719163422,-88.11766764063657,271.94665765417193,271.94665765417193
2023-07-26,454.4700012207031,455.510009765625,13.1899995803833,11.739999771118164,48.70243187933062,-230.73963643336413,-134.27931195464882,196.14177776283836,-49.074973543003274,-80.17888212122976,216.88798758978297,95.86541862475872,-72.67378613322634,217.1870318281257,109.1071240665693,-72.57483952811167,217.1876234309951,109.30722184603823
2023-07-27,459.0199890136719,452.489990234375,14.40999984741211,13.470000267028809,51.95472483695687,325.22929576262527,98.13229453500723,-223.49814750619467,-223.49814750619467,202.37706650895856,-435.67084913042487,-435.67084913042487,213.36660180977373,-434.158705847651,-434.158705847651,213.6987010796293,-434.1450197860889,-434.1450197860889
2023-07-28,455.8800048828125,456.9200134277344,13.329999923706056,11.229999542236328,49.44905131851351,-250.56735184433592,53.233753320913536,53.233753320913536,40.16386798509879,73.30330242983435,73.30330242983435,122.96563359944102,73.593778185795,73.593778185795,126.89399912124813,73.59441621386303,73.59441621386303,126.91788201505838
2023-07-31,457.4100036621094,457.7900085449219,13.630000114440918,12.619999885559082,50.4952776572145,104.62263387009898,17.53783977563328,17.53783977563328,78.1135197147428,70.26108218585735,70.26108218585735,131.4871004272089,72.96969871960862,72.96969871960862,133.99969221938503,73.00215055300895,73.00215055300895,134.02245887610573
2023-08-01,456.2699890136719,456.4800109863281,13.93000030517578,13.010000228881836,51.023032598932815,52.77549417183138,126.8434982583276,126.8434982583276,-15.971078845878514,164.8420405577835,164.8420405577835,70.13124004919192,166.3462100752345,166.3462100752345,76.7002770140192,166.36144925693034,166.36144925693034,76.80952329338274
2023-08-02,453.25,450.1300048828125,16.09000015258789,15.399999618530272,56.69296938858784,566.9936789655026,320.7163671485343,-182.34942507021367,-182.34942507021367,416.965666026309,-118.2323390297972,-118.2323390297972,429.2454059895452,-113.06865367241052,-113.06865367241052,429.84385206808986,-112.93236415045348,-112.93236415045348
2023-08-03,448.0400085449219,448.8399963378906,15.920000076293944,15.0600004196167,55.78180071800037,-91.11686705874718,-57.679143683332,187.2846993152912,187.2846993152912,28.74569872829038,249.39237386816725,249.39237386816725,38.2363907256775,254.01862345258084,254.01862345258084,38.60661494618689,254.12312041720773,254.12312041720773
2023-08-04,450.7200012207031,446.80999755859375,17.100000381469727,16.09000015258789,59.37322818374278,359.1427465742413,-18.40227611404226,-18.40227611404226,-141.65748215678244,42.80975887558369,42.80975887558369,-333.3320736327701,47.87651012943355,47.87651012943355,-312.70187603831585,48.04117088699662,48.04117088699662,-311.4611961878962
2023-08-07,448.7099914550781,450.7099914550781,15.770000457763672,14.68000030517578,55.31652501122102,-405.67031725217646,-158.1073677324323,219.13465430097537,219.13465430097537,-127.41314017787398,269.1941930925068,269.1941930925068,-115.28640823797176,272.03874284686947,272.03874284686947,-114.80128881718113,272.08400061414596,272.08400061414596
2023-08-08,448.0799865722656,448.75,15.989999771118164,14.8100004196167,55.59785533791603,28.13303266950129,-48.986328706813985,175.40118349112035,175.40118349112035,36.256996130201706,234.49495026335123,234.49495026335123,45.22121740722047,238.5733599934254,238.5733599934254,45.54332674031387,238.655081215877,238.655081215877
2023-08-09,449.0299987792969,445.75,15.960000038146973,15.329999923706056,54.91612241482528,-68.1732923090749,276.94173740565134,-131.1966932037752,-131.1966932037752,393.64535548064794,-77.4284862579478,-77.4284862579478,410.57369593148843,-73.94614607407065,-73.94614607407065,411.48395623273905,-73.87587778605213,-73.87587778605213
2023-08-10,448.19000244140625,445.9100036621094,15.850000381469728,15.380000114440918,54.487457278574766,-42.86651362505154,240.41613486535897,-105.19664828213779,-105.19664828213779,333.43857747128243,-42.14392615079452,-42.14392615079452,344.72819650674154,-37.234329007318024,-37.234329007318024,345.2381845954792,-37.11260956535558,-37.11260956535558
2023-08-11,443.9700012207031,445.6499938964844,14.84000015258789,13.630000114440918,50.95287850791206,-353.4578770662705,-152.88994698102127,208.57760525197227,208.57760525197227,-117.76290078287809,245.1541622128491,245.1541622128491,-108.04980610735947,246.44100364154278,246.44100364154278,-107.7945867118686,246.45081646913889,246.45081646913889
2023-08-14,444.7000122070313,448.1099853515625,14.81999969482422,14.56999969482422,51.060247396432175,10.736888852011361,-130.36839329801074,-31.078318153977968,195.30582164621117,-308.4511964709437,10.73950960201027,346.80695762148673,-289.55946952429287,12.63616055833088,369.75657009025576,-288.6847297993849,12.65967221776261,370.77855886410157
2023-08-15,446.2699890136719,442.8900146484375,16.459999084472656,16.559999465942383,55.746493032069566,468.6245635637391,96.64453916992917,96.64453916992917,-152.99554687048183,165.55497835265828,165.55497835265828,-250.19083617392977,172.32299939903453,172.32299939903453,-232.91187894015624,172.60326228140113,172.60326228140113,-231.90766205027344
2023-08-16,442.4599914550781,439.6400146484375,16.780000686645508,16.360000610351562,56.43146735677104,68.49743247014715,285.0202892393103,285.0202892393103,-178.18159638984244,368.4875483739515,368.4875483739515,-131.30001361991896,378.43617654638126,378.43617654638126,-122.17869856087847,378.9271204081335,378.9271204081335,-121.81657780182526
2023-08-17,441.1600036621094,436.2900085449219,17.889999389648438,17.469999313354492,59.859908888254324,342.8441531483287,-58.14422494564548,-58.14422494564548,-148.10333852994512,16.856617191926638,16.856617191926638,-396.4829674602267,25.185539000401103,25.185539000401103,-375.3394288928938,25.601480930818777,25.601480930818777,-373.8233810935519
2023-08-18,433.3699951171875,436.5,17.299999237060547,16.540000915527344,57.81942703713301,-204.04818511213136,-161.88250796360057,156.87321079809598,156.87321079809598,-209.07435801869988,223.64434179955828,223.64434179955828,-194.5648519755973,229.42567688066697,229.42567688066697,-194.5648519755973,229.42567688066697,229.42567688066697
2023-08-21,437.5499877929687,439.3399963378906,17.1299991607666,16.81999969482422,57.168636104306415,-65.07909328265953,-109.68165773041464,256.1825566695784,256.1825566695784,-21.95874365211996,339.96497591513094,339.96497591513094,-10.758296341016324,349.48520658184344,349.48520658184344,-10.147017563306912,349.88845847699054,349.88845847699054
2023-08-22,441.1799926757813,438.1499938964844,16.969999313354492,16.389999389648438,56.4774712998302,-69.1164804476216,118.56692201866642,118.56692201866642,-152.28435659082183,182.98111617592937,182.98111617592937,-223.90442425239317,188.72889711325936,188.72889711325936,-207.34585309818848,188.93615314519073,188.93615314519073,-206.46094793497244
2023-08-23,439.25,443.0299987792969,15.979999542236328,15.34000015258789,53.509489701577195,-296.79815982530044,-142.85964018265267,-14.298958315736973,-14.298958315736973,-324.58534302559394,34.82249543499794,34.82249543499794,-307.19020743748746,37.619339341729294,37.619339341729294,-306.30522197329617,37.66639181766853,37.66639181766853
2023-08-24,444.69000244140625,436.8900146484375,17.200000762939453,16.100000381469727,57.012541033715934,350.3051332138739,58.32306899987348,-203.27810912718897,-117.09066477850253,200.8807799430805,-457.3650964712512,-456.21125081836556,226.87264205499352,-453.2498624407181,-736.1865134665251,228.78324381846198,-453.14627563290253,-733.9809969842665
2023-08-25,438.6799926757813,439.9700012207031,15.68000030517578,13.779999732971191,52.076701016310494,-493.58400174054395,-159.17699525036275,274.28798313389996,274.28798313389996,-68.47201542008678,313.3753331229086,313.3753331229086,-60.34734803375594,314.85974649115116,314.85974649115116,-60.151312526026345,314.8719996423289,314.8719996423289
2023-08-28,442.239990234375,442.760009765625,15.079999923706056,13.529999732971191,50.1043076853982,-197.2393330912297,19.69409037267409,19.69409037267409,83.33721201224637,73.17101132113571,73.17101132113571,144.6951863526863,76.21113405127387,76.21113405127387,148.26957030628355,76.25637768157344,76.25637768157344,148.31486362846283
2023-08-29,442.6499938964844,449.1600036621094,14.449999809265137,13.300000190734863,48.86935501251776,-123.49526728804392,-194.97369885500888,-121.23884306652732,-121.23884306652732,-550.8802561558309,-70.30545297145105,-70.30545297145105,-547.2534523321036,-67.89477477930112,-67.89477477930112,-547.1990871364843,-67.87145058588507,-67.87145058588507
2023-08-30,449.510009765625,451.010009765625,13.880000114440918,12.420000076293944,47.29291441292705,-157.64405995907111,-134.0330304130439,153.8474582452238,-2.9832701068716916,-123.94410651825193,178.63733353229605,143.85788294023047,-114.46658247535392,179.11995222896633,159.17178914850376,-114.29238840421175,179.1215071930655,159.48021454406074
2023-08-31,451.6499938964844,450.3500061035156,13.56999969482422,11.789999961853027,46.06879484332694,-122.41195696001057,231.90865558316298,231.90865558316298,-146.4235920368522,263.26383152971385,263.26383152971385,-83.54240758115431,264.0795664636888,264.0795664636888,-80.8659596067929,264.0833331280256,264.0833331280256,-80.84946715361372
2023-09-01,453.1700134277344,451.19000244140625,13.09000015258789,10.449999809265137,44.61190193277912,-145.6892910547822,192.47791893065917,-127.08819246253996,-127.08819246253996,242.8317966084566,-105.26349397608722,-105.26349397608722,244.107333110235,-105.02585345775702,-105.02585345775702,244.1108194532666,-105.02565278196184,-105.02565278196184
2023-09-05,450.7300109863281,449.239990234375,14.010000228881836,12.890000343322754,46.91146985896407,229.9567926184949,188.36734972404085,188.36734972404085,-146.44711472090597,219.22119083918383,219.22119083918383,-120.93471162186901,220.12958622905512,220.12958622905512,-112.52627784156141,220.13582893926358,220.13582893926358,-112.38191587797363
2023-09-06,448.3999938964844,446.2200012207031,14.449999809265137,13.100000381469728,47.77385015331299,86.23802943489238,205.88283685673073,-100.34681479525106,-100.34681479525106,285.0075104560514,-61.46788321612091,-61.46788321612091,290.9149754349608,-60.068675706138805,-60.068675706138805,291.0238328285632,-60.058619322986196,-60.058619322986196
2023-09-07,443.1099853515625,444.8500061035156,14.399999618530272,13.100000381469728,47.35223119480648,-42.161895850651376,-167.07323578142345,266.9900146709393,266.9900146709393,-97.34377563733807,308.5020664642574,308.5020664642574,-92.77673479609177,310.06257864551264,310.06257864551264,-92.70561284274788,310.07388956236974,310.07388956236974
2023-09-08,444.8999938964844,445.5199890136719,13.84000015258789,12.380000114440918,45.54199706857969,-181.02341262267885,-119.62595922594971,199.01278062590143,-64.50416361509801,-46.16182709113519,221.85415597252168,64.04478247614608,-34.70376122452328,222.25445357267878,75.42927170725767,-34.4851314824963,222.25563332378206,75.61094016054496
2023-09-11,448.239990234375,448.4500122070313,13.800000190734863,13.270000457763672,45.63798260027346,9.598553169377055,-21.586560225320394,127.53804611492538,127.53804611492538,54.47341405885833,169.99526071231335,169.99526071231335,60.163324567197016,171.7146799606086,171.7146799606086,60.27224944547809,171.7292520168072,171.7292520168072
2023-09-12,446.9500122070313,445.989990234375,14.229999542236328,14.050000190734863,46.57168503985494,93.37024395814808,195.9232155884628,195.9232155884628,-81.72733917430223,250.19529070226002,250.19529070226002,-7.53900577544073,253.63963437260387,253.63963437260387,-1.8213149435636766,253.70530416948495,253.70530416948495,-1.7093086775935107
2023-09-13,446.2200012207031,446.510009765625,13.479999542236328,12.470000267028809,44.15021428679293,-242.14707530620103,113.11429303577432,113.11429303577432,-13.134317445521068,143.59082539273896,143.59082539273896,67.27370784389696,144.4383292134311,144.4383292134311,72.1070407728331,144.44325751826688,144.44325751826688,72.15780558527118
2023-09-14,449.0700073242187,450.3599853515625,12.81999969482422,11.800000190734863,42.63027445397606,-151.9939832816874,-149.67742096082932,214.28346648616986,214.28346648616986,-96.17238495089762,236.40744287667206,236.40744287667206,-90.70903768944325,236.7476435358505,236.7476435358505,-90.64968281193285,236.74833075864692,236.74833075864692
2023-09-15,447.1400146484375,443.3699951171875,13.789999961853027,12.510000228881836,44.62083617847884,199.05617245027827,122.73209718105826,122.73209718105826,-195.42277143091707,166.761239873732,166.761239873732,-302.6120705598937,168.54679127600582,168.54679127600582,-300.1119238270272,168.56207434553707,168.56207434553707,-300.0926221291232
2023-09-18,443.0499877929687,443.6300048828125,14.0,13.619999885559082,45.102370479480896,48.153430100205696,-44.501108749048534,151.40340180634624,151.40340180634624,28.164714371166767,198.4032706945248,198.4032706945248,33.60577019024424,200.57655795074842,200.57655795074842,33.71452642807291,200.5986797426446,200.5986797426446
2023-09-19,442.6799926757813,442.7099914550781,14.109999656677246,14.229999542236328,45.294372987411606,19.20025079307095,40.78859310411642,72.71678246752094,72.71678246752094,109.76083107077405,131.49982827734286,131.49982827734286,115.22993729738461,135.1893822326896,135.1893822326896,115.3604928135213,135.24800170440565,135.24800170440565
2023-09-20,444.010009765625,438.6400146484375,15.140000343322754,15.270000457763672,48.260911804422875,296.6538817011269,214.91939703835052,-208.4355312965105,-208.4355312965105,329.1987498890812,-292.8073638005188,-292.8073638005188,345.0373296201403,-289.67000254298705,-289.67000254298705,345.8251434706518,-289.6128182467318,-289.6128182467318
2023-09-21,435.7000122070313,431.3900146484375,17.540000915527344,18.8799991607666,55.776064499265516,751.5152694842641,-41.10354883843679,-41.10354883843679,-135.69101801042046,42.55434391853246,42.55434391853246,-352.57417471872225,53.34801938467597,53.34801938467597,-321.40420825037165,53.34801938467597,53.34801938467597,-321.40420825037165
2023-09-22,432.4500122070313,430.4200134277344,17.200000762939453,17.510000228881836,54.67985947883369,-109.62050204318246,283.71107643540404,283.71107643540404,-130.95674419133022,373.8728555534901,373.8728555534901,-40.717458089379676,386.0996941482043,386.0996941482043,-29.28720829509077,386.0996941482043,386.0996941482043,-29.28720829509077
2023-09-25,429.1700134277344,432.2300109863281,16.899999618530273,17.559999465942383,53.42311570027306,-125.6743778560633,-141.7100624145041,84.16443840672619,84.16443840672619,-233.11646224176272,151.9215797113853,151.9215797113853,-208.5572504693122,158.15902015151954,158.15902015151954,-208.5572504693122,158.15902015151954,158.15902015151954
2023-09-26,429.0899963378906,425.8800048828125,18.940000534057617,19.850000381469727,60.02175236615395,659.8636665880889,274.48814185256043,-85.92242715501791,-85.92242715501791,419.3649074876618,5.372018604150933,5.372018604150933,453.7280553572511,18.28471487012926,18.28471487012926,453.7280553572511,18.28471487012926,18.28471487012926
2023-09-27,427.0899963378906,426.0499877929687,18.219999313354492,18.920000076293945,57.73448236353417,-228.72700026197776,223.34700300007987,223.34700300007987,-55.477761733137875,318.1034712513021,318.1034712513021,52.51864540557418,332.42786797894996,332.42786797894996,70.07980987452667,332.42786797894996,332.42786797894996,70.07980987452667
2023-09-28,425.4800109863281,428.5199890136719,17.34000015258789,17.6299991607666,54.75559889914712,-297.8883464387053,-47.17527955828837,-47.17527955828837,217.06611127486093,18.491682995982984,18.491682995982984,356.1194832203189,24.48424693491058,24.48424693491058,381.7246508519134,24.48424693491058,24.48424693491058,381.7246508519134
2023-09-29,431.6700134277344,427.4800109863281,17.520000457763672,17.200000762939453,55.31225513411255,55.66562349654305,60.50162784891844,60.50162784891844,-160.8303129463547,134.9054286954803,134.9054286954803,-308.6487597354543,142.9739054561281,142.9739054561281,-293.9279368229588,142.9739054561281,142.9739054561281,-293.9279368229588
2023-10-02,426.6199951171875,427.30999755859375,17.610000610351562,17.610000610351562,55.358135006546775,4.587987243422731,82.51512816375131,82.51512816375131,72.11779539689294,158.19470872094826,158.19470872094826,179.28180842711646,166.63327069328452,166.63327069328452,195.07737594804712,166.63327069328452,166.63327069328452,195.07737594804712
2023-10-03,425.05999755859375,421.5899963378906,19.780000686645508,19.899999618530273,62.40231649243049,704.4181485883712,220.38015654305045,-18.206447421801307,-122.90503431158496,391.6096011171208,69.02094494962724,-297.9482165071345,437.7168140631869,80.81365474994946,-256.0604309124913,437.7168140631869,80.81365474994946,-256.0604309124913
2023-10-04,422.0700073242187,424.6600036621094,18.579999923706055,18.299999237060547,58.37898210530062,-402.33343871298644,-143.45021933039527,-143.45021933039527,301.3981379337018,-56.69725237737568,-56.69725237737568,402.49719977825725,-45.168473407220965,-45.168473407220965,417.14238320708915,-45.168473407220965,-45.168473407220965,417.14238320708915
2023-10-05,424.3599853515625,424.5,18.489999771118164,18.36000061035156,58.04591211919268,-33.30699861079438,-86.49867215764806,261.41380883488273,261.41380883488273,54.67671759213937,334.14209914293696,334.14209914293696,83.95986285061505,341.60858583930474,341.60858583930474,83.95986285061505,341.60858583930474,341.60858583930474
2023-10-06,421.9700012207031,429.5400085449219,17.450000762939453,16.290000915527344,54.359270664839556,-368.6641454353122,-193.456839963066,-193.456839963066,-127.51185485825297,-580.5396265050266,-580.5396265050266,-41.60762777344946,-574.5310659241185,-574.5310659241185,-32.605199938179936,-574.5310659241185,-574.5310659241185,-32.605199938179936
2023-10-09,427.5799865722656,432.2900085449219,17.700000762939453,17.8799991607666,54.703731519869336,34.44608550297801,-171.23392490473785,97.14946362078115,97.14946362078115,-306.09376216454416,186.58666935248058,186.58666935248058,-292.63275974130846,197.93249517525646,197.93249517525646,-292.63275974130846,197.93249517525646,197.93249517525646
2023-10-10,432.94000244140625,434.5400085449219,17.030000686645508,17.110000610351562,52.510883172031726,-219.28483478376108,-122.04690967796596,271.0353573528884,271.0353573528884,-25.083353187686996,349.21782258083056,349.21782258083056,-11.392862151279479,357.5482598291132,357.5482598291132,-11.392862151279479,357.5482598291132,357.5482598291132
2023-10-11,435.6400146484375,436.3200073242187,16.09000015258789,15.170000076293944,49.53523271537574,-297.5650456655984,153.06919765852703,153.06919765852703,-10.101366454050995,199.49809482180444,199.49809482180444,108.9302665716655,202.05640410341587,202.05640410341587,124.21327726476895,202.05640410341587,202.05640410341587,124.21327726476895
2023-10-12,436.9500122070313,433.6600036621094,16.690000534057617,15.869999885559082,51.33526478883118,180.00320734554407,173.39721728965785,173.39721728965785,-172.3943469523416,241.3207048278375,241.3207048278375,-218.84777413527817,247.57163000117075,247.57163000117075,-209.35952556036332,247.57163000117075,247.57163000117075,-209.35952556036332
2023-10-13,435.2099914550781,431.5,19.31999969482422,18.760000228881836,59.26204792417818,792.6783135346994,231.82096007748285,-32.50351713296491,-126.8296830579404,404.3536645634743,47.9429603153841,-319.52939239945465,449.0235530269002,57.679472592826265,-283.2102596924765,449.0235530269002,57.679472592826265,-283.2102596924765
2023-10-16,433.8200073242187,436.0400085449219,17.209999084472656,17.190000534057617,52.516749908623666,-674.5298015554511,-149.73736053507827,204.02498749386345,204.02498749386345,-133.53748098910876,272.5600382818643,272.5600382818643,-113.01137754423289,278.8977145664345,278.8977145664345,-113.01137754423289,278.8977145664345,278.8977145664345
2023-10-17,432.80999755859375,436.0199890136719,17.8799991607666,17.709999084472656,54.45171213277291,193.49622241492455,-167.18179513809696,221.1447691086203,221.1447691086203,-169.94284052032268,307.08254430320045,307.08254430320045,-154.98984808150837,317.5744551956084,317.5744551956084,-154.98984808150837,317.5744551956084,317.5744551956084
2023-10-18,434.19000244140625,430.2099914550781,19.219999313354492,18.899999618530273,58.54907107498735,409.73589422144414,341.36267706738096,-158.9116982796366,-158.9116982796366,484.0814309821463,-75.53995657936616,-75.53995657936616,516.0809266129521,-65.1550726077412,-65.1550726077412,516.0809266129521,-65.1550726077412,-65.1550726077412
2023-10-19,430.9500122070313,426.4299926757813,21.399999618530273,21.459999084472656,65.1314671483922,658.2396073404851,-19.31421951530121,-19.31421951530121,-132.62093810247538,89.3971780098841,89.3971780098841,-335.0102422803761,109.52895066464822,109.52895066464822,-294.8007710749433,109.52895066464822,109.52895066464822,-294.8007710749433
2023-10-20,425.9800109863281,421.19000244140625,21.709999084472656,20.760000228881836,66.45977156827851,132.8304419886308,-49.42772660785517,-49.42772660785517,-136.0528404387541,50.23088978682642,50.23088978682642,-369.88023291246253,66.64940592927255,66.64940592927255,-334.76826303602024,66.64940592927255,66.64940592927255,-334.76826303602024
2023-10-23,419.6099853515625,420.4599914550781,20.3700008392334,20.690000534057617,62.45805589515814,-400.17156731203727,-127.88293020804497,281.1291718232535,-68.26924099973192,-12.799896535255437,374.0648900004902,113.98905093403877,29.789470408178765,387.67704378379693,165.31333533053018,29.789470408178765,387.67704378379693,165.31333533053018
2023-10-24,422.6499938964844,423.6300048828125,18.969999313354492,19.309999465942383,57.9244158393569,-453.3640055801243,-26.37248831058374,195.86934697696455,195.86934697696455,79.61498344648702,295.32378027428103,295.32378027428103,97.77715550797409,310.33700155482256,310.33700155482256,97.77715550797409,310.33700155482256,310.33700155482256
2023-10-25,421.8900146484375,417.5499877929687,20.190000534057617,20.489999771118164,62.27557642552702,435.1160586170124,89.6308972459284,89.6308972459284,-151.0028201881479,193.74025471597915,193.74025471597915,-272.5906104897481,211.88198166997114,211.88198166997114,-248.18200510603765,211.88198166997114,211.88198166997114,-248.18200510603765
2023-10-26,416.4500122070313,412.5499877929687,20.68000030517578,20.799999237060547,64.59430423199012,231.87278064631016,86.3717026097685,86.3717026097685,-144.55672760808798,185.814348077799,185.814348077799,-256.457330590557,185.814348077799,185.814348077799,-256.457330590557,202.18328347127866,202.18328347127866,-228.1087821586544
2023-10-27,414.19000244140625,410.6799926757813,21.270000457763672,21.36000061035156,66.53536147514052,194.10572431503965,298.12179898158956,-100.83639327342306,-100.83639327342306,450.52590930324226,-2.36519084740616,-2.36519084740616,450.52590930324226,-2.36519084740616,-2.36519084740616,489.80347779711343,13.153149282769563,13.153149282769563
2023-10-30,413.55999755859375,415.5899963378906,19.75,20.649999618530273,61.04631557433146,-548.904590080906,-145.95788420662822,270.71392938101474,270.71392938101474,-72.73991090668305,366.78212795436394,366.78212795436394,-72.73991090668305,366.78212795436394,366.78212795436394,-43.63724043288022,381.1929036863402,381.1929036863402
2023-10-31,416.1799926757813,418.2000122070313,18.13999938964844,19.020000457763672,56.02589538348653,-502.04201908449306,-3.159552143826636,-3.159552143826636,173.34683010546925,76.74385469205978,76.74385469205978,299.3521541196626,76.74385469205978,76.74385469205978,299.3521541196626,86.46260324189424,86.46260324189424,322.3947193383939
2023-11-01,419.2000122070313,422.6600036621094,16.8700008392334,16.8700008392334,51.53760640573,-448.82889777565254,-143.16767637458332,30.92594959157784,30.92594959157784,-284.1860015956752,87.82379912696275,87.82379912696275,-264.03906018822056,91.86197171833024,91.86197171833024,-264.03906018822056,91.86197171833024,91.86197171833024
2023-11-02,426.5799865722656,430.760009765625,15.65999984741211,15.15999984741211,46.82352917566746,-471.4077230062543,-207.86007816940284,-207.86007816940284,255.3660157310757,-231.35606997306982,-231.35606997306982,343.0336068239739,-227.98733388908238,-227.98733388908238,351.3375190445472,-227.98733388908238,-227.98733388908238,351.3375190445472
2023-11-03,433.1400146484375,434.69000244140625,14.90999984741211,13.710000038146973,44.250294409963715,-257.3234765703745,-148.86913060115728,253.42957027416819,253.42957027416819,-75.76930925639101,297.15814281188375,297.15814281188375,-70.48462694617098,298.97481733927896,298.97481733927896,-70.48462694617098,298.97481733927896,298.97481733927896
2023-11-06,435.4700012207031,435.69000244140625,14.890000343322754,14.529999732971191,43.90662028540703,-34.3674124556685,-107.39746556390753,207.7849988664095,-68.72935142692633,-15.405657568506134,247.40189830375232,51.37489219084033,10.09150718938299,249.11295105051082,65.51575793393808,10.09150718938299,249.11295105051082,65.51575793393808
2023-11-07,435.69000244140625,436.9299926757813,14.8100004196167,14.43000030517578,43.54567207825994,-36.09482071470893,84.1672755265069,84.1672755265069,48.63381983840814,124.1322498973064,124.1322498973064,160.3268321694176,125.89039779803284,125.89039779803284,172.51550890721157,125.89039779803284,125.89039779803284,172.51550890721157
2023-11-08,437.5499877929687,437.25,14.449999809265137,13.829999923706056,42.41234208632255,-113.33299919373871,79.72461318444707,25.32094184917868,25.32094184917868,140.84690277591167,81.52340670801237,81.52340670801237,144.85060068626834,84.62838102343494,84.62838102343494,144.92139941877622,84.66681275234842,84.66681275234842
2023-11-09,438.4299926757813,433.8399963378906,15.289999961853027,14.699999809265137,44.940458467235004,252.81163809124507,217.16689995975082,-209.2937835937047,-209.2937835937047,308.02997057873483,-275.1041570342183,-275.1041570342183,317.50252279900565,-272.32427372799907,-272.32427372799907,317.81709620984003,-272.2834121132321,-272.2834121132321
2023-11-10,435.9800109863281,440.6099853515625,14.170000076293944,12.779999732971191,41.41409450223574,-352.63639649992626,-239.5378632846221,-239.5378632846221,283.60892450654495,-272.18102908412925,-272.18102908412925,372.03786012084083,-271.4581023411403,-271.4581023411403,377.821015771164,-271.4581023411403,-271.4581023411403,377.821015771164
2023-11-13,439.2300109863281,440.19000244140625,14.760000228881836,13.800000190734863,42.88208854528793,146.79940430521867,-144.55790286795892,252.205122929697,252.205122929697,-54.4232241752953,287.2219599866817,287.2219599866817,-43.03880270050675,288.39332010426324,288.39332010426324,-42.7141547707109,288.4018504991175,288.4018504991175
2023-11-14,446.3200073242187,448.7300109863281,14.15999984741211,12.869999885559082,41.673505946349735,-120.85825989381931,-102.31531719330677,-102.31531719330677,206.29822415815119,-67.44742775412767,-67.44742775412767,287.1576977175758,-66.25470166013685,-66.25470166013685,292.50835919491834,-66.24522306921838,-66.24522306921838,292.5773270484188
2023-11-15,450.1099853515625,449.6799926757813,14.18000030517578,11.890000343322754,41.78150438964934,10.799844329960706,-78.68375394053675,214.02774006600325,-122.90637056992423,53.30297752351914,234.42407318331306,-37.96372207982428,64.95796702377541,234.72571307146566,-29.221668862290716,65.154721772606,234.72642267194556,-29.116783449333038
2023-11-16,449.2200012207031,450.2300109863281,14.31999969482422,11.8100004196167,42.183534311586385,40.20299219370429,-143.83381941779,225.56872138015504,225.56872138015504,-71.79832508251353,246.9140452849347,246.9140452849347,-65.67513491787393,247.2287468490617,247.2287468490617,-65.6042824312059,247.22935940660696,247.22935940660696
2023-11-17,450.239990234375,450.7900085449219,13.800000190734863,10.670000076293944,40.68964521439972,-149.3889097186667,-99.08877619014228,148.25614732364514,-44.41322998957535,-49.28345110208749,160.9690060293444,56.72315971562589,-41.23360780612774,161.05457349895528,61.38623581527323,-41.16965808780855,161.05463418886316,61.407853571184994
2023-11-20,450.5299987792969,454.260009765625,13.40999984741211,11.140000343322754,39.99483775532818,-69.48074590715407,-91.58640567681405,-188.70179065653477,288.89736752434555,-371.2255993333213,-172.13390190376836,382.6121580578704,-359.31588590682406,-171.95651437021604,387.27059136640787,-359.1663324039264,-171.9562563879477,387.29842544615934
2023-11-21,453.1799926757813,453.2699890136719,13.350000381469728,11.470000267028809,39.52764055787816,-46.71971974500195,-11.941355728707912,92.61486532285942,92.61486532285942,47.78604179823913,121.86963875421573,121.86963875421573,50.249423416749764,122.45339889286478,122.45339889286478,50.26583492388752,122.45484275558258,122.45484275558258
2023-11-22,454.9800109863281,455.0199890136719,12.850000381469728,9.960000038146973,38.42339467937845,-110.42458784997109,-105.44320696018008,213.9719758361288,-107.30015373992138,4.1239779286419225,223.1593085339194,-0.2615675908801607,9.057404099234814,223.19310373565386,3.9923477870046375,9.078233507441327,223.19311258634093,4.005313580710082
2023-11-24,455.0700073242187,455.2999877929687,12.460000038146973,9.829999923706056,37.23680960467942,-118.65850746990247,-100.7991377705695,183.82842491451308,-82.3541905398031,-16.13353425938968,192.46223908041642,19.437396355982518,-11.152041254311593,192.49100457286866,23.089724137901403,-11.132555620503235,192.49101119396238,23.09900399665732
2023-11-27,454.6499938964844,454.4800109863281,12.6899995803833,11.270000457763672,37.435080705711755,19.82711010323328,-73.83136815820293,186.80244593879783,-103.93982229346791,34.563901469254944,203.79241898768916,-22.75540814720076,41.594649391826685,203.9696568226164,-12.79596502038258,41.66771665551632,203.969874823115,-12.691794418553235
2023-11-28,454.0799865722656,454.9299926757813,12.6899995803833,11.520000457763672,37.45701067267987,2.1929966968116332,-142.10022562785875,240.95918479501142,240.95918479501142,-53.53354877959033,261.91624176400495,261.91624176400495,-48.39113225731373,262.21032168750725,262.21032168750725,-48.3404892743833,262.2108342893097,262.2108342893097
2023-11-29,457.1499938964844,454.6099853515625,12.979999542236328,12.050000190734863,38.10286674006946,64.58560673895875,245.39359130160693,245.39359130160693,-197.01467090469205,288.0134594149132,288.0134594149132,-182.15628320209697,289.6223515104476,289.6223515104476,-179.91795943398722,289.63447116335374,289.63447116335374,-179.90281004336725
2023-11-30,455.4800109863281,456.3999938964844,12.920000076293944,12.300000190734863,38.28563384592027,18.276710585081446,-100.63702073530916,115.97579047697656,2.418359949985651,-88.2661851797476,141.69163773039472,109.18871314173691,-70.91923046572984,142.25703600073095,117.56011094127608,-70.4756932081142,142.25954126086972,117.68197417323084
2023-12-01,455.7699890136719,459.1000061035156,12.630000114440918,11.979999542236328,38.16841350884786,-11.722033707241053,-155.59533708457494,-155.59533708457494,262.09153185056465,-130.74351182549987,-130.74351182549987,355.51137696182616,-130.22648032981337,-130.22648032981337,361.557709360034,-130.22441775635738,-130.22441775635738,361.6229876867243
2023-12-04,455.6000061035156,456.69000244140625,13.079999923706056,13.460000038146973,38.45259570174966,28.418219290179536,-102.0022480821421,103.34818796897059,27.01248451245284,-106.6323098970238,139.66532993000706,138.9666983973676,-81.8628306002558,141.0412940310695,150.52829502122077,-80.78069397746984,141.05522799065426,150.82215990548934
2023-12-05,455.260009765625,456.6000061035156,12.850000381469728,13.529999732971191,37.71754086742931,-73.50548343203513,-112.37083418097102,111.27464131750136,28.588848031078285,-122.06926850541163,146.72601404687148,153.44124284159992,-100.910469064337,148.00533321545115,167.74569882435858,-100.04462440113039,148.01721590991426,168.15920211018013
2023-12-06,458.80999755859375,454.760009765625,12.970000267028809,13.670000076293944,37.51197211064556,-20.55687567837481,319.06897660990927,-218.77586009392581,-218.77586009392581,418.1395944814943,-200.36584464742688,-200.36584464742688,428.5187045121815,-198.49663904392958,-198.49663904392958,428.84157963244184,-198.47656003617473,-198.47656003617473
2023-12-07,456.9100036621094,458.2300109863281,13.0600004196167,13.729999542236328,38.550575032151414,103.86029215058556,-28.952337418556006,-28.952337418556006,143.20453321505136,24.558749810812653,24.558749810812653,218.2173669099879,27.89864517449339,27.89864517449339,224.0464822442143,27.96100328321598,27.96100328321598,224.16157439990624
2023-12-08,457.4599914550781,460.2000122070313,12.350000381469728,12.210000038146973,37.1733810102632,-137.7194021888215,-205.13061943486238,-205.13061943486238,274.459752685693,-175.01749019913706,-175.01749019913706,323.10388717098516,-172.7616004813884,-172.7616004813884,325.03094596349274,-172.7403795408066,-172.7403795408066,325.0439517580372
2023-12-11,459.69000244140625,461.989990234375,12.630000114440918,12.68000030517578,38.24631136925129,107.29303589880885,-128.75981054100632,62.54403247639535,87.04133165265134,-205.39373455668147,91.32830362620011,229.5435748150627,-192.7051334842239,92.05259029654094,245.64284956155385,-192.38076761966457,92.05619496568492,246.04277380346448
2023-12-12,461.6300048828125,464.1000061035156,12.06999969482422,11.640000343322754,37.51331874359573,-73.29926256555552,-142.3172127045687,-142.3172127045687,229.63627538634532,-110.35533351210917,-110.35533351210917,293.9953171496001,-109.48903635639155,-109.48903635639155,296.8752178698148,-109.48473252498016,-109.48473252498016,296.8946314625308
2023-12-13,464.489990234375,470.5,12.1899995803833,12.43000030517578,40.54690757998057,303.3588836384837,-135.3374803568121,-239.15981554296516,344.82446395118785,-521.5773078926167,-260.8739299297959,495.18769709455177,-560.7489916444722,-260.19070877927135,512.6483559238528,-560.5033372654574,-260.18761931499506,513.0859251138617
2023-12-14,472.5,472.010009765625,12.479999542236328,12.289999961853027,41.88136163527396,133.4454055293392,98.72767698172778,98.72767698172778,-1.8985539851906297,154.05713187530046,154.05713187530046,50.268288066552834,157.05858771283698,157.05858771283698,52.71567062476319,157.09715230382326,157.09715230382326,52.73826984862045
2023-12-15,469.489990234375,469.3299865722656,12.279999732971191,10.869999885559082,40.02564458996895,-185.57170453050134,-64.9312843917926,172.11314559266455,-98.0610886089088,36.70725821151499,189.19263574639666,-24.809372802946083,42.845031138808466,189.3697485630024,-13.867448275780456,42.90297106651353,189.3699558637294,-13.748275362079651
2023-12-18,470.9800109863281,471.9700012207031,12.5600004196167,11.4399995803833,41.692239747678045,166.65951577090965,58.16265169740118,58.16265169740118,41.070708881649566,83.36236519704381,83.36236519704381,125.69632233282178,83.88901566451986,83.88901566451986,130.52766370401176,83.89104643088844,83.89104643088844,130.57106660065827
2023-12-19,472.5299987792969,474.8399963378906,12.529999732971191,11.25,43.02680949980919,133.4569752131145,-191.1298404844934,271.38295440033613,271.38295440033613,-144.67365150821615,313.39163143698306,313.39163143698306,-142.98629435717422,314.6526164664912,314.6526164664912,-142.97562605202066,314.65791005930373,314.65791005930373
2023-12-20,473.9599914550781,468.260009765625,13.670000076293944,13.670000076293944,42.44105441805186,-58.57550817573269,174.44765261310494,-215.3181219062038,-215.3181219062038,282.079582987031,-343.8698959058302,-343.8698959058302,295.01114612146347,-341.60583593437116,-341.60583593437116,295.51120791273206,-341.5756947107733,-341.5756947107733
2023-12-21,471.3299865722656,472.7000122070313,13.649999618530272,13.109999656677246,44.29193147998592,185.08770619340567,11.861988115397873,11.861988115397873,105.68493894936627,55.390753828247895,55.390753828247895,194.62986330816594,57.51351942333132,57.51351942333132,202.34851304499486,57.54309605752932,57.54309605752932,202.51378747084175
2023-12-22,473.8599853515625,473.6499938964844,13.029999732971191,11.5600004196167,43.246508329757916,-104.54231502280038,-22.58513666147219,123.79267631832958,123.79267631832958,63.300928052243215,150.469241759561,150.469241759561,68.90081847383004,151.01894874689157,151.01894874689157,68.97312104685616,151.02067853666014,151.02067853666014
2023-12-26,474.0700073242187,475.6499938964844,12.989999771118164,12.449999809265137,43.83706001883462,59.05516890767046,-149.68419818538644,203.24485781253256,203.24485781253256,-113.72546162211086,236.12689486764728,236.12689486764728,-104.49202895878537,237.11151763949923,237.11151763949923,-104.27950512216599,237.1174214306245,237.1174214306245
2023-12-27,475.44000244140625,476.510009765625,12.43000030517578,11.229999542236328,43.02840434714821,-80.86556716864095,-98.83205316997109,96.31757952688885,15.658969182332141,-102.83903885892337,117.42079262791057,118.91954881446613,-88.57865844317062,117.75680704420343,125.76328450076133,-88.31369530247122,117.75771004522964,125.83433618031643
2023-12-28,476.8800048828125,476.69000244140625,12.470000267028809,11.229999542236328,43.125288301623,9.688395447479081,104.7582907675732,104.7582907675732,-20.772589821633524,140.05126407218825,140.05126407218825,36.520249052963315,141.08958565250862,141.08958565250862,38.82179666717713,141.0950728018281,141.0950728018281,38.83544035915907
2023-12-29,476.489990234375,475.30999755859375,12.449999809265137,10.670000076293944,42.22178445705258,-90.35038445704231,225.75216925875682,225.75216925875682,-146.00895711692195,251.028675461176,251.028675461176,-83.54452740854211,251.49531980530634,251.49531980530634,-81.28167946393577,251.49658252302189,251.49658252302189,-81.27181047161744
2024-01-02,472.1600036621094,472.6499938964844,13.199999809265137,12.59000015258789,42.09727223311607,-12.451222393650596,28.17575529613785,28.17575529613785,73.81264206850895,79.46666049242971,79.46666049242971,136.09340553218016,82.22602194788026,82.22602194788026,139.720987640969,82.26394352889014,82.26394352889014,139.766318917471
2024-01-03,470.4299926757813,468.7900085449219,14.039999961853027,13.239999771118164,42.173540282123184,7.626804900711193,13.328460670991651,152.94133368723485,-136.78878795125516,171.71936436514707,190.38105765596492,-138.1600801157448,195.60428134567002,191.8593354983959,-124.58943377876929,196.68345820625228,191.87517484716426,-124.190286606828
2024-01-04,468.2999877929687,467.2799987792969,14.130000114440918,13.0600004196167,41.672649664853054,-50.08906172701302,98.86233856604196,13.209657641490205,13.209657641490205,179.93079525321542,58.184202905439285,58.184202905439285,186.75943455107642,60.226431375813604,60.226431375813604,186.91834514982133,60.24772396833391,60.24772396833391
2024-01-05,467.489990234375,467.9200134277344,13.350000381469728,11.710000038146973,39.988331091211506,-168.43185736415478,2.0453041521124837,2.0453041521124837,83.53143435660567,50.67153204827617,50.67153204827617,129.37345208746638,52.682171068447325,52.682171068447325,131.00019159755598,52.69832274953787,52.69832274953787,131.00929934880153
2024-01-08,468.4299926757813,474.6000061035156,13.079999923706056,11.699999809265137,42.25646586101817,226.81347698066645,-173.51924179796453,-193.1129373068169,-193.1129373068169,-561.0923474411381,-162.0530207905766,-162.0530207905766,-556.9641754783091,-161.29248377401734,-161.29248377401734,-556.9178909095923,-161.28959700770673,-161.28959700770673
2024-01-09,471.8699951171875,473.8800048828125,12.760000228881836,11.350000381469728,41.10453388576741,-115.19319752507613,-114.53373050168275,-114.53373050168275,198.62913143339202,-79.40049398349733,-79.40049398349733,256.2034799053394,-78.37029102841565,-78.37029102841565,258.52533476251295,-78.36485638748064,-78.36485638748064,258.53914684957346
2024-01-10,474.1600036621094,476.55999755859375,12.6899995803833,11.09000015258789,42.32503264299173,122.04987572243198,-145.8491343993953,91.71904955955091,91.71904955955091,-209.75363343198748,112.61996470768185,112.61996470768185,-204.14291994172385,112.91589361901607,112.91589361901607,-204.08385944632823,112.91642832547186,112.91642832547186
2024-01-11,477.5899963378906,476.3500061035156,12.4399995803833,10.75,41.61046284187172,-71.45698011200068,157.24001853916428,-83.02189331230566,-83.02189331230566,201.5443749075665,-45.55651045093547,-45.55651045093547,202.9200258948612,-44.650814791039714,-44.650814791039714,202.92649789554275,-44.64819052301914,-44.64819052301914
2024-01-12,477.8399963378906,476.6799926757813,12.699999809265137,10.520000457763672,42.22771376551361,61.72509236418904,132.30930889856285,-60.518206907052566,-60.518206907052566,180.19595445595652,-29.279974919213167,-29.279974919213167,181.66192822489975,-28.684064501135985,-28.684064501135985,181.66817500445032,-28.682840353497262,-28.682840353497262
2024-01-16,475.260009765625,474.9299926757813,13.84000015258789,12.640000343322754,43.255545801375206,102.78320358615929,-104.20173727475951,259.94229578034583,-131.2528932817255,44.196008237062024,292.3886785659703,-16.088940734409118,63.69871481418439,293.40808084476237,-3.1376056106467964,64.3950530204293,293.4157397600226,-2.8145276522384166
2024-01-17,471.8200073242187,472.2900085449219,14.789999961853027,13.31999969482422,43.94976446431315,69.42186629379421,63.60615197603854,63.60615197603854,51.67802765115164,115.94875295382646,115.94875295382646,129.1336879318006,119.14891408877047,119.14891408877047,135.35418780142132,119.20758477526377,119.20758477526377,135.48232248988856
2024-01-18,474.010009765625,476.489990234375,14.130000114440918,12.65999984741211,44.46658464026082,51.68201759476716,-151.50787980058294,122.66652320176695,122.66652320176695,-199.78829833365117,157.90527641626193,157.90527641626193,-190.19493190541024,159.0799646652063,159.0799646652063,-189.95403811467685,159.08826153772785,159.08826153772785
2024-01-19,477.6499938964844,482.4299926757813,13.300000190734863,11.81999969482422,46.14437788297252,167.77932427117008,-198.25881391499192,46.96120322760551,46.96120322760551,-385.78707031816657,93.01356580374888,93.01356580374888,-382.99520856091374,94.80669391854491,94.80669391854491,-382.9648895372625,94.81908353146167,94.81908353146167
2024-01-22,484.010009765625,483.4500122070313,13.1899995803833,13.18000030517578,46.30592255992855,16.154467695602648,4.585760602282887,126.64686964973802,126.64686964973802,112.1308647549684,169.58212229620563,169.58212229620563,124.60141136632882,171.54595686888416,171.54595686888416,125.04908170875922,171.56894649061582,171.56894649061582
2024-01-23,484.010009765625,484.8599853515625,12.550000190734863,12.489999771118164,46.05047435832475,-25.5448201603798,-137.34509845585674,258.8489749816851,258.8489749816851,-35.76492973674059,294.9531173812266,294.9531173812266,-25.848720294532267,296.20589486289964,296.20589486289964,-25.58856685349451,296.2153433451333,296.2153433451333
2024-01-24,487.80999755859375,485.3900146484375,13.140000343322754,13.579999923706056,47.29897725138531,124.85028930605608,280.6477674978275,-156.1492683172638,-156.1492683172638,359.28792720031646,-93.01249204410819,-93.01249204410819,366.97076639552154,-88.34400288223671,-88.34400288223671,367.2251748110672,-88.2429710811747,-88.2429710811747
2024-01-25,487.5799865722656,488.0299987792969,13.449999809265137,13.739999771118164,49.50262921922203,220.365196783672,12.54287566521162,113.65597135875446,113.65597135875446,87.55971044281877,182.58249740716283,182.58249740716283,94.74126006720665,188.24289442222985,188.24289442222985,94.98095225749574,188.38348395141222,188.38348395141222
2024-01-26,487.5899963378906,487.4100036621094,13.260000228881836,13.06999969482422,48.67598196070742,-82.66472585146118,69.91529774335436,45.79518377617935,45.79518377617935,138.53325865415974,107.67418036006593,107.67418036006593,144.06174846962918,111.86387204467908,111.86387204467908,144.19909017034638,111.93886396838944,111.93886396838944
2024-01-29,487.7300109863281,491.2699890136719,13.600000381469728,13.949999809265137,51.63506370485115,295.9081744143731,-179.7384607424352,182.59605265409283,182.59605265409283,-226.32141465787907,250.97069943476222,250.97069943476222,-217.91458927601195,256.68014673383533,256.68014673383533,-217.59750344020912,256.8296521646858,256.8296521646858
2024-01-30,490.55999755859375,490.8900146484375,13.3100004196167,13.720000267028809,50.835661129284574,-79.94025755665746,-107.04308986146486,198.6868590306873,-50.9227259089265,-26.348882488398505,247.36661985275256,72.53482910760923,5.368890638037163,250.23152321166737,89.55261459586168,7.49192381810653,250.28732100429022,90.29484349084517
2024-01-31,488.6199951171875,482.8800048828125,14.350000381469728,14.550000190734863,47.14831039039062,-368.73507388939544,131.56838149011705,-197.38636130525828,-197.38636130525828,240.33601661867968,-346.9339137358161,-346.9339137358161,256.1277374954981,-341.9466582875323,-341.9466582875323,257.03268792385717,-341.8112100424093,-341.8112100424093
2024-02-01,484.6300048828125,489.2000122070313,13.880000114440918,13.279999732971191,50.329865213180085,318.1554822789465,-132.10455368674553,-141.04085669357895,306.2231021960469,-422.1497787091046,-100.00444731609491,459.6311203995862,-404.3038124212772,-98.20079744133571,482.8426989452383,-403.5224784442509,-98.17966198534026,483.86507796596896
2024-02-02,489.6499938964844,494.3500061035156,13.850000381469728,13.039999961853027,53.872595197620385,354.27299844402995,-131.41991835270963,-157.4723138292182,320.85165593618865,-436.48617347474806,-117.55417251319794,472.72817477822116,-418.95475692701996,-115.87159496398561,495.13342432833167,-418.215038949346,-115.85307018216731,496.076334896953
2024-02-05,493.7000122070313,492.5499877929687,13.670000076293944,13.350000381469728,52.01268634927713,-185.99088483432524,86.92958258146247,45.209597337563046,45.209597337563046,188.6371731404807,95.3781586239251,95.3781586239251,200.74717439555687,98.24769444230714,98.24769444230714,201.22884037979992,98.29405596564435,98.29405596564435
2024-02-06,493.5199890136719,493.9800109863281,13.0600004196167,12.460000038146973,52.16184602768412,14.91596784069884,-64.12169688910049,180.15983420479952,180.15983420479952,24.007502520132885,223.01062349463834,223.01062349463834,32.02633690924104,224.8759744856129,224.8759744856129,32.23047354388526,224.89490350503962,224.89490350503962
2024-02-07,496.2900085449219,498.1000061035156,12.829999923706056,11.960000038146973,55.04564868264007,288.38026549559504,-34.702732285135006,-34.702732285135006,145.10991110062506,3.5766966544389844,3.5766966544389844,230.388343062737,5.098813623179879,5.098813623179879,236.8602143195204,5.114176350011348,5.114176350011348,236.9678770178339
2024-02-08,498.1000061035156,498.3200073242187,12.789999961853027,11.600000381469728,55.09718947057275,5.154078793268013,-14.284792654487541,113.32989361991038,113.32989361991038,54.890359591759385,154.3447944478613,154.3447944478613,59.31527148521247,155.86175438393113,155.86175438393113,59.380989535730926,155.87253317280627,155.87253317280627
2024-02-09,498.8399963378906,501.2000122070313,12.93000030517578,11.609999656677246,57.533923892760214,243.67344221874632,-157.50346890968558,147.98791687628992,147.98791687628992,-186.16100014511804,180.52826211512996,180.52826211512996,-178.83644741654285,181.4659274364628,181.4659274364628,-178.69778921601605,181.4710465940127,181.4710465940127
2024-02-12,501.1700134277344,500.9800109863281,13.93000030517578,13.029999732971191,58.18666862277809,65.27447300178792,239.28365918371372,239.28365918371372,239.28365918371372,239.28365918371372,239.28365918371372,239.28365918371372,242.25263798629658,242.25263798629658,242.25263798629658,242.25263798629658,242.25263798629658,242.25263798629658
2024-02-13,494.5299987792969,494.0799865722656,15.850000381469728,15.0,55.53626202063778,-265.0406602140315,-41.70911865411997,210.9177021235208,-113.89331559265534,99.63494846286503,274.191687562042,-36.3878339992094,126.75654505565825,279.52353414895214,-0.06818044899638886,128.98740605864842,279.6907988534371,3.034675473531825
2024-02-14,496.7900085449219,498.5700073242187,14.380000114440918,12.920000076293944,56.64779623272571,111.15342120879319,-62.06935210129425,-62.06935210129425,181.8673918305535,-7.371160265931273,-7.371160265931273,262.6745360729857,-3.764247803017826,-3.764247803017826,269.737966845776,-3.6892659130551597,-3.6892659130551597,269.90678214292825
2024-02-15,499.2900085449219,502.010009765625,14.010000228881836,12.470000267028809,58.841928475578314,219.41322428526036,-142.18278089019842,74.13885370220504,98.04663574223989,-228.73021771678302,112.10027981821662,262.78774286993814,-215.55494646125572,113.55509641712527,287.5871955225324,-215.11272362202283,113.56839420923522,288.5998154973097
2024-02-16,501.7000122070313,499.510009765625,14.239999771118164,12.56999969482422,57.021193870009256,-182.0734605569058,293.0328151815286,293.0328151815286,-259.68775542480785,293.0328151815286,293.0328151815286,-259.68775542480785,296.1363174495455,296.1363174495455,-223.937225873841,296.1363174495455,296.1363174495455,-223.937225873841
2024-02-20,497.7200012207031,496.760009765625,15.420000076293944,14.850000381469728,56.06063470646944,-96.05591635398127,152.02896410756955,-4.268697654202233,-4.268697654202233,244.13343519725225,76.95443712991528,76.95443712991528,256.4561373464875,85.98224942007623,85.98224942007623,257.16065370511836,86.36162983086207,86.36162983086207
2024-02-21,495.4200134277344,497.2099914550781,15.34000015258789,14.649999618530272,56.178401379624916,11.776667315547229,-112.63972664822923,78.40158210290687,86.15038962762307,-163.54307278772345,138.27254474697196,222.81765611069363,-127.11017659611203,143.0348829876414,246.3998650690704,-123.87382614255397,143.17902549356447,247.92751487883035
2024-02-22,504.010009765625,507.5,14.539999961853027,13.170000076293944,63.30426930378967,712.5867924164752,-287.1444433200383,-287.1444433200383,332.901589240494,-287.1444433200383,-287.1444433200383,332.901589240494,-271.86524003802106,-271.86524003802106,368.78077263443987,-271.86524003802106,-271.86524003802106,368.78077263443987
2024-02-23,509.2699890136719,507.8500061035156,13.75,11.920000076293944,62.80629020607178,-49.797909771788795,90.91129836985495,90.91129836985495,90.91129836985495,90.91129836985495,90.91129836985495,90.91129836985495,92.09142441810653,92.09142441810653,92.09142441810653,92.09142441810653,92.09142441810653,92.09142441810653
2024-02-26,508.2999877929687,505.989990234375,13.739999771118164,13.130000114440918,60.95295404594711,-185.33361601246696,143.92991510464066,-46.941585333234606,-46.941585333234606,143.92991510464066,-46.941585333234606,-46.941585333234606,242.8284919198976,-43.087242849877526,-43.087242849877526,242.8284919198976,-43.087242849877526,-43.087242849877526
2024-02-27,506.7000122070313,506.9299926757813,13.43000030517578,12.84000015258789,61.4251754060551,47.22213601079872,-52.39263943595909,105.97260733212329,105.97260733212329,-52.39263943595909,105.97260733212329,105.97260733212329,-1.548749996219565,114.15048012617939,114.15048012617939,-1.548749996219565,114.15048012617939,114.15048012617939
2024-02-28,505.3299865722656,506.260009765625,13.84000015258789,13.520000457763672,61.10504723039052,-32.01281756645784,-77.58882770493136,125.20939164561689,125.20939164561689,-77.58882770493136,125.20939164561689,125.20939164561689,-45.62522511326048,146.28682085348802,146.28682085348802,-45.62522511326048,146.28682085348802,146.28682085348802
2024-02-29,508.0700073242187,508.0799865722656,13.399999618530272,12.479999542236328,62.25161972347487,114.65724930843493,-73.82332565702534,155.08565494394543,155.08565494394543,-73.82332565702534,155.08565494394543,155.08565494394543,9.91269345856354,158.16672220061534,158.16672220061534,9.91269345856354,158.16672220061534,158.16672220061534
2024-03-01,508.9800109863281,512.8499755859375,13.109999656677246,11.81999969482422,66.26169817784175,401.0078454366884,23.06371593454031,23.06371593454031,23.06371593454031,23.06371593454031,23.06371593454031,23.06371593454031,24.290870029657064,24.290870029657064,24.290870029657064,24.290870029657064,24.290870029657064,24.290870029657064
2024-03-04,512.030029296875,512.2999877929688,13.489999771118164,13.229999542236328,65.77352472640277,-48.817345143898194,142.2121564967683,142.2121564967683,-57.398340492508844,142.2121564967683,142.2121564967683,-57.398340492508844,148.0909141999558,148.0909141999558,27.148853191247536,148.0909141999558,148.0909141999558,27.148853191247536
2024-03-05,510.239990234375,507.1799926757813,14.460000038146973,14.880000114440918,61.9161893494019,-385.73353770008725,91.24391857013003,91.24391857013003,91.24391857013003,91.24391857013003,91.24391857013003,91.24391857013003,97.7410474718662,97.7410474718662,97.7410474718662,97.7410474718662,97.7410474718662,97.7410474718662
2024-03-06,510.5499877929687,509.75,14.5,14.880000114440918,64.07362855673011,215.7439207328217,350.46812788138067,350.46812788138067,350.46812788138067,350.46812788138067,350.46812788138067,350.46812788138067,357.31348548372586,357.31348548372586,357.31348548372586,357.31348548372586,357.31348548372586,357.31348548372586
2024-03-07,513.1400146484375,514.8099975585938,14.4399995803833,14.550000190734863,68.41340213057666,433.9773573846543,-41.03950569695886,-41.03950569695886,120.01580907904258,-41.03950569695886,-41.03950569695886,120.01580907904258,-24.57864752646517,-24.57864752646517,188.21774817742076,-24.57864752646517,-24.57864752646517,188.21774817742076
2024-03-08,515.4600219726562,511.7200012207031,14.739999771118164,14.630000114440918,65.80748440547917,-260.5917725097484,390.5143041833957,-323.1063851066544,-323.1063851066544,390.5143041833957,-323.1063851066544,-323.1063851066544,435.36490492042776,-294.9521631666347,-294.9521631666347,435.36490492042776,-294.9521631666347,-294.9521631666347
2024-03-11,510.4800109863281,511.2799987792969,15.220000267028809,16.459999084472656,65.5401082965113,-26.737610896786634,281.31290511732055,281.31290511732055,281.31290511732055,281.31290511732055,281.31290511732055,281.31290511732055,293.8383407286843,293.8383407286843,293.8383407286843,293.8383407286843,293.8383407286843,293.8383407286843
2024-03-12,513.4500122070312,516.780029296875,13.84000015258789,14.06999969482422,69.476142957913,393.6034661401692,-230.80404633011452,-230.80404633011452,298.2079181933408,-230.80404633011452,-230.80404633011452,298.2079181933408,-214.31839113834886,-214.31839113834886,354.66999209234734,-214.31839113834886,-214.31839113834886,354.66999209234734
2024-03-13,517.1099853515625,515.969970703125,13.75,14.100000381469728,68.6103848653289,-86.57580925841017,65.4101797586631,16.48830510623547,16.48830510623547,65.4101797586631,16.48830510623547,16.48830510623547,141.48279779746895,28.092728052422512,28.092728052422512,141.48279779746895,28.092728052422512,28.092728052422512
2024-03-14,516.969970703125,514.9500122070312,14.399999618530272,14.869999885559082,67.96552217782033,-64.48626875085637,156.9213913518009,-66.71541533701043,-66.71541533701043,156.9213913518009,-66.71541533701043,-66.71541533701043,237.30427149045477,-50.88301312442464,-50.88301312442464,237.30427149045477,-50.88301312442464,-50.88301312442464
2024-03-15,510.2099914550781,509.8299865722656,14.40999984741211,14.15999984741211,63.320921200064156,-464.46009777561767,339.56206082408016,339.56206082408016,339.56206082408016,339.56206082408016,339.56206082408016,339.56206082408016,344.1560772613961,344.1560772613961,344.1560772613961,344.1560772613961,344.1560772613961,344.1560772613961
2024-03-18,514.0,512.8599853515625,14.329999923706056,14.5,65.72242533040209,240.15041303379334,194.3381237043165,194.3381237043165,-126.81317137364313,194.3381237043165,194.3381237043165,-126.81317137364313,218.16662697905033,218.16662697905033,-77.55249349114496,218.16662697905033,218.16662697905033,-77.55249349114496
2024-03-19,512.1500244140625,515.7100219726562,13.81999969482422,13.640000343322754,67.97032479630735,224.7899465905263,-186.43529184290475,-186.43529184290475,273.6571730178258,-186.43529184290475,-186.43529184290475,273.6571730178258,-178.98339835209455,-178.98339835209455,359.1065545052984,-178.98339835209455,-178.98339835209455,359.1065545052984
2024-03-20,515.77001953125,520.47998046875,13.039999961853027,11.579999923706056,72.08169564319296,411.1370846885606,-424.61097471688015,406.73092857445624,406.73092857445624,-424.61097471688015,406.73092857445624,406.73092857445624,-446.5908831399766,416.1997663139768,416.1997663139768,-446.5908831399766,416.1997663139768,416.1997663139768
2024-03-21,523.3900146484375,522.2000122070312,12.920000076293944,11.170000076293944,73.6335742585793,155.1878615386343,186.52196516114986,186.52196516114986,-152.20390777302717,186.52196516114986,186.52196516114986,-152.20390777302717,192.36248570480112,192.36248570480112,-118.35806397029219,192.36248570480112,192.36248570480112,-118.35806397029219
2024-03-22,522.1099853515625,521.2100219726562,13.0600004196167,10.859999656677246,72.65978561041534,-97.37886481639606,211.01635104915107,211.01635104915107,-155.8261036756945,211.01635104915107,211.01635104915107,-155.8261036756945,212.95982792758434,212.95982792758434,-97.19577447487328,212.95982792758434,212.95982792758434,-97.19577447487328
2024-03-25,519.7999877929688,519.77001953125,13.1899995803833,11.470000267028809,71.12990960645669,-152.98760039586483,273.3475989363168,273.3475989363168,273.3475989363168,273.3475989363168,273.3475989363168,273.3475989363168,274.2491164981767,274.2491164981767,274.2491164981767,274.2491164981767,274.2491164981767,274.2491164981767
2024-03-26,521.22998046875,518.8099975585938,13.239999771118164,11.59000015258789,70.16540380584114,-96.45058006155551,197.85360391202954,197.85360391202954,197.85360391202954,197.85360391202954,197.85360391202954,197.85360391202954,199.55683789326363,199.55683789326363,199.55683789326363,199.55683789326363,199.55683789326363,199.55683789326363
2024-03-27,521.7100219726562,523.1699829101562,12.779999732971191,10.529999732971191,74.17152674222261,400.6122936381473,-8.776011742223996,-8.776011742223996,70.82781325590764,-8.776011742223996,-8.776011742223996,70.82781325590764,-7.658263621729031,-7.658263621729031,137.14533725517873,-7.658263621729031,-7.658263621729031,137.14533725517873
2024-03-28,523.2100219726562,523.0700073242188,13.010000228881836,10.5600004196167,74.06631889836464,-10.520784385796844,79.57156467826246,79.57156467826246,-49.38073359992068,79.57156467826246,79.57156467826246,-49.38073359992068,83.30480325584698,83.30480325584698,-17.55997233068458,83.30480325584698,83.30480325584698,-17.55997233068458
2024-04-01,523.8300170898438,522.1599731445312,13.649999618530272,12.619999885559082,73.10212409787366,-96.41948004909864,235.92757423351844,235.92757423351844,-189.19936803535037,235.92757423351844,235.92757423351844,-189.19936803535037,249.61007602294146,249.61007602294146,-150.75022896797964,249.61007602294146,249.61007602294146,-150.75022896797964
2024-04-02,518.239990234375,518.8400268554688,14.609999656677246,14.029999732971191,70.21255038054403,-288.95737173296254,-153.77841801952974,264.78419648052005,264.78419648052005,-153.77841801952974,264.78419648052005,264.78419648052005,-43.39915258461924,271.64145881041793,271.64145881041793,-43.39915258461924,271.64145881041793,271.64145881041793
2024-04-03,517.719970703125,519.4099731445312,14.329999923706056,13.270000457763672,70.56795007432737,35.539969378334035,-236.6278510513502,321.6944515985537,321.6944515985537,-236.6278510513502,321.6944515985537,321.6944515985537,-152.08514309763405,327.92833772239493,327.92833772239493,-152.08514309763405,327.92833772239493,327.92833772239493
2024-04-04,523.52001953125,513.0700073242188,16.350000381469727,17.139999389648438,65.73786988853197,-483.00801857953957,-195.75322553574782,-195.75322553574782,-378.10870246856985,-195.75322553574782,-195.75322553574782,-378.10870246856985,-157.6042321497771,-157.6042321497771,-983.047963641468,-157.6042321497771,-157.6042321497771,-983.047963641468
2024-04-05,514.4600219726562,518.4299926757812,16.030000686645508,15.460000038146973,70.25657410175089,451.87042132189106,-329.1315654241473,-329.1315654241473,408.2292109882152,-329.1315654241473,-329.1315654241473,408.2292109882152,-293.3673830195593,-293.3673830195593,457.32022911192865,-293.3673830195593,-293.3673830195593,457.32022911192865
2024-04-08,519.1500244140625,518.719970703125,15.1899995803833,14.5600004196167,69.89003892305172,-36.65351786991664,247.90488079098694,247.90488079098694,247.90488079098694,247.90488079098694,247.90488079098694,247.90488079098694,254.5154598434598,254.5154598434598,254.5154598434598,254.5154598434598,254.5154598434598,254.5154598434598
2024-04-09,520.5,519.3200073242188,14.979999542236328,14.699999809265137,70.29168794911438,40.164902606265684,309.4553629998355,309.4553629998355,309.4553629998355,309.4553629998355,309.4553629998355,309.4553629998355,316.55826292032197,316.55826292032197,316.55826292032197,316.55826292032197,316.55826292032197,316.55826292032197
2024-04-10,513.47998046875,514.1199951171875,15.800000190734863,15.8100004196167,65.79860700160205,-449.30809475123255,60.894093027565326,60.894093027565326,32.02499183871719,60.894093027565326,60.894093027565326,32.02499183871719,87.31942995607945,87.31942995607945,104.54536325690843,87.31942995607945,87.31942995607945,104.54536325690843
2024-04-11,515.6799926757812,518.0,14.90999984741211,14.18000030517578,68.8789347725198,308.0327770917748,-226.0237500323547,288.37863713610363,288.37863713610363,-226.0237500323547,288.37863713610363,288.37863713610363,-181.05307463190326,311.30102546234934,311.30102546234934,-181.05307463190326,311.30102546234934,311.30102546234934
2024-04-12,514.3699951171875,510.8500061035156,17.309999465942383,17.329999923706055,63.68446158658638,-519.4473185933418,443.4383876199117,443.4383876199117,-333.8512026724731,443.4383876199117,443.4383876199117,-333.8512026724731,492.28265629763706,492.28265629763706,-266.4136077677489,492.28265629763706,492.28265629763706,-266.4136077677489
2024-04-15,515.1300048828125,504.4500122070313,19.229999542236328,20.760000228881836,59.73880759963024,-394.5653986956138,33.146477369569794,-420.3782471454511,-420.3782471454511,33.146477369569794,-420.3782471454511,-420.3782471454511,127.42421984915592,-890.3788140466102,-890.3788140466102,127.42421984915592,-890.3788140466102,-890.3788140466102
2024-04-16,504.94000244140625,503.5299987792969,18.399999618530273,19.239999771118164,58.09374124595856,-164.50663536716803,212.6472880070212,212.6472880070212,-78.07539384319534,212.6472880070212,212.6472880070212,-78.07539384319534,284.9409018391119,284.9409018391119,-7.5728182745012,284.9409018391119,284.9409018391119,-7.5728182745012
2024-04-17,506.0499877929687,500.5499877929687,18.209999084472656,18.100000381469727,55.460476527430075,-263.3264718528487,551.3139789216956,-429.60995996500304,-429.60995996500304,551.3139789216956,-429.60995996500304,-429.60995996500304,637.2867211674474,-386.4115601253126,-386.4115601253126,637.2867211674474,-386.4115601253126,-386.4115601253126
2024-04-18,501.9800109863281,499.5199890136719,18.0,17.8799991607666,54.33114520332327,-112.93313241068077,404.96990705926856,404.96990705926856,-303.3738327512254,404.96990705926856,404.96990705926856,-303.3738327512254,429.10117261616426,429.10117261616426,-217.3418074371913,429.10117261616426,429.10117261616426,-217.3418074371913
2024-04-19,499.44000244140625,495.1600036621094,18.709999084472656,18.1299991607666,74.02200500967726,1966.4859806353993,355.62164393170116,-150.39319804500232,-111.03059959387062,517.9412079905957,-48.236634190416815,-404.1020208961378,562.891132435602,-31.195293388787192,-345.42014182919024,570.1124175390612,-29.720053731418727,-335.5358655041778
2024-04-22,497.8299865722656,499.7200012207031,16.940000534057617,17.450000762939453,68.33108056443376,-569.0924445243496,-126.31696738731046,310.0770453742466,310.0770453742466,-6.156591696305044,417.97163351066337,417.97163351066337,18.27956469448846,436.6833209332111,436.6833209332111,21.01608029213169,438.29910915132905,438.29910915132905
2024-04-23,501.7799987792969,505.6499938964844,15.6899995803833,16.25,65.60507856946631,-272.6001994967447,-146.44472940977667,-146.44472940977667,277.1106418506811,-146.44472940977667,-146.44472940977667,277.1106418506811,-131.9531612950752,-131.9531612950752,400.3478621959732,-131.9531612950752,-131.9531612950752,400.3478621959732
2024-04-24,506.55999755859375,505.4100036621094,15.970000267028809,16.290000915527344,66.43584393534738,83.07653658810636,86.8945547953575,12.795190908750856,12.795190908750856,86.8945547953575,12.795190908750856,12.795190908750856,167.86264588281128,37.89470176535985,37.89470176535985,167.86264588281128,37.89470176535985,37.89470176535985
2024-04-25,499.1799926757813,503.489990234375,15.369999885559082,15.8100004196167,63.51131375514228,-292.4530180205096,-139.2448349544127,-34.866862811918885,242.10342225129241,-350.29706340185817,41.08357923479209,429.17504685449006,-321.79618704266073,49.369838202463235,477.0016496564851,-318.98782512822976,49.7468753169447,482.4862997351301
2024-04-26,506.3500061035156,508.260009765625,15.029999732971191,14.670000076293944,63.97115362290086,45.98398677585749,-210.80452734984425,283.3664744806422,283.3664744806422,-210.80452734984425,283.3664744806422,283.3664744806422,-150.54793836809372,301.3441955212677,301.3441955212677,-150.54793836809372,301.3441955212677,301.3441955212677
2024-04-29,510.0899963378906,510.05999755859375,14.670000076293944,15.109999656677246,63.18100951186523,-79.01441110356302,371.8810705463232,371.8810705463232,371.8810705463232,371.8810705463232,371.8810705463232,371.8810705463232,378.96175151940133,378.96175151940133,378.96175151940133,378.96175151940133,378.96175151940133,378.96175151940133
2024-04-30,508.55999755859375,501.9800109863281,15.649999618530272,16.65999984741211,63.56654869776028,38.55391858950554,-379.2990792619156,-379.2990792619156,-379.2990792619156,-379.2990792619156,-379.2990792619156,-379.2990792619156,-364.49780863128865,-364.49780863128865,-364.49780863128865,-364.49780863128865,-364.49780863128865,-364.49780863128865
2024-05-01,501.3800048828125,500.3500061035156,15.390000343322754,15.90999984741211,62.01638808520531,-155.01606125549756,368.1708843948767,368.1708843948767,368.1708843948767,368.1708843948767,368.1708843948767,368.1708843948767,379.54745803828104,379.54745803828104,379.54745803828104,379.54745803828104,379.54745803828104,379.54745803828104
2024-05-02,504.1499938964844,505.0299987792969,14.68000030517578,14.859999656677246,60.97927035693763,-103.7117728267674,-14.200408782988225,-14.200408782988225,81.62613444250572,-14.200408782988225,-14.200408782988225,81.62613444250572,11.67275860464432,11.67275860464432,128.7453367740368,11.67275860464432,11.67275860464432,128.7453367740368
2024-05-03,511.1600036621094,511.2900085449219,13.489999771118164,12.0,59.36411161105801,-161.51587458796257,190.2672008173379,190.2672008173379,190.2672008173379,190.2672008173379,190.2672008173379,190.2672008173379,192.110069275917,192.110069275917,192.110069275917,192.110069275917,192.110069275917,192.110069275917
2024-05-06,513.75,516.5700073242188,13.489999771118164,13.130000114440918,61.63795036084841,227.38387497904,-206.54745583661918,-206.54745583661918,257.51527927722225,-206.54745583661918,-206.54745583661918,257.51527927722225,-192.24770048484956,-192.24770048484956,299.60483082264864,-192.24770048484956,-192.24770048484956,299.60483082264864
2024-05-07,517.5599975585938,517.1400146484375,13.229999542236328,12.760000228881836,61.019712537597925,-61.82378232504817,-16.504529718016702,90.50235095954265,90.50235095954265,-16.504529718016702,90.50235095954265,90.50235095954265,57.66592344721653,95.89103645662298,95.89103645662298,57.66592344721653,95.89103645662298,95.89103645662298
2024-05-08,515.260009765625,517.1900024414062,13.0,12.479999542236328,60.241696954976675,-77.80155826212507,-178.2993258710116,215.84173953084277,215.84173953084277,-178.2993258710116,215.84173953084277,215.84173953084277,-152.76563225703114,233.2331276232966,233.2331276232966,-152.76563225703114,233.2331276232966,233.2331276232966
2024-05-09,517.3800048828125,520.1699829101562,12.6899995803833,11.920000076293944,60.82134124175734,57.96442867806633,-309.0650487884109,350.88136316867764,350.88136316867764,-309.0650487884109,350.88136316867764,350.88136316867764,-265.7861845881307,354.85377454172556,354.85377454172556,-265.7861845881307,354.85377454172556,354.85377454172556
2024-05-10,521.8099975585938,520.8400268554688,12.550000190734863,11.81999969482422,60.702180039801064,-11.9161201956274,256.1160127887652,256.1160127887652,-180.67130104920537,256.1160127887652,256.1160127887652,-180.67130104920537,258.9686150394416,258.9686150394416,-102.61609927800458,258.9686150394416,258.9686150394416,-102.61609927800458
2024-05-13,522.5599975585938,520.9099731445312,13.600000381469728,13.710000038146973,63.65506700878254,295.2886968981474,315.3378222442075,315.3378222442075,-233.34988835763693,315.3378222442075,315.3378222442075,-233.34988835763693,325.7402596167532,325.7402596167532,-156.09615969441396,325.7402596167532,325.7402596167532,-156.09615969441396
2024-05-14,521.1099853515625,523.2999877929688,13.420000076293944,13.3100004196167,64.34874125242398,69.36742436414391,24.126460373555524,24.126460373555524,24.126460373555524,24.126460373555524,24.126460373555524,24.126460373555524,28.53532021197436,28.53532021197436,28.53532021197436,28.53532021197436,28.53532021197436,28.53532021197436
2024-05-15,525.8300170898438,529.780029296875,12.449999809265137,11.420000076293944,65.484785273345,113.60440209210196,-397.99204660746744,429.2815267461688,429.2815267461688,-397.99204660746744,429.2815267461688,429.2815267461688,-370.68118833659815,438.6306946264758,438.6306946264758,-370.68118833659815,438.6306946264758,438.6306946264758
2024-05-16,529.8800048828125,528.6900024414062,12.420000076293944,10.960000038146973,64.62169981245945,-86.3085460885543,157.62257662253097,157.62257662253097,157.62257662253097,157.62257662253097,157.62257662253097,157.62257662253097,158.31939795154713,158.31939795154713,158.31939795154713,158.31939795154713,158.31939795154713,158.31939795154713
2024-05-17,528.8099975585938,529.4500122070312,11.989999771118164,9.670000076293944,63.91931414643008,-70.23856660293717,214.38925408254283,214.38925408254283,214.38925408254283,214.38925408254283,214.38925408254283,214.38925408254283,214.67266525614085,214.67266525614085,214.67266525614085,214.67266525614085,214.67266525614085,214.67266525614085
2024-05-20,529.5700073242188,530.0599975585938,12.149999618530272,10.529999732971191,64.50031171253285,58.09975661027664,272.6565891646021,272.6565891646021,272.6565891646021,272.6565891646021,272.6565891646021,272.6565891646021,273.12793456552293,273.12793456552293,273.12793456552293,273.12793456552293,273.12793456552293,273.12793456552293
2024-05-21,529.280029296875,531.3599853515625,11.859999656677246,10.079999923706056,64.5758084776894,7.54967651565579,134.17411042209994,134.17411042209994,134.17411042209994,134.17411042209994,134.17411042209994,134.17411042209994,134.4991589015601,134.4991589015601,134.4991589015601,134.4991589015601,134.4991589015601,134.4991589015601
2024-05-22,530.6500244140625,529.8300170898438,12.289999961853027,11.140000343322754,64.55009580731208,-2.5712670377330937,282.0488804634407,282.0488804634407,282.0488804634407,282.0488804634407,282.0488804634407,282.0488804634407,283.0757845605836,283.0757845605836,283.0757845605836,283.0757845605836,283.0757845605836,283.0757845605836
2024-05-23,532.9600219726562,525.9600219726562,12.770000457763672,10.789999961853027,63.3005105593456,-124.95852479664791,-25.65991235871492,-25.65991235871492,-339.50855471501245,-25.65991235871492,-25.65991235871492,-339.50855471501245,-21.693634924659676,-21.693634924659676,-703.272796351095,-21.693634924659676,-21.693634924659676,-703.272796351095
2024-05-24,527.8499755859375,529.4400024414062,11.93000030517578,9.1899995803833,63.2209618911144,-7.954866823119744,-198.1530430495579,238.861887457558,238.861887457558,-198.1530430495579,238.861887457558,238.861887457558,-152.50790199360767,239.2876801414658,239.2876801414658,-152.50790199360767,239.2876801414658,239.2876801414658
2024-05-28,530.27001953125,529.8099975585938,12.920000076293944,11.510000228881836,65.69659771729381,247.56358261794134,285.17583952012217,285.17583952012217,285.17583952012217,285.17583952012217,285.17583952012217,285.17583952012217,286.36697424903093,286.36697424903093,286.36697424903093,286.36697424903093,286.36697424903093,286.36697424903093
2024-05-29,525.6799926757812,526.0999755859375,14.279999732971191,13.40999984741211,67.1643443064692,146.7746589175391,-37.37631786764999,92.62152168148975,92.62152168148975,-37.37631786764999,92.62152168148975,92.62152168148975,3.3606787953937256,112.600950154461,112.600950154461,3.3606787953937256,112.600950154461,112.600950154461
2024-05-30,524.52001953125,522.6099853515625,14.470000267028809,13.670000076293944,65.71893334515829,-144.54109613109125,242.16044353335027,242.16044353335027,-185.7308659968843,242.16044353335027,242.16044353335027,-185.7308659968843,268.25123612082797,268.25123612082797,-149.92535393739504,268.25123612082797,268.25123612082797,-149.92535393739504
2024-05-31,523.5900268554688,527.3699951171875,12.920000076293944,11.68000030517578,63.91830973757291,-180.06236075853792,-311.2818608736866,-311.2818608736866,348.96353817787804,-311.2818608736866,-311.2818608736866,348.96353817787804,-302.92241042383466,-302.92241042383466,383.66088908688033,-302.92241042383466,-302.92241042383466,383.66088908688033
2024-06-03,529.02001953125,527.7999877929688,13.109999656677246,13.90999984741211,64.44693485658708,52.86251190141655,148.75694247685257,148.75694247685257,148.75694247685257,148.75694247685257,148.75694247685257,148.75694247685257,154.45011831918526,154.45011831918526,154.45011831918526,154.45011831918526,154.45011831918526,154.45011831918526
2024-06-04,526.4600219726562,528.3900146484375,13.15999984741211,14.279999732971191,64.86183316804652,41.48983114594387,-216.89764370998645,293.5894746852408,293.5894746852408,-216.89764370998645,293.5894746852408,293.5894746852408,-152.43634923100464,311.5596894158915,311.5596894158915,-152.43634923100464,311.5596894158915,311.5596894158915
2024-06-05,530.77001953125,534.6699829101562,12.630000114440918,13.989999771118164,67.53403648882953,267.2203320783012,-96.67802603002366,-96.67802603002366,-96.67802603002366,-96.67802603002366,-96.67802603002366,-96.67802603002366,-90.47415916874454,-90.47415916874454,-90.47415916874454,-90.47415916874454,-90.47415916874454,-90.47415916874454
2024-06-06,534.97998046875,534.6599731445312,12.579999923706056,13.470000267028809,67.32743808887122,-20.659839995830964,64.83145910627205,64.83145910627205,-8.141189501153809,64.83145910627205,64.83145910627205,-8.141189501153809,97.22618688516665,97.22618688516665,21.629582153336436,97.22618688516665,97.22618688516665,21.629582153336436
2024-06-07,533.6599731445312,534.010009765625,12.220000267028809,12.329999923706056,65.94871853744071,-137.87195514305068,40.53870480328905,40.53870480328905,7.2653046281571125,40.53870480328905,40.53870480328905,7.2653046281571125,52.790681516558344,52.790681516558344,48.223111263810445,52.790681516558344,52.790681516558344,48.223111263810445
2024-06-10,533.1799926757812,535.6599731445312,12.739999771118164,12.850000381469728,68.07395545673724,212.5236919296526,-142.4226364921033,-142.4226364921033,203.8812646463656,-142.4226364921033,-142.4226364921033,203.8812646463656,-130.98899094956923,-130.98899094956923,259.3810338067776,-130.98899094956923,-130.98899094956923,259.3810338067776
2024-06-11,534.0700073242188,536.9500122070312,12.850000381469728,12.869999885559082,69.14653136525227,107.25759085150344,-223.28582042601275,-223.28582042601275,274.4836955846832,-223.28582042601275,-223.28582042601275,274.4836955846832,-205.15214877171593,-205.15214877171593,312.97522024044616,-205.15214877171593,-205.15214877171593,312.97522024044616
2024-06-12,541.6300048828125,541.3599853515625,12.039999961853027,10.399999618530272,70.51523695943764,136.87055941853714,175.30452306574884,175.30452306574884,-107.64592019686623,175.30452306574884,175.30452306574884,-107.64592019686623,176.59042321830844,176.59042321830844,-35.87576281007243,176.59042321830844,176.59042321830844,-35.87576281007243
2024-06-13,543.1500244140625,542.4500122070312,11.9399995803833,10.279999732971191,71.0723051997233,55.706824028565904,139.7196324839675,139.7196324839675,-107.50173149935229,139.7196324839675,139.7196324839675,-107.50173149935229,143.52904372999492,143.52904372999492,-73.72874089840826,143.52904372999492,143.52904372999492,-73.72874089840826
2024-06-14,540.8800048828125,542.780029296875,12.65999984741211,11.0,72.69731542179228,162.50102220689797,26.82847489769633,26.82847489769633,26.82847489769633,26.82847489769633,26.82847489769633,26.82847489769633,28.05330198931706,28.05330198931706,28.05330198931706,28.05330198931706,28.05330198931706,28.05330198931706
2024-06-17,542.0800170898438,547.0999755859375,12.75,11.9399995803833,75.9189414971056,322.1626075313324,-347.60006721253933,-347.60006721253933,423.0615575857053,-347.60006721253933,-347.60006721253933,423.0615575857053,-343.00205151703625,-343.00205151703625,499.4293424290178,-343.00205151703625,-343.00205151703625,499.4293424290178
2024-06-18,547.1599731445312,548.489990234375,12.300000190734863,11.119999885559082,76.08968242029712,17.074092319151646,-172.07216884694657,224.22915528364084,224.22915528364084,-172.07216884694657,224.22915528364084,224.22915528364084,-118.73155622777027,228.4559453860251,228.4559453860251,-118.73155622777027,228.4559453860251,228.4559453860251
2024-06-20,549.4400024414062,547.0,13.279999732971191,12.359999656677246,76.65497322921993,56.52908089228106,38.05395472346091,38.05395472346091,38.05395472346091,38.05395472346091,38.05395472346091,38.05395472346091,40.95964464381983,40.95964464381983,40.95964464381983,40.95964464381983,40.95964464381983,40.95964464381983
2024-06-21,544.4000244140625,544.510009765625,13.199999809265137,10.960000038146973,74.54680655810812,-210.81666711118174,24.96648241855739,24.96648241855739,2.87699328738247,24.96648241855739,24.96648241855739,2.87699328738247,37.10786388939045,37.10786388939045,23.943812606441984,37.10786388939045,37.10786388939045,23.943812606441984
2024-06-24,544.3300170898438,542.739990234375,13.329999923706056,11.829999923706056,73.27599533045728,-127.08112276508388,205.18022464047945,205.18022464047945,-166.46206739293757,205.18022464047945,205.18022464047945,-166.46206739293757,221.18084172501636,221.18084172501636,-138.3628396208165,221.18084172501636,221.18084172501636,-138.3628396208165
2024-06-25,543.989990234375,544.8300170898438,12.84000015258789,11.100000381469728,73.72903218681397,45.303685635668955,-33.48930515495134,-33.48930515495134,65.42976285847492,-33.48930515495134,-33.48930515495134,65.42976285847492,-23.460672842865215,-23.460672842865215,92.70981194011901,-23.460672842865215,-23.460672842865215,92.70981194011901
2024-06-26,543.6900024414062,545.510009765625,12.550000190734863,10.510000228881836,73.60425901453797,-12.477317227599372,-128.3337161912215,-128.3337161912215,156.30275860914702,-128.3337161912215,-128.3337161912215,156.30275860914702,-122.00825068156577,-122.00825068156577,183.30976273110434,-122.00825068156577,-122.00825068156577,183.30976273110434
2024-06-27,545.3699951171875,546.3699951171875,12.239999771118164,10.489999771118164,73.62098878742492,1.6729772886947103,-92.12503725781752,114.87268379240214,114.87268379240214,-92.12503725781752,114.87268379240214,114.87268379240214,-74.02246346141077,124.8798072149495,124.8798072149495,-74.02246346141077,124.8798072149495,124.8798072149495
2024-06-28,547.1599731445312,544.219970703125,12.4399995803833,10.539999961853027,72.24559065706461,-137.53981303603098,258.6798547359612,-213.76935458417032,-213.76935458417032,258.6798547359612,-213.76935458417032,-213.76935458417032,305.9483634096707,-210.74435520376684,-210.74435520376684,305.9483634096707,-210.74435520376684,-210.74435520376684
2024-07-01,545.6300048828125,545.3400268554688,12.220000267028809,10.93000030517578,72.46977358070369,22.41829236390771,31.329652816339397,-2.3469262490221277,-2.3469262490221277,31.329652816339397,-2.3469262490221277,-2.3469262490221277,55.43543738137824,7.897524672055114,7.897524672055114,55.43543738137824,7.897524672055114,7.897524672055114
2024-07-02,543.7000122070312,549.010009765625,12.029999732971191,10.600000381469728,74.99030732670255,252.05337459988613,-476.5435759072122,-476.5435759072122,505.4025490232599,-476.5435759072122,-476.5435759072122,505.4025490232599,-469.88703868672775,-469.88703868672775,532.9691371122279,-469.88703868672775,-469.88703868672775,532.9691371122279
2024-07-03,548.6900024414062,551.4600219726562,12.09000015258789,10.720000267028809,77.01525515419232,202.49478274897683,-217.76902130580933,162.11792164845053,162.11792164845053,-217.76902130580933,162.11792164845053,162.11792164845053,-269.0993677537794,163.30001885003495,163.30001885003495,-269.0993677537794,163.30001885003495,163.30001885003495
2024-07-05,551.77001953125,554.6400146484375,12.479999542236328,10.8100004196167,80.10039331825823,308.513816406591,-133.55207991782697,-133.55207991782697,205.00405532871093,-133.55207991782697,-133.55207991782697,205.00405532871093,-131.35559959772598,-131.35559959772598,279.68986784286113,-131.35559959772598,-131.35559959772598,279.68986784286113
2024-07-08,555.4400024414062,555.280029296875,12.369999885559082,11.050000190734863,80.24208871140202,14.169539314379165,24.109377956862478,7.542880834193946,7.542880834193946,24.109377956862478,7.542880834193946,7.542880834193946,48.12165810835018,20.553929889297585,20.553929889297585,48.12165810835018,20.553929889297585,20.553929889297585
2024-07-09,556.260009765625,555.8200073242188,12.510000228881836,11.109999656677246,80.82718299536731,58.50942839652902,29.71244379060456,9.875136697750689,9.875136697750689,29.71244379060456,9.875136697750689,9.875136697750689,66.47464195034523,18.086668797578188,18.086668797578188,66.47464195034523,18.086668797578188,18.086668797578188
2024-07-10,557.0700073242188,561.3200073242188,12.850000381469728,12.0,85.87899150811705,505.18085127497443,-335.09206161280656,268.1616453307351,268.1616453307351,-335.09206161280656,268.1616453307351,268.1616453307351,-404.11545619592835,275.76961422729585,275.76961422729585,-404.11545619592835,275.76961422729585,275.76961422729585
2024-07-11,561.4400024414062,556.47998046875,12.920000076293944,11.420000076293944,81.84726104847546,-403.17304596415937,-12.932889341554363,-12.932889341554363,-245.9953576127477,-12.932889341554363,-12.932889341554363,-245.9953576127477,-9.93295431465839,-9.93295431465839,-502.3355658593637,-9.93295431465839,-9.93295431465839,-502.3355658593637
2024-07-12,557.6300048828125,559.989990234375,12.460000038146973,10.550000190734863,84.06220846446485,221.49474159893856,-286.263571965932,344.4489657858259,344.4489657858259,-286.263571965932,344.4489657858259,344.4489657858259,-225.11991529993162,346.9013826759859,346.9013826759859,-225.11991529993162,346.9013826759859,346.9013826759859
2024-07-15,562.030029296875,561.530029296875,13.119999885559082,12.18000030517578,86.06020401114239,199.79955466775436,222.3527741165191,222.3527741165191,-135.85917172725772,222.3527741165191,222.3527741165191,-135.85917172725772,228.60936813597854,228.60936813597854,-49.97829326180085,228.60936813597854,228.60936813597854,-49.97829326180085
2024-07-16,562.8699951171875,564.8599853515625,13.1899995803833,11.800000190734863,88.91879734058575,285.8593329443366,-83.62040610514862,-83.62040610514862,145.11369032588357,-83.62040610514862,-83.62040610514862,145.11369032588357,-75.28617928667228,-75.28617928667228,203.73234283456065,-75.28617928667228,-75.28617928667228,203.73234283456065
2024-07-17,558.7999877929688,556.9400024414062,14.479999542236328,13.15999984741211,84.34283057800862,-457.59667625771385,66.70467888712625,65.93204281896384,65.93204281896384,66.70467888712625,65.93204281896384,65.93204281896384,200.05388739037463,71.9528582492837,71.9528582492837,200.05388739037463,71.9528582492837,71.9528582492837
2024-07-18,558.510009765625,552.6599731445312,15.93000030517578,14.899999618530272,83.87710476398945,-46.57258140191658,465.68384288362944,-316.5987911247453,-316.5987911247453,465.68384288362944,-316.5987911247453,-316.5987911247453,609.502754051149,-302.9998813058897,-302.9998813058897,609.502754051149,-302.9998813058897,-302.9998813058897
2024-07-19,552.4199829101562,548.989990234375,16.520000457763672,15.039999961853027,82.50139593510875,-137.5708828880704,340.41674049323734,340.41674049323734,-323.245649673307,340.41674049323734,340.41674049323734,-323.245649673307,360.10012702409813,360.10012702409813,-318.9918660432853,360.10012702409813,360.10012702409813,-318.9918660432853
2024-07-22,553.0,554.6500244140625,14.90999984741211,14.789999961853027,82.92711996191855,42.572402680980304,-8.614772642789445,-8.614772642789445,110.8762863526218,-8.614772642789445,-8.614772642789445,110.8762863526218,14.10874332304253,14.10874332304253,196.67717602680088,14.10874332304253,14.10874332304253,196.67717602680088
2024-07-23,554.5399780273438,553.780029296875,14.720000267028809,14.609999656677246,81.81468052449637,-111.24394374221822,142.986097313869,142.986097313869,-59.750432530613494,142.986097313869,142.986097313869,-59.750432530613494,182.04710542881742,182.04710542881742,-9.728923106941975,182.04710542881742,182.04710542881742,-9.728923106941975
2024-07-24,548.8599853515625,541.22998046875,18.040000915527344,19.790000915527344,80.69786208287904,-111.68184416173261,-372.51679937965434,-372.51679937965434,-372.51679937965434,-372.51679937965434,-372.51679937965434,-372.51679937965434,-327.42826269475233,-327.42826269475233,-327.42826269475233,-327.42826269475233,-327.42826269475233,-327.42826269475233
2024-07-25,541.3499755859375,538.4099731445312,18.459999084472656,19.81999969482422,80.0330291001081,-66.4832982770946,343.20070596743295,343.20070596743295,-282.69818163982524,343.20070596743295,343.20070596743295,-282.69818163982524,388.26790147085677,388.26790147085677,-249.34621032645998,388.26790147085677,388.26790147085677,-249.34621032645998
2024-07-26,542.280029296875,544.4400024414062,16.389999389648438,16.809999465942383,78.4202505148753,-161.2778585232789,20.811902508790748,20.811902508790748,125.41310608254221,20.811902508790748,20.811902508790748,125.41310608254221,48.784349321781015,48.784349321781015,252.17850303017036,48.784349321781015,48.784349321781015,252.17850303017036
2024-07-29,546.02001953125,544.760009765625,16.600000381469727,17.389999389648438,78.81337143644213,39.3120921566819,132.1147571164695,0.3068447804682761,0.3068447804682761,132.1147571164695,0.3068447804682761,0.3068447804682761,223.91399060329798,49.10343929835317,49.10343929835317,223.91399060329798,49.10343929835317,49.10343929835317
2024-07-30,546.260009765625,542.0,17.690000534057617,18.899999618530273,79.59403173005418,78.06602936120584,425.04099929284035,-262.83235823231126,-262.83235823231126,425.04099929284035,-262.83235823231126,-262.83235823231126,538.9901326486244,-203.5683905699374,-203.5683905699374,538.9901326486244,-203.5683905699374,-203.5683905699374
2024-07-31,548.97998046875,550.8099975585938,16.360000610351562,16.510000228881836,82.19864511517066,260.46133851164797,358.8305866595142,358.8305866595142,358.8305866595142,358.8305866595142,358.8305866595142,358.8305866595142,378.3310206267537,378.3310206267537,378.3310206267537,378.3310206267537,378.3310206267537,378.3310206267537
2024-08-01,552.5700073242188,543.010009765625,18.59000015258789,19.540000915527344,82.26028853794146,6.164342277079982,-176.6237893220456,-176.6237893220456,-328.91309574835327,-176.6237893220456,-176.6237893220456,-328.91309574835327,-120.62280420134695,-120.62280420134695,-876.0352463532929,-120.62280420134695,-120.62280420134695,-876.0352463532929
2024-08-02,535.75,532.9000244140625,23.38999938964844,23.309999465942383,90.14854591651311,788.8257378571652,342.07571904261954,-112.30080944367168,-112.30080944367168,342.07571904261954,-112.30080944367168,-112.30080944367168,485.46303674001956,-3.0161833774638525,-3.0161833774638525,485.46303674001956,-3.0161833774638525,-3.0161833774638525
2024-08-05,511.6400146484375,517.3800048828125,38.56999969482422,42.790000915527344,131.5468356352026,4139.828971868948,-17.10164666876077,-17.10164666876077,504.5334300067725,-17.10164666876077,-17.10164666876077,504.5334300067725,272.1623089114121,272.1623089114121,876.1392296549288,272.1623089114121,272.1623089114121,876.1392296549288
2024-08-06,519.219970703125,522.1500244140625,27.709999084472656,28.93000030517578,98.31493580980941,-3323.1899825393184,397.4027065388437,397.4027065388437,397.4027065388437,397.4027065388437,397.4027065388437,397.4027065388437,528.0438540673421,528.0438540673421,528.0438540673421,528.0438540673421,528.0438540673421,528.0438540673421
2024-08-07,528.469970703125,518.6599731445312,27.850000381469727,29.260000228881836,97.35727486016398,-95.76609496454296,587.3731170509968,-375.1411693089669,-375.1411693089669,587.3731170509968,-375.1411693089669,-375.1411693089669,858.0478423554259,-364.8429095273058,-364.8429095273058,858.0478423554259,-364.8429095273058,-364.8429095273058
2024-08-08,523.9099731445312,530.6500244140625,23.790000915527344,23.899999618530273,89.3979708712564,-795.9303988907578,-410.3721010246432,-410.3721010246432,578.2656801151777,-410.3721010246432,-410.3721010246432,578.2656801151777,-368.4432593338578,-368.4432593338578,727.2446871686547,-368.4432593338578,-368.4432593338578,727.2446871686547
2024-08-09,529.8099975585938,532.989990234375,20.3700008392334,20.059999465942383,80.47470598367948,-892.326488757692,192.85544894898868,192.85544894898868,192.85544894898868,192.85544894898868,192.85544894898868,192.85544894898868,232.1606202569546,232.1606202569546,232.1606202569546,232.1606202569546,232.1606202569546,232.1606202569546
2024-08-12,534.2100219726562,533.27001953125,20.709999084472656,21.920000076293945,81.16270401833714,68.79980346576531,253.0757971711109,253.0757971711109,-48.94492468875635,253.0757971711109,253.0757971711109,-48.94492468875635,349.0238897965011,349.0238897965011,76.1303249894177,349.0238897965011,349.0238897965011,76.1303249894177
2024-08-13,536.530029296875,542.0399780273438,18.1200008392334,18.56999969482422,79.0811091155452,-208.15949027919345,-366.7400559398407,316.3255511343036,316.3255511343036,-366.7400559398407,316.3255511343036,316.3255511343036,-456.7000868946385,365.92915043472794,365.92915043472794,-456.7000868946385,365.92915043472794,365.92915043472794
2024-08-14,542.8499755859375,543.75,16.190000534057617,15.789999961853027,75.53465935019452,-354.6449765350687,88.25719179026342,88.25719179026342,28.861017655967448,88.25719179026342,88.25719179026342,28.861017655967448,114.22869970001076,114.22869970001076,126.85455888197694,114.22869970001076,114.22869970001076,126.85455888197694
2024-08-15,549.5,553.0700073242188,15.229999542236328,14.369999885559082,80.12804480546916,459.33854552746425,80.44552414827172,80.44552414827172,80.44552414827172,80.44552414827172,80.44552414827172,80.44552414827172,88.78975761230346,88.78975761230346,88.78975761230346,88.78975761230346,88.78975761230346,88.78975761230346
2024-08-16,551.4199829101562,554.3099975585938,14.800000190734863,12.970000267028809,80.21482314596693,8.677834049777289,-60.77579260368113,-60.77579260368113,174.2433184681463,-60.77579260368113,-60.77579260368113,174.2433184681463,-54.66662014249788,-54.66662014249788,287.6566618338255,-54.66662014249788,-54.66662014249788,287.6566618338255
2024-08-19,554.72998046875,559.6099853515625,14.649999618530272,14.119999885559082,83.90285258649574,368.80294405288083,-434.9639617403359,-434.9639617403359,509.6129084097756,-434.9639617403359,-434.9639617403359,509.6129084097756,-397.1049323832171,-397.1049323832171,552.089677368311,-397.1049323832171,-397.1049323832171,552.089677368311
2024-08-20,559.1500244140625,558.7000122070312,15.880000114440918,15.850000381469728,85.1250857894972,122.22332030014655,300.2623867284965,300.2623867284965,300.2623867284965,300.2623867284965,300.2623867284965,300.2623867284965,317.2316440153754,317.2316440153754,317.2316440153754,317.2316440153754,317.2316440153754,317.2316440153754
2024-08-21,559.77001953125,560.6199951171875,16.270000457763672,15.649999618530272,87.19586241025405,207.07766207568454,360.60687403548957,360.60687403548957,360.60687403548957,360.60687403548957,360.60687403548957,360.60687403548957,375.87368037913546,375.87368037913546,375.87368037913546,375.87368037913546,375.87368037913546,375.87368037913546
2024-08-22,562.5599975585938,556.219970703125,17.549999237060547,16.549999237060547,86.23226014710255,-96.36022631515004,100.12446598207114,100.12446598207114,-332.10771451684826,100.12446598207114,100.12446598207114,-332.10771451684826,132.97630295275738,132.97630295275738,-588.2909527519563,132.97630295275738,132.97630295275738,-588.2909527519563
2024-08-23,559.530029296875,562.1300048828125,15.859999656677246,13.6899995803833,87.49020695839721,125.79468112946586,163.89707646291407,163.89707646291407,163.89707646291407,163.89707646291407,163.89707646291407,163.89707646291407,170.73069442793425,170.73069442793425,170.73069442793425,170.73069442793425,170.73069442793425,170.73069442793425
2024-08-26,563.1799926757812,560.7899780273438,16.149999618530273,14.869999885559082,86.63651849939617,-85.36884590010345,389.8724892561823,389.8724892561823,-284.7528954270231,389.8724892561823,389.8724892561823,-284.7528954270231,416.49704764808433,416.49704764808433,-199.86083076148307,416.49704764808433,416.49704764808433,-199.86083076148307
2024-08-27,559.489990234375,561.5599975585938,15.43000030517578,14.170000076293944,85.97547222933488,-66.10462700612914,232.8675624075215,232.8675624075215,232.8675624075215,232.8675624075215,232.8675624075215,232.8675624075215,241.43295320426918,241.43295320426918,241.43295320426918,241.43295320426918,241.43295320426918,241.43295320426918
2024-08-28,561.2100219726562,558.2999877929688,17.110000610351562,16.639999389648438,86.25682257588467,28.135034654978597,283.1347973643499,283.1347973643499,-270.5620445825213,283.1347973643499,283.1347973643499,-270.5620445825213,307.4745299708115,307.4745299708115,-271.0431127656863,307.4745299708115,307.4745299708115,-271.0431127656863
2024-08-29,560.3099975585938,558.3499755859375,15.649999618530272,13.729999542236328,83.60311023442412,-265.37123414605475,213.0838468572671,213.0838468572671,213.0838468572671,213.0838468572671,213.0838468572671,213.0838468572671,220.23175506805703,220.23175506805703,220.23175506805703,220.23175506805703,220.23175506805703,220.23175506805703
2024-08-30,560.77001953125,563.6799926757812,15.0,12.899999618530272,86.7900760045577,318.69657701335825,-6.0605506689038275,-6.0605506689038275,-6.0605506689038275,-6.0605506689038275,-6.0605506689038275,-6.0605506689038275,-0.8445730953271036,-0.8445730953271036,-0.8445730953271036,-0.8445730953271036,-0.8445730953271036,-0.8445730953271036
2024-09-03,560.469970703125,552.0800170898438,20.719999313354492,20.06999969482422,88.90965892394694,211.95829193892308,-279.2273399290057,-279.2273399290057,-279.2273399290057,-279.2273399290057,-279.2273399290057,-279.2273399290057,-228.83015150790396,-228.83015150790396,-228.83015150790396,-228.83015150790396,-228.83015150790396,-228.83015150790396
2024-09-04,550.2000122070312,550.9500122070312,21.31999969482422,20.43000030517578,89.47774100510594,56.80820811590053,416.8825026357357,416.8825026357357,416.8825026357357,416.8825026357357,416.8825026357357,416.8825026357357,466.65260171549596,466.65260171549596,466.65260171549596,466.65260171549596,466.65260171549596,466.65260171549596
2024-09-05,550.8900146484375,549.6099853515625,19.899999618530273,19.540000915527344,85.19062889761042,-428.7112107495517,460.35913498205935,460.35913498205935,460.35913498205935,460.35913498205935,460.35913498205935,460.35913498205935,503.8184318373642,503.8184318373642,503.8184318373642,503.8184318373642,503.8184318373642,503.8184318373642
2024-09-06,549.9400024414062,540.3599853515625,22.3799991607666,22.260000228881836,85.74749144280398,55.686254519355316,-422.0763715825708,-422.0763715825708,-422.0763715825708,-422.0763715825708,-422.0763715825708,-422.0763715825708,-353.6594567782382,-353.6594567782382,-353.6594567782382,-353.6594567782382,-353.6594567782382,-353.6594567782382
2024-09-09,544.6500244140625,546.4099731445312,19.450000762939453,19.670000076293945,81.62601247560586,-412.1478967198115,-67.71125120647456,-67.71125120647456,236.39150687217574,-67.71125120647456,-67.71125120647456,236.39150687217574,17.35007071488075,17.35007071488075,331.5331992416478,17.35007071488075,17.35007071488075,331.5331992416478
2024-09-10,548.3599853515625,548.7899780273438,19.079999923706055,19.690000534057617,82.18245507560822,55.64426000023559,-170.64986440119833,386.69630302143145,386.69630302143145,-170.64986440119833,386.69630302143145,386.69630302143145,17.881273046739366,433.1470554733469,433.1470554733469,17.881273046739366,433.1470554733469,433.1470554733469
2024-09-11,548.7000122070312,554.4199829101562,17.690000534057617,17.8799991607666,83.01656442128348,83.41093456752589,-273.33110146209134,28.606486246198394,28.606486246198394,-273.33110146209134,28.606486246198394,28.606486246198394,-533.2539123013383,58.27585327104499,58.27585327104499,-533.2539123013383,58.27585327104499,58.27585327104499
2024-09-12,555.010009765625,559.0900268554688,17.06999969482422,16.75,85.20430671383923,218.7742292555754,-346.66451984372827,467.3393158452979,467.3393158452979,-346.66451984372827,467.3393158452979,467.3393158452979,-280.3488960992261,529.0149875835691,529.0149875835691,-280.3488960992261,529.0149875835691,529.0149875835691
2024-09-13,559.7100219726562,562.010009765625,16.559999465942383,15.800000190734863,86.50163763942645,129.7330925587218,225.10779809094961,225.10779809094961,225.10779809094961,225.10779809094961,225.10779809094961,225.10779809094961,241.20868274326088,241.20868274326088,241.20868274326088,241.20868274326088,241.20868274326088,241.20868274326088
2024-09-16,561.739990234375,562.8400268554688,17.139999389648438,17.190000534057617,87.78446112619719,128.2823486770738,188.17604567783516,188.17604567783516,-11.724683032365865,188.17604567783516,188.17604567783516,-11.724683032365865,219.4473884430877,219.4473884430877,144.6955003256157,219.4473884430877,219.4473884430877,144.6955003256157
2024-09-17,565.0999755859375,563.0700073242188,17.610000610351562,18.09000015258789,88.63641392277773,85.1952796580548,273.30103469206216,-121.52069783753882,-121.52069783753882,273.30103469206216,-121.52069783753882,-121.52069783753882,358.21781094549425,-44.93033206684871,-44.93033206684871,358.21781094549425,-44.93033206684871,-44.93033206684871
2024-09-18,563.739990234375,561.4000244140625,18.229999542236328,17.950000762939453,88.33636742976623,-30.00464930115072,393.2271543114204,393.2271543114204,-238.99525859837036,393.2271543114204,393.2271543114204,-238.99525859837036,452.34596568101273,452.34596568101273,-134.13467806939076,452.34596568101273,452.34596568101273,-134.13467806939076
2024-09-19,571.010009765625,570.97998046875,16.329999923706055,14.65999984741211,92.87675786631095,454.0390436544726,315.3869081774631,315.3869081774631,-153.86575541600627,315.3869081774631,315.3869081774631,-153.86575541600627,328.84529344894094,328.84529344894094,2.7285930700221583,328.84529344894094,328.84529344894094,2.7285930700221583
2024-09-20,567.8400268554688,568.25,16.149999618530273,13.199999809265137,90.2685385361263,-260.8219330184653,-120.20412887352336,225.7422333980366,225.7422333980366,-120.20412887352336,225.7422333980366,225.7422333980366,-18.057568209009233,235.3720981834625,235.3720981834625,-18.057568209009233,235.3720981834625,235.3720981834625
2024-09-23,569.3400268554688,569.6699829101562,15.890000343322754,14.350000381469728,90.84548419956997,57.69456634436665,367.27532954164286,367.27532954164286,367.27532954164286,367.27532954164286,367.27532954164286,367.27532954164286,377.7421401245657,377.7421401245657,377.7421401245657,377.7421401245657,377.7421401245657,377.7421401245657
2024-09-24,570.47998046875,571.2999877929688,15.390000343322754,14.119999885559082,91.55483940486448,70.93552052945142,264.84064177766624,264.84064177766624,264.84064177766624,264.84064177766624,264.84064177766624,264.84064177766624,274.61156759169626,274.61156759169626,274.61156759169626,274.61156759169626,274.61156759169626,274.61156759169626
2024-09-25,571.1400146484375,570.0399780273438,15.40999984741211,14.239999771118164,90.40568827813455,-114.9151126729933,401.6253283015812,401.6253283015812,-251.39137453500064,401.6253283015812,401.6253283015812,-251.39137453500064,413.4676506496811,413.4676506496811,-105.23721659178841,413.4676506496811,413.4676506496811,-105.23721659178841
2024-09-26,574.3800048828125,572.2999877929688,15.369999885559082,14.5600004196167,92.22800545812044,182.23171799858875,288.544961411908,288.544961411908,-196.58732236077327,288.544961411908,288.544961411908,-196.58732236077327,329.1911656188733,329.1911656188733,-139.21517053831397,329.1911656188733,329.1911656188733,-139.21517053831397
2024-09-27,573.3900146484375,571.469970703125,16.959999084472656,15.739999771118164,93.35828298915017,113.02775310297335,347.56430225019244,347.56430225019244,-225.1411781090484,347.56430225019244,347.56430225019244,-225.1411781090484,384.9716976817127,384.9716976817127,-132.88283569779404,384.9716976817127,384.9716976817127,-132.88283569779404
2024-09-30,570.4199829101562,573.760009765625,16.729999542236328,16.649999618530273,94.69894211173872,134.06591225885478,76.28232758986398,76.28232758986398,76.28232758986398,76.28232758986398,76.28232758986398,76.28232758986398,100.13614687027024,100.13614687027024,100.13614687027024,100.13614687027024,100.13614687027024,100.13614687027024
2024-10-01,573.4000244140625,568.6199951171875,19.260000228881836,19.549999237060547,94.07996102721948,-61.898108451923406,412.4959780867339,412.4959780867339,-356.1544063968459,412.4959780867339,412.4959780867339,-356.1544063968459,486.12623904577725,486.12623904577725,-358.50111446249923,486.12623904577725,486.12623904577725,-358.50111446249923
2024-10-02,567.7100219726562,568.8599853515625,18.899999618530273,18.760000228881836,93.56970168501812,-51.02593422013655,-202.44617963870334,398.78839331791085,398.78839331791085,-202.44617963870334,398.78839331791085,398.78839331791085,-39.022063797771466,447.37479499914514,447.37479499914514,-39.022063797771466,447.37479499914514,447.37479499914514
2024-10-03,567.3599853515625,567.8200073242188,20.489999771118164,20.40999984741211,95.32800779487815,175.83061098600297,-108.77962258667334,327.1703326842729,327.1703326842729,-108.77962258667334,327.1703326842729,327.1703326842729,61.30253093819211,395.8010070684983,395.8010070684983,61.30253093819211,395.8010070684983,395.8010070684983
2024-10-04,572.3499755859375,572.97998046875,19.209999084472656,16.479999542236328,97.06058897044412,173.25811755659686,178.96063243240528,178.96063243240528,-24.590998100398508,178.96063243240528,178.96063243240528,-24.590998100398508,211.67009749332848,211.67009749332848,106.36618364234599,211.67009749332848,211.67009749332848,106.36618364234599
2024-10-07,571.2999877929688,567.7999877929688,22.63999938964844,20.0,98.73606797646094,167.5479006016829,303.27752503867305,303.27752503867305,-282.14487733140857,303.27752503867305,303.27752503867305,-282.14487733140857,360.162689599414,360.162689599414,-294.88460103051716,360.162689599414,360.162689599414,-294.88460103051716
2024-10-08,570.4199829101562,573.1699829101562,21.420000076293945,18.0,100.29107897417319,155.50109977122446,163.12841273302786,163.12841273302786,163.12841273302786,163.12841273302786,163.12841273302786,163.12841273302786,197.45069918699113,197.45069918699113,197.45069918699113,197.45069918699113,197.45069918699113,197.45069918699113
2024-10-09,573.1599731445312,577.1400146484375,20.86000061035156,16.40999984741211,102.29003269759798,199.89537234247905,-216.35377082497016,-216.35377082497016,354.45134149302373,-216.35377082497016,-216.35377082497016,354.45134149302373,-176.09109196811792,-176.09109196811792,460.51250406805127,-176.09109196811792,-176.09109196811792,460.51250406805127
2024-10-10,575.77001953125,576.1300048828125,20.93000030517578,15.489999771118164,101.4899180806179,-80.01146169800819,-21.075437541699337,132.65039206588537,132.65039206588537,-21.075437541699337,132.65039206588537,132.65039206588537,54.113057279411315,175.9262870242592,175.9262870242592,54.113057279411315,175.9262870242592,175.9262870242592
2024-10-11,576.0499877929688,579.5800170898438,20.459999084472656,14.329999923706056,103.37155856293847,188.16404823205772,-356.7874727441521,450.1016069564196,450.1016069564196,-356.7874727441521,450.1016069564196,450.1016069564196,-287.67263375743784,480.4671769671151,480.4671769671151,-287.67263375743784,480.4671769671151,480.4671769671151
2024-10-14,581.219970703125,584.3200073242188,19.700000762939453,14.640000343322754,105.8735804430946,250.20218801561214,-10.091611923959418,-10.091611923959418,168.21893886051757,-10.091611923959418,-10.091611923959418,168.21893886051757,5.3151008126951975,5.3151008126951975,319.4884035833219,5.3151008126951975,5.3151008126951975,319.4884035833219
2024-10-15,584.5900268554688,579.780029296875,20.63999938964844,14.880000114440918,103.31732986574858,-255.62505773460202,512.4814213871169,512.4814213871169,-432.77276113746194,512.4814213871169,512.4814213871169,-432.77276113746194,561.4713348975905,561.4713348975905,-395.66206266953736,561.4713348975905,561.4713348975905,-395.66206266953736
2024-10-16,579.780029296875,582.2999877929688,19.579999923706055,14.25,103.8177686707548,50.043880500622606,171.93110283860946,171.93110283860946,171.93110283860946,171.93110283860946,171.93110283860946,171.93110283860946,182.81391420208493,182.81391420208493,182.81391420208493,182.81391420208493,182.81391420208493,182.81391420208493
2024-10-17,585.9099731445312,582.3499755859375,19.11000061035156,13.850000381469728,103.16719029765645,-65.05783730983552,357.9652056069524,-270.2974062113649,-270.2974062113649,357.9652056069524,-270.2974062113649,-270.2974062113649,421.48738821875554,-240.15179740610463,-240.15179740610463,421.48738821875554,-240.15179740610463,-240.15179740610463
2024-10-18,584.0700073242188,584.5900268554688,18.030000686645508,12.380000114440918,103.77362219935978,60.64319017033313,20.884082026025453,20.884082026025453,39.77475195640856,20.884082026025453,20.884082026025453,39.77475195640856,42.92550632778285,42.92550632778285,83.88774193724123,42.92550632778285,42.92550632778285,83.88774193724123
2024-10-21,583.8499755859375,583.6300048828125,18.3700008392334,14.390000343322754,103.00638156896876,-76.72406303910151,133.17134276879105,133.17134276879105,-36.04340961832746,133.17134276879105,133.17134276879105,-36.04340961832746,167.39493462876592,167.39493462876592,33.04916645790674,167.39493462876592,167.39493462876592,33.04916645790674
2024-10-22,581.0499877929688,583.3200073242188,18.200000762939453,14.550000190734863,102.45948623887432,-54.68953300944435,85.28922911010159,85.28922911010159,77.10655902986989,85.28922911010159,85.28922911010159,77.10655902986989,99.61455935718665,99.61455935718665,233.86522706777305,99.61455935718665,99.61455935718665,233.86522706777305
2024-10-23,581.260009765625,577.989990234375,19.239999771118164,16.489999771118164,99.039228269765,-342.0257969109315,261.7320089677694,261.7320089677694,-274.6435987314181,261.7320089677694,261.7320089677694,-274.6435987314181,289.4120264786969,289.4120264786969,-303.06014868293585,289.4120264786969,289.4120264786969,-303.06014868293585
2024-10-24,579.97998046875,579.239990234375,19.079999923706055,16.670000076293945,99.77241060434577,73.31823345807607,381.6712699224517,381.6712699224517,381.6712699224517,381.6712699224517,381.6712699224517,381.6712699224517,407.1770632414869,407.1770632414869,407.1770632414869,407.1770632414869,407.1770632414869,407.1770632414869
2024-10-25,581.510009765625,579.0399780273438,20.329999923706055,18.489999771118164,101.09700180118097,132.45911968352004,408.82958881221214,408.82958881221214,-289.19181840430093,408.82958881221214,408.82958881221214,-289.19181840430093,455.2442763870741,455.2442763870741,-198.52785219909015,455.2442763870741,455.2442763870741,-198.52785219909015
2024-10-28,582.5800170898438,580.8300170898438,19.799999237060547,21.170000076293945,101.54067301711251,44.36712159315448,480.03474104301023,480.03474104301023,-238.0373667371375,480.03474104301023,480.03474104301023,-238.0373667371375,565.0536302247558,565.0536302247558,-56.29404817787942,565.0536302247558,565.0536302247558,-56.29404817787942
2024-10-29,579.8499755859375,581.77001953125,19.34000015258789,21.770000457763672,101.67085307300037,13.018005588786252,375.6836831243898,375.6836831243898,375.6836831243898,375.6836831243898,375.6836831243898,375.6836831243898,451.8546595928528,451.8546595928528,451.8546595928528,451.8546595928528,451.8546595928528,451.8546595928528
2024-10-30,581.2899780273438,580.010009765625,20.350000381469727,23.59000015258789,101.32565128280825,-34.520179019212094,583.262526616981,583.262526616981,-277.08171927997404,583.262526616981,583.262526616981,-277.08171927997404,686.6687647576265,686.6687647576265,-28.849438801131043,686.6687647576265,686.6687647576265,-28.849438801131043
2024-10-31,575.5599975585938,568.6400146484375,23.15999984741211,26.049999237060547,96.71605914534163,-460.95921374666204,525.0675702251636,-354.1967100928464,-354.1967100928464,525.0675702251636,-354.1967100928464,-354.1967100928464,714.1127107911376,-323.6658716419188,-323.6658716419188,714.1127107911376,-323.6658716419188,-323.6658716419188
2024-11-01,571.3200073242188,571.0399780273438,21.8799991607666,23.469999313354492,96.20631659240208,-50.97425529395565,473.0820530713519,473.0820530713519,-175.81404792101785,473.0820530713519,473.0820530713519,-175.81404792101785,570.0003354317967,570.0003354317967,66.2816227351186,570.0003354317967,570.0003354317967,66.2816227351186
2024-11-04,571.1799926757812,569.8099975585938,21.979999542236328,25.770000457763672,95.02038581072527,-118.59307816768023,587.5684124151387,587.5684124151387,-271.33396206815576,587.5684124151387,587.5684124151387,-271.33396206815576,713.0692595758018,713.0692595758018,-21.614328403560656,713.0692595758018,713.0692595758018,-21.614328403560656
2024-11-05,570.739990234375,576.7000122070312,20.489999771118164,24.700000762939453,98.09144997753067,307.10641668053995,-78.95406242411661,-78.95406242411661,-78.95406242411661,-78.95406242411661,-78.95406242411661,-78.95406242411661,30.599908381373517,30.599908381373517,30.599908381373517,30.599908381373517,30.599908381373517,30.599908381373517
2024-11-06,589.2000122070312,591.0399780273438,16.270000457763672,15.850000381469728,106.56340302152768,847.1953043997005,344.22325019931174,344.22325019931174,344.22325019931174,344.22325019931174,344.22325019931174,344.22325019931174,366.3407886184554,366.3407886184554,366.3407886184554,366.3407886184554,366.3407886184554,366.3407886184554
2024-11-07,593.0800170898438,595.6099853515625,15.199999809265137,13.84000015258789,110.3073841838676,374.3981162339921,-100.46039389130252,-100.46039389130252,202.08125935253045,-100.46039389130252,-100.46039389130252,202.08125935253045,-76.68662056895405,-76.68662056895405,286.18829696586033,-76.68662056895405,-76.68662056895405,286.18829696586033
2024-11-08,596.1699829101562,598.1900024414062,14.9399995803833,13.09000015258789,112.63188263067295,232.44984468053502,-212.78449862594587,293.9944575042596,293.9944575042596,-212.78449862594587,293.9944575042596,293.9944575042596,-149.29941484294008,317.55794620073084,317.55794620073084,-149.29941484294008,317.55794620073084,317.55794620073084
2024-11-11,599.8099975585938,598.760009765625,14.970000267028809,14.0,112.99505813067431,36.31755000013612,283.56525517935967,283.56525517935967,283.56525517935967,283.56525517935967,283.56525517935967,283.56525517935967,295.54788959878437,295.54788959878437,295.54788959878437,295.54788959878437,295.54788959878437,295.54788959878437
2024-11-12,598.6799926757812,596.9000244140625,14.710000038146973,13.920000076293944,111.04733548260035,-194.7722648073963,50.50121161057432,104.85442140160791,104.85442140160791,50.50121161057432,104.85442140160791,104.85442140160791,201.3343318722322,118.00889246607723,118.00889246607723,201.3343318722322,118.00889246607723,118.00889246607723
2024-11-13,597.3699951171875,597.1900024414062,14.020000457763672,12.8100004196167,111.08043264442209,3.309716182174327,-42.60274427108881,140.65290685095684,140.65290685095684,-42.60274427108881,140.65290685095684,140.65290685095684,48.551189455059585,153.69781062801823,153.69781062801823,48.551189455059585,153.69781062801823,153.69781062801823
2024-11-14,597.3200073242188,593.3499755859375,14.3100004196167,13.130000114440918,107.35540261160423,-372.50300328178554,337.26985005303925,-234.91723050756514,-234.91723050756514,337.26985005303925,-234.91723050756514,-234.91723050756514,430.9582533421627,-219.93492935249714,-219.93492935249714,430.9582533421627,-219.93492935249714,-219.93492935249714
2024-11-15,589.719970703125,585.75,16.139999389648438,14.8100004196167,100.84861174341475,-650.6790868189483,-3.366247379168661,-3.366247379168661,-3.366247379168661,-3.366247379168661,-3.366247379168661,-3.366247379168661,11.657912430127729,11.657912430127729,11.657912430127729,11.657912430127729,11.657912430127729,11.657912430127729
2024-11-18,586.219970703125,588.1500244140625,15.579999923706056,13.979999542236328,102.57654914275257,172.79373993378186,-204.77796426603422,298.2528625768575,298.2528625768575,-204.77796426603422,298.2528625768575,298.2528625768575,-132.8778587018479,325.9953853129325,325.9953853129325,-132.8778587018479,325.9953853129325,325.9953853129325
2024-11-19,584.7100219726562,590.2999877929688,16.350000381469727,14.239999771118164,104.90801372091605,233.14645781634766,-466.50787082531673,-466.50787082531673,526.1711966155101,-466.50787082531673,-466.50787082531673,526.1711966155101,-451.4659566159118,-451.4659566159118,576.8049838719029,-451.4659566159118,-451.4659566159118,576.8049838719029
2024-11-20,590.3800048828125,590.5,17.15999984741211,15.079999923706056,105.46185943024027,55.38457093242215,379.1604012547878,379.1604012547878,379.1604012547878,379.1604012547878,379.1604012547878,379.1604012547878,396.2351694701465,396.2351694701465,396.2351694701465,396.2351694701465,396.2351694701465,396.2351694701465
2024-11-21,593.4000244140625,593.6699829101562,16.8700008392334,14.149999618530272,108.18886058060957,272.7001150369304,111.01898942559973,111.01898942559973,-8.638745673822276,111.01898942559973,111.01898942559973,-8.638745673822276,140.12935479543367,140.12935479543367,70.95996478460032,140.12935479543367,140.12935479543367,70.95996478460032
2024-11-22,593.6599731445312,595.510009765625,15.239999771118164,11.460000038146973,109.20320827909701,101.43476984874411,-103.2329476473506,-103.2329476473506,156.56273017684643,-103.2329476473506,-103.2329476473506,156.56273017684643,-89.0246542172804,-89.0246542172804,201.11845219626846,-89.0246542172804,-89.0246542172804,201.11845219626846
2024-11-25,599.52001953125,597.530029296875,14.600000381469728,12.3100004196167,110.7937468741279,159.05385950308926,117.41650553369885,117.41650553369885,117.41650553369885,117.41650553369885,117.41650553369885,117.41650553369885,122.72668854622458,122.72668854622458,122.72668854622458,122.72668854622458,122.72668854622458,122.72668854622458
2024-11-26,598.7999877929688,600.6500244140625,14.100000381469728,11.729999542236328,113.6916313849652,289.7884510837301,-233.17718947997284,292.2780398780914,292.2780398780914,-233.17718947997284,292.2780398780914,292.2780398780914,-172.20176356378474,296.696071592648,296.696071592648,-172.20176356378474,296.696071592648,296.696071592648
2024-11-27,600.4600219726562,598.8300170898438,14.100000381469728,10.75,111.84135467416749,-185.0276710797715,205.67302977272894,205.67302977272894,205.67302977272894,205.67302977272894,205.67302977272894,205.67302977272894,207.710946121988,207.710946121988,207.710946121988,207.710946121988,207.710946121988,207.710946121988
2024-11-29,599.6599731445312,602.5499877929688,13.510000228881836,10.890000343322754,115.30832503082098,346.69703566534906,69.21719112075058,69.21719112075058,69.21719112075058,69.21719112075058,69.21719112075058,69.21719112075058,71.27415720390164,71.27415720390164,71.27415720390164,71.27415720390164,71.27415720390164,71.27415720390164
2024-12-02,602.969970703125,603.6300048828125,13.34000015258789,11.859999656677246,116.18859003085097,88.02650000299934,60.64170022690403,60.64170022690403,12.323005638297138,60.64170022690403,60.64170022690403,12.323005638297138,73.23443297444248,73.23443297444248,78.28143930190653,73.23443297444248,73.23443297444248,78.28143930190653
2024-12-03,603.3900146484375,603.9099731445312,13.300000190734863,11.869999885559082,116.40573167306474,21.71416422137611,52.46663002740089,52.46663002740089,13.89209374790237,52.46663002740089,52.46663002740089,13.89209374790237,67.9693395799373,67.9693395799373,70.28141533924426,67.9693395799373,67.9693395799373,70.28141533924426
2024-12-04,605.6300048828125,607.6599731445312,13.449999809265137,11.600000381469728,120.08414624743914,367.84145743744006,-195.7145958474513,250.05530587757067,250.05530587757067,-195.7145958474513,250.05530587757067,250.05530587757067,-156.04088065447368,270.185002218847,270.185002218847,-156.04088065447368,270.185002218847,270.185002218847
2024-12-05,607.6599731445312,606.6599731445312,13.539999961853027,11.68000030517578,119.0410376872975,-104.31085601416328,32.95649212897292,56.96782034263206,56.96782034263206,32.95649212897292,56.96782034263206,56.96782034263206,120.98367771941855,64.68845684452774,64.68845684452774,120.98367771941855,64.68845684452774,64.68845684452774
2024-12-06,607.4400024414062,607.8099975585938,12.770000457763672,10.380000114440918,120.08132036725564,104.0282679958139,-86.64396382359236,150.53456945653198,150.53456945653198,-86.64396382359236,150.53456945653198,150.53456945653198,-21.656528998369605,154.90180729899774,154.90180729899774,-21.656528998369605,154.90180729899774,154.90180729899774
2024-12-09,607.6900024414062,604.6799926757812,14.1899995803833,12.970000267028809,116.90760953780963,-317.37108294460086,224.9445502591577,-112.37485472478703,-112.37485472478703,224.9445502591577,-112.37485472478703,-112.37485472478703,330.8365720029675,-99.09597171866162,-99.09597171866162,330.8365720029675,-99.09597171866162,-99.09597171866162
2024-12-10,605.3699951171875,602.7999877929688,14.18000030517578,13.289999961853027,114.98784147687778,-191.97680609318581,283.42192509999086,-201.56024042985098,-201.56024042985098,283.42192509999086,-201.56024042985098,-201.56024042985098,335.13750508829594,-165.56855518105797,-165.56855518105797,335.13750508829594,-165.56855518105797,-165.56855518105797
2024-12-11,605.780029296875,607.4600219726562,13.579999923706056,12.039999961853027,119.49843954972079,451.059807284301,-164.9041821878832,227.6334018635647,227.6334018635647,-164.9041821878832,227.6334018635647,227.6334018635647,-118.25270271972396,249.25130996442604,249.25130996442604,-118.25270271972396,249.25130996442604,249.25130996442604
2024-12-12,606.5800170898438,604.3300170898438,13.920000076293944,11.93000030517578,116.35985214513845,-313.85874045823385,197.8223313139514,-126.9315939836977,-126.9315939836977,197.8223313139514,-126.9315939836977,-126.9315939836977,259.9512674286958,-112.54212129244154,-112.54212129244154,259.9512674286958,-112.54212129244154,-112.54212129244154
2024-12-13,606.4000244140625,604.2100219726562,13.8100004196167,10.899999618530272,116.17374286149828,-18.610928364016388,199.81118931357517,-148.0391276636543,-148.0391276636543,199.81118931357517,-148.0391276636543,-148.0391276636543,246.58073202530514,-137.59919474010607,-137.59919474010607,246.58073202530514,-137.59919474010607,-137.59919474010607
2024-12-16,606.0,606.7899780273438,14.6899995803833,12.0600004196167,118.63746969224019,246.3726830741905,-84.27461833625884,149.4794058659483,149.4794058659483,-84.27461833625884,149.4794058659483,149.4794058659483,-33.198264762042946,169.1762204817129,169.1762204817129,-33.198264762042946,169.1762204817129,169.1762204817129
2024-12-17,604.1900024414062,604.2899780273438,15.869999885559082,13.390000343322754,116.27128267518668,-236.61870170535053,75.46435868792479,75.46435868792479,9.187120880937075,75.46435868792479,75.46435868792479,9.187120880937075,109.68708519510332,109.68708519510332,65.48245758432125,109.68708519510332,109.68708519510332,65.48245758432125
2024-12-18,603.97998046875,586.280029296875,27.6200008392334,35.41999816894531,108.58273943575294,-768.8543239433741,-276.4913967319661,-276.4913967319661,-258.9459058371791,-276.4913967319661,-276.4913967319661,-258.9459058371791,-353.89987027660766,-353.89987027660766,-935.74138441703,-353.89987027660766,-353.89987027660766,-935.74138441703
2024-12-19,591.3599853515625,586.0999755859375,24.09000015258789,23.719999313354492,104.1748224054594,-440.79170302935466,202.024790617666,202.024790617666,-278.7384372596032,202.024790617666,202.024790617666,-278.7384372596032,312.8238967191838,312.8238967191838,-417.5127795582281,312.8238967191838,312.8238967191838,-417.5127795582281
2024-12-20,581.77001953125,591.1500244140625,18.36000061035156,15.949999809265137,104.18588505290542,1.1062647446024698,-540.1835182583931,-540.1835182583931,589.2529299323033,-540.1835182583931,-540.1835182583931,589.2529299323033,-628.6509593045965,-628.6509593045965,736.6173483722761,-628.6509593045965,-628.6509593045965,736.6173483722761
2024-12-23,590.8900146484375,594.6900024414062,16.780000686645508,14.760000228881836,106.72254536329771,253.66603103922927,-43.026486603991486,-43.026486603991486,218.56354721036124,-43.026486603991486,-43.026486603991486,218.56354721036124,-26.645321003377575,-26.645321003377575,387.5255771230403,-26.645321003377575,-26.645321003377575,387.5255771230403
2024-12-24,596.0599975585938,601.2999877929688,14.270000457763672,10.890000343322754,112.6903562837623,596.7810920464586,-402.54068943491205,317.17636048167486,317.17636048167486,-402.54068943491205,317.17636048167486,317.17636048167486,-494.12000954853534,328.7969250726491,328.7969250726491,-494.12000954853534,328.7969250726491,328.7969250726491
2024-12-26,599.5,601.3400268554688,14.729999542236328,11.630000114440918,112.65592474734598,-3.4431536416320796,211.91359322259157,211.91359322259157,211.91359322259157,211.91359322259157,211.91359322259157,211.91359322259157,215.43696750552542,215.43696750552542,215.43696750552542,215.43696750552542,215.43696750552542,215.43696750552542
2024-12-27,597.5399780273438,595.010009765625,15.949999809265137,13.3100004196167,106.55244065584738,-610.3484091498601,182.91458007169197,-72.14679727014108,-72.14679727014108,182.91458007169197,-72.14679727014108,-72.14679727014108,285.57304301462574,-57.447193913645144,-57.447193913645144,285.57304301462574,-57.447193913645144,-57.447193913645144
2024-12-30,587.8900146484375,588.219970703125,17.399999618530273,15.8100004196167,100.19079972187434,-636.1640933973035,-128.1075515167923,287.48712527098763,287.48712527098763,-128.1075515167923,287.48712527098763,287.48712527098763,14.277166227535234,314.58368371883034,314.58368371883034,14.277166227535234,314.58368371883034,314.58368371883034
2024-12-31,589.9099731445312,586.0800170898438,17.350000381469727,15.149999618530272,98.05774286830317,-213.30568535711762,37.51590209432931,37.51590209432931,37.51590209432931,37.51590209432931,37.51590209432931,37.51590209432931,54.5421414662403,54.5421414662403,54.5421414662403,54.5421414662403,54.5421414662403,54.5421414662403
2025-01-02,589.3900146484375,584.6400146484375,17.93000030517578,16.260000228881836,96.76508860068526,-129.26542676179054,-79.85813793495817,-79.85813793495817,-79.85813793495817,-79.85813793495817,-79.85813793495817,-79.85813793495817,-55.0928519038852,-55.0928519038852,-55.0928519038852,-55.0928519038852,-55.0928519038852,-55.0928519038852
2025-01-03,587.530029296875,591.9500122070312,16.1299991607666,13.4399995803833,103.13514092993033,637.005232924507,-316.3366276652028,230.17509639880566,230.17509639880566,-316.3366276652028,230.17509639880566,230.17509639880566,-410.2422137382535,244.42958204137983,244.42958204137983,-410.2422137382535,244.42958204137983,244.42958204137983
2025-01-06,596.27001953125,595.3599853515625,16.040000915527344,14.199999809265137,106.25348516092072,311.8344230990388,78.07645479720458,24.37164858383054,24.37164858383054,78.07645479720458,24.37164858383054,24.37164858383054,156.36073288524582,55.02194121709952,55.02194121709952,156.36073288524582,55.02194121709952,55.02194121709952
2025-01-07,597.4199829101562,588.6300048828125,17.81999969482422,16.100000381469727,100.09258425223791,-616.0900908682805,534.6645369300393,-513.4114299294474,-513.4114299294474,534.6645369300393,-513.4114299294474,-513.4114299294474,668.2624784530191,-615.4510015967345,-615.4510015967345,668.2624784530191,-615.4510015967345,-615.4510015967345
2025-01-08,588.7000122070312,589.489990234375,17.700000762939453,16.149999618530273,100.79833231814435,70.57480659064339,-219.6534963528298,408.59552674623313,408.59552674623313,-219.6534963528298,408.59552674623313,408.59552674623313,-43.39391675406026,434.25107856273405,434.25107856273405,-43.39391675406026,434.25107856273405,434.25107856273405
2025-01-10,585.8800048828125,580.489990234375,19.540000915527344,17.829999923706055,92.95248635881981,-784.5845959324536,563.1096559287145,-400.2605246821711,-400.2605246821711,563.1096559287145,-400.2605246821711,-400.2605246821711,669.9566335962006,-333.22930146014005,-333.22930146014005,669.9566335962006,-333.22930146014005,-333.22930146014005
2025-01-13,575.77001953125,581.3900146484375,19.190000534057617,18.700000762939453,93.3040286479119,35.15422890920945,-388.3325627371151,422.13492271966754,422.13492271966754,-388.3325627371151,422.13492271966754,422.13492271966754,-416.982221882323,496.8491742567139,496.8491742567139,-416.982221882323,496.8491742567139,496.8491742567139
2025-01-14,584.3599853515625,582.1900024414062,18.709999084472656,18.149999618530273,93.7391395610762,43.51109131642943,343.66816979304866,343.66816979304866,-177.61548843077765,343.66816979304866,343.66816979304866,-177.61548843077765,421.4939020656982,421.4939020656982,-78.23584209512966,421.4939020656982,421.4939020656982,-78.23584209512966
2025-01-15,590.3300170898438,592.780029296875,16.1200008392334,13.9399995803833,103.14883301892657,940.9693457850367,123.32671988657394,123.32671988657394,123.32671988657394,123.32671988657394,123.32671988657394,123.32671988657394,134.2280668407536,134.2280668407536,134.2280668407536,134.2280668407536,134.2280668407536,134.2280668407536
2025-01-16,594.1699829101562,591.6400146484375,16.600000381469727,14.880000114440918,102.0411385715296,-110.76944473969661,355.49912087418545,355.49912087418545,-247.1449317969162,355.49912087418545,355.49912087418545,-247.1449317969162,400.34727653085287,400.34727653085287,-177.00793161196293,400.34727653085287,400.34727653085287,-177.00793161196293
2025-01-17,596.9600219726562,597.5800170898438,15.970000267028809,14.130000114440918,107.73355967254076,569.2421101011164,-107.66045533836001,220.03528397028677,220.03528397028677,-107.66045533836001,220.03528397028677,220.03528397028677,-12.064142498959571,243.66831928801778,243.66831928801778,-12.064142498959571,243.66831928801778,243.66831928801778
2025-01-21,600.6699829101562,603.0499877929688,15.0600004196167,14.3100004196167,73.94019597279257,-3381.9363699748196,113.81245106954763,113.81245106954763,113.81245106954763,113.81245106954763,113.81245106954763,113.81245106954763,128.42723282543565,128.42723282543565,128.42723282543565,128.42723282543565,128.42723282543565,128.42723282543565
2025-01-22,605.9199829101562,606.4400024414062,15.100000381469728,13.56999969482422,75.04973379771695,110.95378249243879,-49.603662349045074,140.66604818920882,140.66604818920882,-49.603662349045074,140.66604818920882,140.66604818920882,16.141678685983663,172.07751220330783,172.07751220330783,16.141678685983663,172.07751220330783,172.07751220330783
2025-01-23,605.7999877929688,609.75,15.020000457763672,13.420000076293944,75.691202645039,64.14688473220451,-387.6824635167034,474.853277467122,474.853277467122,-387.6824635167034,474.853277467122,474.853277467122,-326.1454242215967,506.47129639877033,506.47129639877033,-326.1454242215967,506.47129639877033,506.47129639877033
2025-01-24,609.8099975585938,607.969970703125,14.850000381469728,12.880000114440918,74.23399742426452,-145.72052207744832,181.3235046152366,181.3235046152366,181.3235046152366,181.3235046152366,181.3235046152366,181.3235046152366,189.2656618566748,189.2656618566748,189.2656618566748,189.2656618566748,189.2656618566748,189.2656618566748
2025-01-27,594.8099975585938,599.3699951171875,17.899999618530273,18.450000762939453,85.11490477104405,1088.0907346779536,-353.6931817000035,-353.6931817000035,530.9345449600443,-353.6931817000035,-353.6931817000035,530.9345449600443,-260.45103910705535,-260.45103910705535,627.6139691985859,-260.45103910705535,-260.45103910705535,627.6139691985859
2025-01-28,600.6199951171875,604.52001953125,16.40999984741211,16.639999389648438,79.64977737368847,-546.5127397355587,19.51809418209185,19.51809418209185,19.51809418209185,19.51809418209185,19.51809418209185,19.51809418209185,50.373090485537794,50.373090485537794,50.373090485537794,50.373090485537794,50.373090485537794,50.373090485537794
2025-01-29,603.719970703125,601.8099975585938,16.559999465942383,16.40999984741211,79.45840511326617,-19.137226042229827,346.9015136147577,346.9015136147577,-199.62645440959685,346.9015136147577,346.9015136147577,-199.62645440959685,402.23220848961233,402.23220848961233,-98.58275270242382,402.23220848961233,402.23220848961233,-98.58275270242382
2025-01-30,603.9600219726562,605.0399780273438,15.84000015258789,14.979999542236328,77.04362644433331,-241.4778668932854,11.908795516869455,11.908795516869455,104.73197573289238,11.908795516869455,11.908795516869455,104.73197573289238,56.941952746023965,56.941952746023965,183.34408445245333,56.941952746023965,56.941952746023965,183.34408445245333
2025-01-31,607.5,601.8200073242188,16.43000030517578,15.850000381469728,78.65395111211598,161.03246677826633,493.3418333709029,-332.98769044333204,-332.98769044333204,493.3418333709029,-332.98769044333204,-332.98769044333204,629.7560200846164,-298.55483446255425,-298.55483446255425,629.7560200846164,-298.55483446255425,-298.55483446255425
2025-02-03,592.6699829101562,597.77001953125,18.6200008392334,19.3799991607666,87.14529296644446,849.1341854328482,-233.9660221290089,-233.9660221290089,447.62269165876626,-233.9660221290089,-233.9660221290089,447.62269165876626,-164.40569217282956,-164.40569217282956,609.9235768345774,-164.40569217282956,-164.40569217282956,609.9235768345774
2025-02-04,597.8300170898438,601.780029296875,17.209999084472656,17.0,81.66646632447603,-547.8826641968425,-311.1458629562376,317.4151839238082,317.4151839238082,-311.1458629562376,317.4151839238082,317.4151839238082,-331.1312592040874,357.16893361995943,357.16893361995943,-331.1312592040874,357.16893361995943,357.16893361995943
2025-02-05,600.6400146484375,604.219970703125,15.770000457763672,14.880000114440918,75.83381562033443,-583.2650704141599,10.17217151223482,10.17217151223482,10.17217151223482,10.17217151223482,10.17217151223482,10.17217151223482,28.10356573149846,28.10356573149846,28.10356573149846,28.10356573149846,28.10356573149846,28.10356573149846
2025-02-06,605.989990234375,606.3200073242188,15.5,14.149999618530272,75.16686538981878,-66.69502305156527,-31.662253923858795,134.31813969980817,134.31813969980817,-31.662253923858795,134.31813969980817,134.31813969980817,42.1477539839558,169.6606644511419,169.6606644511419,42.1477539839558,169.6606644511419,169.6606644511419
2025-02-07,606.8900146484375,600.77001953125,16.540000915527344,14.670000076293944,78.07935962561328,291.24942357944974,569.7525398828866,-444.2293385572118,-444.2293385572118,569.7525398828866,-444.2293385572118,-444.2293385572118,672.9145340878796,-414.2462483282266,-414.2462483282266,672.9145340878796,-414.2462483282266,-414.2462483282266
2025-02-10,604.030029296875,604.8499755859375,15.8100004196167,13.760000228881836,75.63913021631501,-244.02294092982686,17.012235541813304,17.012235541813304,75.64041435137028,17.012235541813304,17.012235541813304,75.64041435137028,52.25259937755451,52.25259937755451,139.1172486586429,52.25259937755451,52.25259937755451,139.1172486586429
2025-02-11,602.5499877929688,605.3099975585938,16.020000457763672,13.829999923706056,76.5796575211435,94.05273048284926,-84.45711905286927,-84.45711905286927,200.23909586209587,-84.45711905286927,-84.45711905286927,200.23909586209587,-63.565157817965655,-63.565157817965655,301.8405031488689,-63.565157817965655,-63.565157817965655,301.8405031488689
2025-02-12,599.2000122070312,603.3599853515625,15.890000343322754,13.510000228881836,75.3404100315941,-123.9247489549399,62.302950777267064,62.302950777267064,62.302950777267064,62.302950777267064,62.302950777267064,62.302950777267064,72.386358426436,72.386358426436,72.386358426436,72.386358426436,72.386358426436,72.386358426436
2025-02-13,604.47998046875,609.72998046875,15.100000381469728,12.3100004196167,73.77803958553079,-156.2370446063312,-466.45978483685224,-466.45978483685224,530.4875175854,-466.45978483685224,-466.45978483685224,530.4875175854,-437.2933425610307,-437.2933425610307,570.8850758574789,-437.2933425610307,-437.2933425610307,570.8850758574789
2025-02-14,609.9400024414062,609.7000122070312,14.770000457763672,11.5600004196167,72.25162222027029,-152.64173652604995,318.0358368439578,318.0358368439578,318.0358368439578,318.0358368439578,318.0358368439578,318.0358368439578,321.7939541240361,321.7939541240361,321.7939541240361,321.7939541240361,321.7939541240361,321.7939541240361
2025-02-18,610.8800048828125,611.489990234375,15.350000381469728,13.199999809265137,74.89636048604498,264.47382657746914,250.23254581034172,250.23254581034172,-92.81321352131809,250.23254581034172,250.23254581034172,-92.81321352131809,260.83056708318117,260.83056708318117,61.98089367624318,260.83056708318117,260.83056708318117,61.98089367624318
2025-02-19,610.0800170898438,612.9299926757812,15.270000457763672,13.0600004196167,74.95939308214457,6.3032596099589,96.28975911512362,96.28975911512362,96.28975911512362,96.28975911512362,96.28975911512362,96.28975911512362,105.05154540376401,105.05154540376401,105.05154540376401,105.05154540376401,105.05154540376401,105.05154540376401
2025-02-20,611.5399780273438,610.3800048828125,15.65999984741211,13.460000038146973,75.60534620460402,64.59531224594457,378.87181413368353,378.87181413368353,-239.27640206692618,378.87181413368353,378.87181413368353,-239.27640206692618,393.004017923914,393.004017923914,-106.34427083018211,393.004017923914,393.004017923914,-106.34427083018211
2025-02-21,610.1599731445312,599.9400024414062,18.209999084472656,17.0,83.57087687888645,796.5530674282434,-516.8761150494203,-516.8761150494203,-516.8761150494203,-516.8761150494203,-516.8761150494203,-516.8761150494203,-487.3764228970822,-487.3764228970822,-487.3764228970822,-487.3764228970822,-487.3764228970822,-487.3764228970822
2025-02-24,602.02001953125,597.2100219726562,18.979999542236328,18.299999237060547,85.95818699162498,238.73101127385326,240.68622257297815,240.68622257297815,-308.352425620916,240.68622257297815,240.68622257297815,-308.352425620916,295.3718029442668,295.3718029442668,-413.4581610281398,295.3718029442668,295.3718029442668,-413.4581610281398
2025-02-25,597.1500244140625,594.239990234375,19.43000030517578,19.290000915527344,87.21239592014086,125.42089285158795,242.08681973768893,-28.943065273833234,-28.943065273833234,242.08681973768893,-28.943065273833234,-28.943065273833234,404.7510928457539,40.73850719199059,40.73850719199059,404.7510928457539,40.73850719199059,40.73850719199059
2025-02-26,595.9299926757812,594.5399780273438,19.100000381469727,18.8799991607666,85.6922516216064,-152.01442985344613,168.91334961317605,21.241342831803124,21.241342831803124,168.91334961317605,21.241342831803124,21.241342831803124,292.69889300713845,102.46901614131207,102.46901614131207,292.69889300713845,102.46901614131207,102.46901614131207
2025-02-27,596.8499755859375,585.0499877929688,21.1299991607666,20.950000762939453,92.9813595078054,728.9107886198991,168.3472470201094,-423.3953581362979,-423.3953581362979,168.3472470201094,-423.3953581362979,-423.3953581362979,341.0195788285463,-825.4311262436029,-825.4311262436029,341.0195788285463,-825.4311262436029,-825.4311262436029
2025-02-28,585.5599975585938,594.1799926757812,19.6299991607666,18.8799991607666,87.67869754422861,-530.2661963576782,-391.7498868041505,155.09356816542876,155.09356816542876,-391.7498868041505,155.09356816542876,155.09356816542876,-698.7470357140779,238.85480103717222,238.85480103717222,-698.7470357140779,238.85480103717222,238.85480103717222
2025-03-03,596.1799926757812,583.77001953125,22.780000686645508,23.959999084472656,99.44514170847913,1176.6444164250515,41.4223835365277,-375.8339965702835,-375.8339965702835,41.4223835365277,-375.8339965702835,-375.8339965702835,230.5993214662555,-857.9827769834637,-857.9827769834637,230.5993214662555,-857.9827769834637,-857.9827769834637
2025-03-04,579.7100219726562,576.8599853515625,23.510000228881836,24.790000915527344,101.80211216403131,235.69704555521866,282.76670229163545,282.76670229163545,282.76670229163545,282.76670229163545,282.76670229163545,282.76670229163545,397.3637142624411,397.3637142624411,397.3637142624411,397.3637142624411,397.3637142624411,397.3637142624411
2025-03-05,576.6900024414062,583.0599975585938,21.93000030517578,22.899999618530273,95.38725822246482,-641.4853941566491,-335.1033056699356,289.0097268593631,289.0097268593631,-335.1033056699356,289.0097268593631,289.0097268593631,-459.6514360604984,398.9968924312698,398.9968924312698,-459.6514360604984,398.9968924312698,398.9968924312698
2025-03-06,575.47998046875,572.7100219726562,24.8700008392334,26.790000915527344,107.0688754876804,1168.1617265215577,394.23100022757535,-75.26814922445448,-75.26814922445448,394.23100022757535,-75.26814922445448,-75.26814922445448,590.1061644296863,101.94339505292403,101.94339505292403,590.1061644296863,101.94339505292403,101.94339505292403
2025-03-07,570.9000244140625,575.9199829101562,23.3700008392334,23.790000915527344,100.68434067776218,-638.4534809918222,-12.746146156991164,-12.746146156991164,-12.746146156991164,-12.746146156991164,-12.746146156991164,-12.746146156991164,85.90279263685491,85.90279263685491,85.90279263685491,85.90279263685491,85.90279263685491,85.90279263685491
2025-03-10,567.5900268554688,560.5800170898438,27.86000061035156,31.190000534057617,118.71665285062099,1803.231217285881,663.1263181897523,-272.38900739237164,-272.38900739237164,663.1263181897523,-272.38900739237164,-272.38900739237164,947.0520192392014,-69.41667773869541,-69.41667773869541,947.0520192392014,-69.41667773869541,-69.41667773869541
2025-03-11,559.4000244140625,555.9199829101562,26.920000076293945,28.93000030517578,114.72518213890936,-399.1470711711628,227.36114186217654,227.36114186217654,227.36114186217654,227.36114186217654,227.36114186217654,227.36114186217654,384.9578321096718,384.9578321096718,384.9578321096718,384.9578321096718,384.9578321096718,384.9578321096718
2025-03-12,562.1699829101562,558.8699951171875,24.229999542236328,25.260000228881836,103.35389598767895,-1137.1286151230406,488.4767988979081,488.4767988979081,-297.14343855952114,488.4767988979081,488.4767988979081,-297.14343855952114,609.0627931120197,609.0627931120197,-180.65693255514506,609.0627931120197,609.0627931120197,-180.65693255514506
2025-03-13,558.489990234375,551.4199829101562,24.65999984741211,25.36000061035156,105.42974625592339,207.58502682444373,574.3825892599986,-261.0681815735046,-261.0681815735046,574.3825892599986,-261.0681815735046,-261.0681815735046,825.5087830105579,-147.05894757949133,-147.05894757949133,825.5087830105579,-147.05894757949133,-147.05894757949133
2025-03-14,556.1099853515625,562.8099975585938,21.770000457763672,21.770000457763672,92.72652069644482,-1270.322555947857,-362.30660274106924,300.9730816578557,300.9730816578557,-362.30660274106924,300.9730816578557,300.9730816578557,-498.41988844806536,396.37172874374244,396.37172874374244,-498.41988844806536,396.37172874374244,396.37172874374244
2025-03-17,562.7899780273438,567.1500244140625,20.510000228881836,21.299999237060547,86.9715082237924,-575.5012472652425,-157.3948290854382,-157.3948290854382,385.3069513779626,-157.3948290854382,-157.3948290854382,385.3069513779626,-76.87724738354521,-76.87724738354521,554.058672344474,-76.87724738354521,-76.87724738354521,554.058672344474
2025-03-18,564.7999877929688,561.02001953125,21.700000762939453,22.59000015258789,91.99231849488157,502.0810271089175,511.1335116555125,511.1335116555125,-274.26291329654515,511.1335116555125,511.1335116555125,-274.26291329654515,639.2042263377167,639.2042263377167,-141.114473979674,639.2042263377167,639.2042263377167,-141.114473979674
2025-03-19,562.8300170898438,567.1300048828125,19.899999618530273,19.790000915527344,84.18256619242459,-780.9752302456985,-176.31393783356944,-176.31393783356944,376.2657991793341,-176.31393783356944,-176.31393783356944,376.2657991793341,-111.369118748664,-111.369118748664,526.9392360946248,-111.369118748664,-111.369118748664,526.9392360946248
2025-03-20,563.3300170898438,565.489990234375,19.799999237060547,19.459999084472656,83.6994803533268,-48.308583909778235,-6.164276830377721,-6.164276830377721,193.1800100255579,-6.164276830377721,-6.164276830377721,193.1800100255579,61.934335074458225,61.934335074458225,325.84160961514993,61.934335074458225,61.934335074458225,325.84160961514993
2025-03-21,559.280029296875,563.97998046875,19.280000686645508,18.579999923706055,81.51083803395179,-218.86423193750204,87.73272457164082,87.73272457164082,87.73272457164082,87.73272457164082,87.73272457164082,87.73272457164082,123.99311086361686,123.99311086361686,123.99311086361686,123.99311086361686,123.99311086361686,123.99311086361686
2025-03-24,570.7999877929688,574.0800170898438,17.479999542236328,18.559999465942383,73.44785783651818,-806.2980197433603,85.19577485893598,85.19577485893598,85.19577485893598,85.19577485893598,85.19577485893598,85.19577485893598,125.57876848874034,125.57876848874034,125.57876848874034,125.57876848874034,125.57876848874034,125.57876848874034
2025-03-25,575.2999877929688,575.4600219726562,17.149999618530273,18.010000228881836,71.9762777057731,-147.15801307450818,43.660818872476064,113.2334145585088,113.2334145585088,43.660818872476064,113.2334145585088,113.2334145585088,135.44661749869826,188.62335447698584,188.62335447698584,135.44661749869826,188.62335447698584,188.62335447698584
2025-03-26,575.1900024414062,568.5900268554688,18.329999923706055,19.959999084472656,76.81286330629601,483.6585600522909,461.74036658254545,-408.24739801485157,-408.24739801485157,461.74036658254545,-408.24739801485157,-408.24739801485157,572.6451458537691,-450.2273413009877,-450.2273413009877,572.6451458537691,-450.2273413009877,-450.2273413009877
2025-03-27,567.1799926757812,567.0800170898438,18.690000534057617,20.030000686645508,78.23329418462896,142.0430878332951,-41.99852646747664,250.49735048867453,250.49735048867453,-41.99852646747664,250.49735048867453,250.49735048867453,118.37129242248386,316.887141202222,316.887141202222,118.37129242248386,316.887141202222,316.887141202222
2025-03-28,565.530029296875,555.6599731445312,21.649999618530273,22.690000534057617,90.90711905394494,1267.382486931598,197.34055134176936,-391.30032967504536,-391.30032967504536,197.34055134176936,-391.30032967504536,-391.30032967504536,342.51567365226447,-705.0022631581184,-705.0022631581184,342.51567365226447,-705.0022631581184,-705.0022631581184
2025-03-31,549.8300170898438,559.3900146484375,22.280000686645508,25.13999938964844,92.70905497885838,180.19359249134368,-355.31512967137115,-355.31512967137115,-355.31512967137115,-355.31512967137115,-355.31512967137115,-355.31512967137115,-253.23307125860774,-253.23307125860774,-253.23307125860774,-253.23307125860774,-253.23307125860774,-253.23307125860774
2025-04-01,557.4500122070312,560.969970703125,21.770000457763672,24.459999084472656,90.42428651505884,-228.4768463799537,-312.44282846402587,497.32856462425195,497.32856462425195,-312.44282846402587,497.32856462425195,497.32856462425195,-198.8747157293359,607.8150908022195,607.8150908022195,-198.8747157293359,607.8150908022195,607.8150908022195
2025-04-02,555.0499877929688,564.52001953125,21.510000228881836,24.290000915527344,89.05496644007914,-136.93200749796972,-370.058519598182,178.06268693403203,178.06268693403203,-370.058519598182,178.06268693403203,178.06268693403203,-674.2880001635384,321.33187891784155,321.33187891784155,-674.2880001635384,321.33187891784155,321.33187891784155
2025-04-03,545.1099853515625,536.7000122070312,30.020000457763672,34.099998474121094,124.71107753351862,3565.6111093439476,369.68669047650127,-298.0133458278847,-298.0133458278847,369.68669047650127,-298.0133458278847,-298.0133458278847,622.1897354037519,-376.23015137722047,-376.23015137722047,622.1897354037519,-376.23015137722047,-376.23015137722047
2025-04-04,523.6699829101562,505.2799987792969,45.310001373291016,57.16999816894531,184.56873346723194,5985.765593371332,-207.50488398472024,-207.50488398472024,-195.8088057933015,-207.50488398472024,-207.50488398472024,-195.8088057933015,-242.67215332058038,-242.67215332058038,-734.1831175272415,-242.67215332058038,-242.67215332058038,-734.1831175272415
2025-04-07,489.19000244140625,504.3800048828125,46.97999954223633,62.58000183105469,189.84308702167309,527.4353554441149,-53.49324054264353,-53.93529682959477,-51.07770316303013,-202.70434391585505,-204.48281980309454,-131.6751345316906,-440.9486005531083,-382.9560577153718,139.24231666643684,-692.6948351700215,-199.73534018099778,335.15104578027353
2025-04-08,521.8599853515625,496.4800109863281,52.33000183105469,67.62999725341797,209.17132708626366,1932.8240064590573,-179.42554737480415,-179.42554737480415,-164.92714149695794,-179.42554737480415,-179.42554737480415,-164.92714149695794,-676.4209750764384,-676.4209750764384,-627.3923481158807,-676.4209750764384,-676.4209750764384,-627.3923481158807
2025-04-09,493.44000244140625,548.6199951171875,33.619998931884766,40.060001373291016,136.41608526770563,-7275.524181855803,-79.43212303293771,-80.81178525526022,-80.81178525526022,-298.64336874351847,-303.85938081885837,-303.85938081885837,-631.5467853353852,-642.1599683078821,-642.1599683078821,-1042.7820537184086,-1059.0630466862783,-1059.0630466862783
2025-04-10,532.1699829101562,524.5800170898438,40.720001220703125,50.43000030517578,164.53148334628315,2811.5398078577527,226.62071973994776,226.62071973994776,-206.67107438621494,226.62071973994776,226.62071973994776,-206.67107438621494,610.3368742947712,610.3368742947712,-313.7591701492223,610.3368742947712,610.3368742947712,-313.7591701492223
2025-04-11,523.010009765625,533.9400024414062,37.560001373291016,43.31999969482422,151.81779826299126,-1271.3685083291894,-267.50876386878315,-267.50876386878315,365.92638721998827,-267.50876386878315,-267.50876386878315,365.92638721998827,-350.2516204989491,-350.2516204989491,726.4282500630105,-350.2516204989491,-350.2516204989491,726.4282500630105
2025-04-14,544.0499877929688,539.1199951171875,30.88999938964844,34.20000076293945,125.72899886360455,-2608.8799399386717,602.8334165691116,602.8334165691116,-286.6600062360608,602.8334165691116,602.8334165691116,-286.6600062360608,841.2193602548431,841.2193602548431,-105.05897458635724,841.2193602548431,841.2193602548431,-105.05897458635724
2025-04-15,539.6699829101562,537.6099853515625,30.1200008392334,29.940000534057617,122.86492293674439,-286.4075926860153,395.38352163637245,395.38352163637245,395.38352163637245,395.38352163637245,395.38352163637245,395.38352163637245,551.9103315910257,551.9103315910257,551.9103315910257,551.9103315910257,551.9103315910257,551.9103315910257
2025-04-16,531.6799926757812,525.6599731445312,32.63999938964844,33.220001220703125,133.68807247277792,1082.3149536033525,229.51377666990814,229.51377666990814,-263.15025921047703,229.51377666990814,229.51377666990814,-263.15025921047703,425.8735761830575,425.8735761830575,-393.76674856814134,425.8735761830575,425.8735761830575,-393.76674856814134
2025-04-17,527.6400146484375,526.4099731445312,29.649999618530273,27.649999618530273,122.69126778646549,-1099.680468631243,57.271631228352305,254.08528037773013,254.08528037773013,57.271631228352305,254.08528037773013,254.08528037773013,289.7961923093278,384.31058997859566,384.31058997859566,289.7961923093278,384.31058997859566,384.31058997859566
2025-04-21,521.1599731445312,513.8800048828125,33.81999969482422,36.560001373291016,139.19193971374705,1650.067192728156,71.53239160843546,71.53239160843546,71.53239160843546,71.53239160843546,71.53239160843546,71.53239160843546,297.5038316839537,297.5038316839537,297.5038316839537,297.5038316839537,297.5038316839537,297.5038316839537
2025-04-22,520.1400146484375,527.25,30.56999969482422,33.13999938964844,124.94750388918627,-1424.4435824560783,-71.24906932618168,-71.24906932618168,-71.24906932618168,-71.24906932618168,-71.24906932618168,-71.24906932618168,110.67426114194507,110.67426114194507,110.67426114194507,110.67426114194507,110.67426114194507,110.67426114194507
2025-04-23,540.4299926757812,535.4199829101562,28.450000762939453,30.739999771118164,115.713137852334,-923.4366036852265,184.67670898814495,184.67670898814495,184.67670898814495,184.67670898814495,184.67670898814495,184.67670898814495,352.0995466698938,352.0995466698938,352.0995466698938,352.0995466698938,352.0995466698938,352.0995466698938
2025-04-24,536.719970703125,546.6900024414062,26.469999313354492,28.280000686645508,106.59155351832695,-912.1584334007053,-315.8862740578709,-34.92273152417733,-34.92273152417733,-315.8862740578709,-34.92273152417733,-34.92273152417733,-766.0809903182337,118.81294369721917,118.81294369721917,-766.0809903182337,118.81294369721917,118.81294369721917
2025-04-25,546.6500244140625,550.6400146484375,24.84000015258789,24.63999938964844,99.85830076325263,-673.3252755074318,-333.92061834638906,537.3951013680357,537.3951013680357,-333.92061834638906,537.3951013680357,537.3951013680357,-212.73532215277112,653.7103172273852,653.7103172273852,-212.73532215277112,653.7103172273852,653.7103172273852
2025-04-28,551.3900146484375,550.8499755859375,25.149999618530273,26.469999313354492,100.52533277442907,66.70320111764454,519.782591952558,519.782591952558,-191.53365951634404,519.782591952558,519.782591952558,-191.53365951634404,643.530331866263,643.530331866263,68.70031699303584,643.530331866263,643.530331866263,68.70031699303584
2025-04-29,548.9099731445312,554.3200073242188,24.170000076293945,24.950000762939453,96.30962783317747,-421.57049412516017,151.49733793001764,151.49733793001764,151.49733793001764,151.49733793001764,151.49733793001764,151.49733793001764,252.85251309868437,252.85251309868437,252.85251309868437,252.85251309868437,252.85251309868437,252.85251309868437
2025-04-30,547.5700073242188,554.5399780273438,24.700000762939453,25.06999969482422,98.11702631646716,180.73984832896883,-308.9011634127152,141.10139802237674,141.10139802237674,-308.9011634127152,141.10139802237674,141.10139802237674,-547.2547647730796,252.46605683699082,252.46605683699082,-547.2547647730796,252.46605683699082,252.46605683699082
2025-05-01,560.3699951171875,558.469970703125,24.600000381469727,24.81999969482422,97.22440142261325,-89.26248938539061,432.8050625803026,432.8050625803026,432.8050625803026,432.8050625803026,432.8050625803026,432.8050625803026,537.17374047917,537.17374047917,537.17374047917,537.17374047917,537.17374047917,537.17374047917
2025-05-02,564.72998046875,566.760009765625,22.68000030517578,21.219999313354492,89.25879761481335,-796.5603807799909,-77.68492025831526,-77.68492025831526,289.0632391714319,-77.68492025831526,-77.68492025831526,289.0632391714319,33.480460372808075,33.480460372808075,407.73840777962556,33.480460372808075,33.480460372808075,407.73840777962556
2025-05-05,562.5700073242188,563.510009765625,23.63999938964844,22.729999542236328,92.61240605256245,335.3608437749102,222.73990295330356,222.73990295330356,33.59192182100814,222.73990295330356,222.73990295330356,33.59192182100814,316.8857659397442,316.8857659397442,224.55385182337312,316.8857659397442,316.8857659397442,224.55385182337312
2025-05-06,557.9299926757812,558.7999877929688,24.760000228881836,24.13999938964844,96.99342055221393,438.1014499651485,-180.9294170429542,465.37741487735605,465.37741487735605,-180.9294170429542,465.37741487735605,465.37741487735605,41.11956302061832,567.7691397111358,567.7691397111358,41.11956302061832,567.7691397111358,567.7691397111358
2025-05-07,560.1500244140625,561.1500244140625,23.549999237060547,22.690000534057617,92.11475198176888,-487.86685704450576,439.97987288088285,439.97987288088285,439.97987288088285,439.97987288088285,439.97987288088285,439.97987288088285,518.0584838183036,518.0584838183036,518.0584838183036,518.0584838183036,518.0584838183036,518.0584838183036
2025-05-08,565.239990234375,565.0599975585938,22.479999542236328,21.6299991607666,87.66662529654894,-444.81266852199326,109.3315463156152,110.13264205229304,110.13264205229304,109.3315463156152,110.13264205229304,110.13264205229304,235.9679330261313,223.28819664655856,223.28819664655856,235.9679330261313,223.28819664655856,223.28819664655856
2025-05-09,566.47998046875,564.3400268554688,21.899999618530273,20.8700008392334,85.37610322282896,-229.0522073719984,212.0936203446737,1.7737227581839732,1.7737227581839732,212.0936203446737,1.7737227581839732,1.7737227581839732,361.25138210175476,85.89505377062093,85.89505377062093,361.25138210175476,85.89505377062093,85.89505377062093
2025-05-12,581.469970703125,582.989990234375,18.38999938964844,17.969999313354492,71.32407612102202,-1405.2027101806943,195.69665716124723,195.69665716124723,11.930418518354616,195.69665716124723,195.69665716124723,11.930418518354616,236.96140818385263,236.96140818385263,194.0945208752623,236.96140818385263,236.96140818385263,194.0945208752623
2025-05-13,583.4099731445312,586.8400268554688,18.219999313354492,17.40999984741211,70.80964204839381,-51.44340726282053,-159.12623588978454,-159.12623588978454,318.33897806015455,-159.12623588978454,-159.12623588978454,318.33897806015455,-103.9442016049745,-103.9442016049745,432.56569095544717,-103.9442016049745,-103.9442016049745,432.56569095544717
2025-05-14,587.8099975585938,587.5900268554688,18.6200008392334,17.530000686645508,72.28816448764985,147.85224392560394,-71.22724746240206,259.2934007664443,259.2934007664443,-71.22724746240206,259.2934007664443,259.2934007664443,88.85755836117235,301.41170657237274,301.41170657237274,88.85755836117235,301.41170657237274,301.41170657237274
2025-05-15,585.5599975585938,590.4600219726562,17.829999923706055,15.880000114440918,69.40570920443542,-288.24552832144263,-413.6596652643274,490.1838661560872,490.1838661560872,-413.6596652643274,490.1838661560872,490.1838661560872,-382.0289941657379,542.5501535110808,542.5501535110808,-382.0289941657379,542.5501535110808,542.5501535110808
2025-05-16,591.25,594.2000122070312,17.239999771118164,14.350000381469728,67.50799880133366,-189.7710403101769,1.4469243295190082,1.4469243295190082,154.91118177486507,1.4469243295190082,1.4469243295190082,154.91118177486507,16.734217777081973,16.734217777081973,304.41908690954926,16.734217777081973,16.734217777081973,304.41908690954926
2025-05-19,588.0999755859375,594.8499755859375,18.13999938964844,16.809999465942383,70.64676847881378,313.8769677480127,-299.1119710391744,-3.3139386089868084,-3.3139386089868084,-299.1119710391744,-3.3139386089868084,-3.3139386089868084,-622.3614706312216,30.466996424286187,30.466996424286187,-622.3614706312216,30.466996424286187,30.466996424286187
2025-05-20,593.0900268554688,592.8499755859375,18.09000015258789,16.56999969482422,70.01675267793573,-63.001580087805564,222.50078261410076,222.50078261410076,-69.63243895913936,222.50078261410076,222.50078261410076,-69.63243895913936,268.3781344590014,268.3781344590014,46.834215460045115,268.3781344590014,268.3781344590014,46.834215460045115
2025-05-21,588.4400024414062,582.8599853515625,20.8700008392334,19.559999465942383,79.51184110139667,949.5088423460942,424.58513066826697,-185.6324963613961,-185.6324963613961,424.58513066826697,-185.6324963613961,-185.6324963613961,629.3939585812433,-127.04317185875473,-127.04317185875473,629.3939585812433,-127.04317185875473,-127.04317185875473
2025-05-22,582.6599731445312,583.0900268554688,20.280000686645508,18.420000076293945,77.12999446553886,-238.1846635857812,213.50232311868993,213.50232311868993,-23.883944556713942,213.50232311868993,213.50232311868993,-23.883944556713942,269.37765688006084,269.37765688006084,123.73942278258879,269.37765688006084,269.37765688006084,123.73942278258879
2025-05-23,575.97998046875,579.1099853515625,22.290000915527344,20.6299991607666,84.39053141926638,726.0536953727524,-279.4739738836178,490.8729820476832,490.8729820476832,-279.4739738836178,490.8729820476832,490.8729820476832,-142.1701043552334,583.7711372972635,583.7711372972635,-142.1701043552334,583.7711372972635,583.7711372972635
2025-05-27,586.0700073242188,591.1500244140625,18.959999084472656,17.899999618530273,72.0824006289053,-1230.8130790361076,-380.31736091261723,431.24309207703016,431.24309207703016,-380.31736091261723,431.24309207703016,431.24309207703016,-382.87305146939246,496.14294777616277,496.14294777616277,-382.87305146939246,496.14294777616277,496.14294777616277
2025-05-28,591.5599975585938,587.72998046875,19.309999465942383,18.190000534057617,72.89349743076934,81.10968018640392,278.72176420783956,278.72176420783956,-291.19088382406153,278.72176420783956,278.72176420783956,-291.19088382406153,325.6002722645524,325.6002722645524,-333.23323992025,325.6002722645524,325.6002722645524,-333.23323992025
2025-05-29,593.0599975585938,590.0499877929688,19.18000030517578,17.84000015258789,72.48439600403424,-40.91014267351056,522.057916572427,522.057916572427,-344.0322532609761,522.057916572427,522.057916572427,-344.0322532609761,579.9388393795239,579.9388393795239,-211.51553751498594,579.9388393795239,579.9388393795239,-211.51553751498594
2025-05-30,588.9299926757812,589.3900146484375,18.56999969482422,16.739999771118164,69.97574042420871,-250.8655579825529,-202.55726645082072,408.7219615113255,408.7219615113255,-202.55726645082072,408.7219615113255,408.7219615113255,-10.31904525262208,438.2027044768853,438.2027044768853,-10.31904525262208,438.2027044768853,438.2027044768853
2025-06-02,587.760009765625,592.7100219726562,18.36000061035156,17.639999389648438,69.13473531015342,-84.10051140552923,-314.2976763975414,232.17336732038908,232.17336732038908,-314.2976763975414,232.17336732038908,232.17336732038908,-425.63316185612535,275.6982108374087,275.6982108374087,-425.63316185612535,275.6982108374087,275.6982108374087
2025-06-03,592.3400268554688,596.0900268554688,17.690000534057617,16.6200008392334,66.98849432317627,-214.62409869771477,-119.12570006616471,-119.12570006616471,286.6305558557732,-119.12570006616471,-119.12570006616471,286.6305558557732,-80.62388941974412,-80.62388941974412,426.32655831572526,-80.62388941974412,-80.62388941974412,426.32655831572526
2025-06-04,596.9600219726562,595.9299926757812,17.610000610351562,16.040000915527344,66.52130422394703,-46.719009922924215,57.96907356177756,89.95802706012535,89.95802706012535,57.96907356177756,89.95802706012535,89.95802706012535,176.67053419639458,128.5887100991477,128.5887100991477,176.67053419639458,128.5887100991477,128.5887100991477
2025-06-05,597.6300048828125,593.0499877929688,18.479999542236328,17.34000015258789,69.1788705093262,265.75662853791755,375.53445176786045,-189.63864432622162,-189.63864432622162,375.53445176786045,-189.63864432622162,-189.63864432622162,530.8494278827691,-145.1413095568123,-145.1413095568123,530.8494278827691,-145.1413095568123,-145.1413095568123
2025-06-06,598.6599731445312,599.1400146484375,16.770000457763672,14.199999809265137,63.702112213290405,-547.6758296035797,-176.50911689703028,335.8491375160486,335.8491375160486,-176.50911689703028,335.8491375160486,335.8491375160486,-22.81876076464455,350.56944005979165,350.56944005979165,-22.81876076464455,350.56944005979165,350.56944005979165
2025-06-09,599.719970703125,599.6799926757812,17.15999984741211,15.380000114440918,64.80876398377316,110.66517704827561,409.0763690951394,409.0763690951394,409.0763690951394,409.0763690951394,409.0763690951394,409.0763690951394,429.21850952454616,429.21850952454616,429.21850952454616,429.21850952454616,429.21850952454616,429.21850952454616
2025-06-10,600.219970703125,603.0800170898438,16.950000762939453,15.15999984741211,64.62025889065399,-18.850509311917563,128.3012320926019,128.3012320926019,128.3012320926019,128.3012320926019,128.3012320926019,128.3012320926019,147.24226282577806,147.24226282577806,147.24226282577806,147.24226282577806,147.24226282577806,147.24226282577806
2025-06-11,604.1900024414062,601.3599853515625,17.260000228881836,15.420000076293944,65.22198111891751,60.172222826352595,394.55056473485024,394.55056473485024,-270.84508710979594,394.55056473485024,394.55056473485024,-270.84508710979594,447.2005155986477,447.2005155986477,-192.372306052925,447.2005155986477,447.2005155986477,-192.372306052925
2025-06-12,600.010009765625,603.75,18.020000457763672,16.1200008392334,68.34525593783926,312.3274818921743,82.82842129379587,82.82842129379587,82.82842129379587,82.82842129379587,82.82842129379587,82.82842129379587,108.39862622137719,108.39862622137719,108.39862622137719,108.39862622137719,108.39862622137719,108.39862622137719
2025-06-13,598.5,597.0,20.81999969482422,19.260000228881836,77.059460147334,871.4204209494739,12.7526488884971,228.23732383006393,228.23732383006393,12.7526488884971,228.23732383006393,228.23732383006393,220.0747008200743,286.79827804704803,286.79827804704803,220.0747008200743,286.79827804704803,286.79827804704803
2025-06-16,600.4000244140625,602.6799926757812,19.11000061035156,17.8700008392334,71.40755437804975,-565.1905769284241,227.7905939436504,227.7905939436504,227.7905939436504,227.7905939436504,227.7905939436504,227.7905939436504,269.2467964769963,269.2467964769963,269.2467964769963,269.2467964769963,269.2467964769963,269.2467964769963
2025-06-17,600.2100219726562,597.530029296875,21.600000381469727,21.86000061035156,79.26539464926077,785.7840271211018,318.97766242446323,318.97766242446323,318.97766242446323,318.97766242446323,318.97766242446323,318.97766242446323,405.8132829163781,405.8132829163781,405.8132829163781,405.8132829163781,405.8132829163781,405.8132829163781
2025-06-18,598.4400024414062,597.4400024414062,20.13999938964844,19.1299991607666,73.81203574881687,-545.3358900443902,-33.26968952941949,270.51027602894953,270.51027602894953,-33.26968952941949,270.51027602894953,270.51027602894953,170.48954887764862,327.95040555703207,327.95040555703207,170.48954887764862,327.95040555703207,327.95040555703207
2025-06-20,598.3800048828125,594.280029296875,20.6200008392334,18.31999969482422,74.73106714885245,91.90314000355784,281.2417228206249,-59.56443164612717,-59.56443164612717,281.2417228206249,-59.56443164612717,-59.56443164612717,473.9155655467699,-10.44711006451877,-10.44711006451877,473.9155655467699,-10.44711006451877,-10.44711006451877
2025-06-23,595.0399780273438,600.1500244140625,19.829999923706055,17.920000076293945,72.31903109322812,-241.2036055624327,-414.5508896939762,566.1968533494392,566.1968533494392,-414.5508896939762,566.1968533494392,566.1968533494392,-337.52869369554054,652.1675503608401,652.1675503608401,-337.52869369554054,652.1675503608401,652.1675503608401
2025-06-24,604.3300170898438,606.780029296875,17.479999542236328,15.399999618530272,65.3081990018002,-701.0832091427915,-142.34392008472983,-142.34392008472983,264.8946205022067,-142.34392008472983,-142.34392008472983,264.8946205022067,-87.65744885386752,-87.65744885386752,340.12113564693516,-87.65744885386752,-87.65744885386752,340.12113564693516
2025-06-25,607.9099731445312,607.1199951171875,16.760000228881836,13.8100004196167,62.73788608573753,-257.0312916062676,-11.4037614256951,144.75051134118306,144.75051134118306,-11.4037614256951,144.75051134118306,144.75051134118306,112.7926429946413,161.5847764223547,161.5847764223547,112.7926429946413,161.5847764223547,161.5847764223547
2025-06-26,608.989990234375,611.8699951171875,16.59000015258789,13.489999771118164,63.37164368479773,63.375759906020335,-242.3874310492577,218.62969017402204,218.62969017402204,-242.3874310492577,218.62969017402204,218.62969017402204,-268.69349597450065,230.01696664229507,230.01696664229507,-268.69349597450065,230.01696664229507,230.01696664229507
2025-06-27,612.8800048828125,614.9099731445312,16.31999969482422,12.8100004196167,63.30718745797347,-6.445622682426233,-48.77372952007415,-48.77372952007415,143.29939218975667,-48.77372952007415,-48.77372952007415,143.29939218975667,-30.437084788648082,-30.437084788648082,225.49821128533532,-30.437084788648082,-30.437084788648082,225.49821128533532
2025-06-30,617.3800048828125,617.8499755859375,16.729999542236328,13.770000457763672,65.26485425695694,195.76667989834675,-112.55665209874294,235.7650449352854,235.7650449352854,-112.55665209874294,235.7650449352854,235.7650449352854,-3.1780763658433053,256.9143418444569,256.9143418444569,-3.1780763658433053,256.9143418444569,256.9143418444569
2025-07-01,616.3599853515625,617.6500244140625,16.829999923706055,13.789999961853027,65.36909334908648,10.42390921295464,-145.89648518614135,250.5720094214055,250.5720094214055,-145.89648518614135,250.5720094214055,250.5720094214055,-64.730644048763,280.6529978414164,280.6529978414164,-64.730644048763,280.6529978414164,280.6529978414164
2025-07-02,617.239990234375,620.4500122070312,16.639999389648438,13.06999969482422,65.64980558902266,28.071223993617878,-333.20354393224005,395.38290650925256,395.38290650925256,-333.20354393224005,395.38290650925256,395.38290650925256,-282.08557592245023,412.9794052186752,412.9794052186752,-282.08557592245023,412.9794052186752,412.9794052186752
2025-07-03,622.4500122070312,625.3400268554688,16.3799991607666,12.850000381469728,66.70046150449676,105.06559154740955,-101.81500580335793,-101.81500580335793,209.77183958682983,-101.81500580335793,-101.81500580335793,209.77183958682983,-84.99771013889853,-84.99771013889853,307.263848805345,-84.99771013889853,-84.99771013889853,307.263848805345
2025-07-07,623.3599853515625,620.6799926757812,17.790000915527344,15.710000038146973,68.67297993587556,197.2518431378802,446.38026097924006,446.38026097924006,-298.6597511272324,446.38026097924006,446.38026097924006,-298.6597511272324,495.0326449257633,495.0326449257633,-190.51454694324576,495.0326449257633,495.0326449257633,-190.51454694324576
2025-07-08,621.3499755859375,620.3400268554688,16.809999465942383,13.899999618530272,65.2308739678779,-344.2105967997662,395.0782540083887,395.0782540083887,-237.77015569312746,395.0782540083887,395.0782540083887,-237.77015569312746,412.2411289757913,412.2411289757913,-88.94766636013804,412.2411289757913,412.2411289757913,-88.94766636013804
2025-07-09,622.77001953125,624.0599975585938,15.9399995803833,12.529999732971191,63.876286738361046,-135.45872295168522,30.668026904377022,30.668026904377022,64.59935816176062,30.668026904377022,30.668026904377022,64.59935816176062,47.753236259882016,47.753236259882016,148.79405073877246,47.753236259882016,47.753236259882016,148.79405073877246
2025-07-10,624.2000122070312,625.8200073242188,15.779999732971191,12.460000038146973,64.02595538502618,14.966864666513402,-83.3980037495926,-83.3980037495926,158.6078412010801,-83.3980037495926,-83.3980037495926,158.6078412010801,-53.215536887094416,-53.215536887094416,209.3176846526898,-53.215536887094416,-53.215536887094416,209.3176846526898
2025-07-11,622.739990234375,623.6199951171875,16.399999618530273,13.029999732971191,64.80817436708651,78.22189820603285,83.700776398949,83.700776398949,21.38585155556727,83.700776398949,83.700776398949,21.38585155556727,103.6918272428159,103.6918272428159,112.8048115314212,103.6918272428159,103.6918272428159,112.8048115314212
2025-07-14,623.1599731445312,624.8099975585938,17.200000762939453,14.270000457763672,67.31763375136791,250.94593842813993,2.564260056943526,2.564260056943526,118.92056045494328,2.564260056943526,2.564260056943526,118.92056045494328,35.65521556585247,35.65521556585247,214.475339680133,35.65521556585247,35.65521556585247,214.475339680133
2025-07-15,627.52001953125,622.1400146484375,17.3799991607666,14.6899995803833,66.62489668377958,-69.27370675883253,463.1782168554951,-314.94587661578197,-314.94587661578197,463.1782168554951,-314.94587661578197,-314.94587661578197,591.9212104171066,-286.26204150955147,-286.26204150955147,595.5909489815356,-286.085287976112,-286.085287976112
2025-07-16,623.739990234375,624.219970703125,17.15999984741211,13.770000457763672,66.62479461051169,-0.010207326789668514,74.60192551572058,74.60192551572058,29.472864743903735,74.60192551572058,74.60192551572058,29.472864743903735,110.11150564442083,110.11150564442083,104.46555864199831,110.11150564442083,110.11150564442083,104.46555864199831
2025-07-17,624.4000244140625,628.0399780273438,16.520000457763672,13.140000343322754,66.21170322309177,-41.30913874199109,-287.1090089414419,-287.1090089414419,374.0258768635176,-287.1090089414419,-287.1090089414419,374.0258768635176,-248.42742073548544,-248.42742073548544,428.19025337841475,-248.42742073548544,-248.42742073548544,428.19025337841475
2025-07-18,629.2999877929688,627.5800170898438,16.40999984741211,12.699999809265137,65.51743553178892,-69.42676913028549,18.473168784527584,150.93738784908996,150.93738784908996,18.473168784527584,150.93738784908996,150.93738784908996,187.44841746088807,160.13125098657912,160.13125098657912,190.84307360630086,160.1396954158372,160.1396954158372
2025-07-21,628.77001953125,628.77001953125,16.649999618530273,14.949999809265137,66.31005273583142,79.26172040425001,-143.27140594419765,331.6873002184447,331.6873002184447,-143.27140594419765,331.6873002184447,331.6873002184447,33.78611347594285,355.7331503055501,355.7331503055501,41.02008219183746,355.861898822647,355.861898822647
2025-07-22,629.0999755859375,628.8599853515625,16.5,15.029999732971191,65.75753740469469,-55.25153311367319,-138.26756976603863,339.3511182766637,339.3511182766637,-138.26756976603863,339.3511182766637,339.3511182766637,53.09694323360963,363.0942631716848,363.0942631716848,61.679755940387416,363.2225926095067,363.2225926095067
2025-07-23,631.5499877929688,634.2100219726562,15.369999885559082,14.050000190734863,65.15594962978489,-60.15877749098024,20.460053883750163,20.460053883750163,137.51050099988367,20.460053883750163,20.460053883750163,137.51050099988367,41.02063534541942,41.02063534541942,283.91477038716897,41.11771603095746,41.11771603095746,287.45840452290844
2025-07-24,634.5999755859375,634.4199829101562,15.390000343322754,14.079999923706056,65.1796754461034,2.3725816318517445,97.70640662831126,97.70640662831126,11.56118243155804,97.70640662831126,97.70640662831126,11.56118243155804,150.75873175976326,150.75873175976326,74.47900812329678,151.39174130986717,151.39174130986717,75.19090099930307
2025-07-25,635.0900268554688,637.0999755859375,14.93000030517578,12.829999923706056,65.34473971640162,16.50642702982168,-159.7305311544398,243.87316419011825,243.87316419011825,-159.7305311544398,243.87316419011825,243.87316419011825,-111.19902958256925,285.37208589280925,285.37208589280925,-110.86714992890353,285.5694137230879,285.5694137230879
2025-07-28,637.47998046875,636.9400024414062,15.029999732971191,13.369999885559082,65.0847877012421,-25.995201515951294,-16.247083094111602,142.50606740900727,142.50606740900727,-16.247083094111602,142.50606740900727,142.50606740900727,96.78223804976705,163.19569402473914,163.19569402473914,98.82105808863776,163.2605853377752,163.2605853377752
2025-07-29,638.3499755859375,635.260009765625,15.979999542236328,14.619999885559082,66.47589664652597,139.1108945283861,189.39459717040296,-15.897230020073769,-15.897230020073769,189.39459717040296,-15.897230020073769,-15.897230020073769,349.18211492447296,9.0678707823346,9.0678707823346,354.9649567200173,9.204568969630847,9.204568969630847
2025-07-30,635.9199829101562,634.4600219726562,15.479999542236328,13.460000038146973,64.5624111456589,-191.34855008670684,150.9938472517607,-49.444983985260315,-49.444983985260315,150.9938472517607,-49.444983985260315,-49.444983985260315,223.03087712636776,-13.483912375527593,-13.483912375527593,223.92430210878808,-13.286041910213717,-13.286041910213717
2025-07-31,639.4600219726562,632.0800170898438,16.719999313354492,15.149999618530272,66.52115926334471,195.87481176858148,552.6790211843908,-332.41205478790016,-332.41205478790016,552.6790211843908,-332.41205478790016,-332.41205478790016,763.6735812383696,-306.4193818091428,-306.4193818091428,774.9445271827376,-306.2487386429337,-306.2487386429337
2025-08-01,626.2999877929688,621.719970703125,20.3799991607666,19.530000686645508,72.73659387123209,621.5434607887374,473.2000084488616,-247.70127962959808,-247.70127962959808,473.2000084488616,-247.70127962959808,-247.70127962959808,625.7719252588146,-152.82616246648325,-152.82616246648325,638.2460237355639,-148.37500117067393,-148.37500117067393
2025-08-04,625.6699829101562,631.1699829101562,17.520000457763672,16.43000030517578,67.64676377967871,-508.9830091553381,-397.28508625207525,436.1675846238183,436.1675846238183,-397.28508625207525,436.1675846238183,436.1675846238183,-415.5413475680986,503.52398133790143,503.52398133790143,-412.0986151927306,504.9628952558239,504.9628952558239
2025-08-05,631.7899780273438,627.969970703125,17.850000381469727,16.809999465942383,66.93653378099577,-71.02299986829337,301.5388643392615,301.5388643392615,-300.2631400326094,301.5388643392615,301.5388643392615,-300.2631400326094,347.71663157954447,347.71663157954447,-329.4807269354449,348.5856164586815,348.5856164586815,-319.9462887780659
2025-08-06,629.0499877929688,632.780029296875,16.770000457763672,15.0,66.03971469416194,-89.68190868338297,-254.25053561986246,175.0587325879657,175.0587325879657,-254.25053561986246,175.0587325879657,175.0587325879657,-343.3177292088287,198.68726242671923,198.68726242671923,-335.0063009012712,198.81325679573416,198.81325679573416
2025-08-07,636.239990234375,632.25,16.56999969482422,14.760000228881836,65.06803427820009,-97.16804159618562,393.0720443194271,-261.5326340864585,-261.5326340864585,393.0720443194271,-261.5326340864585,-261.5326340864585,488.6115197325224,-217.43975141490213,-217.43975141490213,490.89889903131507,-216.98662614049252,-216.98662614049252
2025-08-08,634.0599975585938,637.1799926757812,15.149999618530272,12.859999656677246,63.942967990499426,-112.50662877006619,-217.88078903807693,-217.88078903807693,305.40447288351385,-217.88078903807693,-217.88078903807693,305.40447288351385,-184.38499189770266,-184.38499189770266,365.36303571335844,-184.21575898165534,-184.21575898165534,365.765881376251
2025-08-11,637.4600219726562,635.9199829101562,16.25,15.75,65.5270001075296,158.40321170301763,81.77109480114052,90.64257412693414,90.64257412693414,81.77109480114052,90.64257412693414,90.64257412693414,225.3528026959893,131.47840664785554,131.47840664785554,231.54795657750105,131.96864590386008,131.96864590386008
2025-08-12,638.2899780273438,642.6900024414062,14.729999542236328,13.109999656677246,65.79188213402261,26.48820264930123,-279.2523315332383,154.08142496051926,154.08142496051926,-279.2523315332383,154.08142496051926,154.08142496051926,-411.12112496862943,168.89544630095335,168.89544630095335,-408.3896376806966,168.92471691186185,168.92471691186185
2025-08-13,644.9099731445312,644.8900146484375,14.489999771118164,12.380000114440918,66.58872382789622,79.68416938736027,49.74525071404459,49.74525071404459,29.25380190511857,49.74525071404459,49.74525071404459,29.25380190511857,92.74430573454067,92.74430573454067,71.02504750338969,92.97972052906765,92.97972052906765,71.20223462400847
2025-08-14,642.7899780273438,644.9500122070312,14.829999923706056,12.979999542236328,67.21495929820409,62.62354703078756,-40.123758977981105,-40.123758977981105,151.06237054115414,-40.123758977981105,-40.123758977981105,151.06237054115414,-17.240674638461794,-17.240674638461794,245.68850314753854,-17.14584272592987,-17.14584272592987,246.80607415044287
2025-08-15,645.989990234375,643.4400024414062,15.09000015258789,13.270000457763672,66.6498871891422,-56.50721090618873,256.7465606695063,-154.0979924859432,-154.0979924859432,256.7465606695063,-154.0979924859432,-154.0979924859432,330.629416448482,-118.84016613322947,-118.84016613322947,331.5712518492227,-118.64776459754928,-118.64776459754928
2025-08-18,642.8599853515625,643.2999877929688,14.989999771118164,13.789999961853027,65.911925075949,-73.79621131932055,143.3233275780364,143.3233275780364,-17.575989020547865,143.3233275780364,143.3233275780364,-17.575989020547865,173.10184496182686,173.10184496182686,85.73345923653866,173.31155749174866,173.31155749174866,87.50746245977003
2025-08-19,643.1199951171875,639.8099975585938,15.56999969482422,14.699999809265137,64.87524118252445,-103.66838934245521,479.3220210767504,479.3220210767504,-358.23934953785226,479.3220210767504,479.3220210767504,-358.23934953785226,519.9226445630583,519.9226445630583,-269.36739051521,520.4164805989199,520.4164805989199,-266.8246116200184
2025-08-20,639.4000244140625,638.1099853515625,15.6899995803833,15.09000015258789,63.98820483583063,-88.70363466938187,-52.39660883197825,269.4359467421111,269.4359467421111,-52.39660883197825,269.4359467421111,269.4359467421111,155.30227741053986,295.00748241144817,295.00748241144817,166.08543651526534,295.16974023212623,295.16974023212623
2025-08-21,636.280029296875,635.5499877929688,16.600000381469727,16.3700008392334,64.58718878857556,59.898395274493055,72.4872755248663,93.18544790073292,93.18544790073292,72.4872755248663,93.18544790073292,93.18544790073292,189.10133719723265,153.62639499785064,153.62639499785064,193.94415135617223,154.8440943242646,154.8440943242646
2025-08-22,637.760009765625,645.3099975585938,14.220000267028809,11.850000381469728,65.1110903849202,52.39015963446434,-299.73777446607966,-125.87793290358127,-125.87793290358127,-299.73777446607966,-125.87793290358127,-125.87793290358127,-729.4825968046571,-115.49248652068808,-115.49248652068808,-728.5928153019111,-115.48441675022289,-115.48441675022289
2025-08-25,644.0399780273438,642.469970703125,14.789999961853027,13.010000228881836,63.94285667762422,-116.82337072959825,257.33833014427154,257.33833014427154,-162.72531673565337,257.33833014427154,257.33833014427154,-162.72531673565337,293.70009822708,293.70009822708,-98.34896927048541,293.9290801114034,293.9290801114034,-97.81132360897537
2025-08-26,642.2000122070312,645.1599731445312,14.619999885559082,12.90999984741211,65.25342621200893,131.05695343847117,-80.91560197604261,-80.91560197604261,203.5139243533468,-80.91560197604261,-80.91560197604261,203.5139243533468,-62.80026968944103,-62.80026968944103,314.9157219520326,-62.74219575748365,-62.74219575748365,316.41849879659827
2025-08-27,644.5700073242188,646.6300048828125,14.850000381469728,13.270000457763672,66.57565801043546,132.22317984265288,-131.4738488794494,-131.4738488794494,228.5902281176252,-131.4738488794494,-131.4738488794494,228.5902281176252,-84.9832422511594,-84.9832422511594,285.4467642033854,-84.58338092263384,-84.58338092263384,285.9193291880667
2025-08-28,647.239990234375,648.9199829101562,14.43000030517578,11.68000030517578,67.25478771386712,67.91297034316557,-222.03776333236266,314.6865494570133,314.6865494570133,-222.03776333236266,314.6865494570133,314.6865494570133,-136.3623754314374,327.6670399698245,327.6670399698245,-135.72665084376337,327.67983063867666,327.67983063867666
2025-08-29,647.469970703125,645.0499877929688,15.359999656677246,12.720000267028809,66.24148453783266,-101.33031760344551,173.80292016451386,-56.278070697071065,-56.278070697071065,173.80292016451386,-56.278070697071065,-56.278070697071065,280.51212851515703,-38.51750843940646,-38.51750843940646,282.0594120337607,-38.47737055334968,-38.47737055334968
2025-09-02,637.5,640.27001953125,17.170000076293945,16.170000076293945,66.56996673677406,32.84821989414013,-324.3973683057043,479.0218969835219,479.0218969835219,-324.3973683057043,479.0218969835219,479.0218969835219,-201.18023447129173,523.7306042450472,523.7306042450472,-193.8150195269879,524.3684602088163,524.3684602088163
2025-09-03,642.6699829101562,643.739990234375,16.350000381469727,14.449999809265137,66.68877975356317,11.88130167891046,106.77417827898557,106.77417827898557,35.9489449838623,106.77417827898557,106.77417827898557,35.9489449838623,140.36830854116286,140.36830854116286,153.53758580322798,140.68766023130948,140.68766023130948,156.32431720536582
2025-09-04,644.4199829101562,649.1199951171875,15.300000190734863,13.31999969482422,68.02553836028268,133.67586067195134,-386.64965203033137,-386.64965203033137,485.2978010744722,-386.64965203033137,-386.64965203033137,485.2978010744722,-341.9857531037488,-341.9857531037488,545.5568647182229,-341.60699978622984,-341.60699978622984,546.0946186380183
2025-09-05,651.47998046875,647.239990234375,15.18000030517578,12.65999984741211,66.34424960955543,-168.12887507272478,140.4879059009735,140.4879059009735,-274.75192936551224,140.4879059009735,140.4879059009735,-274.75192936551224,154.52942910604975,154.52942910604975,-415.48294173262553,154.56218414617248,154.56218414617248,-413.298553553671
2025-09-08,648.6199951171875,648.8300170898438,15.109999656677246,13.5,66.89633759514759,55.20879855921521,-149.818351080072,315.2952809180687,315.2952809180687,-149.818351080072,315.2952809180687,315.2952809180687,8.11689769588744,332.6240877413676,332.6240877413676,12.50560419000413,332.6735481150066,332.6735481150066
2025-09-09,648.969970703125,650.3300170898438,15.039999961853027,13.609999656677246,67.70604871510473,80.9711119957143,-251.08545977526566,397.6880045884737,397.6880045884737,-251.08545977526566,397.6880045884737,397.6880045884737,-110.67882161700135,414.74374875211777,414.74374875211777,-105.21256495571266,414.7931913075166,414.7931913075166
2025-09-10,653.6199951171875,652.2100219726562,15.350000381469728,14.289999961853027,69.46497551278631,175.8926797681582,290.1755660259957,290.1755660259957,-160.63773333638045,290.1755660259957,290.1755660259957,-160.63773333638045,335.1631197957173,335.1631197957173,-68.36170507302441,335.73343493126384,335.73343493126384,-66.56167403342198
2025-09-11,654.1799926757812,657.6300048828125,14.710000038146973,12.989999771118164,72.42930747886231,296.4331966076003,-249.8702091481712,-249.8702091481712,347.15041832923714,-249.8702091481712,-249.8702091481712,347.15041832923714,-209.92555287408987,-209.92555287408987,410.7029901538997,-209.632796065975,-209.632796065975,411.26886600279613
2025-09-12,657.5999755859375,657.4099731445312,14.760000228881836,12.850000381469728,72.19892109094764,-23.038638791467747,-56.419728006730914,183.4945822349745,183.4945822349745,-56.419728006730914,183.4945822349745,183.4945822349745,58.970598679969456,202.62289334935213,202.62289334935213,61.00475802925638,202.6760784281814,202.6760784281814
2025-09-15,659.6400146484375,660.9099731445312,15.6899995803833,14.710000038146973,75.89531150850108,369.6390417553445,368.44615404898343,368.44615404898343,368.44615404898343,368.44615404898343,368.44615404898343,368.44615404898343,394.45416724960967,394.45416724960967,394.45416724960967,394.6277246996321,394.6277246996321,394.6277246996321
2025-09-16,661.469970703125,660.0,16.360000610351562,15.789999961853027,76.0550232880217,15.971177952062021,494.8282020153026,494.8282020153026,-287.7923901729887,494.8282020153026,494.8282020153026,-287.7923901729887,536.0723439311956,536.0723439311956,-106.21572078966912,536.7202077340042,536.7202077340042,-96.36311221263122
2025-09-17,660.010009765625,659.1799926757812,15.720000267028809,14.529999732971191,74.31264319933247,-174.2380088689231,372.77219887506476,372.77219887506476,372.77219887506476,372.77219887506476,372.77219887506476,372.77219887506476,397.30008041138774,397.30008041138774,397.30008041138774,397.452420024126,397.452420024126,397.452420024126
2025-09-18,661.8900146484375,662.260009765625,15.699999809265137,13.529999732971191,76.5657463174505,225.3103118118034,225.19260685242787,225.19260685242787,-74.5958598192095,225.19260685242787,225.19260685242787,-74.5958598192095,248.59215835093138,248.59215835093138,61.27004600841859,248.72480533495434,248.72480533495434,64.45209138991305
2025-09-19,662.3300170898438,663.7000122070312,15.449999809265137,12.40999984741211,77.25471190194772,68.89655844972111,66.41037058691921,66.41037058691921,50.78040537157376,66.41037058691921,66.41037058691921,50.78040537157376,84.64257522099777,84.64257522099777,156.45016517462906,84.69878484897,84.69878484897,157.74698907076052
2025-09-22,662.2000122070312,666.8400268554688,16.100000381469727,14.25,80.2444437084751,298.9731806527388,-209.78613616581453,-209.78613616581453,367.3360085716371,-209.78613616581453,-209.78613616581453,367.3360085716371,-178.16631134974995,-178.16631134974995,502.82624498559244,-177.87051589358447,-177.87051589358447,506.7415060151544
2025-09-23,666.719970703125,663.2100219726562,16.639999389648438,14.670000076293944,77.92447528283721,-231.99684256378958,320.73733335065805,-169.9600060409699,-169.9600060409699,320.73733335065805,-169.9600060409699,-169.9600060409699,436.9515064173543,-125.69644408218183,-125.69644408218183,440.77472229585777,-125.16096051850047,-125.16096051850047
2025-09-24,664.510009765625,661.0999755859375,16.18000030517578,13.390000343322754,75.47821010624901,-244.62651765881986,425.46255825805105,425.46255825805105,-317.13116801402157,425.46255825805105,425.46255825805105,-317.13116801402157,476.4991395039411,476.4991395039411,-253.18004158746544,477.074972668033,477.074972668033,-252.45732083091772
2025-09-25,657.9400024414062,658.0499877929688,16.739999771118164,14.170000076293944,73.80957859376478,-166.86315124842253,-108.23192565370388,270.1124672450186,270.1124672450186,-108.23192565370388,270.1124672450186,270.1124672450186,36.83787311096081,297.21705634233484,297.21705634233484,41.626469564230796,297.3806776993804,297.3806776993804
2025-09-26,659.510009765625,661.8200073242188,15.289999961853027,12.270000457763672,74.59976681779372,79.01882240289382,-214.83368298922463,213.6874371887833,213.6874371887833,-214.83368298922463,213.6874371887833,213.6874371887833,-216.20847671081995,223.39688295740982,223.39688295740982,-212.09172629183044,223.40717574375296,223.40717574375296
2025-09-29,664.3599853515625,663.6799926757812,16.1200008392334,13.510000228881836,76.74221101674313,214.24441989494056,162.70614669965792,162.70614669965792,-51.208783661847086,162.70614669965792,162.70614669965792,-51.208783661847086,212.61377401479623,212.61377401479623,17.17001327876966,213.1902109416848,213.1902109416848,18.02508157251308
2025-09-30,662.9299926757812,666.1799926757812,16.280000686645508,13.949999809265137,78.83425710488774,209.20460881446132,-131.00357585537435,-131.00357585537435,267.56017678920006,-131.00357585537435,-131.00357585537435,267.56017678920006,-95.38500361352186,-95.38500361352186,376.5774382238148,-95.03347498241831,-95.03347498241831,378.9504486386438
2025-10-01,663.1699829101562,668.4500122070312,16.290000915527344,13.529999732971191,80.58295991292051,174.87028080327747,-358.5319326419729,-358.5319326419729,482.2960681221107,-358.5319326419729,-358.5319326419729,482.2960681221107,-324.20594209889776,-324.20594209889776,579.0336879285852,-323.9169520720919,-323.9169520720919,580.6873321297326
2025-10-02,670.4500122070312,669.219970703125,16.6299991607666,13.789999961853027,81.47600857089768,89.3048657977161,364.9924321453337,364.9924321453337,-237.33250766877384,364.9924321453337,364.9924321453337,-237.33250766877384,385.91802089218106,385.91802089218106,-117.47459667437124,386.0198527541886,386.0198527541886,-109.78761956827584
2025-10-03,669.989990234375,669.2100219726562,16.649999618530273,13.470000267028809,81.35233378850972,-12.367478238795115,354.0049026194445,354.0049026194445,354.0049026194445,354.0049026194445,354.0049026194445,354.0049026194445,371.97198620892243,371.97198620892243,371.97198620892243,372.0361136800645,372.0361136800645,372.0361136800645
2025-10-06,671.6199951171875,671.6099853515625,16.3700008392334,13.56999969482422,82.66431580223016,131.19820137204385,290.6371848093252,290.6371848093252,-127.78585348040698,290.6371848093252,290.6371848093252,-127.78585348040698,314.3311066578746,314.3311066578746,20.9623319836856,314.4734455556439,314.4734455556439,25.06002110491108
2025-10-07,672.5399780273438,669.1199951171875,17.239999771118164,14.989999771118164,81.39026960335238,-127.40461988777838,413.81823717753184,413.81823717753184,-331.2575664927156,413.81823717753184,413.81823717753184,-331.2575664927156,457.85034708829045,457.85034708829045,-281.5070790770401,458.5581387538291,458.5581387538291,-276.3280918533406
2025-10-08,670.25,673.1099853515625,16.299999237060547,13.170000076293944,83.62337466242347,223.3105059071093,114.67318008849679,114.67318008849679,114.67318008849679,114.67318008849679,114.67318008849679,114.67318008849679,130.81679752007582,130.81679752007582,130.81679752007582,130.86554352276775,130.86554352276775,130.86554352276775
2025-10-09,673.530029296875,671.1599731445312,16.43000030517578,13.920000076293944,81.94496665707521,-167.84080053482597,393.22772872952,393.22772872952,-261.5119769893818,393.22772872952,393.22772872952,-261.5119769893818,437.6199098466443,437.6199098466443,-166.32593725105443,438.18321523349823,438.18321523349823,-164.3817507102238
2025-10-10,672.1300048828125,653.02001953125,21.65999984741211,21.700000762939453,75.9472946293189,-599.767202775631,-390.2883544629763,-390.2883544629763,-294.4788286719444,-390.2883544629763,-390.2883544629763,-294.4788286719444,-959.2189383008678,-959.2189383008678,-1057.6040744676893,-947.5438867202635,-947.5438867202635,-1719.5142518848072
2025-10-13,660.6500244140625,663.0399780273438,19.030000686645508,18.020000457763672,77.92932067014985,198.2026040830945,229.48840016064656,229.48840016064656,42.22127534080433,229.48840016064656,229.48840016064656,42.22127534080433,292.51876669521215,292.51876669521215,281.7432377679235,294.43731153598776,294.43731153598776,305.8591297085083
2025-10-14,657.1699829101562,662.22998046875,20.809999465942383,20.3799991607666,79.7882924093053,185.897173915545,-320.4473056865377,368.8782948216708,368.8782948216708,-320.4473056865377,368.8782948216708,368.8782948216708,-344.7113411735045,476.84990225506243,476.84990225506243,-320.3604357405624,483.58357861036774,483.58357861036774
2025-10-15,666.8200073242188,665.1699829101562,20.63999938964844,19.280000686645508,81.45800054003467,166.97081307293757,149.03114443867335,101.78185871285058,101.78185871285058,149.03114443867335,101.78185871285058,101.78185871285058,327.9181541260506,202.38411006965586,202.38411006965586,346.4373315189591,207.8724423884691,207.8724423884691
2025-10-16,666.8200073242188,660.6400146484375,25.309999465942383,25.8700008392334,85.94275395070666,448.4753410671985,642.7662999650532,-268.45545746218176,-268.45545746218176,642.7662999650532,-268.45545746218176,-268.45545746218176,902.4648096493177,-68.88405101868022,-68.88405101868022,959.6116255053839,-37.60760012645188,-37.60760012645188
2025-10-17,659.5,664.3900146484375,20.780000686645508,19.799999237060547,80.68778141263684,-525.4972538069821,-257.0199523509351,125.94834921247687,125.94834921247687,-257.0199523509351,125.94834921247687,125.94834921247687,-426.70350413925735,211.58985968513792,211.58985968513792,-387.0686344440323,215.620616077135,215.620616077135
2025-10-20,667.3200073242188,671.2999877929688,18.229999542236328,17.350000381469727,82.33177357386484,164.39921612279988,-327.2090941331825,415.2861611418643,415.2861611418643,-327.2090941331825,415.2861611418643,415.2861611418643,-287.8510728038398,484.162664785836,484.162664785836,-274.87153867948035,486.23400998652255,486.23400998652255
2025-10-21,671.4400024414062,671.2899780273438,17.8700008392334,16.8799991607666,81.80305895656058,-52.871461730426006,393.15450499326477,393.15450499326477,-158.89793817454515,393.15450499326477,393.15450499326477,-158.89793817454515,449.277525658668,449.277525658668,40.901908209209004,450.7241367629702,450.7241367629702,55.98198543622457
2025-10-22,672.0,667.7999877929688,18.600000381469727,18.350000381469727,79.54357742439262,-225.94815321679533,335.9542194469849,335.9542194469849,-304.2242269355971,335.9542194469849,335.9542194469849,-304.2242269355971,415.35513488884885,415.35513488884885,-324.8018369191126,418.8516019038826,418.8516019038826,-306.09909219056425
2025-10-23,668.1199951171875,671.760009765625,17.299999237060547,16.6200008392334,93.40902393297768,1383.9446508585052,-299.9226955259353,343.7699350755938,343.7699350755938,-299.9226955259353,343.7699350755938,343.7699350755938,-289.3217823217896,396.97515109606354,396.97515109606354,-275.600563556284,398.0735615856759,398.0735615856759
2025-10-24,676.4600219726562,677.25,16.3700008392334,14.850000381469728,90.14773462447167,-326.1289308506008,-92.7225813186352,248.44921137972253,248.44921137972253,-92.7225813186352,248.44921137972253,248.44921137972253,21.585882117340716,300.09774863900753,300.09774863900753,25.68122266855013,300.8966706967394,300.8966706967394
2025-10-27,682.72998046875,685.239990234375,15.789999961853027,14.640000343322754,89.58398367164563,-56.37509528260409,-20.319093379174035,-20.319093379174035,184.45974951348435,-20.319093379174035,-20.319093379174035,184.45974951348435,24.30352847987931,24.30352847987931,314.5387003809752,25.013498438192872,25.013498438192872,319.0493596745505
2025-10-28,687.0499877929688,687.0599975585938,16.420000076293945,15.630000114440918,93.1845963994671,360.06127278214706,-46.51403362451483,233.5282428417315,233.5282428417315,-46.51403362451483,233.5282428417315,233.5282428417315,98.42807748689494,289.896184272083,289.896184272083,106.29040269108854,291.05469156383293,291.05469156383293
2025-10-29,688.719970703125,687.3900146484375,16.920000076293945,15.609999656677246,95.60650576915884,242.1909369691747,-15.462892835771688,240.8281303708218,240.8281303708218,-15.462892835771688,240.8281303708218,240.8281303708218,186.34909158849717,284.588850538307,284.588850538307,200.72216612615426,285.2636323863803,285.2636323863803
2025-10-30,683.9000244140625,679.8300170898438,16.90999984741211,14.899999618530272,92.86649077986294,-274.00149892959007,523.6255842555879,523.6255842555879,-385.7189403605712,523.6255842555879,523.6255842555879,-385.7189403605712,586.5794887842748,586.5794887842748,-300.8963982857279,588.0472096984603,588.0472096984603,-297.8373522898916
2025-10-31,685.0399780273438,682.0599975585938,17.440000534057617,14.710000038146973,96.06443132510518,319.79405452422327,370.9414585748219,-224.11934344807005,-224.11934344807005,370.9414585748219,-224.11934344807005,-224.11934344807005,452.24735502891264,-149.3609734176098,-149.3609734176098,454.49551566935696,-147.71282779818327,-147.71282779818327
2025-11-03,685.6699829101562,683.3400268554688,17.170000076293945,14.970000267028809,94.75626080330429,-130.81705218008892,269.0782737678825,-113.63263700141532,-113.63263700141532,269.0782737678825,-113.63263700141532,-113.63263700141532,367.72649756383504,-46.67418743920451,-46.67418743920451,371.12359504735105,-45.24708387798173,-45.24708387798173
2025-11-04,676.1099853515625,675.239990234375,19.0,17.75,101.25344365939694,649.718285609265,113.6055869766162,102.87480813844068,102.87480813844068,113.6055869766162,102.87480813844068,102.87480813844068,256.96104247177726,195.8497747558752,195.8497747558752,267.5645605251693,199.9860125553466,199.9860125553466
2025-11-05,674.97998046875,677.5800170898438,18.010000228881836,15.869999885559082,96.83523624654114,-441.8207412855793,-173.04839859149325,-173.04839859149325,341.3323786693185,-173.04839859149325,-173.04839859149325,341.3323786693185,-81.1122770956895,-81.1122770956895,429.2139531797382,-77.65173842140794,-77.65173842140794,431.9645181804645
2025-11-06,676.469970703125,670.3099975585938,19.5,18.1200008392334,102.22898256732282,539.3746320781673,619.832097669677,-391.7267782151079,-391.7267782151079,619.832097669677,-391.7267782151079,-391.7267782151079,777.6772700111447,-298.905091454874,-298.905091454874,790.9446375409343,-294.60911600843383,-294.60911600843383
2025-11-07,667.9099731445312,670.969970703125,19.079999923706055,17.309999465942383,100.13817149563448,-209.08110716883357,-307.06869979057274,438.8957884683367,438.8957884683367,-307.06869979057274,438.8957884683367,438.8957884683367,-216.0543509633586,502.036148508897,502.036148508897,-200.47930789054718,503.75052863940317,503.75052863940317
2025-11-10,677.239990234375,681.4400024414062,17.600000381469727,16.040000915527344,95.29673948041022,-484.14320152242567,-332.9337990839021,383.14676806347484,383.14676806347484,-332.9337990839021,383.14676806347484,383.14676806347484,-323.80705831403367,439.68066433395705,439.68066433395705,-314.80683131050324,440.87722239294897,440.87722239294897
2025-11-11,679.9500122070312,683.0,17.280000686645508,15.18000030517578,94.10528771704037,-119.14517633698551,181.2108627664333,181.2108627664333,181.2108627664333,181.2108627664333,181.2108627664333,181.2108627664333,215.79701825972657,215.79701825972657,215.79701825972657,216.18229835791138,216.18229835791138,216.18229835791138
2025-11-12,684.7899780273438,683.3800048828125,17.510000228881836,15.369999885559082,95.20887003102081,110.35823139804393,237.6492882274613,237.6492882274613,-75.64150151001903,237.6492882274613,237.6492882274613,-75.64150151001903,322.2702803554032,322.2702803554032,12.50472202221358,325.08173367057026,325.08173367057026,15.120200853682489
2025-11-13,680.5,672.0399780273438,20.0,19.170000076293945,104.10005822410196,889.1188193081149,-231.44922219167123,-231.44922219167123,-258.6317969476131,-231.44922219167123,-231.44922219167123,-258.6317969476131,-145.65584735922707,-145.65584735922707,-790.7230803360249,-141.48976486807092,-141.48976486807092,-755.0246285015876
2025-11-14,665.3800048828125,671.9299926757812,19.829999923706055,18.61000061035156,103.0797216197968,-102.03366043051574,-377.9007430919226,409.9289336525494,409.9289336525494,-377.9007430919226,409.9289336525494,409.9289336525494,-437.65714634211787,523.3224168572018,523.3224168572018,-427.6340213456356,529.8579180979306,529.8579180979306
2025-11-17,669.7000122070312,665.6699829101562,22.3799991607666,22.329999923706055,113.90385744806929,1082.4135828272488,176.74103556850403,176.74103556850403,176.74103556850403,176.74103556850403,176.74103556850403,176.74103556850403,304.84468793439896,304.84468793439896,304.84468793439896,315.92154012096825,315.92154012096825,315.92154012096825
2025-11-18,662.0999755859375,660.0800170898438,24.690000534057617,25.18000030517578,124.18465015402359,1028.0792705954298,641.1571556854877,641.1571556854877,-270.29888840713386,641.1571556854877,641.1571556854877,-270.29888840713386,817.7254193403024,817.7254193403024,4.479992748857933,842.5303036157794,842.5303036157794,61.92353762229475
2025-11-19,660.780029296875,662.6300048828125,23.65999984741211,23.100000381469727,119.34344553829192,-484.12046157316695,353.97590134901225,353.97590134901225,1.977770296844008,353.97590134901225,353.97590134901225,1.977770296844008,490.56505754931885,490.56505754931885,291.23113128555747,503.774380706973,503.774380706973,347.3830088611615
2025-11-20,672.9099731445312,652.530029296875,26.420000076293945,26.350000381469727,131.24130971031155,1189.7864172019638,-328.8477681261871,-328.8477681261871,-281.9487787859483,-328.8477681261871,-328.8477681261871,-281.9487787859483,-868.2409602561148,-868.2409602561148,-1007.4399841389493,-831.8123203617662,-831.8123203617662,-1693.3042867921265
2025-11-21,655.0499877929688,659.030029296875,23.43000030517578,21.510000228881836,117.24633041491677,-1399.4979295394785,-263.1144771825884,542.1475696820952,542.1475696820952,-263.1144771825884,542.1475696820952,542.1475696820952,-102.50180598475362,697.9907774646182,697.9907774646182,-84.47786418906651,713.3226242589739,713.3226242589739
2025-11-24,662.6900024414062,668.72998046875,20.520000457763672,18.549999237060547,104.22592165155987,-1302.0408763356897,-308.93987004148687,-308.93987004148687,547.652979647032,-308.93987004148687,-308.93987004148687,547.652979647032,-223.35495912465532,-223.35495912465532,724.8432153782991,-219.20859917971313,-219.20859917971313,739.7528106743839
2025-11-25,668.6300048828125,675.02001953125,18.559999465942383,15.390000343322754,96.00546714256902,-822.0454508990855,-278.0413066977545,-14.399350288996635,-14.399350288996635,-278.0413066977545,-14.399350288996635,-14.399350288996635,-590.477710524179,22.458427928558212,22.458427928558212,-579.2844172035254,22.87826566237834,22.87826566237834
2025-11-26,677.6300048828125,679.6799926757812,17.190000534057617,13.329999923706056,90.57886309950803,-542.660404306099,-284.48296935980204,429.87075822497275,429.87075822497275,-284.48296935980204,429.87075822497275,429.87075822497275,-155.77270581574558,455.3860680370882,455.3860680370882,-152.41491126488003,455.5153593278211,455.5153593278211
2025-11-28,680.8599853515625,683.3900146484375,16.350000381469727,13.609999656677246,87.51334387860658,-306.551922090145,107.88520461858154,107.88520461858154,83.48583726508706,107.88520461858154,107.88520461858154,83.48583726508706,130.08959377726868,130.08959377726868,264.59832219614066,130.21164158841083,130.21164158841083,271.0819242908366
2025-12-01,678.8099975585938,680.27001953125,17.239999771118164,16.549999237060547,90.30876642641158,279.54225478050034,-274.96349802106994,489.35213713330756,489.35213713330756,-274.96349802106994,489.35213713330756,489.35213713330756,-88.01855750406988,541.0253116170045,541.0253116170045,-69.85760138220468,542.082994059848,542.082994059848
2025-12-02,681.9199829101562,681.530029296875,16.59000015258789,15.420000076293944,87.49484307217227,-281.3923354239307,350.4259185023354,350.4259185023354,-152.76167926154542,350.4259185023354,350.4259185023354,-152.76167926154542,395.91015593620295,395.91015593620295,14.126971634292909,396.7338824087094,396.7338824087094,22.71677709990454
2025-12-03,680.5700073242188,683.8900146484375,16.079999923706055,14.460000038146973,85.75891599649765,-173.5927075674624,76.86132977254337,76.86132977254337,140.63965066698748,76.86132977254337,76.86132977254337,140.63965066698748,105.4961429367597,105.4961429367597,345.29554155207506,105.73685040950895,105.73685040950895,355.5417427946757
2025-12-04,685.2999877929688,684.3900146484375,15.779999732971191,14.300000190734863,84.40891765976514,-134.99983367325115,143.77699916981442,-5.705225446458348,-5.705225446458348,143.77699916981442,-5.705225446458348,-5.705225446458348,225.36637587697246,59.3022282971124,59.3022282971124,227.4014896297144,60.44183249864765,60.44183249864765
2025-12-05,685.469970703125,685.6900024414062,15.40999984741211,13.899999618530272,83.04055717333006,-136.83604864350798,17.16934483815773,112.5488778747706,112.5488778747706,17.16934483815773,112.5488778747706,112.5488778747706,97.37350743855932,169.98386999214705,169.98386999214705,99.13577781420145,170.78910228476312,170.78910228476312
2025-12-08,686.5900268554688,683.6300048828125,16.65999984741211,16.290000915527344,87.69670326988916,465.6146096559098,282.45752555428516,-87.72119312711767,-87.72119312711767,282.45752555428516,-87.72119312711767,-87.72119312711767,422.7864716195472,-17.665947637618572,-17.665947637618572,431.1947555214839,-15.667064348190005,-15.667064348190005
2025-12-09,683.1500244140625,683.0399780273438,16.93000030517578,16.299999237060547,88.61969556934366,92.29922994545063,239.88453580451502,239.88453580451502,-45.15980652285088,239.88453580451502,239.88453580451502,-45.15980652285088,308.9303535400283,308.9303535400283,95.50186896352598,311.17445377804364,311.17445377804364,102.9638200813121
2025-12-10,682.5599975585938,687.5700073242188,15.770000457763672,14.68000030517578,84.72886607730337,-389.08294920402966,-256.5068388883669,-256.5068388883669,424.668821962738,-256.5068388883669,-256.5068388883669,424.668821962738,-213.22221506780272,-213.22221506780272,560.4936027321082,-212.5507496633599,-212.5507496633599,565.4319893867284
2025-12-11,685.1400146484375,689.1699829101562,14.850000381469728,12.460000038146973,81.07477475227569,-365.4091325027679,-358.5229047735053,454.8603714640217,454.8603714640217,-358.5229047735053,454.8603714640217,454.8603714640217,-302.5731124038782,501.4800245815789,501.4800245815789,-302.0220932386245,501.8026983584274,501.8026983584274
2025-12-12,688.1699829101562,681.760009765625,15.739999771118164,13.479999542236328,82.28115192404266,120.63771717669738,531.9485047083846,-365.0270244371541,-365.0270244371541,531.9485047083846,-365.0270244371541,-365.0270244371541,684.321760593451,-339.85922926142007,-339.85922926142007,689.4632930589088,-339.7216381276696,-339.7216381276696
2025-12-15,685.739990234375,680.72998046875,16.5,14.199999809265137,85.05847641997553,277.73244959328736,526.8865170837141,-388.5791271965394,-388.5791271965394,526.8865170837141,-388.5791271965394,-388.5791271965394,617.103588426965,-331.9058121264915,-331.9058121264915,619.4804222378589,-331.04933986255014,-331.04933986255014
2025-12-16,679.22998046875,678.8699951171875,16.479999542236328,13.880000114440918,84.25743278345092,-80.10436365246107,-132.91321215740066,338.1972928462925,338.1972928462925,-132.91321215740066,338.1972928462925,338.1972928462925,63.608980779140516,361.30406843228326,361.30406843228326,72.5214995634575,361.42479079737114,361.42479079737114
2025-12-17,679.8900146484375,671.4000244140625,17.6200008392334,15.75,87.44532628516706,318.78935017161325,-365.5551103412048,-365.5551103412048,-365.5551103412048,-365.5551103412048,-365.5551103412048,-365.5551103412048,-324.96993135596426,-324.96993135596426,-324.96993135596426,-324.3812843674207,-324.3812843674207,-324.3812843674207
2025-12-18,677.5999755859375,676.469970703125,16.8700008392334,13.920000076293944,85.09987993232684,-234.5446352840213,33.887561161936986,122.97078384124,122.97078384124,33.887561161936986,122.97078384124,122.97078384124,169.87750238346865,153.8387102489224,153.8387102489224,174.30928728360155,154.06409114691158,154.06409114691158
2025-12-19,676.5900268554688,680.5900268554688,14.90999984741211,10.489999771118164,77.19060264938051,-790.9277282946334,-367.3474915932155,375.79716856045394,375.79716856045394,-367.3474915932155,375.79716856045394,375.79716856045394,-366.4066788620571,388.8814149208663,388.8814149208663,-366.19816583717324,388.8895789488936,388.8895789488936
2025-12-22,683.9400024414062,684.8300170898438,14.079999923706056,10.5,74.59889132500192,-259.17113243785934,-10.156809432863964,-10.156809432863964,70.4388707361085,-10.156809432863964,-10.156809432863964,70.4388707361085,10.182920987039504,10.182920987039504,115.87279140249169,10.21132258570814,10.21132258570814,115.9772651486242
2025-12-23,683.9199829101562,687.9600219726562,14.0,10.0600004196167,75.35245612692935,75.3564801927439,-331.048251218486,-331.048251218486,383.5073819832078,-331.048251218486,-331.048251218486,383.5073819832078,-314.0138763220137,-314.0138763220137,424.36647446981664,-313.9994381637413,-313.9994381637413,424.42765611044496
2025-12-24,687.9500122070312,690.3800048828125,13.470000267028809,9.170000076293944,73.96835843583605,-138.40976910933023,-271.02446104233854,310.7613362423651,310.7613362423651,-271.02446104233854,310.7613362423651,310.7613362423651,-228.94293214824535,313.9407974138634,313.9407974138634,-228.77769738941646,313.94096188552146,313.94096188552146
2025-12-26,690.6400146484375,690.3099975585938,13.600000381469728,9.649999618530272,74.25073839337938,28.2379957543327,303.7407357041145,303.7407357041145,-175.028400270835,303.7407357041145,303.7407357041145,-175.028400270835,306.5247218910327,306.5247218910327,-43.091664662224204,306.52500760007433,306.52500760007433,-42.44226142515546
2025-12-29,687.5399780273438,687.8499755859375,14.199999809265137,11.369999885559082,75.43369307875011,118.29546853707313,-99.12164526932702,206.34796904200837,206.34796904200837,-99.12164526932702,206.34796904200837,206.34796904200837,1.0484615959114563,219.82097112431072,219.82097112431072,2.0897232322665515,219.8381878557984,219.8381878557984
2025-12-30,687.4500122070312,687.010009765625,14.329999923706056,11.460000038146973,75.5399256723226,10.623259357248571,-20.64674370730224,127.41587864745964,127.41587864745964,-20.64674370730224,127.41587864745964,127.41587864745964,78.06094013590757,141.91044833463096,141.91044833463096,79.11485896392854,141.93138016077097,141.93138016077097
2025-12-31,687.1400146484375,681.9199829101562,14.949999809265137,12.0,76.28262833086916,74.27026585465626,469.3548925531534,-358.77993195353287,-358.77993195353287,469.3548925531534,-358.77993195353287,-358.77993195353287,566.561246834122,-338.70736129389144,-338.70736129389144,567.8551386166915,-338.6550819431648,-338.6550819431648
2026-01-02,685.7100219726562,683.1699829101562,14.510000228881836,11.720000267028809,74.51451050887167,-176.81178219974925,265.60666451316854,-181.87456921224117,-181.87456921224117,265.60666451316854,-181.87456921224117,-181.87456921224117,323.86430826649735,-150.50719369442336,-150.50719369442336,324.2914030478009,-150.39993670529955,-150.39993670529955
2026-01-05,686.5399780273438,687.719970703125,14.899999618530272,12.4399995803833,77.51245956110549,299.7949052233821,-142.68218329679627,251.37810662071345,251.37810662071345,-142.68218329679627,251.37810662071345,251.37810662071345,-55.932561657641266,280.0496763202068,280.0496763202068,-54.69230143497976,280.17714379818426,280.17714379818426
2026-01-06,687.9299926757812,691.8099975585938,14.75,12.130000114440918,78.38295037306045,87.04908119549657,-297.1555793814755,248.96628311245124,248.96628311245124,-297.1555793814755,248.96628311245124,248.96628311245124,-353.9523348907899,265.17332741281206,265.17332741281206,-351.7447014375117,265.2088746258935,265.2088746258935
2026-01-07,692.1900024414062,689.5800170898438,15.380000114440918,12.539999961853027,80.03493080471429,165.19804316538398,406.71524396870154,406.71524396870154,-314.3548729933578,406.71524396870154,406.71524396870154,-314.3548729933578,428.9294148843564,428.9294148843564,-236.5779153182407,429.0355377093014,429.0355377093014,-234.40995870838944
2026-01-08,688.8200073242188,689.510009765625,15.449999809265137,12.829999923706056,80.17303101714552,13.810021243122605,-208.81866264232391,383.55876708269705,383.55876708269705,-208.81866264232391,383.55876708269705,383.55876708269705,-41.072355430349305,401.0659120176313,401.0659120176313,-35.95727019861086,401.11852148266905,401.11852148266905
2026-01-09,690.6300048828125,694.0700073242188,14.489999771118164,10.859999656677246,77.87528106568084,-229.7749951464681,-34.63325443615653,-34.63325443615653,185.87712071259685,-34.63325443615653,-34.63325443615653,185.87712071259685,-28.2188381593367,-28.2188381593367,337.8324912275292,-28.21530763346056,-28.21530763346056,339.5965636988215
2026-01-12,690.6799926757812,695.1599731445312,15.119999885559082,11.9399995803833,80.56645835268372,269.1177287002887,-111.18837345721212,-111.18837345721212,280.6891372367077,-111.18837345721212,-111.18837345721212,280.6891372367077,-99.57810011169556,-99.57810011169556,447.35141770860696,-99.55833008082095,-99.55833008082095,450.74748529582996
2026-01-13,695.489990234375,693.77001953125,15.979999542236328,12.510000228881836,83.43716315822303,287.07048055393045,200.5288454156205,-97.64076660722819,-97.64076660722819,200.5288454156205,-97.64076660722819,-97.64076660722819,266.1180194933218,-53.85716450804197,-53.85716450804197,266.92794566023025,-53.54029940429508,-53.54029940429508
2026-01-14,691.0,690.3599853515625,16.75,13.18000030517578,85.23854885924791,180.13857010248842,406.3813439607578,406.3813439607578,-224.3787625749235,406.3813439607578,406.3813439607578,-224.3787625749235,427.2255071730735,427.2255071730735,-52.29265445962918,427.3281244363142,427.3281244363142,-46.813671253628385
2026-01-15,694.5700073242188,692.239990234375,15.84000015258789,12.31999969482422,81.94477778128237,-329.37710779655447,308.0676964968907,308.0676964968907,-210.86125065262627,308.0676964968907,308.0676964968907,-210.86125065262627,354.7077010345301,354.7077010345301,-154.06013851651218,355.1077856061943,355.1077856061943,-153.5838867429507
2026-01-16,693.6599731445312,691.6599731445312,15.859999656677246,12.09000015258789,81.65733002615977,-28.744775512259935,322.90198362827823,322.90198362827823,-224.40129169192346,322.90198362827823,322.90198362827823,-224.40129169192346,354.81855963748694,354.81855963748694,-151.58878405411136,354.99830647321755,354.99830647321755,-150.8985544131262
2026-01-20,681.489990234375,677.5800170898438,20.09000015258789,19.93000030517578,94.99780474169151,1334.047471553174,340.6281673571708,340.6281673571708,-284.63789261309887,340.6281673571708,340.6281673571708,-284.63789261309887,442.48921028957307,442.48921028957307,-287.94954682549985,448.9962246249188,448.9962246249188,-255.76154122212247
2026-01-21,679.6500244140625,685.4000244140625,16.899999618530273,15.880000114440918,83.09171939791386,-1190.6085343777647,-241.86659186946395,-42.37798638061998,-42.37798638061998,-241.86659186946395,-42.37798638061998,-42.37798638061998,-542.5173694090068,-0.3341077295845296,-0.3341077295845296,-522.5439181929058,0.30393691983670257,0.30393691983670257
2026-01-22,689.8499755859375,688.97998046875,15.640000343322754,14.380000114440918,78.84588742606178,-424.5831971852084,364.9711446361262,364.9711446361262,364.9711446361262,364.9711446361262,364.9711446361262,364.9711446361262,393.7888968941123,393.7888968941123,393.7888968941123,394.02245896930367,394.02245896930367,394.02245896930367
2026-01-23,688.1500244140625,689.22998046875,16.09000015258789,15.0,80.69600377761552,185.0116351553737,-220.45789765776692,417.87240946625485,417.87240946625485,-220.45789765776692,417.87240946625485,417.87240946625485,-47.6989157216851,457.8152792858872,457.8152792858872,-38.18775535670851,458.32011363839115,458.32011363839115
2026-01-26,690.489990234375,692.72998046875,16.149999618530273,15.050000190734863,81.86649014663317,117.04863690176524,211.8557810228129,211.8557810228129,23.415481451951315,211.8557810228129,211.8557810228129,23.415481451951315,248.22437353424957,248.22437353424957,241.89903376682267,248.67849660238414,248.67849660238414,255.7897911752681
2026-01-27,694.1799926757812,695.489990234375,16.350000381469727,14.850000381469728,83.66859333340898,180.21031867758097,2.9298689717412585,2.9298689717412585,153.9098195828856,2.9298689717412585,2.9298689717412585,153.9098195828856,72.50114662752657,72.50114662752657,251.28879178127173,74.3346950721257,74.3346950721257,254.2253763363449
2026-01-28,697.0499877929688,695.4199829101562,16.350000381469727,14.539999961853027,83.49224821978365,-17.63451136253309,115.31142167037628,52.417560230351846,52.417560230351846,115.31142167037628,52.417560230351846,52.417560230351846,248.35329564307355,98.63404392175443,98.63404392175443,253.90200447449254,99.29202872956776,99.29202872956776
2026-01-29,696.3900146484375,694.0399780273438,16.8799991607666,15.220000267028809,84.96631193115778,147.40637113741286,229.7203355547695,-56.602952505322456,-56.602952505322456,229.7203355547695,-56.602952505322456,-56.602952505322456,353.10794558237,5.444964882598205,5.444964882598205,358.7556370708388,6.806788387985632,6.806788387985632
2026-01-30,691.7899780273438,691.969970703125,17.440000534057617,15.6899995803833,86.3472642832138,138.09523520560276,314.93897166265367,314.93897166265367,-103.80449416535564,314.93897166265367,314.93897166265367,-103.80449416535564,365.07500695085236,365.07500695085236,74.24181139282896,366.1458224353959,366.1458224353959,84.96624630457318
2026-02-02,689.5800170898438,695.4099731445312,16.34000015258789,14.449999809265137,82.70722043577533,-364.0043847438477,-236.94427295929484,-71.84419765669114,-71.84419765669114,-236.94427295929484,-71.84419765669114,-71.84419765669114,-556.2481128443222,-42.28735436990301,-42.28735436990301,-542.6877432040873,-42.04190672282986,-42.04190672282986
2026-02-03,696.2100219726562,689.530029296875,18.0,17.06999969482422,87.18082724630568,447.3606810530356,592.5293438112509,-425.96492638399934,-425.96492638399934,592.5293438112509,-425.96492638399934,-425.96492638399934,736.2840511428335,-383.9221980751086,-383.9221980751086,746.661783590599,-380.19957397589496,-380.19957397589496
2026-02-04,690.3499755859375,686.1900024414062,18.63999938964844,18.670000076293945,88.60831494503657,142.74876987308858,179.11552815620942,179.11552815620942,-254.3334899194809,179.11552815620942,179.11552815620942,-254.3334899194809,261.2682497432656,261.2682497432656,-368.44509989494907,264.9876093874941,264.9876093874941,-332.89898129044195
2026-02-05,680.9400024414062,677.6199951171875,21.770000457763672,22.290000915527344,99.531692110682,1092.3377165645434,377.65831910066754,377.65831910066754,-264.97242465124526,377.65831910066754,377.65831910066754,-264.97242465124526,512.8354622626565,512.8354622626565,-220.23420930305628,525.7405705903603,525.7405705903603,-166.81112839662353
2026-02-06,681.4600219726562,690.6199951171875,20.3700008392334,15.43000030517578,97.04590646601179,-248.57856446702158,-502.9600476961765,-502.9600476961765,650.2580098113277,-502.9600476961765,-502.9600476961765,650.2580098113277,-522.646819598896,-522.646819598896,833.4635728739005,-521.9552791000243,-521.9552791000243,843.7163731661351
2026-02-09,689.4199829101562,693.9500122070312,17.360000610351562,14.75,85.19809230629218,-1184.7814159719605,-245.31066520607283,82.08154183556181,82.08154183556181,-245.31066520607283,82.08154183556181,82.08154183556181,-421.57284994666486,114.74132342533181,114.74132342533181,-407.47811812580574,115.060070407391,115.060070407391
2026-02-10,694.9500122070312,692.1199951171875,17.790000915527344,14.9399995803833,86.10593936046678,90.78470541745958,366.7281130256268,366.7281130256268,-209.62453582739474,366.7281130256268,366.7281130256268,-209.62453582739474,451.90893791032755,451.90893791032755,-127.45823288194674,454.62386828667445,454.62386828667445,-125.2670329302867
2026-02-11,696.3900146484375,691.9600219726562,17.649999618530273,14.18000030517578,85.3102701077928,-79.56692526739744,432.4180793083579,-283.1242767623284,-283.1242767623284,432.4180793083579,-283.1242767623284,-283.1242767623284,541.5633717806481,-233.4026976161946,-233.4026976161946,545.0932279347431,-232.7018917733285,-232.7018917733285
2026-02-12,694.239990234375,681.27001953125,20.81999969482422,19.799999237060547,95.05728969757774,974.7019589784941,-253.06354635635026,-253.06354635635026,-350.0374458990784,-253.06354635635026,-253.06354635635026,-350.0374458990784,-114.68004216640361,-114.68004216640361,-1057.5581506808403,-101.70830723588634,-101.70830723588634,-1040.94646587035
2026-02-13,681.6900024414062,681.75,20.600000381469727,18.770000457763672,94.06524068272023,-99.2049014857514,389.79815705088504,389.79815705088504,-118.22207543040568,389.79815705088504,389.79815705088504,-118.22207543040568,476.2211738722256,476.2211738722256,99.90001387390953,480.5520266140254,480.5520266140254,123.95587333855394
2026-02-17,680.1400146484375,682.8499755859375,20.290000915527344,20.309999465942383,92.323734344743,-174.15063379772278,298.3856037175652,298.3856037175652,298.3856037175652,298.3856037175652,298.3856037175652,298.3856037175652,400.36175805864434,400.36175805864434,400.36175805864434,406.71955958495033,406.71955958495033,406.71955958495033
2026-02-18,684.02001953125,686.2899780273438,19.6200008392334,19.079999923706055,90.351444107855,-197.2290236888,-25.78289275689942,-25.78289275689942,274.8074814961061,-25.78289275689942,-25.78289275689942,274.8074814961061,94.29581182192138,94.29581182192138,431.17083827657063,103.38357679707161,103.38357679707161,444.6942834577111
2026-02-19,683.8400268554688,684.47998046875,20.229999542236328,19.8700008392334,92.1719006350744,182.04565272193918,162.26107683156917,162.26107683156917,104.87920205176592,162.26107683156917,162.26107683156917,104.87920205176592,290.6205723883481,290.6205723883481,276.56581283227035,301.60904050863485,301.60904050863485,294.01051334231556
2026-02-20,682.3200073242188,689.4299926757812,19.09000015258789,18.020000457763672,88.81626565266546,-335.56349824089295,-384.0055591839314,-384.0055591839314,628.7259518109222,-384.0055591839314,-384.0055591839314,628.7259518109222,-302.318693773643,-302.318693773643,817.1856261059282,-298.5910714650991,-298.5910714650991,833.9264384125364
2026-02-23,687.8300170898438,682.3900146484375,21.010000228881836,21.11000061035156,94.09190900410096,527.5643351435491,464.54159190702023,-151.6376496730704,-151.6376496730704,464.54159190702023,-151.6376496730704,-151.6376496730704,702.4943143820191,-24.962765195748226,-24.962765195748226,741.3701999022506,-14.588372060916319,-14.588372060916319
2026-02-24,681.9000244140625,687.3499755859375,19.549999237060547,18.600000381469727,89.31596071728268,-477.5948286818277,-171.05174744889703,-171.05174744889703,435.2046253690662,-171.05174744889703,-171.05174744889703,435.2046253690662,-85.30505512188437,-85.30505512188437,644.3891097764395,-81.05989681960361,-81.05989681960361,666.2209443632612
2026-02-25,690.1799926757812,693.1500244140625,17.93000030517578,16.280000686645508,84.58151864581339,-473.4442071469289,196.78942431506704,196.78942431506704,71.34920283747891,196.78942431506704,196.78942431506704,71.34920283747891,246.47766882013593,246.47766882013593,317.7610158107576,247.49545957288876,247.49545957288876,339.71435669839593
2026-02-26,693.280029296875,689.2999877929688,18.6299991607666,16.649999618530273,85.85068159734647,126.9162951533076,486.6125804970522,486.6125804970522,-350.17551956434636,486.6125804970522,486.6125804970522,-350.17551956434636,565.0646744385004,565.0646744385004,-275.0647573480496,568.1893237085922,568.1893237085922,-266.29118023336787
2026-02-27,683.0900268554688,685.989990234375,19.86000061035156,18.59000015258789,89.61947766535548,376.879606800901,-19.1839077686897,-19.1839077686897,265.23524166085184,-19.1839077686897,-19.1839077686897,265.23524166085184,79.63688682703676,79.63688682703676,438.71137741141746,85.50017026180362,85.50017026180362,454.2002646365279
2026-03-02,678.7000122070312,686.3800048828125,21.440000534057617,21.18000030517578,95.63374070928032,601.4263043924842,-276.700212892045,-37.80896031152603,-37.80896031152603,-276.700212892045,-37.80896031152603,-37.80896031152603,-652.6421616000852,79.77682038752938,79.77682038752938,-607.2576363984122,88.5568482847022,88.5568482847022
2026-03-03,675.0599975585938,680.3300170898438,23.56999969482422,24.549999237060547,102.58153036851735,694.7789659237031,-324.98108436190205,642.7125738934119,642.7125738934119,-324.98108436190205,642.7125738934119,642.7125738934119,-146.09542285524597,851.7637759725616,851.7637759725616,-109.0640246034452,885.1993626984647,885.1993626984647
2026-03-04,681.6300048828125,685.1300048828125,21.149999618530273,20.600000381469727,93.69069447807854,-889.0835890438808,81.2410902311928,81.2410902311928,226.9038903608617,81.2410902311928,81.2410902311928,226.9038903608617,194.20261427096335,194.20261427096335,469.12976915948826,202.6074231156155,202.6074231156155,504.35665926698505
2026-03-05,682.0800170898438,681.3099975585938,23.75,23.549999237060547,103.13314305044531,944.2448572366771,507.2704935738098,507.2704935738098,-151.71781426169454,507.2704935738098,507.2704935738098,-151.71781426169454,669.7053545559672,669.7053545559672,112.78822485180838,690.0207667954616,690.0207667954616,163.91599335065266
2026-03-06,673.4099731445312,672.3800048828125,29.489999771118164,30.440000534057617,124.71735679351127,2158.4213743065957,472.8743575293503,472.8743575293503,-24.426014549426988,472.8743575293503,472.8743575293503,-24.426014549426988,744.623839654469,744.623839654469,290.982037764931,812.7030989599655,812.7030989599655,380.20949558439514
2026-03-09,666.3900146484375,678.27001953125,25.5,27.850000381469727,108.70903272149752,-1600.832407201375,-286.2718357587984,-137.09079470166367,-137.09079470166367,-286.2718357587984,-137.09079470166367,-137.09079470166367,-838.7185790521127,96.58979956899144,96.58979956899144,-771.3359834522653,142.14596493323128,142.14596493323128
2026-03-10,677.719970703125,677.1799926757812,24.93000030517578,25.540000915527344,105.89630151401661,-281.27312074809083,2.930460291416972,380.18152650130577,380.18152650130577,2.930460291416972,380.18152650130577,380.18152650130577,284.361581144077,572.7001764340401,572.7001764340401,351.0118463852522,601.7672028588045,601.7672028588045
2026-03-11,677.5800170898438,676.3300170898438,24.229999542236328,24.440000534057617,102.61844895140706,-327.7852562609553,79.917105956655,283.4624677241645,283.4624677241645,79.917105956655,283.4624677241645,283.4624677241645,345.4844959974817,459.6732879546875,459.6732879546875,402.57407313552756,483.05694941734276,483.05694941734276
2026-03-12,671.1599731445312,666.0599975585938,27.290000915527344,28.979999542236328,113.02412030622082,1040.5671354813762,295.44542640460594,295.44542640460594,-245.19668882849467,295.44542640460594,295.44542640460594,-245.19668882849467,530.6699484604849,530.6699484604849,-296.4899137205649,578.9747639584382,578.9747639584382,-195.03034334029385
2026-03-13,669.27001953125,662.2899780273438,27.190000534057617,28.0,111.82737220187914,-119.67481043416797,524.0325713918118,-92.02440117903629,-92.02440117903629,524.0325713918118,-92.02440117903629,-92.02440117903629,864.697027498047,126.03863171010337,126.03863171010337,966.8645050018575,165.8495941015481,165.8495941015481
2026-03-16,668.3800048828125,669.030029296875,23.510000228881836,24.329999923706055,97.16367078324038,-1466.3701418638766,-177.84475064012108,543.3615319254084,543.3615319254084,-177.84475064012108,543.3615319254084,543.3615319254084,103.84103206923265,706.8102962154538,706.8102962154538,166.0390096909646,726.5052482214136,726.5052482214136
2026-03-17,672.3900146484375,670.7899780273438,22.3700008392334,22.36000061035156,92.64358818549783,-452.0082597742544,541.9170034988123,541.9170034988123,-217.71432131091652,541.9170034988123,541.9170034988123,-217.71432131091652,683.5108893612045,683.5108893612045,20.007815943097086,698.1299887842782,698.1299887842782,58.126125002648955
2026-03-18,668.3599853515625,661.4299926757812,25.09000015258789,26.030000686645508,102.00384436015861,936.0256174660776,588.648444060637,-196.6029780938289,-196.6029780938289,588.648444060637,-196.6029780938289,-196.6029780938289,887.2397864161302,-6.27620772824857,-6.27620772824857,961.9934299406743,22.217133253688438,22.217133253688438
2026-03-19,656.969970703125,659.7999877929688,24.059999465942383,24.09000015258789,97.43374785734864,-457.00965028099745,-284.0948052966372,622.5993734072897,622.5993734072897,-284.0948052966372,622.5993734072897,622.5993734072897,-46.52444293519908,787.8646221430504,787.8646221430504,-2.4540839606180342,807.5639728788475,807.5639728788475
2026-03-20,656.510009765625,648.5700073242188,26.780000686645508,26.950000762939453,107.2273010732398,979.3553215891166,563.6524065994212,-323.2192714907303,-323.2192714907303,563.6524065994212,-323.2192714907303,-323.2192714907303,824.7335458562227,-253.13602048086318,-253.13602048086318,883.7633311759116,-216.65999404277036,-216.65999404277036
2026-03-23,658.0700073242188,655.3800048828125,26.149999618530273,27.760000228881836,104.45979310869558,-276.75079645442224,194.94851546792125,213.5836411201236,213.5836411201236,194.94851546792125,213.5836411201236,213.5836411201236,499.81274450918335,425.9299166293647,425.9299166293647,581.2345302370953,462.8674255938003,462.8674255938003
2026-03-24,651.3200073242188,653.1799926757812,26.950000762939453,28.209999084472656,107.22183800793817,276.20448992425963,355.93946337130365,355.93946337130365,63.96611940270167,355.93946337130365,355.93946337130365,63.96611940270167,567.2267112219369,567.2267112219369,386.5214046307283,604.8821731747004,604.8821731747004,472.5966143437087
2026-03-25,658.6699829101562,656.8200073242188,25.329999923706055,25.260000228881836,100.85671962170653,-636.5118386231643,50.490371575341065,327.95894673347124,327.95894673347124,50.490371575341065,327.95894673347124,327.95894673347124,345.78647232281406,498.7901143538168,498.7901143538168,415.48792263849595,520.8082436153011,520.8082436153011
2026-03-26,652.0599975585938,645.0900268554688,27.440000534057617,27.049999237060547,108.25597926458408,739.9259642877553,173.99022383555794,173.99022383555794,-270.1644372996928,173.99022383555794,173.99022383555794,-270.1644372996928,372.4444257586217,372.4444257586217,-468.6250196815657,405.1374440815191,405.1374440815191,-399.91009250865005
2026-03-27,642.5,634.0900268554688,31.049999237060547,30.63999938964844,121.93178136307455,1367.5802098490465,105.52477626501647,105.52477626501647,-259.6473943390937,105.52477626501647,105.52477626501647,-259.6473943390937,352.7457106254459,352.7457106254459,-532.5840147127532,407.42948158751665,407.42948158751665,-444.1459762957877
2026-03-30,640.1099853515625,631.969970703125,30.61000061035156,30.56999969482422,119.50018684205878,-243.1594521015768,-112.74734005170367,-112.74734005170367,-112.74734005170367,-112.74734005170367,-112.74734005170367,-112.74734005170367,123.36630010737152,123.36630010737152,123.36630010737152,171.71476214827555,171.71476214827555,171.71476214827555
2026-03-31,638.9400024414062,650.3400268554688,25.25,24.18000030517578,98.70940383071922,-2079.0783011339554,-267.7731965157263,-377.84570596175837,-377.84570596175837,-267.7731965157263,-377.84570596175837,-377.84570596175837,-982.3258000757259,-270.26914181645185,-270.26914181645185,-956.8952942354601,-256.30328314073574,-256.30328314073574
2026-04-01,653.9000244140625,655.239990234375,24.540000915527344,23.61000061035156,96.00478716864666,-270.4616662072567,119.65325110306998,119.65325110306998,202.52713159416123,119.65325110306998,119.65325110306998,202.52713159416123,288.60228356850183,288.60228356850183,410.6979108848349,310.6128076161542,310.6128076161542,441.37950619158056
2026-04-02,646.4199829101562,655.8300170898438,23.8700008392334,21.709999084472656,93.21166144645287,-279.31257221937926,-332.7425928120171,32.62009385043461,32.62009385043461,-332.7425928120171,32.62009385043461,32.62009385043461,-725.207459001895,164.2650607115943,164.2650607115943,-700.5608560104918,175.083944714539,175.083944714539
2026-04-06,655.8599853515625,658.9299926757812,24.170000076293945,23.899999618530273,93.73298268824107,52.13212417882005,-217.7899393084804,545.2717497547955,545.2717497547955,-217.7899393084804,545.2717497547955,545.2717497547955,-8.457713824713073,721.7604055302173,721.7604055302173,25.884191161330406,744.1783019437465,744.1783019437465
2026-04-07,656.6500244140625,659.219970703125,25.780000686645508,27.270000457763672,99.73623562432897,600.3252936087904,-211.4302514675405,600.796324484504,600.796324484504,-211.4302514675405,600.796324484504,600.796324484504,56.36584956118875,817.1128217377596,817.1128217377596,118.96551255116206,855.0405149201662,855.0405149201662
2026-04-08,676.3900146484375,676.010009765625,21.040000915527344,19.15999984741211,83.83928318192187,-1589.6952442407098,54.57313426436501,195.07630109427402,195.07630109427402,54.57313426436501,195.07630109427402,195.07630109427402,223.8631516713397,303.7145427603557,303.7145427603557,240.92344879697905,310.2381396704968,310.2381396704968
2026-04-09,674.8400268554688,679.9099731445312,19.489999771118164,16.809999465942383,78.65628151276093,-518.3001669160944,-399.8039893362617,-399.8039893362617,589.5322959947058,-399.8039893362617,-399.8039893362617,589.5322959947058,-298.6142088548515,-298.6142088548515,692.6282594477274,-293.7371184275586,-293.7371184275586,697.0359965966587
2026-04-10,681.3200073242188,679.4600219726562,19.229999542236328,16.360000610351562,77.36394415351134,-129.23373592495864,461.3373827722707,461.3373827722707,-283.5799594338099,461.3373827722707,461.3373827722707,-283.5799594338099,513.4135450939393,513.4135450939393,-137.04123272185527,514.6040640804862,514.6040640804862,-122.54338226885936
2026-04-13,677.4099731445312,686.0999755859375,19.1200008392334,17.329999923706055,78.21802086432157,85.4076710810233,-323.3715026675617,-61.93720934823583,-61.93720934823583,-323.3715026675617,-61.93720934823583,-61.93720934823583,-758.0966969890366,9.113591110813848,9.113591110813848,-743.7845703258201,11.385282937274413,11.385282937274413
2026-04-14,687.6900024414062,694.4600219726562,18.36000061035156,16.700000762939453,78.12586914675884,-9.215171756272866,-314.6756887629297,90.76164339919791,90.76164339919791,-314.6756887629297,90.76164339919791,90.76164339919791,-581.2452086340874,154.27702060718536,154.27702060718536,-567.1951867882749,155.99615355644278,155.99615355644278
2026-04-15,695.260009765625,699.9400024414062,18.170000076293945,16.010000228881836,79.46611992182571,134.02507750668633,-393.3800207572365,576.2913608483473,576.2913608483473,-393.3800207572365,576.2913608483473,576.2913608483473,-287.3460301314952,666.7464806830419,666.7464806830419,-282.32407972574055,670.0130485970516,670.0130485970516
2026-04-16,701.0599975585938,701.6599731445312,17.940000534057617,15.460000038146973,79.23082706300849,-23.529285881721762,337.39656925956353,337.39656925956353,-107.54830739543362,337.39656925956353,337.39656925956353,-107.54830739543362,382.8697448056286,382.8697448056286,96.72340629021255,383.70239047642747,383.70239047642747,110.58194437726064
2026-04-17,706.1400146484375,710.1400146484375,17.479999542236328,14.8100004196167,81.55039541885083,231.95683558423354,-376.86485499352426,528.6163707387819,528.6163707387819,-376.86485499352426,528.6163707387819,528.6163707387819,-276.81084151828634,591.6778435298282,591.6778435298282,-272.12224606635647,593.0307223819392,593.0307223819392
2026-04-20,708.780029296875,708.719970703125,18.8700008392334,17.790000915527344,84.81873609269712,326.83406738462963,-149.60596056688937,428.2241582363315,428.2241582363315,-149.60596056688937,428.2241582363315,428.2241582363315,87.09440423687676,506.615853719896,506.615853719896,116.18164809227237,509.7643268321365,509.7643268321365
2026-04-21,710.280029296875,704.0800170898438,19.5,18.68000030517578,84.62184870310412,-19.688738959300167,-22.07923960223932,-22.07923960223932,-252.78876376365213,-22.07923960223932,-22.07923960223932,-252.78876376365213,68.06567751449471,68.06567751449471,-569.5441709879686,72.7514927935064,72.7514927935064,-529.5129825766768
2026-04-22,709.1500244140625,711.2100219726562,18.920000076293945,17.290000915527344,85.79564093553321,117.37922324290935,-265.8396527953879,423.5056548807005,423.5056548807005,-265.8396527953879,423.5056548807005,423.5056548807005,-142.46563985722514,493.4023946022005,493.4023946022005,-113.59980629579081,495.77334463374405,495.77334463374405
2026-04-23,709.5,708.4500122070312,19.309999465942383,18.040000915527344,85.54893457740866,-24.670635812455544,-101.18952562862634,403.04933396171765,403.04933396171765,-101.18952562862634,403.04933396171765,403.04933396171765,164.63704989660124,483.1926179175782,483.1926179175782,201.65363004677184,486.59893195545936,486.59893195545936
2026-04-24,710.75,713.9400024414062,18.709999084472656,16.709999084472656,86.11010203704532,56.1167459636664,139.17908394792738,139.17908394792738,128.62552986900724,139.17908394792738,139.17908394792738,128.62552986900724,202.02557905022837,202.02557905022837,363.4987219412028,203.93039621568718,203.93039621568718,386.66770312460767
2026-04-27,713.1699829101562,715.1699829101562,18.020000457763672,16.690000534057617,84.04805786709781,-206.20441699475123,46.06665348461403,46.06665348461403,173.4078571410732,46.06665348461403,46.06665348461403,173.4078571410732,130.01085662156075,130.01085662156075,328.6915988200425,133.79687962419595,133.79687962419595,339.5052357531408
2026-04-28,711.8200073242188,711.6900024414062,17.829999923706055,16.690000534057617,81.43938724336329,-260.86706237345254,373.00564362463035,373.00564362463035,-131.42773024599546,373.00564362463035,373.00564362463035,-131.42773024599546,442.06942953263354,442.06942953263354,65.21753503058426,444.51843897434463,444.51843897434463,81.86765204576217
2026-04-29,711.0,711.5800170898438,18.809999465942383,17.610000610351562,84.2537180054835,281.4330762120221,394.63190004635635,394.63190004635635,-115.59660934302605,394.63190004635635,394.63190004635635,-115.59660934302605,471.2671296750258,471.2671296750258,121.24133691275975,474.43767394557256,474.43767394557256,147.95708926084126
2026-04-30,714.6300048828125,718.6599731445312,16.889999389648438,14.369999885559082,82.13966305463796,-211.40549508455422,-300.01486736311847,-300.01486736311847,453.60729390455384,-300.01486736311847,-300.01486736311847,453.60729390455384,-223.1138856328105,-223.1138856328105,540.1380474514277,-220.94532256541817,-220.94532256541817,542.4669568733135
2026-05-01,721.25,720.6500244140625,16.989999771118164,14.149999618530272,83.42996899813917,129.03059435012096,419.5298593462812,419.5298593462812,-213.73028737970262,419.5298593462812,419.5298593462812,-213.73028737970262,455.92274803399107,455.92274803399107,-29.086079545225573,456.38541320323725,456.38541320323725,-19.608132278101586
2026-05-04,720.0700073242188,718.010009765625,18.290000915527344,16.600000381469727,85.08920954984904,165.92405517098712,334.58459737709234,334.58459737709234,-243.72222290671283,334.58459737709234,334.58459737709234,-243.72222290671283,397.41759855325876,397.41759855325876,-180.1591353068538,399.2784228419535,399.2784228419535,-151.09833784506145
2026-05-05,721.77001953125,723.77001953125,17.3799991607666,14.640000343322754,85.69508506153443,60.58755116853831,125.92595331867923,125.92595331867923,76.74385185675375,125.92595331867923,125.92595331867923,76.74385185675375,171.1566372225641,171.1566372225641,249.6347252232633,171.9704018198593,171.9704018198593,258.988620087886
2026-05-06,728.1599731445312,733.8300170898438,17.389999389648438,14.760000228881836,92.03128778212941,633.6202720594983,-297.58942079074563,125.11685462355649,125.11685462355649,-297.58942079074563,125.11685462355649,125.11685462355649,-499.00020327726156,171.85408085702045,171.85408085702045,-487.1921128329058,172.63424124670317,172.63424124670317
2026-05-07,735.0499877929688,731.5800170898438,17.079999923706055,14.5600004196167,89.58419736256766,-244.70904195617464,429.581645782809,-261.5584334999153,-261.5584334999153,429.581645782809,-261.5584334999153,-261.5584334999153,522.9708603617245,-175.41436420680168,-175.41436420680168,526.5003100565082,-172.75659960093392,-172.75659960093392
2026-05-08,734.9299926757812,737.6199951171875,17.190000534057617,14.210000038146973,93.8253274055556,424.1130042987933,-182.63680656000628,-182.63680656000628,341.8006912779855,-182.63680656000628,-182.63680656000628,341.8006912779855,-96.61204696032144,-96.61204696032144,425.4019548163128,-93.80394311427588,-93.80394311427588,427.7206398690795
2026-05-11,736.4500122070312,739.2999877929688,18.3799991607666,16.889999389648438,97.28345275895735,345.8125353401755,-277.5326418121889,511.38081023087557,511.38081023087557,-277.5326418121889,511.38081023087557,511.38081023087557,-116.43412026452894,608.0788980336771,608.0788980336771,-102.24357841240491,612.9003607508248,612.9003607508248
2026-05-12,736.8900146484375,738.1799926757812,17.989999771118164,16.34000015258789,95.4097380170267,-187.37147419306552,-155.82791726778532,382.1670996426267,382.1670996426267,-155.82791726778532,382.1670996426267,382.1670996426267,9.877403158867162,464.90343161356094,464.90343161356094,23.66078647810548,468.1988966692451,468.1988966692451
2026-05-13,738.469970703125,742.3099975585938,17.8700008392334,15.869999885559082,97.85903139729986,244.92933802731613,-287.2266019518857,302.77928062117456,302.77928062117456,-287.2266019518857,302.77928062117456,302.77928062117456,-307.61136024568435,365.02819574444436,365.02819574444436,-287.89734697217517,366.738133736833,366.738133736833
2026-05-14,743.6500244140625,748.1699829101562,17.260000228881836,15.140000343322754,100.7174436306541,285.8412233354244,-258.4720877915715,-258.4720877915715,451.3800053014627,-258.4720877915715,-258.4720877915715,451.3800053014627,-179.91660613125387,-179.91660613125387,580.5776882100552,-176.96366415113351,-176.96366415113351,587.1949195398636
2026-05-15,741.7899780273438,739.1699829101562,18.43000030517578,16.3700008392334,96.59687755127047,-412.0566079383636,465.9053369747685,465.9053369747685,-298.94119498881764,465.9053369747685,465.9053369747685,-298.94119498881764,539.9029814701089,539.9029814701089,-179.53555154699288,542.8168555641228,542.8168555641228,-160.9417828173733
2026-05-18,739.8300170898438,738.6500244140625,17.81999969482422,16.860000610351562,94.29651319891212,-230.03643523583435,-110.08380156947447,413.5338070811851,-238.46742899024883,-110.08380156947447,413.5338070811851,-238.46742899024883,163.6733035828188,486.6338187261715,-93.3698304515236,200.5036323038043,489.35471533600474,-57.07433466479197
2026-05-19,734.780029296875,733.72998046875,18.059999465942383,16.639999389648438,91.30770726078003,-298.88059381320886,232.01632524717937,232.01632524717937,-12.657760224689005,232.01632524717937,232.01632524717937,-12.657760224689005,349.57091904883544,349.57091904883544,109.31558127819824,357.2607990818121,357.2607990818121,116.67903627711657
2026-05-20,735.7100219726562,741.25,17.440000534057617,15.140000343322754,94.9756988127629,366.79915519828654,-384.45544903727654,444.59043404177294,444.59043404177294,-384.45544903727654,444.59043404177294,444.59043404177294,-392.7351150877035,526.9883929617511,526.9883929617511,-386.7765909977184,529.733482492145,529.733482492145
2026-05-21,738.6400146484375,742.719970703125,16.760000228881836,14.079999923706056,94.4998165644208,-47.58822483421028,-277.5925857948017,218.99176458182657,218.99176458182657,-277.5925857948017,218.99176458182657,218.99176458182657,-357.0880713144874,257.4580170809776,257.4580170809776,-345.2250193425443,257.93297120442975,257.93297120442975
2026-05-22,746.239990234375,745.6400146484375,16.700000762939453,14.06999969482422,96.44593507336376,194.6118508942959,63.648178023848054,104.60591604723123,104.60591604723123,63.648178023848054,104.60591604723123,104.60591604723123,181.28420946316498,166.89097481472606,166.89097481472606,186.29025913053655,168.2332765224161,168.2332765224161
2026-05-26,750.010009765625,750.5900268554688,17.010000228881836,14.84000015258789,100.24635403289093,380.0418959527178,-231.1387749090744,449.2673085116077,-178.556642563556,-29.55966706360622,496.9566346740981,72.63727092867444,-29.55966706360622,496.9566346740981,72.63727092867444,-4.139155938156078,497.86234750018906,94.90921228293095
2026-05-27,750.8800048828125,750.4600219726562,16.290000915527344,13.270000457763672,98.76476520956929,-148.1588823321644,426.6116087301181,426.6116087301181,-216.57648108977148,457.9094366153473,457.9094366153473,-22.575187026610543,457.9094366153473,457.9094366153473,-22.575187026610543,458.2167210748759,458.2167210748759,-12.921656147575275
2026-05-28,750.25,754.5999755859375,15.739999771118164,12.979999542236328,101.17857138181951,241.38061722502187,-207.29660169521938,0.7694665254792254,225.0761541081534,-419.4372353358489,27.435920587420505,440.78016971315833,-419.4372353358489,27.435920587420505,440.78016971315833,-403.8028154268313,27.629836026316813,451.8123609744899
2026-05-29,755.9000244140625,756.47998046875,15.31999969482422,12.59000015258789,102.06113944711075,88.25680652912382,-42.87437605068176,175.26936195028406,175.26936195028406,47.14208704533858,225.77751538664987,225.77751538664987,47.14208704533858,225.77751538664987,225.77751538664987,49.28652908569331,226.41033573823356,226.41033573823356
2026-06-01,755.3599853515625,758.5399780273438,16.049999237060547,13.760000228881836,104.39742062965124,233.6281182540489,-260.1246724799274,418.45194513327556,418.45194513327556,-165.85106833892277,492.930298627183,492.930298627183,-165.85106833892277,492.930298627183,492.930298627183,-162.59925016163905,494.76832381541425,494.76832381541425
2026-06-02,757.030029296875,759.5700073242188,15.770000457763672,13.1899995803833,104.77898965045313,38.15690208018907,-300.4262562566027,463.21586594453197,463.21586594453197,-170.70004039204107,507.1856947565005,507.1856947565005,-170.70004039204107,507.1856947565005,507.1856947565005,-165.69640734704745,507.7577356715937,507.7577356715937
2026-06-03,758.1500244140625,754.239990234375,16.059999465942383,13.40999984741211,100.51595569056327,-426.3033959889853,279.5922977950398,-86.45112332391884,-86.45112332391884,449.7000379802345,-48.948443229686966,-48.948443229686966,449.7000379802345,-48.948443229686966,-48.948443229686966,458.4533474325017,-48.52114818854283,-48.52114818854283
2026-06-04,752.0999755859375,757.0900268554688,15.399999618530272,12.649999618530272,101.91785246864302,140.18967780797453,-233.94202198413032,-233.94202198413032,395.8978654689623,-201.96568502163635,-201.96568502163635,535.8654597114515,-201.96568502163635,-201.96568502163635,535.8654597114515,-201.65996353840703,-201.65996353840703,540.2012098546481
2026-06-05,752.3099975585938,737.5499877929688,21.510000228881836,23.920000076293945,98.67378568945009,-324.40667791929343,-328.0064294630496,-328.0064294630496,-271.6704795105518,-364.37961823854795,-364.37961823854795,-979.5894285173063,-364.37961823854795,-364.37961823854795,-979.5894285173063,-327.6803643436074,-327.6803643436074,-1154.4835686835745
2026-06-08,743.3599853515625,739.219970703125,18.920000076293945,19.690000534057617,93.26257857633541,-541.1207113114671,545.4457530108992,545.4457530108992,-321.02269779269295,545.4457530108992,545.4457530108992,-321.02269779269295,689.5137379790425,689.5137379790425,-194.73159467874606,704.4959282356535,704.4959282356535,-167.13184950986354
2026-06-09,743.6300048828125,737.0499877929688,19.8700008392334,22.13999938964844,93.64954963037643,38.69710540410125,362.6319809919021,362.6319809919021,-305.79948491992013,362.6319809919021,362.6319809919021,-305.79948491992013,550.539891986931,550.539891986931,-366.6291033709524,579.0732760793217,579.0732760793217,-324.8241872854772
2026-06-10,733.3900146484375,725.4299926757812,22.219999313354492,25.670000076293945,92.0626697686898,-158.68798616866258,232.97137845175618,232.97137845175618,-278.1014644266197,232.97137845175618,232.97137845175618,-278.1014644266197,469.5404266239757,469.5404266239757,-450.4708726068673,518.8669065289005,518.8669065289005,-381.40110846468525
2026-06-11,728.760009765625,737.760009765625,19.440000534057617,20.65999984741211,92.773207031101,71.05372624111936,-272.49715790599845,-161.37599388230976,-161.37599388230976,-272.49715790599845,-161.37599388230976,-161.37599388230976,-773.729492005385,-28.342074350042544,-28.342074350042544,-720.5420897372412,-16.37800985418105,-16.37800985418105
2026-06-12,740.7100219726562,741.75,17.68000030517578,17.260000228881836,91.89331801255403,-87.98890185469617,383.40711704036283,383.40711704036283,-90.11261971291128,383.40711704036283,383.40711704036283,-90.11261971291128,464.35263651467585,464.35263651467585,161.45536961139865,467.96357883264477,467.96357883264477,192.81584992681357
2026-06-15,751.8499755859375,754.8300170898438,16.200000762939453,15.579999923706056,99.5293605876202,763.604257506617,54.88308527796908,54.88308527796908,180.82770517700712,121.04595345154203,121.04595345154203,373.06782890696206,121.04595345154203,121.04595345154203,373.06782890696206,123.23131772008871,123.23131772008871,388.4902451964397
2026-06-16,754.5499877929688,750.3300170898438,16.40999984741211,15.770000457763672,95.90966861812595,-361.9691969494255,560.7036254282227,560.7036254282227,-351.8295669206453,667.2639678744678,667.2639678744678,-231.5845749813436,667.2639678744678,667.2639678744678,-231.5845749813436,673.275058036227,673.275058036227,-224.85598087557543
2026-06-17,751.2899780273438,740.9600219726562,18.440000534057617,18.6299991607666,91.83834196485044,-407.13266532755057,-312.70920799866,-312.70920799866,-278.3836059312633,-202.80525510527244,-202.80525510527244,-930.572294317533,-202.80525510527244,-202.80525510527244,-930.572294317533,-195.00236118291357,-195.00236118291357,-892.826966946637
2026-06-18,747.760009765625,746.739990234375,16.399999618530273,13.93000030517578,92.65976528730833,82.14233224578891,13.150595545243052,177.95340426840195,177.95340426840195,13.150595545243052,177.95340426840195,177.95340426840195,174.64725963980428,222.1134401329282,222.1134401329282,183.2744533217344,222.75910118114365,222.75910118114365
2026-06-22,747.7000122070312,744.3900146484375,17.280000686645508,16.290000915527344,91.5120495242835,-114.77157630248342,249.40987999960632,-5.777273399828806,-5.777273399828806,249.40987999960632,-5.777273399828806,-5.777273399828806,442.4605874394586,71.11786263942673,71.11786263942673,461.0606387349406,73.99190429424081,73.99190429424081
2026-06-23,733.8099975585938,733.5800170898438,19.489999771118164,19.469999313354492,87.56529313140213,-394.6756392881369,264.98930694130854,264.98930694130854,23.756942822035732,264.98930694130854,264.98930694130854,23.756942822035732,407.9478139865733,407.9478139865733,210.1533288462729,422.40035187251385,422.40035187251385,232.45684918139736
2026-06-24,735.1699829101562,733.239990234375,18.6299991607666,18.06999969482422,85.36350324923472,-220.17898821674038,306.83111072689144,-52.95027500099574,-52.95027500099574,306.83111072689144,-52.95027500099574,-52.95027500099574,453.8424762764732,83.10441237474605,83.10441237474605,467.6206683573646,93.84191873560324,93.84191873560324
2026-06-25,738.9099731445312,734.2999877929688,18.88999938964844,17.920000076293945,86.41527136140503,105.17681121703077,296.7773862136886,1.9155501575464995,1.9155501575464995,296.7773862136886,1.9155501575464995,1.9155501575464995,548.4703586128007,93.15047192550868,93.15047192550868,584.5028245732291,97.81388584895011,97.81388584895011
2026-06-26,728.9500122070312,728.989990234375,18.40999984741211,16.799999237060547,81.61323480086402,-480.2036560541012,-170.99961406574016,444.1442737004255,444.1442737004255,-170.99961406574016,444.1442737004255,444.1442737004255,65.91641501717439,514.4138291752322,514.4138291752322,93.11259119429937,516.8026755107671,516.8026755107671
2026-06-29,736.530029296875,741.0,17.649999618530273,15.510000228881836,88.2839399423836,667.0705141519577,-354.25358316329067,456.18709013532487,456.18709013532487,-354.25358316329067,456.18709013532487,456.18709013532487,-310.6988779298126,531.4904545991368,531.4904545991368,-301.4249023466887,533.9337633821973,533.9337633821973
2026-06-30,741.2899780273438,746.77001953125,16.450000762939453,13.729999542236328,90.92543112423564,264.14911818520466,-192.89042642822736,-192.89042642822736,396.59861057141757,-192.89042642822736,-192.89042642822736,396.59861057141757,-156.69504535642932,-156.69504535642932,579.0580640933453,-156.24013872380263,-156.24013872380263,588.2493475042162
2026-07-01,745.0,745.760009765625,16.59000015258789,13.140000343322754,90.12923430962893,-79.61968146067164,-4.58983348184889,-4.58983348184889,141.70462752643863,-4.58983348184889,-4.58983348184889,141.70462752643863,70.8054928390309,70.8054928390309,211.8418654387053,72.55343870085154,72.55343870085154,213.16040051028605
2026-07-02,747.4000244140625,744.780029296875,16.149999618530273,12.369999885559082,88.58160271518263,-154.7631594446301,194.60527975041654,-47.746026456063206,-47.746026456063206,194.60527975041654,-47.746026456063206,-47.746026456063206,320.6671706226197,-17.867763123752866,-17.867763123752866,324.200945029707,-17.669322458712532,-17.669322458712532
2026-07-06,748.739990234375,751.280029296875,15.56999969482422,12.31999969482422,92.86346495642556,428.18622412429335,-264.9681793646906,320.1872181674936,320.1872181674936,-264.9681793646906,320.1872181674936,320.1872181674936,-219.91844144229287,342.1908351825878,342.1908351825878,-213.51965687255083,342.29193539512266,342.29193539512266
2026-07-07,750.219970703125,747.7100219726562,16.1299991607666,13.420000076293944,90.26292486981474,-260.05400866108204,16.316854596124642,243.62668345329757,-236.93746518791647,268.53862840103733,274.75019143834413,-242.63840283451705,268.53862840103733,274.75019143834413,-242.63840283451705,286.4858661424289,275.04434414335867,-229.4617768836309
2026-07-08,743.1599731445312,745.4000244140625,16.899999618530273,14.40999984741211,89.1397793499996,-112.31455198151394,-6.344745427912477,-6.344745427912477,186.7202974713577,-6.344745427912477,-6.344745427912477,186.7202974713577,55.26749420588366,55.26749420588366,318.28309489898857,56.88743408287136,56.88743408287136,324.14982132802606
2026-07-09,747.3499755859375,751.7100219726562,15.84000015258789,12.5,93.10531626603998,396.5536916040378,-329.8680963226037,307.6250231781337,307.6250231781337,-329.8680963226037,307.6250231781337,307.6250231781337,-374.4014186613781,339.20071941716026,339.20071941716026,-370.6942325146134,339.4318418873118,339.4318418873118
2026-07-10,752.0499877929688,754.9500122070312,15.029999732971191,11.149999618530272,95.11994891493477,201.46326488947892,-59.938751209333965,-59.938751209333965,188.7323702904167,-41.7156115330225,-41.7156115330225,306.5166421282704,-41.7156115330225,-41.7156115330225,306.5166421282704,-41.65510727435999,-41.65510727435999,308.3123659438443
2026-07-13,752.469970703125,749.1699829101562,17.15999984741211,15.130000114440918,91.79132095737043,-332.8627957564336,454.73866824806487,454.73866824806487,-324.4734745620689,520.4786554927032,520.4786554927032,-241.81591617265053,520.4786554927032,520.4786554927032,-241.81591617265053,522.5711387897586,522.5711387897586,-230.98782404497965
2026-07-14,750.9099731445312,751.8300170898438,16.5,13.460000038146973,93.17654182995656,138.52208725861317,294.8651033373771,294.8651033373771,-81.72213593014439,328.3159598391548,328.3159598391548,113.91764246824624,328.3159598391548,328.3159598391548,113.91764246824624,328.6833625200754,328.6833625200754,124.20582564330579
2026-07-15,754.239990234375,754.8099975585938,15.670000076293944,12.0600004196167,94.89245095357035,171.5909123613784,48.104192064882035,48.104192064882035,67.89098036932486,98.25059502845254,98.25059502845254,140.74486047689047,98.25059502845254,98.25059502845254,140.74486047689047,98.8621831534135,98.8621831534135,141.78125033631204
2026-07-16,752.760009765625,750.719970703125,16.729999542236328,13.979999542236328,92.16351522231125,-272.89357312590994,447.72489452987253,447.72489452987253,-267.24297359044306,501.3540885613165,501.3540885613165,-127.71712972001535,501.3540885613165,501.3540885613165,-127.71712972001535,502.52503702768485,502.52503702768485,-121.53173283959015
2026-07-17,742.0800170898438,743.2899780273438,18.770000457763672,16.850000381469727,88.45671370971795,-370.68015125933016,232.54836929594197,232.54836929594197,22.581314664747488,232.54836929594197,232.54836929594197,22.581314664747488,316.2571511952454,316.2571511952454,222.25414490783137,320.225726786843,320.225726786843,241.71095170935962
2026-07-20,747.0599975585938,742.0900268554688,18.649999618530273,16.784999656677247,86.76948115181723,-168.7232557900714,461.9639394814866,-217.6605137998447,-217.6605137998447,461.9639394814866,-217.6605137998447,-217.6605137998447,642.13697724594,-126.80083059547675,-126.80083059547675,659.7788079647761,-122.50841410338344,-122.50841410338344
2026-07-21,746.2899780273438,748.280029296875,17.049999237060547,15.344999313354492,89.65154286249177,288.20617106745345,-189.8743500145017,390.1250937109406,390.1250937109406,-189.8743500145017,390.1250937109406,390.1250937109406,-52.24787121171135,469.3482242391357,469.3482242391357,-43.5905532971516,472.0735042484453,472.0735042484453
2026-07-22,746.6199951171875,747.4099731445312,16.639999389648438,14.975999450683593,88.3224890264126,-132.90538360791686,-94.01429392963979,289.1924088439655,289.1924088439655,-94.01429392963979,289.1924088439655,289.1924088439655,47.36554081214928,358.6857637628216,358.6857637628216,55.84260440936928,360.6629762679787,360.6629762679787
2026-07-23,739.3699951171875,738.1799926757812,18.700000762939453,16.83000068664551,83.22647579459246,-509.60132318201374,-77.12469216501205,366.6780825486153,366.6780825486153,-77.12469216501205,366.6780825486153,366.6780825486153,178.59035944169824,439.6914752435127,439.6914752435127,210.96752233403197,442.3653881875002,442.3653881875002
2026-07-24,738.510009765625,738.9299926757812,18.700000762939453,16.83000068664551,83.60149836642749,37.50225718350322,-178.75257434100283,446.30115137003406,446.30115137003406,-178.75257434100283,446.30115137003406,446.30115137003406,45.67495970561717,522.3412581201501,522.3412581201501,71.22528564202887,525.2292306562472,525.2292306562472
2026-07-27,744.9099731445312,739.0900268554688,18.670000076293945,16.803000068664552,110.15841475432546,2653.0916387897973,522.0329124635128,522.0329124635128,-384.1789266869836,522.0329124635128,522.0329124635128,-384.1789266869836,648.0946724492942,648.0946724492942,-350.0019972420285,657.2989036422821,657.2989036422821,-341.8495390099855
